{
    "KS_statistic": 0.0450471667255433,
    "p_value": 0.3717074850026569
}