{
    "KS_statistic": 0.03284017236809582,
    "p_value": 0.7667661313129982
}