{
    "KS_statistic": 0.09203082325399922,
    "p_value": 0.3368728257981683
}