{
    "KS_statistic": 0.22405002375702052,
    "p_value": 8.805174044587577e-18
}