{
    "KS_statistic": 0.18840840145709725,
    "p_value": 1.1169171585744183e-12
}