{
    "KS_statistic": 0.05290014979466517,
    "p_value": 0.20526790544313125
}