{
    "observed_skl": 0.40649143737655896,
    "p_value": 0.013986013986013986,
    "optimal_k": 8,
    "k_candidates": [
        8,
        9,
        10,
        11,
        12,
        13,
        14,
        15,
        16,
        17,
        18,
        20,
        22,
        23,
        25,
        27,
        29,
        32,
        34
    ],
    "#class1": 511,
    "#class2": 665
}