{
    "observed_skl": 0.19488676685803188,
    "p_value": 0.6183816183816184,
    "optimal_k": 11,
    "k_candidates": [
        8,
        9,
        10,
        11,
        12,
        13,
        14,
        15,
        16
    ],
    "#class1": 126,
    "#class2": 159
}