{
    "KS_statistic": 0.04112111292962357,
    "p_value": 0.8794343677763553
}