{
    "KS_statistic": 0.13028846153846155,
    "p_value": 0.06265411813948277
}