{
    "KS_statistic": 0.07258382642998028,
    "p_value": 0.2335130263002522
}