{
    "KS_statistic": 0.05960358659745163,
    "p_value": 0.4526478690221805
}