{
    "KS_statistic": 0.19763875365141187,
    "p_value": 3.332705119837743e-07
}