test,null_is_true,mean,min,max,25th_percentile,50th_percentile,75th_percentile
test1,0,0.9653059895833335,0.28,1.0,0.96,0.96,0.98
test1,1,0.9656157407407407,0.82,1.0,0.96,0.96,0.98
test2,0,0.9514921875,0.8,1.0,0.94,0.96,0.98
test2,1,0.9509953703703704,0.8,1.0,0.94,0.96,0.98
test3,0,0.8751041666666667,0.22,1.0,0.82,0.92,0.96
test3,1,0.882013888888889,0.28,1.0,0.84,0.92,0.96
test4,0,0.9000611979166667,0.3,1.0,0.86,0.92,0.96
test4,1,0.9050856481481482,0.44,1.0,0.88,0.92,0.96
