{
    "KS_statistic": 0.04553126349256192,
    "p_value": 0.35886058270583976
}