{
    "KS_statistic": 0.06057692307692308,
    "p_value": 0.8354231816444571
}