{
    "KS_statistic": 0.22524396632594632,
    "p_value": 5.733108451869265e-18
}