{
    "KS_statistic": 0.06562962680358214,
    "p_value": 0.0588339242165852
}