{
    "KS_statistic": 0.07759461568474443,
    "p_value": 0.5477649126289548
}