{
    "KS_statistic": 0.2603456669912366,
    "p_value": 3.23866806122181e-12
}