{
    "observed_skl": 0.18522104511933338,
    "p_value": 0.5144855144855145,
    "optimal_k": 12,
    "k_candidates": [
        8,
        9,
        10,
        11,
        12,
        13,
        14,
        15,
        16
    ],
    "#class1": 126,
    "#class2": 159
}