{
    "KS_statistic": 0.1699173825282824,
    "p_value": 1.553930726472656e-05
}