{
    "KS_statistic": 0.04800576545669505,
    "p_value": 0.30484613415328937
}