{
    "KS_statistic": 0.1425087787748732,
    "p_value": 0.030007782359386788
}