{
    "KS_statistic": 0.13440317745453698,
    "p_value": 7.911413310457714e-07
}