{
    "KS_statistic": 0.053716375648890986,
    "p_value": 0.5853998359211418
}