{
    "KS_statistic": 0.02849192953993362,
    "p_value": 0.8862407450803866
}