{
    "KS_statistic": 0.213532973526151,
    "p_value": 3.51091060920086e-16
}