{
    "observed_skl": 0.1706803523897312,
    "p_value": 0.8741258741258742,
    "optimal_k": 11,
    "k_candidates": [
        8,
        9,
        10,
        11,
        12,
        13,
        14,
        15,
        16,
        17,
        18,
        19,
        20,
        21,
        23,
        24
    ],
    "#class1": 246,
    "#class2": 332
}