{
    "KS_statistic": 0.07062036675770582,
    "p_value": 0.6645610608228867
}