{
    "KS_statistic": 0.05053261979850682,
    "p_value": 0.24978094028758996
}