{
    "observed_skl": 0.19134513614206994,
    "p_value": 0.1258741258741259,
    "optimal_k": 15,
    "k_candidates": [
        8,
        9,
        10,
        11,
        12,
        13,
        14,
        15,
        16,
        17,
        18,
        19,
        20,
        21,
        23,
        24
    ],
    "#class1": 253,
    "#class2": 331
}