{
    "KS_statistic": 0.06545064377682404,
    "p_value": 0.7506642393294441
}