{
    "KS_statistic": 0.17406359734685914,
    "p_value": 0.0038922281643033554
}