{
    "KS_statistic": 0.06923076923076923,
    "p_value": 0.6992737594504947
}