{
    "KS_statistic": 0.13780238002341005,
    "p_value": 0.03925298025713669
}