{
    "KS_statistic": 0.11505072181037847,
    "p_value": 0.12745527826906763
}