{
    "KS_statistic": 0.04230769230769231,
    "p_value": 0.9905807915005358
}