{
    "observed_skl": 0.28689070081279927,
    "p_value": 0.32167832167832167,
    "optimal_k": 9,
    "k_candidates": [
        8,
        9,
        10,
        11,
        12,
        13,
        14,
        15,
        16,
        17,
        18,
        19,
        20,
        21,
        23,
        24
    ],
    "#class1": 254,
    "#class2": 326
}