{
    "KS_statistic": 0.049281923128922385,
    "p_value": 0.26934997861514726
}