{
    "KS_statistic": 0.062399943652960935,
    "p_value": 0.08232833264714662
}