{
    "KS_statistic": 0.11471389006243252,
    "p_value": 0.009219458293108124
}