{
    "color": 2,
    "n_samples": 448,
    "observed_kl": 0.23156119168537742,
    "p_value": 0.6483516483516484,
    "optimal_k_marginal": 8,
    "optimal_k_joint": 8,
    "k_candidates_marginal": [
        8,
        9,
        11,
        13,
        15,
        17,
        20,
        24,
        27,
        32,
        37,
        44,
        51,
        59,
        69,
        81,
        94,
        110,
        129,
        150
    ],
    "k_candidates_joint": [
        8,
        9,
        10,
        11,
        12,
        13,
        14,
        15,
        16,
        17,
        18,
        19,
        20,
        21
    ]
}