{
    "KS_statistic": 0.2243427458617332,
    "p_value": 3.645537865537421e-09
}