{
    "KS_statistic": 0.0319547478553641,
    "p_value": 0.7883303006752332
}