test,null_is_true,mean,min,max,25th_percentile,50th_percentile,75th_percentile
test1,0,0.967637867647059,0.8,1.0,0.96,0.98,0.98
test1,1,0.9674019607843136,0.84,1.0,0.96,0.98,0.98
test2,0,0.9507490808823529,0.8,1.0,0.94,0.96,0.98
test2,1,0.9511655773420479,0.82,1.0,0.94,0.96,0.98
test3,0,0.7665885416666667,0.0,1.0,0.68,0.9,0.96
test3,1,0.7856508714596949,0.0,1.0,0.72,0.92,0.96
test4,0,0.8079427083333334,0.0,1.0,0.78,0.9,0.96
test4,1,0.8228186274509804,0.0,1.0,0.8,0.92,0.96
