{
    "KS_statistic": 0.06599960323364579,
    "p_value": 0.34566612814319203
}