{
    "KS_statistic": 0.11384546777449185,
    "p_value": 0.009993053583566319
}