{
    "observed_skl": 0.23528860879981245,
    "p_value": 0.7832167832167832,
    "optimal_k": 9,
    "k_candidates": [
        8,
        9,
        10,
        11,
        12,
        13,
        14,
        15,
        16,
        17,
        18,
        19,
        20,
        21,
        23,
        24
    ],
    "#class1": 246,
    "#class2": 332
}