{
    "KS_statistic": 0.10156554818571986,
    "p_value": 0.2313535596302558
}