{
    "KS_statistic": 0.26947419668938655,
    "p_value": 4.583010314057139e-13
}