{
    "KS_statistic": 0.05998611867214681,
    "p_value": 0.10467952526571855
}