{
    "KS_statistic": 0.04244787237290279,
    "p_value": 0.44542399333447524
}