{
    "KS_statistic": 0.06447522434646898,
    "p_value": 0.7665448878628286
}