{
    "observed_skl": 0.2534275853268212,
    "p_value": 0.10789210789210789,
    "optimal_k": 13,
    "k_candidates": [
        8,
        9,
        10,
        11,
        12,
        13,
        14,
        15,
        16
    ],
    "#class1": 126,
    "#class2": 159
}