{
    "KS_statistic": 0.09775147928994082,
    "p_value": 0.04183973744279869
}