{
    "KS_statistic": 0.07540420572335466,
    "p_value": 0.20513699168106153
}