{
    "KS_statistic": 0.03415526191599811,
    "p_value": 0.9652557716795009
}