{
    "KS_statistic": 0.03524067956583294,
    "p_value": 0.9547928398625224
}