{
    "KS_statistic": 0.26845180136319374,
    "p_value": 5.739383335946154e-13
}