{
    "KS_statistic": 0.09854043392504931,
    "p_value": 0.03931993224860708
}