{
    "KS_statistic": 0.11019574707787635,
    "p_value": 0.013927673527994629
}