{
    "KS_statistic": 0.07429004931833288,
    "p_value": 0.021982014480666688
}