{
    "KS_statistic": 0.04710059171597633,
    "p_value": 0.7490674536267891
}