{
    "KS_statistic": 0.24209013048086647,
    "p_value": 1.0339386779106278e-20
}