{
    "KS_statistic": 0.16670187297563724,
    "p_value": 2.412314403219122e-05
}