{
    "KS_statistic": 0.07857330470982009,
    "p_value": 0.012916495985395524
}