{
    "KS_statistic": 0.03729976503381548,
    "p_value": 0.6185683326463277
}