{
    "observed_skl": 0.32685184292349767,
    "p_value": 0.4925074925074925,
    "optimal_k": 8,
    "k_candidates": [
        8,
        9,
        10,
        11,
        12,
        13,
        14,
        15,
        16
    ],
    "#class1": 126,
    "#class2": 159
}