{
    "KS_statistic": 0.07818540433925049,
    "p_value": 0.16648057148046236
}