{
    "KS_statistic": 0.038082279005464625,
    "p_value": 0.5844297921091138
}