{
    "KS_statistic": 0.06971153846153846,
    "p_value": 0.6912510646989415
}