{
    "KS_statistic": 0.09851736246586032,
    "p_value": 0.26193525486644126
}