{
    "KS_statistic": 0.17975079494645532,
    "p_value": 1.4181612401902583e-11
}