{
    "KS_statistic": 0.04820711203689927,
    "p_value": 0.7324623994348871
}