{
    "KS_statistic": 0.2183300876338851,
    "p_value": 1.0607087943343144e-08
}