{
    "KS_statistic": 0.22495157222743387,
    "p_value": 6.373686738487103e-18
}