flow1,flow2,edge1,edge2
1.0,0.2272727272727272,"5492,12390","5492,25662"
1.0,0.0792682926829267,"1136,12392","605,1136"
1.0,-0.1469816272965879,"9680,10508","2219,10508"
1.0,0.17,"4229,9679","4229,19410"
1.0,-0.7372881355932204,"3768,6072","3768,11953"
1.0,0.0392405063291139,"249,12381","249,16001"
-1.0,-0.4137931034482758,"9367,9691","8053,9691"
1.0,0.28125,"3700,12371","800,3700"
1.0,0.0251123789764868,"3419,12420","1065,3419"
-1.0,-1.0,"2616,14929","2616,11511"
1.0,0.7297297297297297,"9188,9662","8403,9188"
-1.0,-0.0581395348837209,"8471,12434","1452,12434"
1.0,0.0155132788559754,"4307,9657","1795,4307"
1.0,0.3125,"6168,9674","6168,13710"
1.0,-0.6363636363636364,"12407,17886","6346,17886"
1.0,-0.2,"6110,16863","6210,16863"
1.0,0.0330882352941176,"432,12411","432,18931"
1.0,0.108695652173913,"6124,7086","7086,26222"
1.0,0.5238095238095238,"12372,12437","7960,12437"
1.0,0.1184210526315789,"713,1680","713,3788"
1.0,0.0749185667752443,"2090,12327","2090,6486"
-1.0,-0.1111111111111111,"7692,9740","3239,9740"
1.0,0.0052810260279139,"232,6032","232,2903"
1.0,-0.0100187852222917,"6034,15959","372,15959"
1.0,-0.0119658119658119,"3159,6036","411,3159"
1.0,0.3333333333333333,"8743,12309","8743,20432"
1.0,1.0,"4425,9758","4425,16162"
1.0,0.0965781749641313,"623,12318","623,636"
-1.0,-0.3508771929824561,"1291,9732","6048,9732"
1.0,0.0915492957746478,"2248,6056","2248,22199"
1.0,0.2925,"9716,9870","2161,9870"
1.0,-0.2421652421652421,"6396,9710","2163,6396"
-1.0,-0.012800620636152,"9708,11063","175,9708"
-1.0,-0.0155642023346303,"9529,12363","1072,12363"
1.0,-0.6105006105006104,"1332,12365","1332,2823"
1.0,0.0846560846560846,"3109,9705","3109,20195"
-1.0,-0.1746987951807229,"2670,14972","2110,2670"
1.0,0.34375,"9730,12497","12497,24951"
-1.0,-0.0385818561001042,"7446,9727","171,9727"
1.0,-0.0189189189189189,"438,12341","438,759"
-1.0,-0.1036585365853658,"12441,24888","3627,12441"
1.0,-0.0637254901960784,"12531,22545","1905,22545"
1.0,-0.0,"4860,9582","4135,4860"
1.0,-0.043046357615894,"6616,9580","5006,6616"
1.0,-0.0549768518518518,"8629,12535","5733,8629"
-1.0,-0.6222222222222222,"11392,12538","4759,12538"
1.0,0.0655737704918032,"1368,12539","1368,14898"
1.0,-1.0,"9792,12542","9792,14088"
1.0,-0.280982905982906,"1542,12512","1542,1998"
1.0,-0.8288288288288288,"2499,4300","4300,11540"
1.0,0.0413111809609339,"3757,9592","2528,3757"
1.0,0.0942028985507246,"2493,4591","4591,22452"
1.0,0.1649484536082474,"3739,12517","3386,3739"
1.0,0.1455938697318007,"1434,12520","1434,2887"
-1.0,-0.3068592057761732,"4530,6229","1071,6229"
1.0,0.0677966101694915,"4945,12525","4945,23556"
1.0,-0.0072747621712367,"912,6231","226,912"
1.0,0.48,"9549,9736","9736,22675"
1.0,0.0125758889852558,"921,6280","921,2463"
1.0,0.0,"6289,10739","9655,10739"
-1.0,-0.7297297297297297,"7056,12567","2298,12567"
-1.0,-0.6578947368421053,"3261,6300","5345,6300"
1.0,1.0,"220,6275","220,14123"
1.0,0.2553191489361702,"9182,12551","9182,12384"
1.0,-0.0639658848614072,"751,12553","751,1113"
1.0,-0.0638297872340425,"9558,21032","3194,21032"
-1.0,-1.0,"6218,6219","6219,6552"
1.0,-0.0544554455445544,"10376,12465","2327,10376"
1.0,0.1476702508960573,"1104,6176","1104,3220"
1.0,-1.0,"6178,14261","9369,14261"
1.0,0.1277777777777777,"860,9638","860,14949"
1.0,-0.15625,"6164,8734","6404,8734"
-1.0,-0.0005799946462032,"454,6217","1,6217"
1.0,-0.1132531239838342,"2016,9649","1805,2016"
1.0,-0.1388888888888889,"12444,24892","4904,24892"
1.0,0.0372807017543859,"845,12449","845,19671"
1.0,0.2325581395348837,"7242,9648","7242,26886"
1.0,-0.5,"6151,14212","7732,14212"
-1.0,-0.0617283950617283,"12459,24912","4585,12459"
1.0,0.2962962962962963,"1502,12461","1502,15873"
1.0,0.5238095238095238,"6161,12151","12151,13271"
1.0,-0.3103448275862069,"10111,12484","7538,10111"
1.0,-0.3658536585365853,"4879,12485","4879,8330"
1.0,-1.0,"9611,13243","7745,13243"
-1.0,-0.2086776859504132,"506,9598","1052,9598"
1.0,-0.1052083333333333,"1478,12508","809,1478"
1.0,0.6857142857142857,"2542,9445","5451,9445"
-1.0,-0.1172839506172839,"9631,19484","1693,9631"
1.0,0.4,"9316,9622","9316,12603"
1.0,0.2407407407407407,"4948,6194","4948,21961"
-1.0,-0.1886792452830188,"9238,12494","4587,12494"
-1.0,-0.0701530612244897,"3014,8853","345,3014"
1.0,0.0399274047186932,"649,3011","649,17638"
1.0,0.1287128712871287,"5617,12136","520,5617"
-1.0,-0.0250156347717323,"12142,14387","1842,12142"
1.0,-0.1518987341772152,"592,12144","592,1768"
1.0,1.0,"9932,13116","13116,13117"
1.0,0.375,"4785,9927","4785,16465"
-1.0,-0.0041336548398208,"5810,17399","51,5810"
1.0,0.3018867924528302,"3027,12119","3027,15924"
-1.0,-0.029940119760479,"3663,12122","890,12122"
1.0,-1.0,"11565,12123","9869,11565"
1.0,0.0399239543726235,"851,12173","851,18078"
1.0,0.5233333333333333,"577,2955","577,747"
1.0,0.4545454545454545,"9893,11242","6000,11242"
-1.0,-0.0566037735849056,"5837,17433","1698,5837"
1.0,0.1971830985915492,"6103,9922","3604,6103"
1.0,0.0166666666666666,"777,2982","777,20518"
1.0,-0.5633484162895928,"9909,14132","279,14132"
1.0,-0.4782608695652174,"5835,13793","10602,13793"
1.0,0.1328125,"5797,6440","6440,19598"
-1.0,-0.0165289256198347,"3102,15233","96,3102"
1.0,0.1071428571428571,"3099,3100","3099,4156"
1.0,0.0238095238095238,"1777,9988","1777,21770"
-1.0,-0.0666666666666666,"12079,24466","3696,12079"
1.0,-0.52,"12063,22390","10363,22390"
1.0,-1.0,"1600,10005","1600,4049"
-1.0,-0.0431654676258992,"5741,17332","3187,5741"
1.0,0.7222222222222222,"4985,10002","4985,16636"
1.0,-0.2975206611570248,"8532,12052","3645,8532"
1.0,-0.1244444444444444,"1524,12056","817,1524"
1.0,-0.269330565646082,"6644,12060","5373,6644"
1.0,-0.22,"12080,24467","7952,24467"
1.0,-0.2075471698113207,"4064,12098","4064,4413"
1.0,0.6153846153846154,"8184,9965","8184,19814"
-1.0,-0.2659574468085106,"3058,15212","3058,5213"
1.0,-0.0481690332223656,"1186,12102","1186,6035"
-1.0,-0.4878048780487805,"12112,13230","6360,12112"
1.0,0.124223602484472,"2625,12114","2625,18392"
1.0,-0.42,"3050,3585","3585,4531"
1.0,0.0206489675516224,"648,3067","648,15604"
1.0,0.0297297297297297,"682,5770","682,4272"
1.0,-0.3928571428571428,"6129,9974","6129,7828"
1.0,-1.0,"11654,12089","9304,11654"
1.0,-0.0374771480804387,"6021,12091","319,6021"
1.0,0.3055555555555556,"3074,6395","5408,6395"
-1.0,-0.0749185667752443,"960,9970","527,9970"
1.0,0.2280701754385964,"6763,12186","6763,22187"
1.0,-0.268515884305358,"467,9817","467,6911"
-1.0,-0.1176470588235294,"2797,8476","2797,4572"
1.0,-0.0422077922077922,"12265,22477","5406,22477"
-1.0,-0.4794520547945205,"2792,3895","2792,3651"
1.0,-0.4621893178212585,"4016,9813","3161,4016"
1.0,0.1733333333333333,"5923,5960","5923,22578"
-1.0,-0.0120481927710843,"12273,24691","1337,12273"
1.0,-0.0330578512396694,"5962,11688","1105,11688"
1.0,0.3188405797101449,"2787,4703","4703,17663"
1.0,-0.4333333333333333,"3487,9811","3487,8109"
1.0,-0.3835616438356164,"5933,16458","4777,16458"
1.0,0.8929889298892989,"3962,9823","2243,3962"
1.0,0.2470049330514446,"5701,12249","652,5701"
-1.0,-0.1363636363636363,"5952,17532","970,5952"
1.0,0.1263157894736842,"4180,12299","4180,22630"
1.0,-0.0609726295210166,"10,9768","10,470"
1.0,0.1168197312259759,"130,12289","123,130"
1.0,0.0238191360516754,"80,12276","80,14019"
1.0,-0.4,"12277,24701","8760,24701"
1.0,1.0,"5976,6738","6738,12568"
1.0,-0.0568720379146919,"9793,21676","5245,21676"
1.0,0.9527220630372492,"2726,2832","2144,2726"
1.0,-1.0,"2576,12205","2576,9294"
-1.0,-0.0909090909090909,"5883,17476","5087,5883"
1.0,-0.4,"7614,12206","7387,7614"
1.0,0.4814814814814814,"5885,9440","9440,19453"
1.0,-0.0686070686070686,"9283,12208","265,9283"
1.0,0.4864864864864865,"7007,9862","7007,9643"
1.0,-0.099236641221374,"2836,9303","2292,9303"
1.0,0.5121951219512195,"6369,12189","6369,7424"
1.0,-0.0,"5911,9885","3669,5911"
1.0,0.1231527093596059,"2842,5863","2842,9501"
1.0,0.2139694041867955,"3396,12195","1510,3396"
-1.0,-0.1860465116279069,"5873,8104","2490,5873"
1.0,0.5,"8815,9846","8815,10721"
1.0,0.3823529411764705,"5917,6375","6375,22054"
1.0,0.2857142857142857,"7149,12240","1325,7149"
1.0,-0.4516129032258064,"12241,13737","8008,13737"
1.0,-1.0,"2840,3097","3097,7735"
1.0,-0.2756410256410256,"3387,12245","3387,5737"
-1.0,-1.0,"2859,15093","2859,13972"
1.0,-0.1678832116788321,"957,12219","957,2989"
1.0,-0.0375586854460093,"7360,12223","1385,7360"
-1.0,-0.4285714285714285,"6887,12231","7475,12231"
1.0,-0.0461711711711711,"4577,12230","2983,4577"
1.0,0.4953070528291767,"10920,12571","4633,10920"
-1.0,-0.2857142857142857,"6306,7531","6306,8816"
1.0,0.1690140845070422,"5950,12899","5950,6922"
1.0,0.1978021978021978,"7526,12901","7526,19094"
1.0,-0.7706422018348624,"1580,6700","1580,9904"
1.0,0.5,"10156,12877","5328,10156"
1.0,-0.0721365638766519,"4340,12878","1410,4340"
-1.0,-0.4782608695652174,"1966,2510","1966,10941"
-1.0,-0.0934579439252336,"12887,14535","2315,12887"
1.0,0.1176470588235294,"4644,12890","4644,6248"
1.0,-1.0,"9204,20961","10694,20961"
-1.0,-0.0096153846153846,"12926,25504","313,12926"
1.0,-0.0541310541310541,"8158,12927","1700,8158"
1.0,-0.0272108843537414,"6144,9194","1498,6144"
-1.0,-0.0142857142857142,"12935,19431","1358,12935"
1.0,0.0726872246696035,"555,9193","555,15787"
1.0,1.0,"9192,10337","9534,10337"
1.0,0.3225806451612903,"9201,11704","2101,11704"
1.0,-0.238095238095238,"1722,1923","1722,7253"
1.0,-0.9035087719298246,"4830,12915","4830,7718"
1.0,1.0,"6733,13457","13457,19107"
1.0,-0.0497430626927029,"2189,6734","1536,2189"
-1.0,-0.0245810055865921,"9212,16012","42,9212"
1.0,0.0384343255672916,"3978,6740","1131,3978"
1.0,0.2325581395348837,"5816,12826","5816,10369"
1.0,0.3428571428571428,"11211,12828","11211,23429"
-1.0,-0.123076923076923,"9305,12488","8642,9305"
-1.0,-0.2075471698113207,"9052,9302","6104,9302"
1.0,0.2266666666666666,"10309,12835","2125,10309"
1.0,0.2653061224489796,"7249,9311","7249,22534"
1.0,-0.1265822784810126,"12811,23159","2772,23159"
1.0,-0.3555555555555555,"4969,9321","4517,4969"
-1.0,-0.3703703703703703,"1717,12812","6576,12812"
-1.0,-1.0,"12813,25358","6583,12813"
1.0,0.1527777777777778,"4057,12823","4057,17550"
1.0,0.6029411764705882,"3056,12839","3056,15209"
1.0,0.4482758620689655,"8175,12840","4402,8175"
1.0,0.120439780109945,"6682,6864","5831,6864"
1.0,0.3018867924528302,"4794,9277","4794,19808"
1.0,0.1181818181818181,"3815,6684","3815,21931"
1.0,0.21875,"1849,9296","632,1849"
1.0,0.4923907707412862,"2149,12846","461,2149"
1.0,-0.1893491124260355,"1522,9293","1522,3087"
1.0,-0.6,"2419,9288","2419,4828"
1.0,0.0,"3511,12852","1354,3511"
1.0,0.1612903225806451,"5713,6848","5713,25575"
1.0,0.1288343558282208,"665,13021","665,12229"
-1.0,-0.0165413533834586,"917,9107","334,9107"
1.0,-0.1135135135135135,"1364,13022","720,1364"
1.0,-0.0110782865583456,"13025,13434","13,13434"
1.0,0.1904761904761904,"2252,9100","2252,20169"
1.0,0.3846203658734013,"2822,13028","242,2822"
1.0,-0.1523809523809524,"6834,7630","6183,7630"
-1.0,-1.0,"13007,25610","11651,13007"
-1.0,-0.0080836899667142,"511,1766","662,1766"
1.0,-0.3150684931506849,"9688,13032","5772,9688"
1.0,0.375,"9071,11087","11087,23296"
1.0,0.6018998903909389,"1683,1783","930,1783"
1.0,-0.1345029239766081,"1606,6859","1179,1606"
1.0,0.4242424242424242,"9097,12087","7127,12087"
1.0,-0.3666666666666667,"7092,13036","7092,14108"
1.0,0.1294117647058823,"5914,6870","93,5914"
1.0,0.1818181818181818,"3078,9118","3078,23056"
1.0,1.0,"9024,12999","9024,9610"
1.0,0.3220338983050847,"7218,12998","7218,10324"
1.0,0.3189655172413793,"1561,9165","1561,14449"
1.0,-0.0818181818181818,"11093,12969","1618,11093"
1.0,1.0,"5666,6767","5666,6380"
-1.0,-0.3870967741935484,"5654,12953","7088,12953"
1.0,-0.3548387096774194,"944,9160","944,12256"
1.0,0.1380313765182186,"867,9137","136,867"
1.0,-0.0,"5935,12988","5935,7673"
1.0,0.5172413793103449,"4401,12993","4401,7335"
1.0,0.143316316884099,"5478,12994","2657,5478"
-1.0,-0.0311688311688311,"12996,25599","1529,12996"
1.0,1.0,"10711,12979","5711,10711"
1.0,0.9033816425120772,"7592,9152","2472,7592"
1.0,-1.0,"6419,9146","6419,10919"
1.0,-0.0284191829484902,"8357,9473","886,8357"
1.0,-0.0982142857142857,"9468,11485","6390,11485"
1.0,0.1527995183624322,"2151,6403","7,2151"
-1.0,-0.4594594594594595,"9466,10599","6736,9466"
1.0,0.6296296296296297,"2435,9465","2435,14837"
-1.0,-0.0229007633587786,"6414,17943","499,6414"
1.0,0.3333333333333333,"9667,12651","9667,23711"
-1.0,-0.5588235294117647,"3130,9479","7163,9479"
-1.0,-0.2,"2333,7710","2333,4632"
1.0,-0.5555555555555556,"12638,13103","8751,13103"
1.0,0.3541666666666667,"6262,12639","4157,6262"
1.0,-0.3246753246753247,"4058,12640","2359,4058"
1.0,0.3333333333333333,"9475,13037","13037,25036"
1.0,1.0,"11036,12664","7435,11036"
1.0,1.0,"12673,14058","14058,14059"
1.0,-0.5054021608643458,"2223,6448","2223,6401"
-1.0,-0.6875,"12683,25198","6006,12683"
-1.0,-0.0823045267489712,"6456,11031","711,6456"
-1.0,-0.0606060606060606,"6457,10258","2489,6457"
1.0,0.6338028169014085,"2766,6439","2766,15045"
1.0,0.3523809523809524,"5662,12672","5662,6879"
1.0,0.1833333333333333,"2555,9449","2555,24690"
-1.0,-0.0077922077922077,"7313,9447","181,9447"
1.0,0.1176470588235294,"2129,9512","2129,2387"
1.0,0.9137931034482758,"5778,6321","1028,5778"
-1.0,-0.6363636363636364,"12589,19359","6529,12589"
1.0,0.4074074074074074,"6333,8152","8152,23810"
1.0,-0.096551724137931,"929,9509","929,3125"
1.0,0.2280701754385964,"6339,6545","6545,22599"
1.0,0.5714285714285714,"2378,6832","6832,7201"
-1.0,-0.0231481481481481,"9528,21359","159,9528"
1.0,0.5238095238095238,"9523,12357","12357,24814"
1.0,0.0408719346049046,"1150,9521","1150,21099"
-1.0,-0.0130151843817787,"12578,25063","697,12578"
1.0,0.8828202581926514,"9278,12581","558,9278"
1.0,-0.0972064317037518,"1349,12583","1349,10504"
-1.0,-0.4074074074074074,"6350,7122","6350,8445"
1.0,-0.3513513513513513,"6366,7392","7392,10149"
-1.0,-0.1517241379310344,"10909,12622","3455,12622"
1.0,-0.0,"7556,12623","7556,10555"
1.0,0.1063829787234042,"5137,6371","5137,7101"
1.0,-0.0969696969696969,"1059,12605","1059,1352"
-1.0,-0.6410256410256411,"9425,21239","5427,9425"
1.0,-0.4347826086956521,"8151,12765","8151,9911"
1.0,0.5454545454545454,"6579,7315","7265,7315"
1.0,-0.4761904761904761,"4059,9356","4059,12148"
1.0,0.1265822784810126,"1714,9355","1714,12220"
1.0,0.3703703703703703,"7788,12764","7788,25691"
-1.0,-0.0054663477963785,"2133,14675","301,2133"
1.0,-0.375,"1679,12795","1679,2978"
1.0,-0.1538461538461538,"2264,6620","2264,11286"
1.0,0.7547169811320755,"3132,9348","3132,15255"
1.0,-0.0145546590729314,"4678,12778","2462,4678"
1.0,0.125,"3580,6602","2852,3580"
1.0,-0.03247038174638,"968,12783","968,1200"
-1.0,-0.5147058823529411,"9342,13544","3707,9342"
1.0,0.0840336134453781,"6018,6554","2631,6018"
1.0,0.0529100529100529,"168,2213","168,1134"
1.0,0.1814876957494407,"8787,9401","487,8787"
1.0,0.2621359223300971,"4885,12710","4885,11088"
1.0,-0.0872093023255814,"12312,12711","701,12312"
1.0,0.1021344317543531,"1925,12714","787,1925"
-1.0,-0.5,"6553,8139","5431,6553"
1.0,-0.0642939150401837,"6467,9163","1053,9163"
1.0,-0.0222868217054263,"6524,9418","2011,6524"
1.0,0.0915032679738562,"522,6477","522,1411"
1.0,-0.2296296296296296,"112,6508","112,4228"
-1.0,-0.0159509202453987,"8926,12735","203,12735"
1.0,-0.2233009708737864,"12736,17321","5728,17321"
-1.0,-0.0325732899022801,"12738,25271","2060,12738"
1.0,-0.1764705882352941,"2167,14693","3204,14693"
1.0,-1.0,"12739,13820","3341,13820"
1.0,-0.6956521739130435,"1486,6549","1486,1894"
1.0,-0.0454545454545454,"12732,23776","2795,23776"
1.0,0.5,"7534,12731","7534,19105"
1.0,-1.0,"12717,14488","5106,14488"
-1.0,-0.0935251798561151,"6515,7037","4862,6515"
1.0,0.0444444444444444,"2278,12722","2278,8125"
1.0,0.0283286118980169,"1050,9392","1050,26661"
1.0,-0.08,"9383,16821","1769,16821"
-1.0,-0.0990566037735849,"4909,16578","677,4909"
1.0,0.717391304347826,"3943,10661","3943,15777"
1.0,1.0,"11388,13659","13659,26485"
1.0,1.0,"10656,13119","2888,13119"
1.0,0.1130434782608695,"2629,10653","2629,22579"
1.0,-0.144578313253012,"1643,11370","1643,8531"
1.0,0.1630434782608695,"8363,10668","8363,11136"
1.0,-0.0917874396135265,"4967,15415","1253,15415"
1.0,0.0769230769230769,"2296,11409","2296,22297"
1.0,-0.2037037037037037,"4564,10624","4564,6611"
-1.0,-0.3793103448275862,"4042,15851","4042,7664"
1.0,0.5151515151515151,"8036,10640","8036,19660"
1.0,0.175438596491228,"3473,11401","3473,25860"
-1.0,-1.0,"11312,23511","5252,11312"
1.0,0.0,"10736,11215","3026,11215"
1.0,0.0859666821530497,"2174,10742","34,2174"
1.0,-0.0586743992293472,"183,10748","183,718"
1.0,0.1111111111111111,"1405,10747","1405,23113"
1.0,0.4137931034482758,"8034,11293","6153,8034"
1.0,0.0818713450292397,"3034,11324","3034,8156"
-1.0,-0.0122075279755849,"4090,11713","73,4090"
1.0,0.2467532467532467,"2719,11362","2719,5374"
1.0,0.1341463414634146,"10383,11348","8425,10383"
-1.0,-0.0716332378223495,"5602,11347","1381,11347"
1.0,1.0,"4865,5305","4466,5305"
1.0,0.3703703703703703,"4859,7851","7851,25977"
-1.0,-0.0180032733224222,"10712,16585","1818,10712"
1.0,-0.2327188940092165,"4872,4984","4984,8351"
1.0,-0.007628294036061,"11345,12011","140,12011"
1.0,0.0753424657534246,"3658,11420","3658,5614"
1.0,0.1176470588235294,"5146,10548","5146,17400"
-1.0,-0.3235294117647059,"10545,22613","9707,10545"
1.0,-0.5,"5079,6691","6691,11968"
1.0,-1.0,"3893,8116","8116,11558"
1.0,0.2941176470588235,"9548,10550","9548,17599"
1.0,-0.1538461538461538,"11480,23733","5448,23733"
1.0,0.1974789915966386,"1377,10562","1377,4202"
1.0,-0.0237341772151898,"3409,11483","564,3409"
1.0,-0.1111111111111111,"11490,11491","4350,11490"
1.0,0.3548387096774194,"3925,6215","6215,10858"
1.0,-0.6296296296296297,"1176,4968","1176,7782"
-1.0,-0.1071428571428571,"8717,11528","3653,11528"
1.0,1.0,"5428,10529","5428,17030"
1.0,0.0661478599221789,"1045,11519","1045,19509"
-1.0,-0.0207253886010362,"11523,23773","1616,11523"
1.0,-1.0,"2041,11429","2041,10467"
1.0,0.0423441734417344,"2974,10604","2907,2974"
1.0,0.2564102564102564,"8462,10603","8462,18014"
1.0,0.2439024390243902,"4998,7165","7165,26532"
1.0,0.4230769230769231,"8735,11436","8735,23834"
1.0,0.0742574257425742,"900,11478","900,18707"
1.0,0.5,"10616,13121","1667,13121"
-1.0,-0.3170731707317073,"1152,4973","4973,7394"
-1.0,-0.0240384615384615,"216,11424","368,11424"
1.0,0.4986267166042447,"1450,10607","1450,2202"
1.0,0.2930547713156408,"5013,11193","2320,11193"
1.0,-0.7,"5309,11461","4115,5309"
1.0,0.725,"6198,11462","4615,6198"
1.0,0.3846153846153846,"5028,8534","8534,26496"
-1.0,-0.0655737704918032,"11466,13322","1944,11466"
1.0,1.0,"5031,8316","7358,8316"
1.0,0.6666666666666666,"5040,5088","5088,5379"
1.0,0.2278481012658227,"5267,11475","5267,18930"
1.0,0.060931899641577,"2723,11458","2723,19664"
1.0,-0.4545454545454545,"5708,11446","5708,10619"
1.0,-0.1181818181818181,"10585,22354","1378,22354"
-1.0,-1.0,"10584,22653","3576,10584"
1.0,0.0206378986866791,"773,11455","773,25151"
1.0,0.0817663817663817,"3988,10915","2717,3988"
1.0,0.2900069881201957,"7905,11103","2882,7905"
-1.0,-0.5833333333333334,"9902,11073","9694,11073"
-1.0,-0.0218023255813953,"10943,23131","620,10943"
1.0,0.0407407407407407,"1244,10937","1244,7006"
1.0,0.3333333333333333,"11078,12585","12585,25067"
1.0,0.6176470588235294,"6282,11080","6282,17835"
1.0,-0.0753424657534246,"5764,10932","4823,5764"
1.0,0.0935672514619883,"1665,10928","1665,19628"
1.0,-1.0,"5120,10892","5120,7899"
-1.0,-0.2949308755760368,"9676,11143","1599,11143"
-1.0,-0.1694915254237288,"10888,19425","1608,10888"
1.0,-0.1020408163265306,"10886,23051","3031,23051"
-1.0,-0.4354838709677419,"4627,8941","3691,4627"
1.0,-0.2581744388894257,"45,4377","45,147"
1.0,0.0211970074812967,"148,10908","148,19543"
-1.0,-1.0,"4429,4576","4575,4576"
1.0,-0.0666666666666666,"4514,13222","204,13222"
1.0,0.7692307692307693,"3185,10993","3185,15278"
1.0,0.0757575757575757,"2819,10989","2819,17114"
1.0,-0.0308988764044943,"4515,16234","755,16234"
1.0,-0.0506050605060506,"594,10994","449,594"
1.0,0.1259445843828715,"1241,4496","1241,14854"
-1.0,-0.0268041237113402,"4504,16226","132,4504"
1.0,-0.273972602739726,"1645,11018","1645,3313"
1.0,0.0229357798165137,"1436,11028","507,1436"
-1.0,-0.2619047619047619,"11061,17754","6633,11061"
1.0,0.6333333333333333,"6959,10958","6959,18510"
1.0,0.1266968325791855,"4565,4698","4698,16394"
-1.0,-0.0671140939597315,"4573,16284","1892,4573"
1.0,0.4166666666666667,"4426,9492","9492,26530"
1.0,0.848314606741573,"11009,11046","1592,11009"
1.0,0.5686658224933809,"4552,6830","1092,6830"
1.0,0.3695652173913043,"7154,10969","5263,7154"
1.0,-0.1912350597609561,"11050,14939","1329,14939"
1.0,0.3513513513513513,"10206,10962","10206,22186"
-1.0,-0.0951086956521739,"9574,11054","3433,11054"
1.0,-1.0,"10801,15265","10802,15265"
1.0,0.0699300699300699,"3368,10790","3368,25741"
-1.0,-1.0,"4771,4938","4771,5207"
-1.0,-0.0923520923520923,"10784,22918","733,10784"
1.0,0.6,"7397,11227","7397,17600"
1.0,0.2702702702702703,"4738,4928","2003,4928"
1.0,-0.116,"190,11234","190,4140"
1.0,-0.2741935483870967,"10804,12019","3927,12019"
-1.0,-0.2702702702702703,"10716,10803","9371,10803"
1.0,-0.4729729729729729,"4182,15580","3654,15580"
1.0,0.2444444444444444,"2921,11277","2921,17667"
1.0,0.0980392156862745,"3779,4178","3779,20401"
1.0,-0.6397058823529411,"4804,14344","1282,14344"
1.0,0.1436293436293436,"7188,11281","5806,7188"
1.0,1.0,"3335,4793","3335,3475"
1.0,-0.042077922077922,"4926,11262","79,4926"
1.0,-0.6521739130434783,"4799,8679","4820,8679"
1.0,-0.0,"8441,11224","8441,13586"
1.0,0.1130434782608695,"551,10816","17,551"
1.0,0.1447368421052631,"1861,10859","1861,24754"
-1.0,-1.0,"4318,4810","4318,10438"
1.0,-0.1333333333333333,"4979,11180","4979,7113"
1.0,0.0126050420168067,"7110,10848","6530,7110"
1.0,-0.6111111111111112,"5242,11185","5242,6214"
1.0,-0.0901639344262295,"4322,16075","4970,16075"
1.0,0.5652173913043478,"10471,11154","10471,22527"
1.0,0.7321428571428571,"3119,4330","3119,15243"
-1.0,-0.0110898661567877,"11172,23397","38,11172"
1.0,-0.4285714285714285,"9130,11192","2138,9130"
-1.0,-0.1685393258426966,"3348,11212","1558,11212"
1.0,-0.48,"10301,11219","9032,10301"
1.0,0.2577519379844961,"4732,6739","1716,6739"
1.0,-0.1964285714285714,"2634,11223","2634,5409"
1.0,-0.0408719346049046,"11206,15357","1789,15357"
-1.0,-0.0237659963436928,"7376,10828","233,10828"
1.0,0.0214285714285714,"217,10839","217,9246"
1.0,0.2428571428571428,"7150,11198","7150,19615"
-1.0,-0.5483870967741935,"10838,13961","3853,10838"
1.0,0.26,"3443,4716","2877,3443"
-1.0,-0.3191489361702128,"11204,11243","8119,11204"
-1.0,-0.1935483870967742,"4288,16044","4288,7391"
-1.0,-1.0,"2293,5563","3592,5563"
-1.0,-0.1896551724137931,"9855,11880","6205,11880"
1.0,-0.1168831168831168,"1263,11896","694,1263"
1.0,0.5238095238095238,"11855,11905","11905,18872"
1.0,-0.2608695652173913,"11856,14783","5505,14783"
-1.0,-0.0563063063063063,"6410,11859","2217,11859"
1.0,0.6296296296296297,"5552,8056","8056,19675"
1.0,0.4347826086956521,"10046,11863","9624,10046"
1.0,-0.3770491803278688,"3404,10164","3404,11044"
1.0,0.0286259541984732,"152,10141","152,1223"
1.0,-0.2207792207792207,"11911,19700","5405,19700"
1.0,0.2312138728323699,"3184,10136","3184,5800"
-1.0,-0.7692307692307693,"11915,14473","2492,11915"
1.0,-1.0,"5585,10130","415,5585"
1.0,0.2695035460992908,"3349,3391","3391,11218"
1.0,1.0,"8182,10154","4218,8182"
-1.0,-0.0520965692503176,"5583,14010","1396,5583"
1.0,-0.054206662902315,"10879,11902","3112,10879"
1.0,0.5283018867924528,"3332,4623","4623,16330"
1.0,-0.65625,"11904,11979","6502,11979"
1.0,0.2222222222222222,"5497,6640","6640,25633"
1.0,0.3632968791677781,"4674,10203","1398,4674"
1.0,-0.4505494505494505,"2467,3439","2467,3069"
1.0,0.0302114803625377,"1281,10199","1281,26315"
1.0,0.1639344262295081,"3268,10198","3268,25969"
1.0,-0.25,"9002,11822","3459,9002"
1.0,0.2649572649572649,"4284,11801","4284,16042"
1.0,0.6190476190476191,"5118,10223","5118,16753"
1.0,0.0884146341463414,"1994,10217","1994,16264"
1.0,0.438658428949691,"10211,10793","2696,10793"
-1.0,-0.5517241379310345,"8434,10188","8427,10188"
1.0,-1.0,"5528,17124","13529,17124"
1.0,0.1764705882352941,"3578,10183","3578,20649"
1.0,-0.1923076923076923,"2519,5536","2519,4458"
1.0,0.5652173913043478,"5541,10231","10231,17830"
-1.0,-0.0437956204379562,"3417,14812","834,3417"
1.0,0.0366197183098591,"498,3427","498,17253"
1.0,0.1041666666666666,"1746,5508","1746,26448"
1.0,-0.0990990990990991,"11834,13173","4014,13173"
1.0,-0.1896551724137931,"909,10191","909,3360"
-1.0,-0.1962025316455696,"10124,22080","4256,10124"
-1.0,-0.0263736263736263,"10045,21988","963,10045"
1.0,-0.3043478260869565,"5696,17292","4111,17292"
1.0,-0.6472663139329806,"396,10040","396,1765"
1.0,0.5833333333333333,"7809,10036","7809,8892"
1.0,-0.3947251773049645,"1638,12003","1638,6420"
1.0,0.5294117647058824,"4880,5710","4880,16542"
1.0,0.2142857142857142,"3210,4913","4913,16324"
1.0,-0.101010101010101,"7532,11990","2295,7532"
1.0,-0.0555555555555555,"1425,11991","1425,3111"
-1.0,-0.0521327014218009,"3196,15283","1694,3196"
-1.0,-0.0508021390374331,"3171,11771","1552,3171"
1.0,-0.1015625,"5336,5729","4196,5336"
1.0,0.0357142857142857,"6310,12037","5035,6310"
-1.0,-0.4,"3148,15261","3148,8772"
1.0,0.2666666666666666,"3880,12030","3880,20304"
1.0,0.5,"10027,12550","12550,25019"
1.0,-1.0,"10020,21323","13872,21323"
1.0,-0.0022727272727272,"3158,9685","11,9685"
1.0,-0.5061820098720469,"878,3154","878,1125"
1.0,-1.0,"339,11943","339,10477"
1.0,0.1368421052631579,"2044,5628","2044,7370"
1.0,0.3947368421052631,"8950,11949","8950,20672"
1.0,-1.0,"11867,11958","7181,11867"
1.0,0.6056338028169015,"2402,11920","2402,4046"
1.0,0.2631578947368421,"5611,7317","7317,20496"
1.0,0.0441767068273092,"862,11932","862,23898"
1.0,0.08,"6598,11934","2330,6598"
1.0,0.3245614035087719,"856,11962","856,14446"
1.0,0.0427698574338085,"2457,11964","1370,2457"
1.0,-0.1125827814569536,"5664,9086","1928,9086"
1.0,0.0246227164416203,"104,11983","104,16003"
1.0,0.0385395537525354,"780,11965","780,11454"
-1.0,-0.1103896103896103,"5645,15172","1239,5645"
-1.0,-0.0607476635514018,"10454,11972","3544,11972"
1.0,-0.5384615384615384,"9405,10420","9405,11376"
1.0,-0.1800330943188086,"3242,5244","3242,9055"
1.0,0.4583333333333333,"10387,10418","10387,24938"
1.0,0.2452830188679245,"4851,10413","4851,21965"
1.0,-0.0500226400705416,"297,10425","297,7353"
1.0,0.0,"10426,12556","12556,13651"
-1.0,-1.0,"11640,23934","7857,11640"
1.0,-0.1100569259962049,"3689,7491","3624,7491"
1.0,0.4333333333333333,"8126,11659","8126,20297"
1.0,-0.5588235294117647,"8229,10385","7023,8229"
-1.0,-0.4761904761904761,"2855,11642","11642,12227"
1.0,0.0071428571428571,"8558,11643","8558,9385"
1.0,0.0714285714285714,"3372,11645","3372,17597"
-1.0,-0.0706806282722513,"11164,11653","1987,11653"
-1.0,-0.0186219739292365,"4092,10397","709,10397"
1.0,0.2666666666666666,"4106,5153","4106,14251"
1.0,0.2075471698113207,"6898,11556","6898,23812"
1.0,0.0095652173913043,"568,10498","68,568"
1.0,0.022189349112426,"746,11547","746,20510"
1.0,-1.0,"10452,14792","8989,14792"
1.0,0.6666666666666666,"6626,11594","6626,18154"
1.0,0.099895848832019,"1414,11746","63,1414"
1.0,0.5217391304347826,"10283,11236","11236,22304"
1.0,1.0,"3521,10334","10334,19829"
1.0,0.3035714285714285,"3516,4940","4940,19663"
1.0,0.4347826086956521,"9714,10307","9714,12825"
1.0,0.0594059405940594,"3127,11732","3127,23586"
1.0,-0.0296610169491525,"3862,10302","572,3862"
-1.0,-0.2222222222222222,"5784,11788","3306,11788"
1.0,0.0422077922077921,"2155,10245","2155,8349"
1.0,-1.0,"5420,11791","5420,8512"
1.0,0.085820895522388,"344,11777","344,17301"
1.0,0.1172413793103448,"4779,11778","4779,5155"
1.0,-0.0385338345864661,"5365,13272","927,13272"
1.0,0.3333333333333333,"10316,10362","10362,23517"
1.0,0.303030303030303,"5307,5850","2180,5850"
1.0,-0.3275862068965517,"5311,9078","4796,9078"
1.0,0.0893617021276595,"1328,10358","1328,5681"
1.0,0.2463768115942029,"1625,11693","1625,14819"
1.0,0.5188679245283019,"2266,3626","1107,2266"
1.0,0.2325581395348837,"9417,11695","4015,9417"
1.0,-0.6829268292682927,"7604,10352","2206,7604"
1.0,-0.0909090909090909,"3672,11677","3672,4030"
1.0,0.0129291127953633,"25,5291","25,16210"
1.0,0.3449612403100776,"2846,3655","1972,2846"
-1.0,-0.4583333333333333,"11681,23972","10039,11681"
1.0,-0.0402010050251256,"5299,16917","1302,16917"
1.0,0.4583333333333333,"3589,10138","10138,17939"
-1.0,-0.1438848920863309,"10323,11267","3413,10323"
1.0,0.0797872340425532,"5483,11702","5483,12874"
1.0,-0.0,"1516,10343","1516,9004"
1.0,0.5555555555555556,"7582,10340","7582,9195"
1.0,-0.0980392156862745,"11717,14431","6295,14431"
-1.0,-0.1533333333333333,"3601,15541","3390,3601"
1.0,-0.3571428571428571,"10042,10335","7288,10042"
1.0,0.4761904761904761,"10333,12107","12107,26177"
1.0,0.2352941176470588,"4854,7336","4854,23071"
1.0,-0.5871559633027523,"2737,13458","2737,10114"
1.0,0.0980392156862745,"4768,7337","2530,4768"
-1.0,-0.2181818181818181,"8685,15530","2960,8685"
1.0,0.6792452830188679,"3611,8267","3611,15549"
1.0,1.0,"7330,7331","6279,7331"
1.0,0.4761904761904761,"7910,12156","12156,26266"
-1.0,-0.3428571428571428,"5043,13482","11017,13482"
1.0,0.5,"11664,13466","11664,13582"
1.0,0.0306643598795421,"905,13468","293,905"
1.0,-0.6153846153846154,"4481,13983","4481,8194"
1.0,-0.4545454545454546,"10546,13472","8661,10546"
1.0,0.144578313253012,"2537,8719","2537,23147"
1.0,-0.0224032586558044,"8718,20218","934,20218"
1.0,-0.5555555555555556,"1671,8721","1671,6702"
-1.0,-0.2037037037037037,"540,8729","7565,8729"
1.0,1.0,"8457,8728","8457,13490"
1.0,-0.4390243902439024,"985,7314","985,7606"
-1.0,-0.0468933177022274,"13993,19838","72,13993"
1.0,0.358974358974359,"5334,13995","5334,21184"
1.0,0.2807017543859649,"5454,8670","5454,19819"
1.0,-0.1184017146356399,"2534,7114","405,2534"
-1.0,-0.5217391304347826,"8934,13541","11216,13541"
1.0,0.5786670648549102,"5504,8615","1582,5504"
1.0,-0.4545454545454545,"8065,8614","8065,11353"
1.0,0.5909090909090908,"4822,13966","4822,7600"
1.0,0.2166666666666666,"4025,7413","4025,22462"
1.0,-0.1447368421052631,"4947,8618","4947,6233"
1.0,0.0962962962962963,"2594,8189","2594,21949"
1.0,0.3962264150943396,"6026,8590","6026,17871"
1.0,0.8368794326241135,"841,894","841,1046"
1.0,0.5362318840579711,"3446,13558","3446,7754"
-1.0,-0.0505836575875486,"7441,19005","863,7441"
-1.0,-0.0350515463917525,"8603,11156","710,8603"
1.0,0.0943396226415094,"6173,13550","6173,12272"
1.0,0.5180722891566265,"2935,8627","2935,14927"
-1.0,-0.3962264150943396,"11658,13499","3023,13499"
1.0,0.575268817204301,"8656,13385","1428,13385"
1.0,-0.5714285714285714,"8653,9198","8498,9198"
-1.0,-0.1967213114754098,"13505,15529","4230,13505"
1.0,-0.2083333333333333,"13495,16250","3356,16250"
-1.0,-0.1568627450980392,"7900,13412","3103,7900"
1.0,0.000178284899269,"4537,13970","4537,5335"
1.0,-0.7727272727272727,"7297,8177","3786,7297"
-1.0,-0.3953488372093023,"8179,19811","7834,8179"
1.0,-0.2561683599419448,"5198,8644","4452,5198"
1.0,0.3253968253968254,"1002,7396","1002,14382"
1.0,-0.0867579908675799,"8643,10479","2783,10479"
1.0,0.6391752577319587,"7793,13517","1942,7793"
1.0,0.0155131264916467,"50,14008","50,9585"
1.0,-0.173202614379085,"9065,13314","6417,9065"
-1.0,-1.0,"7182,7581","7182,8022"
1.0,-1.0,"8574,13306","8255,8574"
1.0,-0.0833333333333333,"13337,15346","2904,15346"
1.0,0.2954545454545454,"6493,13339","6493,22402"
1.0,0.4444444444444444,"7203,8866","5215,8866"
1.0,0.1538461538461538,"2094,8809","2094,18826"
-1.0,-0.0809968847352024,"13327,21585","534,13327"
-1.0,-0.7111111111111111,"8108,19733","4116,8108"
1.0,-0.371666315567727,"625,1296","212,625"
1.0,-0.5517241379310345,"8519,13329","8519,10679"
1.0,0.3823529411764705,"8862,9931","9931,21849"
1.0,0.2972972972972973,"7116,9260","2192,9260"
1.0,0.0353260869565217,"2195,8869","2195,22020"
1.0,0.5833333333333334,"3753,7120","3753,13234"
1.0,-0.6973684210526316,"4612,14044","4612,12660"
-1.0,-0.0114942528735632,"7162,18705","617,7162"
1.0,0.3416634772662607,"6,7955","6,125"
1.0,0.0720338983050847,"2571,14047","1347,2571"
1.0,0.0,"7529,8098","5472,7529"
1.0,-0.1904761904761904,"13286,18410","2734,18410"
-1.0,-0.0990990990990991,"12489,13288","5548,13288"
-1.0,-0.4347826086956521,"13289,24186","10187,13289"
1.0,0.2592592592592592,"2565,7205","2565,9577"
-1.0,-0.217391304347826,"13383,26115","3892,13383"
1.0,0.1911764705882352,"4328,7272","1077,4328"
1.0,0.112,"1435,13391","1435,21120"
1.0,0.7671232876712328,"913,13378","913,14244"
1.0,0.6774193548387096,"6479,14025","6479,18015"
1.0,-0.0,"7259,11888","10306,11888"
1.0,-0.0879120879120879,"6003,14023","6003,6060"
1.0,-0.0415224913494809,"9008,13395","424,9008"
1.0,0.927007299270073,"14009,14011","3642,14009"
-1.0,-0.1576086956521739,"9330,13410","1079,13410"
1.0,-0.9455337690631808,"2794,7278","2794,12734"
1.0,-1.0,"4650,7280","4650,8233"
1.0,0.1578947368421052,"1859,8791","1859,20879"
-1.0,-0.1111111111111111,"7224,18759","4669,7224"
-1.0,-0.01931330472103,"7236,18772","700,7236"
1.0,0.3333333333333333,"5989,8807","5989,12967"
1.0,0.0459259259259259,"1379,13348","1379,1837"
1.0,-0.1294117647058823,"7067,8790","5730,7067"
1.0,-0.4285714285714286,"8668,8779","8082,8668"
-1.0,-0.0696202531645569,"8780,10496","1627,8780"
1.0,0.3571428571428571,"7250,7443","7443,21240"
1.0,0.7719298245614035,"7421,7689","3801,7421"
1.0,0.0161662817551963,"453,13765","453,21540"
1.0,0.4146341463414634,"5509,13755","5509,19421"
1.0,-0.1016042780748663,"4249,8355","1103,4249"
1.0,-0.2040816326530612,"342,13883","342,4624"
1.0,-0.4782608695652174,"7708,14062","10726,14062"
-1.0,-0.1446613088404133,"4661,8237","172,8237"
1.0,0.0159151193633952,"366,13784","366,11252"
1.0,0.1149425287356321,"6278,8234","6278,25579"
1.0,0.0213414634146341,"1320,13912","1320,21164"
-1.0,-0.1428571428571428,"6087,13902","1644,13902"
-1.0,-0.2625,"12127,13909","6356,13909"
1.0,0.3970585247933045,"644,4675","545,4675"
1.0,-0.1207349081364829,"7645,15016","1935,15016"
1.0,-0.282051282051282,"8401,9053","7426,9053"
1.0,-0.6428571428571428,"4842,8383","4842,7724"
1.0,-0.2367479674796748,"1189,13901","1189,1501"
-1.0,-0.4523809523809524,"6995,8364","5814,8364"
1.0,0.25,"7670,10069","10069,24344"
1.0,0.3404255319148936,"6487,13741","6487,15226"
1.0,-0.048076923076923,"4048,13739","2558,4048"
-1.0,-0.1392405063291139,"7759,19377","5314,7759"
-1.0,-0.4320987654320987,"13867,26742","3730,13867"
1.0,-0.1120689655172413,"8264,11976","3582,11976"
1.0,1.0,"6953,7760","6630,6953"
1.0,0.056338028169014,"6675,8311","6675,14155"
-1.0,-0.396551724137931,"13823,17737","5232,13823"
1.0,0.3361344537815126,"1424,13868","1424,6317"
1.0,-0.0334158415841584,"8358,13826","176,8358"
1.0,0.3531746031746031,"5716,7766","5716,6378"
1.0,0.4545454545454545,"11181,13837","11181,26470"
1.0,-0.4583333333333333,"8276,19941","10070,19941"
-1.0,-0.0577777777777777,"10472,13855","3065,13855"
-1.0,-0.0226100753669178,"13856,26725","308,13856"
-1.0,-0.0967741935483871,"5426,8272","3636,8272"
-1.0,-0.0286200056673278,"412,8854","178,412"
1.0,-0.5862068965517242,"7774,7841","7841,10885"
-1.0,-0.0130944176430048,"484,7773","371,7773"
1.0,1.0,"469,513","513,554"
1.0,0.52,"7756,9820","8793,9820"
1.0,-0.0867579908675799,"4177,7742","2089,4177"
1.0,0.059880239520958,"1612,8247","1612,26635"
1.0,-0.2551020408163265,"637,8331","637,11106"
1.0,-0.2371134020618556,"497,4212","4141,4212"
1.0,-0.0286343612334801,"6811,13821","681,6811"
1.0,-0.0438247011952191,"2881,7800","1868,2881"
1.0,-0.1088227815916603,"702,13819","702,5432"
1.0,0.3191489361702128,"6167,13814","6167,20994"
-1.0,-0.0641711229946524,"8319,10411","990,8319"
1.0,0.4186046511627907,"7481,8317","7481,14028"
1.0,-0.6382978723404256,"8067,13911","7711,8067"
1.0,0.1180904522613065,"1430,7502","1430,14956"
-1.0,-0.0253353204172876,"8199,19842","717,8199"
-1.0,-1.0,"814,1098","779,814"
1.0,-0.4464285714285714,"786,8520","786,12612"
1.0,-0.1043478260869565,"13616,14891","3848,14891"
-1.0,-0.125,"7872,19500","4221,7872"
1.0,-0.1512261580381471,"1473,8535","670,1473"
1.0,0.1431353456669912,"5194,8497","225,5194"
-1.0,-0.0446735395189003,"13644,26465","1331,13644"
1.0,0.625,"768,6806","6806,18337"
1.0,0.3490566037735849,"3508,8494","3508,15480"
1.0,-0.1487603305785124,"13939,15038","1182,15038"
1.0,0.0263901979264844,"340,13629","340,16335"
1.0,0.0659340659340659,"4246,7524","4246,23085"
1.0,-0.3562753036437247,"7467,14338","993,14338"
1.0,0.2888888888888888,"1876,8580","485,1876"
1.0,-0.0616113744075829,"3532,13572","1001,3532"
1.0,-0.0,"7455,11026","11026,12109"
1.0,-0.2043795620437956,"13577,15106","942,15106"
-1.0,-0.1952662721893491,"7479,19046","1242,7479"
1.0,-0.0577723378212974,"5121,13593","21,5121"
-1.0,-0.4545454545454545,"7543,19113","7543,11208"
-1.0,-0.0557868442964196,"7612,19179","37,7612"
1.0,-0.0523767605633803,"689,3802","3802,7807"
1.0,0.2978723404255319,"703,3817","3817,16372"
1.0,0.5416666666666667,"8428,8979","8979,9819"
1.0,0.203125,"8665,13716","1546,8665"
1.0,-0.113095238095238,"8410,8657","5039,8657"
1.0,0.0980392156862745,"4139,13713","4139,26558"
1.0,0.8717948717948718,"1751,13703","1751,14528"
1.0,0.3846153846153846,"8419,8591","8591,26610"
1.0,0.2244897959183673,"4857,13662","4857,24307"
1.0,0.5652173913043478,"10067,13664","10067,22014"
1.0,-0.4347826086956522,"2393,8478","2393,2841"
-1.0,-0.1057692307692307,"7549,11450","2343,7549"
1.0,0.0383141762452107,"514,13675","514,21457"
-1.0,-0.25,"8217,19855","8212,8217"
-1.0,-0.0476190476190476,"8460,20125","5154,8460"
-1.0,-0.0490797546012269,"13930,20157","228,13930"
-1.0,-0.2456140350877192,"13684,20013","7516,13684"
1.0,-0.3972602739726027,"8215,16246","4528,16246"
1.0,0.3333333333333333,"8464,12771","12771,19980"
-1.0,-0.4464285714285714,"5946,7572","5202,7572"
1.0,0.0444748026715239,"3826,8472","2943,3826"
1.0,0.1476190476190476,"556,8874","556,14807"
1.0,0.2166666666666666,"1459,5190","5190,22565"
1.0,0.1666666666666666,"9010,9060","3594,9060"
1.0,0.4307692307692308,"4682,6928","4682,16386"
-1.0,-0.2941176470588235,"4974,6929","6770,6929"
1.0,0.3658536585365853,"8016,9547","4996,9547"
1.0,-0.25,"14054,17394","2070,17394"
1.0,0.4545454545454546,"8903,8932","8903,10900"
-1.0,-0.1392405063291139,"8202,13246","4396,13246"
1.0,-0.3917525773195876,"1773,13108","1773,2071"
1.0,0.146067415730337,"3030,8044","3030,20237"
1.0,-0.4782608695652174,"9833,14090","9833,11030"
1.0,-0.6363636363636364,"4641,8049","4641,8017"
1.0,0.4090909090909091,"5042,13211","5042,18946"
1.0,-0.3333333333333333,"13094,20046","6101,20046"
1.0,-0.05,"1863,14109","843,1863"
1.0,-0.4405622489959839,"4647,13093","4647,6949"
1.0,0.7454545454545455,"3106,8042","3106,15235"
1.0,0.1491228070175438,"3977,13162","3977,14727"
1.0,-0.0954198473282442,"1926,6915","1653,1926"
1.0,-0.7815126050420168,"255,6987","255,2688"
1.0,0.3428571428571428,"10282,14097","10282,17908"
1.0,0.0976253298153034,"1118,8975","1118,15489"
1.0,0.0352564102564102,"263,1472","263,24272"
1.0,-0.1515151515151515,"13122,14868","446,14868"
-1.0,-0.3511904761904761,"8928,16392","2076,8928"
-1.0,-0.2564102564102564,"5641,13203","6621,13203"
-1.0,-0.2222222222222222,"5199,6893","6893,10549"
1.0,-0.525,"13139,17504","6293,17504"
1.0,-0.3846153846153846,"5634,13136","5634,8606"
1.0,0.5517241379310345,"8093,8238","8238,9709"
1.0,-0.0431654676258992,"4075,13186","1579,4075"
1.0,0.2641509433962264,"9009,13174","9009,21122"
1.0,-0.0893321769297484,"1658,6842","678,6842"
1.0,-0.0379362670713201,"7028,15484","359,15484"
1.0,0.0,"7979,12473","4258,12473"
1.0,-0.0542372881355932,"8914,10636","5869,10636"
1.0,-0.238095238095238,"6943,18492","6625,18492"
1.0,-0.1,"9021,17199","4918,17199"
1.0,0.6190476190476191,"2362,14095","2362,14794"
1.0,-0.0054525627044711,"8293,13151","90,8293"
1.0,-0.0194174757281553,"13165,13226","571,13226"
1.0,0.7659574468085106,"3573,13141","3573,15524"
1.0,0.0621761658031088,"3956,8958","3956,23103"
1.0,0.2253521126760563,"4313,14081","4313,5159"
1.0,-0.0909090909090909,"7878,9019","4533,7878"
1.0,-0.52,"692,14083","692,10026"
-1.0,-0.0609756097560975,"13110,21299","1705,13110"
0.9950749944034027,-0.1539488199591482,"67,6631","67,600"
0.994873985476292,0.0046988466467321,"97,14035","97,17434"
0.9908466819221968,0.0213577421815408,"300,13791","300,1601"
0.9855715871254164,0.025527192008879,"1260,8443","1260,11130"
0.9840182648401826,0.0943683409436834,"525,7720","525,2928"
0.9838709677419356,0.0172043010752688,"347,11748","347,20233"
0.9825479930191972,0.0488656195462478,"3489,13890","2105,3489"
0.9799777530589544,-0.0380952380952381,"60,7527","60,1724"
0.9791666666666666,0.0568181818181818,"634,9176","634,16166"
0.9774436090225564,-0.109600925390399,"179,8009","179,2839"
0.9767441860465116,0.0145348837209302,"633,12894","633,18538"
0.9767080745341616,-0.0644978033631268,"390,12721","390,2444"
-0.9757281553398058,0.9757281553398058,"139,7386","139,7386"
0.974236641221374,0.0166984732824427,"22,2385","22,15642"
0.9734513274336284,0.0189633375474083,"483,4462","483,18495"
0.9731182795698924,-0.1717386893893284,"306,13072","306,3751"
0.962962962962963,0.037037037037037,"322,9790","322,21966"
0.9601328903654484,0.0398671096345514,"831,8368","831,22713"
0.96010296010296,0.018018018018018,"296,13005","197,296"
-0.9592570401437986,0.9592570401437986,"155,8731","155,8731"
0.958656330749354,0.0656330749354005,"343,2975","343,3884"
0.9581881533101044,0.0418118466898954,"2504,11057","2504,23570"
0.9581497797356828,-0.1521739130434782,"884,11162","884,2288"
0.9571428571428572,-0.1271186440677966,"160,6068","160,1500"
0.955958549222798,0.0310880829015544,"3333,10795","3333,22623"
0.9556457457602552,0.0288447601101608,"182,2889","182,2409"
0.9554767533490938,-0.94602048857368,"223,6066","223,12010"
0.9539641943734016,-0.9539641943734016,"332,11268","332,11268"
0.950920245398773,0.0633946830265848,"2209,10100","2209,16062"
0.9506849315068492,0.0328767123287671,"1534,8547","1534,22928"
0.9504643962848296,0.0402476780185758,"2601,9170","2601,20170"
0.9498525073746312,0.0825958702064896,"2100,8689","2100,16342"
0.9468599033816424,-0.1767955801104972,"2782,10038","2782,4097"
-0.9449152542372882,-0.275,"336,4849","336,8250"
0.9444444444444444,0.0736111111111111,"2632,5354","2632,8392"
0.9434782608695652,-0.7934782608695652,"237,9154","237,11011"
0.9433333333333334,0.0466666666666666,"1010,7473","1010,4476"
-0.9430051813471504,0.9430051813471504,"2623,7001","2623,7001"
0.9404761904761904,0.1785714285714285,"4235,9948","3773,4235"
0.9404296875,0.1103515625,"895,9633","895,3843"
0.9396825396825396,0.0380952380952381,"1958,8214","1958,23210"
-0.9375,-0.0526315789473684,"626,9373","872,9373"
0.9375,0.1625,"4950,10398","4398,4950"
0.9375,-0.2777777777777778,"4755,12164","4755,8362"
0.937037037037037,-0.937037037037037,"576,11522","576,11522"
-0.9361702127659576,0.9361702127659576,"1197,9476","1197,9476"
0.9349112426035504,-0.6390532544378698,"813,12440","813,11119"
0.934640522875817,0.065359477124183,"1151,9080","1151,4672"
0.9342105263157896,-0.327485380116959,"2714,10175","2714,7031"
0.9329896907216496,0.1134020618556701,"926,7642","926,17679"
0.9329896907216496,0.1082474226804123,"4665,10684","4665,17862"
0.9325842696629214,0.1404494382022472,"792,3602","792,3746"
0.9310344827586208,0.010744200549298,"192,9876","192,481"
-0.9285714285714286,-0.2417582417582417,"3854,7559","6107,7559"
0.9278846153846154,0.0865384615384615,"3346,13292","3346,18854"
0.9267399267399268,0.0402930402930402,"3996,11140","3996,23088"
-0.9264705882352942,0.9264705882352942,"2119,11581","2119,11581"
0.9256198347107438,0.2809917355371901,"1749,2452","1749,14526"
0.9225352112676056,-0.1647663760339817,"2031,4730","2031,3449"
0.9219858156028368,0.0921985815602836,"2725,14091","2725,22405"
0.921818181818182,0.0727272727272727,"517,8770","517,13545"
0.9212598425196852,0.3700787401574803,"2647,3136","2647,10842"
-0.9205607476635514,0.9205607476635514,"2039,6726","2039,6726"
0.9193205944798302,0.1019108280254777,"1559,12435","1559,13414"
-0.919047619047619,0.919047619047619,"407,5355","407,5355"
0.9176755447941888,0.1210653753026634,"1422,7719","1422,14846"
0.917098445595855,0.082901554404145,"756,9337","756,20279"
0.9166666666666666,0.0633333333333333,"1226,13426","1226,18501"
-0.915841584158416,0.915841584158416,"158,12949","158,12949"
0.9153846153846154,0.0478632478632479,"1880,13184","1862,1880"
-0.9152542372881356,-0.0625,"4754,13009","631,13009"
0.9148936170212766,-0.9148936170212766,"1201,13596","1201,13596"
0.9144254278728606,-0.127906976744186,"503,13050","503,2412"
0.9133489461358314,0.0257611241217798,"169,2812","169,24440"
-0.9132947976878611,0.0867052023121387,"573,6513","573,829"
0.912398921832884,0.0188679245283018,"323,10146","323,9072"
0.9118942731277532,-0.1021567547723935,"490,6422","316,490"
-0.9118942731277532,0.9118942731277532,"2109,3153","2109,3153"
-0.9113924050632912,-0.0430839002267573,"2237,7697","1646,7697"
0.9113924050632912,0.0696202531645569,"2559,12989","2559,24793"
0.90990990990991,0.2072072072072072,"3828,14018","3828,17373"
-0.9090909090909092,0.9090909090909092,"221,5940","221,5940"
0.9065420560747663,0.0467289719626168,"3227,9703","3227,26977"
0.9058823529411764,0.1717647058823529,"234,5957","234,14457"
0.9046052631578948,-0.1447368421052631,"584,5403","584,6189"
0.9041028175976272,0.1428571428571428,"163,11003","163,14125"
0.903129657228018,-0.903129657228018,"570,4654","570,4654"
-0.9026548672566372,0.9026548672566372,"3021,13225","3021,13225"
-0.902439024390244,-0.1717171717171717,"4114,13357","7468,13357"
0.9017857142857144,0.1160714285714285,"1257,11123","1257,22491"
0.9014778325123152,-0.3029556650246305,"2128,10751","2128,6594"
0.9012464046021093,-0.2447853414296367,"799,7738","799,5059"
0.9011406844106464,0.0304182509505703,"395,5980","395,19852"
0.9,-0.0333333333333333,"1205,14322","502,14322"
0.8992537313432836,-0.0141500290754022,"4098,9218","284,4098"
0.8986486486486487,0.1013513513513513,"5350,6935","5350,16365"
0.8978328173374613,0.1630434782608695,"218,2461","2461,20563"
0.8970588235294118,-0.8970588235294118,"3615,8087","3615,8087"
0.897025171624714,-0.8741418764302059,"987,6561","987,8147"
0.896969696969697,0.0173813607775871,"2951,12885","2951,5182"
0.8969072164948454,0.1237113402061855,"5290,11214","5290,23055"
0.8967136150234741,0.1971830985915492,"3040,11134","3040,15199"
-0.8962264150943396,0.8962264150943396,"3251,9595","3251,9595"
0.8956692913385826,0.0787401574803149,"659,11202","659,15262"
-0.8956521739130435,0.8956521739130435,"1018,11800","1018,11800"
0.8952380952380953,0.2095238095238095,"3499,8686","3499,13418"
0.8950617283950617,-0.0033444176891029,"732,1924","732,1604"
0.8941605839416058,-0.283603346982375,"1505,13229","1505,5909"
-0.8925081433224755,0.8925081433224755,"1852,7410","1852,7410"
0.8914728682170543,0.1821862348178137,"426,869","426,7456"
0.8913921083474411,-0.8913921083474411,"8,3749","8,3749"
0.8909952606635071,0.0568720379146919,"5912,10274","5912,19334"
-0.89,-0.1839464882943143,"2086,7060","641,7060"
-0.8888888888888888,0.8888888888888888,"685,5465","685,5465"
-0.8876404494382022,0.8876404494382022,"1427,1711","1427,1711"
0.8863636363636364,-0.3636363636363636,"2212,5388","2212,10970"
0.8857142857142857,0.1142857142857142,"3928,8440","3928,18168"
-0.8852459016393442,0.8852459016393442,"1321,14064","1321,14064"
0.8850931677018634,0.0838509316770186,"1981,4431","1981,16480"
0.8844221105527639,0.050251256281407,"2713,13661","2713,14662"
-0.8825910931174089,0.0566801619433198,"352,14142","352,15566"
0.8823529411764706,0.0837789661319073,"2672,12457","2228,2672"
0.8820224719101124,0.2865168539325842,"2423,10974","2423,14826"
0.8818565400843882,0.1054852320675105,"1173,6154","1173,16936"
0.881578947368421,0.466893039049236,"460,8540","460,6505"
-0.8809523809523809,0.8809523809523809,"3012,13507","3012,13507"
-0.8803418803418803,0.8803418803418803,"1026,9336","1026,9336"
-0.8791208791208791,0.8791208791208791,"4317,13907","4317,13907"
0.8784722222222222,-0.8784722222222222,"451,8502","451,8502"
-0.8780487804878049,0.8780487804878049,"4831,13254","4831,13254"
0.8775510204081632,0.2551020408163265,"2497,7843","2497,14869"
0.8772563176895307,-0.0541011335235162,"1293,7352","1293,3041"
0.8764044943820225,-0.0415472779369627,"1444,8993","991,8993"
0.8764044943820225,0.1685393258426966,"2850,4571","4571,20927"
0.8760330578512396,0.2148760330578512,"2361,6166","2361,16643"
-0.875,-0.1352739726027397,"1663,14499","1663,4997"
-0.8722222222222222,0.8722222222222222,"3025,13448","3025,13448"
0.8717948717948718,-0.6017094017094018,"317,3303","317,1087"
-0.8717948717948718,0.1282051282051282,"1735,14521","1208,1735"
0.8707865168539326,0.0617977528089887,"1084,10601","1084,17525"
0.8702290076335878,0.1341330425299891,"2238,9448","1573,2238"
0.8700980392156863,-0.2756075922142166,"504,8504","320,504"
0.87,0.0746808510638298,"2540,5738","397,2540"
0.8681318681318682,0.2087912087912088,"6645,12368","6645,18519"
0.867595818815331,0.0418118466898954,"2257,13321","2257,2825"
-0.8660714285714286,0.8660714285714286,"2871,12258","2871,12258"
0.8652694610778443,0.1347305389221557,"2314,3769","2314,15024"
0.8638132295719845,0.0389105058365758,"536,1190","1190,25803"
0.86328125,0.05078125,"456,6438","456,20450"
0.8620689655172413,0.1954022988505747,"3922,12454","1047,3922"
0.8607594936708861,-0.0297321165734471,"1004,6601","1004,1806"
0.8591549295774648,0.0985915492957746,"1803,5972","1803,21528"
0.8591549295774648,-0.3567251461988304,"1971,12659","1971,1982"
0.859002169197397,0.4490238611713666,"370,8420","370,14144"
0.858974358974359,-0.858974358974359,"4658,14099","4658,14099"
-0.8584905660377359,0.8584905660377359,"5436,10460","5436,10460"
0.8580645161290322,-0.8580645161290322,"3120,11945","3120,11945"
0.8576271186440678,0.1457627118644067,"2890,5370","2890,15108"
0.8571428571428572,0.3082706766917293,"1586,9460","1586,15231"
0.8557692307692308,0.1057692307692307,"7042,11613","7042,24339"
0.8557692307692308,-0.8557692307692308,"4002,5312","4002,5312"
0.855072463768116,0.0,"2069,4731","4731,7625"
0.8536585365853658,0.0266075388026607,"459,7371","459,22754"
0.8517241379310345,-0.4702513150204559,"1157,14041","1157,4214"
-0.8507462686567164,0.8507462686567164,"1020,9538","1020,9538"
0.8507462686567164,-0.8507462686567164,"2130,6837","2130,6837"
0.8481012658227848,0.1075949367088607,"2331,8736","2331,14017"
-0.8466666666666667,0.8466666666666667,"1503,9701","1503,9701"
0.8441558441558441,0.077159179618196,"1758,13355","1758,2336"
0.84375,0.1041666666666666,"7623,11303","2913,7623"
0.8428571428571429,0.1857142857142857,"5922,8632","5922,22575"
-0.8421052631578947,0.8421052631578947,"2878,10939","2878,10939"
0.8412698412698413,0.1587301587301587,"2958,10314","2958,26880"
-0.8405797101449275,-0.0340136054421768,"2095,3080","2095,2363"
0.8405172413793103,-0.8405172413793103,"666,11107","666,11107"
0.839622641509434,-0.2295081967213114,"5248,6406","3620,5248"
-0.8387096774193549,-0.6560173697270472,"2382,10930","1319,2382"
0.8372093023255813,0.1627906976744186,"6809,9921","6809,21348"
0.8365384615384616,-0.1939310689310689,"3275,12579","3275,4607"
0.8363636363636364,0.0909090909090909,"6450,8489","6450,7505"
0.8360655737704918,-0.8360655737704918,"828,4684","828,4684"
-0.8354430379746836,0.8354430379746836,"3782,9842","3782,9842"
0.8351351351351352,-0.8351351351351352,"1704,2845","1704,2845"
-0.8333333333333334,-0.0215827338129496,"761,9057","897,9057"
-0.8333333333333334,-0.0662650602409638,"2456,14851","1304,2456"
0.8333333333333334,0.2543859649122807,"3564,10971","3564,16219"
0.8308823529411764,-0.1640656262505002,"2585,11412","1523,2585"
0.8305084745762712,0.3389830508474576,"6636,6666","6666,18195"
-0.828125,-0.5483870967741935,"2349,2437","2437,3868"
-0.828125,0.828125,"6787,7104","6787,7104"
0.8275898078529658,-0.8275898078529658,"801,1216","801,1216"
0.826530612244898,0.1224489795918367,"5761,8465","5761,16766"
0.8260869565217391,-0.6571428571428571,"11253,13368","5820,11253"
0.8260869565217391,-0.8260869565217391,"3949,7293","3949,7293"
0.8259541984732824,0.0259541984732824,"434,10505","434,1950"
0.8258426966292135,0.0617977528089887,"1879,9108","1879,21952"
0.8256658595641646,0.0242130750605326,"1376,12308","53,1376"
0.825503355704698,-0.043560606060606,"107,798","107,1684"
-0.8253968253968254,0.8253968253968254,"5220,12897","5220,12897"
0.8252427184466019,0.203883495145631,"3512,9546","3512,18017"
-0.825,0.825,"5111,11122","5111,11122"
0.8245614035087719,0.1228070175438596,"2669,11158","2669,21303"
-0.8245614035087719,0.8245614035087719,"7636,11272","7636,11272"
0.8197674418604651,0.2151162790697674,"3279,3451","3451,15442"
0.8191489361702128,-0.2617021276595744,"1907,14045","1907,6693"
0.8186666666666667,-0.1793333333333333,"1621,8170","1621,8645"
0.8181818181818181,-0.8181818181818181,"2464,12197","2464,12197"
0.8181818181818181,-0.8181818181818181,"7248,9720","7248,9720"
0.8179190751445087,0.196078431372549,"84,5424","5424,26995"
0.8178913738019169,-0.1821086261980831,"267,2544","267,949"
0.8169014084507042,-0.8169014084507042,"3986,8500","3986,8500"
0.8166666666666667,0.2,"3531,5461","3531,13219"
0.8165137614678899,0.4770642201834862,"2383,10487","2383,2414"
-0.8157894736842105,0.8157894736842105,"2690,7079","2690,7079"
0.8156028368794326,0.2857142857142857,"170,9519","1652,9519"
0.8129032258064516,-0.8129032258064516,"1245,1896","1245,1896"
0.8113207547169812,0.1886792452830188,"9829,10048","2642,10048"
-0.8113207547169812,0.8113207547169812,"3085,4693","3085,4693"
-0.8111888111888113,0.8111888111888113,"2306,7049","2306,7049"
0.8103448275862069,-0.5217391304347826,"5994,8611","5994,10723"
0.8091603053435115,0.0763358778625954,"5256,10041","5256,25663"
-0.8076923076923077,0.8076923076923077,"2996,13264","2996,13264"
0.8076923076923077,-0.8076923076923077,"4697,12973","4697,12973"
0.8064516129032258,-0.8064516129032258,"4903,6126","4903,6126"
0.8051948051948052,0.1904551758920691,"2301,8945","2301,2674"
0.8021978021978022,0.0714285714285714,"2468,10942","2468,4516"
0.8017241379310345,-0.2288015828151498,"2482,4932","2482,5269"
-0.8017241379310345,0.1120689655172413,"1165,14309","1165,22532"
0.8013698630136986,-0.2296009529481834,"2526,10665","2526,9966"
0.8009708737864077,0.0533980582524271,"2081,10222","2081,18436"
0.8,0.0789619857663599,"4004,7368","191,4004"
-0.8,-0.3529411764705882,"3208,15287","3208,11499"
0.7992424242424243,-0.7992424242424243,"2353,12237","2353,12237"
0.7989276139410187,-0.7989276139410187,"1209,8029","1209,8029"
0.7972972972972973,0.1621621621621621,"3837,13599","3837,23255"
-0.7971204188481675,0.7971204188481675,"309,9619","309,9619"
0.796875,-0.5714285714285714,"5210,7244","6677,7244"
-0.7966101694915254,-0.7916666666666666,"3581,5172","3377,5172"
0.7966101694915254,-0.7966101694915254,"3416,5103","3416,5103"
-0.7966101694915254,-0.1216101694915254,"2677,14978","2677,9458"
0.7962962962962963,-0.0833333333333333,"4898,10305","4666,4898"
0.7962962962962963,0.1574074074074074,"4479,13934","4479,19333"
0.7959183673469388,0.1428571428571428,"4445,5874","4445,21509"
0.794392523364486,0.0205778959101431,"3179,3558","3179,3808"
0.7941176470588236,-0.7941176470588236,"891,9735","891,9735"
0.79375,0.0625,"3913,6489","3913,25451"
-0.7936507936507937,0.7936507936507937,"3222,14021","3222,14021"
0.7933130699088146,0.1003039513677811,"1729,5890","1729,2818"
-0.7924528301886793,0.2075471698113207,"3049,15203","3049,15029"
-0.7920792079207921,-0.2417194956905762,"1397,5302","774,1397"
-0.7905759162303665,0.7905759162303665,"1188,10016","1188,10016"
-0.7887323943661972,0.7887323943661972,"3093,11753","3093,11753"
-0.7885375494071146,0.7885375494071146,"367,3281","367,3281"
0.7874015748031495,0.0433070866141732,"1202,1240","908,1202"
0.7865168539325843,0.1685393258426966,"6531,10592","6531,21073"
-0.7837837837837838,-0.382716049382716,"3344,13120","4287,13120"
0.7833333333333333,-0.7833333333333333,"1122,10950","1122,10950"
-0.7830188679245284,-0.0376735786786225,"1360,14376","1159,1360"
-0.782608695652174,0.217391304347826,"3557,15513","3557,25528"
-0.782051282051282,0.0737179487179487,"291,14133","291,17388"
0.7818877551020408,0.0471938775510204,"199,6800","199,1692"
0.7818181818181819,0.1,"5361,7699","5361,24694"
0.7796610169491526,0.1694915254237288,"5085,6511","5085,26087"
-0.7777777777777778,0.7777777777777778,"5804,7635","5804,7635"
0.7777777777777778,0.1645569620253164,"3714,5858","5327,5858"
-0.7777777777777778,-0.0382293762575452,"3004,15179","1851,3004"
0.7777777777777778,-0.2125,"2985,15165","1914,15165"
0.7768595041322314,-0.7768595041322314,"4560,12095","4560,12095"
0.7764705882352941,0.2470588235294117,"2769,6480","6480,18016"
-0.7755102040816326,0.7755102040816326,"4691,7450","4691,7450"
0.7741935483870968,0.3225806451612903,"6869,12636","6869,18400"
0.7733333333333333,0.17,"6905,13273","1199,6905"
0.7727272727272727,0.2954545454545454,"2743,9888","9888,21814"
-0.7708333333333334,-0.0947867298578199,"3506,9020","3212,3506"
0.7708333333333334,-0.7708333333333334,"10153,12364","10153,12364"
0.7708333333333334,-0.7708333333333334,"3995,5577","3995,5577"
0.7705882352941177,-0.218954248366013,"1326,8723","932,1326"
0.7696335078534031,0.0732984293193717,"1250,10241","1250,16410"
0.7695652173913043,0.2304347826086956,"1755,8474","1755,14785"
-0.7692307692307693,-0.028169014084507,"3157,7661","103,3157"
-0.7692307692307693,-0.1578947368421052,"3219,15296","3219,7103"
0.7692307692307692,0.1923076923076923,"7191,9203","9203,26618"
0.7687074829931972,0.1496598639455782,"3711,7994","1416,3711"
-0.7685185185185185,-0.0945945945945946,"1350,14374","1350,2117"
-0.7679558011049724,0.0718232044198895,"684,14199","684,22487"
0.7678571428571428,0.2321428571428571,"6193,6615","6615,21713"
0.7675840978593272,-0.0182965815651346,"1518,10773","166,1518"
0.7663551401869159,0.2476635514018691,"1979,3872","1979,14767"
0.7662337662337663,-0.7662337662337663,"5404,9247","5404,9247"
-0.7659574468085106,0.7659574468085106,"9382,9604","9382,9604"
0.7651006711409396,0.0671140939597315,"2073,3950","2073,6815"
0.764367816091954,-0.3090909090909091,"726,14206","7813,14206"
0.7627118644067796,-0.3034705407586764,"4712,12830","4712,12588"
0.7619047619047619,-0.2619047619047619,"5134,6971","4181,6971"
0.7619047619047619,-0.0455486542443064,"6808,13926","6808,11155"
-0.7619047619047619,0.0952380952380952,"1419,14392","1419,24088"
0.7610619469026548,0.1327433628318584,"4664,4878","2102,4878"
0.7608695652173914,0.5434782608695652,"5255,5725","5255,14055"
0.7608370702541106,0.0134529147982062,"115,7530","115,19059"
0.7605633802816901,0.6056338028169014,"2909,13196","2909,15116"
0.759026369168357,0.1379310344827586,"724,3142","724,14630"
0.7586206896551724,-0.1038423645320197,"1389,4395","1256,1389"
0.7586206896551724,-0.5977011494252873,"3657,10893","3657,7508"
-0.7578947368421053,0.2421052631578947,"647,14189","647,15012"
0.7573031875866192,0.033288948069241,"1262,3233","1262,16847"
-0.7560975609756098,-0.1673469387755102,"4286,16043","3088,4286"
-0.7558139534883721,-0.0851063829787234,"936,1871","936,4915"
0.7555555555555555,-0.7555555555555555,"6796,7153","6796,7153"
0.7551020408163265,-0.4761904761904761,"3528,12239","12026,12239"
-0.7551020408163265,-0.0444102169169554,"3503,3999","2712,3503"
0.7543859649122807,0.3939393939393939,"2952,6635","6635,21782"
-0.75,-0.0322061191626409,"3546,15506","165,3546"
0.75,0.175,"3838,6413","3838,17942"
-0.75,0.75,"6525,12600","6525,12600"
0.75,0.2115384615384615,"8050,8178","8050,16710"
0.7479674796747968,0.1626016260162601,"4239,10232","4239,18211"
0.7469879518072289,0.2650602409638554,"5675,9719","5675,17515"
0.7457627118644068,0.559322033898305,"3945,6668","3945,15778"
0.7454545454545455,-0.7454545454545455,"3115,5979","3115,5979"
0.7454545454545455,0.2454545454545454,"4706,7484","4706,16555"
-0.7450980392156863,-0.0897435897435897,"3412,15418","1562,3412"
-0.7446808510638298,-0.1527777777777778,"1655,7937","1655,3539"
0.7441860465116279,-0.7441860465116279,"4171,4292","4171,4292"
-0.7441860465116279,-0.088,"4150,15934","4150,5897"
0.7440860215053764,-0.1409842845326716,"201,3513","201,5347"
0.7435897435897436,0.1004273504273504,"7381,7811","5747,7381"
-0.7435897435897436,0.7435897435897436,"4510,11432","4510,11432"
0.7435897435897436,0.2055002289377289,"2251,4487","1146,2251"
0.7435897435897436,-0.0,"4602,11741","11741,13861"
0.7432432432432432,-0.7105263157894737,"4020,7420","4020,4927"
0.7420382165605095,0.0700636942675159,"1126,6764","1126,16668"
0.7413793103448276,0.2241379310344827,"9172,13723","9172,22345"
0.7413793103448276,0.1724137931034483,"6854,12450","6854,26830"
-0.7407407407407407,0.2592592592592592,"3198,14483","3198,21222"
-0.7391304347826086,0.7391304347826086,"3175,9987","3175,9987"
0.7386363636363636,0.3977272727272727,"3710,5929","3710,15622"
0.7380952380952381,0.3095238095238095,"7428,10851","7428,22035"
0.7380952380952381,-0.1226415094339622,"4316,16069","3456,16069"
0.736842105263158,0.2982456140350877,"5703,8124","8124,19749"
-0.7368421052631579,0.2631578947368421,"4456,4622","4622,9835"
0.7346938775510204,0.1587301587301587,"3540,5934","5934,25251"
0.7346938775510203,0.2040816326530612,"9640,10404","6484,9640"
-0.734375,0.734375,"7263,12770","7263,12770"
0.7333333333333334,-0.7333333333333334,"3600,11877","3600,11877"
0.7329842931937173,0.2198952879581152,"2413,10615","2413,15171"
0.7325208968049371,0.2231075697211155,"2176,3162","2176,14698"
0.7305699481865284,-0.5025906735751295,"1119,8207","1119,1872"
0.7301587301587302,-0.7301587301587302,"5489,8852","5489,8852"
0.7297297297297297,0.1355325914149443,"8454,11612","4018,8454"
-0.7297297297297297,0.7297297297297297,"6409,9376","6409,9376"
-0.7297297297297297,0.2702702702702703,"4833,7102","1025,4833"
0.7291666666666667,0.5027515723270439,"3723,9360","3723,8617"
0.7285714285714286,-0.1831168831168831,"1491,4391","409,1491"
-0.7285714285714286,-0.2549019607843137,"1123,9808","7235,9808"
-0.7281553398058253,-0.4715258658165484,"1526,14433","1526,2998"
0.7278911564625851,0.3333333333333333,"966,2093","2093,16187"
0.7272727272727273,0.3818181818181818,"6224,13423","6224,17790"
0.7272727272727273,-0.3111111111111111,"2645,4145","4145,4742"
0.7263513513513513,-0.1105632029545072,"961,11716","961,1520"
-0.7256637168141593,0.0442477876106194,"544,1662","544,26831"
0.7241379310344828,-0.7241379310344828,"1932,11037","1932,11037"
0.722972972972973,0.0405405405405405,"501,13706","501,23467"
0.7229551451187335,0.1187335092348284,"994,12942","994,15041"
0.7227488151658767,-0.7180094786729858,"802,7246","802,8902"
-0.7222222222222222,0.7222222222222222,"10098,11569","10098,11569"
0.7222222222222222,-0.7222222222222222,"7976,12842","7976,12842"
0.7222222222222222,0.196078431372549,"5162,6462","6462,26505"
-0.7222222222222222,-0.3780487804878049,"5073,16700","4289,5073"
0.7214611872146119,-0.5925925925925926,"1978,12607","1978,8359"
0.7205882352941176,0.7205882352941176,"2518,13928","2518,14885"
0.72,0.26,"9594,11719","9594,22446"
0.72,0.0357446808510638,"4017,4130","4017,6895"
-0.7192982456140351,-0.4571428571428571,"116,144","116,7033"
-0.7192982456140351,-0.4144144144144144,"2529,3072","2287,3072"
0.7184867918678556,0.0056208482370975,"23,539","23,24419"
0.7181442928930366,-0.6130653266331658,"1477,2754","1477,10682"
0.7173913043478262,-0.5652173913043479,"6613,6614","6613,8300"
-0.7166666666666667,-0.2,"2920,6638","4358,6638"
0.7166456796785993,0.083514887436456,"429,1301","1301,4388"
0.7164179104477613,0.3582089552238806,"5566,11048","5566,8437"
0.7160493827160495,0.2469135802469135,"2689,7069","2689,9352"
0.7157190635451505,-0.0603826656775469,"358,782","782,3798"
0.7142857142857143,-0.1342756183745583,"5282,7385","3400,7385"
0.7124463519313304,0.0729613733905579,"1238,11869","1238,8529"
0.7115384615384616,-0.7115384615384616,"5205,6933","5205,6933"
0.7115384615384616,0.3269230769230769,"6672,10429","6672,19433"
0.7115068493150685,-0.0216269841269841,"2211,3309","36,2211"
0.7112970711297071,0.0543933054393305,"1713,11276","1713,22063"
-0.7111111111111111,0.7111111111111111,"4070,7090","4070,7090"
-0.7111111111111111,-0.575975975975976,"4109,7996","1899,4109"
0.7105263157894737,0.0,"4960,8876","1989,8876"
-0.7105263157894737,-0.0664335664335664,"4910,9629","988,4910"
0.7096774193548387,-0.1818181818181818,"2835,15081","4136,15081"
0.7092731829573935,-0.1560693641618497,"428,5825","428,2185"
0.7090909090909091,-0.1234567901234567,"3263,15323","4023,15323"
0.707536231884058,0.0797101449275362,"1686,3231","1686,7626"
0.7068965517241379,0.6206896551724138,"1547,1596","1596,14466"
0.7058823529411765,-0.0802469135802469,"3583,15531","4251,15531"
0.7049180327868853,-0.7049180327868853,"2940,8100","2940,8100"
-0.7045454545454546,0.7045454545454546,"4056,4198","4056,4198"
0.7045454545454546,-0.3641304347826086,"4248,5283","3842,5283"
0.7028985507246377,-0.0730553090801538,"806,11290","806,2154"
0.7023809523809523,0.1785714285714285,"5227,11075","5227,20479"
0.7022900763358779,-0.7022900763358779,"1169,1635","1169,1635"
-0.7019867549668874,0.119205298013245,"980,1204","980,7755"
-0.7018633540372671,0.1801242236024844,"888,6812","888,16188"
0.7017353579175705,-0.2327759251465017,"48,1353","48,587"
0.7011494252873562,-0.3333333333333333,"4694,12961","4694,6171"
0.7,-0.1886792452830188,"4773,16455","6044,16455"
0.7,-0.7,"2969,8162","2969,8162"
-0.6993464052287581,-0.0101522842639593,"2532,5500","762,5500"
0.6986147186147187,0.0088311688311688,"69,4320","69,19483"
0.6976744186046512,0.4166666666666667,"4341,9564","9564,26700"
0.6976744186046512,-0.6976744186046512,"3046,4389","3046,4389"
-0.6976744186046512,0.3023255813953488,"3938,4360","4360,10840"
0.6972477064220184,0.1009174311926605,"3993,12345","3993,7721"
0.696969696969697,0.3636363636363636,"4840,11357","11357,23559"
0.696969696969697,-0.696969696969697,"10649,13563","10649,13563"
0.6956521739130435,0.4202898550724637,"4470,6539","4470,16197"
-0.6956521739130435,-0.0945558739255014,"4158,15946","696,4158"
0.6956521739130435,-0.5217391304347826,"2267,4432","1840,2267"
0.6952380952380952,-0.6952380952380952,"4053,8566","4053,8566"
-0.6944444444444444,-0.0427350427350427,"2106,5389","2106,3392"
-0.6933333333333334,-0.1683168316831683,"2394,14809","2394,4035"
0.693069306930693,0.021062106210621,"4321,13946","4321,8236"
0.6923076923076923,-0.6923076923076923,"5859,7989","5859,7989"
0.6909090909090909,0.1818181818181818,"4707,6538","4707,26284"
0.69079754601227,0.1411042944785276,"276,11153","276,9046"
0.6902985074626866,0.1455223880597015,"1365,9504","1365,4887"
0.6891891891891891,-0.4727272727272727,"1597,2406","1597,5023"
-0.6875,0.6875,"6605,10759","6605,10759"
0.6875,-0.1571428571428571,"6727,7951","1297,6727"
0.6875,0.3125,"11336,13921","11336,26704"
0.6875,-0.1904761904761904,"6146,12293","6862,12293"
0.686046511627907,0.0581395348837209,"2166,8872","2166,6263"
-0.6859903381642513,0.0917874396135265,"657,14190","657,18459"
0.6857142857142857,0.6857142857142857,"5648,12774","5648,17241"
-0.6857142857142857,-0.1034482758620689,"5624,17209","2816,5624"
0.6851696530690049,-0.6851696530690049,"619,4174","619,4174"
0.6850393700787402,-0.6850393700787402,"2708,5180","2708,5180"
0.6842105263157895,-0.0215311004784689,"6038,9880","2705,9880"
0.6842105263157895,0.6842105263157895,"2391,5098","5098,16720"
-0.6842105263157895,0.6842105263157895,"5119,9433","5119,9433"
0.6842105263157895,0.0947368421052631,"1217,7564","1217,7170"
0.6842105263157895,0.2894736842105263,"5535,12645","5535,17623"
0.6842105263157895,0.2894736842105263,"5532,5765","5532,17620"
-0.6834924965893588,-0.1927083333333333,"109,14119","109,2328"
-0.6829268292682926,0.6829268292682926,"1195,5281","1195,5281"
0.6825396825396826,0.6825396825396826,"443,2873","2873,7791"
0.6821192052980132,0.119205298013245,"2573,6005","2573,19246"
-0.6813186813186813,-0.0316455696202531,"796,14222","796,2803"
-0.68,-0.6799999999999999,"1309,14359","1309,3042"
0.6785714285714286,0.1067415730337078,"707,3395","707,13076"
-0.6774193548387097,0.6774193548387097,"6853,7617","6853,7617"
-0.6774193548387096,0.3225806451612903,"6362,11967","6362,7551"
-0.6774193548387096,0.1298095608239409,"6223,17789","6223,8103"
-0.676923076923077,0.676923076923077,"1246,13417","1246,13417"
0.6764705882352942,-0.6086956521739131,"5691,7583","4625,5691"
-0.6764705882352942,0.0955882352941176,"1181,14314","1181,22454"
0.6764705882352942,-0.6764705882352942,"3846,5782","3846,5782"
0.6764705882352942,0.4516129032258064,"4753,5682","4753,16442"
0.6764705882352942,0.3823529411764705,"5276,10150","10150,22112"
-0.6764705882352942,0.6764705882352942,"5902,9947","5902,9947"
0.6764705882352942,0.3529411764705882,"5788,10713","10713,14071"
-0.6746987951807228,0.1204819277108433,"2181,14701","2181,25501"
0.6734693877551021,-0.6734693877551021,"4024,7691","4024,7691"
0.6705882352941177,-0.6352941176470588,"4312,6512","4312,12321"
-0.6705882352941176,-0.296875,"2156,14684","2156,3708"
0.6694915254237288,-0.1627785183774519,"1457,9397","1457,1465"
-0.6666666666666667,-0.1276595744680851,"5480,9074","3254,9074"
-0.6666666666666667,-0.0054968287526427,"4556,6109","16,4556"
-0.6666666666666667,0.6666666666666667,"6071,12536","6071,12536"
0.6666666666666667,0.0833333333333332,"5635,5843","5635,6266"
0.6666666666666666,-0.5454545454545454,"5988,17559","11241,17559"
-0.6666666666666666,0.3333333333333333,"6731,8413","1602,6731"
0.6666666666666666,-0.1149425287356321,"6671,10844","7533,10844"
-0.6666666666666666,0.0556131260794473,"2509,14877","2498,2509"
0.6666666666666666,0.3,"5241,6052","5241,20509"
0.6655948553054662,-0.0893280632411067,"849,10077","14,849"
0.6642774118558697,-0.3890449438202247,"2644,4484","4484,5343"
-0.6619718309859155,-0.4119718309859155,"2678,14981","2678,3623"
0.6607142857142857,0.3214285714285714,"6986,13539","6986,18942"
-0.6605504587155964,0.2110091743119266,"1613,14472","1613,9234"
-0.6603773584905661,0.6603773584905661,"5790,8012","5790,8012"
-0.6599999999999999,0.6599999999999999,"3994,9233","3994,9233"
0.6597222222222222,-0.0030684754521963,"1132,6777","881,1132"
0.6590909090909091,0.5454545454545454,"4535,10940","10940,21537"
-0.6590909090909091,-0.0972602739726027,"4545,14214","363,4545"
-0.6590909090909091,0.3409090909090909,"4492,16218","4492,19361"
-0.6587301587301587,0.6587301587301587,"1057,2609","1057,2609"
-0.6578947368421053,0.2331134375448157,"5279,10891","2704,5279"
0.6571428571428571,-0.6571428571428571,"6238,11148","6238,11148"
0.6563876651982379,0.1307201294614762,"1464,2454","721,1464"
0.65625,-0.0123915737298636,"6452,9128","868,6452"
-0.65625,-0.2466666666666666,"6476,12334","3497,6476"
-0.6551724137931034,-0.0621468926553672,"7262,7842","2788,7262"
-0.6551724137931034,0.3448275862068966,"7126,7416","1155,7126"
0.6551724137931034,0.3636363636363636,"6458,7152","6458,23426"
0.6551724137931034,-0.0471698113207547,"4763,7015","2533,4763"
0.6542056074766356,-0.1187214611872146,"2164,10319","1310,2164"
-0.6521739130434783,0.6521739130434783,"4338,8873","4338,8873"
-0.65,-0.0071942446043165,"5149,16783","9,5149"
0.649746192893401,-0.649746192893401,"1456,12222","1456,12222"
-0.6487603305785123,-0.1545677909314273,"575,14177","575,9590"
-0.6486486486486487,0.6486486486486487,"1856,5549","1856,5549"
0.6470588235294118,0.48,"3625,6084","3625,15565"
-0.6470588235294118,0.2107324018866245,"6170,16840","992,6170"
0.6470588235294117,-0.3529411764705882,"3912,5964","3912,8771"
0.6455696202531646,0.170886075949367,"2199,8432","2199,16545"
0.6452991452991452,-0.6452991452991452,"945,7178","945,7178"
0.6451612903225806,-0.564516129032258,"4882,7080","4882,5384"
-0.6451612903225806,-0.2512218963831867,"6637,17311","6637,6737"
0.6446280991735538,-0.6446280991735538,"496,5139","496,5139"
-0.6444444444444444,0.6444444444444444,"4041,7847","4041,7847"
0.6428571428571429,0.5652173913043478,"4855,10010","7507,10010"
0.6428571428571429,0.4423076923076923,"5903,7646","5903,17492"
0.6428571428571429,0.096,"4494,7613","4494,22898"
-0.6428571428571429,-0.0887096774193548,"7522,19092","5895,7522"
0.6428571428571428,-0.6428571428571428,"7267,7536","7267,7536"
-0.6428571428571428,0.6428571428571428,"7589,8794","7589,8794"
0.6428571428571428,0.2428571428571428,"4949,6729","4949,5651"
0.6428571428571428,-0.6428571428571428,"4908,7344","4908,7344"
-0.6424870466321243,0.3575129533678756,"794,8501","794,14514"
0.6422018348623852,0.1559633027522936,"3271,8477","3271,19481"
0.6417682926829268,0.0853658536585365,"1939,6112","1939,16461"
0.6413043478260869,-0.6413043478260869,"2056,12225","2056,12225"
-0.6410256410256411,0.2179487179487179,"2451,14847","2451,19299"
0.6404287138584247,0.111864406779661,"1133,2334","1133,15827"
-0.6403508771929824,-0.3333333333333333,"1578,14454","1578,13682"
-0.64,0.1866666666666666,"2606,7061","2606,21194"
0.6388888888888888,0.0763888888888889,"1395,4547","1395,24737"
-0.6388888888888888,0.3611111111111111,"5919,17501","5919,22558"
0.6382978723404256,0.175438596491228,"4342,5459","5459,17587"
-0.6382978723404256,0.6382978723404256,"4152,4448","4152,4448"
0.6377952755905512,0.2387514060742407,"974,11669","974,2804"
0.6363636363636364,0.1239669421487603,"2864,10637","2864,21110"
-0.6363636363636364,0.0499108734402852,"6442,17980","6400,6442"
0.6363636363636364,0.2272727272727272,"7402,7403","7402,21123"
-0.6363636363636364,0.2644628099173554,"1475,14415","1475,15902"
0.6363636363636364,0.0219780219780219,"83,2523","83,19097"
0.6363636363636364,0.2988095238095237,"6234,6285","3262,6285"
-0.6346153846153846,-0.4827586206896552,"4010,7571","7571,9177"
0.6346153846153846,0.3032786885245901,"3362,3935","3362,15451"
0.6341463414634146,0.0689655172413793,"4037,5168","4037,19236"
-0.6341463414634146,-0.4711111111111111,"5011,16652","977,5011"
-0.6341463414634146,-0.2298311444652908,"2379,14800","2379,9493"
0.6333333333333333,-0.1298701298701298,"7024,12943","3920,12943"
-0.6333333333333333,0.1833333333333333,"3424,15426","3424,16403"
-0.6333333333333333,0.6333333333333333,"6991,8924","6991,8924"
-0.6333333333333333,-0.1294117647058823,"7210,13925","3139,7210"
-0.6326530612244898,0.6326530612244898,"7501,10780","7501,10780"
-0.631578947368421,-0.152061855670103,"2033,14623","933,2033"
0.6304347826086957,0.2669902912621359,"610,2126","610,14735"
0.6296296296296297,-0.6296296296296297,"8111,8112","8111,8112"
0.6296296296296297,-0.1034482758620689,"2261,6374","4751,6374"
-0.6296296296296297,-0.4347826086956521,"8071,19685","8071,10228"
-0.6296296296296297,0.3703703703703703,"4478,8132","8132,9389"
-0.6296296296296297,0.3703703703703703,"7901,19523","7901,26190"
0.6296296296296297,-0.1666666666666666,"7956,19594","5206,19594"
0.6296296296296297,0.0080699394754539,"126,7772","126,3806"
0.6285714285714286,0.3142857142857143,"8259,10500","10500,25165"
-0.6285714285714286,0.3714285714285714,"5961,17538","5961,21646"
0.627906976744186,0.2325581395348837,"7002,8091","8091,26871"
0.6274509803921569,-0.6274509803921569,"6706,12380","6706,12380"
-0.6262626262626263,-0.2391304347826087,"1970,14597","1970,10444"
0.625,0.2222222222222222,"4846,9910","4846,15028"
0.625,-0.625,"8956,12255","8956,12255"
0.625,-0.625,"5268,5805","5268,5805"
0.623015873015873,0.2857142857142857,"437,6157","6157,20275"
0.6222222222222222,0.4761904761904761,"4749,11742","11742,12723"
0.6222222222222222,-0.6222222222222222,"3709,10119","3709,10119"
-0.6209677419354839,-0.047112462006079,"1488,2410","1407,1488"
0.6201257861635221,-0.3,"1139,4995","4995,5622"
0.62,0.1066666666666666,"2140,7667","2140,19932"
-0.6181818181818182,0.6181818181818182,"3791,9205","3791,9205"
0.6176470588235294,-0.5666666666666667,"6427,7498","7498,7926"
0.6176470588235294,0.2043589743589743,"6261,10093","2927,10093"
0.6176470588235294,-0.2857142857142857,"6499,18038","7430,18038"
0.6171171171171171,0.0765765765765765,"1318,8990","1318,19526"
0.6170212765957447,0.2340425531914893,"7607,12458","5052,7607"
-0.6161616161616162,0.6161616161616162,"508,1934","508,1934"
-0.6153846153846154,0.0512820512820513,"8391,10445","6648,8391"
0.6153846153846154,-0.4363636363636363,"2491,8674","2491,5523"
0.6153846153846154,-0.6153846153846154,"4521,11607","4521,11607"
-0.6153846153846154,-0.0597014925373134,"8325,19991","2702,8325"
0.6153846153846154,0.6153846153846154,"8332,9271","3037,8332"
-0.6153846153846154,-0.6153846153846154,"5626,17211","5626,10659"
0.6153846153846154,0.087719298245614,"2466,8706","2466,10722"
-0.6153846153846154,0.6153846153846154,"8287,10806","8287,10806"
-0.6153846153846154,0.3846153846153846,"8346,15076","5164,8346"
0.6153846153846154,-0.1282051282051282,"8289,18485","7991,18485"
0.6153846153846154,-0.054140127388535,"8486,13615","1327,13615"
-0.6142131979695431,-0.0555837563451776,"821,13042","821,4719"
-0.6136363636363636,0.6136363636363636,"4902,12169","4902,12169"
0.6130841121495327,-0.6130841121495327,"1261,2201","1261,2201"
-0.6129032258064516,0.3870967741935484,"6897,18441","6897,22650"
-0.6129032258064516,-0.1240143369175627,"7108,18661","5689,7108"
0.6129032258064516,-0.1666666666666666,"6992,18555","3560,18555"
0.6118881118881119,-0.0708898944193061,"915,4897","915,964"
0.6111111111111112,-0.3888888888888888,"6135,10533","2813,6135"
0.6106194690265487,0.2168141592920354,"1255,3587","1255,14905"
0.6086956521739131,-0.6086956521739131,"4704,11580","4704,11580"
-0.6074766355140186,0.1682242990654205,"1858,14561","1858,6064"
0.6071428571428572,-0.2448979591836734,"7844,12068","7844,7889"
0.6071428571428572,0.3214285714285714,"6203,13180","6203,19251"
0.6071428571428572,0.1785714285714285,"6090,11094","6090,26346"
-0.6071428571428571,-0.2413793103448276,"7861,19485","6535,7861"
-0.6065573770491803,0.1967213114754098,"3495,13407","3495,23278"
0.6060606060606061,0.303030303030303,"8046,9795","9795,25470"
0.6055743243243243,-0.6055743243243243,"290,3617","290,3617"
-0.6046511627906976,0.1395348837209302,"1443,14403","1443,18846"
-0.60431654676259,0.1870503597122302,"1344,14369","1344,8841"
0.6039603960396039,-0.6039603960396039,"2659,5188","2659,5188"
-0.6037735849056604,0.2075471698113207,"4153,15943","4153,17430"
-0.6031746031746031,-0.0872287753021698,"3371,15388","763,3371"
-0.6027397260273972,-0.4444444444444444,"2849,15085","2849,4687"
0.602216748768473,-0.0534412671712923,"1776,2057","353,2057"
-0.6015669149755972,0.6015669149755972,"20,616","20,616"
0.6009174311926606,-0.1313131313131313,"1271,2442","1271,4005"
0.6,-0.6,"5322,9056","5322,9056"
0.6,0.2666666666666666,"5546,6906","5546,20048"
-0.6,-0.1999999999999999,"8846,10763","7348,8846"
-0.6,-0.15,"9018,20760","5659,9018"
0.6,-0.6,"7087,8997","7087,8997"
0.6,-0.0446859903381642,"3980,5803","4657,5803"
0.6,-0.4265873015873016,"1788,8907","1788,5212"
0.6,0.5555555555555556,"9224,9566","9225,9566"
-0.6,-0.1624999999999999,"6795,7540","7540,7541"
0.6,-0.4,"5467,9801","5467,11770"
0.5974025974025974,-0.4013605442176871,"2731,5150","2052,5150"
-0.5970149253731343,0.5970149253731343,"4847,10953","4847,10953"
0.5967741935483871,0.1612903225806451,"5417,10522","5417,26906"
-0.5961538461538461,0.1923076923076923,"4183,4792","4183,25284"
-0.5952380952380952,-0.2435897435897435,"5391,16993","5391,6416"
-0.5945945945945946,0.2702702702702703,"2798,10178","2798,18117"
-0.5945945945945946,-0.4166666666666667,"6149,12462","6149,9560"
-0.5945945945945946,-0.5,"5985,17554","5985,12373"
-0.59375,0.40625,"7071,9309","7071,22024"
0.59375,0.0052140504939626,"30,7128","30,18442"
-0.59375,-0.5,"6908,10531","6908,9969"
0.59375,0.4545454545454545,"6918,10671","10671,25476"
-0.59375,-0.2678571428571428,"7097,18652","3082,7097"
0.59375,-0.275,"7193,14551","1833,14551"
0.5932203389830508,0.1765536723163841,"3676,4211","3676,6272"
0.5925925925925926,-0.1089108910891089,"8684,20367","5096,20367"
0.5925925925925926,0.0291139240506329,"2814,8430","2814,3717"
-0.5925925925925926,-0.1083333333333333,"8282,19945","5507,8282"
-0.5925925925925926,-0.0462962962962962,"8507,14005","5156,8507"
-0.5923076923076923,0.0769230769230769,"1479,14419","1479,26468"
-0.5918367346938775,-0.5172413793103449,"4609,5191","4609,9028"
0.5909090909090908,-0.3290945165945165,"1603,2441","735,1603"
0.5909090909090908,-0.5909090909090908,"7375,12559","7375,12559"
-0.5903614457831325,0.2771084337349397,"2570,14907","2570,17497"
-0.5901639344262295,0.0523532522474881,"3618,15559","3363,3618"
-0.5897435897435898,0.1776982707215265,"5736,9647","5736,7130"
0.5897435897435898,0.3333333333333333,"3879,8461","8461,22164"
-0.5891472868217055,-0.3842746400885936,"1495,14425","1495,12330"
-0.589041095890411,0.2465753424657534,"2937,4344","2937,19137"
-0.5888888888888889,-0.0651162790697674,"3517,8188","882,8188"
0.5888198757763976,0.3642135642135642,"1140,1695","1650,1695"
-0.5888157894736843,0.5888157894736843,"775,5779","775,5779"
0.5882352941176471,0.2941176470588235,"9696,11035","9696,27010"
-0.5882352941176471,0.1470588235294117,"3143,15257","3143,25467"
-0.5871559633027523,0.2660550458715596,"1889,12707","1889,16257"
-0.5869565217391304,0.5869565217391304,"6981,8284","6981,8284"
-0.5868263473053892,0.1017964071856287,"1093,14284","1093,19585"
0.5862068965517241,-0.5,"7866,19494","12212,19494"
-0.5862068965517241,-0.2542372881355932,"7680,19283","6197,7680"
0.5862068965517241,0.0680272108843537,"3989,7941","3989,26343"
-0.5862068965517241,-0.0251716247139588,"7712,19323","807,7712"
0.5862068965517241,-0.3232323232323232,"7777,15871","3064,15871"
-0.5853658536585367,0.5853658536585367,"7831,9252","7831,9252"
0.5853658536585366,0.1428571428571428,"5064,5632","5064,25291"
-0.5833333333333334,-0.1020408163265306,"9412,21216","2566,9412"
0.5833333333333334,-0.1408450704225352,"7608,9349","3199,7608"
-0.5833333333333334,0.1833333333333333,"3763,15664","3763,25068"
-0.582089552238806,0.2686567164179104,"3280,15331","3280,19009"
0.5816761363636364,-0.2907196969696969,"827,3045","827,11113"
-0.5813953488372093,0.0651162790697674,"784,14220","2,784"
-0.5806451612903226,0.4193548387096774,"7647,11356","4844,7647"
-0.5798319327731093,-0.077590141487905,"1689,14506","468,1689"
-0.5795454545454546,-0.2528735632183908,"2439,14840","840,2439"
0.5793650793650793,0.0952380952380952,"2346,13469","2346,23431"
-0.5789473684210527,-0.375,"1838,5557","2170,5557"
-0.5789473684210527,-0.4,"1487,1630","1487,5550"
0.5789473684210527,-0.5789473684210527,"8280,13125","8280,13125"
0.5777777777777777,0.2222222222222222,"5319,7112","7112,14249"
0.5775862068965517,-0.0985789525986286,"902,2549","979,2549"
0.5769230769230769,-0.1938775510204081,"3804,8921","3804,12500"
-0.5769230769230769,0.5769230769230769,"8868,9268","8868,9268"
-0.5769230769230769,-0.3793103448275862,"8720,20409","7466,8720"
-0.5764705882352941,0.5764705882352941,"3609,5936","3609,5936"
-0.576271186440678,-0.3125,"3874,15731","3874,6220"
-0.5751633986928104,0.0718954248366013,"1251,14339","1251,24700"
-0.575,0.425,"5239,5849","5849,19625"
-0.574468085106383,0.2127659574468085,"4809,10672","923,4809"
0.5740740740740741,-0.44,"3772,4270","4270,9609"
-0.5725190839694656,-0.3157894736842105,"1548,7587","1548,8949"
0.5714912280701754,0.0184210526315789,"376,6646","376,17840"
0.5714285714285714,-0.5714285714285714,"5544,12160","5544,12160"
0.5714285714285714,0.0272727272727272,"307,8660","307,22781"
0.5714285714285714,0.2307692307692307,"3328,9269","3328,18075"
-0.5714285714285714,-0.38,"2599,6760","2599,4294"
0.5714285714285714,-0.5714285714285714,"7496,12125","7496,12125"
0.5714285714285714,0.2653061224489796,"5235,6495","6495,22419"
-0.5714285714285714,-0.1785714285714285,"8638,9616","8079,8638"
-0.5714285714285714,-0.0714285714285714,"8605,20276","8605,13382"
-0.5714285714285714,0.4285714285714285,"8224,19862","8224,22800"
-0.5714285714285714,-0.032051282051282,"8246,19899","1584,8246"
-0.5714285714285714,-0.0873493975903614,"3593,15538","830,3593"
-0.5714285714285714,0.2040816326530612,"4653,10632","4653,25673"
-0.5686274509803921,-0.1527777777777778,"6139,9380","9061,9380"
0.5684394071490846,0.2741935483870967,"4807,7966","7966,19605"
0.5681818181818182,-0.4468085106382978,"2511,14878","6528,14878"
-0.5681818181818181,-0.375,"5349,7075","1911,7075"
0.5678594664931685,0.1162935721138471,"725,3637","725,752"
-0.5675675675675675,0.5675675675675675,"8514,8515","8514,8515"
-0.5675675675675675,0.5675675675675675,"5643,6519","5643,6519"
0.5666666666666667,0.2956989247311828,"6850,7705","3166,6850"
0.5666666666666667,0.1818181818181818,"5809,8038","5809,19039"
-0.5666666666666667,-0.1415094339622641,"8024,19647","2179,8024"
0.5655655655655656,0.0327169274537695,"213,8260","213,17494"
0.5655172413793104,-0.4344827586206896,"1384,11489","1384,6527"
0.5652173913043479,-0.5652173913043479,"9896,9914","9896,9914"
-0.5652173913043478,0.144927536231884,"3301,15353","3301,26584"
0.5652173913043478,0.4411764705882353,"6965,10345","5032,6965"
-0.5652173913043478,0.4347826086956521,"9972,16888","3238,9972"
0.5652173913043478,0.4285714285714285,"6819,10200","6819,20943"
-0.5652173913043478,0.4347826086956521,"10303,13818","3406,10303"
-0.564027149321267,0.564027149321267,"2350,2438","2350,2438"
0.5636363636363637,-0.4363636363636364,"4269,4523","2337,4269"
-0.5636363636363636,-0.1027397260273972,"4189,15972","2254,4189"
-0.5636363636363636,-0.203125,"4222,15996","4222,8203"
-0.5636363636363636,0.3436100131752305,"4245,16010","248,4245"
0.5625,0.1875,"4746,12319","4746,14872"
-0.5620437956204379,-0.2702702702702703,"1474,8380","1474,9197"
-0.5609756097560976,0.1341463414634146,"2697,14998","2697,24140"
-0.5609756097560976,-0.0385756676557863,"5771,10057","472,5771"
0.5606469002695418,-0.0969563853153435,"547,10242","46,547"
-0.56,0.56,"815,13745","815,13745"
-0.56,-0.2470588235294117,"9484,21313","3407,9484"
0.56,-0.56,"9510,13719","9510,13719"
0.56,0.1746031746031746,"8616,9583","8616,24953"
0.56,-0.56,"6532,9666","6532,9666"
0.56,-0.56,"9576,10384","9576,10384"
-0.5594059405940595,0.2722772277227723,"893,14240","893,14728"
-0.5592592592592592,-0.0365448504983388,"833,1062","1062,1814"
-0.5588235294117647,0.4411764705882353,"7208,18746","7208,20991"
-0.5584905660377358,0.5584905660377358,"804,12796","804,12796"
0.5580645161290323,0.1935483870967742,"2605,7480","7480,23267"
-0.5568181818181818,-0.4696969696969697,"2453,2548","2548,4724"
-0.5555555555555556,-0.0178571428571428,"6724,18255","348,6724"
0.5555555555555556,-0.5555555555555556,"3917,5362","3917,5362"
0.5555555555555556,-0.4615384615384615,"6788,18320","7483,18320"
-0.5555555555555556,-0.1231231231231231,"9094,20854","6348,9094"
-0.5555555555555556,0.4444444444444444,"8899,20619","8899,23009"
0.5555555555555556,0.2534246575342466,"2614,8984","2614,8569"
-0.5539568345323741,0.1074199463958245,"1470,14414","1470,3181"
-0.5531914893617021,0.4468085106382978,"5148,12669","5148,18009"
-0.5529411764705883,0.2117647058823529,"2664,14969","2664,19054"
0.5526315789473685,-0.4782608695652174,"6434,15783","3957,15783"
0.5526315789473684,0.1151315789473684,"6316,8294","3568,6316"
-0.5520370040917986,0.5520370040917986,"2370,2531","2370,2531"
0.5517241379310345,0.1724137931034483,"2397,10658","2397,18401"
-0.5515151515151515,0.0606060606060606,"1192,5793","1192,26003"
-0.5512820512820513,0.1666666666666666,"2954,15137","2954,22459"
-0.5508373205741627,0.5508373205741627,"1528,1775","1528,1775"
-0.5507246376811594,0.217391304347826,"3375,15391","3375,20632"
-0.5491803278688525,-0.2462580185317177,"1778,2847","1778,10011"
0.5490196078431373,0.1495689655172413,"1626,4750","1626,2875"
0.5490196078431373,-0.0920245398773006,"274,4695","274,2034"
0.5483870967741935,-0.217391304347826,"2282,8064","1101,2282"
0.547945205479452,0.0753424657534246,"1703,6617","1703,7287"
0.5476190476190477,-0.5476190476190477,"4635,5817","4635,5817"
0.5476190476190477,0.394040194040194,"386,5719","386,603"
-0.5476190476190477,0.1309523809523809,"2706,7916","2706,24580"
0.5472636815920398,-0.5472636815920398,"1185,3919","1185,3919"
0.546875,0.0,"3731,12218","11639,12218"
0.5454545454545454,-0.1479289940828402,"10417,11403","5357,11403"
0.5454545454545454,0.4705882352941176,"7594,11448","7594,20265"
-0.5454545454545454,0.4545454545454545,"9109,11283","11283,18619"
-0.5454545454545454,-0.1083333333333333,"11039,14112","4067,11039"
0.5454545454545454,0.3663500678426051,"10554,11525","7629,10554"
0.5454545454545454,0.1969696969696969,"4455,13291","4455,22602"
-0.5454545454545454,0.5454545454545454,"7577,10575","7577,10575"
0.5454545454545454,0.1041666666666666,"2371,10866","2371,20623"
-0.5454545454545454,0.4545454545454545,"9406,11332","11332,17099"
0.5454545454545454,-0.0147492625368731,"10819,12704","1902,10819"
-0.5454545454545454,-0.1470588235294117,"11501,13699","8456,11501"
0.5454545454545454,-0.1464935064935065,"2577,11305","1031,2577"
-0.5454545454545454,0.4545454545454545,"5225,11339","4758,11339"
0.5454545454545454,0.3076923076923077,"2963,8140","8140,22617"
-0.5451388888888888,0.09375,"579,14179","579,16562"
-0.5450847457627118,0.5450847457627118,"2139,3505","2139,3505"
-0.5442622950819672,0.5442622950819672,"586,2136","586,2136"
-0.5441176470588235,0.0768590455049944,"3444,13283","1259,3444"
-0.5434782608695652,-0.0327380952380952,"5230,16853","1947,5230"
0.5434782608695652,-0.4713375796178344,"1355,5260","1355,11621"
-0.5433070866141733,0.2081722033266552,"1699,5630","1699,2984"
0.542572463768116,0.2318840579710145,"4343,5978","4343,19839"
0.5423728813559322,0.0990812379110251,"1877,2024","2024,4205"
-0.5416666666666666,-0.5352112676056338,"9715,21588","3402,9715"
0.5416666666666666,0.1886792452830188,"2103,10101","2103,4380"
-0.5416666666666666,0.3572097378277153,"3273,15327","444,3273"
-0.5416666666666666,-0.5238095238095238,"7895,10503","10503,12326"
-0.5416666666666666,0.4583333333333333,"5049,16675","5049,7862"
0.5416666666666666,0.4460245636716224,"9953,11981","887,11981"
0.540983606557377,0.0997986770204198,"2826,4727","4261,4727"
-0.5405405405405406,-0.0992167101827676,"6827,18359","76,6827"
-0.54,-0.1313513513513513,"4920,16591","4920,5060"
0.5392156862745099,-0.5392156862745099,"185,11697","185,11697"
0.5384615384615384,-0.5384615384615384,"4238,6079","4238,6079"
-0.5384615384615384,-0.030995106035889,"9399,21196","271,9399"
-0.5377358490566038,0.1226415094339622,"2147,14681","2147,21919"
0.5373134328358209,0.1791044776119403,"1962,13345","1962,17180"
-0.5364583333333334,0.0625,"1024,14263","1024,11400"
-0.5362318840579711,-0.4347826086956522,"3523,13923","3523,4436"
-0.5357142857142857,0.4642857142857143,"8935,19884","8935,21972"
-0.5357142857142857,0.3832046332046332,"8916,13311","1607,8916"
-0.5357142857142857,0.4642857142857143,"8792,20485","8792,21688"
-0.534322986954566,0.534322986954566,"675,1106","675,1106"
0.5333333333333333,-0.5333333333333333,"2608,7106","2608,7106"
-0.5333333333333333,0.0730018416206261,"3186,15279","420,3186"
-0.5333333333333333,0.2444444444444444,"5469,17068","5469,12980"
-0.5333333333333333,0.2222222222222222,"5503,17100","5503,19209"
-0.5333333333333333,-0.5238095238095238,"8654,20328","8654,11783"
0.5333333333333333,0.2833333333333333,"4598,4667","4667,19430"
-0.5333333333333333,0.5333333333333333,"5534,6500","5534,6500"
0.5331470854726668,-0.133615221987315,"354,8095","354,491"
0.5327868852459017,0.4615384615384615,"1867,6372","4638,6372"
-0.532258064516129,0.532258064516129,"4519,13726","4519,13726"
0.5319148936170213,-0.4642857142857143,"5289,16903","9022,16903"
-0.5319148936170213,-0.2653061224489796,"5222,16839","5222,6209"
-0.5319148936170213,-0.0942028985507246,"3494,5273","2539,5273"
0.53125,0.0901639344262295,"1402,8120","1402,17561"
0.53125,-0.0692307692307692,"5722,7812","673,5722"
-0.53125,-0.25,"7938,19569","5195,7938"
0.5311740890688259,0.0526315789473684,"1740,8373","1740,9733"
0.5306122448979592,0.3220338983050848,"5123,11423","1409,11423"
-0.5306122448979591,-0.1978021978021978,"5029,12675","1531,12675"
0.5306122448979591,-0.5306122448979591,"1707,12244","1707,12244"
-0.5294117647058824,0.5294117647058824,"1883,12921","1883,12921"
0.5294117647058824,-0.5294117647058824,"5656,9216","5656,9216"
0.5294117647058824,-0.4098360655737705,"7349,16878","5261,16878"
0.529003168413356,0.2788203753351206,"533,1007","1007,14259"
-0.5283018867924528,0.5283018867924528,"1865,5211","1865,5211"
0.528,-0.528,"1811,8446","1811,8446"
0.5277777777777778,0.3432835820895522,"2800,7053","2800,17290"
0.5277777777777778,-0.4722222222222222,"7074,13506","911,7074"
0.5274781715459682,-0.5274781715459682,"3570,5886","3570,5886"
-0.5274725274725275,0.1428571428571428,"2612,13956","2612,22244"
0.5268817204301075,-0.5268817204301075,"2553,3001","2553,3001"
-0.5263157894736843,0.5263157894736843,"6723,8168","6723,8168"
-0.5263157894736843,-0.4742268041237113,"6656,10967","2735,10967"
-0.5263157894736842,0.1929824561403508,"4339,16097","4339,23905"
0.5257068556037628,-0.087689713322091,"281,442","281,519"
0.5254237288135594,-0.1239527389903329,"1750,4266","1750,4557"
-0.5254237288135594,0.288135593220339,"4255,13080","4255,12184"
-0.5245901639344263,0.0029109851386548,"4170,15950","819,4170"
0.5238095238095238,-0.4761904761904761,"12313,13679","11622,12313"
-0.5238095238095238,-0.5238095238095238,"12266,20247","6398,12266"
-0.5238095238095238,0.0279146141215106,"12288,22664","8371,12288"
-0.5238095238095238,0.4761904761904761,"11606,23871","11606,25383"
0.5238095238095238,-0.5238095238095238,"7269,12713","7269,12713"
-0.5238095238095238,0.4761904761904761,"12174,24581","12174,26297"
-0.5238095238095238,-0.0238095238095238,"12146,19015","10578,12146"
0.5238095238095238,0.1833333333333333,"1997,11744","1997,17685"
0.5238095238095238,-0.5238095238095238,"11650,12910","11650,12910"
-0.5238095238095238,-0.099009900990099,"12198,12547","6281,12547"
-0.5227272727272727,0.5227272727272727,"6083,6379","6083,6379"
0.5227272727272727,0.217391304347826,"5798,9310","9310,26919"
-0.5217391304347826,0.5217391304347826,"10696,11135","10696,11135"
-0.5217391304347826,0.5217391304347826,"5520,10877","5520,10877"
0.5217391304347826,-0.0,"9670,10783","6652,9670"
-0.5217391304347826,-0.089430894308943,"9410,10911","8023,9410"
0.5217391304347826,0.2391304347826087,"6143,11082","6143,13236"
0.5217391304347826,0.1762711864406779,"876,10708","876,5304"
0.5217391304347826,0.5,"11066,11840","6985,11840"
-0.5217391304347826,0.4782608695652174,"11052,23251","7009,11052"
0.5217391304347826,-0.1604938271604938,"4369,11213","4095,4369"
0.5217391304347826,-0.0112262521588946,"10765,16877","758,16877"
-0.5217391304347826,0.4782608695652174,"10568,22637","10568,20135"
0.5217391304347826,0.4285714285714285,"8918,10610","3006,8918"
-0.5210727969348659,-0.0515463917525773,"695,4373","695,3206"
-0.52,-0.0693717277486911,"2658,10502","858,10502"
-0.52,-0.0010714285714285,"5083,16708","3729,5083"
0.52,-0.0,"1554,10225","1554,4626"
-0.52,-0.3348148148148148,"9751,11298","2799,9751"
0.52,0.1034482758620689,"852,5104","852,19269"
-0.52,0.48,"560,10499","7620,10499"
0.5189873417721519,-0.1492537313432835,"3355,8987","3355,4323"
-0.5185185185185185,0.2037037037037037,"4733,16421","4733,17962"
-0.5185185185185185,0.4814814814814814,"9362,21152","9362,22111"
0.5185185185185185,-0.2857142857142857,"9506,14287","6593,14287"
-0.5185185185185185,-0.3269230769230769,"4780,16462","4780,5633"
-0.5185185185185185,0.0052910052910052,"7907,9682","9682,12366"
0.5180722891566265,0.2048192771084337,"1421,11750","1421,13671"
-0.5177753544165759,0.0200381679389312,"41,100","41,17990"
-0.5177304964539007,0.5177304964539007,"1734,12065","1734,12065"
0.5172413793103449,-0.0769230769230769,"9241,20997","4863,20997"
-0.5168539325842697,0.2134831460674157,"1175,14312","1175,15405"
0.5166666666666666,0.0068027210884353,"4606,13251","4606,7854"
0.5161290322580645,-0.0224114746750336,"8375,14858","31,14858"
-0.5161290322580645,0.1868412647716384,"8210,19850","4000,8210"
0.5161290322580645,0.0678531701890989,"6386,8396","8174,8396"
-0.5151515151515151,0.2878787878787879,"3800,15688","3800,18533"
-0.5151515151515151,-0.0754716981132075,"3852,15721","1211,3852"
0.5151515151515151,0.2156862745098039,"7771,8834","8834,24048"
-0.5142857142857142,-0.2391304347826087,"7279,18822","3685,7279"
0.5136986301369864,-0.5136986301369864,"1642,2317","1642,2317"
0.5128205128205128,0.5128205128205128,"6855,11310","6855,18389"
0.5121951219512195,0.1466666666666666,"3440,6352","3440,17517"
-0.5118203309692672,-0.2904941660947151,"1557,1697","1696,1697"
-0.5117647058823529,0.1470588235294117,"1273,14341","1273,16916"
-0.5116279069767442,0.2325581395348837,"6202,17781","6202,26968"
0.5105130361648444,-0.5105130361648444,"2215,2364","2215,2364"
-0.5104109589041096,-0.2336363636363636,"585,1274","1274,10841"
0.5094339622641509,0.3018867924528302,"5132,8530","5132,9381"
0.509009009009009,0.0563063063063063,"350,9769","350,16898"
0.5088023088023088,-0.1724275724275724,"842,2851","842,5025"
-0.5076923076923077,0.1307692307692307,"1656,1830","1830,10290"
-0.5061728395061729,0.2345679012345679,"3063,15215","3063,18506"
-0.5053763440860215,0.2043010752688172,"2640,14952","2640,13299"
0.5041322314049587,0.0826446280991735,"2018,13380","2018,25292"
-0.5017758484609314,-0.1133540372670807,"1467,3429","3429,10250"
0.5,-0.5,"7975,13082","7975,13082"
0.5,-0.2413793103448276,"9370,17878","6334,17878"
-0.5,0.5,"4403,9959","4403,9959"
-0.5,0.5,"10925,13268","10925,23107"
-0.5,0.5,"3234,8448","3234,8448"
-0.5,0.5,"5487,6230","5487,6230"
-0.5,-0.1948051948051948,"13455,26214","4199,13455"
0.5,0.0,"8681,9906","9906,12948"
0.5,-0.5,"7795,13688","7795,13688"
-0.5,-0.2448979591836734,"12247,24661","8508,12247"
-0.5,0.1,"2233,14725","679,2233"
-0.5,0.5,"8726,12154","8726,12154"
0.5,-0.1264367816091953,"1508,13525","1508,7716"
0.5,0.1037735849056603,"2054,10184","6411,10184"
-0.5,-0.119047619047619,"12829,25387","7161,12829"
-0.5,-0.02,"9946,21865","9946,10017"
0.5,-0.2264150943396226,"8960,20025","8959,20025"
0.5,0.3225806451612903,"5229,12779","5229,6320"
-0.5,0.5,"12776,25309","12776,25310"
0.5,0.0833333333333333,"10998,12182","6453,12182"
-0.5,0.5,"11843,13012","11843,13012"
-0.5,0.2205882352941176,"2967,3856","3856,20864"
-0.5,0.5,"10860,23011","10860,16965"
-0.5,0.5,"2428,2661","2428,2661"
0.5,0.3333333333333333,"10347,10864","10347,23485"
-0.5,0.2333333333333333,"13058,14022","7656,14022"
0.5,-0.1851851851851851,"11188,23413","7578,23413"
-0.5,0.375,"2598,14920","2598,4978"
-0.5,0.5,"8755,20446","8755,20445"
0.5,0.4090909090909091,"7299,11531","7299,18855"
0.5,-0.5,"3507,5193","3507,5193"
-0.5,-0.3142857142857143,"11755,24087","5604,11755"
0.5,0.4324324324324324,"5393,12760","6397,12760"
0.5,0.2590361445783132,"6009,7459","3053,7459"
-0.5,0.5,"12303,17775","11868,12303"
-0.5,0.1785714285714285,"4643,6914","2568,4643"
-0.5,0.1451612903225806,"11133,11233","11133,12518"
0.5,-0.1316407083422231,"4265,12654","4265,6023"
-0.5,-0.1682847896440129,"5147,8521","1112,8521"
-0.5,0.4792960662525879,"8724,20413","2098,8724"
-0.5,0.1774193548387097,"4259,16026","4259,24476"
-0.5,-0.2758620689655172,"6324,15815","2776,6324"
-0.5,-0.2127659574468085,"11852,24205","8176,11852"
0.5,0.1699120014978468,"2322,12968","1772,2322"
-0.5,0.3173076923076923,"10066,22011","1391,10066"
0.5,0.1571428571428571,"2870,10392","2870,8567"
-0.5,0.5,"8527,9069","8527,9069"
0.5,0.125,"3527,12987","3527,21050"
0.5,-0.0509803921568627,"12919,16759","883,16759"
-0.5,0.5,"5776,13951","5776,13951"
-0.5,0.5,"7880,12938","7880,12938"
0.5,0.48,"9292,10455","9292,10447"
0.5,0.0847457627118644,"552,6769","552,20424"
0.5,-0.1797752808988764,"14115,19985","3076,19985"
-0.5,0.5,"8344,11909","8344,11909"
0.5,0.0,"9750,11894","8607,9750"
-0.5,0.5,"5574,11927","5574,11927"
0.5,-0.1162790697674418,"10132,14306","6823,14306"
0.5,0.0344889851932105,"739,10412","656,739"
-0.5,-0.1428571428571428,"13626,26437","1743,13626"
0.5,0.2340425531914893,"6341,13663","6341,16682"
0.5,-0.1724137931034483,"12869,25437","5051,25437"
-0.5,-0.3265306122448979,"8898,13160","5723,13160"
-0.5,0.08,"1540,14435","1540,8360"
0.5,0.0,"4539,9999","4539,7999"
-0.5,0.25,"6685,18210","6685,25876"
-0.5,0.2903225806451612,"12108,24495","3284,12108"
-0.5,0.5,"8418,12866","12866,13746"
-0.5,-0.1146496815286624,"3906,15754","2281,3906"
-0.495049504950495,0.2772277227722772,"2501,12071","2501,5084"
0.4943820224719101,0.0561797752808988,"1203,6786","1203,25493"
0.4939759036144578,0.136,"3075,4501","1900,4501"
0.4927536231884057,-0.4927536231884057,"3721,6571","3721,6571"
0.4924369747899159,-0.0760233918128654,"914,2308","914,2184"
0.4923076923076923,-0.0113895216400911,"4051,15859","727,15859"
-0.4918032786885246,0.2633527234267583,"3173,4355","2830,4355"
0.4909090909090909,-0.4217687074829932,"4801,14590","1954,14590"
-0.4907407407407407,0.1759259259259259,"2339,4728","2339,18653"
0.4897959183673469,0.2448979591836734,"5247,11567","5247,22852"
0.489202657807309,0.0620155038759689,"1581,8938","1581,19982"
-0.4891304347826087,0.108695652173913,"2778,15050","2778,26646"
0.4879807692307693,0.4591346153846153,"361,2204","361,14148"
0.4871794871794872,0.4230769230769231,"1399,5443","1399,14540"
0.4871794871794871,-0.0047690014903129,"6797,14069","4,14069"
0.4871794871794871,-0.0428571428571428,"6913,8678","7146,8678"
-0.4868421052631579,0.2105263157894736,"3533,15494","3533,20354"
-0.4867256637168141,-0.1008403361344537,"2231,2255","2231,2777"
-0.4864864864864865,0.4864864864864865,"7121,11096","7121,11096"
0.4864864864864865,0.0341296928327645,"288,7202","288,15536"
0.4864864864864865,0.196078431372549,"5185,6916","5185,26912"
0.4861111111111111,0.48,"3667,6817","6817,10018"
0.4857142857142857,0.3222222222222222,"3283,7643","3283,16254"
-0.4857142857142857,0.1047619047619047,"2415,14823","2415,24274"
-0.4841269841269841,0.0317460317460317,"289,11341","289,19986"
0.4838709677419355,-0.4838709677419355,"8366,11382","8366,11382"
0.4838709677419355,0.4545454545454545,"5275,8283","335,5275"
-0.4838709677419355,0.1058726220016542,"8608,20983","5839,8608"
0.4827586206896552,0.0909090909090909,"6059,9181","6059,24420"
-0.4827586206896552,-0.25,"9242,21426","6033,9242"
-0.4823348694316436,-0.3394777265745008,"1403,1774","1774,1843"
0.4814814814814815,-0.4814814814814815,"4656,8847","4656,8847"
-0.4814814814814814,-0.1717171717171717,"9430,22235","1598,9430"
0.4811320754716981,0.0,"1583,2269","1583,13978"
0.4811320754716981,0.1037735849056603,"2230,13428","2230,23974"
0.48,-0.48,"2159,9912","2159,9912"
0.48,-0.3208955223880597,"2123,9963","2123,2898"
0.48,0.0702875399361022,"1362,10076","1362,17742"
0.48,-0.0093617021276595,"5047,10850","5047,5852"
-0.48,-0.48,"10378,23539","5636,10378"
-0.48,0.24,"5650,17243","5650,23636"
0.48,-0.3846153846153846,"8499,9956","8499,13991"
0.48,0.2941176470588235,"5547,9718","5547,11762"
-0.48,0.48,"10415,13922","10415,13922"
0.48,-0.48,"10481,11955","10481,11955"
0.48,-0.1286956521739131,"5030,13087","2196,5030"
0.48,0.1933333333333333,"2791,10210","816,2791"
0.4794520547945206,-0.4794520547945206,"1507,10244","1507,10244"
-0.4791666666666667,0.2291666666666666,"5928,17511","5928,25232"
0.4782608695652174,-0.0,"4420,11337","4420,10968"
-0.4782608695652174,-0.0515463917525773,"10727,12472","1565,12472"
-0.4782608695652174,0.1050724637681159,"10416,11391","9617,11391"
0.4782608695652174,-0.0308641975308641,"10571,15520","976,15520"
0.4782608695652174,0.1057692307692307,"4983,10543","4983,5608"
-0.4782608695652174,0.4140468227424749,"10553,23774","1941,10553"
-0.4782608695652174,-0.112781954887218,"3638,11129","3137,11129"
0.4782608695652174,-0.1561338289962825,"7137,10587","2449,7137"
-0.4774774774774775,0.4774774774774775,"2111,3364","2111,3364"
-0.4772727272727273,0.2132034632034631,"6393,17925","5802,6393"
-0.4761904761904761,0.2438095238095238,"12370,17238","4148,12370"
0.4761904761904761,-0.4761904761904761,"12031,13631","12031,13631"
0.4761904761904761,-0.2857142857142857,"11591,23191","8408,23191"
0.4761904761904761,0.1549295774647887,"5363,12320","5363,15650"
0.4761904761904761,0.0616113744075829,"1120,11542","1120,13091"
0.4761904761904761,-0.2845528455284553,"149,11763","149,3760"
0.4761904761904761,-0.217391304347826,"11649,15340","5284,15340"
-0.4761904761904761,-0.0167364016736401,"11830,25787","384,11830"
0.4761904761904761,-0.3854166666666666,"6568,12584","6568,9704"
-0.4754098360655737,0.360655737704918,"4561,16275","4561,17696"
0.475,-0.2424242424242424,"7098,18654","4468,18654"
0.4745040607109572,-0.034062634062634,"1825,8463","1825,6287"
-0.4743589743589743,0.0705128205128205,"1556,1855","1556,4508"
-0.4742004264392324,-0.3650793650793651,"2366,2520","2183,2366"
-0.4736842105263157,-0.180327868852459,"4951,8187","4951,6017"
-0.4736842105263157,-0.0633484162895927,"7283,18831","1515,7283"
-0.4736842105263157,-0.0818713450292397,"1180,6772","1180,4543"
-0.4729729729729729,0.1351351351351351,"3744,15653","3744,26587"
-0.4727272727272727,-0.1642857142857142,"5081,16706","2478,5081"
-0.4727272727272727,0.3272727272727272,"5113,16744","5113,19055"
0.4721082854799015,0.4098893949251789,"3217,4013","3217,3414"
0.4710727199678586,0.0267175572519083,"389,1356","389,17951"
-0.4705882352941176,0.4705882352941176,"7294,12235","7294,12235"
-0.4705882352941176,0.4705882352941176,"2781,11978","2781,11978"
0.4705882352941176,-0.301775147928994,"7295,7927","2430,7295"
-0.470545933960568,0.0829268292682926,"510,538","510,19492"
-0.4693877551020408,0.1602418745275888,"5143,17447","5143,6105"
0.46875,0.0588235294117647,"650,7826","650,17721"
0.4683544303797469,0.3164556962025316,"2986,4652","2986,16869"
-0.4666666666666667,0.4666666666666667,"6835,8693","6835,8693"
-0.4666666666666667,-0.1309523809523809,"4690,8438","4296,8438"
-0.4666666666666667,0.3066666666666666,"3662,10945","3662,17285"
-0.4655172413793103,-0.0083743842364532,"4274,16551","4274,7089"
0.464968152866242,-0.464968152866242,"1336,2304","1336,2304"
0.4645833333333333,0.3125,"3719,9245","3719,10641"
0.4642857142857143,0.2777777777777778,"5071,8977","5071,23694"
-0.4634146341463415,0.2926829268292683,"6967,12527","6967,22891"
0.4615384615384615,-0.4615384615384615,"9480,11625","9480,11625"
0.4615384615384615,0.1208791208791208,"2513,11319","2513,23804"
-0.4615384615384615,0.2564102564102564,"7291,18840","7291,7429"
-0.4615384615384615,-0.0560747663551401,"6318,7093","2013,6318"
0.4605244996549344,-0.0458937198067632,"375,1757","375,1936"
-0.4594594594594594,0.4594594594594594,"6663,10644","6663,10644"
0.4594594594594594,-0.4594594594594594,"3421,6744","3421,6744"
-0.4588235294117647,0.1764705882352941,"3296,15349","3296,20897"
0.4583333333333333,-0.4583333333333333,"5145,11738","5145,11738"
-0.4583333333333333,0.0665101721439749,"3933,3952","1506,3952"
0.4583333333333333,0.2564102564102564,"8429,9868","8429,26186"
-0.4583333333333333,-0.0490196078431372,"9761,23877","4349,9761"
0.4583333333333333,0.4464285714285714,"5386,10071","4192,5386"
0.4583333333333333,0.1595744680851064,"2801,7204","7204,9148"
0.4583333333333333,0.3,"8905,9837","6388,8905"
0.4575496342737722,0.0804597701149425,"2006,2348","2348,21365"
-0.4571586511885019,-0.4307036247334755,"2521,2582","2582,2741"
-0.4571428571428571,0.1571428571428571,"4055,13954","4055,23920"
-0.4569536423841059,0.119205298013245,"1726,6351","1726,19259"
-0.4567901234567901,0.1790123456790123,"1555,14443","1555,16203"
0.4565422322775264,-0.4565422322775264,"224,608","224,608"
0.4561523548865321,0.0337552742616033,"318,6759","318,17034"
0.4552380952380953,0.0612920837124658,"791,11936","791,1372"
0.4545454545454546,-0.4545454545454546,"11194,13124","11194,13124"
0.4545454545454546,-0.4545454545454546,"9087,10731","9087,10731"
-0.4545454545454546,0.4545454545454546,"11333,13667","11333,13667"
0.4545454545454545,0.2653061224489796,"3543,7231","7231,14818"
0.4545454545454545,-0.2575757575757575,"2245,11328","2245,7726"
0.4545454545454545,-0.0923694779116465,"3559,10560","1845,3559"
-0.4545454545454545,0.25,"2357,6551","283,6551"
0.4545454545454545,0.1388888888888889,"2673,11251","2673,26609"
-0.4545454545454545,-0.1333333333333333,"11079,23881","5018,11079"
0.4545454545454545,-0.0672026132699813,"699,10960","209,699"
-0.4545454545454545,-0.2103594080338267,"10725,25592","1841,10725"
-0.4545454545454545,-0.1185185185185185,"11482,27005","3748,11482"
-0.4545454545454545,0.3454545454545454,"5278,16891","5278,18557"
0.4545454545454545,-0.2213597472895535,"516,10715","516,832"
0.4532374100719424,0.168321208954624,"286,1513","1513,2434"
0.4523809523809524,0.2043010752688172,"5855,5973","5973,18476"
0.452054794520548,0.2054794520547945,"3228,4117","3228,21098"
0.4517142857142857,0.156,"3304,8992","3304,5074"
0.4516129032258065,0.0173227227511723,"1324,6425","1303,1324"
-0.4512195121951219,0.2195121951219512,"3445,9396","3445,12412"
-0.4509803921568627,0.0490196078431373,"4722,17428","3405,4722"
-0.4509803921568627,0.4509803921568627,"4757,5644","4757,5644"
0.45,-0.1575342465753424,"7514,17407","2762,17407"
-0.45,-0.0805785123966942,"7621,19191","447,7621"
-0.45,0.3,"7598,19161","6939,7598"
0.45,-0.0597826086956521,"6115,19096","1682,19096"
-0.4499999999999999,0.4499999999999999,"6062,9485","6062,9485"
0.4499999999999999,0.23,"2235,13189","2235,17324"
-0.4492753623188406,0.1884057971014492,"4195,15975","4195,21647"
-0.4488636363636363,0.125,"1432,14399","1432,17594"
-0.4485981308411215,0.0560747663551401,"1114,14289","1114,23265"
-0.4485661946029733,-0.4159976211715729,"820,1091","820,879"
-0.4482758620689655,-0.0431818181818181,"8389,22061","2884,8389"
-0.4482758620689655,0.4142241379310344,"7393,8321","4505,8321"
0.4482758620689655,-0.0498812351543943,"8347,12284","2646,8347"
0.4482758620689655,-0.2702702702702703,"8697,22591","8886,22591"
-0.4473684210526316,0.2631578947368421,"7902,19527","7902,26205"
0.4473684210526315,-0.4473684210526315,"3007,13367","3007,13367"
0.4450549450549451,0.0516647531572904,"1441,6098","1535,6098"
-0.4446605313422469,-0.2179487179487179,"743,3353","3353,7220"
-0.4444444444444444,0.1587301587301587,"4699,16395","4699,26182"
-0.4444444444444444,0.4444444444444444,"3765,10594","3765,10594"
0.4444444444444444,-0.0613718411552346,"7633,9016","3465,7633"
-0.4444444444444444,0.1587301587301587,"4651,16349","4651,25606"
0.4444444444444444,-0.0408921933085501,"2805,11878","1312,11878"
-0.4444444444444444,0.3116531165311653,"6704,20027","6704,7142"
-0.4444444444444444,-0.1549707602339181,"8860,22915","4861,8860"
0.4441498762813715,-0.4441498762813715,"2459,3361","2459,3361"
0.4431818181818182,-0.4431818181818182,"2562,5959","2562,5959"
-0.4427480916030534,0.1755725190839694,"2121,14670","2121,17455"
-0.4423076923076923,0.1923076923076923,"5854,17443","5677,5854"
-0.4421052631578947,0.1789473684210526,"2973,15154","2973,19312"
0.4421052631578947,-0.1864406779661017,"2988,15167","4952,15167"
-0.4418604651162791,-0.0379146919431279,"7136,18688","1756,7136"
-0.4417177914110429,-0.2878787878787879,"1620,14478","1620,6580"
0.4415584415584416,-0.4415584415584416,"2912,9102","2912,9102"
-0.4415584415584415,0.2207792207792207,"3876,15732","3876,19676"
-0.4411764705882353,-0.1441467676179382,"6975,20560","1641,6975"
-0.4406779661016949,0.1694915254237288,"5044,16673","5044,25809"
-0.44,-0.4399999999999999,"6471,9537","8102,9537"
-0.44,-0.4399999999999999,"9693,25207","9693,9985"
0.4399694889397406,0.1521739130434782,"3133,3851","3133,15584"
-0.4397163120567376,0.1418439716312056,"1969,14596","1969,18403"
-0.4392523364485981,0.2803738317757009,"2639,14951","2639,16100"
0.4392183594637582,0.0325354520768379,"2557,2592","2557,5169"
0.43873642025028,0.1396654074473826,"205,2710","2710,4611"
0.4385408406026962,0.0584192439862542,"2652,2730","2652,19502"
0.43847049689441,-0.43847049689441,"1745,7100","1745,7100"
0.4375,-0.4375,"2760,10897","2760,10897"
-0.4375,0.09375,"1661,14496","1661,20686"
-0.4375,-0.4375,"7588,16446","7588,8646"
0.4375,-0.2394366197183098,"954,7504","954,5133"
-0.4366197183098591,0.2957746478873239,"4217,15993","4217,17839"
-0.4358974358974359,0.2564102564102564,"7877,19508","7877,20242"
-0.4358974358974359,0.4358974358974359,"5998,8192","5998,8192"
-0.4358974358974359,0.0914388641661368,"1484,3796","433,3796"
-0.4347826086956522,0.4347826086956522,"5061,6540","5061,6540"
0.4347826086956522,-0.4347826086956522,"7790,10089","7790,10089"
0.4347826086956521,-0.3265306122448979,"2019,14617","7925,14617"
0.4347826086956521,0.15625,"4992,10361","4992,19156"
-0.4341880341880341,0.4341880341880341,"398,5864","398,5864"
0.4333333333333333,-0.1764227642276422,"8063,12479","5394,8063"
0.4333333333333333,-0.0627901436007768,"838,3793","215,838"
-0.4333333333333333,-0.0455635491606714,"5179,16805","1931,5179"
-0.4333333333333333,0.4333333333333333,"8054,14072","8054,14072"
-0.4324324324324324,0.2702702702702703,"8204,19846","8204,25497"
0.4322860238353196,0.2112676056338028,"8356,8940","8940,20660"
0.4316546762589928,0.0935251798561151,"569,2404","569,16648"
0.4313725490196078,-0.2686567164179104,"2857,15090","7215,15090"
-0.4313725490196078,0.2941176470588235,"6111,17693","6111,17761"
-0.4313186813186813,0.1071428571428571,"578,5704","578,15328"
-0.4307692307692308,0.0923076923076923,"2200,14708","2200,3382"
-0.4305555555555556,0.1805555555555555,"4285,10147","4285,22217"
-0.4301075268817204,0.2903225806451613,"3200,15284","3200,9995"
0.4285714285714286,0.1428571428571428,"3191,4646","3191,26247"
-0.4285714285714285,0.1746031746031746,"4837,16506","4837,13171"
-0.4285714285714285,0.0941558441558441,"6667,20591","5745,6667"
-0.4285714285714285,0.2244897959183673,"6221,8850","6221,23783"
-0.4270833333333333,0.1875,"3116,15242","3116,19133"
0.426829268292683,-0.1995934959349593,"1149,13669","1149,7251"
0.4258225616921269,-0.3513513513513513,"521,654","521,12004"
-0.425531914893617,-0.0405268490374873,"6826,18358","6826,8598"
0.425,0.1727477477477477,"5767,13274","4774,5767"
-0.425,0.25,"8001,19630","8001,23134"
-0.425,0.275,"7961,19602","7961,24679"
-0.425,-0.1395348837209302,"5781,6990","5781,8350"
-0.423728813559322,-0.3839859731151373,"5395,16995","3410,5395"
-0.4234234234234234,0.2072072072072072,"2650,14960","2650,17358"
0.4233333333333333,-0.2623134328358208,"2120,9090","3595,9090"
-0.4233128834355828,0.1656441717791411,"1708,8209","1708,2863"
0.4230769230769231,0.0381944444444444,"351,8739","351,24635"
-0.421875,0.09375,"2277,7567","2277,22992"
-0.4218009478672986,0.0829383886255924,"475,14158","475,5760"
-0.4210526315789473,0.4210526315789473,"4385,5966","4385,5966"
0.4210526315789473,-0.0830830204422194,"1731,8183","736,1731"
-0.4208277957091323,-0.0829383886255924,"1919,4503","604,4503"
0.4205607476635514,0.0427829698857736,"1955,2503","1955,7949"
0.4202898550724637,-0.0838445807770961,"3163,8542","1369,3163"
-0.42,0.42,"4525,5109","4525,5109"
-0.42,0.22,"6309,17855","6309,24126"
-0.419811320754717,0.0471698113207547,"1222,14328","1222,25278"
-0.4193548387096774,0.1612903225806451,"92,1850","1850,16924"
-0.4193548387096774,-0.2009132420091324,"7431,20224","2817,7431"
-0.4193548387096774,-0.4193548387096774,"7471,18281","7471,9937"
0.4189944134078212,-0.1408450704225352,"889,1014","1014,1977"
-0.4188034188034188,0.2735042735042735,"2541,14897","2541,15906"
0.4185022026431718,-0.4185022026431718,"729,5021","729,5021"
-0.417910447761194,0.1492537313432835,"4745,16439","4745,26697"
-0.4177215189873418,0.1518987341772152,"4012,15832","4012,23473"
0.4177215189873418,0.0396727384995369,"2377,2715","280,2715"
-0.4166666666666667,0.2407407407407407,"8722,20412","145,8722"
-0.4166666666666667,0.2083333333333333,"6690,18214","6690,25916"
-0.4166666666666667,-0.4166666666666666,"9684,26987","9159,9684"
0.4166666666666667,0.2181818181818181,"3930,6669","1721,3930"
-0.4166666666666667,0.3055555555555556,"9085,20846","9085,24618"
-0.4166666666666667,-0.2074771689497717,"6658,18190","3086,6658"
-0.4166666666666667,0.3055555555555556,"8811,10161","480,8811"
-0.4166666666666667,-0.0452380952380951,"9424,26387","5938,9424"
0.4166666666666666,-0.4166666666666666,"5381,6481","5381,6481"
0.416,-0.0634146341463414,"953,14260","1853,14260"
-0.4155844155844156,0.2467532467532467,"4151,15937","3766,4151"
-0.4148936170212766,0.1808510638297872,"3243,15313","3243,19318"
-0.4137931034482758,0.1034482758620689,"2048,5625","2048,5486"
0.4137931034482758,0.1492537313432835,"3734,7997","3734,18311"
-0.4136690647482014,0.1007194244604316,"870,4441","870,16452"
-0.4130434782608695,-0.1818181818181818,"6910,18455","6323,6910"
-0.4117647058823529,0.3725490196078431,"6228,17794","6228,18445"
-0.4111111111111111,-0.37008547008547,"3519,15486","2773,3519"
0.410377358490566,-0.2494846995401934,"785,1269","785,2040"
-0.4102564102564102,0.282051282051282,"8451,20116","8451,24546"
-0.4102564102564102,0.3076923076923077,"8340,20007","8340,11544"
-0.4102564102564102,-0.1638621794871794,"4089,9282","3902,4089"
-0.4102564102564102,0.1709401709401709,"8622,20292","3110,8622"
0.4100449775112443,0.3362068965517241,"3244,10288","3244,15314"
-0.4098360655737705,-0.1057377049180328,"5286,16900","2750,5286"
-0.4090909090909091,-0.240506329113924,"7609,19172","6843,7609"
-0.4090909090909091,-0.1692307692307692,"4477,16476","4215,4477"
-0.409090909090909,0.409090909090909,"5020,12817","5020,12817"
-0.4078947368421052,0.1447368421052631,"4220,8299","4220,24061"
-0.4078947368421052,0.0473031752936058,"3712,16024","2502,3712"
-0.4074074074074074,-0.3725490196078431,"1485,14422","1485,7233"
-0.4074074074074074,0.4074074074074074,"6130,17710","6130,17709"
0.4074074074074074,0.3061224489795918,"7019,8334","7019,20647"
-0.4072494669509594,-0.0363128491620111,"4461,6657","1183,6657"
-0.4071856287425149,0.059880239520958,"1747,11956","1747,11141"
-0.4067796610169492,0.4067796610169492,"3703,6589","3703,6589"
-0.4065934065934066,0.2197802197802197,"3472,15455","3472,18205"
-0.40625,0.125,"2384,14801","2384,20140"
0.40625,-0.1075268817204301,"6964,17487","7160,17487"
0.4057971014492754,0.1477325853202431,"3077,4639","3077,4326"
0.4054054054054054,0.1294964028776978,"5329,9041","5329,19038"
-0.4054054054054054,0.3918918918918919,"4442,16176","4442,16307"
0.4054054054054054,-0.0,"8844,9115","8844,13343"
-0.4047619047619047,0.238095238095238,"3834,15709","3834,18271"
0.4047619047619047,-0.1147466039707418,"523,8002","523,1074"
-0.4047619047619047,0.238095238095238,"7808,19432","7808,25815"
-0.4044943820224719,0.2134831460674157,"2578,3639","3639,18763"
0.4042553191489361,-0.1290322580645161,"1386,7194","1386,7921"
0.4042553191489361,0.217391304347826,"6825,7195","6825,26639"
-0.4042553191489361,0.2978723404255319,"7096,17338","7096,21191"
0.4038461538461538,-0.4038461538461538,"1953,8827","1953,8827"
-0.4032258064516129,0.1935483870967742,"2736,5383","5383,23496"
0.4032258064516129,0.2903225806451613,"4001,4554","4554,16573"
0.4025924513915364,0.1967213114754098,"4416,6596","6596,22739"
-0.4014084507042254,0.4014084507042254,"1323,7200","1323,7200"
-0.4,-0.0428571428571429,"7528,16859","7388,7528"
0.4,-0.4,"2214,8078","2214,8078"
-0.4,0.1454545454545454,"7517,18423","7517,11451"
-0.4,0.4,"4036,4383","4036,4383"
0.4,-0.4,"4038,9300","4038,9300"
-0.4,0.4,"7318,14048","7318,14048"
0.4,0.0288529204785362,"177,6123","177,10050"
-0.4,0.3555555555555555,"7334,18899","7334,19895"
-0.4,0.3777777777777777,"7285,18832","7285,19289"
-0.4,0.3333333333333333,"5463,8374","5463,6294"
-0.3995752427184466,-0.090035769034236,"1357,3354","1357,4958"
-0.3991031390134529,0.0269058295964125,"471,14157","471,11635"
0.3984962406015038,-0.3984962406015038,"5423,9681","5423,9681"
-0.3975903614457831,0.3614457831325301,"3907,12671","3907,16094"
-0.3972602739726027,-0.0921880784894483,"4489,16214","4489,9578"
-0.3953488372093023,0.3720930232558139,"7681,19284","7681,19768"
0.3947368421052631,0.0583333333333333,"1610,5808","1610,21289"
-0.394578313253012,0.0622489959839357,"146,14121","146,14593"
0.3939393939393939,-0.3571428571428571,"4868,9915","4868,5392"
-0.3934426229508196,0.1639344262295081,"5665,17262","5665,27006"
0.3931665321495829,0.0242130750605326,"495,7012","495,8291"
-0.3928571428571428,0.3174232309746328,"7763,24028","4072,7763"
-0.3928571428571428,0.3214285714285714,"2892,6016","6016,18939"
-0.392156862745098,0.392156862745098,"6584,18111","3758,6584"
0.392042042042042,-0.3175213675213675,"1719,3597","1719,8880"
-0.3917525773195876,0.1546391752577319,"3359,15380","3359,20511"
0.3916666666666667,-0.0775193798449612,"1213,1594","1594,4094"
-0.391304347826087,-0.2333333333333333,"7558,19125","5660,7558"
0.3906013802168912,0.0586592178770949,"1167,1564","1167,17827"
0.3902439024390244,-0.0286532951289398,"3337,5216","1761,3337"
-0.39,0.13,"3293,15347","3293,16499"
-0.3898305084745763,-0.2265536723163841,"5525,17352","5525,6979"
-0.3888888888888889,0.3518518518518518,"6498,18037","3019,6498"
0.3888888888888888,-0.3888888888888888,"6073,7463","6073,7463"
-0.3887513264945171,0.3887513264945171,"975,4149","975,4149"
0.3870967741935484,-0.3870967741935484,"6930,7700","6930,7700"
-0.3870967741935484,-0.1144781144781144,"7043,23120","2389,7043"
0.3870967741935484,-0.0946745562130177,"6997,19898","3561,19898"
-0.3861386138613861,0.1485148514851485,"3247,15315","3247,20489"
-0.3859649122807017,0.3859649122807017,"3683,5537","3683,5537"
-0.3846153846153846,0.0948717948717948,"622,9120","622,13674"
-0.3846153846153846,-0.3846153846153846,"8528,26479","7164,8528"
0.3846153846153846,-0.3050847457627119,"9243,18860","5692,18860"
0.3846153846153846,0.3055555555555556,"5569,10094","10094,24391"
-0.3846153846153846,-0.3846153846153846,"8323,25871","8323,11221"
0.3846153846153846,-0.3846153846153846,"5545,12930","5545,12930"
-0.3841059602649007,0.0728476821192053,"2118,14667","2118,24765"
-0.3833333333333333,0.275,"2718,15011","2718,8148"
-0.3829787234042553,0.3829787234042553,"4588,9584","4588,9584"
-0.3823529411764705,0.3235294117647059,"10160,22134","10160,24531"
-0.3823529411764705,0.3146167557932264,"6269,21719","6269,10582"
-0.3823529411764705,0.3823529411764705,"6243,8953","6243,8953"
0.3823529411764705,-0.3823529411764705,"6376,9149","6376,9149"
-0.3823529411764705,-0.0849673202614379,"7601,10268","4911,10268"
-0.3820224719101123,0.2092883895131086,"3820,15698","262,3820"
0.3818181818181818,-0.3818181818181818,"3816,5209","3816,5209"
-0.3818181818181818,0.1363636363636363,"2970,12487","2970,20426"
0.3809523809523809,0.1433982683982684,"1013,8600","1013,3824"
-0.3809523809523809,0.2857142857142857,"8444,14224","8444,23252"
-0.3809523809523809,0.1938775510204081,"8271,19935","2854,8271"
0.3804347826086957,0.0586907449209932,"314,3474","314,16813"
-0.380281690140845,0.2112676056338028,"4954,11568","4954,9043"
0.38,-0.38,"4185,12333","4185,12333"
-0.38,0.22,"6950,18504","6950,24009"
0.3797613001523616,0.0558659217877094,"2203,4608","2203,26417"
-0.379746835443038,0.2911392405063291,"4415,16154","4415,17420"
-0.3793103448275862,-0.2941176470588235,"7657,25139","7657,9892"
-0.3791208791208791,-0.3246631044796182,"1725,2246","406,1725"
-0.3783783783783784,-0.0509708737864077,"9602,21444","1541,9602"
-0.3780183486238532,0.3780183486238532,"391,1727","391,1727"
-0.3764705882352941,0.2588235294117647,"1886,9552","1886,15079"
-0.3763440860215054,0.1935483870967742,"1673,14502","1673,15562"
0.3758350812789496,0.0128885519332827,"18,57","57,15360"
0.375,0.0296803652968036,"382,6847","382,21962"
-0.375,0.3125,"10914,15152","10914,25972"
0.375,0.3125,"1530,7083","1530,1813"
0.375,0.1142857142857142,"3083,6695","3083,7515"
0.3749478079331941,0.0271398747390396,"356,3967","356,9409"
-0.3741935483870968,-0.24778972520908,"2096,14655","2096,6619"
-0.3738317757009345,-0.1969696969696969,"3178,15274","3178,9219"
-0.3734939759036144,0.1325301204819277,"4226,15997","4226,24090"
-0.3734939759036144,0.2409638554216867,"4244,12959","4244,18224"
0.3728813559322034,-0.0888740871137331,"328,6195","328,1094"
-0.3725490196078431,0.196078431372549,"6912,18456","6912,25356"
0.3724814063556457,0.0872210953346856,"235,5016","235,15110"
-0.3724137931034483,0.0758620689655172,"2289,4243","2289,24594"
0.3722222222222222,0.1777777777777777,"219,899","899,10677"
-0.3720930232558139,0.3255813953488372,"8612,20286","8612,21421"
-0.3720930232558139,0.2080964685615848,"8153,19774","1888,8153"
-0.3714285714285714,-0.0962962962962963,"6092,22212","3728,6092"
-0.3714285714285714,0.3714285714285714,"6076,14113","6076,14113"
-0.3714285714285714,0.3142857142857143,"10436,22494","10436,24666"
-0.3714285714285714,0.3714285714285714,"5974,10267","5974,10267"
-0.3714285714285714,0.2857142857142857,"10312,22339","10312,26552"
-0.3714285714285714,0.3142857142857143,"10181,22158","10181,24556"
-0.3714285714285714,0.3285714285714285,"4981,16635","4981,17265"
0.3708404802744425,-0.3708404802744425,"3537,3538","3537,3538"
-0.3705882352941176,0.0647058823529411,"1918,14578","1918,24104"
0.3702380952380952,-0.3702380952380952,"2563,4240","2563,4240"
-0.3692307692307692,0.1538461538461538,"5570,17156","5570,6184"
-0.3688056206088992,0.1967213114754098,"1733,3829","3829,23172"
-0.368421052631579,0.368421052631579,"1343,1568","1343,1568"
-0.368421052631579,0.368421052631579,"2036,9033","2036,9033"
-0.3675213675213675,0.1794871794871795,"2929,15122","2929,17979"
-0.3673469387755102,0.3224367591347916,"7550,15036","744,7550"
-0.3665594855305466,0.3665594855305466,"403,10985","403,10985"
-0.3661971830985915,0.2816901408450704,"5080,16705","5080,14948"
-0.3658536585365853,0.3414634146341463,"9029,18635","9029,21154"
-0.3653846153846153,0.3076923076923077,"7118,18671","7118,14524"
-0.365079365079365,0.2599206349206349,"3195,17411","3195,6240"
-0.3646408839779005,0.0552486187845303,"1807,14541","1807,25473"
0.3638814016172506,0.2452830188679245,"8592,9042","9042,22131"
-0.3636363636363636,0.3295454545454545,"4127,15920","4127,16267"
-0.3636363636363636,0.2798982188295165,"11314,23514","686,11314"
-0.3636363636363636,0.303030303030303,"10883,23044","10883,25899"
0.3636363636363636,-0.2884615384615384,"8142,19763","3484,19763"
-0.3636363636363636,-0.211864406779661,"1442,14815","1442,5323"
0.3627450980392157,0.1078431372549019,"742,2745","742,17522"
-0.3625992063492064,-0.096938775510204,"250,4743","250,4709"
0.3624338624338624,0.2,"1361,2784","2784,16611"
-0.3617021276595745,-0.3617021276595744,"4337,19307","4337,11735"
0.3617021276595744,-0.0881069285324604,"2026,6603","2026,5792"
0.3611111111111111,0.2930438842203548,"5827,10171","124,5827"
-0.3611111111111111,0.2777777777777778,"10281,22296","10281,26495"
0.3611111111111111,0.1219512195121951,"5310,10424","5310,20738"
-0.360655737704918,0.1475409836065573,"2811,15066","2811,18897"
-0.360655737704918,0.2622950819672131,"5754,17609","5754,19990"
-0.36,0.1333333333333333,"4805,16482","4805,25570"
-0.3598862019914651,0.3598862019914651,"5022,5411","5022,5411"
-0.359375,0.1875,"5749,17345","5749,23014"
-0.358974358974359,0.358974358974359,"9653,21510","9653,21511"
0.3586956521739131,-0.3586956521739131,"1235,2051","1235,2051"
0.3582089552238806,-0.0670731707317073,"5564,17150","4873,17150"
-0.3582089552238806,0.1127694859038142,"5456,17057","3997,5456"
-0.3571428571428571,0.3571428571428571,"7493,13100","7493,13100"
0.3559322033898305,-0.3559322033898305,"3345,8395","3345,8395"
-0.3555555555555555,0.270323488045007,"6961,19897","3005,6961"
-0.3555555555555555,0.1111111111111111,"4082,15884","4082,25893"
-0.3555555555555555,-0.3555555555555555,"3122,4540","4540,7437"
0.3555555555555555,-0.0909090909090909,"7729,19780","7227,19780"
-0.3552631578947368,0.131578947368421,"4884,12533","4884,26212"
-0.3548387096774194,-0.2363636363636363,"5995,17569","4747,5995"
0.3548387096774194,-0.3548387096774194,"4223,6802","4223,6802"
-0.3548387096774194,-0.1048387096774193,"6661,16028","2023,6661"
0.3534946236559139,-0.0286123032904148,"2260,10394","423,2260"
0.3532030527289547,-0.3532030527289547,"66,3308","66,3308"
0.3530950305143853,0.3031266560678325,"5402,6509","4166,5402"
0.3529411764705882,-0.2352941176470588,"10777,18302","3015,18302"
-0.3529411764705882,-0.2941176470588235,"6085,23291","6085,9121"
-0.3529411764705882,0.2941176470588235,"11384,23594","11384,26800"
0.3529411764705882,-0.1217391304347826,"10876,11503","3878,10876"
0.3529411764705882,-0.0510204081632653,"5496,10564","3535,5496"
0.3516145102123997,0.0707395498392283,"1438,2931","1438,17724"
0.3514705882352941,-0.3514705882352941,"4797,5875","4797,5875"
-0.3513513513513513,0.2702702702702703,"7659,9571","9571,26715"
0.3513513513513513,0.2203389830508474,"5068,5490","5068,16688"
0.3513513513513513,-0.125,"5450,5830","4485,5450"
-0.3512195121951219,0.3414634146341463,"1615,14474","1615,14504"
-0.3508771929824561,0.175438596491228,"6803,18334","6803,15420"
-0.3508771929824561,0.2105263157894736,"5240,18149","5240,22814"
0.3505154639175257,-0.0478723404255319,"3810,3827","259,3827"
0.35,-0.35,"3241,9814","3241,9814"
-0.35,0.1875,"4767,16451","4767,8047"
-0.3495145631067961,0.0485436893203883,"1102,14471","1102,26613"
0.3492331843980195,0.165680473372781,"1279,1280","1280,14163"
-0.3492063492063492,0.238095238095238,"5971,17547","5971,20474"
0.3488372093023255,-0.3488372093023255,"4680,6998","4680,6998"
0.3487335359675785,-0.0850646641635377,"379,8479","379,3900"
-0.3484848484848485,0.3484848484848485,"2885,6780","2885,6780"
-0.3480459770114942,0.3480459770114942,"2115,3485","2115,3485"
-0.3479166666666667,0.3479166666666667,"2091,2630","2091,2630"
-0.3478260869565217,0.2434782608695652,"3172,10053","3172,16378"
-0.3476673427991886,0.3476673427991886,"1915,2324","1915,2324"
-0.3466666666666667,0.28,"4677,13425","4677,17899"
-0.3466666666666667,0.2,"5012,16655","5012,13515"
-0.3465909090909091,-0.3426724137931034,"4613,6208","6208,7157"
-0.3461538461538461,0.2692307692307692,"4824,11369","4824,17857"
-0.3461538461538461,0.1923076923076923,"7298,18851","7298,25384"
0.3461538461538461,-0.0,"6572,7593","6572,13485"
-0.3457943925233644,0.0020316944331572,"1649,15445","1649,4440"
-0.3452380952380952,0.1428571428571428,"2949,10246","2949,4486"
0.3448275862068966,0.0,"7030,12900","9794,12900"
0.3448275862068966,0.2758620689655172,"4409,7139","4409,20145"
-0.3442176870748299,0.0244897959183673,"269,14131","269,18982"
-0.3437945791726106,0.0156918687589158,"230,14134","230,17248"
0.34375,0.1929824561403508,"2722,6152","2722,24864"
-0.34375,0.34375,"11969,24316","11969,24317"
0.34375,-0.0636363636363636,"12511,17924","1664,17924"
-0.34375,0.3125,"12709,20059","12709,23160"
0.34375,-0.1034482758620689,"6507,17729","1785,17729"
0.34375,0.0765027322404371,"3990,12397","3990,21225"
-0.34375,-0.2156862745098039,"6270,17720","6270,8070"
0.34375,0.3125,"6428,11259","11259,26563"
-0.3436736958934517,0.3436736958934517,"566,2901","566,2901"
-0.3432835820895522,0.1641791044776119,"5702,17302","5702,23969"
0.3428571428571428,-0.2191780821917808,"10355,20319","5892,20319"
-0.3425925925925926,0.1851851851851851,"3463,10534","3463,18171"
-0.3421489770938975,-0.2808988764044944,"55,4168","2739,4168"
-0.3421052631578947,0.3421052631578947,"5380,10344","5380,10344"
-0.3414634146341463,0.0951619352259096,"8610,21416","4423,8610"
-0.3411764705882353,0.2470588235294117,"4610,16318","4610,14894"
-0.3411764705882353,0.1606490872210953,"4550,16270","1429,4550"
-0.3411596570028583,0.1797235023041474,"127,4586","463,4586"
-0.3409090909090909,-0.2590909090909091,"9059,20803","7434,9059"
-0.3404255319148936,0.2127659574468085,"8326,19992","8326,25889"
0.3404255319148936,-0.2361111111111111,"1815,8249","982,1815"
0.3399999999999999,-0.3399999999999999,"3970,13386","3970,13386"
-0.3396226415094339,0.1886792452830188,"7461,19032","7461,26194"
-0.3394495412844037,-0.1623147494707127,"3131,14654","3131,3777"
-0.3394495412844037,0.1009174311926605,"3524,15490","3524,25064"
0.3392857142857143,0.2982456140350877,"5295,7676","7676,19279"
-0.3389830508474576,0.2542372881355932,"6748,18285","6748,20793"
-0.3387096774193548,0.1612903225806451,"6522,18060","6522,26888"
-0.3384615384615385,0.2615384615384615,"5176,17760","5176,14147"
-0.3382352941176471,0.2332565556343019,"5009,17299","640,5009"
-0.3380281690140845,0.1408450704225352,"5447,16825","5447,25348"
0.3378378378378378,-0.3378378378378378,"2543,8415","2543,8415"
-0.3376623376623376,0.3376623376623376,"1681,2431","1681,2431"
0.3375796178343949,0.0742857142857142,"2313,2698","2698,21862"
0.3353174603174603,-0.3353174603174603,"7369,10330","7369,10330"
-0.3333333333333333,0.3333333333333333,"6291,6606","6291,6606"
-0.3333333333333333,0.3333333333333333,"1940,4454","1940,4454"
-0.3333333333333333,0.1515151515151515,"6058,17636","6058,26078"
0.3333333333333333,0.1466666666666666,"5318,6312","5318,24452"
-0.3333333333333333,0.319298245614035,"4334,20178","1948,4334"
-0.3333333333333333,0.2499999999999999,"4347,20500","4347,9462"
-0.3333333333333333,-0.0721003134796238,"6122,17701","6122,6793"
-0.3333333333333333,0.303030303030303,"10922,11299","11299,11916"
-0.3333333333333333,0.1515151515151515,"2263,6113","6113,26445"
-0.3333333333333333,0.2222222222222222,"7377,18947","7377,8256"
-0.3333333333333333,0.3333333333333333,"13548,26337","5580,13548"
-0.3333333333333333,0.3103448275862069,"4569,16280","4569,16593"
-0.3333333333333333,0.1354166666666666,"2802,4052","4052,21653"
-0.3333333333333333,-0.3055555555555556,"3891,17247","3891,8836"
-0.3333333333333333,0.2166666666666666,"5529,23065","5529,6019"
-0.3333333333333333,0.16,"5280,5739","5280,23000"
0.3333333333333333,-0.0,"10530,13750","13633,13750"
0.3333333333333333,0.1237113402061855,"2055,5075","2055,17073"
-0.3333333333333333,0.282051282051282,"9147,22306","9147,24755"
-0.3317403424930307,0.3317403424930307,"2325,2367","2325,2367"
-0.3315508021390374,0.3315508021390374,"5045,5430","5045,5430"
-0.3315496098104794,0.0745920745920745,"435,1021","435,15936"
-0.3308270676691729,0.1428571428571428,"2829,4003","2829,18624"
-0.3297297297297297,0.054054054054054,"1826,14610","1826,26302"
0.3291410222103291,-0.1724752475247524,"618,3684","3684,6338"
-0.3285714285714285,0.2297297297297297,"3778,17510","1207,3778"
-0.328125,0.0244565217391304,"6429,17968","3985,6429"
-0.3279569892473118,0.1505376344086021,"1975,14600","1975,16336"
-0.3278688524590164,0.3278688524590164,"2249,3055","2249,3055"
0.3274228807384017,-0.3274228807384017,"1067,10934","1067,10934"
-0.3272727272727272,0.2545454545454545,"5884,19188","5884,21425"
-0.3269230769230769,0.1923076923076923,"8052,19673","8052,26699"
-0.3265306122448979,0.2040816326530612,"4073,15878","4073,18200"
-0.3260869565217391,-0.0458715596330275,"9272,17025","959,9272"
0.3250959381546504,0.0367933982387092,"1022,1191","719,1022"
0.325,0.0827338129496402,"285,8885","285,17403"
-0.3245614035087719,0.2280701754385964,"3176,15461","3176,16701"
-0.3243243243243243,-0.2650602409638554,"5439,17043","2005,5439"
-0.3243243243243243,0.2972972972972973,"9650,23671","9650,18672"
-0.3241758241758242,0.2142857142857142,"2082,14652","2082,15352"
0.3241379310344827,-0.2917505030181087,"2675,4382","4382,5218"
-0.3235294117647059,0.2352941176470588,"6180,17755","6180,20298"
-0.3235294117647059,-0.3235294117647058,"5786,24404","5786,13335"
-0.3235294117647059,-0.2683823529411764,"9854,24030","7648,9854"
0.3225806451612903,-0.3225806451612903,"6475,11342","6475,11342"
-0.3225806451612903,0.3225806451612903,"9088,12565","12565,14560"
-0.3225806451612903,0.2741935483870967,"6607,18136","6607,19352"
-0.3225806451612903,0.3225806451612903,"6121,18322","6121,7983"
-0.3220338983050847,0.2542372881355932,"7021,18578","7021,18034"
-0.3218390804597701,0.2298850574712643,"3285,16397","1831,3285"
0.3217391304347826,0.1884057971014492,"6470,10461","8896,10461"
-0.3214285714285714,0.2321428571428571,"7382,18950","7382,21913"
-0.320754716981132,0.3018867924528302,"6860,19709","40,6860"
-0.32,0.26,"439,8577","8577,22356"
-0.32,0.0826315789473684,"8641,20314","3434,8641"
-0.3191489361702128,0.2127659574468085,"9312,20258","9312,26942"
-0.3188405797101449,0.2028985507246377,"6172,17749","6172,21428"
-0.3188405797101449,0.1739130434782608,"2977,6078","6078,18051"
0.3185983827493261,-0.3185983827493261,"1786,6566","1786,6566"
-0.3174603174603174,0.1746031746031746,"6750,18288","6750,24567"
0.3170731707317073,-0.1121495327102803,"4689,19423","3761,19423"
-0.3168316831683168,0.2524752475247525,"1893,14572","1893,14833"
0.3166819852941176,0.140625,"812,1099","812,15567"
-0.3166666666666666,0.1666666666666666,"5832,6934","6934,10276"
0.3165137614678899,0.1009174311926605,"3370,12827","3370,16435"
-0.3157894736842105,0.3157894736842105,"9539,23491","9539,23492"
-0.3157894736842105,0.2631578947368421,"7511,19080","7511,20853"
0.3153153153153153,0.1981981981981982,"1511,3339","1511,17678"
-0.3148148148148148,0.2222222222222222,"8134,16516","8134,23750"
0.3148148148148147,-0.3148148148148147,"1572,2447","1572,2447"
-0.3146067415730337,0.2134831460674157,"4629,16332","4629,17359"
-0.3146067415730337,0.146067415730337,"4772,16454","4772,22560"
-0.3142857142857143,-0.0691056910569105,"5555,24432","691,5555"
-0.3134328358208955,0.0845771144278607,"1927,9627","1927,19552"
0.3127272727272727,0.16,"2050,4472","2050,17040"
-0.3125,-0.0836120401337792,"5937,25300","1380,5937"
-0.3125,0.3125,"6074,11344","6074,11344"
-0.3125,0.1458333333333333,"4439,16173","4439,8954"
-0.3125,0.3125,"11191,16565","11191,26483"
-0.3125,0.3125,"5975,6156","5975,6156"
-0.3118110236220472,-0.2790697674418604,"247,11020","247,11139"
-0.3116883116883117,-0.1204520670169524,"5597,17181","1306,5597"
0.3116883116883117,-0.3116883116883117,"2316,3319","2316,3319"
-0.3114754098360656,0.1639344262295081,"6901,18447","6901,17277"
-0.3111111111111111,0.2222222222222222,"9555,21399","9555,26679"
-0.3108108108108108,0.2027027027027027,"5056,17356","5056,20655"
-0.3103864734299517,0.3103864734299517,"6955,9540","6955,9540"
0.3103560573165436,0.0851063829787234,"1986,2145","1949,1986"
-0.3103448275862069,0.2068965517241379,"7307,8582","7307,22732"
-0.3101851851851852,0.125,"716,14203","716,14755"
0.3101604278074866,0.0962566844919786,"629,750","669,750"
-0.3098591549295774,0.1408450704225352,"2810,15065","2810,18170"
-0.3090909090909091,0.2,"7675,19278","7675,23789"
-0.3088235294117647,0.1034368803701255,"1346,14370","601,1346"
-0.3086419753086419,-0.2945326278659612,"3836,16945","3836,5224"
-0.308411214953271,0.0311526479750778,"1068,14276","1068,25365"
-0.308411214953271,0.1401869158878504,"4039,15849","3955,4039"
-0.3078392621870882,-0.1621041331186258,"1373,1415","1177,1373"
-0.3076923076923077,0.282051282051282,"8417,23209","8417,24469"
-0.3076923076923077,0.0295439074200136,"3189,15280","3189,5331"
-0.3076923076923077,0.0710059171597633,"1221,14790","1221,22618"
-0.3076923076923077,-0.102294197031039,"5815,18297","5117,5815"
-0.3076923076923077,0.2153846153846154,"4305,18356","4305,21378"
-0.3076923076923077,0.1923076923076923,"5515,17108","5515,17616"
0.3073599308656201,-0.1535045107564191,"1433,4931","1433,2002"
-0.3073394495412844,0.1055045871559633,"1791,8774","1791,17267"
0.3073299415865838,0.1967213114754098,"1375,8404","8404,19632"
0.3065774804905239,-0.3065774804905239,"6963,10204","6963,10204"
-0.3061224489795918,0.3061224489795918,"3787,6138","3787,6138"
-0.3061224489795918,0.2244897959183673,"5861,20934","5861,24812"
-0.3061224489795918,0.3061224489795918,"3875,8113","3875,8113"
-0.3055555555555556,0.2777777777777778,"380,8894","8894,24095"
0.3055555555555556,-0.0421346969653442,"315,5414","315,1797"
0.3047561637229489,0.0702875399361022,"1111,2596","2596,17625"
-0.3043478260869565,0.217391304347826,"9428,21243","9428,26394"
0.3041150886584142,0.2622950819672131,"3312,4353","4353,19922"
0.3036669213139801,0.1298701298701298,"1753,2009","1753,16170"
-0.3033707865168539,0.1235955056179775,"3979,4975","4975,25222"
-0.3033509700176366,-0.2788527409739531,"74,14122","74,137"
-0.3023255813953488,0.3023255813953488,"4390,8650","4390,8650"
-0.3023255813953488,-0.3023255813953488,"4357,11772","3518,4357"
-0.3019801980198019,0.2524752475247525,"1996,14613","1996,14836"
-0.3018867924528302,0.2264150943396226,"8555,14848","8555,23451"
-0.3018867924528302,0.2075471698113207,"8412,20040","8412,24456"
-0.3015873015873015,0.2539682539682539,"7241,18778","7241,20333"
-0.3,0.2,"7355,18925","7355,22911"
-0.3,0.0916666666666666,"1585,3547","1585,24470"
-0.3,0.2666666666666666,"7494,19056","7494,20134"
0.2992950445780635,-0.2605633802816901,"2072,3205","3205,3486"
0.2989582237188256,0.253393665158371,"2186,5939","2186,14704"
-0.2987012987012987,0.1038961038961039,"2222,14987","2222,19797"
-0.2985915492957746,-0.1189625558227413,"981,3098","981,2469"
-0.2985074626865671,-0.2829514399831827,"4079,5093","2271,4079"
0.2981366459627329,0.093167701863354,"896,6383","896,20838"
-0.2978723404255319,0.2978723404255319,"3991,11278","3991,11278"
-0.2972972972972973,0.0788494916935284,"5076,15443","1741,5076"
-0.2972972972972973,0.2914067914067914,"8296,13258","925,8296"
-0.297029702970297,0.1188118811881188,"4444,16179","4444,11399"
0.2962962962962963,0.0,"2197,4676","2197,10399"
-0.2962962962962963,0.1467864923747276,"5412,20334","2950,5412"
-0.2959183673469387,0.2755102040816326,"4559,16273","4559,16577"
-0.2958801498127341,0.0561797752808988,"793,14401","793,10128"
-0.2950819672131147,0.180327868852459,"7332,18892","7332,24017"
0.2941176470588235,-0.0,"6670,10091","476,6670"
-0.2941176470588235,0.228979727484214,"8568,20933","4605,8568"
-0.2941176470588235,0.2156862745098039,"5226,20467","5226,20011"
-0.293103448275862,0.1293103448275862,"3823,15702","3823,20698"
-0.293103448275862,0.1724137931034483,"4267,19541","4267,26235"
-0.2921348314606741,0.1235955056179775,"2365,16653","2365,20078"
-0.2916666666666667,0.2291666666666666,"9457,11898","9457,24713"
-0.2916666666666667,-0.062420382165605,"2433,17973","119,2433"
-0.2916666666666667,0.225,"3695,15608","3695,16513"
0.2915057915057915,-0.2915057915057915,"4869,5540","4869,5540"
-0.2911877394636015,0.2375478927203065,"1517,7447","1517,14595"
-0.291044776119403,0.1044776119402985,"3299,15350","3299,21324"
0.2909090909090909,-0.2909090909090909,"3249,8261","3249,8261"
-0.2908366533864542,0.047808764940239,"1576,14453","1576,22640"
-0.2903225806451613,0.1612903225806451,"2247,14758","2247,16149"
-0.2903225806451613,0.2258064516129032,"2764,15044","2764,15643"
0.2898083386320284,0.0792079207920792,"2834,2916","2916,6181"
-0.2894736842105263,0.2236842105263158,"3481,17639","3481,19503"
-0.2894736842105263,0.2889525794684732,"7737,22505","4387,7737"
0.2894736842105263,-0.2894736842105263,"4836,11670","4836,11670"
-0.2891566265060241,0.1566265060240964,"5518,17116","5518,19921"
-0.2888888888888888,0.2222222222222222,"9752,21631","9752,25379"
-0.2886597938144329,0.0979381443298969,"2207,14714","2207,18720"
-0.2884615384615384,0.1923076923076923,"8988,20716","8988,26063"
-0.288135593220339,0.1694915254237288,"7852,19474","7852,25979"
-0.288,0.136,"3614,15554","3614,18317"
-0.2878787878787879,0.2878787878787879,"3420,15421","1038,3420"
-0.2872340425531915,0.1595744680851064,"4883,16547","4883,20778"
0.2869565217391304,0.1478260869565217,"1383,3462","1383,19726"
-0.2867647058823529,0.088235294117647,"3321,15366","3321,23646"
-0.2857142857142857,0.119047619047619,"5658,17250","5658,26932"
-0.2857142857142857,0.1758241758241758,"5036,15941","5036,14209"
-0.2857142857142857,0.2321428571428571,"8211,19851","2821,8211"
-0.2857142857142857,0.2142857142857142,"4132,15922","4132,17190"
-0.2857142857142857,0.2857142857142857,"8910,25867","8910,10692"
0.2857142857142857,-0.0,"3965,7525","2561,7525"
-0.284313725490196,0.0980392156862745,"4594,16299","4594,9628"
-0.284313725490196,0.0211558307533539,"1553,5175","1553,1651"
-0.284313725490196,0.1078431372549019,"4578,16289","4578,24842"
-0.2841530054644808,0.0564663023679417,"559,14180","559,16027"
0.2837837837837837,0.1411764705882353,"5510,6337","6337,23037"
-0.2837837837837837,0.2162162162162162,"5514,17868","5514,19965"
-0.2833333333333333,0.2666666666666666,"7837,19462","5167,7837"
-0.2830188679245283,0.2641509433962264,"9114,20878","9114,21274"
-0.2830188679245283,-0.125,"6980,20571","2326,6980"
-0.2830188679245283,-0.275,"9026,20771","7418,9026"
-0.2830111065405183,0.2830111065405183,"2494,8666","2494,8666"
-0.2828282828282828,0.1212121212121212,"4740,16432","4740,23483"
-0.2826475849731663,0.2826475849731663,"6259,6876","6259,6876"
-0.282051282051282,0.282051282051282,"8117,20522","8117,25173"
-0.282051282051282,0.2649572649572649,"3972,15795","3972,16022"
-0.282051282051282,0.2051282051282051,"3929,13078","3929,17083"
-0.28125,0.265625,"4463,18823","4463,19280"
0.2808362369337979,0.1142857142857142,"1043,1545","1545,16420"
-0.2807017543859649,0.1403508771929824,"4175,15953","4175,20359"
-0.28,0.2,"5591,17957","5591,20833"
-0.2790697674418604,0.2558139534883721,"10965,21317","10965,24393"
0.2790697674418604,0.0437317784256559,"866,4301","866,7894"
-0.2786885245901639,0.2295081967213114,"7940,19574","7940,21214"
-0.2786259541984733,0.1679389312977099,"1589,7870","1589,15082"
-0.2784810126582278,-0.2339854238588416,"4943,17734","120,4943"
-0.2784810126582278,0.189873417721519,"1800,5445","5445,18789"
-0.2781112444977991,0.0457516339869281,"956,3702","956,21163"
-0.2778366914103923,0.2778366914103923,"6265,10704","6265,10704"
0.2777777777777778,0.0793650793650793,"1193,4988","1193,15466"
0.2777777777777778,-0.1041666666666666,"8273,21048","3887,21048"
-0.2777777777777778,0.2777777777777778,"4990,7216","4990,7216"
0.2775974349272101,0.1394658753709199,"378,730","378,14961"
0.277024992472147,0.1975308641975308,"5089,5768","5089,20077"
-0.2769230769230769,-0.1530364372469635,"6211,14910","4781,6211"
-0.2769230769230769,0.2,"5667,12701","5667,22594"
-0.2767857142857143,0.1875,"4186,15968","4186,17796"
-0.2765957446808511,-0.0380479014068131,"529,3214","121,529"
0.276595744680851,-0.276595744680851,"3792,3923","3792,3923"
0.2753623188405797,0.0704845814977973,"509,2470","509,15890"
-0.2753623188405797,0.144927536231884,"3226,18790","3226,10837"
-0.2752293577981651,0.1192660550458715,"3311,16169","3311,15175"
0.275,0.1686046511627907,"346,7499","346,10102"
0.275,-0.275,"4616,6989","4616,6989"
-0.275,0.2191176470588235,"7957,24656","6833,7957"
-0.275,0.275,"4614,13589","4614,13589"
-0.2741935483870967,0.1935483870967742,"5905,19717","5905,23658"
-0.273972602739726,0.1917808219178082,"6821,18354","6821,21375"
0.2730783045977011,0.1171875,"783,2162","2162,18737"
-0.273037542662116,0.1450511945392491,"404,14174","404,14363"
-0.2727272727272727,0.2727272727272727,"3164,13164","3164,13164"
-0.2727272727272727,0.2167832167832167,"3323,15368","3323,5321"
-0.272189349112426,0.2603550295857988,"1168,14311","1168,12029"
-0.2711864406779661,0.1864406779661017,"8426,11407","8426,24496"
-0.2711864406779661,0.2033898305084746,"6245,19798","6245,22689"
-0.2708333333333333,-0.0416666666666666,"6212,15674","6212,8128"
-0.2706422018348624,0.0596330275229357,"2065,14639","2065,6595"
-0.2699386503067484,0.2453987730061349,"2844,15084","2844,15288"
0.2689075630252101,-0.0534441805225653,"1287,6857","972,1287"
-0.2686567164179104,0.0895522388059701,"3545,15504","3545,22681"
-0.2683438155136268,0.2075471698113207,"3009,4986","4986,23798"
0.2682926829268293,-0.0743589743589743,"6878,16229","393,16229"
-0.268041237113402,0.2268041237113402,"2536,16690","2536,17627"
-0.2678571428571428,0.125,"2768,13202","2768,14537"
-0.2678571428571428,0.25,"9156,20914","9156,11090"
-0.2676056338028169,0.1549295774647887,"7186,15005","7186,24840"
0.2674418604651162,-0.0646551724137931,"5706,15027","3660,15027"
0.2666666666666667,-0.2666666666666667,"3953,10903","3953,10903"
-0.2666666666666666,0.2222222222222222,"5813,23274","5813,26278"
-0.2665441176470588,0.0520833333333333,"3002,3871","3871,6394"
-0.2659574468085106,0.1808510638297872,"5204,16831","4464,5204"
-0.265625,-0.125,"8092,19716","1041,8092"
-0.2653061224489796,0.2040816326530612,"5127,12794","5127,26441"
0.2653061224489795,-0.2653061224489795,"3643,7452","3643,7452"
-0.2650602409638554,0.1204819277108433,"6174,17750","6174,26758"
-0.264367816091954,0.2068965517241379,"5673,17269","5673,18830"
-0.2642642642642642,0.1291291291291291,"1243,14337","1243,15112"
-0.2641509433962264,0.1226415094339622,"4348,16346","4348,21744"
-0.2635135135135135,0.1216216216216216,"3324,5138","3324,19221"
-0.2631578947368421,0.1894736842105263,"5228,16850","5228,18869"
-0.2615384615384615,0.1692307692307692,"7978,19611","7978,24717"
-0.2612612612612612,0.09009009009009,"4469,16195","4469,25375"
-0.2608695652173913,0.2608695652173913,"11201,23423","11201,23424"
-0.2605042016806723,0.2436974789915966,"3885,16072","3885,16309"
-0.2601941747572815,0.1766990291262136,"712,3295","712,14316"
-0.2600806451612903,0.0221774193548387,"563,1984","563,24786"
-0.26,-0.0928205128205127,"6543,14489","6543,6886"
-0.26,-0.0238095238095238,"5366,22301","5366,11935"
-0.2593457943925233,-0.0853932584269663,"478,14247","455,478"
-0.2592592592592592,0.1234567901234567,"5142,18006","5142,8315"
-0.2586206896551724,0.1896551724137931,"8835,20539","8835,24051"
-0.2584269662921348,0.1685393258426966,"5743,15722","5743,11152"
-0.2580645161290322,0.1048387096774193,"4062,15867","4062,17032"
-0.2580645161290322,0.2096774193548387,"7415,20029","7415,10030"
-0.2574850299401197,-0.225,"795,15126","795,7271"
-0.2571428571428571,-0.1176470588235294,"7631,15842","4710,7631"
0.2568149210903874,-0.2568149210903874,"5250,6100","5250,6100"
-0.2567567567567567,0.1351351351351351,"6496,18515","6496,15914"
0.2564102564102564,-0.2564102564102564,"5759,6680","5759,6680"
0.2564102564102564,0.0,"8526,8630","5498,8630"
-0.2564102564102564,0.1282051282051282,"6503,18371","1011,6503"
0.256,-0.256,"1161,7091","1161,7091"
-0.2558139534883721,0.2325581395348837,"6204,9675","6204,26979"
-0.2558139534883721,0.2558139534883721,"12124,24507","12124,24508"
0.2553362867498993,0.06282722513089,"4155,4595","4155,23526"
-0.2553191489361702,0.2553191489361702,"5756,8045","5756,23052"
-0.2551020408163265,0.1938775510204081,"5368,16985","5368,18704"
-0.2547169811320754,-0.0560759994722258,"2302,4237","2302,3693"
-0.2542372881355932,0.211864406779661,"1401,4438","847,4438"
-0.2539682539682539,0.1904761904761904,"8361,20032","8361,23115"
-0.2538461538461538,0.0769230769230769,"1551,15838","1551,26788"
-0.253012048192771,0.1927710843373494,"6469,18008","6469,20228"
0.2527472527472527,-0.2527472527472527,"1764,9508","1764,9508"
-0.2526315789473684,0.1263157894736842,"5494,10789","5494,22890"
-0.2526315789473684,0.1263157894736842,"5512,17106","5512,22977"
0.2525,-0.2525,"9256,9659","9256,9659"
-0.2521028194603324,0.2521028194603324,"157,2319","157,2319"
-0.2521008403361344,0.1512605042016806,"4345,16101","4345,18878"
0.2502695054574854,0.1341463414634146,"978,1278","1278,14234"
-0.25,0.1388888888888889,"3803,18926","3803,25728"
-0.25,0.1666666666666666,"7411,18976","7051,7411"
-0.25,0.1375,"3129,8518","3129,17762"
-0.25,0.1964285714285714,"6861,7365","6861,25075"
-0.25,0.25,"10743,24054","10743,24055"
-0.25,0.131578947368421,"2662,18645","2662,26249"
0.25,-0.0361111111111111,"4717,13769","195,13769"
-0.2481751824817518,0.0802919708029197,"3812,6999","3812,24213"
-0.2472727272727273,0.2472727272727273,"1875,3223","1875,3223"
-0.2463768115942029,0.1594202898550724,"4784,19759","4172,4784"
-0.2459016393442623,0.1967213114754098,"5434,20410","5434,22636"
-0.2459016393442623,0.221311475409836,"4400,16141","4400,16541"
-0.2452830188679245,0.2452830188679245,"8596,22380","8596,22379"
-0.2450980392156862,0.1078431372549019,"3149,11184","3149,17953"
-0.2448979591836734,0.1938775510204081,"5460,17062","5460,18475"
-0.2446808510638297,0.1489361702127659,"5841,17436","5841,21308"
-0.2446808510638297,0.1382978723404255,"5834,17431","5834,22291"
-0.2444444444444444,0.2222222222222222,"10072,24353","10072,26025"
0.2444444444444444,0.1637630662020905,"1039,9482","1039,14979"
-0.2442748091603053,0.2442748091603053,"745,1069","745,1069"
0.2439024390243902,-0.2322880371660859,"4247,13470","4247,11660"
0.2439024390243902,-0.2439024390243902,"4206,11743","4206,11743"
-0.2439024390243902,-0.0409756097560975,"7489,26290","5579,7489"
-0.2424242424242424,0.1969696969696969,"6664,19954","6664,21874"
0.2424242424242424,-0.2075471698113207,"2473,16194","5010,16194"
0.2416744475568004,-0.2416744475568004,"385,8466","385,8466"
-0.2409638554216867,0.180722891566265,"4203,18128","4203,20470"
-0.240625,0.059375,"1481,8495","1481,18742"
-0.24,0.1466666666666666,"2729,19211","2729,4105"
-0.2394366197183098,0.1830985915492957,"6962,9570","6962,21792"
-0.2394366197183098,0.1971830985915492,"8037,19661","8037,21383"
-0.2392638036809815,0.2392638036809815,"790,1824","790,1824"
-0.2391304347826087,0.1195652173913043,"3628,17728","3628,24850"
0.2380952380952381,0.238095238095238,"4047,11996","4047,15547"
0.2380952380952381,-0.2380952380952381,"3260,5050","3260,5050"
-0.238095238095238,0.1904761904761904,"8004,9077","9077,18469"
-0.2378048780487804,0.0975609756097561,"3329,15370","3329,20377"
-0.2371548246974868,0.2371548246974868,"70,1267","70,1267"
-0.2363636363636363,0.1818181818181818,"4076,21916","4076,25845"
-0.2356902356902357,0.1649831649831649,"660,14497","660,14896"
-0.2345679012345679,0.1975308641975308,"7145,18693","7145,20193"
-0.2340425531914893,0.2340425531914893,"3575,14070","3575,14070"
-0.2340425531914893,0.2127659574468085,"10391,24947","10391,26746"
-0.2338709677419354,0.0887096774193548,"4512,16232","4512,24281"
-0.2337662337662337,0.2337662337662337,"1290,2078","1290,2078"
-0.2333333333333333,0.2,"6492,18029","6492,10569"
-0.2328767123287671,0.1506849315068493,"7761,19381","7761,24023"
-0.2325581395348837,-0.2325581395348837,"4032,26643","4032,6954"
0.232089552238806,-0.232089552238806,"1937,3277","1937,3277"
-0.231578947368421,0.1894736842105263,"5742,17591","4311,5742"
-0.2307692307692307,0.1043956043956044,"2972,15153","2972,9712"
-0.2307692307692307,0.2179487179487179,"7490,19052","7490,19555"
0.2307692307692307,-0.2307692307692307,"3140,7212","3140,7212"
-0.2298850574712643,0.1494252873563218,"2280,18222","2280,2512"
-0.2297297297297297,-0.2237451737451737,"2883,15687","2883,7586"
-0.2291666666666666,0.2083333333333333,"4870,24405","4870,26083"
0.2280964109781843,0.1034482758620689,"1017,1108","1108,17036"
-0.2275862068965517,0.1034482758620689,"3385,12040","3385,20731"
-0.2272727272727272,-0.059880239520958,"5458,25462","772,5458"
-0.2270833333333333,0.2270833333333333,"3352,3378","3352,3378"
-0.227027027027027,0.2,"3048,15202","3048,15497"
-0.2266666666666666,0.2,"3790,15679","3790,16096"
-0.2266666666666666,0.1733333333333333,"7740,19351","7740,21701"
-0.2264150943396226,0.2075471698113207,"6678,23008","658,6678"
-0.2258064516129032,0.2258064516129032,"3722,17947","3722,17948"
-0.2258064516129032,0.0967741935483871,"2108,2239","2239,23133"
-0.2256944444444444,0.1770833333333333,"1196,14558","1196,14831"
-0.2238805970149253,0.1981471950591868,"3061,19818","3061,7733"
-0.2238805970149253,0.1791044776119403,"6546,21113","6546,23745"
-0.2238805970149253,0.2238805970149253,"2374,8861","2374,8861"
-0.2235294117647059,0.0392156862745098,"553,14680","553,3302"
-0.2234042553191489,0.1595744680851064,"4825,17858","4825,20577"
-0.2230215827338129,0.1798561151079136,"3726,8242","3726,16962"
-0.2229729729729729,0.0878378378378378,"3151,15762","3151,21743"
-0.2222222222222222,-0.0683151718357083,"5410,23661","61,5410"
0.2222222222222222,-0.2222222222222222,"3736,11067","3736,11067"
0.2219311822836052,0.1621621621621621,"788,989","989,14543"
0.2219030969030968,-0.2219030969030968,"2390,2942","2390,2942"
-0.219941348973607,0.0821114369501466,"1549,14438","1549,16434"
-0.2191780821917808,-0.0233516483516483,"2172,20308","173,2172"
-0.2185792349726776,0.0655737704918032,"3201,15285","3201,23340"
-0.2184873949579832,0.2016806722689075,"5126,16761","5126,17189"
-0.2183908045977011,0.160919540229885,"3365,15386","3365,16356"
-0.2183908045977011,0.2183908045977011,"1742,9093","1742,9093"
-0.2183098591549295,0.0774647887323943,"2583,15995","2583,24066"
-0.2181818181818181,0.2,"10728,22846","10728,24025"
-0.2179487179487179,0.2179487179487179,"1040,14268","1040,10227"
0.217391304347826,-0.1556603773584905,"7615,9092","3286,7615"
-0.217391304347826,0.1666666666666666,"1315,16134","1315,17371"
-0.217391304347826,-0.0470002428953121,"9753,25382","2053,9753"
0.217391304347826,0.0462056794480988,"910,1609","164,910"
0.2172490068616829,0.0325027085590465,"364,8354","364,15522"
-0.2159090909090909,0.1818181818181818,"1575,6722","6722,16202"
-0.2156862745098039,0.2156862745098039,"3203,3553","3203,3553"
-0.2151898734177215,0.2151898734177215,"1715,1957","1715,1957"
-0.2150537634408602,0.2150537634408602,"1588,13516","1588,13516"
-0.2142857142857142,0.0714285714285714,"3476,15785","3476,24332"
0.213235294117647,0.0212359098228663,"2584,3775","589,3775"
-0.2123287671232876,0.0546198921184368,"2948,16065","2458,2948"
-0.2121212121212121,0.0833333333333333,"1864,16436","1864,13123"
0.2117241379310344,-0.059047619047619,"2411,2591","2411,7924"
0.2115384615384615,-0.2115384615384615,"3089,6622","3089,6622"
-0.2112676056338028,0.1690140845070422,"6020,6179","6020,22959"
-0.2112676056338028,0.2112676056338028,"8904,20622","8904,20621"
-0.2112676056338028,0.1549295774647887,"6148,20949","6148,24846"
0.21,-0.0651013874066168,"1760,2116","1166,2116"
-0.2095238095238095,0.1904761904761904,"5999,17575","5999,18172"
-0.2091503267973856,0.0947712418300653,"1901,14574","1901,16306"
-0.208695652173913,0.0956521739130434,"5639,17230","5639,24946"
-0.2083333333333333,0.0833333333333333,"5315,16931","5315,26134"
-0.2075471698113207,0.1886792452830188,"4078,19104","4078,25853"
-0.207492795389049,0.1613832853025936,"797,14468","797,14703"
-0.2074074074074074,0.1333333333333333,"4735,16424","4735,15063"
-0.2072072072072072,0.1261261261261261,"3216,17442","3216,19868"
-0.2072072072072072,0.1081081081081081,"5251,17317","5251,10012"
-0.2071428571428571,0.1071428571428571,"4590,16297","4590,5341"
-0.2066115702479339,0.1239669421487603,"5351,16969","5351,20861"
-0.20625,0.1125,"3998,15821","3998,19103"
-0.2061556329849012,-0.1150442477876106,"778,2045","2045,6314"
-0.2058823529411764,0.0512333965844402,"4108,21131","4108,7301"
-0.2054794520547945,0.1780821917808219,"3679,20544","3679,11131"
-0.2054794520547945,-0.1630556332121889,"590,14627","590,3849"
-0.2051971326164874,0.1071428571428571,"6327,7138","5474,7138"
0.2040816326530612,0.0496688741721854,"1993,3253","1993,20823"
-0.204,0.204,"1029,2279","1029,2279"
-0.2028985507246377,0.1158102766798418,"6077,21170","676,6077"
0.2027972027972028,0.0833333333333333,"1109,2283","1109,21659"
-0.202127659574468,0.1914893617021276,"4620,14490","4620,19265"
0.2020408163265306,0.1714285714285714,"2027,2064","2027,2028"
-0.2016574585635359,0.0653775322283609,"52,14141","52,102"
-0.2006688963210702,0.0735785953177257,"789,12834","789,1897"
-0.2,-0.0852272727272727,"2848,18701","2848,3941"
-0.2,0.1411764705882353,"7722,19335","7722,22750"
-0.2,0.1259259259259259,"4936,16600","4936,19655"
-0.1999999999999999,0.1999999999999999,"3190,13816","3190,13816"
0.1999999999999999,-0.1999999999999999,"3209,7762","3209,7762"
-0.1999999999999999,0.1999999999999999,"2375,10966","2375,10966"
-0.1967213114754098,0.0716333928474814,"4662,13366","922,4662"
-0.1967213114754098,0.0901639344262295,"5599,17185","5599,13062"
-0.1964285714285714,0.1130952380952381,"3976,15801","3976,18636"
-0.1962616822429906,0.1962616822429906,"6497,18035","6497,15416"
-0.1958041958041958,0.0839160839160839,"4232,11825","4232,22954"
-0.1957697983275946,0.1957697983275946,"1836,4006","1836,4006"
-0.1951219512195122,0.1707317073170731,"6196,20345","6196,21518"
0.1949197860962567,0.1409090909090909,"2475,5342","2475,16015"
-0.1944444444444444,0.0902777777777777,"2590,16367","2590,21917"
-0.1941747572815534,0.0315533980582524,"246,11168","246,22037"
-0.1938775510204081,0.1122448979591836,"6994,18558","6994,24202"
-0.1935483870967742,0.0188172043010752,"3870,19147","2399,3870"
-0.1935483870967742,0.0829493087557603,"2965,15149","2965,18833"
-0.1931818181818181,0.125,"7713,19324","7713,8554"
0.1931623931623931,-0.1931623931623931,"1248,5091","1248,5091"
-0.1929824561403508,0.1929824561403508,"5554,24426","5554,24425"
-0.1928571428571428,0.1017673048600883,"2699,16515","2600,2699"
-0.1925133689839572,0.1176470588235294,"1066,15502","1066,17519"
-0.1923640437817806,0.1923640437817806,"543,1723","543,1723"
-0.1923076923076923,-0.1204013377926421,"6213,14262","5429,6213"
-0.192170818505338,0.0854092526690391,"2273,14751","2273,17060"
-0.1918158567774935,-0.0686274509803921,"4107,4536","4536,4671"
-0.1916376306620209,0.0975609756097561,"2262,14745","2262,16449"
0.191588785046729,-0.191588785046729,"3650,11010","3650,11010"
-0.1903553299492385,0.0253807106598984,"1214,6752","1214,26291"
-0.19,0.15,"3873,18736","3873,9551"
-0.1888888888888888,0.1444444444444444,"3079,19463","3079,21963"
0.1879194630872482,-0.1879194630872482,"822,9398","822,9398"
0.1876586546089163,-0.1876586546089163,"321,1210","321,1210"
-0.1875,0.15625,"8459,22275","8459,26282"
-0.1871657754010695,-0.0943396226415094,"598,13113","598,9326"
-0.1871345029239766,0.1286549707602339,"4169,15949","4169,17759"
-0.1865671641791045,0.0895522388059701,"1330,17020","1330,22078"
-0.1865284974093264,0.0880829015544041,"3548,15508","3401,3548"
-0.1861471861471861,0.1168831168831168,"2894,9983","2894,16507"
-0.1851851851851851,-0.108433734939759,"9839,17115","2980,9839"
-0.1840277777777778,0.0868055555555555,"877,14777","877,16930"
-0.1835443037974683,0.1455696202531645,"4581,14050","4581,17462"
-0.1833333333333333,0.1833333333333333,"1394,2564","1394,2564"
0.1833333333333333,-0.1833333333333333,"2524,12798","2524,12798"
-0.1826923076923077,0.1826923076923077,"1317,3298","1317,3298"
0.1817729821220776,-0.1495327102803738,"58,1089","58,3586"
0.1803266178266178,0.0726495726495726,"671,722","722,15407"
-0.18,0.1,"7414,13678","5997,7414"
-0.1799163179916318,0.0543933054393305,"2408,9516","2408,21843"
-0.1791044776119403,0.1492537313432835,"9395,23271","9395,26275"
-0.1788617886178861,-0.1354045683313976,"3338,17523","1172,3338"
-0.1783783783783784,0.1027027027027027,"2679,15843","2679,15210"
0.1774193548387096,0.1540092165898617,"5337,6517","1633,5337"
0.1764705882352941,-0.1145833333333333,"1032,17101","6096,17101"
-0.1758793969849246,0.0433218725204972,"3716,15630","562,3716"
-0.1756756756756756,0.1351351351351351,"6873,22547","6873,25193"
-0.1756756756756756,0.1756756756756756,"5400,12992","5400,12992"
-0.1755725190839694,0.0766186033361606,"2824,17376","1913,2824"
0.175438596491228,0.1313131313131313,"3698,7032","7032,21985"
-0.175438596491228,0.0964912280701754,"6182,18381","6182,8225"
-0.175438596491228,0.0495495495495495,"7240,26875","4134,7240"
0.1739693503129721,-0.1739693503129721,"1462,2007","1462,2007"
-0.1736111111111111,0.141260162601626,"1820,16932","1820,2148"
-0.1729323308270676,0.112781954887218,"3245,17291","3245,20462"
-0.1724137931034483,0.1724137931034483,"2581,7474","2581,7474"
-0.1721854304635761,0.1390728476821192,"4886,16730","4886,17937"
-0.1719745222929936,0.1019108280254777,"1078,4893","645,4893"
0.1717791411042944,-0.1179487179487179,"1878,16350","4895,16350"
-0.1714285714285714,0.1238095238095238,"1563,15543","1563,16732"
0.1709401709401709,-0.1709401709401709,"1097,7190","1097,7190"
-0.1703703703703703,0.1259259259259259,"1135,17452","1135,19643"
-0.1703703703703703,0.0270979840600093,"4224,17323","4224,6753"
0.1702127659574468,0.1702127659574468,"1447,10134","1447,19871"
-0.17,0.17,"3795,19367","3795,19368"
0.1699507389162561,0.0615763546798029,"174,635","174,16886"
-0.1693227091633466,0.0577689243027888,"186,10354","186,16266"
-0.1688888888888889,-0.0986324786324786,"937,1952","937,4593"
-0.1688311688311689,0.1688311688311689,"1030,5352","1030,5352"
-0.1688311688311688,0.1298701298701298,"6242,21622","6242,25363"
0.168695652173913,-0.0432429888951628,"1333,1844","1844,1916"
-0.1666666666666666,0.1018518518518518,"4033,19212","1521,4033"
-0.1666666666666666,0.0833333333333333,"3441,15790","3441,9882"
-0.1666666666666666,0.1527777777777778,"8145,16803","8145,23787"
-0.1666666666666666,0.1078431372549019,"8075,18960","8075,24997"
-0.1647058823529411,-0.0357298474945533,"2290,4875","2589,4875"
-0.1642857142857142,0.0857142857142857,"4795,17283","4795,22704"
-0.1639344262295081,0.1639344262295081,"5288,25905","5288,25906"
0.1639344262295081,-0.1639344262295081,"2405,13342","2405,13342"
0.1639344262295081,-0.1639344262295081,"2403,3915","2403,3915"
0.1638176638176638,-0.1638176638176638,"1348,9117","1348,9117"
-0.1623376623376623,0.0779220779220779,"5398,16999","5398,23583"
-0.1621621621621621,-0.0779922779922779,"3771,23721","3265,3771"
0.1617196702002356,-0.1617196702002356,"333,7140","333,7140"
0.1615384615384615,0.1153846153846153,"153,5292","5292,5413"
-0.1607142857142857,0.1517857142857142,"3705,18968","3705,19469"
-0.1604095563139931,0.1399317406143344,"1158,14964","1158,15230"
-0.160377358490566,0.1415094339622641,"5177,19707","5177,13562"
-0.16,0.096,"5265,18185","5265,22907"
-0.1587301587301587,0.1587301587301587,"2323,12833","2323,12833"
-0.1584158415841584,0.1485148514851485,"3145,19859","3145,20499"
0.1581336696090794,-0.1581336696090794,"2486,2957","2486,2957"
0.1578947368421053,-0.1578947368421053,"1890,7765","1890,7765"
-0.157190635451505,0.0802675585284281,"2014,14570","2014,14736"
-0.1568627450980392,0.0849673202614379,"2586,17097","2586,21844"
-0.1565217391304348,0.1043478260869565,"7654,19242","7654,23698"
-0.155688622754491,0.1077844311377245,"4028,16800","4028,19202"
-0.1545454545454545,0.0772727272727272,"948,15741","948,19699"
-0.1544117647058823,0.1029411764705882,"3036,18033","3036,21411"
-0.1538461538461538,0.125,"2157,20085","2157,22086"
0.1530612244897959,-0.0,"2808,11579","11579,14087"
-0.1524163568773234,0.1301115241635687,"946,15247","946,15660"
0.1517857142857143,-0.1517857142857143,"6070,9075","6070,9075"
-0.1515151515151515,0.1082251082251082,"1636,15626","1636,16933"
-0.1509433962264151,0.1132075471698113,"1691,17052","1691,18853"
-0.1508771929824561,0.1251867291992356,"457,15125","208,457"
-0.1507936507936507,0.0793650793650793,"1631,6735","6735,26170"
-0.1507442999811569,0.1507442999811569,"180,2567","180,2567"
-0.1506849315068493,0.136986301369863,"4167,25011","4167,19559"
0.1499878891766503,-0.1499878891766503,"1090,2667","1090,2667"
-0.1493576816243381,-0.1187277341839942,"135,561","561,2338"
-0.1486880466472303,0.1137026239067055,"753,14825","753,15330"
-0.1477732793522267,0.0668016194331983,"402,14455","402,15761"
-0.1471698113207547,0.0490566037735849,"857,15326","857,16271"
0.1470588235294118,0.1470588235294117,"2099,7066","2099,15710"
-0.1463414634146341,0.1300813008130081,"2141,18928","2141,19936"
0.1434178743961353,0.108915770609319,"1335,1471","1230,1471"
-0.1428571428571428,-0.1195652173913043,"2709,23348","2709,6516"
-0.1428571428571428,0.1047619047619047,"4125,20845","4125,24615"
0.1422351233671988,-0.1422351233671988,"4077,6542","4077,6542"
-0.1413043478260869,0.1195652173913043,"4642,21705","4642,23958"
-0.1410788381742738,0.1203319502074688,"1006,10254","1006,16227"
-0.1409691629955947,0.0748898678414096,"854,10831","854,6977"
0.1408285385500575,0.0759493670886076,"349,1027","1027,23657"
-0.1406649616368286,0.0281329923273657,"1049,14739","1049,11418"
-0.1405622489959839,0.0642570281124498,"2178,15589","2178,19813"
-0.1401869158878504,0.0591900311526479,"2738,15026","2738,6813"
-0.1401098901098901,0.1126373626373626,"1100,14835","1100,15237"
-0.1397849462365591,0.1236559139784946,"5189,16815","5189,13560"
0.1395348837209302,0.1075581395348837,"214,5838","214,7886"
-0.1395348837209302,0.1162790697674418,"3096,23223","3096,26165"
-0.1376146788990825,-0.0650001026209387,"1660,10654","1660,1846"
-0.136986301369863,-0.0595238095238095,"5253,19120","4333,5253"
-0.1368421052631579,-0.0674543501611171,"2809,21775","2395,2809"
0.1368421052631578,-0.1368421052631578,"537,4871","537,4871"
-0.1368078175895765,0.0521172638436482,"430,15183","430,14469"
-0.1363636363636363,0.1136363636363636,"3785,22671","3785,25335"
-0.135593220338983,0.0932203389830508,"3732,20165","3732,24645"
-0.1351351351351351,0.053088803088803,"3899,25279","3811,3899"
-0.1346153846153846,0.0961538461538461,"4905,21268","4905,26430"
-0.1346153846153846,0.125,"2933,21287","2933,15303"
-0.1341463414634146,0.048780487804878,"3975,5775","3975,23232"
-0.1339339339339339,0.0318318318318318,"294,8572","294,808"
-0.1333333333333333,0.0552380952380952,"1590,21224","1590,2587"
-0.1324503311258278,0.1125827814569536,"2687,14832","2097,2687"
-0.1317073170731707,0.1158188153310104,"2716,16588","582,2716"
-0.1316725978647686,-0.0679245283018867,"1640,10957","688,1640"
-0.1308409454750918,-0.0740069686411149,"421,474","474,3525"
-0.1304347826086956,0.1130434782608695,"1906,9036","9036,22126"
-0.1299019607843137,0.0539215686274509,"1595,14766","1595,17535"
-0.1293103448275862,0.1293103448275862,"7305,20456","7305,20457"
-0.1287878787878787,0.0656565656565656,"2398,8829","2398,16637"
-0.1280487804878048,0.0853658536585365,"2765,17976","2765,21253"
-0.1272727272727272,0.1,"2681,21517","2681,25120"
-0.1267893660531697,0.0838445807770961,"1967,10493","1967,15248"
-0.1267605633802817,0.0469483568075117,"3633,16603","3633,4407"
-0.1256830601092896,0.0655737704918032,"3160,17335","3160,14405"
-0.1253822629969418,0.0825688073394495,"1968,15250","1968,16614"
-0.125,0.0474137931034482,"2312,15891","2312,23778"
0.1238095238095238,-0.1238095238095238,"452,1284","452,1284"
-0.1237113402061855,0.1237113402061855,"1316,3641","1316,3641"
-0.1231527093596059,0.1231527093596059,"6628,8232","6628,8232"
-0.1227495908346972,0.0163666121112929,"202,13728","202,26570"
-0.1218274111675127,0.079633623523842,"494,14288","62,494"
-0.1214285714285714,0.0857142857142857,"2620,19638","2620,18339"
-0.1209677419354838,0.0967741935483871,"4692,16189","4692,15219"
-0.12,0.0933333333333333,"1593,19229","1593,21503"
-0.119047619047619,0.119047619047619,"1567,6433","1567,6433"
-0.1180811808118081,0.040590405904059,"919,15863","919,23947"
-0.117391304347826,0.0739130434782608,"4483,12064","4483,9050"
-0.1172413793103448,0.1103448275862069,"2872,19338","2872,19836"
-0.1162079510703364,-0.0742605071581283,"1489,15434","1489,3294"
-0.1158940397350993,0.1158940397350993,"2177,15587","2177,15588"
-0.1158301158301158,0.0926640926640926,"1781,16119","1781,17110"
-0.1149425287356321,0.1149425287356321,"3799,25583","3799,25683"
-0.1145038167938931,0.1145038167938931,"1654,11127","1654,20541"
-0.1129707112970711,0.0669456066945606,"2653,16536","2653,20067"
-0.1127450980392156,0.1078431372549019,"1810,17312","1810,17574"
0.1123595505617978,-0.1123595505617978,"1431,3255","1431,3255"
0.1120292388368028,0.0246305418719211,"162,2270","162,26061"
0.1112574061882817,-0.1112574061882817,"5157,7390","5157,7390"
0.1111111111111111,-0.0,"4443,6370","6370,11329"
-0.1111111111111111,0.0925925925925925,"5953,22687","5953,25376"
0.1110176619007569,-0.1110176619007569,"4418,7537","4418,7537"
-0.1095890410958904,0.073972602739726,"1144,1827","1827,16564"
-0.1085972850678733,0.1040723981900452,"5482,17080","5482,17306"
-0.1083333333333333,-0.1083333333333332,"965,22099","965,3931"
-0.1067415730337078,0.0148252184769038,"2368,12951","394,2368"
-0.10625,0.0625,"1499,12991","1499,21205"
-0.1054852320675105,0.080168776371308,"2131,16828","2131,18443"
-0.1048034934497816,0.1048034934497816,"161,377","161,377"
0.1047619047619047,-0.1047619047619047,"1141,7255","1141,7255"
-0.104602510460251,0.0585774058577405,"1058,16946","1058,21168"
-0.1015625,0.078125,"1537,22075","1537,26116"
-0.1014492753623188,0.0833432598769108,"760,15624","624,760"
-0.1005586592178771,0.0670391061452514,"757,19174","757,23537"
-0.1002087682672233,0.0438413361169102,"329,14914","329,17811"
-0.099630996309963,0.099630996309963,"292,7936","292,7936"
-0.0964630225080385,0.0418006430868167,"826,12619","826,22569"
0.0956521739130434,-0.0956521739130434,"1012,1455","1012,1455"
-0.0954356846473029,0.0663900414937759,"1854,17415","1854,20163"
-0.0931937172774869,0.0219895287958115,"532,853","853,12662"
-0.0930232558139534,0.0334302325581395,"85,10440","85,17273"
-0.0927505330490405,0.0351812366737739,"134,14343","134,715"
-0.0916030534351145,0.0305343511450381,"341,14467","341,17095"
0.0903934774902516,-0.0903934774902516,"609,6899","609,6899"
-0.0892857142857142,0.0833333333333333,"767,21018","767,21466"
-0.0890410958904109,-0.0079365079365079,"2891,3944","3944,4071"
-0.0885416666666666,0.0677083333333333,"1439,19650","1439,22375"
-0.0875,0.0625,"2347,21335","2347,5663"
0.0860959920831272,0.0366279069767442,"4808,5992","5992,6277"
-0.0852713178294573,0.0775193798449612,"1990,9635","1990,14178"
0.0849673202614379,-0.0849673202614379,"674,998","674,998"
-0.0846681922196796,0.034324942791762,"749,15477","749,16977"
-0.0843881856540084,0.050632911392405,"907,18192","907,22948"
-0.0843344254338065,0.0843344254338065,"1300,6387","1300,6387"
-0.0832579185520362,0.0832579185520362,"3566,3567","3566,3567"
-0.0806095781149238,0.0806095781149238,"1060,1299","1060,1299"
0.0804093567251461,-0.0804093567251461,"5387,5653","5387,5653"
-0.0802469135802469,0.074074074074074,"1187,20937","1187,22710"
-0.0797872340425532,0.0585106382978723,"2997,20671","2997,24303"
-0.0792452830188679,0.060377358490566,"401,17804","401,19801"
-0.0782608695652174,0.072463768115942,"848,16624","848,17017"
-0.0773381294964028,0.0305755395683453,"118,15100","118,13812"
-0.0763358778625954,0.0763358778625954,"931,26863","931,26862"
-0.0761099365750528,0.0274841437632135,"3649,15578","3649,22604"
-0.0753424657534246,-0.066274358479645,"5186,18268","3330,5186"
-0.0749063670411985,-0.0297297297297297,"1138,18096","1138,1961"
-0.0746268656716417,0.0597014925373134,"1622,14555","1622,19771"
-0.0738636363636363,0.0539772727272727,"2029,16672","2029,16927"
-0.0736242884250474,0.0736242884250474,"1249,1298","1249,1298"
-0.0732758620689655,0.0732758620689655,"3652,8470","3652,8470"
-0.0714285714285714,0.0510204081632653,"3491,18120","3491,7684"
-0.0714285714285714,0.0714285714285714,"655,5668","655,5668"
0.0707322376646674,0.0581089802692236,"445,505","505,737"
-0.07,0.03125,"189,12279","189,16980"
-0.0696202531645569,0.0632911392405063,"3270,24321","3270,8640"
-0.0691024622716441,0.0150913423351866,"32,14347","32,18732"
-0.0689655172413793,0.0492610837438423,"528,21336","528,10523"
-0.0671641791044775,0.0671641791044775,"3425,4026","3425,4026"
-0.0670391061452514,0.0670391061452514,"3114,23448","3114,23449"
-0.0654761904761904,0.0654761904761904,"1525,25214","1525,25215"
-0.0649038461538461,0.0288461538461538,"150,16558","150,23287"
-0.0642201834862385,0.0458715596330275,"1051,18039","1051,20998"
-0.0637583892617449,0.0604026845637583,"369,15432","369,14266"
0.0634278002699055,-0.0634278002699055,"769,1685","769,1685"
-0.0592734225621414,0.02868068833652,"595,16050","595,20887"
-0.0570175438596491,0.043859649122807,"2418,21999","2418,25988"
-0.0566502463054187,0.0295566502463054,"99,14991","99,17074"
-0.053680981595092,0.0214723926380368,"708,15662","708,21485"
-0.0511811023622047,0.0472440944881889,"1075,22070","1075,23176"
-0.0494845360824742,0.0350515463917525,"1005,5236","1005,11725"
0.0487512487512487,-0.0487512487512487,"1965,3010","1965,3010"
-0.0411949685534591,0.0411949685534591,"846,2656","846,2656"
-0.0401426270991487,0.0401426270991487,"1268,1387","1268,1387"
-0.0397936624907884,-0.020754716981132,"3259,4233","260,3259"
-0.0394047947092863,0.0394047947092863,"1086,1206","1086,1206"
0.0389610389610388,-0.0389610389610388,"4404,4819","4404,4819"
0.0370843989769821,-0.0370843989769821,"7057,11477","7057,11477"
0.0339162692103868,-0.0339162692103868,"2193,2752","2193,2752"
0.0324074074074074,-0.0324074074074074,"5262,8636","5262,8636"
-0.0314656465646564,0.0314656465646564,"781,1035","781,1035"
0.0296425457715779,-0.0296425457715779,"7064,8314","7064,8314"
-0.0281818181818181,0.0018181818181818,"15,14182","15,15910"
-0.0281007751937984,0.0125968992248062,"129,16293","129,22410"
-0.0274261603375527,0.0253164556962025,"373,21897","373,22982"
-0.027072758037225,0.0186125211505922,"531,20386","531,10106"
0.0247786116610648,-0.0247786116610648,"89,105","89,105"
-0.0194805194805194,0.0162337662337662,"98,22883","98,1023"
-0.0169675409759832,0.0169675409759832,"24,88","24,88"
-0.0103881902679059,0.0092946965554948,"35,1619","35,13735"
-0.0,-0.0,"8424,12555","8424,12555"
-0.0,-0.0,"3831,11679","3831,11679"
0.0,0.0,"3687,8966","3687,8966"
0.0,0.0,"8066,12137","8066,12137"
-0.0,-0.0,"8205,10409","8205,10409"
0.0,0.0,"10367,11671","10367,11671"
-0.0,-0.0,"9664,13471","9664,13471"
-0.0,-0.0,"6936,10127","6936,10127"
-0.0,-0.0,"3877,7610","3877,7610"
-0.0,-0.0,"11593,13071","11593,13071"
0.0,0.0,"5833,9630","5833,9630"
-0.0,-0.0,"8976,13864","8976,13864"
-0.0,-0.0,"1669,4119","1669,4119"
0.0,0.0,"7312,9764","7312,9764"
-0.0,-0.0,"3752,6903","3752,6903"
0.0,0.0,"1042,1718","1042,1718"
0.0,0.0,"7282,11575","7282,11575"
-0.0,-0.0,"12238,14098","12238,14098"
-0.0,-0.0,"4031,6604","4031,6604"
-0.0,-0.0,"2538,8944","2538,8944"
0.0,0.0,"1796,7419","1796,7419"
0.0,0.0,"251,464","251,464"
0.0,0.0,"7055,9276","7055,9276"
0.0,0.0,"7050,7953","7050,7953"
-0.0,-0.0,"4715,8096","4715,8096"
0.0,0.0,"8173,13967","8173,13967"
0.0,0.0,"13792,13968","13792,13968"
-0.0,-0.0,"6042,7034","6042,7034"
-0.0,-0.0,"2038,3529","2038,3529"
0.0,0.0,"3973,13250","3973,13250"
-0.0,-0.0,"11768,11846","11768,11846"
0.0,0.0,"8101,9306","8101,9306"
0.0,0.0,"5437,9711","5437,9711"
0.0,0.0,"6099,6473","6099,6473"
0.0,0.0,"3886,4826","3886,4826"
-0.0,-0.0,"3632,6330","3632,6330"
0.0,0.0,"1759,5700","1759,5700"
-0.0,-0.0,"6558,13984","6558,13984"
-0.0,-0.0,"7584,13878","7584,13878"
-0.0,-0.0,"7590,10311","7590,10311"
0.0,0.0,"4520,10955","4520,10955"
0.0,0.0,"723,1019","723,1019"
0.0,0.0,"1938,5587","1938,5587"
0.0,0.0,"4548,9873","4548,9873"
-0.0,-0.0,"2749,10688","2749,10688"
0.0,0.0,"10186,10685","10186,10685"
-0.0,-0.0,"4544,7554","4544,7554"
-0.0,-0.0,"4278,8369","4278,8369"
-0.0,-0.0,"5916,8553","5916,8553"
-0.0,-0.0,"9254,12464","9254,12464"
-0.0,-0.0,"3267,6746","3267,6746"
-0.0,-0.0,"2595,4683","2595,4683"
0.0,0.0,"5642,7781","5642,7781"
-0.0,-0.0,"5783,10977","5783,10977"
-0.0,-0.0,"10279,12822","10279,12822"
0.0,0.0,"10567,13239","10567,13239"
0.0,0.0,"5481,11027","5481,11027"
-0.0,-0.0,"6384,11354","6384,11354"
-0.0,-0.0,"11049,11174","11049,11174"
-0.0,-0.0,"3215,10662","3215,10662"
-0.0,-0.0,"10122,12055","10122,12055"
0.0,0.0,"1437,5607","1437,5607"
0.0,0.0,"10590,13542","10590,13542"
-0.0,-0.0,"11000,12002","11000,12002"
-0.0,-0.0,"2276,4045","2276,4045"
0.0,0.0,"1829,4765","1829,4765"
-0.0,-0.0,"4756,6674","4756,6674"
-0.0,-0.0,"5371,10185","5371,10185"
0.0,0.0,"2258,10735","2258,10735"
0.0,0.0,"4835,12202","4835,12202"
0.0,0.0,"3388,10733","3388,10733"
0.0,0.0,"10729,10730","10729,10730"
0.0,0.0,"5734,8342","5734,8342"
0.0,0.0,"12193,12684","12193,12684"
-0.0,-0.0,"2107,3051","2107,3051"
0.0,0.0,"9211,13802","9211,13802"
-0.0,-0.0,"9206,10207","9206,10207"
0.0,0.0,"9221,9907","9221,9907"
-0.0,-0.0,"1847,2427","1847,2427"
0.0,0.0,"8295,13154","8295,13154"
-0.0,-0.0,"6292,10065","6292,10065"
0.0,0.0,"500,1992","500,1992"
-0.0,-0.0,"7573,12954","7573,12954"
-0.0,-0.0,"5317,5867","5317,5867"
0.0,0.0,"3000,7939","3000,7939"
-0.0,-0.0,"4054,7535","4054,7535"
-0.0,-0.0,"3436,8123","3436,8123"
0.0,0.0,"3399,8379","3399,8379"
-0.0,-0.0,"3340,3342","3340,3342"
0.0,0.0,"3380,9116","3380,9116"
-0.0,-0.0,"13608,13619","13608,13619"
-0.0,-0.0,"8802,9379","8802,9379"
0.0,0.0,"2774,12858","2774,12858"
-0.0,-0.0,"13224,13686","13224,13686"
