{
    "KS_statistic": 0.05144230769230769,
    "p_value": 0.9415682795649031
}