{
    "KS_statistic": 0.1409481076863051,
    "p_value": 0.03279811487171207
}