{
    "KS_statistic": 0.06736668239735724,
    "p_value": 0.30555359730808657
}