{
    "KS_statistic": 0.06178621991505427,
    "p_value": 0.4077574122863787
}