{
    "KS_statistic": 0.13359620710698022,
    "p_value": 0.0013734909949109204
}