{
    "KS_statistic": 0.10571024067956583,
    "p_value": 0.02069100641529519
}