{
    "KS_statistic": 0.1228259982036417,
    "p_value": 8.965104472891787e-06
}