{
    "KS_statistic": 0.15791203116931887,
    "p_value": 7.700359174220409e-05
}