{
    "KS_statistic": 0.09149434256730395,
    "p_value": 0.3434538613823811
}