{
    "KS_statistic": 0.07692307692307693,
    "p_value": 0.5706887777492028
}