{
    "observed_skl": 0.11205232215477988,
    "p_value": 0.6813186813186813,
    "optimal_k": 18,
    "k_candidates": [
        8,
        9,
        10,
        11,
        12,
        13,
        14,
        15,
        16,
        17,
        18,
        19,
        20,
        21,
        23,
        24
    ],
    "#class1": 246,
    "#class2": 332
}