{
    "KS_statistic": 0.05163971351052325,
    "p_value": 0.22309568192120788
}