{
    "observed_skl": 0.19581124837537095,
    "p_value": 0.984015984015984,
    "optimal_k": 8,
    "k_candidates": [
        8,
        9,
        10,
        11,
        12,
        13,
        14,
        15,
        16
    ],
    "#class1": 126,
    "#class2": 159
}