{
    "KS_statistic": 0.09717675941080196,
    "p_value": 0.04663174933178632
}