{
    "KS_statistic": 0.03763307209552843,
    "p_value": 0.599476778831333
}