{
    "KS_statistic": 0.16765021459227467,
    "p_value": 0.00609458621202434
}