{
    "KS_statistic": 0.06474110995387591,
    "p_value": 0.36840093129156876
}