{
    "KS_statistic": 0.04299802761341223,
    "p_value": 0.8378276156647515
}