{
    "KS_statistic": 0.07298575887631682,
    "p_value": 0.6247634288555779
}