{
    "KS_statistic": 0.10183378852906749,
    "p_value": 0.22877363866042733
}