{
    "KS_statistic": 0.08781065088757396,
    "p_value": 0.08769507983544558
}