{
    "KS_statistic": 0.21882957078982956,
    "p_value": 5.610068114374448e-17
}