{
    "KS_statistic": 0.14996714077829415,
    "p_value": 0.00020833919464270512
}