{
    "observed_skl": 0.11888456775711671,
    "p_value": 0.7742257742257742,
    "optimal_k": 15,
    "k_candidates": [
        8,
        9,
        10,
        11,
        12,
        13,
        14,
        15,
        16,
        17
    ],
    "#class1": 124,
    "#class2": 168
}