{
    "KS_statistic": 0.08286188060866173,
    "p_value": 0.46443536011142156
}