{
    "KS_statistic": 0.10763753413968007,
    "p_value": 0.1784897975657284
}