{
    "KS_statistic": 0.035442966351293806,
    "p_value": 0.681035476042782
}