{
    "KS_statistic": 0.03375412930627655,
    "p_value": 0.9687250855291983
}