{
    "KS_statistic": 0.11394230769230769,
    "p_value": 0.1401471203743398
}