{
    "KS_statistic": 0.035320867320045385,
    "p_value": 0.6851582016409057
}