{
    "KS_statistic": 0.07345445965077867,
    "p_value": 0.216052787130302
}