{
    "KS_statistic": 0.23885102239532618,
    "p_value": 2.447261571399272e-10
}