{
    "observed_skl": 0.437737657619613,
    "p_value": 0.07192807192807193,
    "optimal_k": 8,
    "k_candidates": [
        8,
        9,
        10,
        11,
        12,
        13,
        14,
        15,
        16
    ],
    "#class1": 126,
    "#class2": 159
}