{
    "KS_statistic": 0.13519222644697929,
    "p_value": 0.001153475888685833
}