{
    "KS_statistic": 0.06665880132137801,
    "p_value": 0.31737728467558446
}