{
    "KS_statistic": 0.28802336903602727,
    "p_value": 6.9462506568772976e-15
}