{
    "KS_statistic": 0.04619810418918798,
    "p_value": 0.34905631875941284
}