{
    "KS_statistic": 0.13957062370959653,
    "p_value": 2.491304490703771e-07
}