{
    "observed_skl": 0.11788645373914967,
    "p_value": 0.7682317682317682,
    "optimal_k": 15,
    "k_candidates": [
        8,
        9,
        10,
        11,
        12,
        13,
        14,
        15,
        16
    ],
    "#class1": 126,
    "#class2": 159
}