{
    "KS_statistic": 0.029412149520482527,
    "p_value": 0.8626193877358229
}