{
    "KS_statistic": 0.20378345780387666,
    "p_value": 9.089490535602414e-15
}