{
    "KS_statistic": 0.23285839597470792,
    "p_value": 3.4940175712248722e-19
}