{
    "KS_statistic": 0.08557692307692308,
    "p_value": 0.43540044269620204
}