{
    "KS_statistic": 0.2092749844665635,
    "p_value": 1.4813989136883408e-15
}