{
    "KS_statistic": 0.12626707415227054,
    "p_value": 4.458241270394994e-06
}