{
    "KS_statistic": 0.21409796420608912,
    "p_value": 2.8912010278599293e-16
}