{
    "KS_statistic": 0.06549941474834178,
    "p_value": 0.7497268291832447
}