{
    "KS_statistic": 0.10384687602685068,
    "p_value": 0.024181248047582215
}