{
    "observed_skl": 0.21200920684992017,
    "p_value": 0.05194805194805195,
    "optimal_k": 16,
    "k_candidates": [
        8,
        9,
        10,
        11,
        12,
        13,
        14,
        15,
        16
    ],
    "#class1": 126,
    "#class2": 159
}