{
    "KS_statistic": 0.20676526845433169,
    "p_value": 3.4154950693747982e-15
}