{
    "KS_statistic": 0.14765715218887424,
    "p_value": 3.744921037785986e-08
}