{
    "KS_statistic": 0.037829192084511236,
    "p_value": 0.9302824332003573
}