{
    "KS_statistic": 0.08332520483808037,
    "p_value": 0.45750741815285006
}