{
    "KS_statistic": 0.09210539831046925,
    "p_value": 0.0019790001974191746
}