{
    "KS_statistic": 0.0810169891458235,
    "p_value": 0.1344894620898526
}