{
    "KS_statistic": 0.24050632911392406,
    "p_value": 1.7759439320810582e-10
}