{
    "KS_statistic": 0.13509615384615384,
    "p_value": 0.04844065546780917
}