{
    "KS_statistic": 0.0603704577630958,
    "p_value": 0.43660183863494056
}