{
    "KS_statistic": 0.07781310375807374,
    "p_value": 0.014070672072271006
}