{
    "KS_statistic": 0.1523024926066751,
    "p_value": 0.00015626443918257508
}