{
    "KS_statistic": 0.06433194465109358,
    "p_value": 0.37606660225919103
}