{
    "KS_statistic": 0.03824800582660613,
    "p_value": 0.5789199454327834
}