{
    "KS_statistic": 0.0553489064127362,
    "p_value": 0.565576181253885
}