{
    "KS_statistic": 0.035182389150458765,
    "p_value": 0.6898043118295442
}