{
    "KS_statistic": 0.10723218499292118,
    "p_value": 0.01813959684877247
}