{
    "observed_skl": 0.27191559504640916,
    "p_value": 0.28471528471528473,
    "optimal_k": 10,
    "k_candidates": [
        8,
        9,
        10,
        11,
        12,
        13,
        14,
        15,
        16
    ],
    "#class1": 126,
    "#class2": 159
}