{
    "KS_statistic": 0.05112426035502959,
    "p_value": 0.6546886573234415
}