{
    "KS_statistic": 0.04876660146649039,
    "p_value": 0.2817668179057751
}