{
    "KS_statistic": 0.18799902629016554,
    "p_value": 1.4743950681644003e-06
}