{
    "KS_statistic": 0.14287893723888653,
    "p_value": 0.000484142680169413
}