{
    "observed_skl": 0.14980002472647208,
    "p_value": 0.5694305694305695,
    "optimal_k": 14,
    "k_candidates": [
        8,
        9,
        10,
        11,
        12,
        13,
        14,
        15,
        16,
        17
    ],
    "#class1": 124,
    "#class2": 168
}