{
    "KS_statistic": 0.02642848421497768,
    "p_value": 0.9343535923536257
}