{
    "KS_statistic": 0.24184518013631937,
    "p_value": 1.3720289497133514e-10
}