{
    "KS_statistic": 0.04891728443230589,
    "p_value": 0.9571619778877816
}