{
    "KS_statistic": 0.039927080198697736,
    "p_value": 0.5237787046070638
}