{
    "KS_statistic": 0.035249181573931275,
    "p_value": 0.6813726822758444
}