{
    "KS_statistic": 0.14952641463215482,
    "p_value": 2.37935423993433e-08
}