{
    "KS_statistic": 0.12091590943554689,
    "p_value": 1.3096625653545995e-05
}