{
    "KS_statistic": 0.053096646942800786,
    "p_value": 0.6079303547390172
}