{
    "KS_statistic": 0.1268013894756607,
    "p_value": 0.002816343406973027
}