{
    "KS_statistic": 0.17089899567240957,
    "p_value": 8.83161587874553e-11
}