flow1,flow2,edge1,edge2
-0.925314465408805,0.0542452830188679,"262,108987","262,12615"
-0.1845829046774509,-0.1390728476821192,"303,18931","303,98249"
0.9782923299565848,0.303030303030303,"629,109036","629,53817"
0.9721115537848606,-0.1209677419354838,"1024,109099","7664,109099"
0.5746169772256728,0.5380952380952381,"1075,25221","7954,25221"
-0.1810292458561139,-0.3928571428571428,"1142,109113","1142,64145"
0.0769230769230768,0.0228690228690228,"1207,95432","95432,160069"
0.0726500265533722,0.2171428571428571,"1361,109162","28773,109162"
0.0686276630258462,0.05223315669947,"480,63370","480,90681"
1.0,0.0237580993520518,"1528,50817","1528,18723"
0.6880733944954128,-0.7068965517241379,"1563,64270","64269,64270"
0.9164556962025316,1.0,"1652,51568","1652,98883"
-0.9045226130653268,0.0326633165829145,"1445,1665","1445,82380"
0.4848898420744784,0.3478260869565217,"1712,10951","10951,14945"
0.7005988023952096,-0.7081545064377682,"1598,18793","602,18793"
-0.1641366223908918,0.0303605313092979,"1726,15344","1726,104664"
-0.1011111111111111,0.0303030303030303,"1789,101284","1789,153210"
0.963276836158192,-0.3333333333333333,"1792,106037","45910,106037"
-0.4213263979193758,0.3745123537061118,"1911,8070","1911,109308"
0.2034878244077057,-0.5912698412698413,"1480,76898","45137,76898"
0.310492505353319,0.0214132762312633,"1927,39000","39000,82483"
-0.2425956033081219,0.0364741641337386,"1967,34216","34216,68037"
-0.4904872389791183,0.2666666666666666,"1760,87149","87149,109225"
-0.1172527472527472,-0.1434601983382471,"2027,26424","26424,112469"
-0.3288724373576309,0.0296127562642369,"2040,109260","2040,150492"
0.6278118609406953,-1.0,"2068,109263","81231,109263"
0.3695575283839706,0.0450606585788561,"2143,4393","2143,125308"
0.139941690962099,0.0291545189504373,"2183,109286","2183,9141"
-0.8814589665653495,0.033434650455927,"2242,39020","39020,74479"
0.9533333333333334,0.5777777777777777,"2285,27201","27201,120645"
-0.1277258566978193,-1.0,"2354,109330","2354,152880"
-0.8945686900958466,-0.0956767045068316,"2357,109331","56009,109331"
0.0096589425838056,-0.2383152221463944,"1818,109065","1818,17033"
0.6586538461538461,-1.0,"2426,109348","60412,109348"
-0.5254582484725051,-0.7352342158859471,"2632,25810","2632,38728"
-0.4775993237531699,0.0473372781065088,"2634,72081","2634,33485"
-0.5638766519823789,0.394273127753304,"2665,58231","4294,58231"
-0.6781914893617021,-0.9627659574468084,"2670,33294","26071,33294"
-0.6023809523809524,0.0404761904761904,"2705,109415","2705,138326"
-0.0593891402714932,0.0404411764705882,"2834,109441","97773,109441"
0.2377850162866449,0.0912052117263843,"2985,109471","2985,100120"
0.7697368421052632,0.2916666666666667,"3000,109472","3000,79081"
-0.3455056179775281,-1.0,"3018,109478","3018,66270"
0.0205242334322452,-0.4885490375104618,"3028,7743","3545,7743"
0.0240656626025977,0.2191011235955056,"3115,109506","27685,109506"
0.2339483394833948,-0.375,"3135,9000","3135,4162"
0.1254901960784313,0.0509803921568627,"3176,109519","3176,147942"
0.726695379224761,0.7606899400950218,"2987,3179","3179,4147"
0.2690335811330428,-0.0251310514955288,"3200,72163","3200,45547"
0.7142857142857143,-0.8571428571428572,"3215,109527","3215,46334"
0.2851701371254444,0.125,"3320,97473","97473,160974"
-0.7096826060391678,0.1828793774319066,"3443,5566","3443,115828"
0.0176148782348908,0.1916167664670658,"3571,4302","4302,34206"
0.1559307410239818,0.1348314606741573,"3604,66376","3604,64463"
0.270306258322237,0.2894736842105263,"3625,109584","3625,6398"
0.3415558304979894,-0.1057692307692307,"3677,109634","3677,58056"
0.5585872460872461,0.1923076923076923,"3713,109647","3713,4987"
0.3640640061692693,-0.4642857142857143,"2340,67610","2340,70360"
-0.4992556570067487,0.0873362445414847,"3828,109670","3828,45206"
0.4754901960784313,0.5434782608695652,"3364,28364","28364,126513"
-0.1415510902760217,0.0255402750491159,"3869,109682","3869,149137"
0.5423728813559322,0.2911392405063291,"3895,21329","3895,84960"
-0.1909039064727687,-0.1020408163265306,"3917,34304","2126,3917"
0.579719387755102,0.086734693877551,"3979,4873","4873,22876"
0.4069981583793738,0.0276243093922651,"4006,109705","4006,7070"
-0.4782608695652174,-1.0,"4097,93671","4097,126231"
-0.1043863431460938,-0.9125475285171104,"4182,17155","17155,126133"
-0.3400222965440357,-0.9478260869565216,"4222,96435","60856,96435"
-0.4838684897833768,-1.0,"4240,109168","4240,88707"
0.2571233810497614,-0.3880597014925373,"4309,5563","4309,11551"
0.430967206309672,0.2909090909090909,"4316,26081","4316,35992"
-0.2259740259740259,0.0155844155844155,"2824,4451","2824,152415"
-0.1977272727272727,0.0602272727272727,"4477,5267","5267,19768"
-0.023864406779661,0.0206033276317835,"4560,98338","4560,35605"
-0.7024793388429752,0.0619834710743801,"4608,71204","71203,71204"
-0.027614571092832,-0.453125,"4619,72134","37131,72134"
0.5282472235634958,-0.5746687054026502,"4651,109447","48236,109447"
0.2894736842105263,-0.102974828375286,"4674,61665","61665,66872"
-0.2271505376344086,0.0604838709677419,"4686,29537","19977,29537"
1.0,-1.0,"4696,109843","34783,109843"
0.0892389709760003,0.1306990881458966,"4700,109845","24699,109845"
-0.8442211055276382,0.0653266331658291,"4713,109849","4713,54820"
0.3356847174115063,-0.3387096774193548,"4736,20825","20825,36222"
-0.3656888595912986,0.0371621621621621,"4781,109871","17706,109871"
-0.0981616832779623,0.2591362126245847,"4790,109873","12662,109873"
-0.0348969323161824,0.0495049504950495,"4794,73207","73207,122935"
-0.358695652173913,0.1043478260869565,"4835,107110","22107,107110"
-0.6666666666666666,0.0447154471544715,"4854,109891","4854,158311"
0.5317872389523479,-0.0567901234567901,"4871,109896","4871,23909"
-0.4124087591240876,-0.3169014084507042,"4984,22537","4984,8771"
-0.3472208379015914,-0.171259842519685,"2763,5748","2763,15325"
0.4292929292929293,0.3849914236706689,"4073,5582","5582,110046"
0.1086893459915612,0.17831590533847,"5063,6296","6296,63385"
0.3923076923076923,-0.6653846153846155,"5098,109950","5098,10994"
0.1373626373626373,0.0769230769230769,"5164,77036","77036,119227"
0.1475409836065574,0.087431693989071,"5187,90660","5187,86835"
-0.7323943661971831,0.1408450704225352,"5188,35087","5188,61224"
0.7671682163989857,0.7507396449704142,"4848,5190","5190,5564"
0.1806722689075629,-0.2964824120603015,"5026,5286","5026,17397"
-0.2730304086000099,-0.0648139305383121,"5362,110009","8843,110009"
-0.0243537065570964,0.106060606060606,"5398,109261","5398,51129"
-0.0421382202562187,-0.4347826086956521,"5447,110041","5447,58516"
-0.3136842105263158,0.1073684210526315,"2730,47479","2730,28961"
0.251264755480607,-0.4347826086956521,"5529,109442","5529,52432"
-0.7925531914893617,-0.0947867298578199,"2836,9341","9341,108986"
0.3580246913580247,0.0576131687242798,"5652,109277","78737,109277"
0.1309523809523809,0.1309523809523809,"5657,78735","5657,32894"
-0.0356605800214822,-1.0,"5667,22386","5667,113522"
-0.2339165704473458,-0.2204811649256093,"5135,5688","5688,5755"
-0.6196581196581197,0.3247863247863248,"5724,110119","5724,13010"
0.0647435897435898,-0.2207792207792207,"5771,110129","65385,110129"
-0.24258962011771,0.0842696629213483,"5792,109045","5792,115042"
0.5692995529061102,-0.1121495327102803,"5825,20012","8079,20012"
-0.6271929824561403,-0.3243243243243243,"5850,110150","5850,81784"
-0.4210096546423939,0.1009174311926605,"5900,6124","6124,129919"
0.6801801801801801,0.0382882882882882,"5918,110164","64970,110164"
0.5603715170278638,0.0464396284829721,"5923,61706","61706,73768"
0.303030303030303,0.303030303030303,"5960,110180","107620,110180"
0.2349726775956284,-1.0,"5981,11129","11129,65825"
0.4124629080118694,0.4782608695652174,"6042,110211","95541,110211"
-0.5897435897435898,0.4102564102564102,"6106,49233","6106,111237"
-0.8679245283018868,-0.3676470588235294,"6122,24979","24979,41395"
0.1954978516719596,0.069772859638905,"3268,31098","3268,119917"
-0.1731505385916495,-0.1784500947680864,"6132,61030","6132,7068"
-0.1081014830248805,0.0954773869346733,"6134,110226","6134,58015"
-0.768361581920904,-0.6333333333333333,"6215,90751","6215,78693"
-0.1022385566321416,0.0684931506849315,"6232,110238","6232,165425"
0.4293946603224953,0.3471870397643594,"6248,6984","6984,7993"
-0.2125989044430919,-0.3304576144036009,"6260,110241","6260,19738"
0.3264179672630377,0.4087860496311201,"5226,6280","6280,9035"
0.35,0.35,"6290,110252","6290,146127"
0.1876267748478701,0.2672413793103448,"2957,6293","6293,12523"
0.1581881533101045,-0.1660859465737514,"6315,22122","8487,22122"
-0.3375314861460957,0.105793450881612,"6353,110258","6353,117187"
0.6190476190476191,0.2619047619047619,"6358,42202","6358,32491"
-0.4945752222787983,0.0995260663507109,"6372,8168","8168,51903"
0.1522145976294448,-0.1935483870967742,"6455,69537","6455,7701"
0.3917050691244239,0.0967741935483871,"6500,110303","6500,131199"
-0.7374301675977654,0.1731843575418994,"6502,94914","6502,121911"
-0.3484042553191489,0.2553191489361702,"6578,110318","6578,111261"
0.4067796610169492,0.1864406779661017,"6623,110331","94223,110331"
-0.4113924050632911,0.0886075949367088,"6625,110332","6625,123869"
-0.1620523046245877,-0.4857142857142857,"3809,6683","6683,112637"
-0.902097902097902,0.0979020979020979,"6689,110350","6689,145823"
1.0,0.1208791208791208,"6693,59706","59706,112352"
0.3282442748091603,-0.2772277227722772,"6695,32824","13625,32824"
0.6024844720496895,0.1490683229813664,"4323,110359","4323,115558"
0.3083119412233336,0.4430379746835443,"6800,31379","13320,31379"
0.3097826086956522,0.0543478260869565,"6815,109107","6815,35153"
-0.0371769868356899,0.136518771331058,"6893,8221","8221,117350"
-0.3865007541478129,0.1837606837606837,"6921,24868","22091,24868"
-0.3142636487851244,0.0492474757096589,"3554,6963","6963,18353"
-0.4658746208291203,-0.872093023255814,"6982,77133","49873,77133"
0.5800000000000001,0.58,"7021,110420","37597,110420"
-0.0179610422463951,-0.0730427764326069,"7024,110424","7024,8047"
0.2954545454545454,0.2954545454545454,"7029,110426","80758,110426"
-0.0810043530376632,0.1801526717557251,"3100,7128","7128,13060"
-0.5545454545454546,0.0727272727272727,"2673,7189","2673,110040"
-0.3202099737532808,-0.5238095238095238,"3096,22546","3096,61607"
0.3175798656875667,0.1415929203539823,"7228,110480","10198,110480"
0.1527777777777778,0.1527777777777778,"7231,110481","50480,110481"
-0.1747311827956988,-1.0,"7244,110485","7244,32315"
0.6055203075070624,0.6245083041958042,"7303,7832","7832,10162"
-0.3852673717505189,0.0373134328358208,"5957,52179","8446,52179"
0.7756410256410257,1.0,"7335,109889","7335,14504"
-0.3720555760029444,-0.6176470588235294,"1093,43328","1093,120629"
-0.4951759930800452,-0.7782246313458063,"7358,110524","7358,110551"
-0.5086206896551724,-0.4344827586206896,"7518,83502","7518,64182"
-0.3791581030676714,-0.1814569536423841,"7534,38095","11300,38095"
-0.0674272341670322,-0.0699300699300699,"7561,110587","5655,7561"
-0.4114906832298137,0.093167701863354,"7564,73019","73019,135982"
0.5246636771300448,0.5757575757575757,"7604,109136","38532,109136"
0.4875,0.4761904761904761,"7611,110600","75823,110600"
-0.75,-0.1886792452830188,"7612,110601","7612,59735"
0.3913043478260869,-1.0,"7640,11238","7640,160219"
-0.5800853152574066,-0.4346375492872308,"7656,110081","78123,110081"
0.0393677003624647,-1.0,"7678,22944","22944,39920"
0.0817803788695518,0.6976744186046512,"1948,7688","7688,110557"
-0.1666666666666666,0.1637931034482758,"7739,7908","7908,110681"
0.384375573079039,-0.2378048780487804,"2967,7749","7749,58586"
0.5637254901960784,0.2676923076923077,"7776,55485","35494,55485"
-0.1085271317829457,-0.4347826086956521,"7777,15576","15576,151564"
-0.5,-0.1575181159420289,"1108,1510","1108,4519"
0.2376033057851239,0.4736842105263157,"7831,14129","7831,109703"
1.0,0.365079365079365,"7833,109373","7833,104162"
-0.162996232975949,0.0462184873949579,"7238,7855","7855,98603"
-0.8571428571428571,0.1428571428571428,"7873,110672","7873,134128"
0.1798561151079136,0.1079136690647482,"7882,22475","7882,71392"
-0.3594202898550724,0.0869565217391304,"7646,14153","13145,14153"
-0.8769230769230769,0.123076923076923,"7899,67946","67946,141068"
0.2530253353204172,-0.190995670995671,"7963,9055","9055,9279"
-0.8968253968253969,-1.0,"7966,108076","7966,66061"
0.6182432432432432,0.3243243243243243,"8018,110703","9786,110703"
0.3067484662576687,0.0981595092024539,"8021,110704","8021,11187"
0.2732575193483607,-1.0,"8022,110705","7101,8022"
-0.7044025157232704,0.1132075471698113,"8039,110711","8039,135392"
-0.0536194088825667,-0.0134613262716539,"2869,17476","17476,32110"
-0.2285714285714285,0.0204081632653061,"8102,110733","31120,110733"
-0.2577167019027484,0.063953488372093,"8208,50986","8208,89078"
-0.7913669064748201,0.2086330935251798,"8232,110785","8232,37441"
0.0760329352421926,-0.1868778280542986,"8234,77526","8234,120814"
-0.5649704679691049,-0.2978723404255319,"8265,110792","77601,110792"
0.5,0.5,"8310,80502","80502,108767"
0.8384615384615385,-0.2919227392449517,"5411,17172","5411,114115"
-0.2416851441241685,-0.2645971914264597,"8315,110808","8315,95079"
0.6792452830188679,-0.320754716981132,"4428,110831","65813,110831"
-0.453781512605042,-1.0,"1931,110833","1931,7492"
0.3857142857142857,0.1916666666666666,"7956,8415","8415,8873"
-0.4153846153846154,0.0653846153846153,"2546,52842","2546,63373"
0.251251078515962,0.2157894736842105,"8440,26159","26159,114749"
0.1627906976744185,0.1627906976744186,"8461,110846","8461,52302"
-0.8372093023255813,-1.0,"8111,110847","8111,58788"
-0.3376623376623376,0.0909090909090909,"8473,110849","78503,110849"
0.4805825242718446,0.0631067961165048,"8499,110856","8499,148340"
-0.2566489361702128,0.0691489361702127,"7972,8526","8526,81275"
0.4427083333333333,0.09375,"8527,110872","8527,136116"
-0.8770491803278688,-0.2045454545454545,"8563,110878","8563,120895"
0.2711158085459761,0.2479336142964487,"8565,110880","8994,110880"
0.6294117647058823,0.3043478260869565,"8570,110882","55278,110882"
0.2980132450331125,-0.111469513587577,"8611,15087","5491,8611"
0.4683050847457627,-0.129,"8617,48669","48669,112225"
-0.0619103200077813,0.0688405797101449,"8622,15435","15435,31447"
-0.1196036801132341,0.0636942675159235,"2551,15708","2551,144536"
-0.1530510585305106,0.1454545454545454,"8626,20370","20370,121186"
-0.3108504398826979,0.0703812316715542,"8690,110916","8690,127782"
-0.8125,-0.0607758620689655,"8809,58848","8809,11814"
0.3333333333333333,0.3333333333333333,"8816,93235","93235,158320"
0.3121760287739341,0.1484184914841849,"8866,104221","8866,16748"
0.1192368839427662,0.1554054054054054,"8882,10185","10185,23118"
-0.0964912280701754,-1.0,"8934,27196","27196,73867"
0.161437908496732,0.1919191919191919,"8937,10556","7869,10556"
-0.515,0.055,"8941,110995","8941,127180"
-0.3093093093093093,0.042042042042042,"8954,98780","8954,76131"
-0.1763814248311974,-0.2311991869918699,"8995,111008","8995,105297"
0.0475294707800351,0.1173814898419864,"5145,22218","5145,112550"
0.6973293768545994,0.0534124629080118,"9030,111019","9030,82351"
0.2334096109839817,0.425,"3932,109204","65079,109204"
-0.2334415584415585,-0.4782608695652174,"2062,9079","9079,90593"
0.4056224899598393,-0.5277777777777778,"9123,56206","56206,62362"
0.5260416666666666,0.3846153846153846,"9127,13194","13194,70885"
0.4786729857819905,0.4857142857142857,"6304,111064","64537,111064"
1.0,-1.0,"9148,111065","9148,160382"
-0.5024875621890548,-1.0,"9190,106107","106106,106107"
0.2578933043004899,0.1363636363636363,"8796,23222","18299,23222"
-0.0624913654156113,-0.0361863597527265,"9252,12603","8913,9252"
-0.0413793103448275,-0.3103448275862069,"3568,6512","3568,59303"
0.3875968992248062,-0.5,"9285,88363","47596,88363"
-0.1030927835051546,0.1082474226804123,"9288,111094","9288,52116"
0.9009009009009008,0.2222222222222222,"9296,111096","69976,111096"
-0.5797705943691345,-0.630939967227767,"9351,111116","9351,112016"
-0.5823529411764706,-0.5897435897435898,"9357,111121","9357,46808"
0.1941506583207425,0.4390243902439024,"9372,111133","61015,111133"
0.2946595760617182,0.0860014892032762,"6518,10474","9538,10474"
0.1443287549844927,-0.4,"9380,38816","9380,34002"
-0.3821882001493651,-0.0656498673740053,"9411,13242","8556,13242"
-0.7388059701492538,-1.0,"4075,111144","4075,51107"
-0.6265822784810127,0.0696202531645569,"9419,20125","20125,35320"
0.505,0.06,"9443,111147","90350,111147"
0.3837209302325581,1.0,"9451,111148","9451,16561"
0.6021344317543531,0.2448979591836734,"9468,111150","9468,35740"
-0.0694618834080717,0.1255605381165919,"9482,38567","38567,123688"
-0.784,0.112,"9510,54818","54818,111642"
1.0,-1.0,"9549,14661","10175,14661"
-0.3333333333333333,-0.190721649484536,"9572,111178","9572,111483"
-0.0148387096774192,0.053763440860215,"517,6086","517,5132"
0.3614351360904913,0.3490127758420441,"4287,9635","9635,19233"
0.2650902556562934,0.220125786163522,"9675,10938","10518,10938"
0.1969800960878517,0.5161290322580645,"9709,91130","67475,91130"
-0.8888888888888888,-0.375,"9722,60259","60259,60260"
0.0230120756436545,-0.0223557536990372,"9736,13746","13746,20897"
0.2258064516129032,0.086021505376344,"9739,25403","25403,33846"
0.0409686262564727,-0.2451937296657793,"9766,18192","18192,114208"
0.5274725274725275,-0.0787401574803149,"9779,111262","4555,111262"
0.4444444444444444,0.1461988304093567,"9828,111275","9828,75077"
0.7916666666666666,0.5,"9875,111297","9875,57338"
0.0801656920077972,0.1140350877192982,"9893,111300","9893,50207"
0.3805668016194332,0.5576923076923077,"9951,10236","9951,16633"
0.1896551724137931,0.0948275862068965,"9961,111325","9961,92881"
-0.3824972129319955,-0.2954545454545454,"9965,103152","9965,121314"
0.8034591194968553,0.056547619047619,"9968,18691","17354,18691"
-0.2678062678062678,0.1994301994301994,"9993,60158","9993,112731"
0.1896551724137931,0.1896551724137931,"10023,111351","49924,111351"
0.1531531531531531,-0.5238095238095238,"7617,64576","64576,94816"
0.1095446950710108,0.2777777777777778,"10070,111355","10070,26796"
0.051530528728106,0.1170731707317073,"10076,10354","10354,123418"
0.0639360639360639,-1.0,"10129,20868","20868,154931"
-0.5195530726256983,0.4804469273743016,"10144,111382","11186,111382"
-0.6690647482014388,0.2086330935251798,"10173,37827","37827,123281"
-0.5375722543352601,0.0635838150289017,"8472,10197","8472,61400"
-0.2479784366576819,0.0296495956873315,"5827,67906","5827,26810"
-0.423963133640553,-0.6470588235294118,"10242,111409","10242,49017"
0.3131377551020408,-1.0,"10287,111421","10287,40182"
0.5560931899641577,0.6683760683760683,"10416,13403","12789,13403"
0.0765071640984049,0.1021897810218978,"10424,74379","10424,146419"
-0.6842105263157895,-0.25,"1549,3987","1549,54525"
-0.7459016393442623,0.2540983606557377,"10438,111461","35006,111461"
0.0579248886059834,0.0895522388059701,"524,17823","17823,26671"
-0.1708754208754209,-1.0,"10508,26451","16549,26451"
-0.1716362675125561,-0.0118556701030927,"7094,11431","11431,53328"
-0.1779643341328606,0.0988372093023255,"8634,38887","38887,123067"
-0.8035714285714286,0.1964285714285714,"10610,50147","50147,130078"
0.0664362519201229,-0.0889016897081413,"10614,15631","15631,113222"
0.0438028870084619,0.1219512195121951,"10615,61083","61083,72875"
-0.0353896103896103,-0.1505376344086021,"10621,111105","10621,14761"
0.0415263748597082,-0.2857142857142857,"10675,18646","18646,64368"
-0.1337440636632011,0.0748299319727891,"10693,82714","10693,93584"
0.4564102564102564,-1.0,"8642,10706","10706,70727"
-0.257396449704142,-0.2139053254437869,"10722,111537","41456,111537"
0.6402877697841727,0.1162790697674418,"10728,20962","20962,63955"
0.1682242990654205,0.1682242990654205,"10800,111550","61941,111550"
0.2478873239436619,1.0,"10855,111579","17269,111579"
0.8979591836734694,-0.4545454545454546,"10856,88932","69901,88932"
0.3436256702992561,0.108130081300813,"10866,111582","27372,111582"
-0.0150943396226415,0.0622966818477553,"10907,111592","7280,111592"
-0.8,0.109090909090909,"10936,111594","90957,111594"
-0.5370370370370371,-1.0,"10972,72184","10972,159983"
-0.1098484848484848,0.0946969696969697,"2481,111616","2481,112316"
0.0045454545454545,0.2545454545454545,"7464,111621","38211,111621"
-0.6041666666666666,0.2260853568800588,"11087,111653","21320,111653"
-0.0077639751552794,-0.6211180124223603,"11097,111657","16865,111657"
1.0,-0.3709677419354839,"11119,27985","11119,118311"
0.4455958549222797,-1.0,"11124,50712","17884,50712"
1.0,-0.4615384615384615,"11134,31353","25456,31353"
-0.2895364238410596,-0.3005831768310764,"11152,24019","11152,35983"
-0.3755458515283842,0.1921397379912663,"11164,20854","20854,24057"
0.5620915032679739,0.3243243243243243,"11196,88524","88524,127571"
-0.7523809523809524,0.0044817927170868,"4685,65287","17027,65287"
-0.2102689486552567,0.0268948655256723,"11249,38185","38185,56903"
0.6142857142857143,-1.0,"11272,111707","5848,11272"
-0.4594594594594595,0.0756756756756756,"11276,111708","11276,144690"
-0.2972027972027972,0.1118881118881118,"11121,86106","11121,33459"
-0.0112330198537095,0.057471264367816,"11286,111715","11286,126200"
0.5182926829268293,1.0,"11295,57246","30879,57246"
0.2952380952380952,-0.7047619047619047,"11296,35013","35013,121900"
-0.2631578947368421,0.0433436532507739,"2362,111722","2362,120337"
0.2993370387731869,-0.8715596330275229,"11310,27507","27507,75826"
0.46875,0.46875,"11315,111731","71864,111731"
0.8854166666666666,0.5631067961165048,"3727,111735","17908,111735"
-0.7798165137614679,0.0486148587875517,"11345,98394","11345,30606"
0.2272727272727273,-0.5395577395577396,"11374,111745","44916,111745"
-0.3738095238095237,0.0857142857142857,"6887,111756","91631,111756"
0.2378802078895799,0.2479338842975206,"8726,35921","14046,35921"
0.8571428571428571,-1.0,"11452,101504","9221,101504"
0.7290322580645161,0.1903225806451612,"5891,11459","5891,17705"
0.1840120663650075,0.248868778280543,"11460,111766","11460,18318"
0.5419354838709678,-0.225,"11466,53665","53665,115127"
-0.7850467289719626,-1.0,"11494,111781","11494,103501"
0.3766816143497757,1.0,"5446,111786","105636,111786"
0.1157894736842105,0.1157894736842105,"11524,111794","11524,95339"
0.2445338024629304,-0.2033898305084746,"8260,11554","8260,55046"
-0.3818181818181818,-0.5714285714285714,"8674,11380","11380,55077"
0.4772727272727273,0.4871889627987188,"11581,14874","11581,36976"
-0.2167961524232334,-0.5784313725490197,"11590,111812","11590,20642"
-0.2568807339449541,0.2324159021406728,"11595,74191","13092,74191"
-0.83,-0.2466666666666666,"5389,89666","5388,5389"
-0.5029940119760479,-1.0,"11697,49641","11697,102241"
0.8819345661450925,0.0184921763869132,"7460,111863","7460,150589"
-0.564625850340136,0.0952380952380952,"11722,54911","54911,77309"
0.3692307692307692,0.1,"11845,111900","11845,80660"
-0.3744292237442922,-0.2452830188679245,"11302,111901","11302,26657"
-0.0908349641226353,-0.261904761904762,"11915,109469","15871,109469"
-0.2263541666666666,0.08,"11968,12908","11968,29936"
0.5573770491803278,0.0765027322404371,"11983,111942","11983,144730"
0.3894230769230769,0.0013696422816629,"11573,11989","11573,15374"
-0.0878686797752809,-0.291315543071161,"11996,43325","11996,63690"
-0.3108963585434173,0.0971428571428571,"11999,61045","11999,20551"
-0.826530612244898,-0.5757575757575758,"12001,111958","12001,76986"
-0.1609469113321193,0.0909090909090909,"12040,37580","12040,159288"
0.8617021276595744,-1.0,"12042,54538","12042,69600"
0.2358490566037735,-0.3148148148148148,"12106,111991","12106,40064"
-0.174662062885689,0.1006097560975609,"12121,111983","12121,33207"
-0.1387878787878788,-0.1149425287356321,"1631,5402","1631,2516"
-0.7714285714285715,-0.3015873015873015,"12149,112005","58477,112005"
-0.1679035250463821,-0.5544217687074829,"12151,112006","12151,33419"
0.5611191743267215,0.4339622641509434,"2857,7336","7336,65847"
0.4285714285714286,0.0928571428571428,"12178,112019","12178,149039"
0.427807486631016,0.452054794520548,"3517,27171","27171,117997"
0.606637910376228,-1.0,"12201,36134","36134,93662"
-0.5263157894736842,0.2171052631578947,"3223,12229","3223,32815"
0.1489361702127659,0.1489361702127659,"12238,112037","33604,112037"
0.5385007649158593,0.7837837837837838,"12266,112040","17769,112040"
0.2531645569620253,-0.2619047619047619,"9020,60861","9020,111191"
-0.2592592592592593,-1.0,"12286,112046","12286,62618"
0.1696479005836942,0.1150442477876106,"12288,112047","12288,82986"
-0.4960287912633408,-0.526890756302521,"12380,12381","11465,12381"
0.162529678394129,-0.5357142857142857,"12385,110271","8067,110271"
0.2025641025641025,-0.2689655172413793,"5858,12391","12391,111236"
-0.0720092915214866,-0.1578947368421052,"12397,109501","30826,109501"
0.7275862068965517,-0.2455361360415682,"3612,110503","3612,4862"
-0.6076923076923076,0.3923076923076923,"12440,112097","20484,112097"
-0.0699806949806949,0.2222222222222222,"12450,12684","12450,27807"
0.3015267175572519,0.4761904761904761,"6520,12451","12451,12653"
-0.8777777777777778,0.1222222222222222,"12453,68135","12453,47745"
-0.4093264248704663,0.0621761658031088,"12503,90837","90837,155991"
-0.5337837837837838,-0.7905405405405406,"12527,112109","35725,112109"
-0.2558490566037735,-0.119047619047619,"12104,12547","12547,65306"
0.5851063829787234,0.1489361702127659,"9450,29513","9450,32839"
-0.228917533778537,-0.1146840270927862,"12590,12591","12590,111530"
0.5416666666666666,-0.3775510204081632,"12610,29404","29404,119067"
0.6341463414634146,1.0,"12618,16427","16427,20963"
0.4789978810918608,0.6494918880370832,"9878,12631","12631,18473"
0.3757446808510639,0.3404255319148936,"12661,112166","12661,140033"
-0.8764044943820225,-0.3,"12690,112168","88004,112168"
-0.5310344827586206,0.0689655172413793,"6706,110479","6706,34201"
0.2264723290914471,-0.3414634146341463,"12765,15257","15257,123907"
0.1180555555555555,0.0681818181818181,"12790,26814","5631,12790"
0.4204545454545454,-0.1226415094339622,"12795,49854","12795,114813"
0.2393162393162393,-0.5,"12850,112213","68397,112213"
-0.1882566585956416,0.135593220338983,"12894,44461","44461,69264"
0.425414364640884,0.3170731707317073,"12927,65862","21685,65862"
-0.5241379310344828,0.0758620689655172,"12937,15356","12937,42405"
0.24,-1.0,"12944,99562","99562,161541"
0.6020942408376964,0.1518324607329843,"12980,56671","37297,56671"
-0.2480152429342648,-0.1047349459598559,"13040,112276","67848,112276"
-0.4634146341463415,0.0975609756097561,"13057,68403","68403,123484"
0.6134506599622879,0.1711711711711711,"13082,112284","58672,112284"
0.4523809523809524,-0.144927536231884,"13087,112286","42717,112286"
-0.6551724137931034,0.1637931034482758,"13095,112289","58470,112289"
0.7073863636363636,0.1448031135531135,"13100,112129","13100,19800"
0.6944444444444444,-1.0,"13128,52504","47973,52504"
-0.169454287739192,-0.2511761331038439,"13137,110108","13137,13669"
0.872093023255814,-0.3058823529411765,"8977,112319","16750,112319"
0.512884978001257,0.569415081042988,"13169,16359","16359,18325"
-0.1207442164993452,0.043103448275862,"13188,112341","13188,26734"
-0.6302521008403361,-0.1935483870967742,"13193,20622","13193,27407"
1.0,1.0,"13197,57273","57273,134457"
-0.3205128205128205,0.0427350427350427,"13235,109118","67654,109118"
0.0519835841313269,0.4705882352941176,"13241,82659","13241,140553"
-0.0987249544626593,-0.1711448200802666,"10181,13258","2843,10181"
-0.8620689655172413,-0.56,"13301,112371","13301,56400"
-0.008762322015334,0.5454545454545454,"13352,39785","39785,65883"
0.1498226950354609,0.25,"13354,68985","58858,68985"
0.74,0.75,"13371,112403","17986,112403"
-0.2870584829183555,-1.0,"13388,109614","13388,23335"
0.6115702479338843,0.5789473684210527,"9907,38101","38101,98073"
-0.8505747126436781,-1.0,"13424,112431","13424,112728"
0.5460122699386503,-0.0209389170445452,"13430,112432","13430,14072"
0.1395348837209302,0.1395348837209302,"13520,112453","90452,112453"
-1.0,-0.1758241758241758,"13536,79099","69095,79099"
-0.0090390766235572,0.1895424836601307,"13590,112477","13590,116716"
-0.4033149171270718,0.2541436464088398,"13614,22849","22849,116098"
0.7604166666666666,1.0,"13516,13627","13516,89082"
-0.2885375494071146,0.2411067193675889,"13698,112523","13698,113646"
1.0,0.5384615384615384,"13750,112533","11281,112533"
0.3652173913043478,0.1652173913043478,"13755,58614","58614,134933"
0.6537116206762534,-0.8554216867469879,"13152,28866","9157,28866"
0.4586466165413534,0.2105263157894736,"13795,112547","13795,123578"
0.2727272727272727,0.1414141414141414,"13802,19326","13802,145436"
-0.8275862068965517,0.1724137931034483,"13805,20658","13805,55654"
-0.1743341404358353,0.0290556900726392,"3594,42329","3594,30310"
-0.1153882089133887,-0.2677229003314202,"13885,61325","13885,19849"
-0.3534965034965035,0.0094163262480094,"6489,112588","26186,112588"
-0.7142857142857143,-0.5294117647058824,"4168,13897","13897,14149"
0.3273657289002558,0.0978260869565217,"13942,112454","41057,112454"
-0.2629629629629629,-0.6551724137931034,"4117,62783","4117,105467"
-0.1332173913043478,-0.5680000000000001,"13999,19031","19031,47337"
0.219294425087108,-0.1047619047619047,"14024,90028","90028,119490"
0.1425518925518925,0.1142266824085005,"14042,20610","20610,112660"
0.1341463414634146,0.1341463414634146,"14052,112634","14052,159062"
0.1753086419753086,-0.2127659574468085,"14086,112645","8650,112645"
0.5461538461538461,1.0,"14103,21426","14103,33035"
-0.1927521008403361,0.125,"14130,111225","14130,83069"
-0.6698113207547169,-0.5,"14152,112655","14152,102904"
0.6068376068376068,1.0,"14177,16231","11945,14177"
0.101768968456948,0.1594202898550724,"14182,112214","14182,30686"
-0.2151515151515151,0.1,"8889,14186","8889,33170"
-0.603448275862069,0.396551724137931,"14235,73445","14235,15614"
0.5501066098081023,0.4309010503040354,"9931,112675","23869,112675"
-0.0416666666666666,-0.8055555555555556,"7827,32972","5609,7827"
0.1447963800904977,0.0542986425339366,"14262,15468","15468,37409"
-0.7526881720430108,0.1290322580645161,"14278,86059","86059,153070"
-0.0120837017388741,0.4017094017094017,"388,109625","388,22368"
-0.219435736677116,0.0470219435736677,"3638,14321","3638,83460"
0.8,-0.3523809523809523,"14328,96934","14328,129736"
0.2307692307692307,0.1098901098901098,"14384,112741","14384,166837"
0.1418533157663593,0.4347826086956521,"14413,112747","14413,120317"
-0.6796116504854369,0.3203883495145631,"14414,112748","33101,112748"
0.3028360528360528,0.2272727272727272,"14467,109797","14467,100744"
-0.4131736526946107,-0.7342374075378654,"5064,26101","5064,114649"
-0.3368263473053892,0.108695652173913,"14525,23290","23290,85000"
0.4181818181818181,0.5681818181818182,"1381,14536","14536,120449"
0.5073529411764706,-0.180722891566265,"14546,36132","14546,73240"
-0.2160952541800371,0.2931937172774869,"4553,14548","14548,114306"
-0.318962367555718,0.2605042016806723,"14558,112811","34993,112811"
0.5441176470588236,0.5441176470588235,"14568,112818","14568,29072"
0.1876895628902765,0.0526315789473684,"14576,14577","14577,50242"
0.3365384615384615,-1.0,"14596,109487","1710,109487"
1.0,-1.0,"14653,112844","14653,122007"
0.4,-0.0564516129032258,"14692,112852","74927,112852"
0.0052585451358457,0.197519338490264,"14693,112853","18253,112853"
0.2145110410094637,-0.2571428571428571,"3319,41369","41369,118725"
0.3366336633663366,0.6632653061224489,"14719,32687","32687,67518"
-0.5817280183101278,0.3061224489795918,"7324,14720","14720,61821"
0.5727272727272728,-0.7727272727272727,"14725,46154","46154,52816"
0.5354330708661418,0.2702702702702703,"10980,44972","10980,41932"
0.7142857142857143,0.3961038961038961,"14743,94729","35952,94729"
1.0,0.0370370370370369,"14757,112897","20760,112897"
-0.1813333333333333,0.1333333333333333,"7207,14806","7207,15078"
0.7758620689655172,-0.603448275862069,"14845,112927","14845,127961"
0.6090909090909091,0.0909090909090909,"14864,33128","33128,146060"
0.7704918032786885,0.3114754098360656,"14909,112949","58766,112949"
0.0207310420076377,0.282051282051282,"14921,112951","14921,91528"
-0.8607594936708861,0.1392405063291139,"14923,112952","99227,112952"
0.5964912280701754,-0.2982456140350877,"14928,112953","38344,112953"
-0.3180461329715061,-0.0228840125391849,"13572,14943","14943,16931"
-0.7613636363636364,0.2386363636363636,"14952,112969","14952,130509"
-0.638095238095238,0.1428571428571428,"14956,37482","14956,114598"
-0.8170731707317073,0.1829268292682926,"14963,112979","70408,112979"
-0.1611237347655443,0.1067961165048543,"15014,72688","15014,59558"
1.0,-1.0,"15016,113001","15016,130856"
0.3491669620701879,-0.3333333333333333,"15049,79452","79452,124507"
-0.0257575757575757,0.3909090909090909,"15053,113015","15053,24752"
0.1248812915479581,0.2962962962962963,"15060,103889","21916,103889"
-0.3127939544469692,-0.3774015748031495,"15077,17439","17439,18529"
0.2302405498281786,-0.0948275862068965,"14602,15082","15082,22716"
-0.6320754716981132,0.1226415094339622,"15138,42584","40422,42584"
0.0013150204558737,0.423728813559322,"15184,111742","15184,29554"
0.1055045871559633,-0.2878787878787879,"11203,91908","49930,91908"
-0.3567567567567568,0.0594594594594594,"1742,113057","1742,78798"
0.4081196581196581,0.0484330484330484,"7420,112623","7420,31613"
0.028,0.1499287749287749,"15262,34824","21319,34824"
0.3840960240060015,0.3720930232558139,"8471,15282","15282,139593"
1.0,1.0,"15300,113103","15300,117168"
-0.0396186440677965,0.16875,"15326,29174","15326,40568"
0.3567567567567568,0.4029850746268656,"7738,15332","7995,15332"
0.0603345280764635,0.0806451612903225,"15395,78411","2128,78411"
-0.8148148148148148,0.1851851851851851,"15407,73714","73714,144335"
-0.3952095808383233,-0.2983233532934132,"15424,41228","41228,118569"
0.8552631578947368,-0.2777777777777778,"15450,85340","85340,125012"
-0.3457446808510638,0.0638297872340425,"15484,113174","15484,90077"
0.725,-0.5476190476190477,"5735,11693","11693,112564"
0.5608108108108107,0.1891891891891892,"15511,113187","15511,119176"
0.3801169590643274,0.5,"4591,15513","15513,21662"
-0.4943062631105784,-0.256,"15524,16426","14112,16426"
-0.0644793802688539,-0.1506544138123085,"15532,24079","24079,89293"
-0.4376321353065539,0.1162790697674418,"15571,89562","15571,64620"
0.1178451178451178,0.4935064935064935,"15589,113215","15589,118410"
-0.1853002070393374,-0.0571184995737425,"15618,113218","15618,68390"
-0.2041182974018794,-0.2826086956521739,"3436,8378","3436,31274"
-0.0808989687333086,0.0508088402825244,"15695,84348","6333,84348"
-0.7926829268292683,-0.1203703703703703,"9918,15697","9918,18212"
-1.0,-0.8461538461538461,"15727,113248","18950,113248"
-0.1833810888252149,0.0343839541547277,"5318,113216","5318,151885"
0.2471042471042471,-0.3114754098360656,"9028,15185","15185,21195"
-0.3609360936093609,-0.086028602860286,"8641,97708","8641,13732"
1.0,1.0,"15744,80765","80765,149582"
-0.3663366336633663,-0.25,"4264,84902","59515,84902"
0.7276099629040806,-0.3859180035650624,"15767,101003","15767,71016"
-0.6956521739130435,-1.0,"15792,113293","75711,113293"
-0.5714285714285714,0.0892857142857142,"15824,102747","102747,124574"
0.0543024227234753,0.0102120974076983,"15827,113306","15827,16098"
0.8311688311688312,0.1764705882352941,"7223,52578","13508,52578"
0.1354003139717425,-0.2921348314606741,"15883,57730","41959,57730"
0.044625850340136,-0.7891156462585034,"15902,113324","15902,35316"
0.376980913823019,0.3131868131868132,"2268,61089","2268,114127"
0.4796747967479674,0.1869918699186991,"15956,113334","48328,113334"
0.1794871794871795,0.1507936507936507,"16037,109533","16037,114445"
-0.2613636363636363,0.2758620689655172,"6955,113395","69871,113395"
-0.4605799185238437,0.1214953271028037,"10453,112926","10453,56217"
-0.2614107883817427,-0.4823420931304748,"16067,18788","18788,118525"
-0.0067340067340067,0.1111111111111111,"16182,113437","33000,113437"
-0.863013698630137,0.136986301369863,"16185,105288","105288,167083"
-0.2178994823843713,0.2831858407079646,"16205,113443","16205,33098"
-0.3684210526315789,0.1403508771929824,"16216,90447","46046,90447"
0.0350297422339722,0.2022471910112359,"16217,113446","16217,77923"
0.0367647058823529,0.1176470588235294,"16219,16519","16219,68837"
1.0,-1.0,"16253,113160","16253,67835"
-0.7777777777777778,-0.40625,"16288,109764","19343,109764"
0.0443974630021141,-0.8817204301075269,"2289,109726","48317,109726"
-1.0,-0.1310344827586207,"16292,113466","58246,113466"
0.1408083441981747,0.1220889202540578,"12038,113482","19296,113482"
0.0303571428571428,0.4285714285714285,"16321,79847","16321,35810"
-0.062431842966194,0.4642857142857143,"3550,73922","70228,73922"
0.4390586582367404,0.5897435897435898,"4317,47151","47151,128424"
-0.3583815028901734,0.2890173410404624,"16344,113506","16344,82463"
0.2685271317829457,-0.3703703703703703,"16347,68486","16347,31554"
0.0792151162790697,-0.2923076923076923,"16348,58394","58394,134875"
0.3604651162790697,-0.1692307692307692,"16349,43756","32429,43756"
-0.496,0.232,"1784,60315","1784,110731"
-0.2279411764705882,0.0955882352941176,"7272,64561","7272,41693"
-0.6458333333333334,0.3541666666666667,"16409,113533","31830,113533"
0.8326693227091634,-0.3406374501992032,"3664,113544","3664,26817"
-0.8051948051948052,0.1948051948051948,"16493,113547","72750,113547"
-0.2181632273656814,0.0086580086580086,"16508,110355","18080,110355"
0.2339055793991416,-0.8412017167381974,"14881,16536","14881,19295"
0.369047619047619,-1.0,"16552,19835","15884,16552"
-0.484375,-0.5915492957746479,"15570,25809","25809,117397"
0.5234375,0.3515625,"16624,113579","16624,49418"
0.6629834254143646,0.2099447513812154,"16625,22779","22779,118402"
-0.0938967136150234,-0.1235813366960907,"16637,33545","16637,111767"
1.0,-0.3928571428571428,"16644,76604","65598,76604"
0.1990913153582601,-0.1715328467153284,"16651,28927","16651,116314"
0.5144500561167228,0.625,"16689,18949","18949,113338"
0.3440860215053763,0.1290322580645161,"2920,16696","2920,108920"
0.3144329896907216,0.6455696202531646,"11769,113661","39516,113661"
-0.7093023255813954,0.1744186046511628,"9444,113662","73354,113662"
0.2850467289719626,-0.218978102189781,"16860,111813","16860,114364"
-0.5700934579439252,0.4299065420560747,"16874,113667","23223,113667"
1.0,-1.0,"16897,108155","55887,108155"
1.0,-0.2564102564102564,"7422,113687","105547,113687"
0.049489395129615,-0.2224173251390108,"16943,37347","16943,123062"
0.5862068965517242,0.1586206896551724,"16944,46687","46687,80175"
0.2898550724637681,0.3230769230769231,"16635,16947","16635,115007"
-0.2553191489361702,0.1702127659574468,"16951,110031","16951,117770"
-0.2553191489361702,0.1702127659574468,"15252,79959","15252,53551"
-0.1608579088471849,0.1447721179624665,"3277,16954","3277,43392"
-0.6896551724137931,-0.2244897959183673,"16956,90026","16956,55155"
0.5660377358490566,-0.6285714285714286,"16965,22810","16965,116052"
-0.2510460251046025,0.0502092050209205,"4734,47683","4734,153444"
-0.2643171806167401,0.1101321585903083,"17003,113717","17003,43364"
-0.25,0.125,"17020,113727","17020,102537"
-0.0766149738112355,0.1098901098901098,"17024,43476","17024,164211"
-0.6185567010309279,0.0212076583210604,"17032,113734","17032,19892"
0.1927272727272727,0.28,"17059,113743","52694,113743"
-0.0772946859903381,0.1130434782608695,"17089,54630","54630,82092"
-0.7058823529411765,-0.7058823529411764,"17094,113755","37343,113755"
-0.217391304347826,-0.2160737812911726,"17156,109978","36372,109978"
0.2307692307692307,0.2307692307692307,"17194,113777","61409,113777"
0.4316546762589928,-0.4285714285714285,"17203,113781","17203,38773"
1.0,0.3157894736842105,"17220,111656","17220,112943"
0.0574647887323943,0.323943661971831,"17248,113793","23247,113793"
-0.3125,0.0572916666666666,"17254,110813","50935,110813"
0.5221238938053098,0.4,"17293,113813","83811,113813"
0.1451827242524916,-0.2344827586206896,"6273,9120","5138,9120"
0.1711065573770491,-0.0511592741935483,"17312,23366","23366,56768"
-0.5315315315315315,0.1081081081081081,"17326,113831","17326,153135"
-0.7972972972972973,0.2027027027027027,"17334,113837","17334,59242"
-0.3806451612903225,0.1741935483870967,"17351,38622","38622,61599"
0.2513175230566534,0.0695652173913043,"3365,17375","3365,110697"
-0.2209737827715356,0.0411985018726591,"2584,46121","2584,35049"
0.4869565217391304,0.1391304347826087,"17411,57282","44709,57282"
-0.8260869565217391,-0.1818181818181818,"17416,89107","54958,89107"
0.3259668508287293,1.0,"5738,28476","28476,66093"
-1.0,-1.0,"17458,113894","87355,113894"
0.242344706911636,0.2222222222222222,"5928,17493","4920,17493"
-0.5728155339805825,0.0970873786407767,"2379,17527","2379,106889"
0.5959595959595959,0.3458646616541353,"17533,58374","16361,17533"
-0.6555555555555556,0.3444444444444444,"17586,113930","5518,113930"
1.0,0.3563218390804598,"17588,18462","10293,18462"
-0.725,0.1375,"17595,109397","2505,17595"
-0.2959183673469387,-0.6961451247165533,"5017,86904","5017,115358"
0.6105263157894737,0.5888888888888889,"12601,17689","17689,114719"
-0.1224686595949854,0.1065573770491803,"17713,41948","41948,130188"
0.2648401826484018,0.7228915662650602,"7890,114031","38240,114031"
-0.4957264957264957,-0.0737741790373369,"17750,18887","18887,61615"
-0.5,0.2068965517241379,"12279,17780","17780,45790"
0.0561904761904761,0.4761904761904761,"17802,105829","17802,39684"
0.08286951144094,0.3246753246753247,"17837,114066","29459,114066"
-0.8142857142857143,0.1857142857142857,"17912,79613","79613,147895"
-0.2134831460674157,0.2059925093632958,"17924,114097","17924,114387"
-0.5528169014084507,-0.2145816072908036,"17925,21574","9550,21574"
0.6867469879518072,1.0,"17942,114112","41523,114112"
0.3653846153846153,-0.375,"6320,7648","6320,110840"
-0.2229152229152228,0.1441441441441441,"17959,18670","17959,51071"
0.5544554455445545,0.1782178217821782,"1973,109218","35152,109218"
-0.2821782178217821,0.2376237623762376,"17971,108153","17971,110140"
0.1026680175616345,0.1247619047619047,"14037,17996","17996,29851"
0.6503067484662577,0.0797546012269938,"18001,114142","18001,80949"
1.0,0.4385964912280701,"15075,114146","44643,114146"
-0.2934970598408855,0.1326530612244898,"18021,63328","63328,89471"
0.8382352941176471,0.25,"18022,87358","48346,87358"
-0.4956521739130435,0.1826086956521739,"14573,112158","14573,16121"
0.6597938144329897,0.1237113402061855,"18056,114162","91716,114162"
0.3132530120481928,-0.4805194805194805,"4140,18060","4140,23771"
-0.4253731343283582,-0.2251672671127123,"18067,19604","19604,96532"
-0.5643564356435643,0.3366336633663366,"18078,103985","31891,103985"
0.6145484949832776,0.4326923076923077,"16801,69167","23727,69167"
-0.0340189873417721,0.1392405063291139,"18120,114185","18120,96538"
0.5169491525423728,0.4322033898305085,"18127,114188","20570,114188"
1.0,1.0,"18137,111288","18137,112584"
0.2507796257796258,0.1216216216216216,"18152,114197","18152,60716"
0.5,0.3070175438596491,"18180,114207","31259,114207"
0.3931034482758621,-0.2241379310344827,"18202,69309","18202,119873"
0.8260869565217391,0.2291666666666666,"18216,114216","18216,155279"
-0.0428571428571428,-0.2,"11067,114223","105118,114223"
-1.0,-1.0,"18248,114228","108783,114228"
0.5045045045045045,-0.375,"18262,114234","71157,114234"
0.6746987951807228,1.0,"18265,114238","107403,114238"
0.2112676056338028,0.2112676056338028,"18270,90700","18270,142046"
-0.1052166224580017,0.2298850574712643,"18289,114259","18289,69241"
-0.1782113821138211,-0.3793103448275862,"11786,85060","11786,46507"
-0.3037523452157598,-0.2083333333333333,"18317,101249","66680,101249"
-0.345679012345679,0.1172839506172839,"13878,17824","13878,134049"
0.7258064516129032,-0.6451612903225806,"18354,114298","18354,46600"
-0.8484848484848485,-0.4705882352941176,"10828,114302","33751,114302"
0.1472995090016366,0.2127659574468085,"18363,114304","44753,114304"
0.0199637023593466,-0.8850574712643678,"9171,95599","46134,95599"
-0.7368421052631579,0.2631578947368421,"18397,114315","18397,132692"
0.34375,0.34375,"18420,114321","49663,114321"
0.3111111111111111,-1.0,"18428,20479","18428,22364"
-0.6983208955223881,-0.75,"18436,114329","19003,114329"
-0.2116352201257861,0.15625,"17081,114340","43982,114340"
-0.3255813953488372,-0.6016795865633074,"18492,19671","19671,77544"
-0.835820895522388,-0.2222222222222222,"18542,33271","33271,63852"
1.0,0.2,"18631,42839","42839,89249"
-0.1448540975013105,0.288135593220339,"18640,35076","35076,42283"
-0.4177911044477761,0.0590136586383067,"3769,18642","18642,30901"
-0.7051282051282052,-0.2794117647058823,"18058,18647","18647,40003"
0.2542288557213931,-1.0,"13811,15403","15403,25232"
0.4962818003913894,0.4351648351648352,"17951,18657","18657,19894"
-0.2493564993564993,0.3452380952380952,"18677,114412","18677,122991"
0.1016096579476861,-0.2039951573849879,"18678,114413","26687,114413"
-0.3179190751445087,0.1271676300578034,"18683,114417","18683,125475"
0.3804347826086956,-0.3548387096774194,"18704,75645","18704,24976"
-1.0,-1.0,"18721,114436","18721,138227"
-0.4575289575289575,-0.2432432432432432,"18728,114440","18728,83507"
0.6551724137931034,0.6551724137931034,"18744,114447","18744,75611"
0.6748792270531401,0.3799755799755799,"18745,18746","18745,114355"
0.2894736842105263,-1.0,"10521,69079","7671,10521"
0.2211640211640211,0.1777777777777777,"18796,23122","23122,33471"
-0.0374677002583979,-0.0892944755176136,"18832,24213","18832,116493"
0.1823361823361823,0.2,"18868,114481","18868,40813"
-0.3416149068322981,0.2546583850931677,"18876,42471","26316,42471"
-0.8208955223880597,0.1791044776119403,"18877,114483","76759,114483"
0.4296875,-0.5283018867924528,"18939,38190","9081,18939"
-0.0007541478129713,0.3137254901960784,"18953,114496","34460,114496"
-0.06383547008547,0.1623931623931624,"18972,114505","18972,58824"
0.5208333333333334,-0.8541666666666666,"18982,113004","18982,119359"
-0.0242718446601941,0.1802736098852603,"19032,114549","21258,114549"
1.0,0.5862068965517241,"19048,90835","65335,90835"
0.7721518987341772,0.1856540084388185,"10458,12443","10458,13678"
0.3333333333333333,-0.2795698924731182,"7489,18912","7489,41463"
-0.4186046511627907,0.1085271317829457,"19195,76835","67088,76835"
-0.2307692307692307,0.0512820512820512,"4710,114615","4710,88914"
-0.2630434782608695,0.2444444444444444,"19257,109601","3547,19257"
-0.0892857142857142,-1.0,"19330,98473","19330,134860"
-0.3970588235294117,0.088235294117647,"19369,78982","78982,91160"
-1.0,-1.0,"19414,114674","19414,146819"
0.1849529780564263,0.101010101010101,"19415,114675","107296,114675"
0.2318840579710145,-1.0,"19434,109470","18533,19434"
-0.6625,0.3375,"8685,39949","14437,39949"
0.6625,-1.0,"19466,66505","19466,122365"
-0.5321712381440655,-0.2907281299109481,"10836,19490","19490,23420"
-0.14155906264945,-0.5310213637693884,"19491,80698","19940,80698"
-0.6708860759493671,0.3291139240506329,"19503,114731","19503,41734"
-0.5760869565217391,-1.0,"19525,110004","19525,161226"
0.2187948350071736,-0.0544562049394078,"19527,114740","21687,114740"
-0.5353535353535354,0.1818181818181818,"19540,38819","38819,136088"
-0.1925422138836772,-0.2954545454545454,"19543,114367","19543,23776"
-0.3557046979865771,0.1006711409395973,"19565,95598","19565,143431"
0.6022727272727273,-0.4253968253968254,"19571,57173","19571,120497"
-0.1345177664974619,-0.6666666666666666,"19589,114764","19589,45504"
-0.2804232804232804,0.1693121693121693,"19607,24164","24164,109465"
-1.0,-1.0,"19619,114771","67005,114771"
0.1060308555399719,-1.0,"19630,52121","19630,144461"
0.196969696969697,0.1969696969696969,"19637,82382","82382,150712"
0.3984962406015037,0.0614525139664804,"6087,7236","7236,77663"
-0.1372759856630824,-0.1654970760233918,"19668,114782","44817,114782"
0.8347826086956522,0.1826086956521739,"9670,111639","9670,118766"
0.196969696969697,0.1969696969696969,"19718,114797","83524,114797"
0.1955719557195571,1.0,"19734,114803","21442,114803"
0.4568965517241379,-0.6451612903225806,"19770,113453","16245,19770"
0.7421875,0.21875,"19815,114817","19815,98071"
-0.4818181818181818,-0.74,"19822,109832","10678,109832"
-0.1629001883239171,0.1016949152542373,"17079,76968","17079,140902"
-0.3376623376623376,-0.3555555555555555,"2562,57358","2562,141543"
-0.268041237113402,0.0618556701030927,"2539,19871","2539,65692"
-0.5148514851485149,0.1188118811881188,"19874,114859","19874,152688"
-0.4770642201834862,0.1559633027522936,"19880,110051","13990,19880"
-0.3398692810457516,0.1764705882352941,"19887,80382","19887,124373"
-0.2212173913043478,-0.3793631353337416,"17335,19909","19909,22300"
0.4262295081967213,-0.5925925925925926,"14292,114877","38804,114877"
-0.1244239631336405,0.1612903225806451,"19922,114879","19922,52306"
0.7761194029850746,-0.1222222222222222,"15355,16600","16600,41543"
0.3795620437956204,-0.6,"19952,114891","29848,114891"
0.0619251336898395,0.0641711229946524,"11335,114907","11335,87136"
0.0448943661971831,-0.1363636363636363,"19981,56947","19981,27602"
0.6312056737588653,0.1063829787234042,"18835,114920","18835,24163"
0.5591397849462365,0.1806451612903225,"15333,38880","15333,61527"
-0.4297520661157025,0.1652892561983471,"20015,57161","54371,57161"
-0.3095238095238095,0.2976190476190476,"20044,22991","20947,22991"
-0.4297520661157025,0.1157024793388429,"20047,40545","40545,76781"
0.6386250565355043,0.4872068230277185,"20050,22470","22470,24168"
0.2842995169082125,0.0108695652173913,"20052,42251","20052,28393"
0.1830985915492957,-1.0,"17109,114945","19212,114945"
0.3768115942028985,-0.3095238095238095,"20064,112582","82421,112582"
0.2834799608993157,0.1818181818181818,"20073,45678","45678,127596"
-0.6046511627906976,0.1627906976744186,"20074,114949","20074,72778"
0.1923076923076923,0.1923076923076923,"20087,114951","20087,101085"
-0.7123287671232876,-0.4230769230769231,"20108,114954","71838,114954"
-0.6046511627906976,-0.6046511627906976,"20112,114956","32010,114956"
-0.0419580419580419,-0.0670731707317073,"20126,98616","98616,112849"
-0.490566037735849,0.4056603773584906,"20135,24912","24912,117047"
-0.4329004329004329,0.1558441558441558,"20168,113800","20983,113800"
0.4038800705467372,0.7619047619047619,"20211,114974","22116,114974"
-0.5977011494252874,0.4022988505747126,"20215,114975","31280,114975"
0.8253968253968254,-0.3142857142857143,"20242,114980","20242,94713"
-0.3270440251572327,-0.8805031446540881,"20265,114987","58902,114987"
0.7761194029850746,-0.1428571428571428,"20268,114988","20268,26700"
-0.5543478260869565,0.2717391304347826,"20284,114999","20284,43021"
0.2969696969696969,-0.246969696969697,"3708,115000","24085,115000"
0.0037313432835821,-0.25,"14542,112876","36505,112876"
0.0055921052631578,0.21875,"1866,2531","2531,77064"
-0.2236842105263158,0.1008771929824561,"11818,112305","11818,120053"
-0.796875,0.203125,"4499,17688","4499,63283"
-0.3517241379310344,0.3448275862068966,"20309,27885","20309,38125"
0.7397959183673469,0.0612244897959183,"20318,115021","20318,152711"
0.3544303797468354,-0.2428381079280479,"10911,20324","20324,55684"
0.3013698630136986,0.1506849315068493,"20333,115037","92769,115037"
-0.0458823529411764,0.1466666666666666,"8881,113995","8881,61621"
-0.5,0.0980392156862745,"4557,4853","4557,105013"
-0.3290322580645161,0.1032258064516129,"20353,43286","43286,88943"
1.0,0.7833333333333333,"20371,22348","20031,22348"
-0.8360655737704918,-0.2537313432835821,"20377,115067","20377,115038"
0.2567504655493482,-0.2972972972972973,"20386,21824","21824,120831"
-0.4358974358974359,0.2393162393162393,"20389,75717","38712,75717"
0.1237864077669902,1.0,"2129,85152","9454,85152"
0.0123376623376623,0.35,"19536,26079","26079,75785"
-0.265625,0.0979885057471264,"12433,26809","6702,26809"
0.7391304347826086,0.2631578947368421,"20433,115087","71782,115087"
-0.2702702702702703,0.2126436781609195,"20455,81884","16995,20455"
0.5714285714285714,0.1680672268907563,"16476,20468","16476,54359"
0.1034368803701256,-0.0909090909090909,"20486,115105","20486,82477"
-0.2090524259198957,0.2289156626506024,"20494,57427","57427,113417"
0.4069767441860464,-0.2819121447028423,"20515,115112","20515,30978"
0.2714285714285714,0.2714285714285714,"20540,57708","57708,89797"
0.0522955305564001,0.2391304347826087,"15606,115116","9585,115116"
0.4456521739130434,-0.4117647058823529,"20553,115119","77466,115119"
0.2107344632768361,0.3440677966101694,"15367,20578","20578,28505"
-0.1854545454545454,0.0654545454545454,"4791,53170","4791,7008"
-0.375,0.1323529411764706,"20709,109930","61316,109930"
-0.2191089941159988,-0.2090524259198958,"20259,20721","20721,24461"
0.4506604506604507,0.1888111888111888,"11686,20774","11686,23696"
-0.3363387978142076,-1.0,"20786,56895","20786,29629"
-0.4166666666666667,0.2166666666666666,"20792,41563","41563,125242"
-0.5555555555555556,0.1111111111111111,"20809,58647","20809,130160"
0.1332515337423312,0.2331288343558282,"20812,25267","25267,118491"
-0.746268656716418,-0.0952380952380952,"15546,115220","15546,88501"
-0.2024291497975708,0.048582995951417,"20834,115230","20834,57962"
0.591304347826087,0.2,"20879,112404","20879,118453"
0.7575757575757576,1.0,"20908,54645","20908,152717"
0.5663780663780663,0.5327272727272727,"20965,31875","28389,31875"
-0.1151042975622015,-0.1511648274654055,"12844,109919","16171,109919"
0.4629629629629629,0.6176470588235294,"21026,77498","21026,28600"
-0.5747126436781609,0.2183908045977011,"21030,115289","21030,134701"
-0.273224043715847,-0.4347826086956521,"21036,24270","24270,54024"
-1.0,-0.238095238095238,"21046,115295","33673,115295"
-0.819672131147541,0.180327868852459,"21069,97005","97005,160809"
0.5957446808510638,-0.6382978723404256,"21071,115301","21071,137957"
0.704225352112676,0.4166666666666667,"21110,115313","94839,115313"
0.6329113924050633,0.2537313432835821,"2586,21112","21112,115498"
1.0,1.0,"21119,115316","21119,146348"
-0.4098360655737705,-0.5021857923497267,"21159,115328","16418,115328"
-0.5444444444444444,0.1666666666666666,"12866,94821","12866,87825"
0.0162476363891028,0.1376146788990825,"8988,13051","8988,142780"
-0.449438202247191,-0.3636363636363636,"21227,81106","81106,130343"
0.2637390857729841,0.1515151515151515,"21233,44937","44937,122852"
0.532608695652174,-1.0,"10918,32184","10918,135343"
-0.4495412844036697,-1.0,"15860,34000","15860,56312"
0.2454545454545454,-0.1690140845070422,"21264,115384","23684,115384"
-1.0,-1.0,"21298,115407","15487,115407"
0.2587301587301587,0.0793650793650793,"19021,33796","19021,129602"
0.0817889794909809,-0.2524271844660194,"10903,21318","10903,108394"
1.0,-0.3260869565217391,"7910,21340","21340,49773"
-0.1035886052534221,0.3529411764705882,"21341,60719","60719,61910"
-0.0925133689839571,0.2636363636363636,"4904,77230","4904,31952"
-0.4049586776859504,0.1239669421487603,"21347,109221","71205,109221"
0.8178438661710037,0.0669144981412639,"11961,21353","11961,59892"
0.4431818181818182,-1.0,"15826,115432","15826,24119"
0.4298245614035088,0.4939759036144578,"21372,87571","26106,87571"
-0.1166666666666666,0.24,"4422,21375","4422,45363"
0.1314414414414414,0.16,"4257,21384","21384,47638"
0.6712328767123288,0.217391304347826,"18394,24126","24126,96843"
1.0,-0.4677419354838709,"21419,84501","17021,84501"
-0.494949494949495,0.303030303030303,"11737,21241","11737,122566"
-0.0647444298820444,0.0084415584415584,"15061,21446","21446,31882"
0.1374764595103578,0.3888888888888889,"21460,115464","21460,37697"
1.0,1.0,"21477,115471","79566,115471"
0.0562770562770562,0.4047619047619047,"21615,112846","21615,64908"
-0.3006134969325153,0.2331288343558282,"21623,114812","24413,114812"
-0.8305084745762712,0.1694915254237288,"21653,115516","74117,115516"
0.2794117647058823,0.2794117647058823,"21676,115522","58885,115522"
0.0850945494994438,0.1582512315270936,"7067,32444","32444,33222"
-0.7741935483870968,0.2258064516129032,"18888,38611","18888,41013"
-0.068111455108359,-0.5,"16948,115546","46719,115546"
-0.2171945701357466,0.1447963800904977,"21724,90749","21724,107202"
0.4725274725274725,0.1648351648351648,"21725,77813","21725,68573"
0.4947368421052631,0.1473684210526315,"14197,115552","14197,18724"
-0.6,0.1439024390243902,"937,60858","937,1753"
-0.4444444444444444,0.1574074074074074,"21735,76912","21735,113237"
0.6956521739130435,1.0,"10328,21775","21775,87077"
-0.3639371381306865,0.2258064516129032,"21782,115594","10038,21782"
-0.6,0.175,"21791,59529","59529,127576"
0.1188118811881188,-0.282051282051282,"5658,21794","21794,47965"
0.3424657534246575,-0.2678571428571428,"21816,61395","21816,124893"
0.4705882352941176,0.6857142857142857,"15878,99664","99664,114874"
0.0951417004048582,-0.1785714285714285,"14089,18409","11885,18409"
0.0917241379310344,0.0125,"21877,63609","63609,117611"
-0.7868852459016393,0.2131147540983606,"21933,115680","21933,82334"
-0.3,-0.4777173913043477,"21953,77163","77163,147107"
-0.1444547996272134,-0.21,"20080,115687","20080,37755"
-1.0,-1.0,"21958,115688","21958,88561"
0.5247524752475248,0.1485148514851485,"21977,112240","21977,116048"
0.631578947368421,-0.1864406779661017,"9096,21979","21979,32082"
0.2615384615384615,-0.3855203619909502,"21982,115694","33002,115694"
-1.0,-0.1020408163265306,"22021,84527","22021,117988"
0.2221793635486981,-0.1666666666666666,"22034,115712","22034,124956"
-0.174636803874092,0.3305084745762712,"22037,115714","22037,27789"
-0.4571428571428571,-0.1388044579533941,"22040,115715","22040,94639"
0.48,0.2586500283607488,"22047,115720","22047,64335"
-0.5517241379310345,0.264367816091954,"22069,115726","48161,115726"
-0.1771217712177121,0.1512915129151291,"22097,78540","26437,78540"
-0.5853658536585366,0.1463414634146341,"22119,115732","90763,115732"
0.516120105161201,0.101010101010101,"16730,115737","16730,82078"
0.0396927016645326,0.3636363636363636,"22169,115742","22169,48515"
-0.3870967741935484,-0.8709677419354839,"22171,44603","44603,118588"
0.631578947368421,1.0,"22176,115745","79293,115745"
0.32,-1.0,"22188,111597","22188,76128"
-0.3671875,0.109375,"13703,85801","11732,13703"
-0.6619718309859155,-0.5,"13278,115776","5123,13278"
0.6911764705882353,1.0,"22236,115782","27208,115782"
-0.8245614035087719,0.175438596491228,"22240,115784","22240,162392"
-0.4117863268806664,-0.1455525606469002,"9575,71500","71500,111181"
0.4946236559139785,0.1075268817204301,"22268,92549","92549,163084"
-0.7230769230769231,0.2769230769230769,"22287,115833","22287,59361"
-0.6619718309859155,-0.5194805194805194,"22306,115846","22306,47227"
0.1330693751075917,0.1401273885350318,"22327,37314","37314,49204"
0.5688073394495412,0.128440366972477,"22338,75655","75655,146181"
-0.3821138211382114,0.1544715447154471,"1439,64839","1439,107006"
0.4845360824742268,-0.4640590405904059,"1260,109179","42574,109179"
-0.8245614035087719,0.175438596491228,"22384,102353","102353,165382"
-0.3897435897435897,-0.2685314685314685,"22396,115896","22396,26097"
-0.2797619047619047,0.1428571428571428,"6150,11021","11021,45350"
-0.3949579831932773,0.1428571428571428,"8956,115901","8956,55435"
0.6527777777777778,-1.0,"22411,102717","22411,119288"
-0.0562770562770562,0.3333333333333333,"22417,115905","22417,102281"
0.6811594202898551,-0.2307692307692307,"22448,73721","73721,133186"
-0.6811594202898551,-0.1470588235294117,"22570,50185","50185,131640"
-0.1835834068843778,-0.5833333333333334,"22577,89704","22577,111608"
-0.7580645161290323,-1.0,"22580,69922","69922,138820"
-0.5,-1.0,"22590,55656","55656,60844"
0.4234234234234234,0.6470588235294118,"22611,27117","22611,37976"
1.0,0.3714285714285714,"22637,115977","22637,116537"
0.0580821917808219,-0.2272727272727272,"22647,48316","48316,116576"
-0.7704918032786885,0.2295081967213114,"22649,115980","22649,147656"
0.7359550561797753,-0.4836897426603842,"22674,78869","48413,78869"
-0.7230769230769231,0.2769230769230769,"22681,61804","61804,69446"
-0.5164835164835165,0.4835164835164835,"22717,115989","24464,115989"
0.6226415094339622,0.1886792452830188,"22737,115992","22737,124195"
0.71875,-0.3442622950819672,"22755,116003","51198,116003"
0.1705069124423963,0.4285714285714285,"22763,85521","85521,92231"
-0.4466019417475728,-0.3255813953488372,"19462,31555","19462,110273"
-0.8070175438596491,0.1929824561403508,"22773,116014","22773,157095"
-0.368,0.152,"22783,40972","22783,36171"
0.2555555555555555,-0.2459016393442623,"22788,116026","29845,116026"
0.3511450381679389,-0.6666666666666666,"22801,50670","50670,130247"
0.2658959537572254,-0.5,"7595,22809","22809,75718"
-0.4259259259259259,-0.7314814814814814,"22831,29592","22831,108357"
0.3611111111111111,0.3611111111111111,"22851,116099","22851,41688"
-0.0995423340961098,0.1304347826086956,"9843,91418","91418,131688"
-0.71875,-0.1226415094339622,"7400,22892","7400,10119"
-0.053546170943625,0.2346938775510204,"22933,64965","22933,47341"
1.0,1.0,"22936,90514","90514,155909"
-0.4070796460176991,-0.3561184009765028,"22943,116153","22943,125498"
-0.3432835820895522,-0.7761194029850746,"22946,25468","25468,27947"
-0.7931034482758621,0.2068965517241379,"22952,116157","22952,154646"
-0.2437476670399402,0.1170212765957446,"22954,116158","87056,116158"
0.7032258064516129,0.0903225806451612,"23048,116200","23048,138892"
-0.6666666666666666,-1.0,"23049,115934","23049,49934"
-0.3149051490514905,-0.3252525252525252,"12724,23053","23053,119892"
0.1785714285714286,0.1785714285714285,"23081,105125","105125,136341"
-0.2323232323232323,0.2121212121212121,"23089,25597","25597,117347"
0.1818181818181818,-0.3522727272727273,"12470,55625","55625,116759"
-0.3907563025210084,0.1764705882352941,"14851,96848","14851,143727"
-0.5,0.1739130434782608,"23111,116225","23111,68588"
-0.1166666666666666,0.5,"23117,108007","23117,96984"
-0.0364810330912026,0.1694915254237288,"5542,114617","5542,30372"
-0.8095238095238095,-0.0582010582010582,"23166,116238","95756,116238"
-0.6133333333333333,0.1733333333333333,"23208,114361","27900,114361"
-0.0674603174603174,0.1805555555555555,"23214,116251","84312,116251"
0.4742268041237113,-0.2115384615384615,"23217,116252","23217,38670"
0.8067226890756303,0.042016806722689,"23289,112955","19416,112955"
-0.2041772660329361,-0.0837068579112505,"13783,23307","23307,27311"
-0.8181818181818182,0.1818181818181818,"23318,116292","23318,147621"
-0.5673076923076923,-0.5454545454545454,"23333,59613","8589,23333"
-0.5113636363636364,0.125,"23361,116325","23361,92708"
-0.145631067961165,0.0485436893203883,"9135,77403","9135,116134"
0.625,0.7435897435897436,"23373,47577","23373,37179"
0.3571428571428571,-0.3636363636363636,"8187,11957","11957,114360"
0.6,-0.1533333333333333,"23381,50648","37060,50648"
0.5921052631578947,0.4,"23385,59420","23385,61398"
0.4554154995331466,-1.0,"23405,103793","86437,103793"
0.7894736842105263,1.0,"23406,116363","28251,116363"
-0.7551020408163265,-1.0,"23447,116392","23447,111972"
0.233160621761658,-0.1627906976744186,"13848,63585","18740,63585"
0.3661971830985915,-0.5483870967741935,"8411,79375","14507,79375"
-0.0949612403100775,-0.0188742837883384,"23478,31351","31351,119977"
-0.4245283018867924,-0.4444444444444444,"23488,103912","23488,132592"
1.0,0.3833333333333333,"23497,47301","47301,128512"
0.2622950819672131,-1.0,"23505,35441","35441,112908"
0.46875,-0.367967967967968,"23509,112089","46800,112089"
-0.0041317435957974,0.4883720930232558,"2739,23543","23543,63389"
-0.3515625,0.203125,"23549,63840","21410,63840"
0.3082191780821918,-0.076048951048951,"23555,109220","2278,109220"
0.7758620689655172,1.0,"23558,116442","23558,117311"
-0.1319648093841642,0.0527859237536656,"16749,23593","16749,35005"
-0.2105263157894736,-1.0,"4834,90521","39502,90521"
-0.3488372093023256,0.3410852713178294,"23619,116454","23619,24214"
1.0,1.0,"23620,89382","84474,89382"
-0.220035778175313,0.3953488372093023,"15113,18836","15113,138639"
-0.3075060532687651,-0.136986301369863,"23651,106802","106802,120303"
0.2105263157894736,-0.4285714285714285,"23677,89830","89830,91856"
-0.4166666666666667,0.1388888888888889,"23697,40905","23697,144085"
-0.2980132450331126,-0.1718700725323241,"23638,106235","106235,134898"
-0.0338178881485967,0.1338582677165354,"23731,116489","64966,116489"
0.5113636363636364,-0.1486486486486486,"23762,116495","23762,43105"
-0.2393617021276596,0.1329787234042553,"20728,23871","20728,44719"
1.0,1.0,"23887,93980","93980,159135"
1.0,0.1886792452830188,"23888,116525","16003,23888"
1.0,0.6956521739130435,"23889,33449","33449,39837"
-0.2726495726495727,0.2083333333333333,"9122,71152","9122,19552"
-0.5756946846535225,-0.490566037735849,"23931,34242","23931,66798"
0.0821428571428571,0.20625,"22563,27768","17666,22563"
1.0,1.0,"23953,116580","26879,116580"
0.3085714285714285,0.26,"23967,80805","80805,146433"
0.7719298245614035,-0.3076923076923077,"23971,116598","39973,116598"
-0.6875,0.3125,"24031,116653","24031,132364"
-0.3963963963963964,-0.270440251572327,"24044,116660","24044,28978"
0.1689311594202898,0.53125,"24053,88159","24053,71044"
-0.7857142857142857,0.2142857142857142,"24056,86939","86939,154009"
-0.4583333333333333,0.1145833333333333,"24059,43447","43447,58713"
-0.16005291005291,0.1138095238095237,"11668,108445","29024,108445"
-0.2363970588235294,-0.2115384615384615,"24096,98307","73688,98307"
-0.676923076923077,0.1692307692307692,"24102,116704","94367,116704"
0.4882842025699168,0.3163265306122448,"24109,112810","24109,32790"
1.0,0.4444444444444444,"24113,72579","72579,84774"
0.4356435643564356,-1.0,"19191,71947","47486,71947"
-0.7457627118644068,0.2542372881355932,"24186,72127","72127,143786"
-0.6984126984126984,-0.5454545454545454,"1855,72300","1855,45691"
0.4499999999999999,0.1625,"24359,83826","83826,151309"
0.5147449842881315,0.2131979695431472,"24366,30318","25712,30318"
-0.360655737704918,0.1639344262295081,"12377,90624","55562,90624"
-0.3391534391534391,0.2285714285714285,"24403,110980","21617,24403"
-0.2365591397849462,-0.4230769230769231,"24422,99599","99599,115489"
-0.7719298245614035,0.0128803020208749,"24446,116808","24446,98809"
0.3753394542868227,0.0574162679425837,"5299,24489","5299,13927"
-0.6935483870967742,0.3064516129032258,"24492,116833","24492,133399"
-0.4673913043478261,0.2934782608695652,"24513,116858","24513,124295"
-0.7962962962962963,0.2037037037037037,"24518,92406","92406,157256"
-0.7049180327868853,0.2950819672131147,"19204,107986","19204,114784"
0.671875,0.2181818181818181,"17165,39413","39413,128812"
-0.2774193548387096,0.1677419354838709,"12012,97957","12012,77715"
-0.1755530346001134,0.1585365853658536,"4942,66557","4942,59864"
0.7288135593220338,1.0,"24554,116910","92484,116910"
-0.4134615384615384,-0.0921052631578947,"6662,111658","5643,6662"
-0.7962962962962963,0.2037037037037037,"24578,93216","93216,158298"
-0.6615384615384615,-1.0,"24607,116948","24607,34587"
-0.7678571428571429,-0.1857675906183368,"6306,24612","5117,6306"
-0.6056338028169014,0.2535211267605634,"6534,24633","6534,135953"
0.4673913043478261,0.3414634146341463,"24637,38727","38727,123801"
-0.0277777777777777,-0.3611111111111111,"24652,31400","31400,119991"
-1.0,-1.0,"24685,116985","24685,123921"
0.2469043151969981,0.5853658536585366,"24692,116990","24692,44887"
-0.3981481481481481,0.2129629629629629,"24693,47353","47353,128538"
-0.4095238095238095,0.1333333333333333,"17470,24709","24709,50111"
1.0,1.0,"10906,24711","24711,160888"
-0.0415775401069518,0.1136363636363636,"4239,117004","57090,117004"
-0.7678571428571429,0.2321428571428571,"24776,117009","82200,117009"
0.6417910447761194,-0.2340425531914893,"24791,83753","67231,83753"
-0.7818181818181819,0.2181818181818181,"24796,117016","63019,117016"
0.2467338186895382,-0.4976278334211913,"24806,117018","24806,54790"
0.0812874678846702,0.1858407079646017,"24813,112906","24813,59642"
-0.1653846153846153,0.1192307692307692,"24874,117034","24874,35304"
-1.0,-0.2807017543859649,"24927,117051","66193,117051"
0.0470494417862838,0.2982456140350877,"24953,32129","32129,120381"
-0.5887491264849756,-0.7962962962962963,"24997,117081","24997,25518"
-0.3700980392156862,-1.0,"25052,117095","25052,84584"
0.3161764705882353,1.0,"25073,25800","25073,36899"
0.3484848484848485,0.1515151515151515,"25091,108472","108472,168155"
0.4942528735632184,0.7105263157894737,"25119,117104","65919,117104"
-0.0968352253181974,-0.241123476417594,"25128,110621","40071,110621"
1.0,0.5217391304347826,"25131,117106","18777,25131"
-0.1063075832742735,0.1204819277108433,"25133,117107","108947,117107"
-0.2195075028857253,-0.7256637168141593,"7662,24374","24374,34318"
0.4618141374196737,0.0865051903114186,"10042,117115","10042,42852"
-0.5316455696202531,-0.3609305508039686,"3510,5075","2460,3510"
-0.0389165628891656,-0.0314482029598308,"25150,30500","12234,25150"
-0.6176470588235294,0.1911764705882352,"25152,117123","25152,148159"
0.25,0.25,"25169,117149","25169,144993"
0.3114754098360656,-1.0,"13260,29352","13480,29352"
-0.2648171500630517,-0.3904761904761905,"13988,25184","13988,66222"
-0.7368421052631579,-0.425,"25185,117159","25185,86723"
-0.310752688172043,-0.3252032520325203,"25191,78511","25191,29769"
0.5,-0.1818181818181818,"25197,104993","14151,104993"
-0.5714285714285714,-0.3333333333333333,"25203,101771","36386,101771"
-0.7368421052631579,-0.6,"5266,58347","5266,44387"
1.0,-0.0872093023255814,"25214,73165","5551,73165"
-0.3716814159292035,0.0078439259855188,"22293,76886","18664,22293"
-0.1763294682127149,-1.0,"18570,117225","18570,55716"
0.6363636363636364,-0.64,"25283,26288","26288,40775"
-0.0497512437810945,0.1587301587301587,"25284,80641","53874,80641"
-0.3333333333333333,-0.4396456256921373,"25302,36823","25302,115065"
-0.6369327073552425,-0.7777777777777778,"25330,26764","25330,25429"
-0.6461538461538462,0.1538461538461538,"25337,117255","25337,95133"
-0.56,0.44,"18011,25341","18011,32683"
0.0677371238045099,0.4597701149425287,"8875,89073","27002,89073"
-0.1317604355716878,0.1819221967963386,"25360,29274","25360,26797"
-0.094850352112676,0.3712797619047619,"7046,25377","20439,25377"
0.6,-0.4166666666666667,"25401,39784","39784,97917"
0.6885245901639344,1.0,"25402,57101","25402,134358"
0.0104186046511627,0.3023255813953488,"25406,117289","6430,117289"
-0.525,0.15,"25436,50317","50317,87923"
0.3114754098360656,-0.2040816326530612,"25537,117332","25537,27508"
-0.6176470588235294,0.1764705882352941,"25542,77193","77193,88812"
-0.5121951219512195,-0.4583333333333333,"25572,117339","10164,117339"
-0.2037203720372037,0.2178217821782178,"23753,25588","23753,34645"
-0.2625,-1.0,"10752,25609","10752,19314"
-0.3684210526315789,0.2017543859649122,"25649,48060","48060,114944"
0.3940467753366407,0.1506024096385542,"25677,111649","44294,111649"
-0.3529411764705882,-0.2954545454545454,"25707,106723","28951,106723"
-0.6176470588235294,0.1764705882352941,"25743,117377","90778,117377"
0.7636363636363637,-0.1473684210526315,"25745,116414","23234,25745"
-0.3818181818181818,0.1545454545454545,"25750,38228","38228,44551"
0.4117647058823529,-1.0,"25776,110791","25776,50663"
1.0,-0.5217391304347826,"25798,117394","25798,153624"
1.0,1.0,"25862,37028","37028,122779"
-0.2264150943396226,-0.1265822784810126,"25872,59935","38659,59935"
-1.0,-1.0,"25909,117467","25909,167497"
-0.0055756479807113,-0.1684319297339189,"8494,40240","31257,40240"
-0.7068965517241379,0.293103448275862,"25927,117485","25927,62604"
0.2129540340726455,-0.1828499369482976,"25934,31550","31550,119857"
-0.3361702127659575,0.179357969391564,"25939,108682","7338,25939"
0.3124531132783195,0.4203935599284437,"12531,25963","25963,37666"
0.2928104575163399,0.2666666666666666,"25978,117527","49320,117527"
0.5930232558139534,-0.2513416815742396,"26016,111302","39794,111302"
0.1103425559947299,0.2028985507246377,"5527,26027","5527,103564"
0.3253968253968254,0.1078431372549019,"17368,86816","35913,86816"
0.3445378151260504,-0.1830985915492957,"26035,117555","55025,117555"
-0.1909090909090908,-0.2105263157894736,"3666,57970","3330,3666"
0.3050847457627118,0.3050847457627119,"26072,117581","59896,117581"
0.3650793650793651,0.1746031746031746,"4426,26074","26074,116213"
-0.5324675324675324,-0.59375,"26087,94276","56355,94276"
1.0,-0.2,"26144,84966","74537,84966"
0.5324675324675324,-1.0,"26148,32354","32354,130282"
0.5494505494505495,0.1098901098901098,"26162,50438","26162,83622"
1.0,-0.475,"24679,113867","24679,88256"
0.4846960167714885,0.3474747474747475,"26188,33970","33970,39042"
-0.6949152542372882,0.3050847457627119,"26210,117637","26210,60535"
0.3565217391304348,1.0,"21968,26259","26259,76007"
-1.0,-0.44,"26265,117649","26265,77358"
-0.2386123680241327,0.3692307692307692,"26283,117657","45833,117657"
-0.3228346456692913,0.2125984251968504,"26324,117669","40847,117669"
0.618421052631579,0.2105263157894736,"26352,117676","26352,68351"
0.0702292768959435,0.08,"26370,108849","78568,108849"
-0.4470046082949308,0.3387096774193548,"26406,33377","15474,33377"
1.0,0.1976744186046511,"26440,55864","26440,116623"
-0.5540540540540541,0.1891891891891892,"26454,117698","43341,117698"
1.0,-0.4666666666666667,"26519,117711","21067,26519"
0.6434782608695653,0.1217391304347826,"26521,111615","79231,111615"
0.6666666666666667,0.089430894308943,"26522,117713","26522,135579"
0.5616438356164384,1.0,"26538,117718","26538,41483"
0.6896551724137931,1.0,"26574,117746","47364,117746"
0.1769911504424778,0.7906976744186046,"6350,10600","10600,15400"
-0.4545454545454545,-0.3653846153846153,"26581,90937","26581,112616"
0.6451612903225806,-1.0,"7774,48764","7774,47981"
-0.2515723270440251,0.2515723270440251,"22761,72581","22761,60848"
-0.272108843537415,0.0952380952380952,"26586,51153","26586,32930"
-0.2831497348021215,-1.0,"26592,43628","26592,126445"
-0.5633802816901409,-0.3650704225352112,"26604,42774","26604,32252"
0.0242669362992922,-1.0,"23284,34547","23284,113137"
0.3305785123966942,0.2439024390243902,"14249,43538","43538,69862"
-0.7843137254901961,0.2156862745098039,"26613,117779","26613,157335"
0.4814814814814815,0.4814814814814814,"26638,117799","81205,117799"
-0.3883495145631068,0.0970873786407767,"26639,117800","26639,134338"
0.9029126213592232,0.0364077669902912,"3039,117801","3039,142470"
-0.7142857142857143,0.2857142857142857,"26656,117806","26656,139898"
-0.6349206349206349,0.2063492063492063,"26665,80332","80332,103495"
-0.7407407407407407,-1.0,"26667,117816","26667,160023"
0.5882352941176471,-0.25,"26672,62815","42293,62815"
-0.5263157894736842,0.4736842105263157,"26690,117833","26690,119282"
0.5476190476190477,-1.0,"26698,117843","94110,117843"
0.6779661016949152,1.0,"26730,111186","35271,111186"
-0.2604166666666666,-0.2189054726368159,"26743,117869","26743,119115"
-0.3174603174603174,0.0952380952380952,"26751,86845","86845,90746"
-0.2150537634408602,-0.1505376344086021,"13309,58573","13309,58572"
0.1779661016949152,0.5,"26892,117932","26892,57304"
-0.3448275862068966,0.1034482758620689,"26952,117951","26952,41721"
-0.250735294117647,-0.8235294117647058,"3665,111201","18070,111201"
0.7818181818181819,0.2,"11103,27022","27022,39679"
-0.625,-0.6153846153846154,"27035,117972","68473,117972"
1.0,0.7037037037037037,"27060,28517","28517,31130"
0.3333333333333333,0.0666666666666666,"19187,24311","22196,24311"
-1.0,-1.0,"27099,97517","37416,97517"
0.3761140819964349,-1.0,"19921,117989","19921,62619"
-0.6666666666666667,-0.1240310077519379,"27140,112758","27140,33964"
-0.6946564885496183,-1.0,"27145,78875","78875,144256"
0.0024420024420024,0.1483516483516483,"27174,116247","41095,116247"
0.4444444444444444,0.0409356725146198,"11935,118000","31483,118000"
-0.8,0.2,"7758,7849","7758,40231"
-0.4081632653061224,-0.5226144511858797,"27204,118002","27204,42809"
0.2452830188679244,0.2452830188679245,"27230,118006","84603,118006"
0.3333333333333333,-0.2023809523809523,"27244,118011","10147,27244"
0.0988319856244384,0.1981132075471698,"10759,118012","14227,118012"
1.0,0.4347826086956521,"27252,108101","108101,168054"
-0.4266840882694541,0.4107142857142857,"27257,112221","3076,27257"
0.0772799052506909,0.2867647058823529,"27259,111842","27259,27960"
-0.4081632653061224,0.1122448979591836,"27260,118015","75142,118015"
0.3846153846153846,-0.3333333333333333,"27284,118023","27284,67985"
-0.4651162790697674,0.1627906976744186,"27290,118024","27290,79549"
0.4936708860759494,-0.4545454545454545,"2151,27301","27301,89486"
-0.0020408163265306,0.275,"27304,80868","80868,156597"
-0.75,0.25,"27308,98963","27308,105590"
-0.2846715328467153,-0.1800486618004866,"10999,40147","10999,119187"
-0.5,0.2051282051282051,"14248,60271","14248,86917"
0.2884679295446992,0.6274509803921569,"27333,53157","33790,53157"
0.032051282051282,0.1538461538461538,"21864,27337","27337,37219"
0.3577981651376147,-0.3243243243243243,"20416,27345","20416,80231"
-0.1003143006809848,0.1686746987951807,"14390,44163","14390,36702"
0.0924999999999999,-0.85,"27362,51135","27362,117603"
0.25,0.8791208791208791,"16353,98670","17318,98670"
-0.65,0.35,"27373,51147","51147,130629"
0.3823529411764705,1.0,"27378,118094","68384,118094"
-0.3277310924369748,0.0840336134453781,"10154,118100","10154,35145"
-0.3817204301075269,0.1923076923076923,"11876,27389","27389,70455"
-0.78,-1.0,"22371,27394","22371,74169"
-0.1940298507462686,0.1890547263681592,"27412,114643","27412,118467"
-0.6724137931034483,-1.0,"27413,56519","51012,56519"
-0.338755980861244,-0.3925438596491228,"27416,29770","27416,31579"
1.0,0.127906976744186,"27420,52918","13538,52918"
-0.40625,-0.4571428571428571,"27434,118135","27434,56567"
0.4583333333333333,0.1388888888888889,"27448,118142","27448,101202"
0.6551724137931034,0.6551724137931034,"27449,56627","56627,133998"
-0.4627363737486095,-0.1401557285873192,"25020,27463","14883,27463"
-0.5345454545454545,-0.3148148148148148,"27468,63007","29827,63007"
0.1264231096006797,-0.322429906542056,"23568,109481","23568,49567"
-0.3223140495867768,0.2975206611570248,"27474,36039","29847,36039"
0.639344262295082,1.0,"27477,60113","14778,60113"
-0.1631097560975609,-0.375,"27489,118172","59767,118172"
0.1827560795873249,-0.0827067669172932,"27495,101920","27495,52608"
0.0344988344988345,-0.3396226415094339,"17913,60037","60037,119804"
0.012310606060606,0.6060606060606061,"27541,47274","27541,132183"
0.3421052631578947,0.5882352941176471,"27544,76110","27544,82997"
0.0667989417989417,0.3703703703703703,"19507,114432","19507,63498"
-0.2977099236641221,0.0916030534351145,"27576,118213","27576,125525"
-0.312,0.12,"27579,118214","27579,143522"
0.0142188312814288,0.1780821917808219,"27605,109446","27605,127205"
-0.1256205482408806,-0.1220241804811167,"24002,42104","42104,54976"
0.7358490566037735,0.1746031746031746,"11726,110197","22526,110197"
-0.2166666666666666,0.1055555555555555,"27674,118244","27674,45670"
-0.2932330827067669,-0.0370694177303724,"27726,42377","42377,113007"
0.2573454913880446,0.2716312056737589,"22002,27747","27747,36534"
0.0722414646214745,-1.0,"8517,109607","89297,109607"
-0.3644859813084112,-0.2765592218195689,"27795,36610","2243,36610"
-0.1741071428571428,0.1026785714285714,"27814,48094","48093,48094"
0.4,0.4,"27818,118284","27818,145902"
-0.4814814814814814,0.345679012345679,"27825,78159","39418,78159"
0.5,0.2446808510638297,"27866,34302","34302,128896"
-0.155719759168035,0.1617405582922825,"27869,116555","27869,28987"
-0.738255033557047,-0.2631578947368421,"27877,115503","27877,29755"
1.0,1.0,"27958,118314","98827,118314"
-0.4193548387096774,-0.4333333333333333,"27965,118317","62407,118317"
0.4230769230769231,0.4230769230769231,"27970,98955","98955,108871"
-0.019927536231884,0.1388888888888889,"27981,108183","108183,136933"
-0.7647058823529411,0.2352941176470588,"27997,118327","27997,91665"
0.7755102040816326,-0.5714285714285714,"10639,28067","10639,89243"
-0.2833333333333333,0.2,"9971,10123","9971,113621"
1.0,1.0,"28085,106794","28085,56303"
-0.4871794871794871,-0.0580296896086369,"9132,93316","9132,46736"
1.0,1.0,"10616,27486","10616,72468"
0.5352112676056338,1.0,"28095,86196","42464,86196"
0.2289156626506024,0.5,"17619,73501","73501,86981"
0.3253253253253253,0.3513513513513513,"28108,100593","35884,100593"
0.2602739726027397,-0.1818181818181818,"28118,118441","102122,118441"
-0.2695035460992908,0.0709219858156028,"25969,103596","25969,133368"
-0.3888888888888889,-0.1598440545808966,"28147,118487","28147,121763"
0.3701754385964912,0.2736842105263158,"10850,15280","15280,125129"
1.0,-1.0,"28170,118508","70812,118508"
-0.5671641791044776,-0.112618724559023,"28187,118515","28187,37307"
-0.3958333333333333,0.2083333333333333,"28191,118519","28191,128199"
0.2295918367346939,0.3061224489795918,"28192,109699","28192,70907"
0.2083333333333333,0.2083333333333333,"28205,118529","101650,118529"
1.0,1.0,"28210,101721","101721,128372"
0.2992125984251969,1.0,"17035,28212","28212,95996"
0.5306122448979591,0.2244897959183673,"28223,69120","69120,113832"
-0.3940677966101694,0.1694915254237288,"17031,29883","17031,64235"
0.2576712904581757,0.1967213114754098,"25385,118552","66157,118552"
-0.5608974358974359,-1.0,"28260,118554","28260,63903"
-0.036111111111111,0.5416666666666666,"28262,113535","84534,113535"
-0.5588235294117647,0.4411764705882353,"28264,118556","28264,36141"
1.0,1.0,"28269,118560","98176,118560"
-0.5869565217391304,-0.1764705882352941,"28352,49654","28352,117542"
1.0,-0.2727272727272727,"28355,118600","88145,118600"
0.4470588235294118,1.0,"24769,63982","63982,128363"
-0.6333333333333333,0.1833333333333333,"2457,114424","4340,114424"
-0.4810126582278481,0.3544303797468354,"28423,82468","39133,82468"
-0.28922908693275,0.1864406779661017,"28443,116956","51467,116956"
-0.3009146341463414,-0.2206923682140047,"9789,13543","9789,94922"
0.3052594171997156,-0.369047619047619,"28479,65058","65058,97746"
0.2764672036823935,0.1515151515151515,"28507,52488","28507,54855"
-0.1162079510703364,0.0336391437308868,"28541,64803","10842,64803"
0.336283185840708,-0.1666666666666666,"28554,117981","28554,50149"
0.0329238329238329,0.109090909090909,"28584,52697","52697,61334"
0.2814814814814815,-1.0,"28636,98758","98758,160121"
-0.641025641025641,-0.2916666666666667,"28693,118705","73791,118705"
-0.5352112676056338,-0.676056338028169,"28730,74121","31374,74121"
-0.5588235294117647,0.2058823529411764,"28765,118719","28765,147820"
0.803030303030303,0.2575757575757575,"16299,113803","16299,72644"
-0.26,-0.1590909090909091,"28792,79175","79175,99055"
-0.5692307692307692,0.4307692307692308,"21886,28794","28794,37050"
-0.6981132075471698,-0.2564102564102564,"28811,88378","28811,95763"
0.3894736842105263,0.5,"22226,42707","42707,125854"
1.0,0.44,"28818,109184","28818,112605"
0.4477611940298507,0.4477611940298507,"28825,118771","28825,122214"
-1.0,-1.0,"28828,118776","28828,130538"
-0.2720588235294117,0.0955882352941176,"3737,6408","3737,30302"
-0.5068493150684932,0.273972602739726,"28837,53498","53498,131957"
0.3703703703703703,0.3703703703703703,"28842,118789","106349,118789"
0.4524107142857143,0.1942857142857142,"4244,16646","4244,9496"
0.567466992914309,0.0357852882703777,"1850,109692","1850,128245"
-0.5,0.3108108108108108,"28909,118851","28909,46878"
0.0618421052631579,0.2228873239436619,"20379,43376","15001,43376"
0.37,-0.2914862914862915,"7629,28919","6713,7629"
0.7115384615384616,-0.358974358974359,"10202,77973","50822,77973"
-0.7708333333333334,-0.75,"15098,28925","28925,46214"
-0.3958333333333333,0.2291666666666666,"28935,118875","28935,128348"
-0.1968085106382978,0.1489361702127659,"17979,102515","17979,123733"
-0.0941878567721847,0.2682926829268293,"28959,94397","89598,94397"
-1.0,-1.0,"28982,34854","34854,70937"
-0.7115384615384616,0.2884615384615384,"29030,71258","71258,143234"
0.4499999999999999,0.45,"29037,82602","29037,34472"
-0.7115384615384616,-0.7115384615384616,"29056,118935","29056,143320"
-0.2,0.2,"13423,29066","13423,118941"
-0.3459297748386081,-0.4709911361804996,"23512,29079","29079,47059"
0.3894736842105263,0.2676767676767676,"29090,89139","89139,125828"
-0.1148767605633802,0.1408450704225352,"29095,87725","87725,121901"
0.2551724137931034,-0.1612903225806451,"29116,40444","29116,44839"
0.1360294117647058,-0.1634615384615384,"29129,95078","29129,59480"
-0.468939393939394,0.1666666666666666,"29135,39461","39461,103727"
-1.0,-0.4782608695652174,"29150,96752","96752,142475"
0.4157303370786517,1.0,"29188,82252","29188,88460"
0.4872340425531915,-1.0,"29189,104048","29189,160343"
0.5892857142857143,-0.8214285714285714,"29194,118991","29194,102600"
0.4375843454790823,-0.7307692307692308,"20057,118993","20057,134913"
-0.1298245614035087,0.0350877192982456,"18811,118996","18811,52049"
0.7254901960784313,-0.4857142857142857,"29211,49833","29211,117170"
0.5692307692307692,1.0,"29238,119005","29238,139353"
0.4111111111111111,0.3698630136986301,"22758,73586","22758,64294"
0.7464788732394366,0.1408450704225352,"29293,119023","29293,162493"
-0.0373273609555804,-0.0709728867623604,"29309,110567","29309,47875"
-0.4512195121951219,0.1829268292682926,"9303,29315","9303,12649"
-0.0918460833715071,0.5945945945945946,"19687,29321","29321,48639"
-0.1452762923351159,-1.0,"15369,119044","15369,103343"
0.9230769230769232,-1.0,"29361,119048","29361,59040"
-0.1796205630354957,0.2894736842105263,"27809,29393","14746,29393"
0.0679271708683473,-0.4,"29398,68807","20237,29398"
-0.7708333333333334,0.2291666666666666,"29471,119087","29471,98085"
-0.4157303370786517,0.348314606741573,"29492,119092","35565,119092"
-0.4567901234567901,-0.4919278252611586,"29504,90817","68311,90817"
-0.7708333333333334,0.2291666666666666,"29516,119098","98431,119098"
1.0,1.0,"29528,119103","29528,84230"
0.4722222222222222,0.4722222222222222,"29555,119106","29555,139002"
0.2872985980330613,-0.1411068000816826,"29572,91332","29572,35882"
-0.1229235880398671,0.0764119601328903,"23261,29579","23261,48528"
-0.2695611794752728,-0.2075471698113207,"29580,119113","29580,41579"
-1.0,-1.0,"29595,112335","81411,112335"
0.2114285714285714,1.0,"17899,20442","20442,115129"
-0.4805194805194805,-0.3888888888888889,"29616,36975","36975,130302"
0.217391304347826,0.217391304347826,"29655,119136","29655,161849"
-0.75,0.25,"29658,119140","29658,151874"
0.1836734693877551,0.5882352941176471,"21307,53443","53443,117121"
-0.48,0.2133333333333333,"29672,46635","46635,139354"
0.1113909337466098,-0.1219908913467794,"4733,50195","34455,50195"
-0.7058823529411765,0.2941176470588235,"17651,102246","17651,125290"
-1.0,-1.0,"24042,29697","15079,24042"
0.782608695652174,0.3170731707317073,"29701,118449","60572,118449"
0.2833333333333333,0.4463768115942029,"11207,18107","18107,64551"
-0.2428571428571428,0.1555555555555555,"29708,32682","29708,120699"
-0.3673469387755102,0.1530612244897959,"29711,70282","35651,70282"
0.3560606060606061,-0.3725490196078431,"29713,58237","58237,134833"
-0.7659574468085106,0.2340425531914893,"12330,29729","29729,120447"
-0.5901639344262295,0.4098360655737705,"29735,119228","43161,119228"
-0.4235294117647059,0.1764705882352941,"29747,119244","29747,142515"
-0.217391304347826,-1.0,"29750,75901","29750,40011"
0.3333333333333333,-0.5357142857142857,"29752,119245","29752,80880"
-0.391304347826087,0.1739130434782608,"29757,119252","29757,139912"
-0.3870967741935484,0.1505376344086021,"25979,86499","25979,50094"
-0.4857142857142857,-1.0,"13615,32405","32405,85150"
-0.3364485981308411,0.1962616822429906,"29800,51346","41636,51346"
-0.6428571428571429,0.1785714285714285,"29807,101257","101257,164245"
-0.7659574468085106,0.2340425531914893,"29837,119301","29837,158660"
0.0179880079946702,-0.5581395348837209,"9748,24622","24622,127459"
0.5263041065482796,0.1294117647058823,"18720,29869","29869,41773"
-0.6428571428571429,0.3571428571428571,"29894,94570","43907,94570"
-0.1400778210116731,0.0933852140077821,"28263,29907","7394,28263"
-0.2706766917293233,0.1428571428571428,"29913,119346","29913,91080"
-0.4931506849315068,0.2191780821917808,"29914,50580","22691,50580"
-0.7058823529411765,0.2941176470588235,"29923,119354","29923,143270"
-0.45,-0.4615384615384615,"24093,52629","24093,76051"
0.1317776252573781,0.1382978723404255,"2661,118916","2661,26625"
1.0,1.0,"13653,22950","8648,13653"
-0.782608695652174,0.217391304347826,"30006,119406","30006,166169"
0.5,0.5,"30007,119407","77743,119407"
0.1003375625654755,-0.0327967806841046,"13176,95302","13176,113066"
0.5373134328358209,0.2926829268292683,"30037,50820","30037,127542"
0.2177947598253275,-1.0,"7548,119418","7548,53531"
-0.1149228130360205,-0.0259740259740259,"30041,35138","30041,121959"
0.775,0.1375,"16153,30068","16153,49835"
-0.2975206611570248,0.1983471074380165,"8576,119429","8576,45663"
-0.75,-0.2448979591836734,"30081,42922","30081,45165"
0.3176815847395451,0.3275862068965517,"30096,116453","37140,116453"
-0.4736842105263157,-0.2186932849364791,"30099,68120","19486,68120"
-0.225,0.0875,"7907,119440","7907,97651"
-0.5714285714285714,0.2539682539682539,"30118,119443","64026,119443"
0.2292993630573248,1.0,"30140,109895","44069,109895"
0.2582417582417582,0.085972850678733,"30145,35280","30145,68299"
0.4397515527950311,0.6571428571428571,"30170,47861","47861,55035"
0.52,-0.76,"21162,30176","21162,132785"
-0.7391304347826086,-1.0,"30230,107976","40613,107976"
-0.5454545454545454,0.1515151515151515,"30236,119472","30236,105864"
-0.5070422535211268,0.4929577464788732,"30245,119480","30245,31152"
0.1306451612903226,0.55,"30283,111442","30283,35911"
-0.2769230769230769,0.1846153846153846,"30288,33166","33166,111673"
0.2941176470588235,-0.7058823529411764,"22080,27852","22080,38061"
0.2553191489361702,0.723404255319149,"30330,32209","32209,120399"
1.0,1.0,"30351,61648","61648,136857"
0.5217391304347826,0.3137254901960784,"30358,31286","7235,31286"
0.3523056145089716,0.2397604014893961,"9008,109566","9008,18913"
-0.75,0.25,"30412,91230","91230,156110"
0.7346938775510204,0.0607734806629834,"10520,84665","10520,150095"
-0.3829787234042553,-1.0,"30457,91735","30457,56014"
0.3070175438596491,1.0,"29670,119558","72018,119558"
0.0380562060889929,0.1964285714285714,"5056,119574","97079,119574"
-0.1555555555555555,0.0666666666666666,"2925,119575","2925,70081"
0.7111111111111111,0.3777777777777777,"30504,64819","64819,138860"
-0.3763440860215054,0.2258064516129032,"30045,30537","30537,112709"
-0.7777777777777778,0.2222222222222222,"30539,70231","30539,162663"
0.4861111111111111,-0.5714285714285714,"11561,74088","32092,74088"
-0.4605263157894737,0.1973684210526315,"30542,119621","30542,142166"
0.7608695652173914,0.4166666666666667,"30544,103026","79430,103026"
-0.330188679245283,-0.839622641509434,"30549,119630","30549,94684"
1.0,0.6666666666666666,"30555,49009","49009,129452"
1.0,1.0,"30568,53565","46752,53565"
0.1071428571428571,0.0173160173160172,"30580,32909","30580,121076"
-0.2243589743589743,-0.4594706368899917,"30588,113970","30588,31540"
0.2617845117845118,0.3863636363636363,"21779,57038","57038,69843"
0.1933701657458563,-0.1342592592592592,"30607,37196","24551,37196"
-0.1585748145882712,0.1007081038552321,"2067,116380","54515,116380"
0.3255813953488372,0.3255813953488372,"30618,71389","15565,71389"
0.6470588235294117,0.6470588235294118,"30625,119707","49062,119707"
-0.7,-0.7,"30639,119716","30639,103135"
0.4545454545454545,-0.2619047619047619,"15372,87890","87890,128462"
-0.7291666666666666,0.2708333333333333,"30692,105888","30692,66021"
-0.5384615384615384,0.4615384615384615,"30700,119760","30700,36051"
-0.660377358490566,0.3396226415094339,"30714,119767","30714,135966"
0.5138888888888888,0.1388888888888889,"30717,90657","90657,101914"
0.1942820012995452,-0.1780821917808219,"30725,110592","40922,110592"
-0.7608695652173914,-0.5918367346938775,"30732,119783","30732,37267"
-0.7608695652173914,0.2391304347826087,"30735,119785","30735,159142"
-0.2454545454545454,0.3,"30769,119798","30769,91814"
-0.5072463768115942,0.144927536231884,"15176,30792","30792,102637"
0.4782608695652174,0.3395747381783561,"28787,34578","28787,34886"
1.0,0.5454545454545454,"30821,119818","30821,85820"
-0.2317880794701986,0.0794701986754966,"11337,119822","11337,154706"
-0.7142857142857143,-0.7142857142857143,"30861,119836","30861,141096"
-0.3211009174311927,0.1926605504587156,"30875,119674","14105,30875"
-0.3125,-0.2567857142857143,"15341,116289","15341,36994"
-0.2142857142857143,0.2142857142857142,"30903,71963","71963,128092"
-0.3333333333333333,0.1142857142857142,"30938,119867","30938,155088"
0.1188411509657075,0.2203389830508474,"30944,82498","82498,126588"
-0.7608695652173914,-0.3076923076923077,"24189,49809","24189,73708"
-1.0,-0.725,"21465,31915","19633,31915"
-0.3763440860215054,0.1290322580645161,"30984,72305","6911,72305"
1.0,0.4390243902439024,"30994,84525","61818,84525"
0.5396825396825398,-0.1538461538461538,"30998,89837","30998,66886"
-0.660377358490566,0.3396226415094339,"31012,119893","60728,119893"
0.6236559139784946,0.2258064516129032,"31015,88924","52260,88924"
0.2517569243489044,-0.127906976744186,"31021,119897","31021,45751"
-0.6,-0.0544554455445544,"31028,112555","13442,112555"
-0.3070175438596491,-0.158054226475279,"31040,57707","57707,131419"
-0.6730769230769231,-0.44,"31059,91823","21680,91823"
-0.487787356321839,-0.2730263157894737,"31075,33050","27020,31075"
-0.4249108734402852,-0.1645353793691389,"19344,27175","19344,39535"
0.5737704918032787,-1.0,"31149,119933","31149,53991"
-0.4375,0.175,"5397,31183","5397,78146"
1.0,0.6666666666666666,"31203,119944","31203,32496"
-0.5645161290322581,0.2258064516129032,"31215,83914","78413,83914"
0.6140350877192983,0.4634146341463415,"31231,119950","58922,119950"
-0.0267857142857143,-0.3090909090909091,"31328,78942","65353,78942"
-0.0472747497219132,0.1612903225806451,"31377,119983","3780,119983"
0.238095238095238,0.6206896551724138,"31412,118721","31412,45429"
-0.3181818181818182,-0.8272727272727273,"31440,59011","59011,132625"
0.0666666666666666,0.5,"31444,120005","61496,120005"
-0.1152542372881356,0.0338983050847457,"6902,26455","6902,53401"
0.1420329204140505,0.3098591549295774,"27511,31471","31471,129152"
0.5526315789473684,0.2894736842105263,"31475,115881","31475,129174"
-0.7083333333333334,0.2916666666666667,"31513,120083","31513,145293"
0.4927536231884058,1.0,"31519,34857","24357,31519"
-0.1591954022988506,0.1666666666666666,"31524,77600","77600,93961"
-0.52,-0.4347826086956521,"9457,80088","80088,81136"
0.1888888888888888,-0.130820399113082,"5888,12295","12295,111257"
1.0,1.0,"31531,120097","31531,79860"
-0.7083333333333334,0.2916666666666667,"31548,120114","31548,145513"
-0.6938775510204082,0.3061224489795918,"31558,120129","31558,69513"
0.4415584415584415,0.4,"31577,35941","31577,46892"
0.1385281385281385,0.0562770562770563,"31588,35947","29780,35947"
-0.6415094339622641,0.3584905660377358,"31597,120159","56552,120159"
0.6071428571428571,0.1388888888888889,"11931,91877","91877,91878"
1.0,0.2702702702702703,"31601,103429","103429,166106"
0.5641025641025641,0.1794871794871795,"31602,117086","31602,78751"
-0.0644122383252818,0.3703703703703703,"31626,68388","53870,68388"
-0.4594594594594595,-0.8243243243243243,"31643,68970","31643,137948"
0.0170212765957447,-0.2638888888888889,"30224,38077","38077,57472"
0.3420512820512821,-0.4703525641025641,"31647,95696","31647,106985"
0.3366336633663366,-1.0,"31656,120201","43682,120201"
0.2085889570552147,-0.2368421052631578,"12784,31661","31661,35960"
-0.5964912280701754,0.4035087719298245,"31663,120208","31663,47081"
-1.0,-0.1309523809523809,"31669,71668","12186,71668"
-0.5,0.1617647058823529,"5482,30262","30262,115494"
-1.0,-0.1951219512195122,"4563,18586","8991,18586"
0.1631162507608034,-0.4889937106918239,"31706,120227","31706,143533"
0.4592944369063771,-0.3888888888888889,"23473,71511","23473,67032"
-0.10829307568438,0.2777777777777778,"31716,34943","34943,36150"
0.3655913978494624,-0.2365591397849462,"31731,37448","31731,54008"
-0.1079059829059829,-0.15,"9854,36322","9854,112933"
0.5,-0.3125,"31795,45418","45418,127014"
-0.7727272727272727,0.2272727272727272,"31823,120277","93875,120277"
0.4333333333333333,0.2666666666666666,"31825,106493","31825,123853"
0.0554649265905383,1.0,"795,77088","28278,77088"
-0.3820224719101123,0.2134831460674157,"31861,120294","31861,36330"
-0.4533333333333333,-0.4339622641509434,"31880,48249","48249,128899"
0.7638888888888888,-0.8055555555555556,"26968,85179","26968,39711"
-0.7555555555555555,0.2444444444444444,"31995,96403","96403,151016"
1.0,1.0,"32015,120351","32015,143816"
-0.1650485436893204,-1.0,"32045,35322","35322,121351"
-0.2585342563857722,0.2253521126760563,"23106,32057","32057,68538"
-0.2207792207792207,0.0909090909090909,"18812,27081","27081,77834"
0.2063492063492063,0.3095238095238095,"32090,120369","32090,37951"
-0.7391304347826086,0.2608695652173913,"32113,89846","89846,155690"
-0.68,-0.6799999999999999,"32123,109596","57802,109596"
0.7083333333333334,-0.1772151898734177,"32141,58337","695,32141"
-0.2361111111111111,0.1180555555555555,"32142,120383","32142,64905"
0.276595744680851,0.2765957446808511,"32212,120402","32212,84039"
-0.68,0.0497297297297297,"32289,69447","69447,78931"
-1.0,-0.5,"32291,120419","91085,120419"
1.0,0.4545454545454546,"32301,119974","50671,119974"
0.7727272727272727,-0.5121951219512195,"32326,120426","32326,32415"
0.1305916305916305,0.3167155425219942,"32349,42911","42911,44645"
-0.208431526577638,-0.1137326073805203,"26525,32353","32353,36938"
-0.4657534246575342,0.2054794520547945,"32401,111751","32401,70861"
-0.8111111111111111,-0.5769230769230769,"32413,117404","28021,32413"
-0.673469387755102,0.3265306122448979,"32439,120471","32439,139232"
-0.7461538461538462,-0.1818181818181818,"27791,68677","68677,113323"
-0.2558139534883721,0.2325581395348837,"32445,105874","32445,62790"
-0.5076923076923077,0.2615384615384615,"32447,120486","32447,131824"
0.5238095238095238,-1.0,"32457,69496","69496,122807"
1.0,1.0,"32471,120521","88649,120521"
-1.0,-1.0,"32494,120546","32494,82101"
0.3773584905660377,0.3773584905660377,"32498,120550","32498,53540"
-0.2158986175115207,0.5483870967741935,"7895,26932","26932,134538"
-0.1641791044776119,-1.0,"17932,120553","17932,74877"
-0.4024390243902439,0.3780487804878049,"12167,120558","12167,121060"
-0.388235294117647,0.2117647058823529,"28099,120562","28099,135427"
0.2598039215686274,0.5098039215686274,"4189,4360","4360,6779"
-0.2342105263157894,-0.2646198830409357,"32521,116811","32521,53601"
0.0250544662309368,0.2911164465786315,"14729,120579","45231,120579"
-0.2972972972972973,0.1081081081081081,"32538,120607","32538,153105"
1.0,1.0,"32545,120617","84096,120617"
-0.7674418604651163,-0.4,"32554,65077","32554,46944"
-0.6346153846153846,0.3653846153846153,"32558,56525","56525,133899"
-0.2519083969465648,0.0916030534351145,"19057,82453","19057,75911"
-0.3666666666666666,0.1555555555555555,"32569,59497","59497,145769"
0.077560975609756,0.3414634146341463,"32578,38606","38606,123722"
0.75,0.1094890510948905,"32582,34313","32582,61605"
-0.7674418604651163,0.2325581395348837,"32601,120654","32601,164298"
-0.1709844559585492,0.1398963730569948,"32608,34812","34812,40122"
-0.0634095634095634,-0.0762300762300762,"17086,106198","47562,106198"
-0.673469387755102,-1.0,"11108,23243","11108,53090"
0.2327327327327327,0.1119196119196119,"24921,32686","24644,32686"
-0.515625,-0.1316964285714285,"32688,115805","32688,134201"
0.0492770167427701,0.2083333333333333,"32736,47398","32736,121307"
0.2185430463576159,0.4651162790697674,"32740,120734","41855,120734"
0.0903975993998499,-0.3670886075949367,"19625,112899","37172,112899"
0.25,-1.0,"32788,90814","90814,146582"
0.5657894736842105,0.1578947368421052,"32789,36592","32789,66511"
-0.6699999999999999,-0.1971830985915492,"21359,94488","21359,109852"
-0.6111111111111112,0.0396825396825397,"9752,120754","9752,49411"
-0.0857142857142857,0.0623376623376623,"12046,32794","12046,45370"
-0.5789473684210527,-0.1389473684210527,"32807,120760","45390,120760"
-0.264,0.112,"32818,51817","31786,51817"
0.5076923076923077,-0.0735294117647058,"17927,120777","17927,109423"
0.4814814814814815,0.4814814814814814,"32867,120787","32867,148672"
-0.2242926155969634,-0.4444444444444444,"14305,110452","10271,110452"
-0.5892857142857143,0.2142857142857142,"32887,120797","32887,88199"
-0.4285714285714285,0.1558441558441558,"32889,82045","82045,146412"
-0.4285714285714285,0.4285714285714285,"13876,16136","13876,21920"
-0.5,0.3484848484848485,"32935,120818","32935,47624"
-0.3928571428571428,0.2023809523809523,"32945,120820","32945,64087"
0.039920687376074,-0.1141573033707865,"2885,110434","2885,17029"
-0.34375,0.2291666666666666,"32971,95950","32971,46011"
-0.2727272727272727,0.140495867768595,"32991,64271","64271,138656"
-1.0,-0.3896103896103896,"32992,120834","36221,120834"
-0.3113207547169811,0.0943396226415094,"14829,68182","47918,68182"
0.5689655172413793,-0.2236842105263158,"28425,120846","26785,28425"
1.0,-0.627906976744186,"33048,120850","33048,67959"
0.3055555555555556,-1.0,"33058,34124","33058,35296"
-0.1412462412295355,0.3561643835616438,"6319,13908","6319,67627"
-0.44,0.1466666666666666,"33123,97216","33123,160884"
-0.6794871794871795,-0.4705882352941176,"33130,68842","68842,136761"
0.4459459459459459,0.2705882352941176,"33210,120894","33210,47969"
-0.7674418604651163,0.2325581395348837,"33259,120908","107208,120908"
0.1632153614457831,0.34375,"33281,115325","33281,49696"
-0.4714285714285714,-0.133976833976834,"33304,116397","49327,116397"
0.1076286221170905,0.4210526315789473,"33321,116256","33321,139430"
0.245127436281859,-0.3103448275862069,"11443,21271","11443,60409"
0.4714285714285714,0.5964912280701755,"29583,33370","20504,33370"
-0.0667522464698331,0.4210526315789473,"33376,120930","46449,120930"
1.0,-1.0,"33381,120931","22622,120931"
0.0347144456886897,0.2978723404255319,"33393,120934","79323,120934"
-0.5614035087719298,-0.4347826086956521,"20571,57884","18144,20571"
-0.4102564102564102,0.2948717948717949,"33464,46624","46624,127942"
0.6808510638297872,0.4736842105263157,"29521,33466","29521,50611"
-0.7619047619047619,0.238095238095238,"33472,121001","33472,162181"
0.4050632911392405,0.3,"31462,121004","46745,121004"
0.5818181818181818,-1.0,"11562,121030","29688,121030"
0.6956521739130435,1.0,"27870,33220","28626,33220"
0.5641025641025641,0.282051282051282,"33501,55371","55371,67886"
0.6206896551724138,0.4482758620689655,"33513,117776","33513,125143"
0.3888888888888888,-0.2307692307692307,"33523,121034","33523,106629"
-0.1824729891956782,-1.0,"14298,28533","14298,35000"
-0.1916666666666666,0.3333333333333333,"33537,121071","33537,51203"
-0.3950617283950617,-0.3225806451612903,"33560,58875","33560,133264"
-0.5517241379310345,-1.0,"33563,93371","33563,92675"
0.0890027958993476,0.0862068965517241,"3947,33577","3947,116132"
-0.1577574967405475,0.2711864406779661,"33581,121105","33581,96864"
1.0,0.5,"33590,121117","57351,121117"
1.0,1.0,"20678,69290","20678,143544"
0.5616438356164384,0.2054794520547945,"33615,66610","66610,142751"
0.1816860465116279,0.0027173913043478,"33619,75294","75294,80510"
0.7272727272727273,-0.2558922558922559,"33622,121151","34664,121151"
0.2460425146992311,0.0746268656716417,"25983,112767","25983,118870"
-0.367816091954023,-0.6896551724137931,"14027,28950","14027,121790"
-0.5223880597014925,-1.0,"33649,75442","33649,55734"
0.3018867924528302,-0.5405405405405406,"33656,59614","33656,133296"
0.5,1.0,"33661,56668","33661,141809"
-0.4383561643835616,0.273972602739726,"33663,51891","33663,51426"
-0.4266666666666667,0.4,"33670,121192","36019,121192"
0.1907361455748552,-0.4089743589743589,"7729,36371","7729,37223"
0.2666666666666666,1.0,"16661,33688","33688,51463"
0.6530612244897959,1.0,"33712,121216","91859,121216"
-0.4050632911392405,0.1645569620253164,"20858,96158","20858,70380"
-0.2990654205607476,-0.4375,"33717,74265","33717,59762"
0.3555555555555555,0.696969696969697,"33719,47095","43983,47095"
-0.64,0.36,"33720,81782","33720,58789"
0.7111111111111111,0.5714285714285714,"26155,33723","33723,110342"
0.7111111111111111,1.0,"33725,47114","45176,47114"
1.0,1.0,"33732,121227","33732,153554"
0.576241134751773,0.0585106382978723,"33736,111585","79888,111585"
-0.3818747838118297,-0.0668543279380717,"33785,63377","63377,63378"
0.3003033367037411,0.3390261627906976,"33788,102924","41857,102924"
1.0,1.0,"33792,97295","97295,160910"
-0.2077922077922078,0.0779220779220779,"33797,85017","33797,103670"
0.4772727272727273,-1.0,"4214,30396","30396,81814"
1.0,0.7261904761904762,"11517,48642","48642,56023"
-0.3809523809523809,0.3095238095238095,"33806,106926","33806,41882"
0.4,0.4,"33810,121266","105387,121266"
-0.7619047619047619,0.238095238095238,"33837,121283","33837,102702"
-0.3636363636363636,-0.3050847457627119,"33845,36321","33845,104163"
0.7697841726618705,0.0935251798561151,"10297,119852","10297,36684"
-0.4,0.1875,"33945,109224","71942,109224"
0.1350210970464135,0.3695652173913043,"10074,121343","48395,121343"
0.6530612244897959,-1.0,"33989,64031","33989,109382"
-0.7272727272727273,0.2727272727272727,"34004,88540","88540,155122"
-0.5925925925925926,0.4074074074074074,"34019,49851","49851,125488"
-0.4,-0.2962962962962963,"34031,43911","43911,124952"
-0.4,-0.38,"34098,121392","34098,135019"
0.7441860465116279,1.0,"34101,96462","34101,101605"
-0.2622950819672131,0.1557377049180328,"34105,40765","40765,57775"
-0.2782608695652174,-0.1851851851851851,"7478,30851","7478,40104"
0.2302158273381295,0.1923076923076923,"34127,48101","48101,162153"
-0.6153846153846154,0.3846153846153846,"34165,55174","55174,133020"
-0.4324324324324324,0.1756756756756756,"34191,68723","38962,68723"
1.0,0.4516129032258064,"34195,121424","34195,41429"
-0.5925925925925926,-0.5925925925925926,"34223,41237","41237,124392"
0.3440860215053763,-0.1016949152542373,"34227,121436","25959,121436"
-1.0,-1.0,"34277,121456","34277,151324"
-0.3478260869565217,0.2717391304347826,"34298,121466","44375,121466"
-0.4067632850241546,-0.2466725820763087,"34305,121470","41055,121470"
-1.0,-0.2792792792792792,"34306,121471","5169,121471"
0.4571428571428572,0.4571428571428571,"34358,121485","34358,141114"
0.2558139534883721,0.2558139534883721,"34370,121489","34370,98253"
-0.2335766423357664,0.1532846715328467,"34378,42762","42762,52938"
-0.5517241379310345,0.2241379310344827,"34403,107431","63068,107431"
0.3809523809523809,0.0948540706605223,"34429,35620","31323,35620"
-0.3720930232558139,0.313953488372093,"34440,121511","41205,121511"
-0.2689075630252101,0.2184873949579832,"34467,98829","42863,98829"
-0.1871345029239766,0.1637426900584795,"34470,55815","39665,55815"
0.2051282051282051,-0.3125,"34476,69582","9680,34476"
-0.6274509803921569,0.3725490196078431,"34477,121517","58720,121517"
-0.7111111111111111,0.2888888888888888,"34506,109942","84837,109942"
0.7708333333333334,0.25,"29627,109646","29627,75815"
-0.4385964912280702,-1.0,"34569,121532","74448,121532"
0.4150943396226415,-0.3684210526315789,"34596,121553","34596,127064"
0.6436781609195402,-0.1850574712643678,"34602,121559","46811,121559"
0.6770833333333333,0.1145833333333333,"1898,8904","1898,10796"
-0.2296296296296296,0.1111111111111111,"34608,121576","34608,141941"
0.231261770244821,0.2711864406779661,"22167,28065","22167,40913"
-0.2181818181818182,-0.1929824561403508,"13064,85858","55845,85858"
0.1066666666666666,0.12,"34618,78325","34618,152149"
-0.3069306930693069,0.1287128712871287,"34620,121595","34620,148286"
-0.6458333333333334,0.143640350877193,"34625,94539","34625,137236"
-0.6888888888888889,-0.6888888888888889,"34630,121615","34630,112067"
-1.0,-1.0,"34672,121666","34672,66008"
-0.7209302325581395,0.2790697674418604,"34677,121670","34677,100424"
0.7560975609756098,0.1104294478527607,"14269,34696","14269,93483"
0.3297872340425531,0.3225806451612903,"10875,34710","10875,32967"
-0.3195876288659793,0.2577319587628865,"11200,30078","11200,31342"
-0.7560975609756098,-1.0,"34757,121739","34757,134742"
-1.0,-1.0,"34758,121742","34758,126633"
0.382716049382716,1.0,"17518,27126","25695,27126"
-0.6888888888888889,-0.6888888888888889,"34775,38911","30823,34775"
-0.6595744680851063,0.3404255319148936,"34779,110805","34779,66608"
-0.5381987577639752,0.3260869565217391,"8434,34788","34788,34951"
-0.1491197183098591,0.1971830985915492,"17962,75315","75315,145827"
1.0,-1.0,"34797,99624","71199,99624"
-1.0,-1.0,"34817,121791","34817,66414"
-0.2137931034482758,0.1034482758620689,"34821,42495","34821,70811"
-0.7560975609756098,0.0515947467166979,"34832,117535","34832,62459"
-0.7560975609756098,-0.2266857962697274,"34834,121804","66803,121804"
-0.543859649122807,0.1929824561403508,"34841,56737","56737,90600"
-0.7209302325581395,0.2790697674418604,"34845,121810","34845,86717"
-0.3039215686274509,-0.5185185185185185,"34846,121811","34846,48638"
0.6075949367088608,0.2151898734177215,"34852,34853","34853,137630"
0.19375,1.0,"34860,110455","3280,110455"
-0.1367753623188405,-0.6756756756756757,"34868,78402","19281,34868"
0.3444444444444444,0.2972972972972973,"34876,49248","34876,67118"
0.1041769041769041,0.2702702702702703,"34925,82009","34925,37663"
-0.5961538461538461,-0.3183760683760683,"34935,121863","34935,103800"
-1.0,-0.4571428571428571,"34940,119172","49121,119172"
-0.382716049382716,0.1481481481481481,"34942,121868","34942,87227"
-0.2792792792792792,0.1171171171171171,"34965,121879","34965,81369"
-0.2137931034482758,0.1310344827586207,"34973,109319","23390,109319"
-1.0,-0.2,"14935,44754","14935,62580"
-0.543859649122807,0.175438596491228,"34994,67366","67366,102693"
0.4429078014184396,0.1833333333333333,"2372,23627","23627,77245"
-0.0021114864864865,-0.0505890505890506,"27568,35015","35015,49523"
0.4025974025974026,0.3529411764705882,"35055,55724","46032,55724"
0.5166666666666667,0.1294117647058823,"35060,61120","61120,97006"
0.248,-0.2328767123287671,"9114,24993","6146,9114"
-0.0344827586206896,0.2758620689655172,"35069,67620","67620,140895"
-0.7045454545454546,0.2954545454545454,"25628,35073","25628,98941"
0.3122871046228711,0.0948905109489051,"12337,35075","12337,30386"
-0.4558823529411764,0.2205882352941176,"8455,111503","7734,8455"
-0.5535714285714286,0.4464285714285714,"35078,121109","35078,126499"
0.6888888888888889,-0.2325581395348837,"7655,56075","56075,127559"
0.0441176470588235,0.2647058823529412,"35089,121928","35089,40079"
0.5441176470588236,0.25,"35098,54551","54551,138476"
-0.2421875,0.1328125,"35100,121934","35100,63872"
-0.5081967213114754,0.2131147540983606,"35105,121936","35105,82034"
-0.7045454545454546,0.2954545454545454,"35109,121939","82043,121939"
0.6078431372549019,0.3703703703703703,"35118,52567","35118,60967"
0.2407407407407407,-0.7380952380952381,"35124,116104","35124,132386"
0.266479894528675,-0.2120075046904315,"35150,60506","35150,128864"
-0.2300387596899224,-0.2663847780126849,"1516,24400","1516,82311"
-0.2198581560283688,0.1985815602836879,"31901,35169","31901,39090"
-0.6888888888888889,0.3111111111111111,"35189,121975","77083,121975"
-0.62,0.38,"35200,57572","57572,134621"
-1.0,-1.0,"35216,121984","35216,96007"
0.3406593406593406,1.0,"11920,43967","11920,126596"
-0.7380952380952381,0.2619047619047619,"35245,96164","96164,160450"
0.4428571428571428,0.2714285714285714,"35261,69498","35261,84163"
-0.0759242957746478,0.15625,"25149,122010","67232,122010"
-0.3039215686274509,0.1372549019607843,"35301,122017","77611,122017"
0.7391304347826086,0.1195652173913043,"6071,117658","6071,35218"
-0.3385416666666666,0.5,"17974,110351","17974,59647"
0.2619047619047618,0.2619047619047619,"35392,122038","97112,122038"
-0.6078431372549019,0.392156862745098,"35396,122039","35396,55249"
-0.6078431372549019,-0.607843137254902,"35403,122043","55269,122043"
-0.248,-0.4883720930232558,"3257,20258","3257,128898"
-0.4133333333333333,0.1866666666666666,"35479,78317","78317,147538"
-0.7045454545454546,0.2954545454545454,"35489,122065","83864,122065"
0.2583333333333333,1.0,"35509,113130","35509,66807"
0.2322880371660859,-0.0517241379310344,"35546,119378","5598,35546"
0.4305555555555556,-0.5555555555555556,"35556,122082","35556,78833"
0.7560975609756098,-0.3333333333333333,"35581,39565","39565,115982"
-1.0,-1.0,"35612,122095","48192,122095"
-0.160621761658031,-0.2558139534883721,"35613,110786","35613,121505"
-0.5961538461538461,0.4038461538461538,"35622,53036","53036,131664"
-0.326241134751773,-0.2874814448292924,"32306,35640","35640,40086"
-1.0,-0.5806451612903226,"35656,122118","35656,60538"
0.543859649122807,-0.303030303030303,"21661,35687","13776,21661"
0.1286307053941908,0.56,"32791,112536","12439,32791"
-0.2072649572649572,-0.5,"35719,108583","35719,94617"
0.5866666666666667,0.4,"35739,122133","35739,37001"
1.0,1.0,"35741,122134","35741,52711"
0.375,-0.625,"35776,122166","35776,135130"
-0.218978102189781,0.1970802919708029,"20291,33876","20291,32735"
1.0,-0.3090909090909091,"31803,64390","53370,64390"
-0.3191489361702128,0.1170212765957446,"20560,122171","20560,108541"
-0.2902097902097902,0.5,"15032,28827","15032,40769"
-0.4047474132684114,0.1886792452830188,"25142,79800","79800,100048"
0.09375,0.5945945945945946,"8301,49828","49828,129960"
0.2078977932636468,0.4761904761904761,"19403,35807","19403,59282"
-0.46875,0.1875,"35812,59409","35812,98847"
-0.5084745762711864,0.3050847457627119,"35847,122248","35847,76920"
0.5,-0.4629629629629629,"35849,40561","40561,43244"
-0.5172413793103449,-1.0,"35862,47003","47003,70235"
-1.0,-1.0,"35863,122265","35863,100429"
0.2830188679245283,0.5483870967741935,"32747,35867","32747,54220"
0.2654867256637168,-0.5,"14962,55960","55960,115743"
-0.0097560975609756,-0.2158167036215816,"29732,84000","29732,133140"
0.3529411764705882,-1.0,"35886,59630","59630,121802"
1.0,1.0,"35893,122310","77398,122310"
0.7317073170731707,-1.0,"35909,122319","59034,122319"
0.625,1.0,"35910,38776","35910,62682"
-0.5454545454545454,0.2363636363636363,"12941,122320","80262,122320"
0.7142857142857143,-0.5454545454545454,"35914,122323","86073,122323"
0.4418604651162791,-0.5581395348837209,"16863,50782","50782,58136"
0.6557377049180328,0.4098360655737705,"35945,122342","44250,122342"
0.6818181818181818,1.0,"35953,38585","37236,38585"
-0.2830188679245283,-0.48,"30640,122366","30640,116562"
0.5084745762711864,0.4482758620689655,"6557,26041","10549,26041"
0.5084745762711864,0.0141509433962264,"35980,39391","39391,111023"
0.3296703296703296,0.7808219178082192,"28158,35982","15321,35982"
-0.5164399092970521,0.1746704331450094,"21381,64036","40380,64036"
0.4827586206896551,-1.0,"35995,122393","35995,70272"
-0.5,0.2166666666666666,"36004,69521","36004,80691"
0.7317073170731707,-0.3023255813953488,"36008,56805","36007,56805"
-0.375,0.275,"27699,36010","27699,49178"
0.6153846153846154,0.2051282051282051,"12243,122410","12243,21420"
0.4230769230769231,0.2115384615384615,"36016,122412","36016,93491"
-0.7317073170731707,0.2682926829268293,"17001,37300","17001,93495"
-0.6818181818181818,-1.0,"1746,4108","1746,1982"
0.2969924812030075,-0.3333333333333333,"36020,111031","23425,36020"
1.0,0.5454545454545454,"36033,122427","91208,122427"
0.0949926362297496,0.1428571428571428,"36070,65973","24459,65973"
-0.7317073170731707,0.2682926829268293,"36075,122449","93790,122449"
0.2767558528428093,-0.4173076923076922,"36077,93794","36077,64968"
-0.75,-1.0,"36089,101971","74715,101971"
0.5774647887323944,0.1830985915492957,"36098,122462","36098,81067"
0.3770620581304006,0.373134328358209,"36100,44432","44432,124589"
0.3451143451143451,-1.0,"36103,104079","36103,123242"
1.0,-0.2115384615384615,"36129,94056","26799,36129"
-0.1339285714285714,0.0625,"36140,122488","36140,66740"
-0.5454545454545454,-0.2103896103896103,"36174,56095","36174,133297"
-0.241446725317693,0.1935483870967742,"13756,16564","16564,74808"
-0.1184041184041184,0.4761904761904761,"36188,122506","102503,122506"
-0.2752293577981651,-0.34375,"36191,81738","36191,131483"
-1.0,-0.2985074626865671,"36200,122513","36200,51242"
0.4339622641509434,0.2075471698113207,"36205,122514","36205,94497"
-0.6,0.2,"16035,39335","39335,69951"
0.75,1.0,"36277,81868","81868,95025"
-0.0905560458958517,0.3636363636363636,"30873,115254","30873,63834"
-0.6521739130434783,-0.3073463268365817,"5129,107813","5129,128361"
-0.5357142857142857,0.1785714285714285,"33963,122562","24010,33963"
0.0588235294117647,-0.0474716202270381,"36316,49680","32603,36316"
0.1587301587301587,-1.0,"16285,122570","16285,55012"
-0.4838709677419355,0.2258064516129032,"8353,112448","8353,109989"
0.0670731707317072,0.3170731707317073,"36364,122592","82204,122592"
-0.5,0.3166666666666666,"36401,122605","36401,57517"
-0.7142857142857143,-1.0,"36408,122608","36408,64206"
-0.4411764705882353,-0.4333333333333333,"36421,85283","85283,132324"
-0.6976744186046512,0.3023255813953488,"36472,82737","82737,150873"
-0.2272727272727272,0.0984848484848484,"13918,26273","26273,60817"
0.2727044025157232,0.32,"36490,121304","45801,121304"
0.5882352941176471,0.2358490566037736,"4627,6791","6791,117682"
-0.6521739130434783,0.3478260869565217,"36504,68328","68328,141243"
0.5416666666666667,0.5416666666666666,"36519,122635","82975,122635"
0.2682926829268293,0.2682926829268293,"36527,122639","36527,96575"
-0.4838709677419355,-0.001573564122738,"36535,122641","36407,122641"
0.6,1.0,"32136,47927","47927,47928"
-0.0551948051948052,-0.1266233766233765,"36550,65612","36550,61027"
-0.6666666666666666,0.3333333333333333,"36552,111861","72809,111861"
-0.1089718906430496,0.3962264150943396,"36556,106215","36556,52220"
-1.0,-1.0,"36569,65539","65539,139057"
-0.3191489361702128,0.2127659574468085,"4914,36605","4914,44915"
-0.2439024390243902,-0.0157819225251076,"36644,122674","36644,40947"
-0.2073170731707317,-0.4333333333333333,"36657,122677","36657,38652"
0.0808510638297872,-0.0118898623279098,"36665,122678","36665,114942"
-0.7142857142857143,0.2857142857142857,"36671,119689","12791,119689"
-0.5357142857142857,0.4642857142857143,"36719,115173","36719,42644"
1.0,0.42,"36761,122707","36761,73982"
-0.2702702702702703,0.1171171171171171,"34326,36767","34326,69131"
0.3525835866261398,0.2301346070343031,"36800,36801","36801,38145"
-0.2215384615384615,0.2307692307692307,"36808,107222","52932,107222"
-0.246031746031746,-0.1764705882352941,"4738,115411","88449,115411"
1.0,0.1857142857142857,"23151,122729","23151,150625"
-0.6,0.2,"24242,118580","107739,118580"
0.0962962962962963,0.3333333333333333,"36870,122732","41216,122732"
-0.196078431372549,0.130718954248366,"36881,74019","55809,74019"
-0.0685290266259275,-0.2771084337349397,"36895,107983","17164,36895"
0.1355721393034826,0.1641791044776119,"36902,42876","42876,98954"
0.4097877358490566,0.1015625,"18222,111675","18222,131776"
0.3023255813953488,0.3023255813953488,"36931,122740","84877,122740"
-0.0243055555555555,0.15625,"36981,122751","76266,122751"
-0.2027027027027027,0.1756756756756756,"37013,109336","42996,109336"
-0.4754098360655737,-0.4035087719298245,"37023,50967","37023,46592"
0.2441666666666666,0.1466666666666666,"37046,44792","37046,66717"
-0.3815789473684211,0.3026315789473684,"37057,105760","37057,95219"
-0.4596557288864981,0.4545454545454545,"2554,24957","24957,120742"
-0.1666666666666666,0.0919540229885057,"6676,92165","6676,139379"
0.8166666666666667,0.1666666666666666,"27120,37059","27120,140546"
-1.0,-0.2857142857142857,"26585,37063","26585,33918"
1.0,1.0,"37065,122817","95412,122817"
-0.5576923076923077,0.25,"37067,56198","37067,148293"
-0.58,0.42,"26099,122825","26099,43355"
-0.6904761904761905,0.3095238095238095,"37095,122842","37095,148462"
-0.6744186046511628,0.3255813953488372,"37102,122849","37102,145065"
0.3222222222222222,1.0,"22774,72096","60980,72096"
-0.4042867701404286,-0.1639344262295081,"6424,79912","6424,109115"
0.29,-0.5161290322580645,"37105,68483","68483,73021"
0.003875968992248,0.2105263157894736,"37116,122864","90664,122864"
1.0,1.0,"37117,122866","108790,122866"
-0.4084507042253521,0.1549295774647887,"35626,105067","25772,35626"
-1.0,-1.0,"37146,48310","48310,128910"
0.3829787234042553,0.3829787234042553,"37150,122903","37150,135467"
-0.6041666666666666,0.3958333333333333,"37154,122906","37154,56382"
0.1823899371069182,-0.3777777777777777,"23956,119169","59099,119169"
0.2164179104477611,-1.0,"31769,102735","59280,102735"
-0.3052631578947368,0.2631578947368421,"37171,122919","37171,37550"
-0.8220858895705522,-0.1694915254237288,"15755,54038","54038,93828"
0.532258064516129,0.2741935483870967,"37177,62637","52032,62637"
-0.7435897435897436,-0.7435897435897436,"37198,122952","37198,134585"
0.3766233766233766,-0.5714285714285714,"15013,122058","69294,122058"
-0.2377049180327868,-0.9098360655737704,"21871,31738","21871,62107"
0.5,-0.1976744186046511,"37209,93449","37209,54888"
0.7803030303030303,0.1363636363636363,"37231,122976","37231,135703"
1.0,1.0,"16706,24127","24127,29978"
0.4821428571428571,0.2142857142857142,"37237,70655","70655,113610"
0.7184466019417476,-1.0,"18308,121754","18308,73010"
-0.6904761904761905,-1.0,"12681,52672","12681,94195"
0.6904761904761905,1.0,"37272,123010","80618,123010"
-0.5245901639344263,-0.2567567567567567,"37294,59620","27401,37294"
-0.3052631578947368,0.1684210526315789,"37315,123047","37315,87000"
1.0,-0.3902439024390244,"37319,68943","68943,118887"
-1.0,-0.7,"37334,39476","39476,124087"
-0.3020833333333333,-0.2926829268292683,"29000,37356","29000,86779"
-0.6444444444444445,0.3555555555555555,"37372,123081","37372,140452"
1.0,-1.0,"37376,123085","105911,123085"
0.1321924603174603,-0.0170454545454545,"8548,9401","9401,26729"
-0.7073170731707317,0.2926829268292683,"29662,87175","87175,154245"
-0.3493975903614458,0.1325301204819277,"33778,37421","33778,82424"
-0.6470588235294117,-1.0,"30645,57640","57640,134644"
-0.1494845360824742,0.1237113402061855,"17719,123179","17719,45409"
-0.3625,0.1625,"37543,44354","37543,56769"
-0.6744186046511628,0.3255813953488372,"37582,123198","37582,96929"
-0.1916666666666666,0.275,"37596,44628","44628,95169"
-0.2959183673469387,0.1530612244897959,"37621,123211","37621,71934"
-0.3020833333333333,0.1458333333333333,"21989,83329","21989,66718"
-1.0,-1.0,"37624,123212","38873,123212"
-0.3052631578947368,0.2736842105263158,"26910,37629","26910,36509"
1.0,0.4583333333333333,"37637,123217","99575,123217"
0.1380952380952381,-0.0696517412935323,"2476,73414","16053,73414"
0.1078799249530957,0.1585365853658536,"37705,47666","47666,57334"
-0.6904761904761905,0.3095238095238095,"37716,82412","82412,150726"
0.2283464566929134,0.1756756756756756,"35783,111866","31335,35783"
0.0178571428571429,0.0873015873015873,"30248,123262","30248,80130"
-0.7435897435897436,0.2564102564102564,"37778,123271","37778,166800"
-0.1618562535370684,0.0717703349282296,"37816,123278","55469,123278"
0.6904761904761905,0.4761904761904761,"37834,110667","37834,91404"
0.3333333333333333,-0.1037735849056603,"27129,37872","37872,44299"
-0.4328358208955223,0.3134328358208955,"37877,123304","16836,37877"
0.4677419354838709,-0.146788990825688,"37879,114434","36243,37879"
-0.4264705882352941,0.2647058823529412,"37891,123309","61000,123309"
0.2170212765957446,0.3571428571428571,"32817,61106","32817,124950"
-0.3717948717948718,0.2179487179487179,"20263,25826","25826,114986"
0.4814814814814815,0.4814814814814814,"37998,123338","37998,81221"
0.8992248062015504,-0.3372093023255814,"35599,55681","35599,125801"
-0.2871287128712871,-0.4488448844884488,"10638,29684","6530,10638"
-0.0794278758368837,0.2641509433962264,"38029,116441","38029,50904"
-0.5686274509803921,0.2156862745098039,"38035,123345","97487,123345"
-0.185577942735949,-0.2307692307692307,"38052,123351","43674,123351"
0.3743828466638453,-0.1200210563256711,"36762,118804","36762,45904"
-0.5434782608695652,-0.1666666666666666,"38099,123368","54320,123368"
0.1315614617940199,-1.0,"38109,110379","36541,38109"
0.2612612612612612,1.0,"30838,121480","30838,42005"
0.3152173913043478,0.2857142857142857,"38128,117998","38128,61735"
0.1725185185185185,0.168,"11990,50535","11990,130550"
-0.3452380952380952,0.119047619047619,"38132,123378","107108,123378"
-0.3625,0.325,"38159,123383","42772,123383"
-0.711864406779661,-0.6,"38164,123385","70315,123385"
-0.4084507042253521,0.2816901408450704,"38167,123386","38167,133187"
0.7435897435897436,0.0133800573431029,"38196,123393","38196,125811"
1.0,0.2363636363636363,"38212,123398","38212,150086"
-0.3717948717948718,-0.1338548457192525,"38218,123401","55763,123401"
1.0,0.3846153846153846,"38242,121434","38242,104123"
-0.4754098360655737,0.3278688524590163,"38253,123410","55826,123410"
0.5,1.0,"38273,111593","38273,39590"
1.0,0.5416666666666666,"38275,123366","32056,123366"
-0.3717948717948718,0.2692307692307692,"38277,123415","53172,123415"
0.725,0.6129032258064516,"38298,50805","50805,58821"
0.1448663853727145,-0.6666666666666667,"38301,99216","38301,52150"
-0.4328358208955223,0.2388059701492537,"38314,123424","69768,123424"
-0.078590785907859,0.035230352303523,"38330,110125","85090,110125"
0.4727272727272728,0.2363636363636363,"38346,123428","85165,123428"
-0.1920529801324503,0.0794701986754966,"17456,117407","91919,117407"
-0.5714285714285714,0.2040816326530612,"38383,110491","38383,50129"
-1.0,-0.4888888888888889,"6928,27961","27961,85924"
0.4307692307692308,-0.0912698412698412,"38388,73253","55411,73253"
-0.4827586206896552,0.3103448275862069,"38391,123472","38391,123369"
-0.2170542635658914,0.1007751937984496,"16010,123504","16010,148203"
0.6585365853658536,-1.0,"38411,38412","38412,47317"
-0.7,0.3,"38414,123512","38414,152104"
-0.7,0.3,"38425,123533","38425,152225"
0.5882352941176471,0.1993464052287581,"38429,84307","51046,84307"
-0.1365853658536585,0.0585365853658536,"13985,31032","13985,33337"
0.6222222222222222,0.3333333333333333,"38446,62416","38446,147940"
-0.0497967479674796,0.2682926829268293,"9614,95155","95155,116713"
0.2637362637362637,0.5058670143415906,"19144,40261","40261,40949"
1.0,-0.1752577319587628,"38462,123573","59738,123573"
-0.7368421052631579,0.2631578947368421,"28572,83651","28572,65259"
-0.56,0.2,"15771,38139","15771,84736"
-0.7368421052631579,0.2631578947368421,"38470,123585","38470,100327"
-1.0,-1.0,"38473,123588","38473,140116"
-0.2947368421052631,0.1789473684210526,"38475,44278","44278,62498"
-0.6511627906976745,-0.6511627906976745,"10165,77246","10165,23050"
0.6730769230769231,-0.1525641025641025,"9121,10078","9121,32407"
0.4912280701754385,-0.8311688311688312,"37134,56342","56342,74910"
-0.6455696202531646,-0.1666666666666666,"34754,49541","49541,76335"
-0.5185185185185185,-0.7962962962962963,"38507,122582","38507,146647"
1.0,0.6304347826086957,"38508,123628","65328,123628"
-0.2630824372759857,-0.7555555555555555,"19888,79002","79002,123220"
-0.5,0.25,"38525,63522","38525,56055"
0.4057971014492754,-0.5,"38526,42689","42689,125779"
-0.3684210526315789,0.1842105263157894,"38529,56427","56427,75040"
-0.1239388794567062,-0.4102564102564102,"27395,87377","27395,66359"
-0.7,-0.1473684210526315,"38530,69160","69160,120907"
1.0,1.0,"38534,123654","38534,92679"
-0.1010830324909747,0.0433212996389891,"7168,20910","7168,64363"
1.0,1.0,"38541,123664","38541,126006"
-0.0230636833046471,0.2409638554216867,"15248,38559","15248,132221"
-0.509090909090909,-0.048051948051948,"38579,69948","38579,120817"
0.3684210526315789,0.3,"13396,69888","31593,69888"
0.306060606060606,0.6060606060606061,"29096,49534","40407,49534"
-0.1941391941391941,-0.1941391941391941,"38591,106020","38591,158262"
0.3853932584269662,0.2022471910112359,"38593,111282","38593,40078"
-0.6086956521739131,-0.0040444893832153,"38595,80478","38595,59502"
-0.1783439490445859,0.0828025477707006,"7624,38612","7624,79690"
-0.2456140350877192,0.1842105263157894,"38625,102370","38625,130888"
-0.4912280701754385,-1.0,"13171,24606","13171,31181"
-0.56,0.44,"38637,49146","49146,129572"
-0.1697560975609756,-0.2203389830508474,"14461,26075","14212,26075"
-0.6829268292682927,0.3170731707317073,"38649,123753","38649,149498"
-0.3835616438356164,0.2876712328767123,"38656,87518","38656,47767"
-1.0,-1.0,"38660,101494","38660,100221"
0.1269998350651492,0.1276595744680851,"7725,16127","7725,59722"
0.0639269406392694,-0.5283018867924528,"1592,39216","39216,113818"
-0.6222222222222222,0.3777777777777777,"38752,63246","63246,138092"
-0.5833333333333334,0.2083333333333333,"38753,123812","38753,146069"
0.4057971014492754,-0.3076923076923077,"38760,42131","9069,42131"
0.3488372093023255,0.077098078867543,"38763,117219","38763,43419"
0.2886597938144329,0.5,"38797,123832","77290,123832"
-0.7,0.3,"38807,123837","38807,154289"
-0.4117647058823529,0.033797729618163,"38821,109870","38821,56970"
0.1546811397557666,-0.0438027255029201,"38823,123847","9784,123847"
1.0,-0.4126984126984127,"30701,38828","13222,30701"
0.0232974910394265,0.3055555555555556,"38848,123854","95253,123854"
1.0,-0.3225806451612903,"35510,46146","19753,46146"
-0.3294117647058823,0.1764705882352941,"38857,123860","38857,131171"
-0.2522522522522522,-1.0,"11128,37494","37494,137503"
-0.1875,0.40625,"15654,22049","22049,24333"
-0.3544303797468354,0.240506329113924,"38896,115638","24082,38896"
-1.0,-1.0,"38906,123880","38906,159627"
0.717948717948718,0.3,"38938,123901","5610,38938"
-0.4375,-1.0,"38967,123911","49287,123911"
-0.3777777777777777,-0.4333333333333333,"38980,123920","42055,123920"
0.2631578947368421,0.2631578947368421,"39045,123948","39045,103853"
-0.2789855072463768,0.2083333333333333,"39052,103892","103892,135564"
-0.4516129032258064,0.1774193548387097,"39054,67830","39054,62351"
-0.5172413793103448,-0.217391304347826,"16206,21074","16206,16207"
0.7692307692307692,0.4423076923076923,"37775,123956","48677,123956"
-0.2014453477868112,0.3170731707317073,"34515,49781","49781,72088"
-0.5,0.5,"28898,110953","39083,110953"
-0.6511627906976745,0.3488372093023256,"13592,123971","42255,123971"
0.0942028985507246,0.217391304347826,"39118,72258","72258,120594"
0.6056338028169015,0.323943661971831,"39123,47697","47697,124665"
-0.2470862470862471,0.3939393939393939,"39124,123974","85321,123974"
-0.4590163934426229,0.3278688524590163,"22581,39148","22581,54851"
0.641025641025641,0.3333333333333333,"39160,118532","39160,42290"
-0.4242424242424242,-0.4393939393939393,"31632,112033","14557,112033"
-0.1131141746200071,-0.7101449275362319,"39191,123998","54916,123998"
-0.1150097465886939,-0.2508417508417508,"11115,58932","58932,83326"
-0.4,0.1714285714285714,"36294,109098","89132,109098"
-1.0,-1.0,"39217,124010","102640,124010"
0.2568807339449541,0.803921568627451,"10209,28453","10209,43363"
-0.6511627906976745,-0.6511627906976745,"39221,124013","39221,56736"
0.5882352941176471,0.1911764705882352,"39235,124018","39235,82935"
0.4509803921568627,0.2352941176470588,"39274,124032","89404,124032"
0.6538461538461539,0.25,"39279,124033","83949,124033"
-0.4827586206896552,0.3103448275862069,"37507,110179","24238,110179"
-0.7,0.3,"39297,124038","39297,155567"
-0.5490196078431373,0.2352941176470588,"39306,96814","89541,96814"
0.0571428571428571,0.4857142857142857,"39308,83204","39308,130089"
1.0,-1.0,"39310,124041","39310,165104"
-0.1312741312741313,-0.180327868852459,"39312,55804","17773,39312"
-0.6551724137931034,-0.7222222222222222,"39314,42475","31110,39314"
0.5957446808510638,0.4782608695652174,"39331,124045","57946,124045"
0.1555555555555555,0.5510204081632653,"14856,39346","35052,39346"
0.11005291005291,-0.5185185185185186,"39363,117896","42515,117896"
-0.4117647058823529,-0.75,"39383,58677","43544,58677"
-0.4117647058823529,0.3235294117647059,"39404,61264","38945,61264"
-0.6451612903225806,-0.2236842105263158,"39430,124072","26392,39430"
-0.2074074074074074,0.1703703703703703,"19612,121453","48187,121453"
-0.2043795620437956,0.1021897810218978,"39465,78346","78346,115282"
-1.0,-0.4680851063829787,"18172,124102","49194,124102"
-0.717948717948718,0.282051282051282,"39514,98051","98051,111857"
-0.6222222222222222,-0.6222222222222222,"39517,124108","39517,40106"
-0.1332388377037562,0.2044117647058823,"39540,124110","32701,124110"
0.1896243291592129,0.5384615384615384,"34356,34357","8476,34357"
0.2090301003344482,0.2403846153846154,"24074,119789","41163,119789"
0.4745762711864407,1.0,"39577,124121","39577,78770"
-0.0316421167484997,-0.3870967741935484,"9674,118701","41159,118701"
0.4615384615384615,0.4615384615384615,"39624,124137","39624,152985"
0.6266666666666667,-0.0075471698113207,"39632,107685","24648,107685"
-0.5,-0.282051282051282,"35702,124141","40875,124141"
0.282051282051282,-0.2641509433962264,"39652,124142","79027,124142"
-0.165680473372781,-0.9171597633136096,"39664,124145","39664,139068"
-0.7368421052631579,0.2631578947368421,"39667,112851","63819,112851"
1.0,-1.0,"39675,124148","39675,88356"
-0.6829268292682927,-0.6829268292682926,"39682,124151","84771,124151"
-0.4375,-0.0625,"39718,124156","55923,124156"
-0.2522522522522522,0.1081081081081081,"39726,124159","39726,91563"
0.4499999999999999,0.2115384615384615,"12719,111212","12719,147809"
-0.3733333333333333,0.36,"39783,108678","41356,108678"
0.282051282051282,0.282051282051282,"39790,124171","39790,99515"
-0.6086956521739131,0.391304347826087,"39803,124177","62166,124177"
-0.1739130434782608,0.062111801242236,"18574,112761","58950,112761"
-0.5283018867924528,0.2075471698113207,"39811,124180","9232,124180"
0.4615384615384615,0.2115384615384615,"39820,124182","11331,124182"
0.421875,1.0,"33638,39380","28228,33638"
-1.0,-1.0,"39836,101331","39836,99797"
0.2455882352941176,0.1833333333333333,"39840,39841","39840,94186"
0.0094339622641509,0.2303370786516854,"39846,124208","45885,124208"
-0.3707641196013289,-0.4,"39849,47641","39849,118288"
0.6923076923076923,1.0,"39850,124211","55196,124211"
-0.490566037735849,-0.3529411764705882,"39851,91146","91146,130249"
0.52,0.52,"39867,82099","82099,150550"
0.5294117647058824,-0.3720930232558139,"13816,39868","13816,67115"
0.4090909090909091,-0.5,"29240,39895","29240,46372"
0.0777988614800759,0.029868578255675,"39896,44815","39896,62360"
-0.1052295918367347,-0.475,"39898,57247","57247,134441"
-0.3970588235294117,0.3529411764705882,"39917,124296","39917,115265"
-0.1559934318555008,0.3448275862068966,"39918,48502","39918,110632"
-0.2177419354838709,0.0887096774193548,"29059,39925","16697,29059"
0.4909090909090909,0.3333333333333333,"38455,39305","39305,57426"
0.4426229508196721,1.0,"39929,124310","48525,124310"
-0.36,0.16,"21815,109052","21815,152597"
0.0984689766317485,0.1780821917808219,"31624,39947","31624,149423"
0.3970588235294117,1.0,"17045,18375","18375,23489"
0.2903225806451613,0.160919540229885,"13667,39952","13667,146892"
-0.3698630136986301,0.1506849315068493,"16260,39954","16260,26477"
-0.6428571428571429,0.3571428571428571,"39958,124339","39958,70331"
0.7857142857142857,0.25,"23829,35966","17285,35966"
-0.3552631578947368,0.2631578947368421,"2729,39966","2729,132069"
0.373645255088554,0.0515463917525773,"1340,13479","1340,37499"
-0.3103448275862069,0.1379310344827586,"3881,39971","3881,127701"
-0.675,0.325,"39985,124364","39985,100596"
-0.1741935483870967,-0.4294930875576036,"8616,106906","8616,84004"
-0.3857142857142857,0.2428571428571428,"40009,124382","40009,137584"
1.0,0.1724137931034483,"2425,62765","30173,62765"
-0.1413199426111908,0.3137254901960784,"8204,12729","8204,62672"
1.0,0.3333333333333333,"40027,48980","48980,157908"
-0.4830053667262969,0.3076923076923077,"20904,114154","20904,52870"
-1.0,-0.1851851851851851,"40029,81208","40029,66982"
-0.6585365853658537,0.3414634146341463,"40049,124428","40049,145671"
0.132183908045977,0.2291666666666666,"40051,124430","60635,124430"
0.1303482587064676,0.2835820895522388,"40055,40970","5544,40055"
-0.4576271186440678,0.288135593220339,"40080,53780","40080,49093"
-0.4821428571428571,-0.7142857142857143,"40082,95035","37254,40082"
-0.3417721518987341,0.1772151898734177,"40084,124467","40084,145821"
0.7105263157894737,-0.5,"36278,40092","40092,61583"
-0.6585365853658537,0.3414634146341463,"40128,124512","40128,145996"
-0.3333333333333333,0.2592592592592592,"24615,124517","24615,57704"
-0.4576271186440678,0.3559322033898305,"28386,40145","40145,130948"
-1.0,-0.4130434782608695,"40146,113991","11453,40146"
-0.3333333333333333,-0.3095238095238095,"13033,124542","13033,123361"
-0.5869565217391305,0.4130434782608695,"40181,124551","40181,50969"
-0.3648648648648648,0.2162162162162162,"40189,124555","40189,140385"
0.45,0.1774193548387097,"28990,59750","28990,36058"
-0.3292682926829268,-0.3076923076923077,"40199,90653","28977,90653"
-1.0,-1.0,"40206,124573","66445,124573"
0.0660173160173159,0.4523809523809524,"37374,56816","54051,56816"
1.0,1.0,"40227,81568","81568,150225"
0.2702702702702703,-0.7297297297297297,"40285,124611","40285,165243"
1.0,1.0,"40286,105261","105261,167064"
-0.6923076923076923,0.3076923076923077,"40292,124617","40292,154281"
0.1046859421734795,0.196078431372549,"40304,102922","26141,102922"
0.4655172413793103,1.0,"40307,45858","40307,77575"
-0.5,0.2222222222222222,"30232,68954","30232,135625"
0.4354838709677419,0.2777777777777778,"40320,41093","41093,167775"
1.0,0.5925925925925926,"40326,94333","50922,94333"
-0.4736842105263157,0.3157894736842105,"40331,87401","60013,87401"
-0.3857142857142857,0.2142857142857142,"40354,60061","60061,84419"
-0.7297297297297297,0.2702702702702703,"40357,121106","76082,121106"
-0.5510204081632653,0.4489795918367347,"40364,124656","40364,129794"
0.7297297297297297,-1.0,"40463,124700","67710,124700"
1.0,1.0,"24421,29479","24007,29479"
0.5869565217391305,0.1666666666666666,"20500,40513","20500,131349"
-0.0645074224021592,0.1896214896214896,"13874,54805","13874,115963"
0.1656441717791411,-0.4651162790697674,"40539,111003","40539,133098"
0.64,-0.8133333333333334,"40546,124730","40546,70294"
0.3571428571428571,0.3571428571428571,"40550,124733","40550,71984"
0.1304347826086956,-0.1666666666666666,"20051,106691","106691,124089"
-1.0,-0.6333333333333333,"40569,119412","40569,56831"
-0.1788079470198675,0.086092715231788,"40596,84507","82237,84507"
0.2327586206896551,0.5666666666666667,"16438,40600","831,40600"
0.0046153846153846,0.1,"40617,72154","72153,72154"
-0.4655172413793103,0.3103448275862069,"40625,72298","60566,72298"
-1.0,-0.1935483870967742,"40628,46546","46546,88262"
-0.36,-0.6799999999999999,"40631,77055","45659,77055"
0.5192307692307693,0.3037974683544304,"31510,34042","31510,34882"
-1.0,-1.0,"34177,40685","34177,124685"
0.5869565217391305,1.0,"37761,124782","81968,124782"
-0.0909090909090908,0.3272727272727272,"40701,73067","40701,60713"
-0.5,0.2592592592592592,"40706,124787","40706,64505"
0.0872110038045068,0.1492537313432835,"13512,124798","13512,17187"
0.2585365853658536,0.6,"40728,77329","40728,135699"
0.3648648648648648,0.5,"40731,104862","61359,104862"
0.0365296803652968,-1.0,"40733,60793","40733,136572"
0.4153846153846154,1.0,"40737,124801","40737,77132"
0.490566037735849,-0.3137254901960784,"16170,78939","16170,83844"
0.2702702702702703,0.2702702702702703,"40745,124803","40745,104957"
-0.6428571428571429,0.3571428571428571,"40776,124818","40776,143989"
-1.0,-0.4545454545454545,"40788,114057","72683,114057"
-0.7297297297297297,0.2702702702702703,"40802,124826","40802,105367"
-0.627906976744186,0.3720930232558139,"6629,106531","68520,106531"
-0.54,0.46,"40852,124839","47972,124839"
0.7297297297297297,-0.2083333333333333,"40853,124840","23576,40853"
-0.2142857142857142,0.0952380952380952,"40857,68587","68587,89634"
-0.2727272727272727,0.1919191919191919,"40859,124843","40859,57144"
0.6923076923076923,0.1,"21636,40867","21636,105678"
-0.3354800936768149,0.2131147540983606,"40932,118517","37576,118517"
-0.6923076923076923,0.3076923076923077,"40958,90051","90051,155757"
-0.54,0.24,"40967,121820","75801,121820"
-0.4576271186440678,0.1694915254237288,"40971,124883","15378,124883"
-0.0013736263736263,0.1964285714285714,"41000,97564","97564,125745"
-0.375,0.3611111111111111,"41027,124894","42646,124894"
-0.4736842105263157,-1.0,"41043,124900","54557,124900"
-0.1792763157894736,0.2894736842105263,"41050,78922","24830,78922"
-0.6923076923076923,-0.0794044665012406,"41089,46480","46480,127839"
-0.088235294117647,0.0555555555555555,"11089,124908","11089,64592"
0.5909090909090908,0.3939393939393939,"41122,42759","42759,125792"
0.0165912518853695,0.4871794871794871,"41129,124912","41129,46251"
-0.5674731182795699,0.325,"41133,124914","84285,124914"
-0.5534188034188035,-0.2058212058212057,"19681,58921","58921,130625"
-0.4655172413793103,0.2068965517241379,"41169,58560","58560,144398"
0.3648648648648648,0.5,"41175,55717","31316,41175"
0.1192022263450834,0.0075757575757575,"41179,124930","41179,65418"
0.3178571428571429,0.3095238095238096,"41195,61805","50654,61805"
-0.3100334448160535,0.030690537084399,"29542,41196","41196,42820"
-0.2547169811320754,0.1226415094339622,"41214,124941","84564,124941"
-0.5625,-1.0,"21601,53140","53140,120898"
1.0,-0.2727272727272727,"41254,124946","41254,89352"
0.1552672955974842,0.3333333333333333,"41259,124947","14277,41259"
-0.5510204081632653,0.4489795918367347,"41279,124955","41279,50776"
-0.1597633136094674,0.1479289940828402,"41280,48551","44637,48551"
1.0,1.0,"41289,53215","53215,53216"
-0.52,-0.3692307692307692,"41303,124960","37403,124960"
-0.4736842105263157,0.1929824561403508,"41330,112636","99363,112636"
0.2288043478260869,0.0440420560747663,"28002,118716","28002,31401"
-0.1888111888111888,0.1398601398601398,"41358,114506","20014,114506"
-1.0,-1.0,"28795,43013","7609,43013"
-1.0,-0.1785714285714285,"41404,125023","41404,70652"
-0.3132530120481928,0.180722891566265,"37033,93094","37033,38309"
0.3333333333333333,-1.0,"41406,125033","41406,66038"
0.6190476190476191,-0.2558139534883721,"15605,61007","61007,68002"
-0.6666666666666666,0.3333333333333333,"10558,16209","10558,24313"
-0.4142411642411643,-0.52,"13677,37667","37667,43776"
0.0959752321981424,-0.5882352941176471,"41438,85522","41438,48784"
-0.2857142857142857,0.2527472527472527,"6262,24980","6262,58243"
0.6190476190476191,-0.2222222222222222,"24608,47162","47162,117372"
0.2921348314606741,0.6285714285714286,"38432,49239","49239,91846"
-0.2653061224489796,0.1020408163265306,"41453,67033","41453,155354"
0.0829749557298254,-0.0927419354838709,"7286,11878","2087,7286"
-0.2626262626262626,-0.898989898989899,"25237,72382","25237,139302"
0.1256038647342995,-0.16,"18287,69832","69832,79404"
0.5416666666666666,-0.1896551724137931,"18964,37668","18964,50724"
-0.7027027027027027,-0.2777777777777778,"41505,125174","28619,41505"
-0.5,0.3076923076923077,"41512,125184","41512,66367"
1.0,1.0,"41514,68612","68612,76776"
1.0,0.4594594594594595,"41519,123634","62585,123634"
1.0,-1.0,"41527,125199","102882,125199"
-1.0,-0.1492537313432835,"41533,125206","35923,41533"
-0.1656050955414012,0.0764331210191082,"16881,125215","16881,73926"
0.3513513513513513,-1.0,"31654,70461","31654,139860"
-0.3661971830985915,-0.3235294117647059,"20049,41541","9282,20049"
0.4901960784313726,-0.1004901960784313,"13518,125223","13518,145499"
-0.7222222222222222,0.2777777777777778,"35022,41551","41551,128842"
0.5555555555555556,-1.0,"41552,70901","60612,70901"
0.0517241379310344,0.1896551724137931,"41555,125234","41555,157913"
-0.325,0.175,"31205,41564","10501,41564"
1.0,1.0,"41566,119204","67920,119204"
0.6842105263157895,0.3714285714285714,"41584,41885","10681,41584"
-0.3823529411764705,-0.1309523809523809,"32903,41589","41589,96278"
0.6,0.26,"41612,125291","83992,125291"
-0.208,0.152,"32570,41619","32570,51058"
-0.40625,0.234375,"41632,125313","41632,56713"
-0.6842105263157895,0.3157894736842105,"1802,115672","1802,91167"
-0.6341463414634146,0.3658536585365853,"41653,54432","54432,70753"
-0.2260869565217391,0.0869565217391304,"23407,41658","23407,129540"
0.4761904761904761,0.3761904761904762,"41673,115836","37021,41673"
-0.1677419354838709,0.0838709677419354,"6553,41575","6553,26018"
-0.2549019607843137,0.1666666666666666,"3459,29830","29830,63014"
-0.2429906542056074,-0.3793103448275862,"41717,120239","41717,69932"
-0.6842105263157895,0.3157894736842105,"41722,52853","41722,125675"
0.3939393939393939,-0.2830188679245283,"36078,95341","66907,95341"
1.0,1.0,"41751,125390","41751,152822"
-0.011111111111111,0.5555555555555556,"39551,125391","39551,57281"
-0.2988505747126437,0.1954022988505747,"19532,125393","19532,62569"
0.2826086956521739,0.736842105263158,"15276,71037","71037,113094"
0.0605400696864111,0.1428571428571428,"1966,109407","1966,67038"
-0.52,0.2,"41813,50092","50092,109398"
-1.0,-1.0,"41820,47345","41820,105186"
0.543859649122807,0.1929824561403508,"41839,94111","94111,94842"
-0.2131147540983606,0.0901639344262295,"31730,117898","31730,94237"
0.3561643835616438,0.2090090090090089,"41876,77578","34272,77578"
-0.6666666666666666,0.3333333333333333,"41898,125472","41898,150116"
-0.52,0.48,"41909,125477","45342,125477"
-0.7027027027027027,0.2972972972972973,"41919,125480","41919,159449"
0.1546153846153846,0.1923076923076923,"41936,45369","41936,67849"
-1.0,-1.0,"41949,78526","78526,94564"
1.0,0.5384615384615384,"41956,125502","51783,125502"
-0.2549019607843137,0.1274509803921568,"41986,67487","67487,120844"
-0.6046511627906976,-0.1265822784810126,"42006,119234","42006,76459"
-0.5416666666666666,0.4583333333333333,"6565,115279","6565,21927"
-0.3109833971902938,0.2802086351782092,"30000,42061","25881,42061"
-0.4561403508771929,-0.0225988700564971,"42065,78850","42065,51689"
-0.3768115942028985,-0.5,"42087,45505","45505,57297"
-0.2795698924731182,0.1290322580645161,"42095,51944","51944,61991"
-0.5306122448979592,0.2448979591836734,"42097,60607","42097,88172"
-0.325,0.125,"42116,125580","42116,166285"
-0.3880597014925373,-0.0801804928844151,"42121,110867","42121,54129"
1.0,-1.0,"42126,125586","107470,125586"
-0.2653061224489796,0.1122448979591836,"42137,125589","42137,95428"
0.2795698924731182,-1.0,"7626,42138","7626,9753"
-0.5652173913043478,0.4347826086956521,"42147,125590","42147,132814"
0.4722222222222222,-0.4,"17937,120225","17937,71268"
-0.2407407407407407,0.1388888888888889,"42156,103907","72031,103907"
-0.325,-0.2,"42168,125599","42168,75708"
1.0,-0.5,"19207,42185","42185,104042"
0.5909090909090909,1.0,"30292,42187","42187,137904"
-0.7027027027027027,0.2972972972972973,"42207,125617","95670,125617"
0.6071428571428572,0.2142857142857142,"40643,49853","40643,57550"
-0.65,0.35,"23490,58198","49912,58198"
-0.5777777777777777,0.4222222222222222,"42260,57570","57570,134619"
-0.7222222222222222,0.2777777777777778,"42272,125637","70405,125637"
0.490566037735849,-1.0,"42279,125640","90285,125640"
0.3376623376623376,-0.3571428571428571,"42281,45706","40676,42281"
0.2184873949579832,1.0,"42328,125656","58763,125656"
-0.3561643835616438,0.1643835616438356,"42337,125661","89028,125661"
-0.5652173913043478,0.4347826086956521,"42343,78859","42343,132946"
-0.5531914893617021,0.4468085106382978,"42352,125665","42352,52308"
-0.5652173913043478,0.4347826086956521,"42353,54955","54955,132954"
1.0,-0.1037735849056603,"42356,125667","19064,125667"
-0.4642857142857143,0.2321428571428571,"42362,125670","82811,125670"
-0.65,-0.1929824561403508,"41034,110475","41034,52771"
-0.2977975632614807,0.055886736214605,"9548,42372","42372,116459"
0.6046511627906976,-0.1616161616161616,"42393,44477","28905,42393"
0.8364779874213837,0.0691823899371069,"42398,116682","42398,90089"
0.4468085106382978,0.4468085106382978,"42422,52390","52390,131473"
-0.6388888888888888,-1.0,"42443,60986","42443,136650"
-0.0200722601364913,0.2093617021276595,"40830,47941","46403,47941"
0.4044166117336849,0.2972972972972973,"42473,72819","42473,130090"
0.4512820512820512,0.2923076923076923,"42483,58423","58423,61914"
-0.4406779661016949,0.1694915254237288,"8464,89727","8464,64695"
0.0730337078651685,1.0,"42485,45962","14853,42485"
-0.4727272727272727,0.2363636363636363,"38184,125713","21537,38184"
-0.4333333333333333,0.1666666666666666,"42506,122533","62415,122533"
-0.490566037735849,-1.0,"42513,125721","42513,136561"
0.6341463414634146,1.0,"42539,61196","42539,131535"
-0.4814814814814814,0.2592592592592592,"42590,79341","34801,42590"
0.7657657657657657,0.1441441441441441,"42610,117366","64971,117366"
-0.5098039215686274,-1.0,"15045,116718","38959,116718"
0.6842105263157895,0.5185185185185185,"42684,65659","42684,77936"
-0.1416666666666666,0.25,"7144,42720","42720,78687"
-0.2321428571428571,0.1607142857142857,"42739,69205","29523,69205"
0.2241379310344827,-1.0,"42743,120404","42743,133124"
-0.65,0.35,"42744,125788","78636,125788"
0.52,1.0,"16488,112656","16488,26287"
-0.2356150793650793,0.1016815967311016,"17935,125802","44475,125802"
0.1635220125786163,-0.1875,"42791,109058","42791,71012"
-0.4642857142857143,-1.0,"36900,79117","36900,67346"
-0.0795107033639143,-0.2857142857142857,"18961,42874","18961,91353"
-0.2184873949579832,0.1428571428571428,"42887,121450","65633,121450"
-0.2738095238095238,0.1347270615563298,"42899,125842","22709,125842"
0.6153846153846154,0.2732793522267207,"42916,46466","44653,46466"
0.2344322344322344,0.2344322344322345,"42917,46467","42918,46467"
0.2,0.45,"42935,125851","42935,108507"
0.0958291956305859,-0.2448979591836734,"30837,112511","30837,67521"
-0.4385964912280701,0.2807017543859649,"43017,63091","63091,139245"
-0.7524752475247525,-0.4583333333333333,"37035,74955","74955,80777"
-0.4545454545454545,0.2727272727272727,"9927,57758","9927,30445"
-0.5555555555555556,0.0490956072351421,"29065,49982","21017,29065"
-0.1256281407035175,0.100502512562814,"14180,64899","14180,25731"
-0.6756756756756757,-0.1847826086956521,"43070,64061","30060,64061"
-0.4629629629629629,-0.24,"16929,59132","54170,59132"
-0.3787878787878788,0.2727272727272727,"43076,59136","59136,135268"
0.4032258064516129,0.56,"43085,78246","78246,130230"
-0.0434782608695651,-1.0,"43087,64699","43087,99673"
-0.1506024096385542,-0.4468085106382978,"28078,107909","28078,125156"
-0.3289473684210526,-0.6153846153846154,"25903,126036","25903,49281"
-0.3036020583190394,0.3636363636363636,"25493,43127","43127,72490"
0.7142857142857143,0.5,"9077,57960","57960,84380"
0.5150375939849625,0.3571428571428571,"43141,43825","43824,43825"
-1.0,-1.0,"43148,126083","43148,53576"
0.25,-1.0,"17941,43151","43151,160851"
-0.4807692307692308,0.2307692307692307,"43154,85872","85872,152796"
-0.1068376068376068,-0.4871794871794871,"43177,126122","43177,130696"
-0.6097560975609756,-0.3125,"43187,121372","43187,70584"
-0.2252252252252252,0.1171171171171171,"18659,31386","31386,49117"
1.0,-1.0,"28542,43192","43192,167779"
1.0,-0.4583333333333333,"43195,126145","92832,126145"
0.9157303370786516,0.0617977528089887,"23439,98815","98815,161386"
0.178932178932179,-0.3795518207282913,"4940,33416","4940,56675"
-1.0,-1.0,"12978,37339","37339,37340"
-0.6794871794871795,-0.5483870967741935,"43224,62730","43224,62729"
-1.0,-1.0,"43226,126182","43226,114382"
-0.6944444444444444,0.3055555555555556,"43254,126204","43254,93083"
-0.0505001923816852,-1.0,"7621,57397","57397,102072"
0.3787878787878788,-0.5,"34934,95987","95987,111333"
-0.6578947368421053,-1.0,"11033,126224","11033,22469"
0.4716981132075472,-1.0,"34785,43279","43279,153403"
0.1772030651340995,0.0184729064039408,"43281,75296","70695,75296"
0.0683060109289617,-0.1136363636363636,"947,126236","35794,126236"
-0.5102040816326531,-0.7346938775510203,"43307,126242","43307,134726"
-1.0,-1.0,"43332,47695","47695,129339"
-0.5102040816326531,-1.0,"43334,95173","95173,159916"
-0.4347826086956522,-0.3555555555555555,"33327,43339","33327,59604"
0.2631578947368421,-0.1785714285714285,"43346,126268","19151,126268"
0.0491143317230273,0.2391304347826087,"15963,67133","31292,67133"
0.6410256410256411,1.0,"28387,43358","43358,51433"
-0.1968503937007874,0.0866141732283464,"10329,28583","10329,143101"
-0.4310344827586206,-0.2006269592476488,"43361,57722","43361,132389"
-0.390625,0.234375,"43372,126289","43372,142985"
0.3968253968253968,1.0,"41363,59752","59752,132444"
-0.4545454545454545,0.2363636363636363,"35091,39001","39001,126644"
-0.5319148936170213,0.4680851063829787,"43451,126331","43451,49294"
-0.373134328358209,-1.0,"23291,126346","23291,113580"
1.0,1.0,"43472,126347","105130,126347"
0.4385964912280701,1.0,"43509,126376","100070,126376"
-0.3164556962025316,0.2784810126582278,"43520,126387","43520,49386"
-0.2604166666666667,0.1354166666666666,"43525,126392","43525,79778"
0.6410256410256411,1.0,"43557,76094","43557,96048"
-0.1865671641791045,0.0895522388059701,"41784,111195","81017,111195"
0.1485507246376811,0.2,"18049,87438","87438,138362"
-0.6944444444444444,0.3055555555555556,"43604,126435","43604,159467"
-0.5555555555555556,0.4444444444444444,"43616,126440","43616,54300"
0.4098360655737705,1.0,"43622,126444","60493,126444"
0.250210970464135,0.1265822784810126,"14784,43627","14784,87586"
-0.2212389380530973,0.0884955752212389,"18200,126447","18200,76796"
-0.5681818181818182,0.4318181818181818,"43638,57113","27704,57113"
-0.3424657534246575,-0.5833333333333334,"43650,126452","43650,147394"
-0.3846153846153846,0.2769230769230769,"43695,54700","54700,123206"
-0.3086419753086419,0.1851851851851851,"43713,111683","26001,111683"
0.2403846153846154,0.1886792452830188,"14564,126493","9667,126493"
-0.7142857142857143,0.2857142857142857,"43743,126505","43743,103562"
0.2066115702479339,-0.5588235294117647,"43745,121182","13450,121182"
-0.6944444444444444,0.3055555555555556,"43785,126523","43785,95371"
-0.7142857142857143,0.2857142857142857,"43795,126527","103803,126527"
-0.3012048192771084,0.1566265060240964,"43830,126546","43830,117133"
0.6944444444444444,-0.6944444444444444,"43912,44534","44534,126760"
-0.6944444444444444,0.3055555555555556,"43924,95966","95966,160352"
-0.25,0.12,"43939,82542","82542,155278"
1.0,0.3333333333333333,"11205,112094","11205,116164"
-0.4545454545454545,0.3636363636363636,"43999,54962","54962,54994"
-0.1838235294117647,-0.8823529411764706,"44021,126616","44021,59191"
0.5952380952380952,-0.5,"44029,64415","44029,89226"
-0.5813953488372093,0.4186046511627907,"44034,126621","60886,126621"
-0.2840909090909091,0.1136363636363636,"44067,114789","17620,114789"
-0.2777777777777777,-1.0,"44081,52426","44081,111058"
0.0383830134748877,0.1645569620253164,"25749,44082","25749,151017"
0.3243243243243243,-0.5714285714285714,"44113,126646","44113,89478"
-0.4629629629629629,0.3333333333333333,"44115,61018","61018,136663"
-0.4142857142857143,0.2857142857142857,"44122,126649","25212,44122"
0.250210970464135,0.1392405063291139,"15368,44128","15368,93036"
-0.4716981132075472,0.2264150943396226,"44134,126654","44134,89555"
-0.5,0.28,"44172,126661","77865,126661"
-0.4098360655737705,-1.0,"44186,119671","2860,119671"
0.1453488372093023,-0.1904761904761904,"21586,44193","21586,26662"
-0.1655629139072847,0.1456953642384106,"44210,112441","44210,50267"
-0.4464285714285714,0.1785714285714285,"44262,52648","52648,106238"
0.390625,0.5,"44277,126686","44277,135174"
0.6097560975609756,1.0,"44284,90324","36722,44284"
-0.2688172043010752,0.2688172043010752,"44313,124891","44314,124891"
0.047594050743657,0.1889763779527559,"44328,44329","44329,46111"
-1.0,-1.0,"44341,126705","44341,69023"
0.4897959183673469,0.2653061224489796,"44378,122185","44378,83961"
-0.7142857142857143,0.2857142857142857,"44407,126723","86544,126723"
-0.3048780487804878,-0.7317073170731707,"44409,126724","44409,50510"
0.6551724137931034,0.6551724137931034,"44430,126730","44430,133859"
-0.625,-0.1341463414634146,"44508,115204","27160,115204"
0.5172413793103448,0.0410509031198687,"44518,73863","73863,98599"
0.4032258064516129,1.0,"42819,44529","44529,53042"
1.0,-0.5454545454545454,"44531,126758","44531,104377"
1.0,1.0,"44585,58716","58716,111641"
0.34375,0.34375,"44592,122428","44592,97201"
-1.0,-0.3703703703703703,"6506,113422","107548,113422"
0.1872222222222222,0.1866666666666666,"13768,116975","13768,76913"
-0.1479289940828402,0.059171597633136,"6404,10898","6404,108712"
1.0,-1.0,"44731,126802","44731,67404"
0.4807692307692308,-0.5652173913043478,"44739,126803","44739,62967"
-0.4716981132075472,0.320754716981132,"44751,115283","65964,115283"
1.0,-1.0,"44755,126805","44755,100315"
-0.3623188405797101,0.3043478260869565,"44763,126806","53375,126806"
-0.1935151827071539,-1.0,"44774,63764","63764,75971"
-0.3582089552238806,-0.0466417910447761,"44783,126848","43027,44783"
-0.3870967741935484,0.2741935483870967,"30596,50994","50994,108787"
0.3142857142857143,0.3142857142857143,"44785,126857","44785,92098"
0.0176767676767676,-0.5238095238095238,"18758,113525","92740,113525"
-1.0,-0.0655737704918032,"5723,44802","44802,110204"
-0.2580645161290322,0.2043010752688172,"20748,22894","20748,54648"
-0.6857142857142857,0.3142857142857143,"44822,126916","44822,157016"
-0.5106382978723404,0.4893617021276595,"44824,46667","46667,128010"
0.5217391304347826,0.5217391304347826,"44826,126920","44826,151944"
0.4174208144796381,-0.6551724137931034,"44837,57386","57386,134517"
-0.4363636363636363,-0.4827586206896552,"44838,124413","44838,72797"
0.4285714285714286,0.4285714285714285,"44844,126952","44844,135306"
1.0,1.0,"44512,44849","44512,149333"
1.0,-1.0,"44851,126969","79890,126969"
0.5932203389830508,-0.4444444444444444,"44867,126989","44867,108277"
0.8554216867469879,-0.5,"8146,38749","8146,114698"
-1.0,-0.4693877551020408,"26616,44873","26616,35852"
-0.2181004157339303,-0.3034705407586764,"44879,53095","44879,123598"
1.0,1.0,"44891,127013","67163,127013"
0.079185520361991,-1.0,"22157,25053","25053,80109"
1.0,1.0,"12051,49449","12051,20419"
-0.5217391304347826,0.4782608695652174,"44911,48912","48912,129342"
0.5454545454545454,-0.6,"23981,100580","23981,144491"
0.6666666666666666,1.0,"44919,105615","105615,141592"
-0.0323774283071229,0.2765957446808511,"44925,127052","44925,148874"
-0.3312593330014932,-0.2765957446808511,"1479,4370","4370,31448"
-0.6666666666666666,0.3333333333333333,"44933,95303","44933,85984"
-0.4444444444444444,0.2777777777777778,"7372,127063","7372,142482"
0.2201834862385321,-0.1549295774647887,"28880,127065","53627,127065"
-0.48,-1.0,"44939,127072","44939,167047"
0.736842105263158,-0.8245614035087719,"44944,119474","70044,119474"
0.6857142857142857,-0.5238095238095238,"15499,127084","65880,127084"
0.4705882352941176,0.1698113207547169,"32535,44959","32535,43919"
-0.7894736842105263,-0.2,"21656,50756","21656,55697"
1.0,0.7380952380952381,"44967,127102","78754,127102"
0.3582089552238806,0.5,"11711,19638","19638,37713"
-0.3625,0.4,"27427,44976","13970,44976"
1.0,-1.0,"44989,127128","105819,127128"
-0.5853658536585366,0.4146341463414634,"44996,127134","44996,62762"
0.7058823529411765,-1.0,"45004,127138","93320,127138"
-0.2962962962962963,0.1481481481481481,"45006,66578","66578,135228"
0.7058823529411765,0.3225806451612903,"45007,101147","95085,101147"
-0.3870967741935484,-1.0,"45016,88038","45016,100104"
0.7058823529411765,1.0,"45029,59525","59525,66632"
-0.5106382978723404,0.2340425531914893,"45072,127214","45072,158488"
0.8471337579617835,0.0828025477707006,"12608,28353","12608,47508"
1.0,0.4782608695652174,"45084,123926","47498,123926"
1.0,1.0,"13818,59617","59617,123026"
0.7058823529411765,1.0,"45093,101484","101484,135755"
0.5333333333333333,-0.1030927835051546,"25309,127266","32633,127266"
-1.0,-1.0,"45139,127284","45139,131006"
0.6666666666666666,0.6206896551724138,"45177,49283","49283,49570"
0.4813813813813814,0.0648648648648648,"11006,76280","11006,97360"
-0.6857142857142857,0.3142857142857143,"45192,127323","45192,93886"
-0.5,0.2708333333333333,"45193,51631","51631,95138"
0.3002364066193854,0.2340425531914893,"17075,45212","17075,49328"
0.174463401210787,0.2151898734177215,"42388,47843","47843,96441"
0.236228595007221,0.0381679389312977,"45229,116006","45229,115353"
-0.6486486486486487,0.3513513513513513,"45241,127356","45241,149942"
-0.2448979591836734,-0.6470588235294118,"24386,44247","24386,49175"
-0.3076923076923077,0.141025641025641,"3781,4799","4799,146327"
0.3116883116883117,1.0,"10035,15365","15365,122923"
-0.6666666666666666,0.3333333333333333,"45261,87220","87220,154288"
0.3477951635846372,0.2567567567567567,"38002,127376","43875,127376"
-0.1406810035842294,0.4722222222222222,"45276,63527","57480,63527"
-0.1417004048582996,-0.2439560439560439,"45277,127381","45277,54186"
0.0322447292269532,-0.3457627118644067,"45278,51648","51648,54185"
-0.5106382978723404,0.0152925531914893,"17575,37990","12525,17575"
-0.6857142857142857,0.3142857142857143,"45281,127382","94203,127382"
-1.0,-1.0,"45291,127386","74708,127386"
0.2941176470588235,0.2941176470588235,"45315,127395","45315,102439"
-0.4067796610169492,-0.4722222222222222,"45333,127404","45333,57029"
1.0,1.0,"45359,127421","45359,94183"
-0.1983471074380165,0.1652892561983471,"18388,61819","18388,51151"
0.5853658536585366,-0.4166666666666667,"45377,114455","105392,114455"
0.2457142857142857,0.2334693877551021,"45384,61080","45384,136685"
-0.4615384615384615,0.2115384615384615,"45393,127444","45393,94640"
-0.3037974683544304,0.1772151898734177,"45394,127445","45394,146656"
0.3934426229508196,1.0,"11429,16272","16272,46377"
-1.0,-0.1969696969696969,"45411,127455","20411,45411"
-0.5,0.2916666666666667,"45426,127458","45426,146712"
0.4666666666666667,0.2222222222222222,"45439,127462","45439,165900"
-0.2962962962962963,0.1975308641975308,"7760,45499","7760,67675"
-0.5333333333333333,0.4666666666666667,"45517,127522","45517,131287"
0.375,-1.0,"45521,127524","25187,127524"
-1.0,-1.0,"45524,127528","103644,127528"
1.0,0.4166666666666667,"42502,45530","15191,45530"
0.6857142857142857,-1.0,"45544,95336","45544,74285"
0.8344827586206897,-0.1684729064039408,"21434,45559","21434,57766"
-0.0563530911932869,0.0683229813664596,"40994,104776","40994,95421"
-0.1778169014084507,0.25,"45572,118307","45572,53330"
0.6857142857142857,0.2702702702702703,"45575,124935","70516,124935"
-0.2727272727272727,0.2045454545454545,"8027,127558","8027,38272"
-0.2105263157894736,-0.5217391304347826,"45633,57491","57491,84637"
1.0,0.2019230769230769,"19302,23694","19302,33562"
0.6857142857142857,0.4285714285714285,"45647,127575","46374,127575"
-0.3478260869565217,0.2753623188405797,"45664,68015","45664,57544"
-0.3934426229508196,0.3770491803278688,"45677,127595","45677,47693"
-0.5217391304347826,-1.0,"45690,127606","45690,105815"
-0.4597701149425287,-0.2857142857142857,"45708,96498","45708,63351"
1.0,-1.0,"45709,127618","65436,127618"
-0.7037037037037037,-0.6071428571428571,"14399,127619","30287,127619"
-0.2725274725274725,0.3846153846153846,"7211,121393","50049,121393"
-0.7058823529411765,0.2941176470588235,"45739,127627","104673,127627"
-0.4897959183673469,-0.1462585034013605,"39522,45803","36769,39522"
-1.0,-1.0,"41763,127657","103697,127657"
1.0,1.0,"45835,115019","45835,148688"
-0.625,-0.5833333333333334,"45842,55033","45842,52371"
-0.2696629213483146,0.2584269662921348,"2302,26289","26289,109276"
-0.7058823529411765,0.2941176470588235,"45877,127675","105312,127675"
-0.2424242424242424,-0.21424774056353,"45878,50262","50262,83419"
0.4210526315789473,0.1325301204819277,"33062,57840","57840,128890"
-0.6486486486486487,0.3513513513513513,"45893,127680","83120,127680"
-0.5454545454545454,0.4545454545454545,"45905,127682","55125,127682"
0.5217391304347826,0.6,"45908,127688","61004,127688"
-0.2926829268292683,0.1341463414634146,"45916,52460","52460,160712"
0.1883116883116882,-0.0087108013937282,"45930,72801","68525,72801"
0.5106382978723404,0.1818181818181818,"45954,55167","55167,105596"
-0.4285714285714285,0.1785714285714285,"45958,127705","45958,67456"
-0.5,0.2916666666666667,"45972,77861","77861,123319"
-0.5106382978723404,0.2553191489361702,"45993,89762","36818,89762"
-0.2376237623762376,-0.4444444444444444,"46052,90568","90568,144282"
1.0,0.2957746478873239,"6972,107288","6972,51559"
-0.6486486486486487,0.3513513513513513,"46060,127735","83658,127735"
0.631578947368421,0.2516746411483254,"46061,46356","46061,53174"
-0.2891566265060241,-1.0,"46078,114260","62884,114260"
-1.0,-0.4782608695652174,"46099,127744","46099,90237"
-0.4615384615384615,0.3461538461538461,"31424,127745","31424,50495"
-0.5853658536585366,0.4146341463414634,"46131,127764","65091,127764"
-0.3478260869565217,0.1594202898550724,"25048,46143","25048,97837"
-0.1101871101871102,-0.0425880425880425,"46153,127769","46153,133173"
-0.4705882352941176,0.076593137254902,"46162,50737","50737,57621"
0.32,0.3720930232558139,"32900,50591","32900,119421"
-0.6857142857142857,0.3142857142857143,"46193,119559","98106,119559"
1.0,1.0,"46199,127780","78194,127780"
-0.3756613756613757,-0.2,"23775,107159","82653,107159"
-0.631578947368421,0.3684210526315789,"46232,127789","78679,127789"
-0.7058823529411765,0.2941176470588235,"46268,127797","107386,127797"
-0.5853658536585366,0.4146341463414634,"46310,127804","65427,127804"
0.6486486486486487,1.0,"46324,58623","48435,58623"
-0.1194968553459119,0.2452830188679245,"46325,46326","46325,55751"
-0.3116883116883117,0.1818181818181818,"33246,114581","56828,114581"
-0.6486486486486487,0.3513513513513513,"46412,84797","46412,151541"
-0.4285714285714285,0.2321428571428571,"46418,126541","84818,126541"
-0.7058823529411765,0.2941176470588235,"46425,127827","108149,127827"
1.0,-1.0,"46426,127828","59552,127828"
-1.0,-0.65625,"46465,48575","46465,53218"
0.5106382978723404,-0.3777777777777777,"23879,46521","46521,96666"
-0.6666666666666666,0.3333333333333333,"6792,114145","18623,114145"
1.0,-0.1602564102564102,"27472,53362","27472,116277"
0.696969696969697,-1.0,"40296,57915","56119,57915"
-0.396551724137931,0.2068965517241379,"37422,57663","37422,82710"
0.396551724137931,1.0,"46612,127919","73290,127919"
-1.0,-1.0,"36827,127920","24259,36827"
0.4791666666666667,-0.16,"46621,47349","47349,56144"
1.0,-1.0,"46638,101254","101254,164242"
0.0216300940438871,0.2241379310344827,"33479,48827","48827,79897"
1.0,-0.34375,"3060,21387","3060,25158"
0.3947368421052631,0.3947368421052631,"46650,69771","16487,46650"
0.696969696969697,-0.2424242424242424,"46651,59382","20784,59382"
-0.6764705882352942,0.3235294117647059,"46654,128001","46654,156976"
0.5111111111111111,0.4666666666666667,"46657,75011","75011,145431"
-0.3333333333333333,0.2028985507246377,"30965,59399","30965,84073"
-0.2771084337349397,0.2650602409638554,"46664,128009","46664,129188"
-0.2987012987012987,-0.8181818181818181,"34988,125484","34988,125482"
0.4772727272727273,0.2272727272727272,"46679,128022","46679,162569"
-0.3285714285714285,0.2142857142857142,"46686,128027","41844,46686"
-0.2875,-0.1410714285714285,"13595,35959","13595,101161"
0.5897435897435898,-1.0,"20243,63688","13837,63688"
-0.5227272727272727,0.4772727272727273,"46691,64188","46691,116245"
-0.3432835820895522,0.2388059701492537,"46692,51455","46692,102420"
0.7415730337078652,0.1235955056179775,"26964,40642","26964,92346"
1.0,0.5,"32485,46702","46702,104292"
-1.0,-1.0,"31743,128102","31743,56166"
-0.5227272727272727,0.4772727272727273,"46749,128108","46749,130606"
-0.2346938775510204,0.2040816326530612,"10217,128115","10217,119409"
-0.696969696969697,0.303030303030303,"46756,128117","46756,163101"
0.6891891891891893,-0.7027027027027026,"4156,46757","46757,48032"
1.0,0.3529411764705882,"46767,128127","46767,151818"
-1.0,-0.2954545454545454,"46784,128146","46784,85931"
-0.2129629629629629,0.1944444444444444,"21762,128162","21762,109733"
1.0,1.0,"33744,34108","33744,82938"
0.6764705882352942,0.4782608695652174,"707,46803","46803,92420"
-1.0,-0.3636363636363636,"46826,128182","46826,85427"
-0.5111111111111111,0.3164750957854406,"46828,78208","30959,46828"
-0.1024955436720142,-0.2763157894736842,"46832,109965","18661,46832"
-0.4107142857142857,0.3214285714285714,"46838,70515","59359,70515"
0.1031746031746032,-0.1886792452830188,"46839,108890","69968,108890"
-0.5476190476190477,0.4523809523809524,"46842,128191","46842,133836"
-0.2323232323232323,0.2323232323232323,"46845,128194","46845,128195"
-0.396551724137931,0.3448275862068966,"46852,53689","53689,132198"
-0.6111111111111112,-1.0,"42649,49022","42649,80346"
-0.365079365079365,0.2222222222222222,"46870,128213","46870,145652"
-0.5111111111111111,0.2666666666666666,"20316,86297","86297,153338"
-0.2804878048780488,-0.3428571428571428,"46945,98965","46945,154510"
0.3611111111111111,0.3611111111111111,"38843,102448","38843,71360"
0.1916666666666666,0.2,"30654,46960","35984,46960"
0.75,0.35,"46983,128315","38849,128315"
0.3833333333333333,-1.0,"46989,128318","21544,128318"
-1.0,-0.196078431372549,"46997,122339","35939,46997"
-0.2446808510638297,-0.5161290322580645,"47017,128331","47017,136241"
0.6933333333333334,0.2666666666666666,"47044,111955","36198,47044"
0.1617086193745232,0.4035087719298245,"26426,35511","26426,123365"
0.1631205673758865,-0.2333333333333333,"26021,82925","76165,82925"
0.0604395604395604,0.0892857142857142,"19704,47070","19704,53828"
-0.6216216216216216,0.3783783783783784,"47072,83197","47072,146195"
-0.2371134020618556,0.1546391752577319,"35688,84920","35688,71017"
0.6571428571428571,-0.3548387096774194,"47083,60105","47083,60072"
-0.5348837209302325,-0.5348837209302326,"47089,128388","47089,54011"
0.5740740740740741,0.1851851851851851,"47096,82619","82619,140030"
0.4545454545454546,0.4545454545454545,"32667,61925","61925,70775"
-0.4842037395228885,-0.246969696969697,"37547,54034","37547,40426"
-0.1666666666666666,-0.4217391304347826,"47135,60456","47135,122505"
0.0816666666666666,-0.5,"44486,47144","44486,88993"
-0.7272727272727273,-1.0,"47254,122795","101206,122795"
-0.6216216216216216,0.3783783783783784,"47270,128487","47270,113936"
-0.3770491803278688,0.2295081967213114,"47287,64488","56174,64488"
0.2207792207792208,0.5238095238095238,"27739,37842","37842,102508"
-0.4893617021276595,0.2127659574468085,"47306,95642","21929,47306"
-0.6571428571428571,-0.2261904761904762,"47312,58590","58590,131657"
-0.3484848484848485,-0.0947775628626692,"14076,128532","14076,57779"
-0.696969696969697,0.303030303030303,"47346,128537","102699,128537"
0.0782828282828282,0.5555555555555556,"47355,71493","71493,109212"
0.2035398230088495,-0.3125,"47356,95375","54315,95375"
0.696969696969697,-0.5483870967741935,"2096,40558","2096,128664"
0.3235294117647058,0.3235294117647059,"47363,128542","47363,94555"
-1.0,-0.5238095238095238,"47366,47367","47367,115959"
0.4791666666666667,-0.1341463414634146,"37571,46319","3884,46319"
-1.0,-1.0,"47390,128562","47390,86114"
0.3844155844155844,-1.0,"47391,128563","25415,128563"
-0.4791666666666667,0.2916666666666667,"6451,47394","47394,146663"
0.365079365079365,-0.087248322147651,"47424,128579","34331,128579"
1.0,0.238095238095238,"47467,128608","55516,128608"
-0.2674418604651162,0.1976744186046511,"47470,128609","47470,138427"
1.0,-1.0,"47480,110345","16960,110345"
-0.6764705882352942,0.3235294117647059,"47537,95312","95312,131325"
-0.6216216216216216,0.1887232059645853,"18198,38160","3085,18198"
-0.6764705882352942,-0.2448979591836734,"47561,58292","52009,58292"
-0.0334894613583138,0.0300492610837438,"43872,65826","36099,65826"
-0.3484848484848485,0.2727272727272727,"47581,52028","47581,136406"
-0.6216216216216216,0.3783783783783784,"47592,128674","76845,128674"
-0.4791666666666667,-0.7291666666666667,"3197,46460","3197,30320"
-0.2414965986394557,0.5238095238095238,"47601,118042","95507,118042"
0.425,0.425,"47605,128685","47605,64001"
0.1455696202531645,0.0101010101010101,"32923,72108","72108,105529"
-0.5476190476190477,0.4523809523809524,"47634,128695","47634,134565"
-1.0,-0.2295081967213114,"47637,120990","28809,47637"
0.2321428571428572,0.1785714285714285,"47657,82319","82319,136337"
-0.4181818181818181,-0.3888888888888889,"47678,121352","77057,121352"
-1.0,-1.0,"47731,128722","47731,139218"
-0.6052631578947368,0.3947368421052631,"47742,72360","72360,143871"
1.0,-1.0,"47776,128744","47776,155313"
0.5740740740740741,0.3333333333333333,"47782,82699","60765,82699"
-0.1345229924502402,0.2765957446808511,"47784,128748","72056,128748"
-0.396551724137931,0.3448275862068966,"47796,120147","47796,54929"
0.2277227722772277,-1.0,"3618,47812","47812,74243"
-0.3093167701863354,-0.0619047619047619,"18899,124796","62776,124796"
-0.5111111111111111,-0.5111111111111111,"47838,50043","50043,130038"
-0.1811023622047244,-0.2612741589119542,"47848,110321","82919,110321"
1.0,1.0,"47854,128783","47854,95063"
0.4259259259259259,-0.4615384615384615,"47899,52429","47899,89405"
-0.3770491803278688,-0.7868852459016393,"44099,47916","44099,60258"
-0.2948717948717949,0.2948717948717949,"47942,105506","47943,105506"
-0.4881287726358149,0.3428571428571428,"32459,84827","59777,84827"
-0.4039313399778516,-0.5348837209302326,"26915,120810","24177,120810"
-0.5609756097560976,0.4390243902439024,"47978,61084","61084,136688"
-0.696969696969697,0.303030303030303,"48055,105982","105982,167372"
-0.1554054054054054,0.0743243243243243,"48074,106066","48074,135744"
0.396551724137931,-0.4117647058823529,"48075,128838","48075,51093"
0.5740740740740741,0.2407407407407407,"48078,128839","83519,128839"
-0.3898305084745763,0.1864406779661017,"48085,83548","51955,83548"
0.3235294117647058,0.3235294117647059,"25592,128843","36939,128843"
0.4693877551020408,1.0,"48108,128849","48108,97173"
-0.3432835820895522,0.2388059701492537,"48129,123636","48129,68852"
0.7676767676767677,0.1313131313131313,"48131,50361","50361,151234"
-0.25,0.1413043478260869,"48134,90106","34154,90106"
-0.1916666666666666,-0.24,"27927,73220","28289,73220"
-0.3432835820895522,0.1641791044776119,"48164,128860","97549,128860"
-0.0261941448382126,0.2033898305084746,"46086,128861","46086,90212"
0.2323232323232323,-0.3243243243243243,"48206,61440","48206,70447"
-0.4423076923076923,0.25,"29600,108503","29600,83853"
0.6666666666666667,0.3555555555555555,"48216,128885","48216,141455"
0.4693877551020408,-0.5,"13362,117791","13362,64298"
-0.2421052631578947,0.2210526315789473,"48242,128894","52802,128894"
-0.6388888888888888,-1.0,"48265,106917","106917,128247"
0.696969696969697,-0.1621621621621621,"48279,128904","48279,69847"
-0.25,0.1304347826086956,"21123,98047","32214,98047"
1.0,1.0,"48297,128907","48297,163442"
0.2948717948717949,1.0,"15163,58426","58426,73584"
-0.3285714285714285,0.1571428571428571,"48314,128911","48314,161199"
0.5384615384615384,-0.4615384615384615,"23655,84238","23655,115947"
-0.7222222222222222,-1.0,"48315,120596","68927,120596"
-1.0,-1.0,"48342,128919","101611,128919"
0.25,1.0,"48354,122090","48354,73704"
-1.0,-1.0,"48367,65350","48367,112218"
-0.0597643097643097,0.25,"48250,109378","48250,65140"
0.6571428571428571,0.4242424242424242,"7937,21700","21700,147363"
-0.0318388564002599,0.3138119866139336,"48401,50850","12368,48401"
-1.0,-1.0,"35476,116785","27124,116785"
-0.3108108108108108,0.1351351351351351,"12278,117704","60513,117704"
-0.3345622119815668,-0.2115384615384615,"48452,128947","36861,128947"
0.3333333333333333,0.1475409836065573,"22307,23241","22307,30408"
0.323943661971831,0.275,"48492,128955","98839,128955"
-0.3235294117647058,-0.4545454545454545,"48498,98873","48498,85644"
-0.3484848484848485,-1.0,"48518,128963","48518,91352"
1.0,0.3529411764705882,"37018,91960","37018,99716"
-0.3770491803278688,0.2131147540983606,"48546,128976","84879,128976"
0.3611111111111111,0.3611111111111111,"48559,128980","84908,128980"
-0.696969696969697,0.303030303030303,"20719,65731","20719,32352"
0.3377118644067796,0.1864406779661017,"48562,50787","50787,89497"
-1.0,-0.0735294117647058,"48589,128990","1070,48589"
-0.0688622754491018,-0.4183172117303854,"48643,109312","48644,109312"
-0.46,-0.13,"31432,58975","58975,83314"
-1.0,-1.0,"48714,53389","48714,66014"
-0.4313725490196078,0.2549019607843137,"48717,129054","48717,147959"
-0.0528138528138527,0.3714285714285714,"15728,85055","15728,95301"
-0.1679389312977099,-0.3508771929824561,"8299,41610","8299,125632"
-0.4150943396226415,0.2830188679245283,"48749,129111","39399,48749"
0.4054054054054054,0.4054054054054054,"44759,48766","48766,141990"
-1.0,-0.4,"18064,22456","18064,64594"
-0.5945945945945946,0.4054054054054054,"48772,129142","48772,142004"
-0.2220843672456575,0.4230769230769231,"48774,92199","92199,111080"
-0.282051282051282,0.1794871794871795,"6603,129148","6603,64234"
0.5641025641025641,0.144578313253012,"21016,24855","21016,28156"
-0.34375,0.328125,"48778,67744","48778,67745"
-0.3025806451612903,0.52,"10542,78592","78592,90642"
-0.3859649122807017,-1.0,"48798,129187","48798,92260"
-0.5365853658536586,-0.096,"48812,121017","32995,48812"
-0.2972972972972973,-0.8648648648648649,"26650,48824","48824,68653"
0.1176470588235294,0.3846153846153846,"21232,66198","66198,116863"
1.0,1.0,"48836,53512","53512,131976"
-0.6666666666666666,-0.2941176470588235,"48840,84375","41970,48840"
0.6071428571428572,0.2678571428571428,"48842,129252","48842,142218"
-0.44,0.2,"48844,129254","48844,162794"
-0.5238095238095238,0.4761904761904761,"48862,129282","48862,58130"
-0.4983108108108108,-0.6875,"48872,124335","65849,124335"
0.0895238095238095,-0.33875,"28097,70986","28097,62336"
-0.5789473684210527,0.4210526315789473,"48885,129313","48885,139701"
-0.6285714285714286,-0.6285714285714286,"48902,80098","80098,148788"
-1.0,-1.0,"22425,35046","35046,137054"
-0.5365853658536586,-0.5365853658536586,"48914,129344","48914,133723"
1.0,1.0,"48915,129348","108139,129348"
-0.6285714285714286,-0.6285714285714286,"48918,129351","48918,148818"
0.1809523809523809,-1.0,"19044,60560","60560,114283"
0.3289473684210526,0.375,"48926,70411","70411,119665"
-1.0,-1.0,"48930,129364","48930,53605"
-0.1428571428571428,0.1038961038961039,"43180,129386","43180,139827"
-0.4,0.2181818181818181,"48961,129394","48961,49502"
1.0,1.0,"20536,25555","25555,135541"
0.1779279279279279,0.5833333333333334,"6065,48997","48997,75131"
-0.6470588235294118,0.3529411764705882,"49001,129443","49001,80307"
-0.3728813559322034,0.288135593220339,"12559,110932","12559,112789"
0.2365591397849462,0.0728476821192053,"14014,14015","14015,78964"
-0.4888888888888889,-0.5384615384615384,"23935,43300","43300,89532"
-0.3492063492063492,-0.8412698412698413,"24862,49036","49036,123521"
1.0,1.0,"11425,44482","11425,115813"
0.4150943396226415,-0.2545454545454545,"40295,49048","49048,66106"
-0.6666666666666666,0.3333333333333333,"49051,129491","49051,158179"
-1.0,-0.6153846153846154,"49056,129494","49056,104040"
0.099304865938431,0.0737874097007224,"45018,49070","22310,49070"
-0.1139896373056994,0.0880829015544041,"7520,129503","7520,20802"
-1.0,-1.0,"49089,129516","49089,141979"
1.0,1.0,"49099,102402","102402,165415"
-0.6111111111111112,0.3888888888888889,"49100,129532","75317,129532"
-0.3283582089552239,-0.4583333333333333,"23404,49123","23404,50981"
0.1039480259870064,0.3188405797101449,"43365,114126","34838,114126"
-0.2156862745098039,-0.141025641025641,"3955,129556","3955,40748"
0.6470588235294118,0.5,"22940,48851","48851,86500"
0.6111111111111112,0.4326114649681529,"10587,109960","54559,109960"
1.0,-0.5714285714285714,"19958,30767","19958,110214"
1.0,0.275,"49153,121008","62607,121008"
0.3793103448275862,-0.2727272727272727,"49155,113074","51078,113074"
-0.3142857142857143,0.1857142857142857,"17984,129577","17984,64067"
0.3235294117647059,0.3278688524590163,"49165,124070","55360,124070"
-0.6285714285714286,-0.1694915254237288,"49179,90277","49179,133280"
0.3793103448275862,-0.2222222222222222,"49186,99558","80096,99558"
-0.3283582089552239,0.1940298507462686,"33672,49196","33672,80745"
0.5945945945945946,1.0,"23034,45662","23034,37719"
-0.5238095238095238,0.4761904761904761,"16890,116807","16890,126123"
-0.6875,0.3125,"29306,129614","29306,53425"
-0.5789473684210527,0.4210526315789473,"49214,118131","49214,66838"
0.1833333333333333,0.1612903225806451,"9494,29877","29877,70463"
-0.2558139534883721,0.2325581395348837,"49225,129625","49225,116310"
0.3125,0.3125,"49243,129640","49243,164802"
0.837037037037037,0.1037037037037037,"49247,68975","49247,122442"
-0.1692307692307692,-0.8461538461538461,"24198,129642","24198,67719"
1.0,0.2222222222222222,"17725,18407","17725,100515"
1.0,0.4375,"49280,51531","47111,51531"
-0.44,0.3,"49282,129663","49282,140437"
-0.5116279069767442,0.2558139534883721,"49290,129675","93846,129675"
-0.1788617886178861,0.089430894308943,"17684,49317","17684,71653"
-0.0786614515428074,-0.0451282051282051,"34661,43765","41631,43765"
0.2340425531914893,-1.0,"21344,58514","58514,115422"
-0.1028571428571428,0.4571428571428571,"49377,59913","49377,136069"
-0.3548387096774194,-0.1234705228031145,"49381,109353","49381,50517"
0.3928571428571428,-0.2957393483709273,"49391,123000","84250,123000"
0.4313725490196078,0.8494623655913979,"37442,129744","7715,129744"
1.0,-1.0,"49406,129745","82443,129745"
0.3125,0.3125,"14579,35748","35748,112578"
-0.3492063492063492,0.3015873015873015,"49410,129749","56996,129749"
-0.3055555555555556,0.1666666666666666,"49416,123863","17754,49416"
1.0,-1.0,"28400,129765","26942,129765"
0.3125,0.3125,"49442,102511","102511,165495"
0.4489795918367347,1.0,"49473,67343","49473,63724"
0.2060185185185185,-0.5185185185185185,"45353,67345","45353,72629"
0.4074074074074074,1.0,"49476,121279","33829,49476"
-0.3793103448275862,-0.3333333333333333,"49487,76253","49487,127758"
0.3793103448275862,-0.4186046511627907,"31072,81548","31072,87276"
0.059299191374663,1.0,"1737,49498","49498,121686"
0.4883720930232558,0.4883720930232558,"49508,51782","51782,131195"
0.7441860465116279,0.1395348837209302,"37516,111976","37516,120236"
-0.4680851063829787,0.3191489361702128,"49540,103021","71611,103021"
-0.5945945945945946,0.4054054054054054,"49574,71664","71664,143523"
0.5,0.5,"49579,94878","94878,159730"
-0.6875,0.3125,"49624,129853","103405,129853"
1.0,-0.3777777777777777,"22139,91053","22139,131721"
-0.3142857142857143,0.2285714285714285,"49653,81975","27298,81975"
-0.353215284249767,0.1554054054054054,"29707,90495","53595,90495"
-0.2083333333333333,-0.2115384615384615,"49677,82029","43018,49677"
0.0839694656488549,-0.1018518518518518,"4863,99545","99545,112060"
0.44,-1.0,"49705,49706","29563,49706"
-0.4313725490196078,-0.0147058823529411,"49724,129914","13975,129914"
-0.6111111111111112,0.3888888888888889,"49728,129916","49728,76814"
0.1032863849765258,-0.2641509433962264,"33976,49755","49755,51213"
1.0,-1.0,"20172,36419","32926,36419"
-0.5641025641025641,0.4358974358974359,"49758,96923","64007,96923"
1.0,0.56,"30303,49784","30303,40645"
-1.0,-0.2894736842105263,"49792,129942","49792,120986"
0.3266709649688373,0.2222222222222222,"48231,49824","20063,48231"
-0.1692307692307692,-0.2692307692307692,"11045,49831","11045,73739"
0.3728813559322034,-0.3051470588235294,"49834,124458","49834,116092"
-0.4074074074074074,0.2777777777777778,"49838,129965","72208,129965"
0.4,0.3548387096774194,"39170,129966","50163,129966"
-1.0,-1.0,"49839,97438","97438,160962"
-0.6666666666666666,-0.6,"24823,46161","24823,88881"
0.3548387096774194,-1.0,"49863,129972","89386,129972"
-0.6111111111111112,0.3888888888888889,"49868,77123","77123,147089"
-0.5945945945945946,0.4054054054054054,"49872,129979","49872,72274"
0.0769230769230769,0.2692307692307692,"49878,129985","30064,49878"
-0.34375,0.1875,"49881,88736","61298,88736"
0.3888888888888888,0.3888888888888889,"49899,68165","68165,77174"
0.8035714285714286,-0.3245073891625615,"49928,125344","49928,62353"
0.3283582089552239,-0.2083333333333333,"34293,49945","49945,151651"
0.2037037037037037,1.0,"49970,113316","7077,113316"
0.4,0.2340425531914893,"33015,73430","50003,73430"
-0.3333333333333333,0.1666666666666666,"14236,96349","96348,96349"
-1.0,-0.4074074074074074,"6849,50039","6849,109577"
0.6206896551724138,0.2132822477650064,"50075,60892","60892,68369"
1.0,1.0,"50076,55034","37846,55034"
-0.6285714285714286,0.3714285714285714,"50090,82985","82985,150978"
-0.2716049382716049,-1.0,"34128,115952","34128,136781"
1.0,-1.0,"50141,124917","42939,124917"
-0.6470588235294118,-0.2558139534883721,"50169,57916","50169,96833"
0.1571428571428571,-0.4761904761904761,"50171,53030","50171,60795"
-0.1286549707602339,-0.5,"2504,50175","2504,104300"
0.3529411764705882,-0.4883720930232558,"50179,130092","50179,51615"
0.6285714285714286,-0.4482758620689655,"50183,69383","50183,141561"
0.4680851063829787,-1.0,"50213,130101","50213,105508"
1.0,1.0,"50218,130104","56825,130104"
-0.5789473684210527,0.4210526315789473,"50222,130105","68627,130105"
-0.6875,0.3125,"50243,105799","105799,167310"
-0.6285714285714286,-0.2133333333333333,"50247,113941","16305,113941"
0.2716049382716049,0.6153846153846154,"50258,68684","68684,141357"
0.1988304093567251,0.1919191919191919,"48647,108655","58043,108655"
-0.5641025641025641,-0.4230769230769231,"50291,126103","28327,126103"
-1.0,-1.0,"50295,130129","50295,133538"
-1.0,-0.5,"27443,83553","72667,83553"
-0.4680851063829787,-0.3157894736842105,"50318,83574","74722,83574"
1.0,-0.5555555555555556,"50335,130137","54408,130137"
-0.4313725490196078,-0.803921568627451,"38871,106251","106251,125483"
1.0,1.0,"50345,114353","20599,50345"
-0.4888888888888889,0.2444444444444444,"50351,130144","50351,160959"
-0.2444444444444444,0.1333333333333333,"50396,83756","50396,90225"
0.4210526315789473,-0.0789473684210526,"50425,84113","50425,141454"
1.0,-0.4347826086956521,"50431,55539","55539,148056"
-0.0533088235294118,0.3529411764705882,"50436,83860","28646,50436"
-0.1913043478260869,0.0956521739130434,"27861,50445","27861,72594"
0.6716417910447761,0.1641791044776119,"50448,61486","61486,161096"
-0.4680851063829787,0.2978723404255319,"50449,115223","78416,115223"
-0.4680851063829787,0.2765957446808511,"50470,130178","70036,130178"
-0.6875,0.3125,"50471,130179","106849,130179"
-0.6470588235294118,0.3529411764705882,"50490,90546","90546,155919"
0.4888888888888889,1.0,"50554,130200","50554,89678"
-0.6875,0.3125,"14238,107209","107209,115508"
1.0,-1.0,"50572,90903","90903,156011"
0.5,-0.2954545454545454,"50587,130218","90705,130218"
-0.4,0.3818181818181818,"50623,130229","50623,53006"
1.0,1.0,"50635,130235","50635,101310"
-0.4150943396226415,0.1886792452830188,"50668,130245","107718,130245"
0.4210526315789473,0.4210526315789473,"50695,130253","50695,69536"
-0.0796296296296296,0.3703703703703703,"12614,127034","12614,55473"
-0.2857142857142857,-0.234375,"27853,114357","73459,114357"
-0.6875,-0.6875,"50731,119060","50731,74080"
-0.6666666666666666,0.3333333333333333,"50740,130265","98960,130265"
0.4,-0.2023809523809523,"50747,129384","37484,50747"
0.3529411764705882,0.3529411764705882,"50749,91389","91389,156156"
1.0,1.0,"50765,130269","50765,135104"
-0.44,0.22,"50785,113299","99166,113299"
-0.5,-1.0,"44651,50795","50795,53208"
-0.65625,-1.0,"50807,53219","50807,53289"
-0.6875,-1.0,"50827,130288","74283,130288"
-1.0,-0.303030303030303,"50838,125701","50838,52469"
-0.3541666666666667,0.3125,"50853,130294","76739,130294"
-0.6285714285714286,0.3714285714285714,"50862,130297","85083,130297"
0.4166666666666666,-0.6206896551724138,"50870,130301","50870,61235"
-0.5238095238095238,0.238095238095238,"50893,130309","108714,130309"
-0.6666666666666666,0.3333333333333333,"50906,130311","99548,130311"
0.0545112781954887,0.1964285714285714,"17435,123150","99584,123150"
0.3577817531305903,0.1794871794871795,"50957,111142","42114,50957"
0.0931961120640366,0.3636363636363636,"50961,91988","50960,50961"
-0.6774193548387096,-1.0,"50974,130358","50974,138041"
-0.4883720930232558,-0.5833333333333334,"48720,130364","47792,48720"
1.0,1.0,"50982,130372","51490,130372"
-0.4285714285714285,0.1040157998683344,"35480,39579","39579,114077"
-0.5526315789473685,0.4473684210526316,"26645,113607","26645,128197"
0.3962264150943396,0.3673469387755102,"29192,33468","29192,59069"
-0.2658227848101265,0.2658227848101265,"13555,19808","14214,19808"
-0.65625,0.34375,"16573,27979","16573,74129"
-0.5675675675675675,-0.1470588235294117,"42030,51018","31913,51018"
0.3043478260869565,1.0,"33890,130446","42558,130446"
-0.4772727272727273,0.2727272727272727,"24688,25796","24688,135210"
-1.0,-1.0,"25230,92885","25230,56692"
-1.0,-1.0,"17681,112336","17681,121840"
-0.3333333333333333,0.238095238095238,"51048,130481","51048,142095"
-0.2916666666666667,0.1944444444444444,"51049,130484","51049,144972"
1.0,0.4583333333333333,"51059,130505","97761,130505"
-0.5526315789473685,0.4473684210526316,"51076,130527","51076,62425"
-0.525,-0.2727272727272727,"51082,129808","20532,51082"
1.0,0.0414634146341463,"51094,91479","17391,91479"
1.0,-0.2894736842105263,"30577,33610","33610,55010"
-0.3387096774193548,0.2903225806451613,"18332,130560","18332,40640"
1.0,0.52,"51105,85741","79986,85741"
1.0,-1.0,"51106,100995","100995,163906"
0.1721311475409836,1.0,"16434,82197","36369,82197"
-0.6176470588235294,0.3823529411764705,"51125,130595","51125,88569"
1.0,-1.0,"1504,1580","1504,88456"
-0.1409395973154362,0.1140939597315436,"28858,130607","28858,137459"
0.2164948453608247,0.675,"34682,55866","34496,55866"
-0.65625,0.34375,"51138,74453","51138,115883"
-0.4375,0.3333333333333333,"51144,130623","51144,53671"
-0.42,0.26,"51174,87111","51174,148854"
-0.4772727272727273,0.2954545454545454,"51176,80160","80160,148870"
0.4468085106382978,1.0,"17424,17752","6085,17752"
-0.4117647058823529,-0.4166666666666667,"39995,130683","39995,83862"
0.7375,0.1875,"44929,111737","5227,44929"
-0.1193181818181818,0.0681818181818181,"19034,27098","19034,85966"
0.4666666666666667,0.5454545454545454,"38899,86261","78926,86261"
-0.6176470588235294,-0.6176470588235294,"51202,80225","80225,148965"
-0.2692307692307692,0.1282051282051282,"44947,130725","44947,53908"
-0.2916666666666667,0.1527777777777778,"30786,72867","30786,32780"
1.0,-1.0,"3924,126318","87387,126318"
-0.1602564102564103,0.4166666666666667,"51232,70512","70512,142567"
0.7058823529411764,0.2941176470588235,"51243,91521","91521,105515"
0.5,-1.0,"41998,54400","41998,114159"
-0.6,0.4,"24765,97890","24765,102722"
-0.6774193548387096,0.3225806451612903,"51258,130776","51258,73043"
0.65625,-0.4347826086956521,"7958,56084","39350,56084"
0.8476190476190476,0.1428571428571428,"26004,51284","26004,27215"
-0.5675675675675675,0.4324324324324324,"51295,130802","66570,130802"
-0.6363636363636364,0.3636363636363636,"51303,130812","51303,153305"
1.0,1.0,"29789,62835","62835,93185"
-0.5675675675675675,0.4324324324324324,"51330,130845","51330,140093"
0.2837837837837837,0.1791044776119403,"18681,23911","23911,39232"
0.1979166666666666,0.1185897435897435,"51334,80512","70694,80512"
1.0,1.0,"29080,63547","31728,63547"
-1.0,-0.2558139534883721,"51352,70722","51352,56948"
-0.6774193548387096,-0.6774193548387097,"51368,118673","41009,51368"
1.0,1.0,"51374,130883","104648,130883"
0.5384615384615384,-0.3333333333333333,"51386,123503","49136,123503"
-0.3962264150943396,0.1886792452830188,"45613,51400","45613,62750"
0.4375,-0.5454545454545454,"34043,130936","9926,130936"
0.4375,0.4651162790697674,"40784,51435","32629,40784"
-0.3225806451612903,-0.3260869565217391,"51438,116608","70949,116608"
-0.6774193548387096,0.3225806451612903,"51454,130968","101602,130968"
0.5526315789473685,1.0,"9410,27021","27021,45102"
0.2876712328767123,0.3137254901960784,"44178,51472","44178,66868"
0.5526315789473685,-0.4230769230769231,"51473,63087","51473,71008"
-0.6774193548387096,0.3225806451612903,"51479,130992","51479,164729"
-0.3043478260869565,-0.4405797101449275,"21337,121231","21337,117562"
0.1180184555609519,0.1408450704225352,"51497,111838","51497,164207"
-0.5526315789473685,0.4473684210526316,"51527,131028","51527,63181"
0.5675675675675675,-0.3255813953488372,"51573,111665","51573,71447"
-0.1114369501466275,0.3225806451612903,"2544,7060","2544,13238"
0.4,0.4,"51590,131074","51590,146362"
0.4375,1.0,"38775,131077","71212,131077"
0.7727272727272727,0.2575757575757575,"3754,51601","51601,131323"
-0.42,-0.2105263157894736,"9083,51623","9083,39299"
-0.5526315789473685,0.4473684210526316,"51642,63374","63374,138190"
0.1926315789473685,-0.0478260869565217,"51647,57146","57146,71323"
1.0,0.6428571428571429,"15634,51650","15634,60129"
0.6363636363636364,0.2222222222222222,"30534,61180","30534,155395"
1.0,0.5,"51653,131121","104308,131121"
-1.0,-0.4761904761904761,"51666,106784","106784,161100"
-0.4772727272727273,0.2727272727272727,"45742,131139","37832,45742"
-0.5833333333333334,0.4166666666666667,"51708,131154","71403,131154"
-0.2957746478873239,0.2957746478873239,"51750,51751","51751,131174"
-0.6363636363636364,-0.1038251366120218,"51752,131176","20807,131176"
-0.65625,-1.0,"51758,131179","51758,102035"
-1.0,-1.0,"49775,51768","51768,120121"
0.253012048192771,-0.3958333333333333,"22416,58643","58643,134937"
-0.6774193548387096,0.3225806451612903,"4515,51805","4515,96699"
1.0,1.0,"11557,15360","15360,20118"
0.2727272727272727,1.0,"51885,131249","45471,131249"
-0.2234042553191489,0.1063829787234042,"24439,48293","15125,48293"
-0.3818181818181818,-0.2115384615384615,"17106,48172","47501,48172"
0.2333333333333333,-0.2261904761904762,"50211,119272","36095,119272"
-0.6176470588235294,0.3823529411764705,"51934,131281","81973,131281"
0.2801966292134831,0.146067415730337,"14824,40511","14824,109886"
-0.6176470588235294,0.3823529411764705,"51964,131302","51964,82037"
-1.0,-1.0,"35774,111266","74558,111266"
0.475,-0.0011904761904761,"52046,114527","57437,114527"
-0.0713587487781035,0.3225806451612903,"52055,131336","52055,86526"
-0.5833333333333334,0.4166666666666667,"52056,131337","52056,143753"
-0.5121951219512195,0.4878048780487805,"52062,131340","52062,54685"
-0.6774193548387096,-1.0,"52066,131341","52066,167660"
-0.1664788732394366,-0.6599999999999999,"52089,113172","52089,59786"
-0.3559322033898305,-0.282051282051282,"5269,124977","5269,67021"
1.0,-0.4230769230769231,"52109,131354","52109,117436"
-0.6774193548387096,0.3225806451612903,"52142,119329","47023,119329"
-0.4565217391304347,0.2826086956521739,"52146,131370","82378,131370"
-0.65625,0.34375,"52149,131374","52149,95773"
0.5,-0.2456140350877192,"52163,131386","52163,64146"
-0.5526315789473685,0.4473684210526316,"52203,131404","52203,64204"
0.0551724137931034,0.2620689655172414,"37923,123526","17599,37923"
0.8108108108108107,0.09009009009009,"52221,120332","52221,57184"
0.2,-0.303030303030303,"45717,117588","104910,117588"
0.2592592592592592,0.3076923076923077,"8083,52229","52229,60739"
1.0,-1.0,"52281,78359","78359,147558"
-0.3789655172413794,0.44,"23642,28486","8861,28486"
1.0,0.3061224489795918,"4011,50022","50022,72537"
-0.4772727272727273,0.2727272727272727,"51457,89128","89128,135720"
-0.2542745481191988,-0.0529595015576324,"6024,65415","65415,110200"
0.4285714285714285,-1.0,"16852,52344","16852,36790"
-0.5526315789473685,0.4473684210526316,"52395,131474","64483,131474"
0.3684210526315789,1.0,"52396,62118","62118,99335"
-0.1173184357541899,0.0670391061452514,"50779,89339","89339,125427"
-1.0,-1.0,"52410,69641","69641,141635"
0.3112522686025408,-1.0,"52425,117665","102742,117665"
-0.5121951219512195,-0.36,"52430,83083","34135,52430"
-0.2658227848101265,-0.759493670886076,"49064,57871","57871,130818"
-0.3230769230769231,0.3076923076923077,"52456,131490","55129,131490"
-0.203883495145631,-0.8252427184466019,"28266,110092","57896,110092"
-0.2210526315789473,0.2,"18873,52476","18873,26396"
-0.35,0.2166666666666666,"45492,72813","72813,73602"
-0.1676136363636363,-0.5483870967741935,"52480,55148","55148,62900"
0.0127840909090908,0.171875,"36853,113204","37907,113204"
-0.3365102639296187,-0.6774193548387097,"37942,52537","52537,55208"
0.1333333333333333,-1.0,"15588,131304","20857,131304"
0.3181818181818182,0.2777777777777778,"52659,116667","52659,106004"
-0.525,-0.0776315789473685,"52674,52675","52675,131569"
1.0,1.0,"52677,131570","71116,131570"
-0.2258064516129032,0.1397849462365591,"52692,131579","83693,131579"
-0.2837837837837837,0.1756756756756756,"52707,55394","55394,83728"
-0.4117647058823529,-0.6666666666666667,"52746,116788","17193,52746"
-0.1875,0.1517857142857142,"12493,27851","7660,27851"
-0.2916666666666667,0.1388888888888889,"52762,90344","75506,90344"
0.4878048780487805,0.4878048780487805,"52793,131609","55499,131609"
1.0,-1.0,"52805,131612","52805,96257"
-1.0,-1.0,"52831,97991","97991,134869"
-0.6774193548387096,0.3225806451612903,"52880,107094","107094,167788"
-0.5526315789473685,0.4473684210526316,"52884,131627","65258,131627"
-0.168,0.08,"52970,111308","107365,111308"
-0.3230769230769231,0.1538461538461538,"52988,107442","107442,156015"
-0.5675675675675675,0.4324324324324324,"52991,131652","69345,131652"
-0.3937530742744712,0.4473684210526316,"17339,65421","65421,128254"
1.0,0.2888888888888888,"53017,130234","48964,130234"
0.028869286287089,0.2790697674418604,"53020,91020","91020,134610"
0.2560975609756097,0.2744186046511627,"18237,53078","53078,134944"
0.5675675675675675,0.5454545454545454,"53118,91294","74462,91294"
1.0,0.6666666666666666,"53151,122954","53151,55153"
-0.1533180778032036,0.3966282165039929,"53171,119519","17342,53171"
-0.3043478260869565,0.1594202898550724,"23554,99117","99117,131964"
-0.5384615384615384,0.4615384615384615,"53196,131694","53196,61988"
1.0,-1.0,"53203,131696","91539,131696"
-1.0,-0.5294117647058824,"53213,119526","53213,62017"
1.0,-0.125,"53223,112821","53223,113913"
-0.4642857142857143,-1.0,"53256,131706","56886,131706"
0.6363636363636364,1.0,"53285,108653","108653,168192"
-1.0,-1.0,"53340,131724","79540,131724"
1.0,-0.6153846153846154,"53371,113455","51980,53371"
-0.5263157894736842,0.4736842105263157,"53378,94909","43010,53378"
-0.625,0.375,"53385,131754","53385,151739"
-0.1401515151515151,-0.625,"53393,112855","53393,62261"
0.1454545454545454,0.2272727272727272,"53410,131808","53410,161956"
-0.1104972375690607,0.0718232044198895,"1530,131813","1530,106270"
0.6451612903225806,1.0,"7255,21104","21104,29423"
-0.2816901408450704,0.2535211267605634,"14473,17570","14473,120287"
0.1611721611721611,0.282051282051282,"53414,88090","88090,93037"
-0.4651162790697674,0.2790697674418604,"23164,53415","53415,112888"
1.0,1.0,"53420,131828","91666,131828"
0.3174603174603174,-0.2,"29714,89530","63641,89530"
0.0192307692307692,0.2307692307692307,"21332,80355","80355,131542"
1.0,-0.1739130434782608,"46054,131868","3619,131868"
1.0,0.56,"53437,131878","77881,131878"
-0.6451612903225806,0.3548387096774194,"53445,131897","53445,156878"
0.7435897435897436,0.2179487179487179,"19007,99585","19007,125970"
0.375,0.375,"53452,131906","53452,152183"
1.0,1.0,"53472,74960","74960,136700"
0.0208333333333333,0.171875,"53475,125663","45152,53475"
0.2816901408450704,0.1375,"28830,96034","96034,140422"
1.0,0.6,"53484,70196","59753,70196"
0.7530864197530864,0.1481481481481481,"53487,73613","73613,152357"
0.1869158878504672,0.5217391304347826,"28835,61891","61891,67505"
-0.4444444444444444,0.2222222222222222,"2592,131970","2592,104628"
0.3174603174603174,-0.5277777777777778,"35826,45202","45202,135012"
0.2857142857142857,0.2419354838709677,"20761,101517","70870,101517"
-0.1769911504424778,0.1150442477876106,"2281,90647","2281,55583"
-0.6451612903225806,0.3548387096774194,"53524,132003","53524,130859"
0.2266666666666667,0.25,"53535,72131","29055,53535"
1.0,0.3703703703703703,"53536,106732","106732,123122"
-0.2083333333333333,0.1041666666666666,"27358,132028","27358,140472"
-0.4444444444444444,0.2666666666666666,"3539,53557","3539,144110"
-0.5405405405405406,0.4594594594594595,"21753,28860","28860,44900"
0.4878048780487805,-0.0250836120401337,"27656,115629","71967,115629"
0.4736842105263158,-0.4285714285714285,"53574,132063","53574,132736"
-0.15625,-0.890625,"18648,98932","18648,74923"
-0.0011195700850872,-0.7532467532467533,"10971,43149","10971,123619"
0.1231190150478796,-0.0358527131782945,"53579,132067","44899,132067"
-0.5405405405405406,0.4594594594594595,"53580,132072","53580,62542"
-1.0,-1.0,"53582,132077","53582,161301"
-0.2469135802469135,0.1481481481481481,"53597,132090","12281,53597"
-0.2222222222222222,0.1555555555555555,"28612,34702","34702,56937"
0.3333333333333333,0.3333333333333333,"53615,71706","53271,53615"
-0.2105263157894736,-0.2440545808966861,"11293,92904","11293,138907"
-1.0,-0.5,"53658,62657","62657,137612"
-0.3846153846153846,0.2307692307692307,"35988,132160","35988,149420"
-0.6451612903225806,-0.0398406374501992,"7353,51924","25941,51924"
-1.0,-1.0,"12239,19325","19325,90367"
-0.6666666666666666,0.3333333333333333,"53700,132209","53700,163750"
0.375,-1.0,"53706,132213","53706,142659"
-0.625,0.375,"53708,132219","53708,86165"
-0.1087223587223587,0.0308880308880309,"53710,62734","56484,62734"
-0.4444444444444444,-0.2586206896551724,"43235,117359","9718,43235"
0.1017488076311605,0.5135135135135135,"53728,110982","57459,110982"
-0.217391304347826,0.108695652173913,"10912,132243","10912,129689"
1.0,-1.0,"53736,118849","90988,118849"
-1.0,-0.1111111111111111,"6846,34317","6846,29988"
0.4,0.265625,"19269,53759","19269,28887"
-0.1886792452830188,0.1792452830188679,"18305,53761","18305,77549"
-1.0,-1.0,"49262,53796","53796,125233"
1.0,0.46875,"53812,62885","62885,70720"
0.4651162790697674,0.3870967741935484,"53814,57516","57516,95819"
-0.5,-0.4074074074074074,"53818,130119","53818,141623"
1.0,-1.0,"25830,29613","29613,34545"
-0.2857142857142857,0.2285714285714285,"29450,33205","29450,66721"
1.0,-0.5652173913043478,"11353,31753","31753,61931"
-1.0,-1.0,"53887,132365","53887,143130"
1.0,1.0,"53896,120885","52661,120885"
-0.6666666666666666,-0.4285714285714285,"53905,132383","53905,132175"
1.0,-1.0,"28566,125743","90276,125743"
0.4736842105263158,0.4736842105263157,"53933,59687","59687,135888"
-1.0,-0.2424242424242424,"53946,120380","32128,53946"
0.819672131147541,-1.0,"53953,132413","42468,53953"
-0.4651162790697674,0.2790697674418604,"53955,132414","53955,153855"
-0.6060606060606061,0.3939393939393939,"13192,67420","13192,13827"
1.0,0.4166666666666667,"43508,112275","72277,112275"
1.0,-1.0,"53971,122439","22867,53971"
-0.303030303030303,0.2575757575757575,"53976,115062","53976,138001"
1.0,1.0,"53978,132432","53978,145438"
-0.1869158878504672,0.1121495327102803,"31659,109021","31659,63922"
-0.15625,0.140625,"44564,98483","17264,44564"
1.0,1.0,"54010,94487","94487,159491"
-0.2828456683878371,-0.5454545454545454,"26044,132476","89408,132476"
0.2941176470588235,0.358974358974359,"8390,36086","8390,48251"
-0.5555555555555556,0.4444444444444444,"54050,131331","54050,96185"
0.4347826086956521,-0.3548387096774194,"54070,99625","99625,128257"
-0.625,0.375,"54078,132508","54078,87044"
-0.6666666666666666,0.3333333333333333,"54093,132523","54093,66308"
-1.0,-1.0,"38932,47444","47444,59857"
-0.25,-1.0,"54133,55685","55685,120094"
-0.4081632653061224,-0.0459183673469387,"6383,27059","27059,110679"
-1.0,-0.2244897959183673,"54171,132566","28134,132566"
1.0,1.0,"54183,132572","91394,132572"
-0.3571428571428571,0.2857142857142857,"54190,132576","54190,140610"
-0.1904761904761904,0.0952380952380952,"54200,116405","54200,149936"
0.625,0.102803738317757,"54203,61381","39108,54203"
0.6060606060606061,-0.5,"43686,132583","93322,132583"
-0.3199426111908178,0.4117647058823529,"40877,60681","40877,106426"
-0.6666666666666666,0.3333333333333333,"44130,46603","44130,92338"
-0.3773584905660377,0.1886792452830188,"54251,76851","76851,102493"
-0.2439024390243902,-0.4516129032258064,"29948,103949","29948,62369"
-0.5714285714285714,-0.3125,"7921,8007","8007,15392"
-0.1709401709401709,0.1111111111111111,"54263,115874","54263,116114"
0.625,-1.0,"54265,126305","36052,126305"
0.3076923076923077,0.4,"47324,114634","17190,114634"
-0.3389830508474576,0.288135593220339,"54296,132633","54296,89859"
-0.6666666666666666,0.3333333333333333,"54298,132635","102669,132635"
0.7014925373134329,-0.2597821702299314,"54311,57673","13426,57673"
-0.1041666666666666,0.0989583333333333,"21379,113829","21379,134365"
1.0,1.0,"54352,132672","54352,63616"
-0.4,-0.2413793103448276,"47451,57232","57232,62458"
-1.0,-1.0,"54450,132726","103269,132726"
1.0,0.4482758620689655,"54482,67601","67601,81869"
-0.145985401459854,0.1313868613138686,"54485,127468","42019,54485"
0.1531531531531531,0.4864864864864865,"54490,77602","54490,66915"
1.0,1.0,"54510,132745","54510,159324"
-0.6451612903225806,0.3548387096774194,"54524,132758","54524,159906"
1.0,-0.1818181818181818,"54531,60416","54531,71968"
0.4166666666666667,0.25,"54578,76789","54578,114540"
-1.0,-0.3714285714285714,"29470,54590","54590,80237"
1.0,-0.34375,"54646,69339","28394,69339"
-0.5263157894736842,0.4736842105263157,"54653,60453","60453,136409"
0.1176470588235294,-0.3,"26927,54655","43258,54655"
-0.6060606060606061,0.3939393939393939,"54657,82151","82151,150584"
-0.2531645569620253,-0.2037037037037037,"54676,132829","54676,126732"
-0.5555555555555556,0.4444444444444444,"29463,31887","29463,67862"
-0.653061224489796,-1.0,"54697,106956","54697,95569"
0.2985074626865671,1.0,"54710,109608","64128,109608"
-0.625,0.375,"54753,132867","54753,155148"
1.0,1.0,"54754,132868","104731,132868"
-0.3508771929824561,-1.0,"38074,132885","38074,57555"
0.5238095238095238,0.2857142857142857,"44757,54789","54789,88693"
0.5882352941176471,0.4347826086956521,"54808,83156","83156,105452"
0.3351648351648352,0.2153846153846154,"54825,77160","77160,147105"
-0.3448275862068966,0.1896551724137931,"22194,36977","22194,99482"
-0.7777777777777778,-0.36,"27016,42732","27016,28472"
1.0,-1.0,"54861,132917","77213,132917"
0.3571428571428571,0.3571428571428571,"54896,132931","54896,164767"
-0.625,0.375,"54897,132932","54897,88939"
0.0840336134453781,0.2745098039215686,"54898,132933","77284,132933"
-0.6060606060606061,-1.0,"44953,79050","79050,122941"
-0.6451612903225806,0.3548387096774194,"54946,132951","96297,132951"
0.3333333333333333,-0.6666666666666667,"54952,72983","72983,144360"
-0.3225806451612903,0.2096774193548387,"54961,108193","54961,118809"
-0.5,0.25,"13500,113442","13500,52507"
-0.3212698412698412,0.52,"14154,43821","15898,43821"
1.0,0.2954545454545454,"55030,132974","55030,81723"
1.0,0.6153846153846154,"55032,57789","57789,68370"
0.188235294117647,-0.4,"55116,77668","55116,136755"
-0.4347826086956521,0.217391304347826,"10531,55142","10531,50877"
0.4444444444444444,0.4444444444444444,"55154,114190","55154,134741"
-0.0466284074605451,0.2439024390243902,"7938,46512","46512,85079"
-0.5882352941176471,0.4117647058823529,"55184,133024","77831,133024"
-0.3174603174603174,-0.1901070505721668,"6932,8898","6932,124115"
-0.5555555555555556,0.4444444444444444,"15761,109655","68623,109655"
-1.0,-1.0,"48013,55213","55213,61138"
0.6428571428571428,-0.0808080808080808,"50285,132189","12669,50285"
0.2034482758620689,0.2068965517241379,"52559,55233","52559,61155"
1.0,1.0,"55243,117774","55243,92526"
-0.3571428571428571,-0.2954545454545454,"55263,85316","85316,126607"
-0.5714285714285714,-0.5714285714285714,"55279,133055","55279,144131"
0.3448275862068966,-0.3414634146341463,"23384,121052","23384,32411"
-0.2564102564102564,-0.2439024390243902,"15379,55291","15379,35415"
1.0,1.0,"55296,61223","61223,78039"
-0.2187028657616892,0.4871794871794871,"55299,99541","55299,65367"
-0.2150537634408602,0.1182795698924731,"32548,55308","55308,86222"
-0.0567465321563682,-0.3846153846153846,"55311,127727","55311,60501"
-0.1612903225806451,0.0806451612903225,"55313,58100","58100,106143"
-0.1639344262295081,0.1065573770491803,"55320,129880","55320,83576"
-0.1574803149606299,-0.1144479033144112,"36647,133072","36647,134804"
0.425531914893617,-0.5151515151515151,"40955,133074","41924,133074"
0.388268156424581,-0.5862068965517241,"27824,55351","27824,64909"
-0.5263157894736842,0.4736842105263157,"55382,133087","55382,61336"
-1.0,-1.0,"55410,133095","92670,133095"
-0.1851851851851851,0.1018518518518518,"50405,55418","50405,132789"
-0.5882352941176471,0.4117647058823529,"24544,123885","48543,123885"
1.0,1.0,"55434,133102","55434,153625"
-0.6666666666666666,0.3333333333333333,"55444,106586","97656,106586"
1.0,1.0,"55501,85302","83938,85302"
1.0,0.282051282051282,"55508,58579","58579,128727"
-1.0,-1.0,"55513,73442","55513,90493"
1.0,-1.0,"55528,133143","55528,92739"
-0.4651162790697674,-0.4137931034482758,"55531,98002","65181,98002"
-0.6666666666666666,0.3333333333333333,"55541,133151","106975,133151"
-0.5714285714285714,0.4285714285714285,"55570,133156","73562,133156"
-0.4545454545454545,-0.5666666666666667,"55586,65247","65247,125783"
0.4444444444444444,0.2291666666666666,"11421,119434","11421,96966"
-1.0,-1.0,"55642,133180","55642,82553"
0.5714285714285714,1.0,"55700,133196","55700,89138"
0.3548387096774194,0.3548387096774194,"55707,133200","98511,133200"
0.4,-1.0,"55745,133206","86236,133206"
-0.0862068965517241,-0.2380422691879866,"9338,17239","17239,35627"
-0.6451612903225806,0.3548387096774194,"55759,133209","55759,86743"
0.3174603174603174,-1.0,"55797,133219","55797,107028"
-1.0,-0.2222222222222222,"55811,98831","55811,130259"
0.5454545454545454,0.2954545454545454,"55850,133234","55850,84759"
0.1199667911996679,-0.6,"55926,99163","61997,99163"
0.2352941176470588,0.5357142857142857,"43158,112599","43158,57017"
0.3174603174603174,0.6857142857142857,"55939,55940","46461,55940"
1.0,1.0,"29302,115948","16787,29302"
0.25,-1.0,"55966,117459","75740,117459"
-0.2746400885935769,-0.3142857142857143,"18025,133298","75146,133298"
-0.59375,0.40625,"56120,133329","79623,133329"
-0.4634146341463415,0.2439024390243902,"27430,56121","27430,60319"
-1.0,-1.0,"56124,133342","56124,66015"
-0.3275862068965517,0.2068965517241379,"56129,133353","56129,85363"
0.0945642407906558,0.2023809523809523,"56134,130287","56134,137050"
-0.3064516129032258,0.2741935483870967,"6851,41409","41409,137075"
-0.5757575757575758,-0.5757575757575757,"56146,133386","56146,91325"
-0.4130434782608695,0.3695652173913043,"26878,133404","26878,62296"
0.048311444652908,0.2439024390243902,"31889,32931","31889,104502"
1.0,-0.3225806451612903,"10450,106986","25041,106986"
0.5365853658536586,0.2682926829268293,"56184,133457","56184,156796"
1.0,1.0,"56185,108909","108909,168249"
-1.0,-1.0,"56186,133458","56186,74662"
-0.5588235294117647,0.4411764705882353,"56218,133512","56218,70171"
-0.4418604651162791,0.2790697674418604,"56228,133539","56228,85575"
-0.5277777777777778,-0.4814814814814814,"13329,104493","13329,138918"
-0.6333333333333333,-0.3571428571428571,"43443,120693","43443,69284"
1.0,1.0,"56247,92325","92325,157139"
0.2681420483787957,0.208955223880597,"56257,74769","65873,74769"
-0.2878787878787879,0.2727272727272727,"56271,89594","56271,59171"
-0.2923076923076923,0.2,"56273,133593","56273,148519"
0.3703703703703703,0.3703703703703703,"56317,113820","56317,100323"
-1.0,-1.0,"56318,133641","56318,144138"
-0.4222222222222222,0.2666666666666666,"38472,56323","56323,85816"
-0.6129032258064516,0.3870967741935484,"56325,100778","56325,152617"
-0.6333333333333333,-0.6333333333333333,"18154,31712","31712,136662"
-0.0208333333333333,0.3541666666666667,"53553,56333","56333,62509"
0.02,-0.2325581395348837,"28616,56348","13106,56348"
-0.3166666666666666,0.25,"56369,133709","14837,56369"
0.4722222222222222,0.4722222222222222,"56373,133716","56373,62557"
-0.5,0.5,"56378,133724","56378,133725"
0.0463458110516934,-0.5,"56417,133765","106254,133765"
0.1759259259259259,-0.4285714285714285,"8019,90836","90836,141537"
-0.1696428571428571,0.0982142857142857,"56433,133787","56433,157825"
0.1576576576576576,0.1756756756756756,"40016,127752","81607,127752"
0.240506329113924,0.5238095238095238,"28984,81755","67705,81755"
-0.2638888888888889,0.1666666666666666,"41549,133799","41549,70588"
-0.6875,-0.1585365853658536,"36295,88890","36295,45451"
-0.2676056338028169,0.1690140845070422,"11085,56445","56445,86058"
-0.2183908045977011,-0.0327586206896551,"56457,133833","56457,118974"
-0.3166666666666666,0.1833333333333333,"56460,92918","92918,157975"
0.3448717948717948,-0.3543956043956044,"56463,133843","59310,133843"
-0.6129032258064516,0.3870967741935484,"56474,133856","86139,133856"
0.0708333333333333,0.4375,"56479,92986","56479,144941"
-0.2533333333333333,-1.0,"15340,132050","15340,131502"
-0.5588235294117647,0.4411764705882353,"56481,133862","56481,133496"
1.0,1.0,"56486,62737","33067,62737"
-0.5588235294117647,-0.5,"18048,50681","18048,60901"
1.0,-0.2023809523809523,"56520,64568","64568,69014"
-0.3015873015873015,0.2857142857142857,"16712,41595","41595,129830"
-0.59375,0.40625,"56533,133912","56533,149205"
-0.4634146341463415,0.2926829268292683,"26058,81116","10645,81116"
-0.2878787878787879,0.1818181818181818,"56556,80471","80471,153376"
-1.0,-1.0,"14082,41981","14082,37524"
0.3220338983050847,-1.0,"10659,51331","10659,159058"
0.3166666666666666,1.0,"46386,53453","53453,100395"
-1.0,-0.5,"56570,86462","86462,88308"
-1.0,-1.0,"53789,56574","56574,62850"
0.1968390804597701,-0.4583333333333333,"56575,75297","75297,145812"
1.0,-0.48,"56579,80523","80523,84494"
0.4411764705882353,0.4411764705882353,"35039,35040","35039,136123"
0.6129032258064516,1.0,"56588,133957","56588,86382"
1.0,-1.0,"56593,133963","80101,133963"
1.0,1.0,"56598,133965","78808,133965"
-0.5135135135135135,-0.4347826086956521,"12197,56599","12197,85061"
-0.3015873015873015,0.2857142857142857,"56602,59545","59545,132621"
1.0,0.7096774193548387,"56619,94214","43535,56619"
1.0,1.0,"43431,56621","44892,56621"
1.0,1.0,"56622,133991","97560,133991"
0.6551724137931034,0.4,"56623,66958","66958,134629"
0.40625,0.40625,"43465,56632","50256,56632"
0.2443977591036414,0.2058823529411764,"11497,126086","11497,75407"
1.0,0.3157894736842105,"56644,85041","85041,91690"
-1.0,-0.3090909090909091,"56659,134036","56659,102706"
-0.6551724137931034,0.3448275862068966,"56664,78062","56664,147454"
-1.0,-0.3870967741935484,"56673,93740","56672,56673"
0.4418604651162791,-0.5454545454545454,"30428,88335","88335,103862"
-0.106145251396648,0.0893854748603352,"6360,95573","6360,33669"
-1.0,-1.0,"56682,57218","25312,57218"
-0.3518518518518518,0.3333333333333333,"56690,63023","37160,63023"
0.4634146341463415,0.2207792207792207,"11761,49200","11761,64424"
0.1472868217054263,1.0,"6853,55221","52548,55221"
-0.6551724137931034,0.3448275862068966,"56703,101552","101552,164577"
0.0481818181818181,0.3409090909090909,"41815,41816","41816,53431"
-0.5277777777777778,0.4722222222222222,"56787,134136","56787,138022"
0.703125,0.234375,"56788,112671","27902,56788"
1.0,0.2857142857142857,"55891,56801","56801,80037"
-0.5757575757575758,0.4242424242424242,"56803,134161","56803,75720"
-0.627906976744186,-0.4642857142857143,"26759,56064","56064,71454"
-0.4222222222222222,-0.2272727272727272,"56838,126450","28149,56838"
0.6333333333333333,-0.1688311688311688,"56840,103479","35813,103479"
0.1496062992125984,-0.0833333333333332,"9741,113864","21904,113864"
-0.4042553191489361,0.2978723404255319,"29940,76742","29940,146297"
0.170995670995671,-0.6071428571428571,"56862,118743","24372,56862"
-0.6333333333333333,0.3666666666666666,"56876,134208","56876,93931"
-0.2043010752688172,0.1290322580645161,"13840,134213","13840,56890"
-0.4318181818181818,0.3409090909090909,"56897,71188","71188,76176"
-0.475,0.25,"15964,26886","15964,87441"
-0.5588235294117647,0.4411764705882353,"42667,56918","48224,56918"
0.1477373558118899,-0.2765957446808511,"16887,48480","48480,63823"
0.3571428571428571,0.3571428571428571,"56972,134280","56972,100767"
0.073109243697479,0.5142857142857142,"56991,134290","60283,134290"
-1.0,-1.0,"57020,134310","57020,138330"
-0.3275862068965517,0.2241379310344827,"31835,111862","31835,32864"
0.4523809523809524,-0.0415360501567397,"57028,120276","65399,120276"
0.2794117647058823,-0.2121212121212121,"57035,58420","58420,136067"
-0.6129032258064516,-0.2028985507246377,"30957,124645","30957,76455"
-0.091164095371669,0.3870967741935484,"57049,81462","71421,81462"
0.5428571428571428,-1.0,"57089,112155","57089,109836"
1.0,-0.2352941176470588,"57091,134352","70133,134352"
-0.3333333333333333,-0.3095238095238095,"57094,84964","84964,123419"
0.1979166666666666,-0.3947368421052631,"19647,36738","36738,117125"
-0.6129032258064516,0.3870967741935484,"57112,87612","87612,123192"
0.6779661016949152,-0.6206896551724138,"12886,107085","12886,59740"
0.0693430656934306,0.4615384615384615,"1779,24184","24184,122225"
-0.6551724137931034,0.3448275862068966,"57133,102857","102857,165737"
-0.6333333333333333,0.3666666666666666,"57134,134384","94642,134384"
0.19,0.5238095238095238,"30825,94739","94739,151563"
-0.6333333333333333,0.3666666666666666,"57176,134400","94765,134400"
-0.3454545454545454,0.3090909090909091,"57220,134422","57220,138397"
0.1958762886597938,0.2461538461538461,"2149,3195","2149,127766"
-0.5588235294117647,-0.0945378151260504,"57274,71805","71805,143614"
-0.5428571428571428,0.4571428571428571,"57290,134468","67682,134468"
-0.3653846153846153,-0.2941176470588235,"57314,88158","70537,88158"
-0.3877551020408163,0.3265306122448979,"57319,134485","57319,78014"
-0.59375,-0.3939393939393939,"9421,55277","28538,55277"
0.6551724137931034,-1.0,"57376,103780","57376,160528"
-0.5757575757575758,0.3294148380355277,"54633,95410","34037,95410"
-0.3725490196078431,0.2941176470588235,"57430,134540","72034,134540"
0.38,1.0,"57456,72384","52068,57456"
1.0,0.0956521739130434,"8845,60652","8845,48967"
-0.5428571428571428,0.4571428571428571,"57481,134576","57481,141053"
-0.2794117647058823,-1.0,"880,49250","880,119624"
1.0,1.0,"54960,64361","54960,146979"
1.0,1.0,"57508,132615","57508,124280"
0.7922077922077921,0.1688311688311688,"21723,134596","21723,148292"
0.4871794871794871,-1.0,"57518,85084","85084,114281"
-0.3518518518518518,0.2407407407407407,"2622,88726","54434,88726"
-0.2467532467532467,0.1558441558441558,"57595,64211","12418,64211"
0.59375,-0.5238095238095238,"57611,99122","99122,159459"
0.4222222222222222,-1.0,"18963,125644","18963,84708"
-0.6551724137931034,-0.2631578947368421,"57627,77974","57627,104614"
-0.2753623188405797,-0.5,"57700,116207","64341,116207"
0.7647058823529411,0.25,"31044,57718","28413,31044"
0.5428571428571428,-0.4,"52591,134683","52591,131573"
0.0243702081051478,0.1931818181818181,"25449,114161","25449,54649"
0.3220338983050847,-0.0161779575328614,"57798,115924","42205,115924"
-0.4042553191489361,0.2765957446808511,"39770,134704","35718,134704"
-0.3584905660377358,0.2075471698113207,"39464,47692","39464,65580"
0.3958333333333333,1.0,"57823,64497","57823,77713"
-0.2209302325581395,0.1627906976744186,"36577,42977","36577,39859"
-1.0,-1.0,"57908,134736","57908,68524"
0.3877551020408163,-0.6153846153846154,"27297,64604","27297,106162"
0.3725490196078431,-1.0,"55468,64607","55468,58617"
0.1275862068965517,0.125,"23108,89588","23108,40841"
-0.4523809523809524,-0.6904761904761905,"57935,134745","57935,66575"
0.8247422680412371,0.1030927835051546,"57956,119074","31646,119074"
-0.3877551020408163,0.3061224489795918,"57966,134756","72890,134756"
1.0,-0.1739130434782608,"29489,48329","38378,48329"
1.0,-1.0,"58004,134772","58004,164653"
0.5428571428571428,0.6206896551724138,"32973,68657","32973,59452"
-0.59375,0.40625,"58023,134779","83396,134779"
-0.6129032258064516,0.3870967741935484,"58045,89857","89857,155694"
1.0,-0.2516483516483516,"58072,108533","5258,108533"
-0.4418604651162791,0.2325581395348837,"58074,78029","78029,106053"
1.0,-1.0,"58090,134800","72518,134800"
1.0,-0.2926829268292683,"49264,50460","49264,139095"
-0.3653846153846153,-0.6730769230769231,"58111,134809","64875,134809"
0.09375,0.5,"58161,134817","58161,83686"
-0.5,0.5,"58179,134821","58180,134821"
1.0,-0.5,"22156,44552","22156,79881"
0.2345679012345679,-0.2413793103448276,"58202,134824","32770,134824"
-0.3958333333333333,0.25,"10946,58204","10946,28746"
0.5588235294117647,-0.1208791208791208,"47917,134828","47917,99093"
-0.6333333333333333,0.3666666666666666,"58221,134829","97620,134829"
-0.3584905660377358,0.1886792452830188,"58233,83801","52740,83801"
0.7758620689655172,0.1896551724137931,"6990,115705","6990,156891"
-0.6551724137931034,0.3448275862068966,"58271,134846","58271,106659"
-0.475,-0.3333333333333333,"58298,97781","76123,97781"
-0.4130434782608695,0.3695652173913043,"58307,134856","15990,58307"
0.4761904761904761,0.4761904761904761,"58332,134864","83981,134864"
0.1610169491525423,0.5862068965517241,"58367,111995","48208,58367"
-0.1700060716454158,0.5185185185185185,"42380,42704","31057,42380"
-0.1275167785234899,-0.4625279642058166,"28771,58376","28771,61574"
0.1792452830188679,-0.101010101010101,"38114,58382","58382,78542"
1.0,1.0,"49325,84145","49325,92294"
-0.5428571428571428,-0.2372881355932203,"34829,118828","43716,118828"
-0.59375,0.40625,"58442,128353","84192,128353"
-0.4042553191489361,0.2553191489361702,"58484,134906","90824,134906"
-0.3877551020408163,0.3265306122448979,"20224,58494","20224,53979"
-0.6551724137931034,-0.4782608695652174,"29568,134915","93798,134915"
1.0,0.8780487804878049,"16421,134925","16421,113340"
-0.3454545454545454,0.2727272727272727,"58562,110262","73817,110262"
-0.6129032258064516,0.3870967741935484,"58721,134954","91308,134954"
-0.6129032258064516,-0.6129032258064516,"58732,115433","68382,115433"
0.59375,-0.5185185185185185,"58743,134961","79119,134961"
0.6274509803921569,0.3333333333333333,"47591,134974","65649,134974"
-0.0964467005076142,0.0761421319796954,"58772,99058","74139,99058"
0.5,0.5,"58798,134985","58798,59456"
-0.1137724550898203,0.059880239520958,"53205,58807","53205,71429"
1.0,-1.0,"58809,74226","58809,74225"
1.0,-0.1733333333333333,"58814,134990","67915,134990"
-0.3877551020408163,0.2448979591836734,"58815,62009","62009,156195"
1.0,1.0,"58818,74236","74236,74237"
-0.6333333333333333,-1.0,"48661,134991","31419,48661"
0.5581395348837209,0.3255813953488372,"58859,134997","79336,134997"
0.6333333333333333,-0.6296296296296297,"58864,131743","48458,58864"
-0.4042553191489361,-1.0,"12353,58912","12353,26539"
0.0794979079497908,-1.0,"58939,110940","58939,60748"
0.2375,0.3125,"58956,135016","58956,73273"
-0.5588235294117647,0.4411764705882353,"58959,135017","74460,135017"
0.6333333333333333,0.7857142857142857,"58966,129779","58966,116072"
0.3653846153846153,1.0,"58982,91909","91909,141694"
-0.6551724137931034,0.3448275862068966,"59012,135028","108948,135028"
-0.0661764705882353,0.0441176470588235,"3460,84922","3460,44251"
1.0,-1.0,"11866,59033","11866,119794"
-0.2727272727272727,0.2121212121212121,"51849,59049","59049,68022"
-0.2535211267605634,0.1408450704225352,"59050,126021","59050,154797"
-0.2769230769230769,0.2307692307692307,"2805,3254","3254,11069"
-0.6428571428571429,-0.2028571428571429,"59062,103154","59062,63327"
-0.1855670103092783,0.1546391752577319,"46622,135131","46622,132109"
-1.0,-0.4666666666666667,"35632,116199","8812,35632"
-0.5625,-0.1313131313131313,"21885,73707","21885,39571"
-0.391304347826087,-1.0,"59084,135176","59084,155930"
1.0,1.0,"59087,135185","59087,148218"
-0.7631578947368421,-1.0,"59089,65108","5973,59089"
1.0,0.1666666666666666,"56513,59097","56513,115268"
-0.2022471910112359,-0.09375,"1894,130027","1894,4109"
0.058221872541306,0.1935483870967742,"9417,15102","9417,55059"
-0.391304347826087,0.2826086956521739,"13605,14594","13605,17433"
0.3,-0.4615384615384615,"51036,115663","74892,115663"
-0.3333333333333333,0.2962962962962963,"52510,53469","53469,53470"
0.3571428571428571,0.3571428571428571,"59120,135249","59120,162458"
0.2647058823529412,1.0,"37708,72191","72191,101730"
0.3829787234042553,-1.0,"2672,108554","108554,111168"
0.5294117647058824,0.5652173913043478,"45089,82632","82632,130934"
1.0,-1.0,"59143,135281","85400,135281"
-0.5294117647058824,0.4705882352941176,"59151,135287","59151,139519"
0.3,1.0,"48819,56812","56812,129218"
-0.5294117647058824,0.4705882352941176,"59153,135291","59153,139522"
0.3,-0.0285714285714285,"35820,68461","1246,68461"
-0.3157894736842105,0.2631578947368421,"28962,56686","28962,139976"
0.1764705882352941,-0.6176470588235294,"37329,52691","37329,146638"
-0.2857142857142857,0.2539682539682539,"59159,135300","59159,66188"
-0.6,0.4,"46400,91223","46400,113275"
-1.0,-1.0,"59160,135301","59160,167393"
1.0,1.0,"59164,127322","13183,127322"
-0.6,0.4,"59167,63465","59167,146895"
-0.6206896551724138,-1.0,"59168,70340","59168,143806"
0.5625,1.0,"59169,74793","59169,85784"
-0.2535211267605634,0.1830985915492957,"59177,135321","59177,148527"
-0.5142857142857142,-0.3125,"53856,103119","22562,53856"
-0.1374045801526717,0.0763358778625954,"16026,79296","16026,25900"
-0.5,0.5,"59184,135330","59184,135331"
0.36,-0.5217391304347826,"59185,113988","18333,113988"
-0.5625,0.4375,"59200,135349","59200,145163"
-0.5454545454545454,0.4545454545454545,"59202,70290","70290,142254"
-0.4,0.3555555555555555,"22833,59203","59203,83951"
1.0,1.0,"59218,135387","67273,135387"
0.174757281553398,1.0,"30561,80497","80497,149281"
1.0,1.0,"59225,93486","93486,158602"
1.0,1.0,"59239,135435","59239,148746"
1.0,1.0,"59243,75678","75678,146194"
1.0,-1.0,"59251,135455","92022,135455"
-0.6206896551724138,0.3793103448275862,"59255,135461","59255,157565"
1.0,1.0,"59263,135471","105746,135471"
-0.2337662337662337,-1.0,"59267,70392","42837,70392"
-0.2647058823529412,0.1617647058823529,"37152,135477","37152,50288"
-0.6428571428571429,0.3571428571428571,"59286,92681","59286,120576"
-0.5294117647058824,0.4705882352941176,"59289,135507","66386,135507"
-0.4390243902439024,-0.2872628726287263,"59290,82700","59290,86881"
0.4,-0.44,"25021,31837","31837,37594"
-0.6428571428571429,0.3571428571428571,"59298,135520","59298,163370"
-0.2769230769230769,0.1692307692307692,"41568,44379","41568,136134"
1.0,1.0,"59302,85967","85967,152946"
0.2769230769230769,-0.4333333333333333,"20346,41849","41849,126682"
-0.4090909090909091,0.2272727272727272,"59314,83907","59314,132746"
0.8125,0.1145833333333333,"31547,59325","31547,122107"
-0.1666666666666666,0.0925925925925925,"2175,18173","2175,24995"
-0.3829787234042553,0.3191489361702128,"46571,70502","70502,127003"
0.3701923076923077,0.25,"23746,56296","56296,97691"
-0.5294117647058824,0.125760649087221,"59369,70599","57068,59369"
0.3214285714285714,1.0,"28125,59370","59370,127092"
0.36,1.0,"59373,75136","59373,88825"
-0.4736842105263157,0.2631578947368421,"59378,135629","59378,163709"
-0.1904761904761904,0.1851851851851851,"9097,59387","59387,158827"
1.0,-1.0,"59388,135634","80321,135634"
0.6326530612244898,0.3061224489795918,"13930,59394","47963,59394"
0.2142857142857142,-0.3,"21563,59430","59430,61074"
0.5294117647058824,0.4242424242424242,"56912,59460","56912,75926"
-0.6428571428571429,0.3571428571428571,"59466,70702","59466,66582"
1.0,1.0,"59471,93131","93131,158211"
-0.5454545454545454,0.4545454545454545,"59484,135706","59484,142725"
-0.1638655462184873,0.2030075187969924,"31595,66598","45021,66598"
-1.0,-1.0,"59494,135717","59494,101075"
0.6206896551724138,0.5,"15492,70669","70669,130842"
-0.6206896551724138,-0.1851851851851851,"59501,87872","59501,67996"
0.2307692307692307,-0.1724137931034483,"26681,50907","33533,50907"
-0.6,0.4,"59513,135739","59513,153404"
-1.0,-1.0,"59521,135743","59521,143164"
-1.0,-0.4545454545454545,"59526,103874","103874,154998"
-0.6,0.4,"59530,135745","59530,153431"
-0.391304347826087,0.2608695652173913,"59537,135759","59537,103310"
1.0,1.0,"46383,55827","46383,90565"
0.6428571428571429,-1.0,"59553,135782","85398,135782"
-0.6,-0.5357142857142857,"59566,135800","59566,70719"
-0.391304347826087,-0.1298701298701298,"59574,135805","59574,108081"
-0.5806451612903226,-1.0,"59576,135807","59576,142853"
-0.2045454545454545,-1.0,"26705,73831","26705,62027"
0.3829787234042553,-1.0,"59582,98505","98505,161287"
0.45,-0.2264150943396226,"24869,91054","69435,91054"
-1.0,-0.3157894736842105,"15386,43980","15386,72253"
1.0,1.0,"59593,135829","59593,156844"
-0.1333333333333333,-0.4166666666666667,"12772,59595","12772,75461"
-0.1142857142857142,0.2619047619047619,"59599,135830","59599,158535"
-0.5454545454545454,0.4545454545454545,"59603,70810","70810,142885"
0.5806451612903226,0.0492610837438423,"59612,101412","101412,162258"
0.6206896551724138,-1.0,"39343,115808","30260,115808"
-0.0066889632107023,-0.6304347826086957,"59625,94258","62997,94258"
0.4186046511627907,0.1639344262295081,"43352,47014","47014,138837"
0.6666666666666667,-0.1964285714285714,"59644,85292","32083,85292"
0.3411873411873412,-0.5,"56685,109964","65102,109964"
1.0,-0.4571428571428571,"38671,81655","38671,66558"
-0.6428571428571429,0.3571428571428571,"59660,135871","59660,164580"
0.3793103448275862,0.3793103448275862,"59684,93585","93585,158716"
0.7831325301204819,0.1325301204819277,"23502,47318","23502,31754"
1.0,1.0,"59689,135889","90394,135889"
-0.3829787234042553,0.2978723404255319,"59707,135915","59707,146151"
-0.6428571428571429,-0.2080745341614906,"15408,114492","9449,15408"
-0.1363636363636363,0.0833333333333333,"20894,114561","20894,51260"
-0.4090909090909091,0.2954545454545454,"59719,135923","80859,135923"
-0.0674603174603174,-1.0,"47063,59723","59723,62338"
-0.4285714285714285,0.2619047619047619,"27240,59725","38252,59725"
1.0,-0.65625,"49829,77043","26223,77043"
-0.1914893617021276,0.1382978723404255,"31145,95685","31145,149701"
-0.5142857142857142,0.4857142857142857,"59759,135945","59759,138034"
0.5806451612903226,-1.0,"37201,80929","37201,153895"
0.6428571428571429,-1.0,"26763,51841","26763,45435"
-1.0,-1.0,"59797,135978","101910,135978"
-0.1071428571428571,0.0952380952380952,"59806,66995","66995,138158"
-0.2539682539682539,-0.1313131313131313,"19103,60587","20043,60587"
1.0,0.4615384615384615,"52797,135998","52797,153323"
-0.2,-1.0,"59844,114138","28093,59844"
0.4857142857142857,0.4857142857142857,"25380,115431","25380,78648"
0.2368421052631578,-0.2391304347826087,"33749,109366","51227,109366"
-0.6206896551724138,0.3793103448275862,"59868,136044","93986,136044"
-0.4,0.3555555555555555,"4190,110636","4190,6571"
0.1621621621621621,1.0,"20881,53156","53156,91280"
1.0,-0.2181818181818181,"23743,59912","35003,59912"
-0.4615384615384615,0.282051282051282,"59915,136073","94131,136073"
-0.391304347826087,0.2608695652173913,"23480,59930","23480,65898"
-1.0,-1.0,"59965,136096","80996,136096"
-1.0,-1.0,"51902,59969","59969,136194"
1.0,-1.0,"59973,136099","59973,150152"
-0.2903225806451613,-0.0633640552995392,"24956,50353","50353,124168"
-0.4390243902439024,0.2439024390243902,"60007,136121","102474,136121"
0.46875,0.46875,"60010,71996","71996,143717"
0.7142857142857143,-0.238095238095238,"33813,119811","12665,33813"
-0.3396226415094339,0.2452830188679245,"60031,81448","81448,143455"
0.2380487804878048,0.1829268292682926,"57242,60032","14782,57242"
0.5294117647058824,0.4230769230769231,"21949,60034","18497,60034"
-0.225,-0.2767857142857143,"60073,71468","71468,143400"
-0.5454545454545454,0.4545454545454545,"60074,136163","60074,143406"
0.1538461538461538,0.2307692307692307,"3492,9187","3492,4440"
1.0,1.0,"60111,104423","104423,166677"
0.4736842105263157,1.0,"3799,110531","6562,110531"
-0.3,0.1833333333333333,"51886,112858","51886,91265"
1.0,0.4347826086956521,"19171,73996","19171,89102"
0.4390243902439024,0.1875,"40462,53045","20238,40462"
-1.0,-1.0,"60280,136308","60280,160869"
-0.4390243902439024,0.3170731707317073,"60301,136331","60301,150456"
0.8646616541353384,0.0827067669172932,"60330,60331","60331,95100"
1.0,1.0,"60339,136350","60339,153483"
0.4090909090909091,-0.2941176470588235,"60340,136351","27730,60340"
1.0,0.25,"60366,77046","77046,147057"
-0.2867924528301887,0.6,"26178,71945","34558,71945"
-0.5806451612903226,0.4193548387096774,"60415,136380","60415,82100"
-0.2535211267605634,0.1549295774647887,"60418,71972","71972,95386"
-0.6428571428571429,0.3571428571428571,"60432,136392","60432,103812"
-0.2769230769230769,-0.2264150943396226,"15337,60437","15337,41992"
-0.6428571428571429,-1.0,"60449,77314","71441,77314"
0.5625,1.0,"19766,50527","50527,95354"
-0.3272727272727272,0.2545454545454545,"60459,136413","59563,60459"
0.8758620689655172,0.0827586206896551,"1436,60531","1436,65096"
-0.6206896551724138,0.3793103448275862,"60536,136455","60536,95650"
-0.2142857142857142,0.1428571428571428,"3077,121394","3077,12291"
-1.0,-0.4583333333333333,"60547,136463","81398,136463"
-0.6,0.4,"60552,136464","60552,88530"
0.4545454545454546,-0.5454545454545454,"60553,136465","66238,136465"
0.1859070464767616,0.0652173913043477,"60558,82337","82337,88556"
-0.5806451612903226,-0.180722891566265,"60565,115779","47671,60565"
0.2423112767940354,0.3243243243243243,"60596,90318","68999,90318"
-0.3,0.1833333333333333,"60608,72247","72247,74325"
-1.0,-1.0,"60640,64533","64533,138765"
-0.3673469387755102,0.3673469387755102,"11269,44703","11269,60687"
-0.5625,-1.0,"60721,112350","22509,112350"
-0.6428571428571429,-0.5238095238095238,"48504,60741","48504,99612"
-0.5294117647058824,0.4705882352941176,"15729,91726","29611,91726"
-0.3103448275862069,0.1896551724137931,"35508,60778","35508,96234"
-1.0,-0.4761904761904761,"42699,91033","59091,91033"
0.3829787234042553,-0.4545454545454545,"60803,136577","60803,85724"
1.0,1.0,"60807,64352","64352,138691"
-0.3333333333333333,0.2037037037037037,"27502,113517","96354,113517"
-0.5454545454545454,0.4545454545454545,"60857,136594","60857,72592"
-0.1310861423220973,-0.2077175697865353,"60860,110545","60860,143630"
-0.225,0.125,"52360,60875","52360,136882"
-0.5,0.5,"60890,136612","60891,136612"
0.0998885172798215,0.1130434782608695,"40777,113029","19673,40777"
0.4186046511627907,-1.0,"13275,107956","107955,107956"
0.4090909090909091,0.5,"27741,77551","27741,85409"
-0.5625,0.4375,"60919,136622","77569,136622"
-0.5142857142857142,0.4857142857142857,"60962,136640","60962,64524"
0.4230769230769231,-0.5769230769230769,"60964,113399","88478,113399"
-0.5806451612903226,0.4193548387096774,"60982,136648","60982,151029"
-0.6,0.4,"60985,136649","89433,136649"
1.0,1.0,"60989,136654","107850,136654"
-0.3333333333333333,0.2962962962962963,"46530,79434","46530,65881"
-1.0,-0.5217391304347826,"61010,125919","88525,125919"
-1.0,-0.2807017543859649,"61024,118906","26313,118906"
1.0,1.0,"12098,96849","96849,147366"
-0.36,0.22,"2970,113441","64629,113441"
-0.5454545454545454,0.4545454545454545,"61050,72836","72836,144063"
-1.0,-1.0,"40400,118147","66070,118147"
1.0,-0.5416666666666666,"39729,48569","48569,84926"
-0.4285714285714285,0.2857142857142857,"61141,69785","9969,69785"
-0.3214285714285714,0.1785714285714285,"61199,119375","98676,119375"
-0.28125,0.1875,"61228,133114","58618,61228"
-0.1894736842105263,0.1578947368421052,"61230,78044","73077,78044"
0.5142857142857142,-0.0841392649903288,"29686,116010","29686,66272"
-0.4,-1.0,"55349,73116","73116,122540"
-0.3829787234042553,0.2765957446808511,"61294,136760","83628,136760"
-0.6428571428571429,0.3571428571428571,"61318,136770","61318,167503"
-1.0,-0.2179487179487179,"26291,58164","58164,115534"
-0.6206896551724138,0.3793103448275862,"61350,136779","97535,136779"
-0.5625,0.4375,"61353,136780","78243,136780"
-0.4736842105263157,0.2631578947368421,"61355,122689","61355,106444"
0.6206896551724138,1.0,"61363,108080","61363,139683"
0.375,-1.0,"61441,127640","89963,127640"
-0.6428571428571429,0.3571428571428571,"61447,136804","106663,136804"
-0.3,0.2166666666666666,"52863,108198","83889,108198"
0.375,-0.2444444444444444,"61508,107221","51639,61508"
0.4,1.0,"11099,13954","11098,13954"
-0.6206896551724138,0.3793103448275862,"61587,98111","98111,161183"
-0.12,0.0933333333333333,"7637,112845","42742,112845"
-0.1428571428571428,0.0873015873015873,"61609,127781","65278,127781"
-0.4736842105263157,0.2631578947368421,"61638,109827","73582,109827"
0.4375,0.4375,"61653,136858","78683,136858"
-0.0737704918032786,0.0696721311475409,"61676,109451","65324,109451"
-0.5806451612903226,0.4193548387096774,"61697,136869","84317,136869"
1.0,-1.0,"61837,136902","61837,100042"
-0.5625,0.4375,"54028,78983","78983,123799"
0.2307692307692307,-0.3333333333333333,"17244,120411","84716,120411"
0.3272727272727272,-1.0,"61859,136907","13229,61859"
0.5806451612903226,0.2439024390243902,"35650,61885","35650,167996"
-0.6206896551724138,0.1793103448275861,"50308,136916","98852,136916"
1.0,-0.3260869565217391,"61953,117762","61953,111437"
-1.0,-0.1123595505617977,"39053,124949","79166,124949"
-1.0,-0.2777777777777778,"21666,61960","21666,42914"
-0.1475409836065573,0.1229508196721311,"61965,131691","65679,131691"
-0.2727272727272727,0.1515151515151515,"61972,117586","108190,117586"
-0.0095238095238096,-0.4,"61987,119117","61987,88280"
-1.0,-1.0,"46462,58817","46462,62015"
0.6216216216216216,-0.6756756756756757,"62010,131360","62010,91560"
1.0,0.6333333333333333,"62021,65747","58820,65747"
-0.3396226415094339,0.1886792452830188,"62050,136946","62050,108452"
-0.2068965517241379,0.160919540229885,"62052,136947","79328,136947"
-0.2950819672131147,0.2950819672131147,"62063,136950","62064,136950"
-0.2608695652173913,0.2028985507246377,"62085,129214","79386,129214"
1.0,1.0,"62091,136954","62091,66216"
-0.391304347826087,-0.5,"62095,117607","57119,117607"
0.28125,-0.7446808510638299,"30491,121202","30491,48542"
-0.1384615384615384,0.1384615384615384,"62160,117103","62161,117103"
0.4,-0.5769230769230769,"43340,136969","43340,62732"
-0.25,0.1388888888888889,"6572,116816","108826,116816"
0.6,0.48,"62189,136975","91896,136975"
-0.391304347826087,0.2391304347826087,"62230,121694","54396,121694"
0.6206896551724138,1.0,"42051,136978","42051,126577"
-0.1440677966101695,0.1271186440677966,"19919,62253","19919,71460"
-0.3863636363636363,0.3181818181818182,"62262,128814","38406,62262"
-1.0,-0.5217391304347826,"62263,137030","62263,93985"
-0.5862068965517241,-0.3125,"17243,62264","47863,62264"
0.3090909090909091,-0.1495327102803738,"23979,129536","25549,129536"
0.53125,-0.3333333333333333,"62267,102028","102028,165073"
0.8032786885245902,0.2131147540983606,"27149,52812","32774,52812"
0.34,0.3555555555555555,"21772,62282","21772,28376"
0.3541666666666667,1.0,"7992,13695","13695,14140"
-0.024411508282476,0.1113671274961597,"48617,50857","14687,48617"
-0.2687943262411347,-0.0904761904761904,"46617,62287","62287,62288"
-0.2825933756166314,0.4848484848484848,"62289,136595","62289,70687"
0.6296296296296297,1.0,"21373,95605","95605,140804"
-1.0,-0.2115384615384615,"22204,106657","22204,25870"
0.3027950310559005,-0.1739130434782608,"29979,62295","62295,100423"
-0.3269230769230769,0.25,"43836,48740","38194,48740"
1.0,0.4074074074074074,"62304,137120","92118,137120"
1.0,-0.1951219512195122,"23045,24221","24221,26246"
-0.425,-1.0,"22882,58993","26772,58993"
-0.4358974358974359,-0.064887493458922,"36780,44431","36780,92250"
-0.6296296296296297,0.3703703703703703,"62329,137164","62329,162226"
1.0,0.5833333333333334,"15754,22812","22812,120584"
0.5862068965517241,-0.2857142857142857,"53734,62331","53734,65577"
0.2073170731707317,-0.4347826086956521,"39881,56951","56951,144822"
-1.0,-1.0,"62357,137219","62357,157223"
-1.0,-0.238095238095238,"62368,116708","35836,62368"
-0.265625,0.21875,"7361,35267","35267,113866"
0.4146341463414634,-1.0,"62373,102763","102763,165667"
-0.0566532880518678,0.189873417721519,"44476,62379","31839,62379"
-0.6071428571428571,0.3928571428571428,"62385,137265","62385,84915"
-0.5666666666666667,0.4333333333333333,"62389,79856","79856,148410"
1.0,1.0,"62397,85596","85596,152356"
1.0,1.0,"62403,75613","75613,146145"
-0.6071428571428571,0.3928571428571428,"62431,137347","62431,157199"
0.6071428571428571,1.0,"39922,74791","51158,74791"
-0.096590909090909,-1.0,"38456,71122","38456,141814"
-0.425,0.25,"12718,78914","12718,72372"
-0.5483870967741935,0.4516129032258064,"62452,137369","62452,145121"
1.0,1.0,"62454,137376","81367,137376"
-0.6296296296296297,0.3703703703703703,"62455,122910","55293,62455"
-0.1650485436893204,0.1553398058252427,"34656,68189","24326,34656"
-0.6296296296296297,-0.175084175084175,"62479,137396","62479,100309"
-0.1808510638297872,-0.4331306990881458,"11795,28850","6737,28850"
-0.5483870967741935,0.4516129032258064,"62496,137419","62496,145221"
1.0,0.3181818181818182,"62536,63295","62536,74918"
-0.425,-0.25,"62540,114205","62540,117283"
-0.2463768115942029,0.144927536231884,"25205,38655","21302,25205"
-0.6451612903225806,-1.0,"10238,19122","10238,119231"
-0.146551724137931,0.0862068965517241,"32335,35874","35874,153008"
0.6071428571428571,-0.5652173913043478,"62556,117114","81435,117114"
1.0,-1.0,"62570,101232","101232,164220"
-0.3953488372093023,0.3720930232558139,"24871,30551","24871,66366"
-0.53125,0.46875,"62579,70407","70407,142435"
-0.2048192771084337,0.1566265060240964,"31841,128405","31841,105943"
-0.53125,0.46875,"62584,137527","62584,70409"
-0.146551724137931,0.0948275862068965,"32522,97726","32522,90362"
0.5862068965517241,0.3846153846153846,"62606,67090","58504,67090"
-0.4594594594594595,0.2702702702702703,"2908,100658","51921,100658"
0.6296296296296297,-0.3148148148148148,"36106,43463","23466,43463"
-0.1931818181818181,0.1477272727272727,"59311,137583","24384,59311"
1.0,0.3421052631578947,"49345,62660","49345,80236"
-1.0,-1.0,"62668,137620","62668,155831"
-0.2575757575757575,0.2424242424242424,"40338,62678","40338,59253"
-0.3541666666666667,0.2916666666666667,"45856,79151","19163,45856"
0.3777777777777777,0.3478260869565217,"62690,129435","67337,129435"
-0.5666666666666667,0.4333333333333333,"42568,81891","42568,59080"
0.6071428571428571,1.0,"28416,62702","28416,32963"
-0.5151515151515151,0.4848484848484848,"62715,137667","62715,139949"
0.2428571428571428,0.375,"62721,68323","62721,124461"
0.1166603126191384,-0.4166666666666667,"41577,47741","47741,64874"
-0.3777777777777777,0.2222222222222222,"3746,109593","3746,87911"
-0.6296296296296297,0.3703703703703703,"37647,60379","60379,64621"
1.0,-1.0,"62754,137703","66815,137703"
0.6296296296296297,0.56,"62755,100935","62755,123204"
-0.34,0.22,"62771,137718","62771,158163"
-0.6296296296296297,0.3703703703703703,"62788,137733","62788,101006"
-1.0,-0.5517241379310345,"62793,84491","62793,66581"
1.0,1.0,"62799,70636","61078,70636"
-0.2179487179487179,0.1666666666666666,"31924,41605","41605,55590"
-1.0,-0.4,"62818,137751","62818,71797"
1.0,-1.0,"62848,90707","90707,155964"
-0.6296296296296297,-1.0,"27951,69445","27951,50652"
-0.6296296296296297,-1.0,"61802,66633","61802,73892"
0.696969696969697,0.3333333333333333,"62861,63576","63576,84305"
-0.5862068965517241,0.4137931034482758,"62865,137792","62865,86374"
-0.1650485436893204,0.1359223300970873,"18311,39111","18311,45446"
-0.3953488372093023,0.3255813953488372,"62872,137798","62872,145841"
1.0,-0.2978723404255319,"62893,78992","78992,128951"
1.0,1.0,"62915,66683","66683,140163"
-1.0,-0.32,"62926,137839","48920,62926"
-0.4047619047619047,0.3095238095238095,"34863,120198","34863,149411"
1.0,0.5,"62930,73005","73005,144117"
1.0,-0.7619047619047619,"25519,31800","31800,117897"
-1.0,-1.0,"30021,62953","19595,30021"
-0.2361111111111111,0.1388888888888889,"22459,30899","22459,70734"
1.0,1.0,"62957,80657","80657,93410"
-0.6296296296296297,0.3703703703703703,"62973,137887","62973,164420"
-0.2125,0.1625,"62986,137890","62986,90302"
0.696969696969697,0.3333333333333333,"63004,74316","33928,74316"
-0.6071428571428571,0.3928571428571428,"63008,93499","93499,158615"
1.0,1.0,"63030,74408","74408,144494"
-0.086206896551724,-0.0862068965517241,"63045,137944","63045,86684"
1.0,1.0,"63051,93570","93570,158705"
0.4399999999999999,-0.6,"63080,123505","63816,123505"
-0.2537313432835821,0.2537313432835821,"63119,63120","63120,127387"
1.0,1.0,"63130,63131","63131,119313"
-0.34,0.26,"53988,113330","34140,53988"
-0.6071428571428571,0.3928571428571428,"63145,138021","33282,63145"
-0.4146341463414634,0.2926829268292683,"63164,138040","63164,86902"
-0.4594594594594595,-0.4324324324324324,"36668,38740","38740,123807"
-0.3695652173913043,0.3478260869565217,"63173,138049","63173,66954"
-0.4473684210526316,0.2894736842105263,"63194,138065","63194,101908"
0.0389016018306636,-0.4761904761904761,"3795,63197","63197,101054"
0.1574074074074074,-0.1686746987951807,"51820,63202","26264,63202"
-1.0,-0.3870967741935484,"37693,73307","73307,134922"
0.5151515151515151,1.0,"63217,138074","67001,138074"
-0.2098765432098765,-1.0,"11503,51975","11503,131423"
-0.1888888888888888,-0.2694444444444444,"16746,138112","16746,138113"
0.3863636363636363,-0.1944444444444444,"63308,71208","23330,63308"
-0.5483870967741935,0.4516129032258064,"63319,138136","75932,138136"
0.1827956989247312,-0.2156862745098039,"34937,113546","23722,113546"
-0.1650485436893204,-1.0,"11172,32044","11172,68673"
-0.0210526315789473,-0.0942857142857142,"15533,45805","45805,72572"
1.0,-1.0,"50424,128874","85825,128874"
-0.53125,0.46875,"63365,138181","71290,138181"
-0.1338582677165354,-0.2439024390243902,"19137,63417","19137,62308"
0.4857142857142857,-0.1309523809523809,"59984,117685","17958,117685"
-0.173469387755102,-1.0,"8542,63432","5999,8542"
0.1788194444444444,-0.3870967741935484,"33369,48538","24833,48538"
-0.5666666666666667,0.4333333333333333,"63455,138241","63455,150087"
0.1976744186046511,-0.1886792452830188,"63459,135561","46689,135561"
0.3695652173913043,0.5,"63480,102569","63480,157180"
1.0,-1.0,"63537,73016","73016,144124"
1.0,0.4761904761904761,"63570,81566","81566,115904"
-1.0,-1.0,"63574,138309","63574,66427"
-0.3035714285714285,0.2857142857142857,"47372,138311","40726,47372"
0.2615384615384615,-1.0,"47375,63583","11239,63583"
-0.2575757575757575,-1.0,"42987,105219","42987,50007"
-0.2328767123287671,0.1643835616438356,"63626,138339","63626,87701"
-0.425,0.25,"63662,72812","65767,72812"
-1.0,-1.0,"63669,138361","63669,143852"
1.0,-0.2222222222222222,"39756,46505","17188,39756"
-0.2615384615384615,0.2,"63703,119436","63703,127613"
0.6071428571428571,1.0,"11735,52405","32024,52405"
-0.1452991452991453,0.094017094017094,"25028,36270","27200,36270"
-0.0949720670391061,0.0558659217877094,"63796,103468","103468,133947"
-0.4146341463414634,0.2682926829268293,"63804,138446","63804,95117"
0.1259259259259259,-0.6,"54521,63813","61431,63813"
-1.0,-1.0,"63815,138456","63815,139046"
0.5,-0.1764705882352941,"12698,34796","23338,34796"
-0.3333333333333333,0.196078431372549,"63869,119845","56394,63869"
-0.4146341463414634,-1.0,"60436,138487","60436,75870"
0.3703703703703703,-1.0,"63914,103741","76751,103741"
1.0,1.0,"11948,22613","22613,55396"
-0.2537313432835821,0.1940298507462686,"49710,63937","49710,120251"
-0.3953488372093023,0.2790697674418604,"63949,138510","88314,138510"
-1.0,-1.0,"63956,69398","69398,141569"
0.2207792207792207,-0.2653061224489796,"45581,63987","1766,63987"
0.6296296296296297,0.3333333333333333,"63991,77944","63991,94579"
1.0,1.0,"64010,138539","64010,148629"
0.1931818181818181,-0.0378787878787879,"47616,78620","78620,124421"
0.6296296296296297,1.0,"64095,104158","64095,166552"
-0.6296296296296297,0.3703703703703703,"64126,138596","104250,138596"
-1.0,-0.2857142857142857,"64127,104807","104807,143918"
-1.0,-0.4545454545454545,"64134,129302","55086,64134"
1.0,1.0,"64148,138603","34761,138603"
0.1440677966101695,-0.0323624595469255,"60610,64159","9692,64159"
-0.2361111111111111,0.2083333333333333,"64187,138613","64187,72285"
-0.2428571428571428,-1.0,"23863,64214","23863,99460"
0.1478260869565217,-0.2142857142857142,"64239,115855","64239,112624"
0.1121212121212121,-0.5454545454545454,"37768,64259","23629,64259"
-0.5,0.5,"64287,118613","64287,104703"
-0.0574324324324324,0.0405405405405405,"9637,117835","9637,144216"
0.1545454545454545,-0.2564102564102564,"64325,138680","37803,138680"
0.5185185185185186,-0.2439024390243902,"64338,138684","11398,64338"
1.0,0.675,"64343,138687","42511,64343"
-1.0,-0.5652173913043478,"64354,78554","28888,64354"
1.0,-0.4782608695652174,"64425,138718","64425,88402"
-0.5151515151515151,0.4848484848484848,"64447,68364","68364,141258"
1.0,-1.0,"64477,138744","64477,96450"
1.0,-0.4666666666666667,"64489,135402","64489,113157"
-0.5666666666666667,0.4333333333333333,"35784,138749","77423,138749"
-0.5483870967741935,0.4516129032258064,"64573,138782","64573,77696"
-0.3777777777777777,-0.2095238095238095,"47032,119304","70909,119304"
-1.0,-0.1076923076923077,"55958,64646","44180,55958"
-1.0,-0.1111111111111111,"21681,64654","17743,64654"
0.6071428571428571,-1.0,"64657,138810","64657,101924"
0.320754716981132,-0.5,"64663,137143","40727,137143"
-0.4146341463414634,-0.0471698113207547,"57957,118273","15564,57957"
0.3469387755102041,-1.0,"64694,114450","108624,114450"
-1.0,-1.0,"57996,64716","64716,68650"
-0.4146341463414634,0.3170731707317073,"64724,83370","83370,151137"
-0.34,-0.2439024390243902,"50254,64743","35385,50254"
0.5862068965517241,-0.1063829787234042,"64749,89787","33582,64749"
1.0,-0.5652173913043478,"64762,138839","80970,138839"
-0.53125,0.46875,"64775,138844","73013,138844"
0.6296296296296297,0.15625,"36306,106064","36306,101535"
-0.106060606060606,-0.7450980392156863,"52876,64830","52876,65239"
0.1103896103896103,-0.282051282051282,"38001,64856","64856,88973"
0.1510695187165775,0.2352941176470588,"64871,64872","61267,64871"
-0.3469387755102041,-0.4782608695652174,"25986,97353","90005,97353"
-0.1205673758865248,0.0709219858156028,"17851,106189","106189,143016"
0.066869300911854,0.2340425531914893,"64903,134813","36714,134813"
0.3148148148148148,-0.1226415094339622,"50348,122050","12750,122050"
0.46875,0.46875,"53179,64918","53179,73163"
-0.5862068965517241,0.4137931034482758,"64922,138886","90091,138886"
1.0,-0.3225806451612903,"64961,138895","64961,92134"
0.5,-1.0,"64992,128234","46938,64992"
-0.3777777777777777,0.2888888888888888,"64997,138901","83724,138901"
-0.5862068965517241,0.4137931034482758,"65013,138904","90220,138904"
-0.075,0.5,"58952,91369","91369,151304"
0.5862068965517241,0.2083333333333333,"65076,138932","34190,65076"
-0.53125,0.46875,"65104,138935","65104,73386"
-1.0,-1.0,"65112,138938","65112,92375"
-0.6296296296296297,0.3703703703703703,"65137,97911","65137,106869"
0.782608695652174,0.217391304347826,"17584,138954","17584,95195"
-0.6296296296296297,0.3703703703703703,"65207,107015","107015,167756"
0.1683168316831683,1.0,"65220,112455","65220,91317"
-1.0,-1.0,"65232,125168","66829,125168"
-0.5483870967741935,0.4516129032258064,"65248,138977","65248,78611"
0.5151515151515151,1.0,"65290,78669","73637,78669"
0.1785714285714285,0.2077922077922077,"65291,69237","52913,69237"
0.0566137566137566,0.2222222222222222,"11245,116638","73573,116638"
-1.0,-1.0,"50047,114953","68320,114953"
0.2982456140350877,-0.3555555555555555,"49862,124122","18463,49862"
-0.4857142857142857,-0.1529411764705882,"50905,65378","50905,63704"
-1.0,-1.0,"65384,139008","70400,139008"
-0.6071428571428571,0.3928571428571428,"65400,139014","98486,139014"
0.5483870967741935,-1.0,"27945,65426","27945,98444"
-0.6296296296296297,-0.40625,"65464,65465","65464,84493"
-0.5862068965517241,0.4137931034482758,"65466,91081","91081,98628"
-0.293103448275862,0.1896551724137931,"46457,65507","65507,98699"
-1.0,-1.0,"65523,108705","108705,168202"
-0.6296296296296297,0.3703703703703703,"65532,139054","107776,139054"
0.0711297071129707,0.2855162855162855,"65545,110918","12913,65545"
-1.0,-1.0,"55838,132938","21649,55838"
0.5862068965517241,0.2857142857142857,"43025,139072","43025,91326"
1.0,1.0,"65632,139076","65632,104345"
-0.3469387755102041,0.2040816326530612,"33360,65643","33360,36581"
-0.2098765432098765,0.1234567901234567,"65651,118708","108113,118708"
-0.5862068965517241,0.4137931034482758,"65672,139084","65672,91438"
-0.5142857142857142,-0.1571428571428571,"65691,136934","61306,65691"
0.6296296296296297,-0.5,"65695,108215","25859,65695"
1.0,1.0,"48614,65700","65700,96170"
1.0,-1.0,"65717,139098","65717,141656"
-0.0092592592592592,-0.4814814814814815,"55936,65738","65738,69721"
-1.0,-1.0,"65750,65751","65750,79286"
0.2537313432835821,1.0,"65766,114870","65766,147164"
0.6666666666666667,0.2916666666666667,"10749,114620","10749,32008"
-0.2,-0.8705882352941177,"65858,139128","65858,99440"
-1.0,-1.0,"65917,116516","65917,122708"
-0.3541666666666667,0.3333333333333333,"65941,114697","69942,114697"
0.3333333333333333,1.0,"31691,33446","31691,53720"
-0.6153846153846154,-0.2941176470588235,"45348,81474","45348,114015"
-0.5517241379310345,0.4482758620689655,"32398,34553","32398,50881"
-0.1176470588235294,-0.5238095238095238,"22219,120297","22219,99969"
0.3333333333333333,0.1145833333333333,"20477,30891","20477,88227"
0.3720930232558139,-1.0,"25265,94320","94320,102596"
-0.5925925925925926,0.4074074074074074,"66048,139287","66048,156591"
-0.2051282051282051,0.2051282051282051,"7328,15165","7328,117952"
-0.5714285714285714,0.4285714285714285,"66052,139303","66052,151939"
-0.4482758620689655,-0.4444444444444444,"53422,66059","54871,66059"
0.2807017543859649,1.0,"66060,99909","38596,99909"
0.6153846153846154,-0.1585365853658536,"11024,13006","13006,136108"
1.0,1.0,"66067,100370","100370,162967"
-0.3720930232558139,0.3488372093023256,"44902,139370","37194,44902"
-0.3902439024390244,0.3414634146341463,"66094,139406","66094,74674"
1.0,1.0,"66095,92622","92622,157581"
1.0,0.3333333333333333,"66098,139410","66098,142484"
1.0,0.5217391304347826,"66108,120925","91388,120925"
-0.32,0.2,"30960,49846","42240,49846"
1.0,1.0,"66170,139515","66170,155352"
1.0,1.0,"66179,139526","107888,139526"
0.5714285714285714,-1.0,"52775,82994","78441,82994"
1.0,0.3666666666666666,"66187,93380","93380,158486"
-0.5333333333333333,-1.0,"66191,139547","66191,158459"
0.3555555555555555,-0.1707317073170731,"37104,112887","14727,112887"
0.4545454545454546,0.4545454545454545,"66211,100653","100653,163402"
-0.2424242424242424,0.1818181818181818,"46714,97968","46714,83688"
-0.5925925925925926,0.4074074074074074,"66225,139596","66225,157257"
-1.0,-0.2745098039215686,"42045,66227","28832,66227"
1.0,0.5238095238095238,"66234,92413","92413,157273"
0.0318840579710144,-0.1818181818181818,"66236,92959","30507,66236"
1.0,-1.0,"66243,139621","88105,139621"
1.0,0.5,"66246,79975","79975,92432"
-0.2758620689655172,0.1896551724137931,"66267,100362","92471,100362"
0.188235294117647,0.4583333333333333,"9416,10794","10794,78860"
-0.5333333333333333,-1.0,"66273,139662","66273,162975"
-0.1311475409836065,0.0901639344262295,"9822,66283","9822,157432"
0.6153846153846154,-1.0,"66321,139728","92591,139728"
-0.5161290322580645,0.4838709677419355,"66322,139729","66322,142385"
-0.2133333333333333,0.2,"7270,55698","7270,89361"
-0.16,0.1,"66324,114170","66324,155776"
1.0,-1.0,"66326,84701","84701,126681"
-0.3902439024390244,0.3658536585365853,"66343,70372","70372,142401"
-0.3720930232558139,0.2558139534883721,"66347,66348","66348,128636"
-1.0,-0.5,"53592,54982","45799,54982"
-0.5517241379310345,0.4482758620689655,"66364,80124","80124,148812"
1.0,0.1772151898734177,"66375,73519","73519,147624"
0.0359550561797752,0.5,"3321,86096","9044,86096"
0.5925925925925926,-1.0,"66401,70800","62951,70800"
0.0331950207468879,0.641025641025641,"3408,119551","75001,119551"
0.7037037037037037,0.2037037037037037,"48951,66408","48951,142477"
-0.1316232127838519,-0.1282051282051282,"66413,117102","65358,66413"
0.6153846153846154,0.2222222222222222,"37083,48972","37083,101226"
-0.5925925925925926,0.4074074074074074,"66426,139839","66426,157792"
-0.5925925925925926,0.4074074074074074,"66428,92770","92770,157793"
1.0,-0.1904761904761904,"60058,68039","60058,120253"
0.0389294403892944,-0.4,"4178,47092","47092,117901"
-0.2909090909090909,-0.5517241379310345,"38537,66447","25569,38537"
-1.0,-1.0,"66461,139875","66461,135852"
-0.5925925925925926,0.4074074074074074,"66464,109060","16282,66464"
0.6153846153846154,-1.0,"66471,90278","90278,141934"
-1.0,-0.4,"66473,112396","66473,144120"
-0.3902439024390244,0.2439024390243902,"32443,109339","74581,109339"
0.1649484536082474,-0.15,"11321,66486","55754,66486"
-0.4324324324324324,-0.48,"66508,139924","66508,80663"
0.5925925925925926,-1.0,"22483,106492","67900,106492"
-1.0,-1.0,"66537,139972","74876,139972"
1.0,-1.0,"66543,139980","85689,139980"
0.5714285714285714,-0.4583333333333333,"28595,32176","28595,36712"
-0.1333333333333333,-0.3716666666666666,"19475,128243","19475,46900"
1.0,-0.2244897959183673,"26524,61526","26524,124881"
0.4210526315789473,-0.2888888888888888,"52680,66590","52680,80442"
0.7647058823529411,0.3137254901960784,"19127,67737","67737,138725"
1.0,-1.0,"66605,89192","89192,155439"
0.1269841269841269,0.1324786324786325,"66627,70692","70692,70693"
0.5517241379310345,-1.0,"66638,80529","66638,100375"
-0.0653061224489796,0.0408163265306122,"7796,140154","7796,100922"
-0.5161290322580645,0.1865736704446381,"6364,114448","6364,68219"
-0.5333333333333333,0.4666666666666667,"66697,140184","66697,75404"
-0.6153846153846154,0.3846153846153846,"66733,140225","66733,101380"
-0.2133333333333333,0.1333333333333333,"66734,93421","39073,93421"
1.0,1.0,"66736,140227","94805,140227"
0.4324324324324324,-0.5555555555555556,"66749,71305","66749,144270"
-1.0,-0.5833333333333334,"66759,132366","66759,75498"
-0.2962962962962963,0.2962962962962963,"19959,66773","19959,140259"
-0.2285714285714285,0.2142857142857142,"66776,69603","43122,66776"
-0.1818181818181818,-0.5,"18575,66777","6201,18575"
0.2388059701492537,-0.2702702702702703,"14815,15859","11906,15859"
-0.6153846153846154,0.3846153846153846,"66787,140273","66787,164530"
-0.5517241379310345,0.4482758620689655,"5031,72709","5031,44483"
0.3265306122448979,-0.2857142857142857,"24605,69491","24605,41211"
0.5357142857142857,-0.2444444444444444,"66830,140309","63209,66830"
-1.0,-1.0,"66873,140345","66873,100635"
0.1999999999999999,-0.44,"30215,112344","75030,112344"
0.4324324324324324,-1.0,"66882,99020","99020,161428"
-0.5333333333333333,0.4666666666666667,"66883,140360","66883,105057"
1.0,1.0,"66887,140369","73934,140369"
-0.1860465116279069,0.1511627906976744,"8897,32221","22610,32221"
-1.0,-1.0,"49697,88259","88259,115915"
0.125,-0.1733333333333333,"6825,51612","51612,81837"
-0.3018867924528302,0.2830188679245283,"66953,120631","66953,69157"
-0.5925925925925926,0.4074074074074074,"20136,140425","20136,92053"
-0.5714285714285714,0.4285714285714285,"66971,140433","66971,154022"
0.5,0.5,"24365,50466","24365,141216"
1.0,1.0,"66973,86952","86952,154026"
-0.3720930232558139,0.3023255813953488,"66980,75762","75762,80563"
0.5517241379310345,0.1057692307692307,"66996,96847","96847,153037"
1.0,-1.0,"66999,106887","68470,106887"
-0.2622950819672131,0.2622950819672131,"67022,107368","67022,140467"
0.5,0.4,"67036,67037","67036,151489"
-0.2580645161290322,0.1612903225806451,"26897,69417","26897,57526"
-0.5714285714285714,0.4285714285714285,"67060,87068","87068,154154"
-0.4,0.325,"67063,83201","61038,67063"
-1.0,-1.0,"59220,85168","85168,160059"
-0.5,0.5,"46157,63758","20407,46157"
-0.3478260869565217,0.3043478260869565,"43494,67120","43494,116450"
1.0,0.4642857142857143,"16604,67159","16604,44761"
-1.0,-0.5416666666666666,"67165,81433","67165,79665"
0.5161290322580645,0.2558139534883721,"34500,67180","34432,34500"
-0.5925925925925926,0.4074074074074074,"67181,94163","94163,159254"
-0.4074074074074074,-0.4642857142857143,"2828,3414","3414,109440"
-0.6153846153846154,0.3846153846153846,"67184,140586","67184,102297"
-0.5333333333333333,-0.5333333333333333,"67194,140594","67194,76009"
-0.5,0.5,"67198,140596","67198,140597"
1.0,1.0,"67201,81264","81264,150001"
-1.0,-1.0,"35366,67204","67204,87262"
0.6153846153846154,1.0,"43526,67205","67205,71311"
1.0,-1.0,"67247,140634","67247,149658"
-1.0,-1.0,"67260,67261","54237,67261"
-0.5517241379310345,0.4482758620689655,"67262,140643","67262,150063"
-1.0,-0.4761904761904761,"67293,102502","102502,159395"
1.0,1.0,"67297,140680","67297,93525"
0.5925925925925926,-0.0757575757575757,"41903,140690","7188,41903"
0.3404255319148936,-1.0,"67327,140703","21199,140703"
-0.5789473684210527,-0.2682926829268293,"67348,124393","67348,122257"
1.0,1.0,"67349,140717","67349,86130"
1.0,1.0,"67351,139887","99513,139887"
0.3018867924528302,1.0,"43952,67352","38931,67352"
1.0,-1.0,"55305,129741","55305,80472"
0.6153846153846154,1.0,"67355,124078","48183,124078"
-0.6153846153846154,0.3846153846153846,"67363,102691","102691,165616"
0.5714285714285714,1.0,"67379,140743","88240,140743"
1.0,0.2115384615384615,"10457,49989","10457,102483"
-0.5517241379310345,-0.24,"67400,87674","81622,87674"
-0.5333333333333333,0.4666666666666667,"67457,140782","67457,76362"
-1.0,-1.0,"67472,140793","67472,159646"
-0.4,0.25,"67485,103020","67485,103019"
-0.5333333333333333,0.4666666666666667,"67486,140799","76398,140799"
1.0,1.0,"67491,89322","89322,155484"
-0.003001200480192,0.2244897959183673,"67524,113308","67524,94835"
1.0,1.0,"67541,71681","71681,81778"
-1.0,-0.5185185185185185,"67602,140880","67602,76557"
0.4130127298444129,-1.0,"39010,140888","39010,152906"
-0.2962962962962963,0.2592592592592592,"67624,140898","67624,76600"
0.3720930232558139,1.0,"67625,109201","39006,109201"
-0.4,0.3,"18451,53321","18451,88024"
0.5161290322580645,1.0,"67636,95850","67636,71809"
0.5555555555555556,-1.0,"67706,114904","67706,91015"
-0.6153846153846154,0.3846153846153846,"67708,103618","103618,166224"
0.6153846153846154,0.4545454545454546,"67728,140952","67728,100451"
-1.0,-0.5238095238095238,"67731,140954","67731,105623"
-0.2580645161290322,0.1774193548387097,"60369,140956","60369,95287"
-0.2253521126760563,0.1408450704225352,"67741,132594","33760,132594"
-0.4444444444444444,-1.0,"50660,72652","72652,125679"
-0.6153846153846154,0.3846153846153846,"67784,103777","103777,166319"
0.5,-0.2391304347826087,"2965,67789","50379,67789"
0.4458930899608866,-0.2796610169491526,"67792,103798","67792,131025"
-0.5333333333333333,0.4666666666666667,"67811,140997","67811,76828"
-0.5714285714285714,0.4285714285714285,"67829,88362","67829,88361"
0.4074074074074074,0.4074074074074074,"67865,141021","67865,160138"
-0.1509433962264151,0.1509433962264151,"9084,11197","9084,130379"
-0.6153846153846154,-0.1833333333333333,"67888,141037","51115,67888"
0.3018867924528302,-1.0,"67922,68070","67922,136446"
-0.2738095238095238,0.4761904761904761,"64066,84023","84023,104085"
0.1495327102803738,-0.4,"52107,106782","50897,106782"
1.0,-0.3846153846153846,"42728,61452","42728,82598"
-0.0653061224489796,0.0653061224489796,"20959,67933","67933,132795"
-0.5714285714285714,0.4285714285714285,"65836,121308","65836,132959"
-0.3809523809523809,0.238095238095238,"67936,141061","67936,147173"
0.2538461538461538,0.2307692307692307,"67938,98219","72140,98219"
-1.0,-0.4102564102564102,"67953,68995","68995,127414"
-0.1073825503355704,0.0805369127516778,"67956,110103","67956,88545"
-0.5161290322580645,0.4838709677419355,"67957,141074","67957,143796"
1.0,1.0,"67961,88553","88553,112039"
-0.5333333333333333,0.4666666666666667,"67987,77040","77040,147055"
1.0,0.275,"68026,132506","87467,132506"
-0.5925925925925926,-1.0,"68035,95832","95831,95832"
1.0,1.0,"68036,123252","68036,104339"
-0.5925925925925926,-0.5925925925925926,"68057,141121","95898,141121"
0.4482758620689655,-0.1169415292353822,"68060,136024","24070,136024"
1.0,-1.0,"68117,141152","104380,141152"
-0.3902439024390244,0.3658536585365853,"68131,119007","72359,119007"
-1.0,-1.0,"50299,74059","74059,127901"
0.6097560975609756,0.3170731707317073,"36921,60974","45823,60974"
-0.6153846153846154,-1.0,"64475,68192","64475,144015"
-0.2162162162162162,0.2027027027027027,"21948,89022","22389,89022"
-0.6153846153846154,0.3846153846153846,"68264,141217","104894,141217"
0.123076923076923,0.3125,"31983,141218","93656,141218"
0.5925925925925926,1.0,"68284,96345","68284,156901"
1.0,1.0,"68309,105028","105028,166953"
1.0,-1.0,"19246,99257","99257,117030"
-0.5714285714285714,0.4285714285714285,"68377,141262","89295,141262"
-0.3042735042735043,0.1346153846153846,"62441,105190","105190,134862"
-0.2580645161290322,-0.3636363636363636,"18922,84069","18922,97831"
-1.0,-1.0,"68389,82988","30178,82988"
-0.3555555555555555,0.3555555555555555,"68395,77571","68396,77571"
-0.4482758620689655,-0.2894736842105263,"68439,78904","68439,147300"
0.5925925925925926,-0.4166666666666667,"68459,96668","68459,131246"
-0.2461538461538461,-0.5185185185185185,"13085,59000","13085,53358"
0.1839080459770115,-0.2222222222222222,"35197,91283","35197,115169"
-0.2857142857142857,0.2142857142857142,"68498,73006","68498,77949"
-0.2424242424242424,0.2424242424242424,"68501,141311","68502,141311"
-0.5517241379310345,-1.0,"68530,141319","68530,161288"
0.4,0.4,"68537,141321","68537,164293"
1.0,0.1351351351351351,"20979,50715","20979,104133"
0.7647058823529411,0.1764705882352941,"64645,68568","64645,65887"
-0.3265306122448979,0.2448979591836734,"52502,133238","52502,155609"
-0.134453781512605,-1.0,"54108,110528","75915,110528"
-0.1818181818181818,0.1704545454545454,"37941,72893","72893,122356"
-0.4324324324324324,0.2702702702702703,"68626,141348","68626,105736"
-0.2133333333333333,0.2,"9520,109072","9998,109072"
-0.6153846153846154,0.3846153846153846,"23236,68675","23236,66164"
-0.5161290322580645,0.4838709677419355,"68683,141356","72988,141356"
-0.5925925925925926,-0.5925925925925926,"68695,141360","97138,141360"
-1.0,-1.0,"68726,141370","73039,141370"
-0.2318840579710145,0.217391304347826,"68732,78152","73052,78152"
-0.5517241379310345,0.4482758620689655,"68737,141375","83498,141375"
-0.3076923076923077,0.25,"68738,113508","65122,113508"
-0.6153846153846154,0.3846153846153846,"68742,141378","106048,141378"
-0.4210526315789473,-0.3783783783783784,"68761,141381","75782,141381"
-0.5333333333333333,0.4666666666666667,"50760,68775","50760,78059"
-0.4,0.25,"19819,39746","19819,131705"
-0.5333333333333333,0.4666666666666667,"68802,78097","78097,147467"
-0.32,-1.0,"68848,141407","9555,68848"
-0.3902439024390244,0.2682926829268293,"15675,111107","15675,117705"
-0.6153846153846154,0.3846153846153846,"68864,141414","44351,68864"
-0.0687960687960688,0.2702702702702703,"13514,17818","13514,14346"
0.4571428571428571,-0.48,"68903,131032","68903,83739"
-0.2857142857142857,-0.7321428571428572,"10325,68907","10325,12692"
-0.2580645161290322,0.1935483870967742,"68931,90258","90258,151145"
-1.0,-0.3225806451612903,"68959,141448","105063,141448"
-1.0,-1.0,"68973,99632","99632,161556"
-1.0,-0.4782608695652174,"68976,141457","68976,86192"
0.8181818181818181,-0.3874458874458875,"69028,115976","90425,115976"
-0.5,0.5,"69038,141471","69039,141471"
-0.1553398058252427,0.0970873786407767,"34723,53198","53198,106804"
-0.5161290322580645,0.4838709677419355,"69168,141514","73564,141514"
1.0,0.4285714285714285,"69209,141523","14121,69209"
1.0,1.0,"69235,69236","69236,78668"
0.6153846153846154,1.0,"69255,73818","73818,132524"
-0.2666666666666666,-1.0,"69273,79574","79574,134970"
-0.5925925925925926,0.4074074074074074,"69336,141552","98433,141552"
-0.2580645161290322,0.2096774193548387,"69370,107506","69370,107504"
1.0,0.4583333333333333,"23207,141562","23207,155003"
0.5333333333333333,-0.3846153846153846,"69427,124134","69427,97575"
1.0,-1.0,"69441,141580","69441,156068"
0.7974683544303798,-0.0931454502030093,"69467,120483","28347,120483"
0.5714285714285714,-0.303030303030303,"69487,84690","84690,128957"
1.0,1.0,"69503,141594","69503,96896"
-0.4102564102564102,0.3076923076923077,"69518,141599","91194,141599"
-0.6153846153846154,0.3846153846153846,"69544,107857","107857,167991"
0.7142857142857143,0.1785714285714285,"58696,84659","58696,79045"
0.4074074074074074,0.4074074074074074,"69590,141625","97626,141625"
-0.1441441441441441,0.1081081081081081,"63644,116262","91363,116262"
-0.5925925925925926,-0.5925925925925926,"69636,118076","92403,118076"
-1.0,-0.3421052631578947,"29648,69675","28027,69675"
0.6153846153846154,-0.48,"69677,116823","69677,79646"
-1.0,-1.0,"69691,141648","69691,103533"
0.4210526315789473,-0.48,"67182,108292","67182,80169"
-0.1428571428571428,-0.6,"69722,74220","74220,84937"
1.0,1.0,"69730,69731","69731,69732"
0.875,0.125,"17967,109900","69799,109900"
-1.0,-1.0,"69822,141675","78378,141675"
-0.5925925925925926,0.4074074074074074,"69833,141676","99427,141676"
1.0,1.0,"69836,141677","69836,153257"
0.2253521126760563,-1.0,"69841,120442","69841,122008"
0.4074074074074074,-1.0,"17902,116814","10077,116814"
-0.4444444444444444,-1.0,"69872,128075","96709,128075"
1.0,1.0,"69937,141700","69937,158719"
-0.1185185185185185,-0.31005291005291,"34574,124984","32417,124984"
0.5517241379310345,-1.0,"69961,141705","49024,69961"
-0.4166666666666667,0.3055555555555556,"70033,129719","39826,70033"
0.5769230769230769,-1.0,"36151,70039","36151,92879"
0.2821316614420062,0.1264367816091954,"34114,53404","53404,69624"
-0.5555555555555556,0.4444444444444444,"23195,34337","23195,27170"
-0.5555555555555556,-1.0,"70056,141848","70056,154582"
-0.5769230769230769,0.4230769230769231,"70100,141921","70100,156677"
-1.0,-1.0,"51219,115581","51219,88195"
-0.5555555555555556,0.4444444444444444,"70107,141946","70107,152032"
-0.4054054054054054,0.3243243243243243,"26122,70120","26123,70120"
-0.1063829787234042,0.0780141843971631,"19005,115352","19005,156820"
-0.5357142857142857,0.4642857142857143,"18471,47718","18471,47717"
-0.4054054054054054,0.2972972972972973,"34880,127081","34880,90890"
1.0,-0.217391304347826,"21599,116212","29673,116212"
1.0,-0.375,"70172,142062","70172,80615"
-1.0,-1.0,"70176,142070","70176,161573"
-0.375,-0.0821917808219178,"31999,50044","6385,31999"
-0.25,0.2333333333333333,"70189,81506","70189,120011"
-0.2631578947368421,0.2456140350877192,"36059,142113","36059,143074"
-0.6,-0.3055555555555556,"55082,70204","55082,90128"
-0.2586206896551724,-0.2222222222222222,"7732,125623","7732,121974"
0.1223776223776223,0.1925133689839571,"70220,85611","51066,85611"
-0.5,0.5,"70226,142143","70226,142144"
-0.5172413793103449,0.4827586206896552,"70232,78175","70232,71613"
-1.0,-1.0,"70239,142165","70239,153540"
-0.1875,0.175,"25258,46718","46718,87873"
1.0,-0.2511520737327188,"10387,104630","10387,116914"
1.0,1.0,"70247,90457","75333,90457"
-0.3947368421052631,0.2894736842105263,"70250,116302","70250,75886"
1.0,-0.1929824561403508,"53508,128053","46709,53508"
0.1401869158878504,-0.303030303030303,"23002,107962","72054,107962"
-0.6,0.4,"70261,142205","70261,162768"
0.5,0.5,"70262,94082","94082,159203"
-0.3061224489795918,0.2040816326530612,"39941,95152","39941,82137"
-0.4285714285714285,0.2857142857142857,"70281,100296","100296,162844"
0.4782608695652174,0.4782608695652174,"13991,25906","25906,44874"
-0.2586206896551724,0.2068965517241379,"1034,142309","1034,14164"
1.0,-1.0,"70326,142328","79815,142328"
0.1229508196721311,1.0,"32503,142330","75837,142330"
-0.5769230769230769,0.4230769230769231,"70329,142335","70329,157436"
1.0,-0.9153846153846154,"9218,9452","9452,135018"
-0.3260869565217391,0.2391304347826087,"70350,122885","47193,70350"
0.3061224489795918,-1.0,"32875,44904","10664,32875"
-0.5769230769230769,-1.0,"70369,142400","70369,167235"
-0.5357142857142857,0.4642857142857143,"45347,111323","7212,45347"
-0.5357142857142857,-0.52,"17159,70383","64305,70383"
-0.0710900473933649,-0.074074074074074,"6682,140741","6682,12166"
-1.0,-1.0,"70414,142442","70414,163544"
0.2991452991452991,0.3055555555555556,"70422,70423","53655,70423"
-1.0,-0.5238095238095238,"30599,34727","34727,62080"
-0.217391304347826,0.1739130434782608,"53628,68488","53628,83450"
-0.0172413793103448,-0.5172413793103448,"70452,83413","70452,82631"
-1.0,-0.3870967741935484,"70459,128091","70459,134786"
-0.0746268656716417,0.0597014925373134,"10679,142496","10679,121234"
-0.5172413793103449,-1.0,"70462,142499","48227,70462"
1.0,-1.0,"70475,142517","102051,142517"
-0.5172413793103449,0.4827586206896552,"70476,75059","75059,145514"
-0.6,-1.0,"39930,91523","91523,151916"
-0.5238095238095238,-0.1428571428571428,"70483,142530","28948,70483"
-0.5357142857142857,0.4642857142857143,"70491,142534","70491,148990"
-0.5769230769230769,0.4230769230769231,"70498,142550","70498,157907"
1.0,-0.44,"70510,97508","78213,97508"
-0.5555555555555556,-0.5,"25770,62697","25770,86084"
-0.6,0.4,"70522,142590","70522,163665"
1.0,1.0,"70527,142594","94154,142594"
-0.3947368421052631,0.3157894736842105,"33981,70552","70552,152286"
1.0,-0.2115384615384615,"58769,118365","58769,119936"
-1.0,-0.4782608695652174,"70602,129787","70602,155514"
-1.0,-0.3142857142857143,"30141,70631","70631,75227"
0.5555555555555556,0.2264150943396226,"37787,54765","37787,51062"
-0.5769230769230769,-1.0,"70650,142727","75193,142727"
0.7,0.2,"70653,86309","86309,101060"
-0.3947368421052631,0.3421052631578947,"70672,142750","70672,79466"
-0.5769230769230769,-1.0,"45941,142759","45941,58943"
0.2307692307692307,1.0,"41637,95580","95580,116731"
0.46875,0.1643835616438356,"37412,62874","37412,77435"
0.2678571428571428,1.0,"17209,48273","33224,48273"
-0.5357142857142857,0.4642857142857143,"70740,142820","80572,142820"
-0.5357142857142857,0.4642857142857143,"11859,40238","11859,136016"
-0.6,0.4,"70759,142837","70759,101266"
-0.2727272727272727,0.2727272727272727,"12651,46187","12651,126641"
0.3658536585365853,0.1263157894736842,"34810,66714","34810,149472"
0.1546391752577319,1.0,"13217,45076","13217,86927"
1.0,1.0,"2373,26218","26218,143801"
-0.5454545454545454,-1.0,"70813,142886","86047,142886"
0.2083333333333333,0.3658536585365853,"46996,71397","71396,71397"
-1.0,-1.0,"70844,142917","70844,167136"
0.2888888888888888,-1.0,"43546,91022","91022,112150"
-0.2419354838709677,0.2096774193548387,"28186,47016","47016,103849"
-0.4642857142857143,-0.5384615384615384,"70871,79522","74740,79522"
-1.0,-1.0,"11208,124233","80653,124233"
-0.2830188679245283,-0.5,"70908,104607","104607,142796"
-0.3333333333333333,0.2666666666666666,"26305,37882","37882,86720"
-1.0,-1.0,"70921,142989","70921,166458"
-1.0,-0.25,"26993,130011","26993,77799"
-1.0,-0.2291666666666666,"70941,107353","39537,70941"
-0.3571428571428571,-1.0,"63074,122496","63074,119833"
-0.5172413793103449,-1.0,"70981,143048","70981,101443"
1.0,1.0,"71013,101772","101772,164816"
1.0,1.0,"71033,143085","103539,143085"
-0.5555555555555556,0.4444444444444444,"71042,143097","71042,153984"
-0.180722891566265,0.1204819277108433,"4971,49603","4971,90848"
0.3409090909090909,1.0,"21750,63174","21750,152670"
-1.0,-0.4782608695652174,"71065,143120","71065,85869"
-1.0,-1.0,"71081,90948","90948,156025"
-0.5,-1.0,"71083,117246","71083,82302"
-0.4054054054054054,-0.3125,"52895,71091","47691,71091"
-0.6,0.4,"71095,143136","71095,164988"
-0.2727272727272727,0.2,"16983,63236","63236,145725"
-1.0,-1.0,"71118,103959","103959,107276"
-0.6,0.4,"71196,102124","102124,165159"
-1.0,-1.0,"71235,143221","79824,143221"
0.2213793103448275,0.1896551724137931,"23663,50109","23663,105277"
1.0,1.0,"71272,143250","71272,81214"
0.5172413793103449,1.0,"8199,71280","71280,141960"
1.0,1.0,"71281,143258","95102,143258"
-0.5555555555555556,0.4444444444444444,"71300,116065","71300,133807"
1.0,1.0,"71314,73074","73074,76015"
1.0,-0.3333333333333333,"71319,143289","71319,86989"
-0.0448717948717948,0.3888888888888889,"21860,68584","43731,68584"
0.4615384615384615,0.4615384615384615,"71343,143307","87433,143307"
1.0,1.0,"58803,71347","58803,93218"
0.5555555555555556,0.8235294117647058,"71348,143310","47156,143310"
0.6486486486486487,0.3243243243243243,"25566,32965","32965,106856"
-0.029940119760479,0.0279441117764471,"2056,143328","2056,76103"
-1.0,-0.24,"28345,47477","28345,112817"
-1.0,-1.0,"71370,143337","71370,150320"
1.0,1.0,"71382,143347","79461,143347"
0.5555555555555556,0.4761904761904761,"71385,113403","16289,113403"
-0.2238805970149253,0.1791044776119403,"15540,26826","26826,134328"
0.6,0.40625,"14685,82355","82355,150691"
1.0,1.0,"24470,44680","24470,50855"
0.2459016393442623,-0.5,"27983,71439","63044,71439"
1.0,1.0,"71440,143382","71440,164554"
-0.2,0.1466666666666666,"57062,143383","57062,94446"
-1.0,-0.4444444444444444,"57858,71464","57858,87526"
-0.3658536585365853,0.3170731707317073,"71483,143407","71483,81521"
-0.5555555555555556,0.4444444444444444,"71494,121286","67382,71494"
-0.3191489361702128,0.2127659574468085,"71534,143449","71534,102818"
-0.5172413793103449,0.4827586206896552,"3083,14450","3083,5314"
0.4838709677419355,-0.3142857142857143,"44089,143494","74756,143494"
-0.6,0.4,"71641,143507","71641,165862"
0.3571428571428571,-1.0,"67550,71690","32264,71690"
0.25,1.0,"69607,71718","69607,90464"
-0.3846153846153846,0.2564102564102564,"48086,64216","64216,103284"
-0.1546391752577319,0.134020618556701,"42039,114960","42039,150390"
-1.0,-1.0,"71757,103377","71757,95026"
0.7887323943661972,0.1690140845070422,"71815,71816","71816,131681"
0.4230769230769231,0.4230769230769231,"71821,95122","95122,159884"
-0.5555555555555556,0.4444444444444444,"71852,143637","71852,154880"
1.0,0.4615384615384615,"71865,125232","71865,132166"
-1.0,-0.3235294117647059,"71874,96907","96907,151093"
-0.2830188679245283,0.1886792452830188,"71877,143654","71877,166207"
-0.4838709677419355,-1.0,"38188,71895","38188,54940"
1.0,0.2857142857142857,"30156,71900","30156,130687"
-0.2,-0.2272727272727272,"27070,64266","27070,101762"
-0.5769230769230769,0.4230769230769231,"71912,95274","95274,159973"
-0.3061224489795918,0.2040816326530612,"19303,71918","12290,19303"
0.3846153846153846,1.0,"33039,71930","45534,71930"
-1.0,-0.2340425531914893,"47240,143689","41904,143689"
-0.1829268292682926,0.1341463414634146,"18432,19599","18432,72007"
-0.5769230769230769,0.4230769230769231,"72015,143726","72015,160077"
-0.5769230769230769,0.4230769230769231,"72030,143736","95486,143736"
1.0,1.0,"72070,143763","72070,144652"
-0.2830188679245283,0.2641509433962264,"72097,88452","76931,88452"
-0.5357142857142857,0.4642857142857143,"72106,143779","82257,143779"
0.4166666666666667,1.0,"72176,104203","104203,160074"
-1.0,-0.4761904761904761,"39107,45667","39107,74246"
0.113788098693759,-0.2165242165242165,"72238,125626","72238,79349"
-1.0,-1.0,"72349,143868","72349,82532"
-0.6,0.4,"72385,143878","90524,143878"
-1.0,-1.0,"47401,132679","103629,132679"
-0.6,0.4,"72454,143906","104754,143906"
0.1063829787234042,-0.3529411764705882,"47804,90790","67122,90790"
-0.6,0.4,"72516,143926","104876,143926"
0.6,1.0,"72521,132629","37549,132629"
-1.0,-1.0,"72533,96321","72533,77387"
-0.3846153846153846,0.3333333333333333,"72541,143939","82801,143939"
1.0,-0.4,"33735,117883","33735,40228"
-0.1401869158878504,0.102803738317757,"72551,77410","39198,77410"
-0.5172413793103449,0.4827586206896552,"54972,77418","77418,147219"
-0.3846153846153846,0.3333333333333333,"63060,79357","29158,79357"
-1.0,-1.0,"57790,72637","72637,77531"
0.6,-1.0,"72651,123842","90567,123842"
1.0,-1.0,"33435,114690","46568,114690"
-0.5172413793103449,0.4827586206896552,"72673,77574","77574,147282"
-1.0,-0.196078431372549,"65162,72690","72690,122550"
-0.6,0.4,"72695,144010","105279,144010"
1.0,1.0,"72697,144011","72697,165371"
-0.5357142857142857,0.4642857142857143,"72710,144014","72710,83059"
-0.2142857142857142,0.2,"72725,96649","77632,96649"
-0.5357142857142857,0.4642857142857143,"72731,143514","72731,83081"
-0.5769230769230769,-0.5769230769230769,"72744,114118","72744,77662"
1.0,1.0,"72748,144025","72748,103532"
1.0,-1.0,"72772,144034","72772,146631"
-0.2884615384615384,0.1923076923076923,"40840,72837","40840,163931"
1.0,1.0,"72870,144067","72870,165998"
-0.6,0.4,"72907,144082","72907,167274"
-0.5555555555555556,0.4444444444444444,"72948,144092","89730,144092"
-0.5357142857142857,0.4642857142857143,"73034,144129","83469,144129"
-0.5555555555555556,0.4444444444444444,"73069,144143","89906,144143"
-0.5769230769230769,0.4230769230769231,"73087,112050","73087,97274"
0.3846153846153846,-1.0,"73097,131533","81493,131533"
1.0,0.238095238095238,"73131,110914","16367,110914"
-0.6,0.4,"73158,117277","73158,88721"
-0.7761194029850746,-1.0,"52670,123491","55762,123491"
1.0,1.0,"73170,144179","90093,144179"
0.2777777777777778,-0.3333333333333333,"73188,106325","27931,73188"
-0.5769230769230769,0.4230769230769231,"73202,144185","73202,97484"
-0.6,0.4,"73210,106366","106366,161055"
0.4285714285714285,1.0,"73223,133088","34805,73223"
-0.3947368421052631,-0.1983805668016194,"16933,83758","78266,83758"
-0.3,0.24,"73275,90256","90255,90256"
1.0,0.1444444444444444,"47031,97734","47031,137126"
-0.5769230769230769,0.4230769230769231,"73508,144290","98052,144290"
1.0,-1.0,"73520,144296","73520,152519"
-0.3125,0.2291666666666666,"73579,144309","98155,144309"
0.2027027027027027,-1.0,"73696,117701","20405,73696"
-0.5769230769230769,0.4230769230769231,"73697,144327","98327,144327"
-0.375,0.325,"73725,134844","2601,73725"
-0.5555555555555556,0.4444444444444444,"73733,144340","90872,144340"
-1.0,-1.0,"73756,144348","73756,101487"
-1.0,-0.175438596491228,"73901,144382","106749,144382"
-1.0,-1.0,"73923,144387","75788,144387"
-0.2586206896551724,0.1724137931034483,"73949,133213","30562,133213"
-0.3191489361702128,-0.303030303030303,"65562,74002","65562,95659"
-0.5357142857142857,0.4642857142857143,"74028,144416","84669,144416"
1.0,-0.1428571428571428,"74062,122155","29938,74062"
0.0350140056022408,-0.2333333333333333,"11330,134957","22770,134957"
-0.6,0.4,"74078,144430","107989,144430"
-1.0,-1.0,"60227,137757","91273,137757"
1.0,1.0,"74096,84898","74096,128470"
-0.5172413793103449,0.4827586206896552,"74164,144446","74164,79200"
1.0,-1.0,"74183,144451","74183,76994"
-0.5555555555555556,0.4444444444444444,"74199,144457","91530,144457"
0.2459016393442623,-0.5,"74210,131697","53204,74210"
1.0,1.0,"74276,144465","74276,167413"
-0.375,0.325,"29603,73966","29603,37438"
-1.0,-1.0,"47004,144481","45875,144481"
0.2027027027027027,-0.2391304347826087,"15632,122030","15632,16196"
-0.2307692307692307,0.1538461538461538,"74389,127419","74389,108667"
-0.6,0.4,"74405,144492","108697,144492"
-0.3846153846153846,0.0606060606060606,"74432,144501","85182,144501"
-0.5769230769230769,0.4230769230769231,"74439,99560","99560,136960"
-0.3947368421052631,0.3421052631578947,"58339,85200","85200,147840"
0.1442307692307692,-1.0,"5505,109432","5505,165542"
-0.2777777777777778,-1.0,"74519,144525","98179,144525"
-1.0,-0.5652173913043478,"74529,144530","82371,144530"
-0.5172413793103449,0.4827586206896552,"74534,144532","79589,144532"
-1.0,-1.0,"43515,74541","74541,79602"
-1.0,-0.1710526315789473,"69434,70570","61270,69434"
-1.0,-1.0,"74548,144586","74548,99789"
-0.56,-1.0,"22192,41344","22192,44691"
1.0,0.3448275862068966,"18298,94096","18848,94096"
-0.5,0.5,"74580,144649","74580,144650"
-0.5833333333333334,0.4166666666666667,"74596,144674","74596,161902"
1.0,0.4,"16236,17830","16236,35501"
1.0,1.0,"74615,93096","93096,158175"
-0.5833333333333334,0.4166666666666667,"74633,144766","74633,162081"
-0.0576131687242798,0.0534979423868312,"4070,58375","4070,104009"
-0.56,0.44,"74639,144790","74639,154005"
1.0,-1.0,"45871,91914","65488,91914"
-0.2153846153846154,0.1846153846153846,"27354,144798","27354,83463"
0.1386138613861386,-0.4545454545454545,"8931,132179","101854,132179"
-1.0,-1.0,"74650,144816","74650,147584"
-1.0,-1.0,"16617,115547","10229,115547"
1.0,1.0,"74700,144909","97354,144909"
-0.2372881355932203,0.2033898305084746,"32467,121716","27628,32467"
1.0,-0.1379310344827586,"62408,122224","70524,122224"
-0.56,0.44,"27968,76338","27968,115698"
-0.5217391304347826,-0.2777777777777778,"24505,129181","24505,74834"
0.5833333333333334,-1.0,"74729,75553","75553,92763"
-0.2153846153846154,0.2,"11475,16653","16653,113507"
0.1428571428571428,1.0,"74749,130761","95835,130761"
-1.0,-1.0,"74759,145013","74759,167933"
1.0,-0.5454545454545454,"74760,127986","35855,127986"
-0.0484848484848484,-0.325,"59156,124330","39953,124330"
1.0,1.0,"74774,145052","106799,145052"
1.0,-0.35,"23204,65080","23204,125744"
-0.2745098039215686,-1.0,"16363,145087","16363,39438"
1.0,-0.5,"74804,97749","97749,161080"
-1.0,-1.0,"74817,145134","74817,99906"
0.4166666666666666,0.4166666666666667,"74830,145160","74830,162843"
-0.2857142857142857,0.2244897959183673,"74846,85739","85739,157334"
-0.3783783783783784,0.2702702702702703,"74871,145224","100376,145224"
0.0164835164835164,0.2115384615384615,"30781,41900","25391,41900"
-1.0,-0.5416666666666666,"74882,145244","74882,79717"
0.4782608695652174,0.4782608695652174,"74890,145256","99540,145256"
0.641025641025641,0.3076923076923077,"71530,98359","71530,152682"
0.4814814814814815,0.4814814814814814,"74906,145276","74906,148712"
-0.5833333333333334,0.4166666666666667,"74907,145278","74907,100432"
0.4399999999999999,0.44,"74920,145300","97988,145300"
-0.3333333333333333,0.238095238095238,"50475,59233","59233,68329"
0.5384615384615384,0.5384615384615384,"45503,74977","74977,80869"
0.5833333333333334,-1.0,"33668,89579","89579,92311"
1.0,-1.0,"74935,145316","92967,145316"
-1.0,-1.0,"26360,52189","52189,139968"
-0.21875,0.1875,"66899,145342","66899,119638"
0.7073170731707317,0.2682926829268293,"74963,99380","99380,141598"
1.0,1.0,"51541,74968","51541,121338"
-0.2745098039215686,0.2549019607843137,"49310,121233","16239,49310"
1.0,1.0,"74978,145374","85904,145374"
-0.5,0.5,"74980,74981","74981,145377"
-0.5384615384615384,0.4615384615384615,"74986,145385","74986,152852"
-0.5833333333333334,0.4166666666666667,"74987,145386","74987,93016"
0.5384615384615384,0.2448979591836734,"69375,145403","25752,145403"
0.1054545454545455,-0.5454545454545454,"10723,50723","10723,126928"
-1.0,-0.4347826086956521,"62811,75038","62811,82391"
-0.5833333333333334,0.4166666666666667,"75048,145495","75048,100689"
-0.56,0.44,"75055,145503","75055,157832"
-0.5833333333333334,0.4166666666666667,"75075,145531","75075,163541"
-0.5833333333333334,0.4166666666666667,"75090,113826","75090,81542"
-0.56,0.44,"75135,145613","75135,92939"
-0.2916666666666667,0.25,"44283,49018","49018,79194"
-0.2413793103448276,-1.0,"39617,44321","39617,120397"
-0.1592592592592593,0.3142857142857143,"73064,75174","33769,75174"
1.0,-1.0,"75184,126398","86730,126398"
0.5833333333333334,1.0,"3825,90597","90597,109452"
0.1333333333333333,-0.3235294117647059,"25246,142332","81499,142332"
-0.5185185185185185,0.4814814814814814,"75208,145716","75208,149183"
-1.0,-0.3055555555555556,"70815,75209","43109,75209"
0.3414634146341463,0.1408450704225352,"23436,40062","23435,23436"
1.0,1.0,"75232,75233","57948,75233"
-0.6666666666666667,-0.5,"18358,36983","19528,36983"
-1.0,-1.0,"75234,145736","75234,101027"
1.0,1.0,"75237,86291","86291,153331"
-0.5185185185185185,0.4814814814814814,"75259,145761","75259,149242"
1.0,-1.0,"75269,145771","101089,145771"
-0.4516129032258064,-0.5,"62833,145779","62833,102740"
0.5,0.4583333333333333,"57551,75281","74592,75281"
-0.5833333333333334,0.4166666666666667,"75290,145807","75290,101123"
-0.5833333333333334,0.4166666666666667,"75305,145815","75305,164086"
1.0,0.5238095238095238,"44530,61803","44530,58621"
-0.5833333333333334,0.4166666666666667,"75319,145831","75319,164128"
1.0,-0.5238095238095238,"14626,95178","95178,153521"
-0.2333333333333333,0.1666666666666666,"6630,112095","6630,27553"
1.0,-1.0,"75361,95284","95284,159981"
-1.0,-0.2619047619047619,"75365,145890","75365,85435"
-0.3181818181818182,0.2272727272727272,"75367,145894","75367,164236"
-0.2402159244264507,-1.0,"47396,75377","75377,120263"
-0.5833333333333334,0.4166666666666667,"75397,145915","75397,164283"
-1.0,-1.0,"75402,145920","75402,92236"
-0.2413793103448276,0.1896551724137931,"45107,80775","45107,93562"
-0.2456140350877192,0.175438596491228,"46968,75417","27328,46968"
-0.5,0.5,"75428,145941","75428,145942"
-0.3414634146341463,-0.5833333333333334,"22354,63403","22354,101738"
0.2208436724565756,-0.7884615384615384,"59396,62947","59396,89591"
0.4399999999999999,0.44,"75436,93382","93382,158492"
-0.5384615384615384,-0.0769230769230768,"75439,145953","75439,86911"
1.0,1.0,"75458,145970","75458,164383"
-0.3684210526315789,0.2894736842105263,"75460,145973","75460,158529"
0.1068702290076335,0.5833333333333334,"21802,77893","77893,125950"
-0.5833333333333334,0.4166666666666667,"75473,145977","75473,164409"
-0.2295081967213114,0.1639344262295081,"30250,75492","30250,144654"
-0.56,0.44,"75517,93503","93503,158619"
0.4761904761904761,0.4761904761904761,"75540,146072","75540,164032"
-0.5833333333333334,0.4166666666666667,"75568,101587","101587,164618"
0.5833333333333334,1.0,"75570,146094","91293,146094"
-0.5833333333333334,0.4166666666666667,"75595,101631","101631,164668"
0.4516129032258064,-0.0843373493975903,"63082,75832","9300,75832"
-0.5185185185185185,-0.5185185185185186,"75612,146143","75612,80830"
1.0,1.0,"75622,146147","99539,146147"
1.0,1.0,"75628,103459","88029,103459"
-0.5384615384615384,0.3205128205128205,"69575,124644","40346,69575"
-1.0,-1.0,"75647,146175","75647,168167"
-0.56,0.44,"75686,93722","75686,158868"
0.1647058823529411,-1.0,"24627,45150","1723,45150"
-0.5833333333333334,0.4166666666666667,"75697,146218","75697,164860"
-1.0,-1.0,"36501,68322","36501,68232"
1.0,1.0,"75722,146237","90512,146237"
-0.2857142857142857,0.2040816326530612,"50126,57194","50126,57195"
-0.5833333333333334,0.4166666666666667,"43701,75754","75754,116389"
0.4666666666666667,0.1641791044776119,"40232,75760","40232,126039"
-0.5833333333333334,0.4166666666666667,"75763,146273","75763,164957"
-0.5833333333333334,0.4166666666666667,"31356,94165","31356,154238"
-0.3414634146341463,0.2682926829268293,"56854,75777","43689,56854"
-0.2641509433962264,0.1886792452830188,"57877,75779","57877,111189"
1.0,0.2941176470588235,"45268,75793","45268,51407"
0.0748663101604278,-0.3055555555555556,"6126,76825","43459,76825"
-0.5,0.5,"75821,75822","75822,146314"
1.0,1.0,"75831,146317","90001,146317"
-0.56,0.44,"75843,146325","75843,159078"
1.0,-1.0,"75862,125751","19765,125751"
-0.2762237762237762,0.4545454545454545,"24141,146322","104948,146322"
0.0478036175710594,0.3611111111111111,"37401,82761","82761,126372"
-0.1851851851851851,0.4814814814814814,"75957,81195","81195,148778"
0.4166666666666666,0.4166666666666667,"75961,146399","107261,146399"
-0.56,0.44,"60966,122477","94107,122477"
0.2333333333333333,-0.1057692307692307,"44209,75978","15051,75978"
1.0,-0.4761904761904761,"75980,146432","75980,161563"
-1.0,-1.0,"75987,146438","75987,102278"
-0.5185185185185185,0.4814814814814814,"76018,146454","76018,76019"
-0.1794871794871795,-0.0080128205128205,"76046,76047","76047,87341"
-1.0,-0.2653061224489796,"76063,85207","85207,137153"
-0.5384615384615384,0.4615384615384615,"76097,87365","87365,154414"
1.0,0.0564971751412429,"7156,78185","7156,118582"
-0.3684210526315789,0.2894736842105263,"60568,71450","71450,123646"
1.0,-1.0,"61745,76156","76156,141495"
1.0,-0.4347826086956521,"76161,125459","81928,125459"
0.4375,-0.1157894736842105,"47333,60055","42686,47333"
-0.5384615384615384,-0.2075471698113207,"37238,146593","75772,146593"
0.4375,0.0531400966183574,"11905,76242","11905,95655"
-0.4,0.3142857142857143,"76258,146607","76258,104701"
1.0,-1.0,"76273,146619","76273,168090"
-0.5384615384615384,0.4615384615384615,"76287,146626","76287,87620"
1.0,-1.0,"76310,129793","53374,129793"
-0.35,0.325,"76312,98999","81591,98999"
-0.2222222222222222,0.1587301587301587,"69004,114652","69004,149190"
1.0,0.4545454545454545,"76358,146669","76358,102681"
-0.3888888888888889,0.3055555555555556,"14647,76411","76411,113792"
-1.0,-1.0,"76430,146711","76430,103097"
-0.2545454545454545,-0.2972972972972973,"51842,76450","51842,66169"
0.5833333333333334,0.141025641025641,"34747,103146","34747,52020"
-0.1428571428571428,0.1428571428571428,"18126,122311","18126,127993"
-0.5185185185185185,0.4814814814814814,"76483,81799","81799,150343"
0.3043478260869565,1.0,"76531,146779","76531,80329"
-0.2641509433962264,0.2264150943396226,"76543,110797","76543,127489"
-0.5384615384615384,0.4615384615384615,"76563,143497","76563,87981"
1.0,-1.0,"76585,146815","88679,146815"
-0.5833333333333334,0.4166666666666667,"76643,146850","103526,146850"
-0.56,0.44,"76651,95160","95160,159911"
-0.2028985507246377,-0.1050724637681159,"76656,145219","76656,95185"
1.0,0.2666666666666666,"51794,131210","51794,60153"
-0.1573033707865168,0.1235955056179775,"32041,116241","32041,91169"
1.0,1.0,"21930,76680","76680,122423"
0.3333333333333333,0.2954545454545454,"34474,50150","34474,81076"
-0.35,-1.0,"54206,112724","60383,112724"
-0.1071428571428572,-0.2439024390243902,"17783,37685","17783,57747"
-0.1147540983606557,0.1147540983606557,"74155,76745","74155,76746"
0.5185185185185185,-0.4761904761904761,"5867,10218","10218,48550"
-0.5833333333333334,-0.2272727272727272,"16678,108430","108430,120437"
-0.56,-1.0,"76816,146934","95433,146934"
-0.3888888888888889,0.3333333333333333,"76894,146985","76894,88411"
-0.5384615384615384,0.4615384615384615,"76902,88418","88418,155056"
1.0,1.0,"76918,146997","76918,148362"
-0.5384615384615384,0.4615384615384615,"76940,88472","88472,155086"
-0.1443298969072164,0.1030927835051546,"17454,76946","17454,143698"
1.0,-1.0,"76959,107901","107901,167999"
1.0,0.3333333333333333,"29334,65249","29334,120359"
-1.0,-1.0,"77001,147035","77001,87354"
0.4583333333333333,0.4583333333333333,"77007,96417","96417,160568"
0.4516129032258064,1.0,"64115,77037","77037,81387"
-0.4,-0.5454545454545454,"77051,147060","77051,140407"
1.0,1.0,"77071,147069","77071,81504"
-0.358974358974359,0.282051282051282,"77079,77080","77080,160257"
-0.358974358974359,0.3076923076923077,"77081,82404","82404,88643"
-0.56,0.44,"45130,137965","95836,137965"
-0.56,0.44,"77124,147090","77124,160303"
0.3684210526315789,-0.1791044776119403,"2448,44175","37058,44175"
-1.0,-1.0,"77175,147118","77175,104490"
0.5185185185185185,-0.3636363636363636,"40768,61692","61692,78765"
-0.2978723404255319,0.2340425531914893,"77187,147124","77187,96003"
0.4516129032258064,-0.1428571428571428,"54739,138634","54739,79377"
0.4,-0.48,"16770,77210","77210,82561"
-0.3783783783783784,0.3243243243243243,"77282,82652","82652,109559"
0.1458333333333333,0.3714285714285714,"24393,118257","24393,148398"
0.5384615384615384,0.1428571428571428,"53352,78998","33331,78998"
-1.0,-1.0,"77350,104860","104860,166870"
-0.56,0.44,"77369,96305","96305,160514"
-0.5833333333333334,0.4166666666666667,"77381,147204","104903,147204"
-0.5833333333333334,0.4166666666666667,"77399,147208","77399,104943"
-0.4666666666666667,-1.0,"77450,99389","31729,77450"
1.0,0.3513513513513513,"5543,26368","5543,52618"
-0.5384615384615384,0.1794871794871795,"77509,147185","77330,77509"
-0.5833333333333334,0.4166666666666667,"77545,147267","77545,167018"
1.0,1.0,"77570,147281","77570,81611"
0.5,0.5833333333333333,"77582,137418","75811,137418"
1.0,-0.625,"41915,147292","41915,83019"
1.0,-0.5416666666666666,"36531,52408","52408,124024"
0.4117647058823529,-0.3529411764705882,"35711,52509","35711,50197"
1.0,1.0,"77623,147301","77623,80743"
-0.4,0.2857142857142857,"77629,145519","31436,77629"
-0.5833333333333334,0.4166666666666667,"77648,147314","105344,147314"
-0.5833333333333334,0.4166666666666667,"77654,105355","105355,167106"
0.5,0.5,"77667,147321","77667,85749"
-0.28,-0.0854700854700854,"77708,123720","13351,77708"
1.0,-1.0,"77711,120733","40197,77711"
1.0,1.0,"77730,147350","77730,89524"
-1.0,-1.0,"77731,89526","72800,77731"
-1.0,-1.0,"77739,83194","83194,151064"
-0.5,0.5,"77761,147364","77762,147364"
-0.5,0.5,"68966,122184","77770,122184"
-1.0,-1.0,"77781,84144","84144,151392"
-1.0,-1.0,"77806,77808","77806,105621"
-0.1627906976744186,0.1162790697674418,"75640,83284","83284,105654"
0.7307692307692308,0.2115384615384615,"40865,54945","40865,97323"
-0.3783783783783784,-1.0,"3210,108657","108657,111007"
-0.2258064516129032,0.1612903225806451,"46004,58036","46004,133634"
0.2028985507246377,1.0,"24938,99600","74458,99600"
0.56,-1.0,"77972,147424","77972,105964"
0.5833333333333334,0.2272727272727272,"27816,79105","49718,79105"
-0.3888888888888889,0.3333333333333333,"78006,147436","89882,147436"
0.5,0.5,"78009,147438","78009,94492"
-0.5384615384615384,0.4615384615384615,"78028,147443","78028,155710"
-0.2258064516129032,0.1774193548387097,"78065,130547","97302,130547"
1.0,-1.0,"78121,91235","91235,156112"
-1.0,-1.0,"78131,147479","87644,147479"
-0.5185185185185185,0.4814814814814814,"47962,147489","83647,147489"
-0.5833333333333334,0.4166666666666667,"78173,147494","106308,147494"
1.0,0.2083333333333333,"17275,48540","17275,91933"
0.3888888888888889,-0.4074074074074074,"78200,133294","30995,133294"
-0.3333333333333333,0.2619047619047619,"78223,138899","97516,138899"
-0.5384615384615384,0.4615384615384615,"78245,90199","90199,155809"
1.0,1.0,"78276,147525","78276,97583"
0.4117647058823529,-0.2708333333333333,"7395,124080","7395,123103"
-0.1707317073170731,0.1463414634146341,"78345,146676","54367,78345"
-0.4,0.3142857142857143,"78401,147576","97759,147576"
-0.5384615384615384,0.4615384615384615,"78405,78409","78409,90397"
-0.5185185185185185,-1.0,"78431,147586","67482,78431"
1.0,1.0,"78479,147601","78479,159962"
1.0,1.0,"78481,147603","42263,78481"
-0.1627906976744186,0.1162790697674418,"11979,78497","11979,106931"
0.6,0.2857142857142857,"69886,78504","39213,78504"
-0.5833333333333334,0.4166666666666667,"78523,147618","106973,147618"
1.0,1.0,"78659,147653","78659,157261"
-1.0,-1.0,"78665,147655","100330,147655"
-0.1891891891891892,0.1621621621621621,"48189,119091","52879,119091"
0.1647058823529411,-1.0,"78691,115047","78691,122054"
0.5185185185185185,1.0,"16563,132724","16563,95635"
-0.5185185185185185,0.4814814814814814,"78762,84294","84294,118470"
-0.56,0.44,"78791,98418","98418,161257"
1.0,1.0,"78822,147685","78822,98469"
1.0,-0.5625,"78840,136878","78841,136878"
0.7454545454545455,-1.0,"48673,141563","84418,141563"
-0.56,0.44,"78856,147694","78856,98552"
-0.5833333333333334,0.4166666666666667,"79001,147725","107805,147725"
1.0,1.0,"79016,147731","79016,162581"
-0.4,0.3142857142857143,"79056,147738","98851,147738"
1.0,1.0,"79065,147742","108365,147742"
-0.4117647058823529,0.2941176470588235,"79072,147743","107942,147743"
-0.5833333333333334,0.4166666666666667,"79092,147749","107975,147749"
1.0,1.0,"79146,147767","91387,147767"
-0.3684210526315789,0.3421052631578947,"79148,139077","84791,139077"
-0.5384615384615384,0.4615384615384615,"79154,133242","79154,91395"
-0.3888888888888889,0.3333333333333333,"79177,147770","91422,147770"
-0.5833333333333334,0.4166666666666667,"79178,147771","79178,168065"
1.0,0.44,"12146,91437","12146,94900"
-0.2916666666666667,0.2291666666666666,"79203,147776","99107,147776"
-0.5185185185185185,0.4814814814814814,"79206,147778","84868,147778"
0.1098901098901098,-0.3023255813953488,"79220,147780","79220,91481"
-0.5185185185185185,0.4814814814814814,"79228,147783","84887,147783"
-0.4,0.3142857142857143,"68729,147786","83626,147786"
-1.0,-1.0,"79255,147793","83389,147793"
1.0,1.0,"36936,41295","41295,48568"
-0.56,-1.0,"79281,84953","79281,99200"
-1.0,-0.2166666666666666,"34409,113770","30057,113770"
-0.2692307692307692,-1.0,"63702,85007","85007,126031"
-0.1794871794871795,-0.2051282051282051,"30404,139130","79418,139130"
0.875,0.1375,"27408,141683","27408,85676"
1.0,0.4782608695652174,"61174,121426","61174,94039"
-0.5185185185185185,0.4814814814814814,"79496,147841","79496,85217"
-1.0,-0.25,"79520,116518","62212,79520"
-0.4117647058823529,-0.2258823529411764,"26206,112355","39085,112355"
-1.0,-0.3125,"79523,132211","61184,132211"
0.3255813953488372,-0.4166666666666667,"7414,136976","7414,125392"
-0.3684210526315789,0.3157894736842105,"79579,147853","91958,147853"
-0.56,0.44,"79588,147854","99734,147854"
0.56,1.0,"79591,109790","79591,117935"
-1.0,-1.0,"79604,147885","79604,92000"
1.0,1.0,"79608,85831","78901,85831"
-1.0,-1.0,"79628,147933","79628,99791"
-0.1130434782608695,0.1043478260869565,"10145,147989","10145,151823"
-0.1645569620253164,0.1518987341772152,"19426,92507","19426,63896"
-0.5652173913043478,0.4347826086956521,"79671,148029","79671,161900"
0.821917808219178,0.1643835616438356,"39857,148040","39857,61064"
0.5652173913043478,0.325,"42842,79692","42842,149875"
0.2765957446808511,1.0,"74617,79513","74469,79513"
-0.5652173913043478,0.4347826086956521,"79704,148105","79704,162013"
1.0,1.0,"79709,79710","79710,133402"
-0.2452830188679245,0.1886792452830188,"35781,44786","18628,35781"
-0.52,0.48,"79722,148139","79722,151999"
-0.5652173913043478,0.4347826086956521,"28048,70103","28048,30501"
-1.0,-1.0,"79734,148169","79734,162813"
-0.2826086956521739,0.2826086956521739,"43049,139385","37798,43049"
-0.1511627906976744,0.127906976744186,"16310,123032","16310,42937"
0.2203389830508474,1.0,"22757,25774","25774,36845"
-0.26,0.26,"31788,74660","74660,116431"
1.0,1.0,"30509,131671","84651,131671"
-1.0,-1.0,"79771,148256","79771,166861"
-0.1666666666666666,0.141025641025641,"37777,96135","37777,155781"
1.0,1.0,"79781,100023","100023,111515"
1.0,-1.0,"79787,148296","92207,148296"
0.325,-1.0,"70144,126903","100035,126903"
-1.0,-1.0,"79799,148316","79799,162893"
0.5,-0.8,"79820,92330","92330,100079"
-0.1111111111111111,0.0854700854700854,"16320,79841","16320,58449"
1.0,-0.3333333333333333,"31191,91695","91695,108509"
0.7450980392156863,-1.0,"40580,124277","40580,62863"
-0.5,-0.3333333333333333,"34428,112591","29277,34428"
0.051747311827957,0.2291666666666666,"79880,131730","79880,115184"
-1.0,-0.3023255813953488,"47702,77772","39161,47702"
-0.5652173913043478,0.4347826086956521,"79906,148505","79906,162721"
0.4583333333333333,0.4583333333333333,"10006,30031","30031,157206"
-0.52,0.48,"79934,148543","79934,152504"
-0.5652173913043478,0.4347826086956521,"18361,56915","18361,113205"
-0.2045454545454545,0.5,"51100,148579","35074,148579"
-0.5652173913043478,0.4347826086956521,"80003,100352","100352,162942"
-0.5652173913043478,0.4347826086956521,"62005,76010","59490,62005"
-1.0,-1.0,"80025,120554","80025,150962"
1.0,1.0,"80032,148706","80032,156738"
-0.2,0.1692307692307692,"41943,63934","41943,45560"
1.0,-0.5666666666666667,"26409,38050","26409,48169"
1.0,-1.0,"80094,100605","100605,163300"
-1.0,-1.0,"80110,148799","80110,149221"
-0.1645569620253164,0.1392405063291139,"80118,85091","80118,145359"
-0.2131147540983606,0.1639344262295081,"12779,43380","12779,121816"
1.0,0.196078431372549,"26541,122120","108118,122120"
1.0,0.2156862745098039,"12047,16400","12047,134667"
-0.5416666666666666,0.4583333333333333,"80188,148921","80188,157764"
-0.5652173913043478,0.4347826086956521,"80190,148923","80190,163420"
1.0,1.0,"80191,148924","84892,148924"
-0.26,0.26,"75036,109972","75036,121272"
-0.325,0.3,"70464,86451","70464,70465"
-0.5652173913043478,0.4347826086956521,"80205,148950","80205,100684"
-0.1226415094339622,0.1132075471698113,"43191,132925","43191,78660"
-0.1120689655172413,0.0862068965517241,"51207,63451","44442,51207"
0.1304347826086956,0.5652173913043478,"80244,148985","82232,148985"
-0.5652173913043478,0.4347826086956521,"36228,80289","80289,163659"
-0.3611111111111111,0.3055555555555556,"80292,133177","80292,108179"
0.3012170385395537,0.1911764705882352,"66512,80991","80991,120475"
-1.0,-1.0,"80303,149059","80303,163775"
-0.2549019607843137,0.2156862745098039,"47425,80306","47425,80383"
1.0,1.0,"80314,149073","93129,149073"
0.2190026954177897,-1.0,"9556,55999","9556,22657"
1.0,1.0,"80336,101584","101584,164613"
1.0,1.0,"80347,149110","80347,152374"
-0.5416666666666666,0.4583333333333333,"80362,93033","93033,158095"
-0.52,0.48,"80364,86191","86191,153220"
-0.5652173913043478,0.4347826086956521,"80368,149138","100933,149138"
0.0134680134680134,0.2272727272727272,"13392,42092","42092,71870"
-0.5416666666666666,0.4583333333333333,"80377,149153","80377,93064"
-0.5652173913043478,0.4347826086956521,"80397,149178","80397,163881"
-0.52,0.48,"80424,149210","80424,153315"
1.0,1.0,"80427,80428","80428,93119"
-1.0,-1.0,"63901,78275","63901,93135"
1.0,1.0,"80441,149218","80441,162887"
1.0,1.0,"80445,93278","93278,158371"
1.0,-0.2391304347826087,"75252,101343","75252,80452"
-1.0,-1.0,"57940,80451","80451,86304"
-1.0,-0.5238095238095238,"8060,149241","8060,161272"
-0.1092436974789916,-0.9159663865546218,"23094,50093","23094,40850"
1.0,0.5769230769230769,"80508,80509","70691,80509"
-0.3611111111111111,0.3611111111111111,"80555,149330","80555,149331"
-0.52,0.48,"27978,86425","86425,101711"
-0.5,0.5,"80595,149390","80596,149390"
1.0,-0.4782608695652174,"80598,93476","93476,153680"
-0.3714285714285714,0.2857142857142857,"4621,66690","66690,91281"
-0.52,0.48,"80609,86468","86468,153538"
0.5416666666666666,0.3928571428571428,"80625,109928","72012,109928"
-0.3095238095238095,-0.4583333333333333,"38737,40548","38737,57384"
0.4814814814814814,1.0,"68027,80656","58035,80656"
-0.5416666666666666,0.4583333333333333,"80662,149473","80662,158532"
-0.0862170087976539,-1.0,"10300,89862","87231,89862"
-0.2765957446808511,0.2340425531914893,"27292,112418","27292,158538"
-0.52,0.48,"80681,149491","80681,86576"
-1.0,-0.5238095238095238,"80725,149533","80725,102346"
-0.3513513513513513,0.3243243243243243,"80726,127685","80726,86619"
-0.2452830188679245,0.1886792452830188,"39167,144462","39167,128620"
-0.0434782608695651,0.4347826086956521,"32738,149680","32738,66470"
0.3513513513513513,-1.0,"72828,80912","72828,155341"
-0.5,0.5,"80938,149738","80938,149739"
0.2096774193548387,-1.0,"24662,99090","99090,127695"
1.0,0.2340425531914893,"1751,49481","1751,113573"
-1.0,-1.0,"80987,149783","80987,167735"
0.5652173913043478,-1.0,"51755,63341","63341,154450"
1.0,0.2941176470588235,"40275,90097","55578,90097"
-0.5,0.5,"81024,149823","81024,149824"
-0.5652173913043478,0.4347826086956521,"81069,149860","102008,149860"
1.0,-0.5,"15489,81183","7541,15489"
1.0,-0.2439024390243902,"12807,32831","12807,14085"
-0.2063492063492063,-0.3612698412698413,"36110,149892","36110,151575"
-0.2241379310344827,0.2068965517241379,"59874,121199","59874,118520"
-1.0,-1.0,"67377,123871","67377,87001"
0.1702380952380952,0.2857142857142857,"24705,95856","24705,102279"
0.1192660550458715,0.4166666666666667,"41484,81285","41484,41860"
-0.52,0.48,"23158,98517","20286,23158"
0.6666666666666667,0.2564102564102564,"81305,116647","81305,153599"
-0.5,0.5,"81347,81348","81348,150053"
-0.5,0.5,"81351,150055","81352,150055"
-0.5,0.5,"81380,81381","81381,150072"
-1.0,-1.0,"55695,81400","55695,156226"
-0.52,0.48,"81428,87411","87411,154454"
1.0,-1.0,"60600,110706","97189,110706"
1.0,-0.5384615384615384,"35368,72938","35368,50232"
-0.5652173913043478,0.4347826086956521,"81476,150158","102626,150158"
-0.52,0.48,"81482,150164","81482,87494"
-0.5652173913043478,0.4347826086956521,"81501,102661","102661,165598"
-1.0,-1.0,"81511,150181","81511,86459"
1.0,0.1666666666666666,"38900,81553","38900,41140"
-0.5,0.5,"43155,55207","55207,150205"
-0.26,0.26,"81556,81557","81557,150207"
0.52,-1.0,"52024,72005","30108,72005"
-0.1529411764705882,0.1176470588235294,"1795,12905","1795,113975"
-0.5416666666666666,0.4583333333333333,"81701,150293","94754,150293"
0.5238095238095238,0.5238095238095238,"81722,94790","94790,123891"
1.0,1.0,"81728,103094","103094,165861"
-0.1326530612244898,0.1122448979591836,"47437,132377","47437,140449"
-1.0,-1.0,"81777,103188","81777,87857"
-0.52,0.48,"81824,150360","87910,150360"
0.1805555555555555,1.0,"81855,143581","62088,143581"
-0.3611111111111111,0.3333333333333333,"81858,147368","20246,81858"
-0.2241379310344827,0.1896551724137931,"63755,72862","63755,89612"
-0.3170731707317073,-0.6829268292682926,"56397,68193","57658,68193"
-0.0357142857142857,0.5,"71775,81881","81881,150413"
-0.52,0.48,"81962,88101","88101,154878"
0.52,-0.5238095238095238,"10216,23149","10216,99305"
-0.4333333333333333,-0.3793103448275862,"57293,96566","60922,96566"
-0.4482758620689655,-0.1009174311926605,"67704,109529","32122,67704"
-0.5652173913043478,0.4347826086956521,"82002,150501","82002,166225"
-1.0,-0.4545454545454545,"82040,150519","101056,150519"
-0.3939393939393939,0.303030303030303,"53920,103732","103732,131567"
0.5652173913043478,-1.0,"60373,150540","49685,60373"
0.3823529411764705,-1.0,"6935,115309","68833,115309"
-0.0855263157894736,0.0855263157894736,"20487,82126","20487,148300"
-1.0,-1.0,"82172,108614","108614,168185"
-0.5416666666666666,0.4583333333333333,"82240,150639","95593,150639"
1.0,-0.4761904761904761,"82289,150663","82289,156249"
-0.0639730639730639,-0.2,"76960,82291","82291,122492"
1.0,1.0,"82396,106737","49557,106737"
1.0,1.0,"82437,114597","87867,114597"
1.0,1.0,"82439,88678","88678,155197"
0.5652173913043478,0.0948275862068965,"1932,84718","1932,4153"
0.4642857142857143,0.2857142857142857,"27329,36547","27329,88412"
-0.52,0.48,"82524,150780","88813,150780"
-0.325,0.3,"76740,130881","33949,130881"
-0.5652173913043478,0.4347826086956521,"82579,150799","82579,104601"
1.0,-0.5454545454545454,"82658,82660","82660,83719"
-0.5652173913043478,0.4347826086956521,"82686,150852","82686,166824"
-0.2,0.1538461538461538,"17583,42976","17583,21865"
-0.4193548387096774,-0.34375,"38243,82702","38243,95574"
1.0,-0.2777777777777778,"82749,134458","16719,134458"
0.5652173913043478,-0.5238095238095238,"65871,96323","50018,96323"
-0.2708333333333333,0.2291666666666666,"82788,150894","82788,96328"
1.0,-1.0,"61388,61389","61388,114313"
1.0,-1.0,"48760,58049","48760,120835"
-0.1056910569105691,0.08130081300813,"20581,44412","20581,73281"
0.3611111111111111,0.5,"82937,89262","89262,128782"
-0.52,0.48,"52679,82971","40484,52679"
-0.5652173913043478,0.4347826086956521,"83010,150990","105244,150990"
-1.0,-0.1594202898550724,"83108,132283","83108,134820"
0.3023255813953488,-1.0,"83133,136830","90156,136830"
0.4482758620689655,0.2325581395348837,"68494,83145","81671,83145"
1.0,0.4761904761904761,"83150,108247","78069,83150"
-1.0,-1.0,"83152,151040","88968,151040"
0.3611111111111111,1.0,"74093,120496","91924,120496"
-0.3513513513513513,0.3513513513513513,"55131,83178","37994,83178"
-0.5416666666666666,0.4583333333333333,"83199,151066","96816,151066"
0.2283549783549783,0.25,"47955,76569","47955,94512"
1.0,-0.5,"35676,53178","53178,55889"
-0.5652173913043478,0.4347826086956521,"83251,151086","105605,151086"
-0.5416666666666666,0.4583333333333333,"83296,139796","4472,139796"
1.0,1.0,"83352,105778","105778,167303"
-0.5,0.5,"83361,151133","83362,151133"
-0.5652173913043478,0.4347826086956521,"83435,105929","105929,167349"
0.4583333333333333,0.4583333333333333,"83455,151164","83455,97193"
-1.0,-0.3529411764705882,"68634,69118","69118,86842"
1.0,1.0,"83614,151218","99747,151218"
-0.3618275607958732,0.286634460547504,"64911,90072","52655,90072"
-0.5416666666666666,0.4583333333333333,"83648,151232","97442,151232"
1.0,-1.0,"83675,151247","83675,155946"
1.0,1.0,"83731,151266","91676,151266"
0.5416666666666666,-0.4761904761904761,"83749,151270","19961,83749"
0.736842105263158,0.3157894736842105,"4630,139195","4630,117794"
0.1048387096774193,-0.5238095238095238,"20861,73310","18014,20861"
-0.5652173913043478,0.4347826086956521,"83843,151317","83843,93413"
0.3333333333333333,-0.4,"83848,126643","106273,126643"
-0.146067415730337,0.1235955056179775,"83852,97714","97714,140208"
-0.5652173913043478,0.4347826086956521,"83857,151320","106669,151320"
-0.3333333333333333,0.282051282051282,"83871,132501","83871,97731"
-0.083116883116883,0.5454545454545454,"83881,106713","83881,90383"
-0.5416666666666666,0.4583333333333333,"83917,151338","97811,151338"
-1.0,-1.0,"83918,151339","96920,151339"
0.1160714285714285,0.4782608695652174,"83921,109977","83921,128264"
-0.5652173913043478,0.4347826086956521,"83956,151351","83956,167687"
-0.3513513513513513,0.2702702702702703,"84058,144834","53811,144834"
-0.52,0.48,"84068,151377","84068,155934"
-1.0,-1.0,"84109,151382","97963,151382"
-1.0,-1.0,"84120,151384","89990,151384"
0.1969696969696969,0.5652173913043478,"61591,113763","34033,113763"
0.4814814814814814,0.5454545454545454,"84137,125108","16548,125108"
0.7297297297297297,0.2972972972972973,"68593,138635","68593,148221"
-0.2708333333333333,0.25,"78633,151406","24547,151406"
-1.0,-0.3529411764705882,"84276,139870","21080,139870"
-0.3170731707317073,0.2682926829268293,"65347,116196","65347,118623"
1.0,0.171875,"13501,129445","13501,126341"
-0.3823529411764705,0.3235294117647059,"84387,151446","98495,151446"
-0.2888888888888888,0.2444444444444444,"84391,98504","98504,144775"
0.5416666666666666,1.0,"84403,151451","84403,162623"
-0.52,0.48,"84450,151461","91037,151461"
0.3939393939393939,0.4615384615384615,"78930,84492","51339,78930"
-0.5,0.5,"48815,151479","84560,151479"
1.0,1.0,"84587,151485","84587,96623"
0.2708333333333333,1.0,"84596,98784","84596,96857"
-0.5652173913043478,0.4347826086956521,"84627,151496","107840,151496"
-0.5,0.5,"84671,151505","84672,151505"
0.52,-0.0647058823529411,"69728,91276","11610,69728"
1.0,-1.0,"84719,151516","84719,86607"
-1.0,-1.0,"47764,108077","108077,168044"
1.0,-1.0,"84843,151557","103662,151557"
-0.1733333333333333,0.1333333333333333,"84921,91538","84921,108304"
-0.5,-1.0,"84934,118872","99192,118872"
1.0,1.0,"84969,151581","84969,98749"
-0.5,0.5,"84972,151582","84973,151582"
-0.3714285714285714,0.3142857142857143,"74258,151584","99249,151584"
-0.3023255813953488,0.2325581395348837,"85012,151591","108460,151591"
0.9144736842105264,0.0657894736842105,"33783,58856","58856,59939"
0.40625,-0.3,"67240,111074","38621,67240"
-1.0,-1.0,"85046,151596","101395,151596"
-0.2826086956521739,0.217391304347826,"85164,135010","88360,135010"
-0.1354166666666666,-1.0,"27241,110292","32318,110292"
-0.2096774193548387,0.2096774193548387,"85314,131815","85315,131815"
1.0,0.5,"85331,92002","92002,156334"
1.0,1.0,"85333,93972","93972,161640"
-0.0074418604651162,0.22,"39845,120940","39845,70032"
0.3089731729879741,-1.0,"29063,85357","29063,60451"
1.0,1.0,"85358,87125","87125,154203"
-0.5217391304347826,0.4782608695652174,"85364,151808","85364,156457"
-0.3529411764705882,0.3235294117647059,"44776,151810","44776,150606"
0.4545454545454546,0.4545454545454545,"85368,151830","85368,161852"
-0.375,0.3125,"64220,86344","64220,74972"
1.0,1.0,"85381,151852","85381,161827"
1.0,0.2033898305084746,"6160,67701","6160,40895"
0.3076923076923077,-0.5,"19615,20060","3329,19615"
-0.5454545454545454,0.4545454545454545,"34835,119302","34835,158665"
0.5,-1.0,"38008,110251","22596,110251"
1.0,0.2682926829268293,"85405,136328","22842,136328"
-0.5454545454545454,0.4545454545454545,"85420,151967","85420,162046"
-0.5454545454545454,0.4545454545454545,"85464,152084","85464,162209"
1.0,-0.4,"85465,98865","72266,98865"
-1.0,-1.0,"85467,99986","99986,162221"
1.0,-0.2222222222222222,"83711,85476","72793,83711"
-0.5454545454545454,0.4545454545454545,"85509,152186","85509,162347"
1.0,-1.0,"85517,152206","97130,152206"
1.0,1.0,"85520,100065","100065,162391"
-0.2553191489361702,-1.0,"44834,51257","44834,51056"
-0.1304347826086956,0.1195652173913043,"70200,97372","36250,70200"
-0.3076923076923077,-0.3243243243243243,"36304,43748","43748,50769"
-1.0,-1.0,"85595,152349","85595,99803"
-0.5217391304347826,-0.5217391304347826,"17506,93867","17506,68783"
-0.2068965517241379,0.2068965517241379,"33850,53319","33850,39737"
-0.1463414634146341,0.1341463414634146,"33502,148797","6799,33502"
0.5217391304347826,1.0,"85647,92371","85647,156777"
1.0,1.0,"24792,85650","24792,142282"
-1.0,-0.2857142857142857,"76461,85659","40302,76461"
-0.5217391304347826,0.4782608695652174,"85670,152493","85670,157239"
-0.5217391304347826,0.4782608695652174,"85686,152515","85686,157259"
-0.0237154150197628,0.4545454545454545,"85691,92646","85691,162809"
1.0,1.0,"79952,86216","54446,86216"
-0.2608695652173913,0.2608695652173913,"17007,137728","17007,118526"
1.0,0.4761904761904761,"24854,121389","105064,121389"
1.0,1.0,"85750,102723","102723,165646"
-1.0,-1.0,"85758,152618","100354,152618"
-0.1463414634146341,0.1463414634146341,"74868,139861","27998,74868"
-0.4444444444444444,-0.4583333333333333,"26284,89261","26284,111627"
1.0,1.0,"40637,58522","40637,97593"
-1.0,-1.0,"34737,44965","34737,135619"
-1.0,-0.116504854368932,"85779,145248","85779,113779"
-0.5217391304347826,0.4782608695652174,"85787,152679","85787,157438"
0.2307692307692307,0.5,"22436,152745","54497,152745"
0.2264150943396226,-0.4615384615384615,"85844,118419","85844,125170"
-0.1121495327102803,0.102803738317757,"16395,97864","16395,157588"
-1.0,-1.0,"85876,152804","85876,161313"
1.0,1.0,"60694,85899","85899,140175"
0.5,-1.0,"8933,35919","8933,105371"
-1.0,-1.0,"58077,119935","58077,73072"
0.3333333333333333,-0.1063829787234042,"74971,105894","105894,108679"
1.0,1.0,"85895,93576","93576,155393"
-0.1846153846153846,0.1692307692307692,"41828,152925","41828,102181"
1.0,-1.0,"85954,152927","85954,99950"
-0.2142857142857142,0.1964285714285714,"55576,98136","55576,90637"
-1.0,-1.0,"46822,142546","46822,46823"
-0.2553191489361702,0.2553191489361702,"10820,85989","85989,93401"
-0.5217391304347826,0.4782608695652174,"60419,145255","34192,60419"
1.0,-1.0,"86001,152982","92780,152982"
0.5,0.5,"86045,153052","107447,153052"
0.5217391304347826,-0.3225806451612903,"86057,106233","52647,106233"
0.1411764705882353,1.0,"31556,152241","89439,152241"
-1.0,-1.0,"86067,89245","89245,155455"
-0.5217391304347826,0.4782608695652174,"86091,92908","92908,157966"
-0.5,0.5,"23379,135628","23379,124411"
-0.5454545454545454,0.4545454545454545,"86118,153138","86118,163707"
-0.1290322580645161,0.1075268817204301,"2061,98078","2061,51552"
1.0,1.0,"86178,135235","86178,156939"
-0.08,0.0666666666666666,"19471,142610","19471,86747"
-0.5,-1.0,"63090,70957","63090,93114"
1.0,1.0,"86268,93117","93117,93118"
1.0,-1.0,"86271,88660","88660,155185"
-0.5454545454545454,0.4545454545454545,"86296,153336","86296,163976"
-0.9361702127659576,-0.4166666666666667,"12564,86329","86329,145980"
-0.3157894736842105,0.3157894736842105,"44417,75280","75280,118684"
1.0,1.0,"86352,93210","93210,158293"
0.0817391304347825,-0.1612903225806451,"46323,48434","29543,48434"
-0.5454545454545454,0.4545454545454545,"86368,153421","86368,164111"
-1.0,-1.0,"86388,108248","108248,168098"
-0.06,-1.0,"86419,136098","81316,86419"
1.0,-1.0,"32086,63070","32086,136066"
-0.3428571428571428,0.3428571428571428,"32877,51722","44582,51722"
-0.2448979591836734,-0.7551020408163265,"43311,153518","43311,132338"
-0.5217391304347826,0.4782608695652174,"86455,101305","86455,158423"
-1.0,-1.0,"86456,153522","101277,153522"
-0.5454545454545454,0.4545454545454545,"40719,153555","40719,104765"
-0.5454545454545454,0.4545454545454545,"86491,101327","101327,164312"
-0.375,0.3125,"86497,153569","86497,164315"
1.0,1.0,"72428,86519","72428,87309"
-0.5454545454545454,0.4545454545454545,"14367,39091","14367,52115"
0.1318681318681318,1.0,"12393,103410","77308,103410"
-0.5217391304347826,0.4782608695652174,"36034,140142","36034,149363"
-1.0,-1.0,"86560,153634","86560,160813"
1.0,-1.0,"86581,153656","92485,153656"
-0.2142857142857142,0.1964285714285714,"86584,124741","86584,142887"
-1.0,-0.1935483870967742,"27465,41683","8740,27465"
-1.0,-1.0,"86591,153669","101352,153669"
-0.5,0.5,"86650,86651","86651,153726"
0.1690140845070422,1.0,"34836,88230","88230,98841"
-0.5,0.5,"86678,153750","86678,153751"
-0.4615384615384615,-0.144927536231884,"12964,107186","107186,115271"
-0.5,0.5,"86701,153778","86701,153779"
-1.0,-1.0,"72617,86710","86710,100846"
1.0,0.3793103448275862,"11511,110106","88564,110106"
-0.5217391304347826,0.4782608695652174,"86729,153809","86729,93591"
1.0,1.0,"50188,86737","50188,105599"
-0.15,0.1375,"22941,115231","10865,22941"
-0.1318681318681318,0.1208791208791208,"53186,86777","53186,141206"
-0.125,0.1145833333333333,"1114,109345","1114,30092"
-0.5454545454545454,0.4545454545454545,"86829,153908","86829,164795"
1.0,1.0,"86860,101781","101781,164827"
-0.48,-1.0,"51550,153941","51550,93734"
1.0,1.0,"86889,101798","101798,164855"
0.375,-0.4545454545454545,"43153,61432","21584,43153"
-0.3428571428571428,-0.6857142857142857,"22640,91311","91311,118116"
0.2790697674418604,0.34375,"8521,56988","8521,22346"
-0.5,0.5,"86922,86923","86923,153995"
0.5238095238095238,0.5238095238095238,"86930,129658","86930,128392"
1.0,1.0,"86950,154025","107856,154025"
-1.0,-1.0,"86964,102567","102567,165529"
1.0,1.0,"86984,154060","71896,86984"
-1.0,-0.2444444444444444,"45423,67321","67321,129780"
-0.5217391304347826,0.4782608695652174,"87041,154129","87041,159070"
1.0,-1.0,"87045,97839","97839,161104"
0.8356164383561644,0.1643835616438356,"43993,118103","90517,118103"
1.0,0.5,"87084,154165","88202,154165"
1.0,1.0,"87089,154170","87089,93907"
-1.0,-0.0528846153846153,"11334,49073","579,11334"
-1.0,-1.0,"20023,54443","54443,57228"
1.0,-1.0,"5885,105012","5885,118509"
-1.0,-1.0,"87153,154225","92983,154225"
-0.2142857142857142,0.1785714285714285,"78443,127770","78443,87523"
-1.0,-1.0,"87186,154253","87186,167416"
0.2033898305084746,0.1643835616438356,"25504,110404","91166,110404"
-0.4,-0.1208791208791208,"59919,143150","28176,59919"
-1.0,-1.0,"87234,154304","87234,100288"
1.0,1.0,"87260,102315","102315,165348"
0.48,-0.1617647058823529,"25852,63395","45703,63395"
0.48,0.2391304347826087,"47253,81303","5014,47253"
1.0,0.5238095238095238,"87305,154369","87305,156406"
0.1307692307692307,0.1846153846153846,"87347,88665","88665,107192"
-0.5,0.5,"87364,154412","87364,154413"
-0.3,0.3,"67281,87389","67281,153933"
-0.5217391304347826,-1.0,"33908,84506","33908,114359"
-0.5454545454545454,0.4545454545454545,"87445,154474","87445,102574"
1.0,1.0,"47876,64472","64472,76182"
-0.4137931034482758,-1.0,"87485,97425","87485,154502"
-0.2,-0.2083333333333333,"23676,64572","23676,41411"
0.5217391304347826,0.2325581395348837,"86355,121284","86355,164074"
0.2264150943396226,-0.4545454545454545,"5964,87562","87562,104136"
-1.0,-1.0,"87589,96482","96482,160601"
-1.0,-1.0,"87593,154562","87593,92026"
-0.2033898305084746,0.1694915254237288,"14886,121649","78628,121649"
-0.5454545454545454,0.4545454545454545,"12055,111292","12055,36256"
-0.5454545454545454,0.4545454545454545,"87651,154601","87651,165701"
0.25,0.4583333333333333,"47379,77103","18767,77103"
-1.0,-1.0,"35131,122526","35131,123169"
0.3636363636363636,-1.0,"19081,83249","19081,144538"
-0.3428571428571428,0.2857142857142857,"34697,43000","43000,63659"
0.5217391304347826,1.0,"87702,115439","87702,102682"
-0.3636363636363636,0.303030303030303,"70343,111320","92547,111320"
0.3636363636363636,-0.175438596491228,"51818,80399","80399,103040"
-0.1348314606741573,-1.0,"57221,87871","57221,111276"
-1.0,-1.0,"87881,154741","87881,94908"
-0.5454545454545454,0.4545454545454545,"87915,103271","103271,165989"
0.1621621621621621,0.2894736842105263,"49607,94959","94959,133443"
-0.2790697674418604,0.2558139534883721,"32386,49849","32386,93161"
-0.5217391304347826,0.4782608695652174,"78971,87930","53070,87930"
-0.1621621621621621,0.1351351351351351,"53735,103323","103322,103323"
-0.5454545454545454,0.4545454545454545,"87951,154778","103336,154778"
-0.5454545454545454,0.4545454545454545,"87954,154781","87954,103339"
-0.5217391304347826,0.4782608695652174,"87986,123742","95040,123742"
1.0,-1.0,"88015,106722","106722,167645"
-1.0,-1.0,"11597,44714","44714,116934"
1.0,1.0,"88062,154851","95137,154851"
0.4545454545454546,0.4545454545454545,"88078,154859","71614,154859"
-0.5454545454545454,0.4545454545454545,"88121,154887","88121,165826"
1.0,0.2444444444444444,"71691,140838","71691,93177"
-1.0,-0.375,"8754,17737","7851,8754"
-1.0,-1.0,"88212,124326","88212,102263"
0.5238095238095238,0.5238095238095238,"88249,98474","98474,161275"
-0.5454545454545454,0.4545454545454545,"88252,154955","93654,154955"
1.0,-1.0,"88271,154962","104480,154962"
-0.5454545454545454,0.4545454545454545,"88293,103788","103788,166326"
-0.3428571428571428,0.3142857142857143,"42927,88324","88324,95438"
-0.5,0.5,"88396,155041","88396,155042"
-0.2857142857142857,0.238095238095238,"88421,103998","103997,103998"
1.0,0.3125,"36383,64593","36382,36383"
1.0,-1.0,"47680,60679","47680,67024"
-0.0714285714285714,-1.0,"6511,17576","6511,55172"
0.1818181818181818,0.4285714285714285,"29232,141503","90594,141503"
1.0,-1.0,"88549,155128","88549,155654"
-1.0,-1.0,"88554,112099","88554,95710"
0.5238095238095238,-0.4761904761904761,"88555,95711","95711,111296"
-0.5,0.5,"87255,88573","88573,136140"
-0.5,0.5,"88576,88577","88577,155149"
1.0,0.4347826086956521,"88588,140906","82609,88588"
1.0,0.3125,"43934,124760","43934,121972"
-0.2264150943396226,0.2075471698113207,"42442,54776","54776,150000"
-0.4062140391254315,0.4545454545454545,"77084,104327","91893,104327"
-0.5454545454545454,0.4545454545454545,"88681,104353","104353,166641"
-0.5454545454545454,0.4545454545454545,"30986,129993","30986,39136"
-0.5454545454545454,0.4545454545454545,"88704,155208","104397,155208"
-1.0,-0.2941176470588235,"48941,105095","48358,105095"
-1.0,-1.0,"88822,155274","88822,104537"
0.2222222222222222,-0.5,"6711,35221","6711,57529"
-1.0,-1.0,"21158,88843","88843,92607"
0.5217391304347826,1.0,"88931,96145","88931,159333"
0.5,0.5,"89027,155362","89027,158112"
-0.2926829268292683,0.2682926829268293,"60800,89085","60800,143481"
-1.0,-1.0,"89163,155422","104986,155422"
-0.5,0.5,"5791,18944","18944,99639"
-0.5454545454545454,0.4545454545454545,"89181,155431","105032,155431"
-1.0,-1.0,"89214,155445","100040,155445"
0.1818181818181818,1.0,"84489,96472","96472,119820"
1.0,1.0,"89266,155460","89266,157348"
0.5454545454545454,-0.4545454545454545,"89271,90142","90142,105152"
1.0,1.0,"89281,105166","105166,167008"
0.4615384615384615,1.0,"11734,16784","16784,57793"
0.5,0.5,"16244,117999","33245,117999"
0.4615384615384615,-0.238095238095238,"49794,77591","44587,49794"
-0.2181818181818181,0.1818181818181818,"89349,96599","96599,105269"
0.8076923076923077,0.2115384615384615,"89393,121653","89393,158928"
-1.0,-1.0,"89458,155548","93154,155548"
0.3333333333333333,0.4761904761904761,"89472,90704","90704,155618"
-0.4,-0.1428571428571428,"89483,146853","83212,89483"
0.4285714285714285,1.0,"89484,133361","68510,89484"
1.0,1.0,"89523,105496","105496,167187"
-1.0,-1.0,"89525,155577","89525,96786"
1.0,1.0,"89528,155579","89528,96789"
-0.1538461538461538,0.1282051282051282,"82431,97072","26038,97072"
-0.2553191489361702,0.2340425531914893,"89803,155672","97136,155672"
-0.5217391304347826,0.4782608695652174,"89812,155676","89812,97145"
-0.5454545454545454,-1.0,"89847,155691","89847,92467"
-0.1111111111111111,-0.4347826086956521,"4517,73047","37880,73047"
-1.0,-0.1864406779661017,"76985,124773","43659,124773"
1.0,-0.3055555555555556,"89905,141346","82069,89905"
0.48,-0.5,"30316,149135","51874,149135"
0.2033898305084746,-1.0,"42327,130130","42327,159400"
1.0,1.0,"89965,155731","89965,166700"
-1.0,-1.0,"90017,106220","106220,167449"
-0.5217391304347826,0.4782608695652174,"90068,155763","97414,155763"
1.0,-1.0,"90144,155791","90144,94510"
-0.1690140845070422,0.1549295774647887,"14184,115311","14184,97511"
-0.2727272727272727,0.0887096774193548,"21102,119050","21102,22148"
-0.5454545454545454,0.4545454545454545,"90259,106532","106532,167557"
0.3157894736842105,0.1515151515151515,"25694,110430","19066,25694"
0.2,-1.0,"90306,123927","101417,123927"
-0.5454545454545454,0.4545454545454545,"90329,155853","90329,167605"
-0.05,0.0458333333333333,"90354,155861","90354,97715"
1.0,0.4166666666666667,"23337,135140","23337,114857"
-0.1290322580645161,0.1182795698924731,"10207,112757","97774,112757"
-0.5217391304347826,0.4782608695652174,"90438,155886","97840,155886"
-0.5454545454545454,0.4545454545454545,"53853,129781","106855,129781"
-0.1666666666666666,0.1388888888888889,"90544,122071","106927,122071"
-0.5,0.5,"90547,155920","90548,155920"
-1.0,-0.5,"90621,107035","107035,167769"
0.5217391304347826,0.34375,"90622,109842","98097,109842"
0.5217391304347826,1.0,"54103,155957","3435,54103"
0.5,1.0,"90732,90733","90732,143146"
1.0,1.0,"90750,155974","90750,100857"
-0.5217391304347826,0.4782608695652174,"90769,98265","98265,125334"
-0.5217391304347826,0.4782608695652174,"90783,155980","98279,155980"
-0.5,0.5,"13770,30512","13770,46976"
1.0,1.0,"90978,107529","98528,107529"
-0.5454545454545454,0.4545454545454545,"19669,112653","70138,112653"
0.3529411764705882,0.1176470588235294,"17893,50627","17566,17893"
0.3,-0.44,"91011,117958","78864,91011"
1.0,1.0,"91025,116845","91025,144855"
0.5,0.0571428571428571,"11369,124711","11369,25454"
1.0,1.0,"91141,156084","91285,156084"
-0.0909090909090909,0.0757575757575757,"63207,112000","63206,112000"
0.3333333333333333,1.0,"91225,127818","89083,91225"
-0.3529411764705882,0.3235294117647059,"5020,156157","8852,156157"
1.0,1.0,"91398,156160","108455,156160"
-0.5,0.5,"91434,156172","91435,156172"
0.5,1.0,"48573,91576","91576,99202"
-0.2068965517241379,0.1896551724137931,"86142,144464","73056,144464"
-1.0,-1.0,"62033,69749","46472,69749"
-0.3636363636363636,0.303030303030303,"71654,146721","77954,146721"
-0.3636363636363636,0.303030303030303,"91969,154850","108942,154850"
1.0,1.0,"92036,92037","92037,156440"
1.0,1.0,"92052,156489","99296,156489"
1.0,1.0,"92056,92130","92130,156707"
-1.0,-1.0,"44840,64643","64643,82511"
-1.0,-0.4761904761904761,"14172,35253","14172,131898"
1.0,1.0,"92086,93179","93179,158260"
-0.3235294117647059,-1.0,"31822,132727","31822,94955"
-1.0,-1.0,"92097,100165","92097,160891"
-0.34375,0.3125,"92107,156639","92107,162024"
0.1341463414634146,-0.5,"32453,37049","37049,137131"
-0.5,0.5,"92152,156749","92152,156750"
0.5238095238095238,-0.3793103448275862,"27237,92157","27237,59193"
0.44,-0.44,"51620,140331","75057,140331"
1.0,1.0,"92182,156819","98918,156819"
-1.0,-1.0,"78989,146231","78989,91175"
-1.0,-1.0,"92190,156846","92190,100013"
-0.2244897959183673,0.2040816326530612,"15872,62342","26235,62342"
-1.0,-1.0,"92200,93026","93026,158088"
1.0,-0.4,"35336,45988","45988,70256"
-0.5238095238095238,0.4761904761904761,"92230,144911","92230,100066"
-1.0,-1.0,"92237,156956","92237,161220"
-0.5238095238095238,0.4761904761904761,"40031,106661","40031,105373"
-0.5238095238095238,0.4761904761904761,"92284,157060","92284,162528"
-0.3055555555555556,0.3055555555555556,"64276,74752","53485,74752"
-0.0973451327433628,0.0884955752212389,"27340,52807","27340,39889"
1.0,1.0,"92333,98709","98709,161356"
-0.5238095238095238,0.4761904761904761,"92372,157213","29885,92372"
-0.5238095238095238,0.4761904761904761,"92382,157226","92382,162738"
-0.0416666666666666,0.0378787878787878,"238,27161","238,8013"
-0.5238095238095238,0.4761904761904761,"57581,64190","57581,162825"
1.0,-0.2340425531914893,"13418,67542","67542,119398"
-0.4230769230769231,-0.2244897959183673,"13495,70366","13495,133080"
-0.5238095238095238,-0.3055555555555556,"71836,88084","71836,141266"
-0.4583333333333333,-0.5238095238095238,"45181,140120","45181,160112"
1.0,1.0,"92475,157379","92475,100155"
1.0,-0.1470588235294117,"49019,128454","44979,128454"
-1.0,-1.0,"92508,157430","92508,161518"
-0.0218687872763419,0.0198807157057654,"1282,142735","1282,135993"
0.2340425531914893,-0.2857142857142857,"20410,87170","87170,127364"
-0.5238095238095238,0.4761904761904761,"92717,157716","92717,163367"
-0.3235294117647059,-0.160427807486631,"80186,157757","80186,85971"
1.0,1.0,"92743,102075","102075,165109"
-0.3333333333333333,0.303030303030303,"23588,85988","16490,85988"
-0.5238095238095238,0.4761904761904761,"92778,157803","92778,163455"
-0.2444444444444444,0.2444444444444444,"32070,53872","53872,150785"
-1.0,-1.0,"92797,157833","92797,158078"
0.4230769230769231,0.3235294117647059,"18658,46812","46812,109100"
1.0,-1.0,"92844,157882","92844,164545"
1.0,0.238095238095238,"58489,76396","57968,76396"
-0.5238095238095238,0.4761904761904761,"92893,100791","92893,104109"
0.44,0.5,"43926,75161","43926,79015"
-0.8225806451612903,-1.0,"58904,62744","14004,58904"
1.0,1.0,"93045,104408","104408,166668"
1.0,1.0,"20147,58664","20147,95806"
-1.0,-0.1923076923076923,"76463,158119","76463,83635"
-0.5238095238095238,0.4761904761904761,"93078,158157","93078,163867"
-0.5238095238095238,-1.0,"14580,61529","14580,83266"
-0.0956521739130434,-0.3805383022774327,"40074,62167","40074,158230"
1.0,1.0,"93173,93213","93213,97142"
1.0,-1.0,"93262,99739","99739,161575"
0.3548387096774194,-0.1785714285714285,"41305,53824","41305,70279"
-0.5,0.5,"93286,158384","93287,158384"
-0.5454545454545454,-1.0,"5866,58315","15156,58315"
-0.11,0.11,"18685,93326","18685,93327"
-0.2115384615384615,0.1923076923076923,"21421,110410","21421,28362"
1.0,1.0,"28338,42026","28338,47456"
-0.2444444444444444,0.2444444444444444,"36950,80680","80680,135459"
1.0,-1.0,"38460,77630","38460,122995"
-1.0,-0.2244897959183673,"54064,158588","54064,88436"
-0.5238095238095238,0.4761904761904761,"93497,158613","93497,164498"
-0.2,-1.0,"18889,124060","18889,146489"
0.0552763819095477,-1.0,"2433,150827","97782,150827"
-0.5238095238095238,0.4761904761904761,"93568,158701","93568,164612"
0.5238095238095238,0.2631578947368421,"20662,107123","107123,107124"
-0.5238095238095238,0.4761904761904761,"93612,132765","93612,164673"
-0.3235294117647059,0.2941176470588235,"60097,115823","60097,101642"
-0.2012288786482335,0.4761904761904761,"82825,131273","82825,94160"
-1.0,-1.0,"93648,158807","93648,159991"
0.4583333333333333,1.0,"40485,49598","49598,51869"
-1.0,-1.0,"93676,104373","104373,166651"
-1.0,-1.0,"93695,158850","93695,167039"
-1.0,-1.0,"36622,72899","8669,36622"
-0.5238095238095238,0.4761904761904761,"93816,158976","93816,101912"
0.4782608695652174,0.5,"93834,96188","96188,113929"
1.0,1.0,"93882,159041","95623,159041"
0.0683229813664596,-0.4761904761904761,"3341,15279","15279,100560"
-0.5238095238095238,0.4761904761904761,"93898,159051","93898,165068"
1.0,-0.5238095238095238,"6029,58917","58917,79222"
-1.0,-1.0,"93911,159069","93911,161260"
0.4782608695652174,1.0,"87054,117430","63302,117430"
-0.0691823899371069,0.0628930817610062,"9600,143316","9600,159992"
-1.0,-0.1018518518518518,"65856,93955","93955,115460"
-1.0,-1.0,"93957,108493","108493,168160"
-0.5238095238095238,0.4761904761904761,"94013,159151","102154,159151"
-1.0,-1.0,"25672,94149","94149,120101"
1.0,1.0,"94167,159261","94167,163540"
-0.5238095238095238,0.4761904761904761,"56102,85296","56102,108914"
-1.0,-1.0,"94229,159319","94229,100394"
-0.3333333333333333,0.303030303030303,"10790,46257","10790,48353"
-0.2156862745098039,0.196078431372549,"94381,102544","102543,102544"
-0.1170212765957446,0.1170212765957446,"30784,59831","20625,30784"
-0.5238095238095238,0.4761904761904761,"94442,159460","102623,159460"
1.0,-1.0,"94473,159475","94473,163854"
0.44,-1.0,"46312,94505","94505,99291"
-1.0,-1.0,"3045,109416","2916,3045"
-0.5238095238095238,0.4761904761904761,"94607,102820","102820,165705"
-0.3548387096774194,0.3225806451612903,"94611,102827","102826,102827"
0.8571428571428572,0.1428571428571428,"91725,94621","51632,94621"
-0.1774193548387097,-1.0,"58770,65657","58770,114760"
-0.3142857142857143,0.2857142857142857,"4667,25503","18195,25503"
1.0,-1.0,"41324,57197","33431,41324"
0.5238095238095238,-1.0,"19650,95955","19650,97288"
-0.5238095238095238,0.4761904761904761,"94774,159679","94774,103055"
-0.5238095238095238,0.4761904761904761,"94857,159717","94857,165901"
1.0,0.072463768115942,"11448,13525","11448,19017"
-0.2894736842105263,0.2631578947368421,"63717,94894","63717,162317"
-0.5238095238095238,0.4761904761904761,"94952,159786","94952,103280"
-1.0,-0.5,"95027,150396","95027,103378"
-0.1594202898550724,0.144927536231884,"41999,42652","42652,98567"
-0.5238095238095238,0.4761904761904761,"95074,159860","103431,159860"
1.0,1.0,"95105,159875","107018,159875"
-0.1896551724137931,0.1724137931034483,"47623,71850","50328,71850"
-1.0,-1.0,"95385,135762","95385,100929"
1.0,1.0,"95401,95402","95402,160049"
-0.5238095238095238,0.4761904761904761,"95457,160082","95457,166383"
0.4583333333333333,0.5,"88586,150594","82165,88586"
-0.3548387096774194,0.3225806451612903,"95612,104052","104052,166512"
1.0,1.0,"95622,160178","108873,160178"
0.44,-0.4545454545454545,"95677,114063","101744,114063"
0.5,-0.5,"9935,53351","53351,122501"
-0.1111111111111111,0.101010101010101,"95754,160235","95754,136260"
1.0,1.0,"95840,160279","106393,160279"
-0.5238095238095238,0.4761904761904761,"95871,160299","95871,166657"
0.0555555555555555,-1.0,"7636,97413","97413,107155"
-1.0,-1.0,"95960,106071","106071,167395"
-0.282051282051282,-1.0,"57742,156460","57742,73985"
1.0,1.0,"96028,160384","106772,160384"
-0.5,0.5,"96066,96067","96067,160407"
0.4761904761904761,0.4761904761904761,"96121,104685","104685,166784"
-0.5,0.5,"96167,160451","96168,160451"
-1.0,-1.0,"96310,160518","100585,160518"
1.0,1.0,"96315,160519","96316,160519"
1.0,1.0,"96322,104919","104919,166900"
0.5238095238095238,0.5238095238095238,"82838,160544","96373,160544"
-1.0,-0.5238095238095238,"96372,160546","96372,160553"
0.5238095238095238,1.0,"96375,160547","105001,160547"
-1.0,-1.0,"96384,105007","105007,166945"
1.0,1.0,"96564,152501","18042,152501"
-0.5238095238095238,0.4761904761904761,"96628,160661","105303,160661"
-0.171875,0.15625,"79390,96631","45827,96631"
0.1486486486486486,0.2325581395348837,"33065,68466","68466,118360"
-0.5238095238095238,0.4761904761904761,"96675,160678","105365,160678"
0.3793103448275862,1.0,"96719,97568","97568,159304"
-1.0,-1.0,"96782,160726","96782,167191"
-1.0,-1.0,"96852,160754","105562,160754"
-1.0,-1.0,"96858,160758","100621,160758"
1.0,1.0,"96973,160795","96973,105510"
0.0415094339622641,-0.2325581395348837,"379,6347","6347,97364"
-0.5238095238095238,0.4761904761904761,"97013,160814","97013,105737"
0.44,0.303030303030303,"46739,122037","9147,46739"
-1.0,-1.0,"42096,119808","105893,119808"
-0.1833333333333333,0.1666666666666666,"97149,157586","97149,105920"
-0.1264367816091954,0.1149425287356321,"97161,98003","97161,105938"
-0.3333333333333333,0.303030303030303,"97232,155703","106024,155703"
1.0,-0.2244897959183673,"11763,28717","11763,114798"
0.5238095238095238,0.1641791044776119,"97284,97285","79213,97285"
-1.0,-1.0,"97301,106116","106116,167411"
-0.5238095238095238,0.4761904761904761,"97306,160914","106120,160914"
1.0,-0.4545454545454545,"97530,120543","97530,101370"
-0.3333333333333333,0.303030303030303,"97623,127129","106543,127129"
-0.5238095238095238,0.4761904761904761,"97658,161035","106593,161035"
1.0,1.0,"97671,161038","106602,161038"
-0.5238095238095238,0.4761904761904761,"97672,106603","106603,167580"
-0.5238095238095238,0.4761904761904761,"97681,161051","97681,167593"
-0.5238095238095238,0.4761904761904761,"97701,132137","97701,106647"
-0.5238095238095238,0.4761904761904761,"97702,161061","97702,167614"
-0.3548387096774194,0.3225806451612903,"97765,161088","106743,161088"
1.0,1.0,"97780,161091","97780,165413"
-0.2075471698113207,0.1886792452830188,"97795,115497","29432,97795"
-0.5238095238095238,0.4761904761904761,"97804,161097","106773,161097"
-1.0,-1.0,"97891,161118","99842,161118"
1.0,-0.2631578947368421,"97918,147596","13447,97918"
1.0,-0.3225806451612903,"26474,86023","86023,92357"
-0.5238095238095238,0.4761904761904761,"98107,161182","107040,161182"
0.1896551724137931,1.0,"61742,98328","28672,61742"
-1.0,-1.0,"98350,161241","105010,161241"
1.0,1.0,"98352,161243","98352,163790"
0.1341463414634146,-0.0657894736842105,"27642,107341","16463,27642"
1.0,-0.4347826086956521,"54289,149475","23591,54289"
0.5238095238095238,-1.0,"98478,107479","98478,106131"
1.0,1.0,"98502,107508","107508,128936"
-0.5238095238095238,0.4761904761904761,"98593,161320","107599,161320"
-1.0,-1.0,"98600,98601","98601,161323"
0.2972972972972973,1.0,"76988,120821","76988,103977"
-0.1195652173913043,0.1195652173913043,"98688,111203","98689,111203"
-0.5238095238095238,0.4761904761904761,"98737,161364","107758,161364"
-0.2444444444444444,0.2222222222222222,"28215,131405","108014,131405"
-1.0,-0.25,"40966,84980","79302,84980"
-1.0,-1.0,"99025,161431","99853,161431"
0.1208791208791208,0.2564102564102564,"25801,131019","66933,131019"
1.0,-1.0,"99071,161441","100316,161441"
-0.5238095238095238,0.4761904761904761,"99088,161444","108182,161444"
-0.5238095238095238,0.4761904761904761,"99139,161457","99139,108249"
1.0,-1.0,"43519,148472","38810,43519"
-0.5,0.5,"99251,161486","99252,161486"
-0.3548387096774194,0.3225806451612903,"99431,108602","108601,108602"
-0.5238095238095238,0.4761904761904761,"99445,161508","108627,161508"
-0.5238095238095238,0.4761904761904761,"99466,161516","108643,161516"
-0.3333333333333333,0.303030303030303,"67817,154968","108726,154968"
1.0,-1.0,"99609,161552","99609,108803"
-0.5238095238095238,-0.5238095238095238,"99684,161566","104428,161566"
1.0,1.0,"99744,161578","99744,163907"
1.0,1.0,"99764,99765","99765,161615"
0.2325581395348837,1.0,"29289,105845","105845,119017"
1.0,-0.3703703703703703,"16505,18885","3803,16505"
1.0,1.0,"99923,99924","99924,162072"
1.0,-0.1666666666666666,"14911,75639","33480,75639"
1.0,1.0,"99996,107374","107374,167857"
0.3571428571428571,-1.0,"13799,52263","13799,77568"
0.1538461538461538,-0.2631578947368421,"39036,116233","106545,116233"
-1.0,-1.0,"100130,162506","100130,166186"
1.0,1.0,"100172,137863","16593,137863"
-0.5,0.5,"100191,162644","100191,162645"
0.5,0.4761904761904761,"15221,94520","23095,94520"
1.0,1.0,"100220,162703","105856,162703"
-1.0,-1.0,"18637,145088","18637,115359"
1.0,-1.0,"100236,162731","102040,162731"
1.0,1.0,"23342,100355","100355,148637"
1.0,-1.0,"100368,102239","102239,165257"
0.4,-1.0,"59690,117431","104361,117431"
-0.0239120038259206,0.1219512195121951,"10234,104087","104087,115128"
-1.0,-0.2857142857142857,"22584,115354","22584,126908"
1.0,-1.0,"100472,105544","105544,167209"
-1.0,-1.0,"33038,136600","33038,160164"
-1.0,-1.0,"92638,156908","92638,146857"
1.0,-1.0,"100531,163211","101604,163211"
1.0,-0.1176470588235294,"93473,106352","58159,106352"
0.4166666666666667,0.2,"28885,61054","61054,137604"
0.3846153846153846,-0.4545454545454545,"23965,66399","23965,87448"
-0.5,0.5,"100679,163448","100679,163449"
-0.2272727272727272,-0.5,"24696,89396","24696,114323"
1.0,1.0,"100801,163648","104855,163648"
-0.2272727272727272,-1.0,"59419,92265","32058,59419"
0.3333333333333333,1.0,"17176,30252","30252,78064"
1.0,-1.0,"100955,163856","100955,163857"
-1.0,-1.0,"100989,163899","100989,165531"
1.0,1.0,"101148,101149","101149,135692"
1.0,-1.0,"47146,106862","106862,112085"
-1.0,-1.0,"101289,102062","102062,165099"
1.0,1.0,"101326,164310","104362,164310"
1.0,1.0,"101344,101696","101696,164739"
1.0,-1.0,"40394,101372","40394,84621"
1.0,-1.0,"83250,101388","83250,89599"
1.0,-1.0,"46720,70995","46720,116382"
-0.3333333333333333,0.3333333333333333,"101497,128080","81099,101497"
1.0,-1.0,"11543,66852","11543,138985"
1.0,1.0,"101728,102389","102389,165404"
1.0,-1.0,"101802,164857","101802,168201"
-1.0,-0.1785714285714285,"101815,143024","88213,101815"
-0.217391304347826,0.217391304347826,"59808,81006","81006,138779"
-1.0,-1.0,"60370,87805","60370,157962"
-0.5,0.5,"101996,165036","101996,165037"
1.0,1.0,"102077,108192","108192,168079"
-0.5,0.5,"38838,41878","34186,38838"
-0.4166666666666667,-1.0,"75988,108317","75988,123417"
1.0,1.0,"102313,102314","102314,165347"
0.2564102564102564,0.5,"27589,141091","82369,141091"
1.0,0.4761904761904761,"73511,106987","106987,155933"
1.0,1.0,"102863,102864","102864,165742"
-0.1041666666666666,0.1041666666666666,"53802,102971","102971,121767"
1.0,0.1298701298701298,"57285,103169","55368,57285"
-0.1724137931034483,0.1724137931034483,"70451,87892","87892,103241"
-0.5,0.5,"103631,166240","103632,166240"
-0.5,0.5,"103747,103748","103748,166295"
1.0,1.0,"103844,103845","103845,166364"
-1.0,-1.0,"40089,108771","108771,137802"
-1.0,-1.0,"103969,107266","107266,167825"
1.0,0.217391304347826,"104081,123741","105555,123741"
-0.5,0.5,"104120,104121","104121,166540"
0.2325581395348837,0.2325581395348837,"104594,115401","107968,115401"
-0.3225806451612903,0.3225806451612903,"96151,150835","96151,137569"
0.4347826086956521,0.4347826086956521,"89068,150883","82668,150883"
1.0,1.0,"104921,104922","104922,104923"
1.0,-1.0,"105052,105053","105052,167165"
-0.303030303030303,0.303030303030303,"40940,105266","105266,114657"
0.0961538461538461,-1.0,"78828,130553","105454,130553"
0.2127659574468085,1.0,"77610,108438","108438,147357"
1.0,1.0,"105464,167171","105465,167171"
-1.0,-1.0,"105494,167185","105494,167186"
-1.0,-1.0,"105497,167188","105497,167189"
1.0,-0.4,"83191,105507","105507,138795"
-0.09009009009009,0.09009009009009,"75086,111468","105643,111468"
0.1851851851851851,0.4166666666666667,"40876,126591","22512,126591"
-0.0980392156862745,0.0980392156862745,"14133,136699","89206,136699"
-0.5,0.5,"106095,106096","106096,167402"
-0.5,0.5,"106139,106140","106140,167421"
-1.0,-1.0,"106605,167581","106605,167629"
1.0,-1.0,"106841,143532","106841,119397"
-0.3225806451612903,0.3225806451612903,"107303,128352","105484,128352"
-0.175438596491228,0.175438596491228,"97644,107338","107338,141220"
-0.5,0.5,"107692,167951","107693,167951"
-1.0,-1.0,"108173,108626","108626,168188"
-0.5,0.5,"108227,168089","108228,168089"
-0.5,0.5,"30442,91564","30442,99195"
-0.5,0.5,"108464,168151","108465,168151"
1.0,1.0,"31421,46531","19399,31421"
