{
    "KS_statistic": 0.22205961184683423,
    "p_value": 1.793393021608216e-17
}