{
    "KS_statistic": 0.0866904018728053,
    "p_value": 0.40817476347769194
}