{
    "KS_statistic": 0.14134615384615384,
    "p_value": 0.034189890728230574
}