{
    "KS_statistic": 0.08994082840236686,
    "p_value": 0.07533496743999414
}