{
    "observed_skl": 0.22919213010597886,
    "p_value": 0.3596403596403596,
    "optimal_k": 11,
    "k_candidates": [
        8,
        9,
        10,
        11,
        12,
        13,
        14,
        15,
        16
    ],
    "#class1": 126,
    "#class2": 159
}