{
    "observed_skl": 0.29546421955590985,
    "p_value": 0.15184815184815184,
    "optimal_k": 10,
    "k_candidates": [
        8,
        9,
        10,
        11,
        12,
        13,
        14,
        15,
        16
    ],
    "#class1": 126,
    "#class2": 159
}