{
    "KS_statistic": 0.13130329293471288,
    "p_value": 1.5475050992951675e-06
}