{
    "KS_statistic": 0.051569136385087304,
    "p_value": 0.6363768258981324
}