{
    "KS_statistic": 0.1849514503965595,
    "p_value": 3.1262642824065074e-12
}