{
    "KS_statistic": 0.19078298831150542,
    "p_value": 7.239164325065681e-07
}