flow1,flow2,edge1,edge2
-0.5959183673469388,0.0204081632653061,"1,640","1,1479"
0.0118577075098814,0.0465116279069767,"2,168","168,2951"
-0.0078740157480314,-0.0314960629921259,"3,236","3,4407"
0.011537417428287,-0.0039215686274509,"4,561","4,5597"
0.00390625,-0.0039215686274509,"5,83","83,1304"
0.01953125,-0.0700389105058365,"6,506","506,3173"
-0.0817120622568093,-0.0472440944881889,"7,425","7,3718"
0.02734375,-0.0891472868217054,"8,365","365,4883"
0.0363636363636363,-0.0210970464135021,"9,988","890,988"
-0.0041152263374485,0.1152263374485596,"10,203","10,718"
0.0103092783505154,0.0314960629921259,"11,432","432,3838"
0.0041152263374485,-0.0078125,"12,110","110,1072"
-0.0194552529182879,-0.003875968992248,"13,859","13,3045"
0.0077220077220077,-0.0078125,"14,78","78,5742"
-0.0158730158730158,-0.0156862745098039,"15,583","15,5883"
0.016,0.0117647058823529,"16,223","223,5430"
0.0077821011673151,-0.015625,"17,202","202,3002"
-0.0078125,0.05859375,"18,154","18,279"
1.0,0.0303030303030303,"19,1715","387,1715"
-0.2857142857142857,-0.3671497584541063,"20,2261","20,4985"
0.125,-0.38671875,"21,303","303,5307"
0.0160642570281124,-0.0038910505836575,"22,120","120,4377"
0.3346303501945525,-0.015625,"23,380","380,2866"
0.04,-0.0115830115830115,"24,194","90,194"
0.0887096774193548,-0.1007751937984496,"25,200","200,3395"
-0.1767676767676767,-0.0038910505836575,"26,4466","2257,4466"
0.0428015564202334,-0.0118577075098814,"27,56","56,4652"
0.0038910505836575,-0.0546875,"28,415","415,2528"
0.0077821011673151,0.0038610038610038,"29,135","135,4032"
0.0076628352490421,-0.0271317829457364,"30,43","43,2290"
-0.3989304204357968,0.2211981566820276,"31,2028","31,2620"
0.0039215686274509,-0.0136986301369863,"32,239","239,1800"
0.2424242424242424,-0.03125,"33,719","657,719"
0.0039370078740157,-0.0039215686274509,"34,60","60,5756"
0.0326086956521739,-0.2222222222222222,"35,115","115,2833"
0.5227272727272727,-0.0116731517509727,"36,3571","3571,3575"
-0.0191570881226053,0.0076628352490421,"37,79","37,930"
-0.0125523012552301,-0.0116731517509727,"38,840","38,4832"
-0.0474308300395256,0.1976284584980237,"39,598","39,1857"
-0.1517509727626459,-0.00390625,"40,197","40,2944"
0.0909090909090909,-0.0555555555555555,"41,497","497,2848"
0.01953125,-0.0739299610894941,"42,47","47,5035"
0.0121951219512195,0.16015625,"44,51","51,548"
0.0338373116553616,0.0112359550561797,"45,117","117,1295"
0.0408163265306122,0.0155038759689922,"46,227","227,2936"
0.0344827586206896,-0.0076923076923076,"48,159","159,3514"
0.0098039215686274,-0.0078431372549019,"49,63","63,1231"
0.0038910505836575,-0.0350194552529182,"50,58","58,3130"
0.1605691056910569,0.0060975609756097,"52,884","251,884"
0.684931506849315,-0.0039215686274509,"53,3793","3793,5470"
0.0163635266793351,-0.2941176470588235,"54,830","54,2357"
0.0661157024793388,-0.00390625,"55,495","495,4558"
0.0754716981132075,-0.0078740157480314,"57,283","283,5300"
-0.0625,-0.0038910505836575,"59,442","59,2312"
0.0077519379844961,-0.0272373540856031,"61,172","172,5809"
-0.0078125,-0.0549019607843137,"62,367","62,5874"
0.0233463035019455,-0.03515625,"64,520","519,520"
0.0546875,-0.0155038759689922,"65,1255","1255,2251"
-0.0392156862745098,-0.1411764705882353,"66,1413","66,2606"
-0.0239043824701195,-0.0234375,"67,264","67,3080"
-0.0972762645914396,0.7976653696498055,"68,2378","68,5353"
0.0212765957446808,-0.0125,"69,226","226,2168"
0.0117647058823529,-0.0156862745098039,"70,245","245,2596"
0.4743083003952569,0.0237154150197628,"71,769","130,769"
-0.245136186770428,0.1556420233463035,"72,1452","72,2385"
0.054054054054054,-0.015625,"73,412","412,1475"
0.01171875,-0.0234375,"74,308","308,6002"
-0.2304324028461959,-0.0411522633744856,"75,4395","4375,4395"
-0.09765625,-0.03125,"76,134","76,2646"
0.0077519379844961,-0.0233463035019455,"77,351","351,6191"
-0.0081967213114754,-0.099236641221374,"80,510","80,4824"
0.0078125,-0.0425531914893617,"81,819","819,4980"
-0.0039370078740157,-0.0546875,"82,187","82,6364"
-0.046692607003891,-0.0038910505836575,"84,374","84,4776"
0.0237154150197628,0.4092664092664093,"85,476","476,670"
0.0581395348837209,-0.1640625,"86,837","837,2019"
0.08984375,-0.01171875,"87,453","453,2670"
0.0344827586206896,-0.0259740259740259,"88,362","362,439"
0.1215686274509803,-0.0912698412698412,"89,1082","1082,5078"
-0.0317460317460317,-0.0118110236220472,"91,1009","91,6485"
0.0551181102362204,-0.0038910505836575,"92,198","198,5241"
0.0078125,0.0588235294117647,"93,111","111,2791"
-0.0357142857142857,-0.1694915254237288,"94,459","94,354"
-0.07421875,0.0078125,"95,630","95,2492"
-0.2015503875968992,-0.0039682539682539,"96,2446","96,3472"
-0.0581395348837209,-0.0235294117647058,"97,1567","97,770"
-0.015625,-0.1176470588235294,"98,315","98,5608"
0.0948616600790513,-0.0503875968992248,"99,195","195,4910"
0.081081081081081,0.03125,"100,1636","1636,1655"
0.0272373540856031,-0.02734375,"101,230","230,3462"
-0.0463320463320463,0.3166023166023166,"102,847","102,2505"
0.0194552529182879,0.0038910505836575,"103,353","353,4845"
-0.3098039215686274,0.0039215686274509,"104,419","104,648"
0.1538461538461538,-0.003875968992248,"105,1928","1338,1928"
0.0062893081761006,-0.0086206896551724,"106,118","118,909"
0.0088495575221238,0.1,"107,660","660,1122"
-0.80078125,-0.13671875,"108,2548","108,679"
0.188235294117647,-0.32421875,"109,826","826,4679"
0.0075989929045548,-0.01171875,"112,1037","112,1041"
-0.0158102766798418,-0.034090909090909,"113,398","113,4090"
0.3089430894308943,-0.1972789115646258,"114,361","361,3306"
-0.0672645739910313,-0.004,"116,212","116,5557"
0.014388489208633,-0.0156862745098039,"121,136","136,1260"
-0.0037680134110518,-0.0116731517509727,"122,422","122,1208"
0.0194552529182879,-0.0155642023346303,"123,257","257,5697"
0.0193798449612403,-0.0363636363636363,"124,273","273,3831"
-0.067266816704176,-0.0039365310077519,"125,150","125,5132"
-0.015625,-0.003875968992248,"126,352","126,3872"
-0.234375,-0.0629921259842519,"127,2603","127,1246"
0.0247524752475247,-0.0040322580645161,"128,715","715,3049"
-0.09375,0.00390625,"129,448","129,1706"
0.0311284046692607,-0.0039215686274509,"131,455","455,1811"
0.032258064516129,0.0052910052910052,"132,3035","3035,3140"
0.0038910505836575,-0.0077220077220077,"133,153","153,1163"
0.22568093385214,-0.046875,"137,2516","2345,2516"
-0.4875,0.175,"138,4085","138,5272"
0.0310077519379844,-0.0804597701149425,"139,319","319,2837"
0.0196078431372549,0.03125,"140,614","614,3642"
0.00390625,-0.0118343195266272,"141,402","402,5732"
0.0251046025104602,-0.0077821011673151,"142,1050","1050,4167"
0.0178571428571428,0.0038910505836575,"143,1053","1053,4983"
-0.0944444444444444,-0.0048309178743961,"144,486","144,4692"
-0.0077220077220077,-0.0078577461389961,"145,433","145,1233"
-0.1607843137254902,-0.1201550387596899,"146,835","146,4210"
0.0234375,0.0196078431372549,"147,396","396,5218"
0.2862745098039215,0.0039525691699604,"148,644","613,644"
0.00390625,-0.13671875,"149,392","392,852"
-0.0232558139534883,0.0232558139534883,"152,522","152,702"
0.0039215686274509,-0.01171875,"155,344","344,5705"
-0.4444444444444444,-0.1666666666666666,"156,4389","156,4352"
-0.0116279069767441,0.0387596899224806,"157,289","157,4365"
-0.125,-0.031578947368421,"158,1735","158,3904"
0.3005952380952381,0.0267857142857142,"160,4441","452,4441"
0.0128205128205128,0.1121951219512195,"161,255","255,1109"
0.1271676300578034,-0.0972762645914396,"162,166","166,4519"
0.0155642023346303,-0.0116731517509727,"163,210","210,1081"
-0.0340746054519368,-0.15,"164,653","653,2546"
0.5,-0.9090909090909092,"165,1270","1270,2115"
0.2395833333333333,-0.0154440154440154,"167,206","206,903"
-0.0038910505836575,-0.003875968992248,"169,170","169,3553"
-0.0038910505836575,-0.0271317829457364,"171,293","171,4595"
0.00390625,0.0078125,"173,181","181,4568"
-0.0049751243781094,-0.0078125,"174,557","174,4533"
-0.065891472868217,-0.2727272727272727,"175,271","175,5061"
0.027906976744186,-0.0232558139534883,"176,523","523,4251"
0.0086206896551724,-0.0352941176470588,"177,260","260,4657"
0.22265625,-0.2053571428571428,"178,588","588,955"
-0.0043103448275862,-0.0185185185185185,"179,531","179,2013"
0.359375,-0.0275590551181102,"180,672","672,3577"
-0.0666666666666666,-0.00390625,"182,575","182,4626"
0.0038910505836575,0.0039215686274509,"183,294","294,812"
-0.2903811252268602,-0.0054054054054054,"184,2880","2880,4458"
-0.0077519379844961,0.0465116279069767,"185,745","185,3843"
0.0256410256410256,-0.0603448275862069,"186,220","220,4762"
0.0866141732283464,0.0313725490196078,"188,372","372,2314"
0.2109375,-0.22265625,"189,483","483,6541"
0.0617760617760617,-0.0215827338129496,"190,1049","1049,2101"
-0.0196850393700787,0.0118110236220472,"191,842","191,2105"
0.0079051383399209,-0.0078125,"192,229","229,1531"
-0.0392156862745098,-0.25390625,"193,1012","193,2911"
0.0194552529182879,-0.0505836575875486,"196,1927","1927,3257"
0.1372549019607843,0.2156862745098039,"199,1456","1456,4221"
0.0390625,0.0392156862745098,"201,533","533,2993"
-0.0077821011673151,0.0544747081712062,"204,228","204,526"
-0.31640625,-0.1356589147286821,"205,618","205,2137"
-0.05078125,-0.0311284046692607,"207,304","207,5051"
0.5328185328185329,-0.0163934426229508,"208,524","524,4536"
0.003875968992248,-0.0078125,"209,535","535,2963"
0.0588235294117647,-0.0039370078740157,"211,3364","621,3364"
0.0051020408163265,-0.0350194552529182,"213,1093","1093,3814"
-0.0551786979852181,-0.0079051383399209,"214,855","214,5129"
-0.4814814814814814,0.0135924101441342,"215,1107","215,5121"
-0.0813953488372093,-0.1848739495798319,"216,529","216,3730"
1.0,0.028735632183908,"217,1956","218,1956"
-0.0066666666666666,0.0066666666666666,"219,544","219,4763"
0.0376569037656903,-0.0149253731343283,"221,1118","1118,4445"
0.0503875968992248,0.087431693989071,"222,1281","1281,2264"
0.0833333333333333,-0.0116279069767441,"224,3721","3721,3898"
0.0106382978723404,-0.0039215686274509,"225,488","488,1783"
0.015625,-0.0426356589147286,"231,312","312,5258"
-0.1417322834645669,-0.30859375,"232,1062","232,4938"
-0.12890625,-0.20703125,"233,754","233,3917"
0.0051020408163265,-0.0196850393700787,"234,424","424,4864"
0.0526315789473684,-0.0092592592592592,"235,384","384,2731"
1.0,-0.16,"237,5302","2293,5302"
0.0077519379844961,-0.0056818181818181,"238,566","566,1692"
-0.01171875,0.015625,"240,329","240,2374"
0.1851851851851851,0.0583657587548638,"241,331","331,760"
0.0833333333333333,0.0668068019511143,"243,1930","330,1930"
0.00390625,-0.0038910505836575,"244,328","328,1177"
0.1328125,0.0581395348837209,"246,307","307,1721"
-0.009009009009009,-0.0078431372549019,"247,549","247,4430"
0.0930232558139534,-0.0625,"249,1290","1290,4360"
0.00390625,-0.0098039215686274,"250,258","258,281"
0.0375,-0.0314465408805031,"252,376","376,1560"
0.5619565217391305,-0.0294117647058823,"253,3135","1215,3135"
0.18796992481203,-0.0413223140495867,"254,568","568,5172"
0.0055555555555555,0.0416666666666666,"256,714","714,4310"
-0.2,0.6,"259,901","259,2233"
0.1198910920026457,0.0038610038610038,"261,478","478,4190"
0.0196078431372549,-0.0859375,"262,1415","1236,1415"
-0.0348837209302325,-0.0233463035019455,"263,309","263,5539"
-0.25,-0.1136363636363636,"266,2564","266,1975"
0.3333333333333333,0.0231026135980635,"267,5064","1250,5064"
0.0309169089147286,-0.203125,"268,707","268,5079"
-0.0233463035019455,-0.0094339622641509,"269,306","269,943"
-0.0313725490196078,0.0549019607843137,"270,558","270,1814"
-0.0118577075098814,-0.13671875,"272,586","272,5575"
0.17578125,-0.1828793774319066,"274,1195","1195,5603"
0.1153846153846153,-0.0070921985815602,"275,4915","490,4915"
-0.1,-0.01171875,"276,1056","276,2258"
0.1411147136019762,0.0259943468604885,"277,1274","1274,5625"
0.0339805825242718,-0.008,"278,1276","1275,1276"
0.01171875,-0.0038910505836575,"280,430","430,2269"
0.0511811023622047,0.00390625,"282,567","567,3333"
0.08,-0.0080645161290322,"284,1965","1965,5472"
0.0401606425702811,-0.0547945205479452,"285,546","546,2284"
-0.0438810006761325,-0.0078125,"286,1199","1199,1801"
3.028100775193804e-05,0.0193798449612403,"287,736","736,1210"
0.0233463035019455,-0.0350194552529182,"288,345","345,4376"
0.1569506726457399,0.01171875,"290,1312","1312,5811"
0.2727272727272727,-0.0478723404255319,"291,4819","1872,4819"
-0.03515625,-0.0078125,"292,357","292,6163"
0.0077220077220077,-0.0078125,"295,444","444,2398"
0.0114942528735632,-0.0271317829457364,"296,360","360,5800"
-0.0311284046692607,-0.0392156862745098,"297,300","297,6152"
0.0038910505836575,0.0038910505836575,"298,347","347,4581"
-0.004208512673362,-0.0235294117647058,"299,462","462,1366"
0.0078431372549019,-0.018018018018018,"301,926","926,4620"
0.0078431372549019,-0.0155642023346303,"302,578","578,2893"
0.0117647058823529,-0.12890625,"305,465","465,633"
-0.1450980392156863,-0.0316205533596837,"310,1388","310,337"
0.0389105058365758,-0.0278884462151394,"311,775","311,3970"
0.1953125,-0.2684210526315789,"313,620","620,1753"
-0.1889763779527559,-0.17578125,"314,1412","314,1435"
-0.1058823529411764,0.1372549019607843,"316,1434","316,5972"
0.22265625,-0.0509803921568627,"317,541","541,3205"
0.0232407323620788,-0.0739299610894941,"318,2354","2354,6001"
0.0588235294117647,-0.0039370078740157,"320,554","554,5502"
0.0155642023346303,0.0236220472440944,"321,1446","1446,5382"
0.2549019607843137,-0.1167315175097276,"322,2078","2078,4667"
-0.0705882352941176,0.0117647058823529,"323,1410","323,5988"
0.7,-0.0852713178294573,"324,3214","3214,4668"
-0.0039215686274509,0.2666666666666666,"325,1401","325,5949"
0.023314468503937,0.0039524471205805,"327,565","327,590"
0.0078125,0.0775193798449612,"332,338","338,581"
-0.2,-0.16796875,"333,1404","333,1449"
0.5736434108527132,0.596078431372549,"334,1045","1045,6083"
0.388235294117647,-0.2117647058823529,"335,1463","1463,6385"
-0.0392156862745098,-0.075098814229249,"336,593","336,5259"
0.5581395348837209,-0.1011673151750972,"339,1408","1408,3247"
0.1050583657587548,-0.51171875,"340,3443","3443,6113"
0.4280155642023346,0.3653846153846153,"341,1473","383,1473"
0.09765625,0.00390625,"342,650","650,1040"
0.0503875968992248,-0.0313725490196078,"343,1634","1634,3451"
-0.0235294117647058,-0.0077821011673151,"346,545","346,3975"
-0.00390625,-0.01953125,"348,375","348,3152"
0.0078431372549019,-0.0078125,"349,401","401,5821"
0.0232558139534883,-0.0237154150197628,"350,364","364,6282"
0.1021897810218978,-0.1490196078431372,"355,816","816,4141"
-0.0159574468085106,-0.0039215686274509,"356,456","356,3281"
0.0156553960166743,-0.01953125,"358,579","579,4022"
0.0038910505836575,0.015625,"359,572","572,2639"
-0.03515625,-0.16796875,"363,1524","363,3366"
0.0555555555555555,-0.2039215686274509,"366,1051","612,1051"
0.03125,0.0285624607658505,"369,2097","2097,4805"
0.037037037037037,-0.0116279069767441,"370,1127","1127,1904"
0.0175438596491228,-0.0207600281491907,"371,851","851,4291"
-0.1837376974135957,0.0038910505836575,"373,509","509,5871"
0.0039370078740157,-0.0211864406779661,"377,569","569,4417"
0.0705882352941176,-0.66796875,"378,631","631,6376"
0.2156862745098039,-0.1288343558282208,"379,967","967,6327"
-0.3215686274509804,0.0862745098039215,"381,2534","381,3950"
-0.7713178294573644,-0.34375,"382,584","382,1457"
-0.0423076923076923,0.0076923076923076,"385,474","385,2758"
-0.01171875,0.36328125,"386,473","386,1723"
-0.0158730158730158,0.1269841269841269,"388,1527","388,1530"
-0.01953125,-0.0625,"389,601","389,3387"
0.2343981070689145,-0.0352941176470588,"390,689","689,3641"
-0.0390625,-0.0118110236220472,"391,393","391,1000"
-0.0234375,-0.0155642023346303,"394,617","394,1607"
-0.0117647058823529,-0.0427542892156862,"395,1011","395,4849"
0.1354581673306772,-0.0080321285140562,"397,1017","1017,1138"
0.0077220077220077,-0.0038910505836575,"399,468","468,4117"
-0.0549019607843137,-0.0078125,"400,1503","400,2496"
0.2023346303501945,-0.2549019607843137,"403,416","416,6392"
-0.0196078431372549,0.1176470588235294,"404,636","404,1680"
-0.6498054474708171,0.1284046692607003,"405,1638","405,2508"
0.2265625,0.046875,"406,3221","958,3221"
-0.0038910505836575,-0.0583657587548638,"407,671","407,6399"
0.1550387596899224,-0.2178988326848249,"408,1666","1666,6427"
-0.078125,0.10546875,"409,1402","409,6036"
-0.21484375,0.4609375,"410,1651","410,3448"
0.0901960784313725,-0.0588235294117647,"411,1007","1007,1895"
-0.07421875,-0.3100775193798449,"413,480","413,6533"
-0.0308880308880308,-0.0790513833992094,"414,1921","414,3473"
0.12109375,0.3657587548638132,"417,1632","1632,3325"
0.0542635658914728,-0.15234375,"418,1639","1639,6558"
0.7420634920634921,0.0119514472455648,"420,2541","1671,2541"
1.0,-0.5,"421,3524","2547,3524"
-0.125,0.125,"423,684","423,2102"
-0.0146341463414634,-0.0159362549800796,"426,709","426,756"
0.0121951219512195,-0.0155038759689922,"427,716","716,4414"
0.0234375,-0.0063291139240506,"428,681","681,5210"
0.048,-0.0078431372549019,"429,904","904,3742"
0.0310526473317171,-0.0708661417322834,"431,1173","431,5324"
0.0116279069767441,-0.0038910505836575,"434,450","450,3884"
0.0483580746738641,0.017094017094017,"435,555","555,676"
0.1025641025641025,-0.0058823529411764,"436,3876","3876,5995"
0.0197460782518464,-0.01,"437,553","553,1695"
0.0145985401459854,-0.0210526315789473,"438,477","477,3093"
0.0115639956770109,0.0039370078740157,"440,748","748,1092"
0.1329423264907135,-0.0083333333333333,"441,1698","441,5414"
-0.015625,0.0078125,"443,749","443,3862"
0.0933852140077821,0.0039215686274509,"445,785","785,1362"
0.03515625,-0.0078125,"446,794","794,2326"
-0.1015625,0.05078125,"447,2653","447,2665"
0.01171875,-0.0546875,"449,796","796,2662"
0.0196078431372549,-0.15234375,"451,1258","1258,3026"
0.0155038759689922,-0.1245136186770428,"454,1461","1461,3947"
0.0038610038610038,-0.0077821011673151,"457,469","469,3859"
0.0039215686274509,-0.0077821011673151,"458,1492","1492,3277"
-0.2353258095616174,-0.0084033613445378,"460,2123","460,6258"
-0.0144230769230769,0.0625,"461,1131","461,5214"
0.0038610038610038,-0.0426356589147286,"463,599","599,4392"
-0.5273865414710486,-0.0049504950495049,"464,2723","464,776"
-0.0047619047619047,-0.021551724137931,"466,512","466,4995"
0.0588235294117647,0.0079206996358656,"467,806","806,827"
-0.128844975490196,-0.00390625,"470,1499","1499,4585"
0.0078431372549019,0.0078125,"471,688","688,6332"
0.0163934426229508,-0.03515625,"472,626","626,2756"
-0.0053763440860215,-0.0961538461538461,"475,713","475,1737"
-0.3604651162790697,-0.4705882352941176,"479,1030","479,1047"
0.1692913385826771,-0.0235294117647058,"481,492","492,4473"
0.16796875,-0.0076923076923076,"482,1010","1010,4286"
0.028169014084507,-0.005813953488372,"484,710","710,2081"
0.029126213592233,-0.6497646555412923,"485,853","853,4298"
0.0294117647058823,0.0081967213114754,"487,655","655,2979"
0.3636363636363636,-0.0046511627906976,"489,2819","2819,4520"
0.0039525691699604,-0.0038461538461538,"491,2144","949,2144"
-0.06640625,-0.0590551181102362,"493,1077","493,4637"
0.0044247787610619,-0.0078125,"494,920","920,3597"
-0.0116731517509727,-0.0118110236220472,"496,606","496,678"
0.0314960629921259,-0.00390625,"498,674","674,4482"
0.02734375,-0.0118577075098814,"499,965","965,4437"
-0.39453125,0.09375,"501,1433","501,1847"
0.0930232558139534,-0.03125,"503,927","927,3602"
-0.003875968992248,0.003875968992248,"504,669","504,1702"
-0.0047846889952153,-0.0038910505836575,"505,2227","505,5191"
0.0078125,-0.00390625,"507,690","690,6247"
-0.03125,-0.0155642023346303,"508,990","508,2455"
0.0275590551181102,0.0823529411764705,"511,611","611,4886"
0.06640625,-0.0078740157480314,"513,1140","1140,6122"
-0.05859375,-0.0380952380952381,"514,610","514,2621"
0.032258064516129,-0.0194552529182879,"515,641","641,5230"
0.3449612403100775,-0.05859375,"516,838","838,3654"
0.0476190476190476,0.1013871889024887,"517,1768","1768,2933"
-0.00390625,-0.0128205128205128,"518,1068","518,2938"
-0.0581395348837209,-0.0236220472440944,"521,704","521,2061"
-0.0274509803921568,0.0392156862745098,"525,706","525,2567"
0.0144927536231884,-0.0039215686274509,"527,734","734,5117"
0.1111111111111111,-0.175438596491228,"528,1100","1100,5141"
0.0476190476190476,-0.0252525252525252,"530,887","887,4450"
-0.074203431372549,-0.003875968992248,"532,625","532,6501"
0.3855769230769231,0.0048076923076923,"534,2578","1084,2578"
0.00390625,-0.0859375,"536,833","833,3238"
-0.0039525691699604,-0.0113481966403162,"537,725","537,2583"
0.0544747081712062,-0.0078431372549019,"538,580","580,4007"
0.0833333333333333,-0.0077821011673151,"539,891","891,1890"
0.02734375,-0.0318651574803149,"540,591","591,1185"
-0.0303030303030303,0.0303030303030303,"542,1190","542,3786"
-0.2608695652173913,0.391304347826087,"543,3029","543,3030"
0.0510204081632653,-0.0578947368421052,"547,658","658,4754"
-0.0454545454545454,0.1363636363636363,"550,984","550,5161"
0.0057314123461983,-0.0043103448275862,"551,983","551,3053"
0.0274509803921568,-0.003875968992248,"552,898","898,3062"
-0.0078740157480314,-0.0038910505836575,"556,582","556,2139"
0.005813953488372,-0.0038910505836575,"559,1197","1197,3832"
0.0313725490196078,0.0116731517509727,"560,635","635,3069"
-0.1628787878787879,-0.0046511627906976,"562,1769","562,2931"
0.0314960629921259,-0.3461538461538461,"563,817","817,3104"
-0.00390625,-0.0233463035019455,"564,868","564,5647"
-0.0615384615384615,-0.05078125,"570,1161","570,5717"
-0.0039215686274509,-0.0196078431372549,"571,726","571,1511"
0.00390625,0.0039215686274509,"573,1345","1345,4106"
0.0077821011673151,0.003875968992248,"574,1361","1361,2640"
0.0311284046692607,-0.0039215686274509,"576,934","934,5786"
-0.0078125,0.01171875,"577,652","577,3506"
0.359375,0.01171875,"585,1406","1405,1406"
0.01171875,-0.00390625,"587,1696","1696,5517"
0.1647058823529411,0.0700389105058365,"589,1575","1575,5936"
-0.0070422535211267,-0.195,"592,729","592,5365"
-0.3798449612403101,-0.1003861003861003,"594,1386","594,5545"
-0.1803921568627451,-0.1206225680933852,"595,1982","595,5966"
0.5852713178294574,-0.0590551181102362,"596,771","771,1854"
0.0231660231660231,-0.0387596899224806,"597,2532","2532,6142"
-0.2412451361867704,-0.0465116279069767,"600,602","600,4821"
-0.7885885885885886,0.1081081081081081,"603,3279","3279,5877"
-0.0234375,0.00390625,"604,786","604,4017"
0.0039215686274509,-0.0155642023346303,"605,809","809,5749"
0.109375,-0.0350194552529182,"607,814","814,4589"
-0.0043290043290043,-0.0655737704918032,"608,1517","608,6522"
0.0078431372549019,-0.0194552529182879,"609,627","627,1899"
-0.0074491279069767,-0.0117647058823529,"615,735","615,1883"
-0.0272373540856031,-0.0039370078740157,"616,791","616,5869"
0.0039370078740157,0.1750972762645914,"619,1182","1182,4439"
-0.0653846153846153,-0.00390625,"622,629","622,5768"
0.0196078431372549,-0.0156862745098039,"623,1600","1600,1944"
0.0039215686274509,-0.0078125,"119,624","119,2989"
-0.00390625,-0.0313725490196078,"628,1490","628,2419"
0.4769230769230769,0.25390625,"632,1643","1572,1643"
-0.2984496124031007,-0.0194552529182879,"634,1257","634,5600"
-0.1796875,-0.2569169960474308,"637,1653","637,2466"
-0.0581395348837209,-0.4549019607843137,"638,1650","638,3494"
0.1478599221789883,0.00390625,"639,1654","1654,6123"
0.00390625,-0.0118110236220472,"642,722","693,722"
0.08203125,0.0116279069767441,"643,1546","960,1546"
0.18359375,0.0632411067193675,"645,3415","1640,3415"
-0.003875968992248,-0.0470588235294117,"646,858","646,3848"
-0.3843137254901961,-0.1294117647058823,"647,1032","647,3258"
-0.0039215686274509,-0.53515625,"649,3440","649,2537"
0.70481802064866,-0.1781376518218623,"651,3500","3500,3789"
0.0188679245283018,0.3475919166740853,"654,1183","1183,1929"
0.015625,0.0350194552529182,"656,2673","2673,3722"
0.0533333333333333,-0.0629921259842519,"659,1123","1123,3531"
-0.015625,-0.0326086956521739,"661,747","661,5146"
-0.2373540856031128,0.159533073929961,"662,916","662,3547"
-0.2156862745098039,-0.0511627906976744,"664,2068","664,3550"
0.5,-0.00390625,"665,1755","1755,2877"
-0.072636815920398,0.0049751243781094,"666,3555","667,3555"
0.0222222222222222,-0.0078431372549019,"668,1369","1369,2407"
0.0077519379844961,0.0546875,"673,954","954,3358"
0.003875968992248,-0.0078431372549019,"675,829","829,3593"
-0.1254901960784313,0.0155622723397659,"677,953","677,5053"
0.0454545454545454,-0.0116279069767441,"682,1439","1439,1848"
0.0040160642570281,-0.0040650406504065,"683,711","711,5346"
0.0147058823529411,0.0775862068965517,"685,1628","1628,3304"
0.0078125,0.0039215686274509,"686,687","687,6461"
-0.003875968992248,0.0271317829457364,"691,1060","691,3657"
0.0274509803921568,-0.0396825396825396,"692,1946","1946,4928"
-0.0386100386100386,-0.0549019607843137,"694,1031","694,1947"
-0.0151515151515151,-0.1759259259259259,"695,2729","695,1152"
-0.1953125,-0.01171875,"696,1015","1015,3669"
0.0043859649122807,-0.0078431372549019,"697,698","698,1153"
0.0156862745098039,-0.3100775193798449,"699,1272","1272,6255"
0.075,0.0156862745098039,"700,1714","1714,6254"
0.0962566844919786,-0.0263157894736842,"701,1817","1817,3687"
0.0313725490196078,-0.2431372549019607,"703,2794","2794,2825"
-0.11328125,0.0039518482490272,"705,950","705,2076"
-0.1850393700787401,-0.0236220472440944,"708,1088","708,3714"
-0.6875,-0.0460251046025104,"712,2167","712,2810"
0.046692607003891,-0.0078431372549019,"720,724","724,1612"
-0.0089285714285714,0.0050223214285714,"721,1141","721,6499"
-0.1015625,-0.0078431372549019,"723,1065","723,5220"
-0.0038610038610038,0.0115830115830115,"727,871","727,2194"
0.00390625,0.0583657587548638,"728,872","872,883"
0.025,0.0156862745098039,"730,741","741,2337"
-0.0350877192982456,-0.0039215686274509,"731,866","731,4322"
0.09375,-0.0161290322580645,"732,1676","1676,3798"
0.7635658914728682,-0.016260162601626,"733,1371","1289,1371"
0.01171875,0.0155642023346303,"737,782","782,3796"
0.0546875,-0.0077821011673151,"738,739","739,1967"
1.0,-0.1985283508873178,"740,3073","1694,3073"
0.0172413793103448,-0.003875968992248,"742,795","795,5487"
-0.025785519125683,-0.0891472868217054,"743,1377","1377,3190"
0.06640625,-0.0826771653543307,"744,1261","1261,3090"
-0.1046511627906976,-0.0155642023346303,"746,860","746,3544"
-0.0390625,-0.0038910505836575,"750,810","750,4578"
0.0078431372549019,-0.0352941176470588,"751,1501","1501,3146"
0.0077821011673151,-0.003875968992248,"752,1327","1322,1327"
0.0117647058823529,0.0544747081712062,"753,1150","1150,3883"
-0.0039215686274509,0.0862745098039215,"755,1237","755,3885"
0.027027027027027,0.0128205128205128,"757,889","889,6369"
-0.003875968992248,-0.0503875968992248,"758,1119","758,5362"
0.2459016393442623,-0.0569948186528497,"759,2858","2858,4186"
0.0047169811320754,0.0041322314049586,"761,964","964,5686"
0.0314960629921259,0.0078740157480314,"762,1687","1687,1792"
-0.0118110236220472,-0.18359375,"763,1976","763,1151"
0.0155038759689922,-0.078125,"764,1147","1147,5100"
-0.36328125,-0.0666666666666666,"765,1381","765,3962"
-0.02734375,-0.1254901960784313,"766,2659","766,3929"
0.07421875,-0.0232558139534883,"767,1574","1574,3934"
-0.3607843137254902,-0.3149606299212598,"768,3937","768,2685"
-0.0193798449612403,-0.0733590733590733,"772,1383","772,5504"
-0.0155642023346303,0.0077821011673151,"773,774","773,5250"
-0.0117647058823529,-0.00390625,"777,1202","777,6596"
-0.0208333333333333,0.0104166666666666,"778,781","778,5479"
-0.0078125,-0.00390625,"779,864","779,3039"
0.0078125,-0.0078125,"780,865","865,5309"
0.00390625,-0.0077821011673151,"783,867","867,5655"
0.0952380952380952,-0.003875968992248,"784,1699","1699,3144"
0.03515625,0.0116279069767441,"787,1356","1356,2500"
-0.0233463035019455,-0.0314960629921259,"788,1311","788,5840"
-0.0078431372549019,-0.0078431372549019,"789,1339","789,4790"
-0.0234375,-0.0077220077220077,"790,1315","790,6349"
-0.0077220077220077,-0.0353546824135059,"792,1359","792,3177"
-0.0193798449612403,-0.0078431372549019,"793,828","793,5582"
0.0390625,-0.0859375,"797,1837","1837,2387"
-0.0001230314960629,-0.1093442421259842,"798,1407","1407,4074"
-0.0156862745098039,-0.0039215686274509,"799,1256","799,5388"
-0.03515625,-0.0703125,"800,2726","800,3422"
-0.1372549019607843,-0.0972762645914396,"801,2336","801,1389"
0.0757971014492753,0.0108695652173913,"802,2434","802,2557"
0.5,-0.0952380952380952,"803,2730","2730,3675"
0.0038910505836575,-0.00390625,"804,1745","1745,5882"
-0.3164670476653696,0.10546875,"805,2000","805,5527"
0.0093023255813953,0.0833333333333333,"807,1245","1245,4198"
-0.0078431372549019,-0.0038910505836575,"808,1332","808,5852"
0.0156862745098039,-0.0078125,"811,1625","1625,5854"
0.01171875,-0.01953125,"813,1005","1005,4126"
0.03125,0.003875968992248,"815,1323","1323,2743"
0.0294117647058823,-0.0649350649350649,"818,1052","1052,4977"
0.1034482758620689,0.0875101890158564,"820,1528","1528,1533"
0.032258064516129,-0.00390625,"821,1532","1532,4899"
0.06640625,-0.0901960784313725,"822,1879","1879,4166"
-0.0503875968992248,0.2286821705426356,"823,2478","823,4158"
-0.0157480314960629,0.0708661417322834,"824,1980","824,2039"
-0.0598290598290598,-0.0176991150442477,"825,962","825,4687"
0.0038910505836575,-0.01953125,"831,1235","1235,6110"
0.6666666666666666,-0.36328125,"834,2787","2787,4209"
0.0234375,0.0235294117647058,"836,1046","1046,6084"
-0.04296875,-0.09765625,"839,841","839,4233"
0.008130081300813,-0.0426356589147286,"843,923","923,2075"
0.0118071091225453,0.0067114093959731,"844,948","948,5613"
0.0463320463320463,-0.07421875,"845,2533","2533,4263"
-0.0503875968992248,-0.1725490196078431,"846,2531","846,4265"
-0.09375,-0.00390625,"848,1610","848,6140"
0.0077519379844961,-0.0389105058365758,"849,1019","1019,6472"
-0.1517509727626459,-0.1583333333333333,"850,1505","850,2483"
-0.0457957957957958,-0.1951951951951951,"854,2806","2806,4119"
-0.0049751243781094,-0.0168776371308016,"856,2090","856,1097"
0.1068702290076335,0.0588235294117647,"857,1094","1094,4303"
0.3333333333333333,-0.0933852140077821,"861,3788","3788,4305"
0.109375,0.3522892971711869,"862,3482","3482,3568"
0.7058823529411765,0.5686274509803921,"863,3909","3909,4329"
0.0194552529182879,-0.0155642023346303,"869,870","870,2072"
0.0039215686274509,-0.388235294117647,"873,2198","2198,5305"
-0.02734375,-0.003875968992248,"874,876","874,4400"
-0.0038758511673151,-0.04296875,"875,1314","875,4381"
0.0044642857142857,-0.0039525691699604,"877,972","972,1867"
0.0078431372549019,-0.0078125,"879,936","936,2304"
0.0039215686274509,-0.00390625,"880,1340","1340,1833"
-0.0234375,0.0078125,"881,1159","881,1171"
0.0119521912350597,0.0118577075098814,"882,1201","1201,2036"
0.008,-0.0923076923076923,"885,1124","1124,2040"
-0.0082981715893108,-0.0040816326530612,"886,2083","886,4420"
0.0555555555555555,-0.0638297872340425,"888,1116","1116,4431"
0.0117647058823529,0.0118110236220472,"892,1120","1120,4416"
-0.0039215686274509,0.0039215686274509,"893,1738","893,1739"
-0.0445344129554655,-0.0077519379844961,"894,2043","894,3016"
-0.0654205607476635,-0.0078125,"895,896","895,2214"
-0.021551724137931,-0.1162790697674418,"897,902","897,1029"
0.0866141732283464,-0.0869565217391304,"899,913","913,2047"
0.15,-0.0463917525773195,"900,4467","4467,4475"
0.0700389105058365,-0.1875,"905,1793","1793,4491"
0.0043478260869565,-0.0233463035019455,"906,1069","1069,3743"
-0.17578125,-0.0144927536231884,"907,1061","907,4504"
-0.1228070175438596,0.087719298245614,"908,1931","908,5037"
0.0519480519480519,0.0121457489878542,"910,987","987,1736"
0.1428571428571428,1.5199416342412396e-05,"911,3227","3227,5370"
0.0032738095238095,-0.0070422535211267,"912,4469","4469,4518"
-0.01,0.035,"914,4914","914,5617"
-0.0039215686274509,-0.0155038759689922,"915,944","915,2796"
-0.0234375,0.01171875,"917,945","917,2853"
0.04296875,-0.0313725490196078,"918,919","919,3703"
-0.0708661417322834,-0.0180446194225721,"922,1420","922,1744"
0.2,-0.0039370078740157,"924,1812","1812,2734"
0.1106719367588932,-0.0194552529182879,"925,976","976,4561"
-0.0078125,0.00390625,"928,1370","928,1591"
-0.003875968992248,-0.00390625,"929,1325","929,1712"
0.0078431372549019,-0.0117647058823529,"931,1328","1328,3864"
-0.0039370078740157,0.0039370078740157,"932,1329","932,2301"
0.0157480314960629,0.0038910505836575,"933,2065","2065,3871"
-0.0077821011673151,-0.0039215686274509,"935,938","935,4605"
0.0077821011673151,-0.0039215686274509,"937,1326","1326,4567"
0.0038910505836575,-0.0156862745098039,"939,2063","2063,4725"
0.0054644808743169,-0.0196078431372549,"940,941","941,2032"
-0.0043103448275862,0.0646551724137931,"942,1075","942,3598"
0.0354330708661417,-0.0039215686274509,"946,952","952,4640"
0.0038910505836575,-0.0196078431372549,"947,1073","1073,3061"
-0.0078125,-0.00390625,"951,1228","951,3088"
0.2101167315175097,-0.1484375,"956,1423","1423,6023"
-0.0039525691699604,-0.0206185567010309,"957,961","957,4706"
-0.0275689223057644,0.0657894736842105,"959,2870","502,2870"
-0.0049019607843137,-0.003875968992248,"963,2809","963,2367"
0.1052631578947368,-0.0702479338842975,"966,2811","2811,4187"
-0.178988326848249,-0.1984435797665369,"968,2371","968,1569"
0.1517509727626459,-0.2918287937743191,"970,2340","2340,3584"
-0.0483091787439613,-0.16796875,"971,1934","971,6393"
0.0116731517509727,-0.029940119760479,"973,974","974,4717"
-0.0234375,-0.0081632653061224,"975,980","975,1864"
-0.01953125,0.03125,"977,979","977,2266"
-0.0078740157480314,-0.0038910505836575,"978,1341","978,3264"
0.0039215686274509,-0.003875968992248,"981,1324","1324,4570"
0.5,0.0473933649289099,"982,4744","4744,5173"
0.01953125,-0.2674418604651162,"151,985","151,2165"
-0.0185185185185185,-0.3660130718954248,"986,2174","986,4758"
0.25,-0.0093896713615023,"989,4769","2098,4769"
-0.0078125,0.01171875,"991,1352","991,5718"
0.01171875,-0.00390625,"992,1550","1550,6515"
-0.015625,-0.0063291139240506,"993,997","993,6319"
0.02734375,0.0039215686274509,"994,1365","1365,5842"
0.0038910505836575,-0.0038910505836575,"995,1353","1353,2884"
0.4705882352941176,-0.0476190476190476,"996,1832","1832,4796"
0.2890625,-0.1607843137254902,"998,1731","1731,6545"
-0.0038910505836575,0.0112458991378652,"999,2891","999,6490"
0.0629921259842519,0.00390625,"1001,1507","1494,1507"
-0.1123595505617977,0.1508922670191672,"1002,1950","1002,3303"
-0.5,-0.0975609756097561,"1003,2006","1003,5622"
0.1428571428571428,-0.4857142857142857,"1004,2100","2100,3283"
-0.003875968992248,-0.1867704280155642,"1006,1618","1006,1656"
-0.04,-0.146988326848249,"1008,1604","1008,2103"
-0.0156862745098039,0.0117647058823529,"1013,1043","1013,4875"
0.0192576605058365,0.01953125,"1014,1018","1014,1132"
0.0038910505836575,-0.0077519379844961,"1016,1139","1139,4241"
0.0233463035019455,-0.0433070866141732,"1020,1133","1133,1903"
-0.0155642023346303,0.0194552529182879,"1021,1588","1021,4247"
-0.0078431372549019,0.0078431372549019,"1022,1024","1022,1534"
-0.1467181467181467,-0.0194552529182879,"1023,1496","1023,4893"
0.0077821011673151,-0.0038910505836575,"1025,1668","1668,3487"
0.00390625,0.0080645161290322,"1026,1606","1606,6292"
0.003875968992248,-0.2334630350194552,"1027,1605","1605,4909"
-0.0431372549019607,0.0352941176470588,"1028,1730","1028,1763"
-0.3984375,-0.546875,"1033,4912","1033,2991"
-0.0894941634241245,-0.0859375,"1034,1727","1034,1765"
0.453125,0.1725490196078431,"1035,1036","1036,3346"
-0.0784313725490196,-0.0116731517509727,"1038,1059","1038,1770"
-0.0544747081712062,-0.1439688715953307,"1039,2395","1039,4930"
0.0915492957746478,-0.0122699386503067,"1042,1137","1137,1789"
0.22568093385214,-0.25390625,"1044,4957","4957,6077"
-0.192156862745098,-0.2023346303501945,"1048,1851","1048,3236"
-0.0109890109890109,0.0549450549450549,"1054,2706","1054,2707"
0.0227272727272727,-0.01171875,"1055,1535","1535,6184"
-0.0060975609756097,0.0426829268292682,"1057,1157","1057,4997"
0.0544747081712062,0.0045454545454545,"1058,1766","1134,1766"
-0.1167315175097276,-0.1607843137254902,"1063,1144","1063,5015"
0.30859375,-0.0077519379844961,"1064,2125","2125,5026"
-0.0984251968503937,-0.0431372549019607,"1066,1394","1066,3761"
-0.02734375,-0.0118343195266272,"1067,2128","1067,5036"
-0.1945525291828793,-0.0544747081712062,"1070,2994","1070,5021"
-0.0544747081712062,0.0038910505836575,"1071,1682","1071,2940"
0.0194552529182879,-0.1554621848739495,"1074,1229","1229,2857"
0.0111111111111111,-0.0038910505836575,"1076,1937","1937,2779"
0.024390243902439,0.00418410041841,"1078,1686","1686,3713"
0.0049504950495049,-0.046875,"1079,1249","1249,1952"
-0.015625,0.17578125,"1080,1083","1080,5080"
0.0629921259842519,-0.00390625,"1085,2179","2179,5090"
0.1610671936758893,-0.0489795918367346,"1086,1775","1775,3708"
-0.0968992248062015,-0.01953125,"1087,1089","1087,3709"
-0.0132450331125827,0.0264900662251655,"1090,1309","1090,5105"
-0.0506912442396313,-0.0118110236220472,"1091,2027","1091,5688"
-0.0177691309987029,-0.00390625,"1095,1102","1095,5147"
-0.0184331797235023,-0.0465777997711316,"1096,1220","1096,5106"
-0.0065359477124183,-0.0233463035019455,"1098,2226","1098,3856"
-0.0274509803921568,-0.008,"1099,1101","1099,1688"
-0.0172413793103448,-0.0054945054945054,"1103,4321","1103,2970"
-0.0132450331125827,-0.0039840637450199,"1104,1114","1104,1110"
-0.00390625,-0.0313725490196078,"1105,1804","1105,2225"
-0.0158730158730158,-0.01953125,"1106,1780","1106,5148"
0.0127388535031847,-0.0235294117647058,"1108,1217","1217,5159"
-0.1490683229813664,0.1055900621118012,"1111,2223","1111,5171"
0.0277777777777777,-0.0793650793650793,"1112,1779","1779,4459"
-0.5714285714285714,0.1428571428571428,"1113,4460","1113,4745"
0.05,-0.3809523809523809,"1115,1799","1799,4513"
-0.0163934426229508,-0.0051020408163265,"1117,2087","1117,5179"
-0.0571428571428571,0.0428571428571428,"1121,2881","1121,3055"
0.0051546391752577,0.0607287449392712,"1125,1207","1207,5684"
0.0074074074074074,-0.0168776371308016,"1126,2981","2981,4421"
0.0833333333333333,-0.072,"1128,2768","2768,6047"
-0.0039215686274509,0.0039215686274509,"1129,1209","1129,3611"
0.0198412698412698,-0.0079051383399209,"1130,1563","1563,5205"
-0.0039370078740157,0.0078740157480314,"1135,1142","1135,4945"
-0.3149606299212598,0.0118110236220472,"1136,2926","1136,3651"
-0.00390625,-0.0390625,"1143,2945","1143,1240"
-0.03125,-0.0352941176470588,"1145,1149","1145,5915"
0.1215686274509803,-0.1450980392156863,"1146,2189","2189,3930"
-0.1529411764705882,-0.05078125,"1148,3658","1148,5933"
0.0116279069767441,-0.15,"1154,1155","1155,3670"
-0.0238095238095238,0.0952380952380952,"1156,2008","1156,6264"
0.19140625,-0.0505836575875486,"1158,2010","2010,2561"
0.0116279069767441,-0.03125,"1160,1203","1203,4405"
-0.0078125,-0.0549450549450549,"1162,1205","1162,3012"
0.1573208722741433,-0.5,"1164,5303","5303,5654"
0.059536541889483,-0.0472440944881889,"1165,1794","1165,2294"
-0.3241758241758242,-0.0077821011673151,"1166,2200","1166,5658"
-0.0039215686274509,-0.0039215686274509,"1167,1169","1167,5310"
0.08,-0.0077821011673151,"1168,1225","1225,3117"
0.4081632653061224,-0.0155642023346303,"1170,3337","3138,3337"
-0.0661478599221789,-0.00390625,"1172,1448","1172,1411"
0.0156862745098039,-0.0196078431372549,"1174,1192","1192,2589"
0.0588235294117647,-0.0193798449612403,"1175,1194","1194,5334"
0.0313725490196078,-0.0038910505836575,"1176,1441","1441,5566"
0.0078740157480314,-0.0196078431372549,"1178,1689","1689,5206"
0.1137254901960784,-0.23828125,"1179,1180","1180,3357"
0.03125,0.0053763440860215,"1181,2164","2164,5685"
0.0277777777777777,0.0221238938053097,"1184,5366","5366,5403"
0.1666666666666666,-0.01953125,"1186,2205","2205,3229"
-0.0039214494163424,-0.008695652173913,"1187,1798","1798,3513"
-0.07421875,0.01953125,"1188,1189","1188,5320"
0.0077821011673151,-0.0078125,"1191,1193","1193,2592"
0.0077821011673151,0.0078740157480314,"1196,1263","1263,5598"
0.0562399355877616,-0.0134228187919463,"1198,1672","1198,2166"
0.1101694915254237,-0.0272373540856031,"1200,1823","1823,3799"
0.0077519379844961,-0.0272373540856031,"1204,1221","1221,5423"
0.0358974358974358,-0.0078125,"680,1206","680,5427"
0.02734375,-0.0156862745098039,"1211,1216","1216,5440"
-0.005524861878453,-0.0049261083743842,"1212,1297","1212,5443"
0.0526315789473684,-0.0206611570247933,"1213,2457","2457,5665"
0.0038910505836575,-0.0428015564202334,"1214,1224","1224,3998"
0.0208333333333333,-0.0452674897119341,"1218,3127","2224,3127"
0.125,-0.0278884462151394,"1219,5131","2976,5131"
0.15234375,-0.0097087378640776,"1223,5474","1966,5474"
0.0311284046692607,-0.0177514792899408,"1226,2153","2153,5437"
0.4235294117647059,-0.2734375,"1227,1808","1808,1990"
-0.01171875,0.01171875,"1230,1234","1230,4194"
-0.0116279069767441,-0.0194552529182879,"1232,1243","1232,4054"
-0.08984375,0.00390625,"1238,1417","1238,2327"
-0.0038139763779527,0.109375,"1239,1843","1239,2352"
-0.0274509803921568,-0.00390625,"1241,1987","1241,5497"
0.04296875,0.08203125,"1242,1379","1379,3963"
-0.0823529411764705,-0.0118110236220472,"1244,1416","1244,4189"
-0.0311284046692607,0.0155642023346303,"1247,3000","1247,3705"
-0.1692307692307692,0.1305288461538461,"1248,2965","1248,5066"
0.4078431372549019,-0.0316205533596837,"1251,1262","1262,1374"
-0.0392156862745098,-0.1019607843137254,"1252,1677","1252,4633"
-0.08,-0.0117647058823529,"1253,2518","1253,5052"
-0.0167364016736401,0.00418410041841,"1254,1747","1254,1815"
-0.01171875,0.0234375,"1259,1269","1259,5884"
0.015625,-0.0823529411764705,"1264,1265","1265,5890"
0.16015625,-0.2392156862745098,"1266,3024","3024,5609"
0.087719298245614,0.0039215686274509,"1268,2247","1939,2247"
-0.21875,-0.040650406504065,"1271,4521","1271,2054"
0.02,0.0509803921568627,"1273,3103","3103,4990"
-0.0588235294117647,-0.25,"1277,1279","1277,2315"
0.0476190476190476,-0.1207729468599033,"1278,4137","4137,5630"
-0.1428571428571428,-0.1333333333333333,"1280,4299","1280,4559"
-0.1019417475728155,-0.23828125,"1282,1865","1282,2717"
-0.0384615384615384,-0.0234375,"1283,4346","1283,4357"
0.0352941176470588,-0.02734375,"1284,3141","3141,5787"
0.0039370078740157,-0.00390625,"1285,1313","1313,4016"
0.0038910505836575,-0.0078740157480314,"1286,1349","1349,2305"
0.0078740157480314,-0.0078740157480314,"1287,1690","1690,5726"
0.0077519379844961,-0.01953125,"1288,2199","2199,2635"
-0.024793388429752,0.0082644628099173,"1291,2197","1291,2273"
0.0156862745098039,-0.0272373540856031,"1292,1299","1299,3812"
-0.03515625,-0.0389105058365758,"1293,1294","1293,5212"
0.9923076923076924,0.0153846153846153,"1296,5672","5672,5674"
0.1428571428571428,-0.0239520958083832,"1298,2222","2222,2628"
-0.0078431372549019,-0.0392156862745098,"1300,2030","1300,5681"
-0.005524861878453,-0.0833333333333333,"1301,2155","1301,5438"
0.0194552529182879,-0.0314960629921259,"1302,1802","1802,3729"
0.375,-0.0039215686274509,"1303,5433","2569,5433"
0.02,-0.0259740259740259,"1305,1824","1824,2170"
0.3225806451612903,-0.0555555555555555,"1306,5463","5198,5463"
0.0588235294117647,-0.0193798449612403,"1307,3790","3790,5453"
-0.3455165692007797,-0.013953488372093,"1308,5134","1308,2972"
0.0625,-0.0116731517509727,"1310,2291","2291,5834"
0.2191142191142191,0.0256410256410256,"1316,3979","3979,5720"
0.0277777777777777,-0.0352941176470588,"1317,1826","1826,5788"
0.0039215686274509,-0.00390625,"1318,1734","1734,5652"
0.3058823529411765,-0.1875,"1319,2271","2271,5306"
-0.0072463768115942,-0.0118110236220472,"1320,1342","1320,5707"
0.045233644859813,0.0373831775700934,"1321,1827","1321,5734"
0.0627450980392156,0.0078125,"1330,1498","1498,6188"
0.0297029702970297,-0.0039370078740157,"1331,1506","1506,2690"
0.0234375,-0.0038910505836575,"1333,1358","1358,4738"
0.0038910505836575,-0.00390625,"1334,1347","1347,5773"
-0.0118110236220472,-0.00390625,"1335,1828","1335,3565"
0.0311284046692607,0.0078431372549019,"1336,1485","1485,3865"
-0.0156862745098039,-0.0194552529182879,"1337,1348","1337,5862"
0.0944881889763779,-0.0136986301369863,"1343,1514","1514,4388"
0.00390625,-0.0081632653061224,"1344,1351","1351,4734"
-0.0116731517509727,0.0233157854581521,"1346,1360","1346,3285"
0.01953125,-0.0155038759689922,"1350,1831","1831,4625"
-0.0158102766798418,-0.0117647058823529,"1354,1355","1354,3339"
0.0117647058823529,-0.00390625,"1357,1512","1512,1876"
0.0039215686274509,-0.0395256916996047,"1363,1480","1480,5711"
0.0352941176470588,-0.01171875,"1364,1863","1863,4033"
-0.0628028100775193,-0.0038910505836575,"1367,1994","1994,3332"
-0.00390625,-0.0038910505836575,"1368,1557","1368,1556"
0.00390625,-0.1796875,"1372,1710","1710,4053"
-0.00390625,0.00390625,"1373,1376","1373,1469"
0.0077519379844961,-0.0038910505836575,"1375,1907","1907,5891"
0.0232558139534883,-0.0078125,"1378,1998","1998,5589"
0.00390625,-0.078125,"1380,2014","2014,4199"
0.3125759970817121,-0.0736434108527131,"1382,1861","1382,5540"
-0.0116279069767441,0.4612403100775193,"1384,1465","1384,5901"
-0.1206225680933852,-0.0274509803921568,"1385,3201","1385,4077"
-0.0078431372549019,-0.0194552529182879,"1387,1392","1387,3241"
-0.2745098039215686,-0.0196850393700787,"1390,1855","1390,3240"
-0.1297028186274509,-0.0233463035019455,"1391,2388","1391,5922"
0.0234375,0.0196078431372549,"1393,2186","2186,5005"
0.159533073929961,-0.10546875,"1395,2674","2674,6057"
-0.6196078431372549,-0.4196078431372549,"1396,5354","1396,4666"
0.0546875,-0.1254901960784313,"1397,2679","2679,2681"
-0.0157480314960629,0.5078740157480315,"1398,2351","1398,5985"
-0.1511627906976744,0.2441860465116279,"1399,2366","1399,5950"
-0.3019607843137254,0.0117647058823529,"1400,1845","1400,3350"
-0.0625,-0.0116279069767441,"1403,2254","1403,2346"
0.0196078431372549,-0.0077821011673151,"1409,1849","1708,1849"
-0.05078125,0.04296875,"1414,4098","1414,5529"
0.4015748031496063,0.0156862745098039,"1418,2661","2661,5893"
0.014010989010989,-0.1811023622047244,"1419,2361","1419,3711"
0.0078125,-0.0314960629921259,"1421,5328","5328,5987"
0.01953125,0.0271317829457364,"1422,1888","1888,5330"
0.3019607843137254,0.0817120622568093,"1424,2669","2669,6063"
0.4163424124513619,-0.2178988326848249,"1425,4675","4675,6408"
-0.5393700787401575,0.0590551181102362,"1426,5348","1426,5350"
-0.5135135135135135,0.0347490347490347,"1427,1935","1427,2772"
0.15234375,-0.2235294117647059,"1428,3096","3096,5567"
0.0396825396825396,-0.0077821011673151,"1429,2368","2368,3574"
0.046692607003891,-0.0862745098039215,"1430,1752","1752,4672"
0.2117647058823529,0.0077519379844961,"1431,5952","3352,5952"
-0.1206225680933852,-0.1511627906976744,"1432,2344","1432,1999"
0.0194552529182879,-0.0038910505836575,"1436,1785","1785,6406"
0.0883410374935798,0.0909090909090909,"1437,2171","2171,3618"
0.08,-0.0495049504950495,"1438,4179","2372,4179"
0.02,-0.0157480314960629,"1440,1941","1941,3222"
-0.0194092956279297,0.0194552529182879,"1442,2203","1442,2588"
0.0490196078431372,-0.054054054054054,"1444,1889","1889,3228"
-0.0042194092827004,-0.0398406374501992,"1445,1562","1445,5361"
0.0117647058823529,-0.0389105058365758,"1447,1468","1468,5381"
0.36328125,-0.3424124513618677,"1450,5980","1853,5980"
0.1171875,-0.0116731517509727,"1451,1453","1453,2332"
0.2403100775193798,0.0909090909090909,"1454,2684","2684,6076"
0.159533073929961,0.1284046692607003,"1455,2465","2465,6080"
0.0155642023346303,-0.2111553784860557,"1458,2683","2382,2683"
0.7254901960784313,-0.0390625,"1459,2509","2509,6378"
0.01953125,-0.003875968992248,"1460,1751","1751,5982"
0.1906614785992217,0.0392156862745098,"1462,2390","1985,2390"
0.2117647058823529,0.2588235294117647,"1464,1839","1839,6104"
-0.0079051383399209,-0.0039215686274509,"1466,2130","1466,5260"
0.1011673151750972,-0.0433070866141732,"1467,2330","2330,3068"
0.0237154150197628,-0.02734375,"1470,1915","1915,3492"
0.01171875,0.3984375,"1471,1478","1478,6591"
-0.1814671814671814,0.2702702702702703,"1472,1669","1472,4902"
-0.0941176470588235,0.0039215686274509,"1474,1583","1474,6129"
0.11328125,-0.1556420233463035,"1476,1477","1477,6141"
-0.0389105058365758,-0.0196078431372549,"1481,1487","1481,3163"
0.20703125,-0.0039215686274509,"1482,1701","1701,2645"
-0.003875968992248,-0.01953125,"1483,1484","1483,5864"
0.00390625,0.0236220472440944,"1486,1510","1510,3329"
0.0077519379844961,-0.0116731517509727,"1488,1713","1713,1868"
0.0077821011673151,-0.015625,"1489,1509","1509,3289"
0.0588235294117647,-0.0546875,"1491,1880","1880,3305"
0.0039215686274509,-0.1361867704280155,"1493,1523","1523,4976"
0.0622568093385214,-0.1245136186770428,"1495,1586","1586,6440"
-0.0470588235294117,-0.0470588235294117,"1497,1587","1497,6448"
0.0431372549019607,-0.0078431372549019,"1500,1593","1593,1622"
0.1639344262295081,-0.1686274509803921,"1502,2800","2800,6221"
-1.5199416342412396e-05,-0.01171875,"1504,1724","1504,6210"
0.03125,-0.01953125,"1508,1558","1558,2695"
-0.0117647058823529,-0.003875968992248,"1513,1624","1513,5778"
0.00390625,-0.003875968992248,"1515,1829","1829,2430"
0.0038910505836575,-0.0039215686274509,"1516,1526","1526,3680"
-0.1521739130434782,-0.2467061923583662,"1518,2708","1518,3360"
0.0555555555555555,-0.3231656359685776,"1519,2193","2193,2622"
0.0457516339869281,-0.0555555555555555,"1520,1722","1722,5245"
0.0666666666666666,0.09765625,"1521,1585","1585,4171"
0.1632653061224489,-0.0047393364928909,"1522,2121","2121,4151"
0.0193798449612403,0.0116279069767441,"1525,1902","1902,6291"
-0.0155642023346303,0.0583657587548638,"1529,2009","1529,3406"
0.0038910505836575,-0.0775510204081632,"1536,1537","1537,6268"
-0.3207946752722872,0.0067567567567567,"1538,1885","1538,2443"
0.1258741258741259,-0.0097550850975508,"1539,2307","2307,3976"
-0.00390625,-0.0116731517509727,"1540,2035","1540,2894"
1.0,-0.0565217391304347,"1541,3326","3326,6308"
-0.0772200772200772,0.0579150579150579,"1542,1637","1542,6323"
0.3103448275862069,-0.6,"1543,4797","4791,4797"
0.0242718446601941,0.0178571428571428,"1544,4785","4780,4785"
0.0113636363636363,0.0078431372549019,"1545,1552","1552,5870"
0.2073758339510748,-0.175531914893617,"1547,2448","1547,3633"
-0.0311284046692607,-0.0039370078740157,"1548,1549","1548,1555"
0.0139584824624194,-0.0392156862745098,"1551,1924","1924,6209"
0.1015625,-0.0038910505836575,"1553,2096","2096,4771"
0.0901516769920957,-0.0196850393700787,"1554,2803","2803,4268"
0.00390625,-0.0039215686274509,"1559,1609","1609,3636"
0.0118577075098814,-0.003875968992248,"1564,5290","2216,5290"
0.0775193798449612,0.0196078431372549,"1565,1642","1642,3411"
0.265625,0.21875,"1566,2365","2365,4681"
0.0627450980392156,-0.6171875,"1568,3218","3218,6377"
0.0666666666666666,-0.1953125,"969,1570","969,1631"
-0.0313725490196078,-0.0116731517509727,"1571,1644","1571,6400"
0.1583606103914066,-0.0078740157480314,"1573,6403","3327,6403"
-0.1462450592885375,0.0830039525691699,"1576,5948","1576,6032"
-0.0423076923076923,-0.0873015873015873,"1577,1675","1577,2513"
-0.196078431372549,-0.1206225680933852,"1578,1665","1578,6576"
-0.09375,-0.28515625,"1579,1646","1579,6422"
-0.0579150579150579,-0.29296875,"1580,1652","1580,6133"
0.00390625,0.0118577075098814,"1581,2536","2536,3475"
0.12109375,-0.12890625,"1582,1859","1859,6132"
-0.5405405405405406,-0.4140625,"1584,4276","1584,6426"
-0.0078431372549019,-0.0661478599221789,"1589,2441","1589,2700"
-0.0116279069767441,-0.0314960629921259,"1590,1594","1590,3388"
0.0192307692307692,-0.1875,"1592,4150","4150,6187"
-0.0505836575875486,-0.0078125,"1595,2437","1595,6457"
-0.0155642023346303,-0.05078125,"1596,1597","1596,6226"
-0.0260869565217391,-0.0077821011673151,"1598,2799","1598,3631"
0.0697674418604651,-0.11284046692607,"1599,1601","1601,1896"
0.0077821011673151,-0.0156862745098039,"1602,2104","2104,6594"
-0.1860465116279069,-0.01171875,"1603,1912","1603,6534"
0.0038595675424319,0.0079361388824304,"1608,1657","1657,2488"
-0.230453431372549,-0.0313878676470588,"1611,1917","1916,1917"
0.2313725490196078,0.0309775887551654,"1613,1948","1760,1948"
-0.08,-0.01171875,"1614,1918","1614,2922"
0.0313725490196078,-0.0116731517509727,"1615,1728","1728,6505"
0.0196078431372549,-0.0236220472440944,"1616,2110","2110,2491"
-0.0078431372549019,0.2627450980392157,"1617,2114","1617,4903"
0.0038910505836575,-0.01171875,"1619,4855","3319,4855"
-0.03125,-0.003875968992248,"1620,1621","1620,5755"
-0.0549019607843137,-0.0234375,"1623,1869","1623,5762"
0.0235294117647058,-0.0038910505836575,"1626,1900","1900,6236"
-0.0118110236220472,0.0078740157480314,"1627,2414","1627,3367"
0.0155642023346303,-0.0056179775280898,"1629,3617","3617,6405"
-0.0705882352941176,0.0039215686274509,"1630,2463","1630,6569"
-0.1411764705882353,-0.2094861660079051,"1633,2524","1633,6114"
0.04296875,-0.0117647058823529,"1635,2095","2095,6542"
-0.3764705882352941,-0.1176470588235294,"1641,6091","1641,6564"
0.0941176470588235,0.1782945736434108,"1645,6417","2535,6417"
-0.3423076923076923,-0.08203125,"1647,3948","1647,6571"
-0.1505791505791505,-0.1478599221789883,"1648,3453","1648,6428"
0.7333333333333333,0.022227965882657,"1649,2519","2519,2619"
-0.02734375,0.3359375,"1658,3471","1658,4272"
0.0965250965250965,-0.0079051383399209,"1659,1664","1664,6144"
-0.1158301158301158,-0.015625,"1660,3417","1660,2515"
-0.0197628458498023,-0.0039215686274509,"1661,1787","1661,6297"
-0.265625,-0.08203125,"1662,1757","1662,6146"
0.0271317829457364,-0.0778210116731517,"1663,1919","1919,6531"
0.549407114624506,0.33203125,"1667,6580","6432,6580"
-0.0161290322580645,0.0161290322580645,"1670,3019","1670,5372"
0.067193675889328,0.7984189723320159,"1673,3416","3416,3419"
0.00390625,-0.1841378039793662,"1674,2263","2263,5217"
0.0245988175675675,-0.1750972762645914,"1678,4183","4183,4680"
0.0096618357487922,0.00390625,"1679,3620","3620,4181"
0.02734375,0.0078431372549019,"1681,1894","1894,4840"
-0.0077821011673151,-0.0039370078740157,"1683,1762","1683,5279"
0.015625,-0.0627450980392156,"1684,2212","2212,5323"
0.1568627450980392,-0.0794392523364486,"1685,3692","2824,3692"
0.0155642023346303,-0.015625,"1222,1691","1222,5297"
0.9942528735632185,0.0402298850574712,"1693,5166","5101,5166"
0.0039370078740157,-0.0274509803921568,"1697,1810","1810,3819"
-0.0349889372091248,-0.03515625,"1700,1703","1700,4131"
0.0039215686274509,-0.0352941176470588,"1704,1830","1830,2399"
-0.08203125,-0.0117647058823529,"1705,2727","1705,5397"
0.2222222222222222,-0.0633484162895927,"1707,1781","1781,2041"
0.1089494163424124,-0.05078125,"1709,2118","2118,5931"
0.0275590551181102,0.0352941176470588,"1716,2001","2001,6334"
-0.0080321285140562,-0.0039215686274509,"1717,2413","1717,2420"
-0.0039215686274509,-0.01171875,"1719,2201","1719,4361"
0.326771653543307,-0.0194552529182879,"1720,2517","2517,5962"
-0.1050583657587548,-0.09765625,"1725,2511","1725,6386"
0.0542635658914728,-0.1220472440944882,"1729,6117","3486,6117"
-0.0078125,-0.0666666666666666,"1732,2024","1732,6227"
0.00390625,-0.01953125,"1733,2195","2195,3009"
0.0077220077220077,-0.07421875,"1740,2999","2999,4490"
-0.1098039215686274,-0.0194552529182879,"1743,1748","1743,2949"
0.0038910505836575,-0.0077821011673151,"1746,1877","1877,4579"
0.0821917808219178,-0.0219780219780219,"832,1749","832,6581"
0.0232558139534883,-0.0386100386100386,"1750,2140","1774,2140"
0.0155642023346303,-0.0433070866141732,"1756,1758","1758,2895"
0.0039370078740157,-0.0039215686274509,"1759,2445","1882,2445"
-0.01171875,-0.0470588235294117,"1761,2904","1761,3270"
-0.3410852713178294,-0.0233463035019455,"1764,2913","1764,3649"
-0.2373540856031128,-0.015625,"1767,3347","1767,2136"
-0.0311284046692607,-0.0039370078740157,"1771,1777","1771,2176"
-0.0078740157480314,-0.0078125,"1772,2939","1772,5932"
0.0393700787401574,0.0352941176470588,"1773,1936","1936,5491"
-0.0155642023346303,-0.0311284046692607,"1776,2652","1776,2149"
0.0046948356807511,-0.0310077519379844,"1778,2550","2549,2550"
-0.0039840637450199,0.0039840637450199,"1782,1805","1782,5196"
0.0729729729729729,-0.0278104191147669,"1784,3477","3477,3852"
0.0039215686274509,0.0116279069767441,"1786,1940","1940,5442"
0.1141732283464567,-0.0135135135135135,"1788,1945","1945,2921"
-0.0579150579150579,0.027027027027027,"1790,2178","1790,2182"
-0.0390625,-0.0511811023622047,"1791,2338","1791,3242"
0.0271317829457364,-0.0038910505836575,"1795,1821","1821,3182"
0.0288461538461538,0.0272108843537414,"1796,2634","2632,2634"
0.0195769646441253,0.0196850393700787,"1797,2211","2211,3206"
0.0197004786166435,-0.04296875,"1803,1925","1925,3849"
0.0188679245283018,0.0046728971962616,"1806,2088","1932,2088"
0.0078431372549019,-0.036144578313253,"1807,2038","2038,2815"
0.0196078431372549,-0.0817120622568093,"1813,2188","2188,2602"
-0.0077821011673151,0.0077821011673151,"1267,1816","1816,2323"
0.1408450704225352,-0.0039525691699604,"1818,1871","1871,5623"
0.0135135135135135,-0.0155038759689922,"1819,1835","1835,5311"
-0.0196078431372549,0.0235294117647058,"1820,1989","1820,3995"
0.0272373540856031,-0.02734375,"1809,1822","1809,5424"
-0.0118110236220472,-0.0172413793103448,"1825,1933","1825,3731"
-0.0078740157480314,-0.0194552529182879,"1834,2426","1834,6248"
0.0078125,-0.03125,"1836,1856","1856,3430"
-0.0079681274900398,0.0119521912350597,"1838,3191","1838,3194"
0.1361867704280155,0.4609375,"1840,3198","2119,3198"
-0.0116731517509727,-0.067193675889328,"1841,1852","1841,5261"
0.0348837209302325,-0.048780487804878,"1842,2207","2207,5359"
0.0077821011673151,-0.0233463035019455,"1844,2142","2142,5546"
-0.1496062992125984,-0.2588235294117647,"1846,5939","1846,3936"
-0.0058823529411764,-0.00390625,"1850,3021","1850,5374"
0.188235294117647,0.0431372549019607,"1858,3659","2539,3659"
-0.0078431372549019,-0.0077519379844961,"1860,2329","1860,5265"
0.0661478599221789,-0.0116731517509727,"1862,2242","2242,2358"
0.0038610038610038,0.01171875,"1866,1875","1875,3628"
0.0116731517509727,0.00390625,"1870,1897","1897,2415"
0.3063829787234042,-0.0303030303030303,"1873,4136","3282,4136"
0.0078125,-0.0627450980392156,"1874,1898","1898,6161"
-0.0775193798449612,0.0077519379844961,"1878,2436","1878,4168"
-0.0972762645914396,-0.00390625,"1881,2093","1881,3174"
0.0194552529182879,0.0511811023622047,"1884,1993","1993,4040"
-0.1550387596899224,-0.0078431372549019,"1886,3219","1886,3941"
0.3647058823529411,-0.265625,"1887,2394","2394,4222"
0.0078125,-0.0038910505836575,"1891,2131","2131,5558"
0.0116731517509727,-0.015625,"1892,1953","1953,2962"
0.0039215686274509,0.0196850393700787,"1893,2765","2763,2765"
0.3046875,-0.0153846153846153,"1901,2259","2259,3105"
0.642023346303502,0.0117647058823529,"1905,3217","2770,3217"
0.01953125,-0.0077519379844961,"1906,6374","6374,6565"
-0.2325581395348837,0.0310077519379844,"1908,2788","1908,2790"
0.2178988326848249,-0.0894941634241245,"1909,6535","6143,6535"
0.0390625,-0.0038910505836575,"1910,3372","2738,3372"
0.0078431372549019,0.003875968992248,"1911,4808","2887,4808"
0.0580641269266733,-0.0389105058365758,"1913,6475","1913,3446"
0.078125,0.0039215686274509,"1914,2451","2449,2451"
-0.6511627906976745,0.0116279069767441,"1920,2525","1920,4271"
-0.0234375,0.0078125,"1922,2456","1922,3634"
0.011459525444419,-0.1002735978112175,"1923,2417","2417,6229"
0.1686274509803921,-0.3268482490272373,"1926,3490","3490,4911"
-0.0154882052529182,-0.0038910505836575,"1938,2234","2234,4634"
-0.1242900100233879,0.0250304077843928,"1942,2503","2503,3302"
0.015625,-0.0313725490196078,"1943,2745","2745,5769"
0.0115384615384615,0.0703125,"1949,2432","2412,2432"
-0.159533073929961,0.1867704280155642,"1951,2959","1951,2960"
-0.0083333333333333,-0.0077821011673151,"1954,2219","1954,2816"
0.0040650406504065,-0.0235294117647058,"1955,2152","2152,3810"
0.050632911392405,0.115079365079365,"1957,2050","2050,2051"
0.0338983050847457,-0.00390625,"1958,2581","2581,5229"
0.0040160642570281,-0.0237154150197628,"1959,2134","2134,3656"
0.1462264150943396,-0.0078431372549019,"1960,2579","2579,5223"
0.1428571428571428,-0.025,"1961,3768","3504,3768"
0.0125,-0.0155642023346303,"1962,2584","2584,4412"
0.0157480314960629,-0.0116279069767441,"1963,1969","1969,3780"
0.0038910505836575,-0.0076335877862595,"1964,1996","1996,3028"
-0.1176470588235294,0.2352941176470588,"1968,2607","1968,3070"
-0.0079051383399209,-0.0116279069767441,"1970,2775","1970,3785"
0.0078740157480314,-0.0078125,"1971,1972","1972,2627"
0.00390625,-0.00390625,"1973,1974","1974,3297"
0.0823529411764705,0.0519480519480519,"1977,2563","2563,2566"
-0.01171875,0.03125,"1978,3522","1978,4449"
-0.0896155228171038,-0.3103448275862069,"1979,3018","3018,3907"
-0.1372549019607843,-0.3852140077821012,"1981,2658","1981,5235"
-0.05859375,0.046875,"1983,3949","1983,6384"
0.0968992248062015,0.0544747081712062,"1984,3944","3942,3944"
0.0433070866141732,-0.027027027027027,"1986,6092","6092,6097"
-0.0196850393700787,-0.00390625,"1988,3033","1988,4772"
-0.0078125,-0.0078125,"1991,1992","1991,5820"
-0.0117647058823529,-0.0039370078740157,"1995,2217","1995,4783"
-0.078125,-0.0234375,"1997,2015","1997,2320"
-0.00390625,-0.0428015564202334,"2002,2480","2002,2694"
-0.0038910505836575,-0.0039370078740157,"2003,2423","2003,2842"
-0.51171875,-0.0662983425414364,"2004,2262","2262,4142"
-0.02,-0.0594059405940594,"2005,4139","2005,5628"
0.0303030303030303,-0.0040983606557377,"2007,2900","2900,3307"
-0.013953488372093,0.1209302325581395,"2012,2767","2012,3726"
0.0705882352941176,-0.0342465753424657,"2016,2776","2776,3779"
-0.1011673151750972,-0.0078740157480314,"2017,6127","2017,6082"
-0.1750972762645914,-0.5603112840466926,"2018,4217","2018,3655"
-0.5,0.5,"2020,2048","2020,4524"
0.1492615396997867,-0.1134020618556701,"2021,2049","2021,2060"
0.0116731517509727,0.0314960629921259,"2022,3464","2805,3464"
-0.1535433070866141,-0.1744186046511628,"2023,3469","2023,3452"
-0.150197628458498,-0.0155642023346303,"2025,2484","2025,4833"
-0.0538461538461538,-0.0155038759689922,"2026,2289","2026,3481"
1.0,-0.6190476190476191,"663,2029","663,2947"
0.0823529411764705,-0.0193798449612403,"2033,2037","2037,4729"
0.0354330708661417,-0.0232558139534883,"2034,3143","3143,4027"
-0.0714285714285714,-0.0058823529411764,"2044,4751","2044,2817"
0.0196078431372549,-0.0205128205128205,"2045,3056","3056,4424"
0.0284552845528455,-0.0161290322580645,"2046,2822","2822,4465"
0.0495867768595041,-0.08984375,"2052,2132","2132,3762"
0.015625,-0.09765625,"2055,4468","4468,4650"
0.1003861003861004,-0.4198473282442748,"2057,3695","2057,2146"
0.0117800245098039,-0.0038910505836575,"2058,2948","2948,3700"
0.024390243902439,-0.046875,"2059,2243","2243,4200"
0.0064102564102564,-0.0039215686274509,"2062,2141","2141,4556"
-0.0230414746543778,-0.0158102766798418,"2064,2069","2064,4621"
-0.0078431372549019,0.0117647058823529,"2066,2071","2066,2297"
0.0136986301369863,-0.003875968992248,"2067,2692","2692,4596"
0.0274509803921568,-0.0039215686274509,"2070,2300","2300,2843"
-0.0256410256410256,0.0769230769230769,"2073,2952","2073,3549"
-0.0705882352941176,-0.0057471264367816,"2074,2145","2074,3060"
0.0227272727272727,0.0275229357798165,"2077,2616","2616,2778"
0.0038910505836575,0.0234375,"2079,5349","4435,5349"
0.0078125,-0.2023346303501945,"2080,2363","2363,3585"
0.0571428571428571,-0.0116731517509727,"2082,2285","2285,5671"
-0.0326980568011958,-0.0219780219780219,"2084,3901","2084,4703"
0.0118110236220472,-0.0389105058365758,"2086,2402","2402,4612"
-0.0894941634241245,-0.1886792452830188,"2089,3530","2089,4753"
0.8,-0.0697674418604651,"2091,5176","2814,5176"
-0.0416666666666666,-0.2941176470588235,"2092,5174","2092,5182"
0.1167315175097276,0.0233463035019455,"2094,2454","2454,3344"
0.0041493775933609,0.01171875,"2099,2556","2556,6181"
0.03125,-0.0078431372549019,"2106,2107","2107,4847"
-0.0354330708661417,-0.0078125,"2108,2175","2108,6502"
0.0077821011673151,-0.0039370078740157,"2109,2489","2489,6509"
-0.4319066147859922,-0.0155642023346303,"2111,2490","2111,2793"
0.1356589147286821,-0.0117647058823529,"2112,2485","2485,6470"
-0.0039215686274509,-0.178988326848249,"2113,2540","2113,2392"
-0.5254901960784314,0.0941176470588235,"2116,2928","2116,4931"
0.1098039215686274,0.13671875,"2117,3945","3945,4955"
0.1744186046511628,-0.2470588235294117,"2120,4954","4954,6081"
0.0106382978723404,-0.0344827586206896,"2122,3100","3100,4987"
-0.1007751937984496,-0.1333333333333333,"2124,2929","2124,5027"
-0.046875,-0.15625,"2126,2577","2126,2969"
-0.0624826308476146,-0.003875968992248,"2127,2967","2967,5045"
0.0551181102362204,0.11284046692607,"2129,2185","2185,4939"
0.0077519379844961,-0.015625,"2133,2150","2150,3712"
0.0039215686274509,0.3647058823529411,"2135,3652","3652,4228"
-0.0813953488372093,-0.08984375,"2056,2147","2147,3697"
0.1803921568627451,-0.1377952755905512,"2151,2328","2328,5016"
0.0638297872340425,-0.0116731517509727,"2154,3791","3791,5454"
0.0039215686274509,-0.08984375,"2156,2551","2281,2551"
0.0117647058823529,-0.0078125,"2157,2159","2159,5150"
0.0163934426229508,0.2879377431906614,"2158,5137","5137,5142"
0.010204081632653,0.0077821011673151,"2160,4765","4765,5197"
0.1578947368421052,-0.2477477477477477,"2161,3533","3533,3543"
0.0157894736842105,-0.0288461538461538,"2162,2672","2672,5347"
-0.0234375,-0.0112359550561797,"2163,2675","2163,3515"
-0.0133333333333333,-0.3103448275862069,"2169,2808","2169,4693"
0.00390625,0.0234375,"2172,2173","2173,2459"
-0.0039365310077519,-0.0117647058823529,"2177,2181","2177,4239"
-0.0078431372549019,-0.50390625,"2180,3407","2180,4950"
0.0117647058823529,0.0039370078740157,"2183,3003","2943,3003"
0.1098039215686274,0.0387596899224806,"2184,4206","4206,4207"
0.0110236220472441,0.0118110236220472,"2187,2568","2187,3715"
0.0700389105058365,-0.0428015564202334,"2190,2997","2997,3752"
0.0158102766798418,-0.00390625,"2191,2493","2493,4851"
0.0185185185185185,0.0413223140495867,"2192,2469","2469,4153"
0.063334108346896,-0.0078125,"2196,3006","2270,3006"
-0.0972762645914396,0.0389105058365758,"2202,2252","2202,2591"
0.1428571428571428,0.0038910505836575,"2204,5188","2286,5188"
-0.1733333333333333,-0.7128712871287128,"2206,3014","2206,3017"
-0.0198412698412698,-0.0155038759689922,"2208,2680","2208,6058"
0.0234375,-0.0311284046692607,"2209,2210","2210,5377"
-0.0099009900990099,-0.0085860148514851,"2213,2978","2213,5180"
0.0384615384615384,-0.0348837209302325,"2215,3851","3851,5178"
-0.0140845070422535,-0.0060975609756097,"2218,2278","2218,5296"
-0.0196850393700787,-0.0155642023346303,"2031,2220","2220,5661"
-0.0077821011673151,-0.0087719298245614,"2221,2228","2221,3733"
-0.0196078431372549,-0.0078125,"2229,2230","2230,3112"
0.0039215686274509,-0.0313725490196078,"2231,2316","2316,3997"
0.093070652173913,-0.09375,"2232,2795","2795,3693"
0.0077519379844961,0.0155031662470435,"2235,2324","2324,5885"
-0.0078125,0.0234375,"2236,2238","2236,3960"
0.0078431372549019,-0.023076923076923,"2237,2384","2384,3429"
-0.1496062992125984,-0.15234375,"2239,5503","2239,5511"
0.0038910505836575,0.0078125,"2240,2686","2686,3965"
0.21484375,-0.0313725490196078,"2241,2688","2688,3432"
0.003875968992248,-0.0891472868217054,"2244,2353","2353,2664"
0.0312015422656217,-0.6,"2245,2360","2245,2562"
0.0078125,-0.00390625,"2246,3834","3834,5488"
0.0078431372549019,-0.003875968992248,"2248,2250","2250,4483"
0.03125,-0.03125,"2249,2830","2830,4549"
0.0118110236220472,-0.0039215686274509,"2253,2318","2318,5594"
0.0147783251231527,0.0118110236220472,"2255,3187","3187,4055"
0.0679194819819819,0.1351351351351351,"2256,5616","4522,5616"
-0.1014492753623188,0.1231884057971014,"2260,3309","2260,4145"
0.0038910505836575,-0.0077519379844961,"2265,2295","2295,5727"
-0.011935513989605,-0.0347490347490347,"2267,3109","2267,4353"
-0.0196850393700787,-0.0194552529182879,"2268,2461","2268,4735"
0.0434782608695652,-0.003875968992248,"2272,3765","3263,3765"
0.0117647058823529,-0.00390625,"2274,2275","2275,3615"
0.0157480314960629,-0.05859375,"2276,3334","3115,3334"
0.3228346456692913,-0.29296875,"2277,3057","3057,3996"
-0.0039525691699604,0.0158102766798418,"2279,2552","2279,3992"
-0.0038910505836575,-0.0038910505836575,"2282,3794","2282,3818"
0.047808764940239,0.0077821011673151,"2283,3038","3038,5412"
-0.0769230769230769,0.0769230769230769,"717,2287","2287,3737"
-0.0625,-0.006578947368421,"2288,2571","2288,3906"
0.0350194552529182,-0.0235294117647058,"2292,2296","2296,5703"
0.0038910505836575,-0.01171875,"2298,2409","2409,6171"
0.0157480314960629,0.0039525691699604,"2299,2309","2309,6363"
-0.0144927536231884,-0.0833333333333333,"2302,2400","2302,5704"
-0.0078125,0.00390625,"2303,2401","2303,5796"
0.0155038759689922,-0.0078740157480314,"2306,2428","2428,2878"
0.0703125,-0.0267427884615384,"2308,2442","2308,2714"
0.0157480314960629,0.0156862745098039,"2310,2499","2499,3645"
-0.0077519379844961,0.0193798449612403,"2311,2425","2311,6518"
-0.0387596899224806,-0.0350194552529182,"2313,2644","2313,2641"
0.02734375,-0.0039215686274509,"2317,2615","2615,2781"
0.0428015564202334,-0.0588235294117647,"2319,2599","2599,4544"
-0.2862745098039215,-0.078125,"2321,2648","2321,5389"
0.0544747081712062,-0.0194552529182879,"2322,2728","2728,4063"
-0.0583657587548638,0.0116731517509727,"2325,2649","2325,5605"
-0.03515625,-0.0155038759689922,"2331,2383","2331,2386"
-0.1782945736434108,0.4844961240310077,"2333,3943","2333,6088"
-0.0968992248062015,-0.0271317829457364,"2334,3249","2334,5543"
0.2196078431372549,-0.3568627450980392,"2335,3427","3427,4075"
0.0234375,-0.0625,"2339,3005","3005,3920"
0.0545075036990065,-0.075712686812825,"2341,3356","2341,3359"
0.0077821011673151,0.41015625,"2342,5944","2375,5944"
-0.1945525291828793,-0.4235294117647059,"2343,5943","2343,2868"
-0.0435743701550387,0.16796875,"2347,5908","5908,5977"
0.3019607843137254,0.2578125,"2348,2865","2865,6033"
0.0234375,0.1102362204724409,"2349,5951","5951,5957"
0.0625,-0.00390625,"2350,3023","2590,3023"
0.3046875,0.0039215686274509,"2355,2660","2660,4061"
-0.0039215686274509,-0.09765625,"2356,2601","2356,4191"
0.171875,-0.0235294117647058,"2359,5535","5505,5535"
0.0096153846153846,-0.0049504950495049,"2362,2851","2851,3079"
0.0968992248062015,0.0508474576271186,"2364,4669","2677,4669"
0.2239382239382239,-0.19140625,"2369,5958","5958,5961"
-3.028100775193804e-05,-0.0077519379844961,"2373,2458","2458,6060"
0.0368852459016393,-0.0476190476190476,"2376,2377","2377,5338"
-0.0901960784313725,-0.0859375,"2379,3826","2379,5336"
0.0078125,-0.0117647058823529,"2380,4057","3094,4057"
-0.0078125,-0.0344827586206896,"2381,3027","2381,5373"
0.046692607003891,-0.04296875,"2389,3244","3244,6109"
-0.1472868217054263,-0.0389105058365758,"2391,6034","2391,3954"
0.251937984496124,-0.2403100775193798,"2393,3442","2538,3442"
0.0078125,-0.2277992277992278,"2396,2888","2888,4266"
0.0474308300395256,-0.0039215686274509,"2397,3253","2467,3253"
-0.0941176470588235,-0.0078125,"2403,2647","2403,3984"
0.0038910505836575,-0.0077821011673151,"2404,2633","2633,2720"
0.0078125,0.0039215686274509,"2405,2429","2429,4108"
-0.0055865921787709,0.0111731843575419,"2406,2875","2406,4723"
0.0336134453781512,0.0432284541723666,"2408,3108","3108,5814"
0.04296875,-0.0117647058823529,"2410,3286","3286,4608"
0.0038610038610038,0.0039215686274509,"2411,2638","2638,5765"
0.0272373540856031,0.0156862745098039,"2416,2418","2418,2906"
0.0729729729729729,0.0162162162162162,"2421,4135","4135,4815"
-0.0122699386503067,-0.0666666666666666,"2422,3107","2422,5624"
-0.0119521912350597,-0.0446428571428571,"2424,2475","2424,5735"
0.00390625,-0.0196078431372549,"2427,2444","2444,4042"
0.046875,-0.015625,"2431,3321","3106,3321"
0.0118110236220472,0.0549019607843137,"2435,2477","2477,2932"
0.01953125,-0.0038910505836575,"2438,3401","3401,6225"
0.0497737556561085,-0.0207253886010362,"2439,3408","2761,3408"
0.3636363636363636,-0.0042553191489361,"2440,4972","4972,4975"
0.0059171597633136,-0.0034055727554179,"2447,4689","4689,6044"
-0.0271317829457364,-0.01953125,"2450,2452","2450,3338"
-0.0624054346147908,-0.0039370078740157,"2453,3341","3341,6358"
0.125,0.0271493212669683,"2460,3801","3801,5450"
-0.0233463035019455,-0.0703125,"500,2464","2464,6525"
-0.0136363636363636,-0.196078431372549,"2011,2468","2468,6295"
0.0078431372549019,-0.0039215686274509,"2470,2903","2903,6197"
0.0078740157480314,-0.0236220472440944,"2471,2698","2476,2698"
-0.03125,-0.0039215686274509,"2472,2473","2472,3397"
-0.0039215686274509,-0.0581395348837209,"2474,4163","2474,6441"
-0.0235294117647058,-0.075098814229249,"2479,2746","2479,2502"
-0.0077821011673151,-0.1043956043956044,"2481,3269","2481,2744"
0.0198376225490196,-0.008,"2482,2801","2482,4292"
0.0392156862745098,0.0859375,"2486,3316","3316,3317"
0.0116731517509727,0.0038910505836575,"2487,2898","2898,5873"
0.0078431372549019,0.0622568093385214,"2494,2495","2495,6463"
-0.10546875,-0.04296875,"2497,2498","2497,2741"
0.0390625,0.0583657587548638,"2501,2885","2885,4034"
-0.3076286221170905,0.0112359550561797,"2504,4148","4148,4967"
0.003875968992248,-0.046875,"2506,3646","3646,6335"
0.07421875,0.0116731517509727,"2507,3434","3434,4906"
-0.1240310077519379,0.1201550387596899,"2512,2864","2512,4707"
-0.2529182879377432,0.5408560311284046,"2514,6128","2514,6413"
-0.1803921568627451,0.4705882352941176,"2520,4807","2520,6547"
0.109375,-0.17578125,"2521,4809","3256,4809"
-0.2890625,-0.0196078431372549,"2522,3438","2522,6134"
0.0157480314960629,-0.265625,"2523,2890","2890,4277"
-0.0625,-0.7734375,"2526,6563","2526,4264"
0.0039525691699604,0.0079051383399209,"2527,4262","2804,4262"
-0.06640625,0.10546875,"2529,2992","2529,3377"
-0.0039215686274509,0.0078431372549019,"2530,2573","2530,3720"
0.0384615384615384,-0.0708661417322834,"2542,2544","2544,5368"
0.3452077013185954,0.0118343195266272,"2543,3020","3020,3520"
-0.0059679767103347,0.0019030465736665,"2545,3022","2545,5371"
-0.0234375,-0.058252427184466,"2553,2902","2553,3621"
0.0140845070422535,0.029385171790235,"2554,3311","3311,3624"
0.0476190476190476,0.0060975609756097,"2555,6523","4828,6523"
-0.01953125,-0.0096153846153846,"2558,2559","2559,4091"
0.0040455707974889,-0.0426356589147286,"2560,2732","2560,4865"
0.01953125,-0.0413223140495867,"2565,3706","3706,6004"
-0.0319148936170212,-0.1111111111111111,"2570,3736","2570,4423"
0.00390625,0.0038910505836575,"2572,3122","3122,5113"
0.01953125,0.0038910505836575,"2574,2576","2576,3811"
0.0133928571428571,-0.0038910505836575,"2575,3131","3131,5435"
-0.0075187969924812,-0.1,"2580,2923","2580,3380"
-0.0039215686274509,-0.1111111111111111,"2582,2585","2582,3265"
0.0157480314960629,-0.015625,"2586,3763","3763,4401"
-0.0156862745098039,-0.0078125,"2587,5321","2587,6028"
-0.0588235294117647,0.0053475935828877,"2593,2618","2593,4655"
0.0039215686274509,-0.0625,"2594,2595","2595,5984"
0.4,0.0784313725490196,"2597,5140","5136,5140"
0.0474308300395256,-0.0039215686274509,"2598,2600","2600,5562"
-0.0981158088235294,-0.2178683146410315,"2604,2610","2604,4105"
-0.015625,-0.1111111111111111,"2605,5271","2605,5549"
-0.003875968992248,-0.2109375,"2611,5996","2611,4103"
-4.524477422857692e-05,0.0426799610894941,"2612,2613","2612,3592"
-0.031188725490196,-0.0156862745098039,"2614,3077","3077,5060"
0.0198019801980198,0.0038910505836575,"2617,2780","2780,2783"
0.0110594315245478,0.04,"2623,2624","2624,3476"
1.5199416342412396e-05,-0.0201005025125628,"2625,3042","2625,5118"
-0.0150557474874371,0.03515625,"2626,3044","3044,5119"
0.0621468926553672,-0.0274509803921568,"2629,3807","3807,5666"
-0.0077038082976867,-0.1834862385321101,"2630,3335","2630,3610"
0.01171875,-0.0077821011673151,"2631,3764","3764,4402"
-0.003875968992248,-0.0311284046692607,"2636,2637","2636,5738"
0.00390625,-0.0078125,"2642,2876","2876,5828"
0.00390625,-0.0157480314960629,"2643,4566","4350,4566"
-0.1439688715953307,-0.0505836575875486,"2650,2774","2650,3825"
-0.03125,-0.1811023622047244,"2651,2725","2651,4065"
0.17578125,-0.0077821011673151,"2654,3879","3879,3918"
0.03515625,-0.04296875,"2655,5541","5541,6003"
-0.0078431372549019,-0.3929961089494163,"2663,2666","2663,5519"
0.1535433070866141,0.327359781121751,"2667,3886","3886,3911"
0.0544747081712062,-0.0311284046692607,"2668,3025","3025,5986"
0.0077821011673151,-0.0313725490196078,"2671,5331","5331,5335"
0.0638297872340425,-0.0044444444444444,"2676,4463","3902,4463"
0.0298507462686567,0.004,"2678,3895","2985,3895"
0.245136186770428,0.3735408560311284,"2682,3951","3940,3951"
0.0661478599221789,0.0078431372549019,"2687,3239","3239,5028"
0.003875968992248,0.0232558139534883,"2689,2941","2941,4956"
0.0175438596491228,-0.0140845070422535,"2691,3276","3276,3390"
0.0394736842105263,-0.01171875,"2693,3398","3398,6235"
0.0235294117647058,-0.0078740157480314,"2696,2697","2697,6238"
-0.0078740157480314,0.0905511811023622,"2699,2762","2699,6275"
-0.2941176470588235,0.0862745098039215,"2701,2766","2701,6180"
-0.0390625,-0.2068965517241379,"2702,2704","2702,3682"
0.003875968992248,-0.0039215686274509,"2703,2759","2759,6177"
0.0352941176470588,-0.00390625,"2705,3275","3275,3389"
-0.0246651785714285,-0.0625,"2710,2712","2710,6365"
-0.0519023862475205,-0.0131578947368421,"2711,3113","3113,6048"
-0.2152777777777778,-0.015,"1561,2713","2713,5678"
1.0,0.0178571428571428,"2715,5830","3977,5830"
-0.0038910505836575,0.0077821011673151,"2716,2722","2716,5709"
0.0622568093385214,-0.0980392156862745,"2718,4378","4351,4378"
0.0077821011673151,-0.00390625,"2719,3261","3261,5648"
0.0077821011673151,-0.0549019607843137,"2733,2907","2907,2909"
0.0007684426229508,0.0078125,"2735,2737","2737,3821"
0.0234375,-0.0311284046692607,"2736,2920","2920,3207"
-0.0076905470359349,-0.0233463035019455,"2739,2747","2739,4107"
0.01171875,0.0666666666666666,"2740,3330","3330,6342"
0.0197628458498023,-0.0038910505836575,"2742,3639","3639,6513"
0.1725490196078431,-0.0862745098039215,"2748,6228","6228,6514"
0.0156862745098039,-0.0038910505836575,"2749,2752","2752,6449"
0.0077821011673151,0.0078431372549019,"2750,2751","2751,2753"
0.0041322314049586,0.0116731517509727,"2754,3386","3386,6516"
-0.1692913385826771,0.0275590551181102,"2755,4124","2755,6232"
0.15625,-0.08203125,"2757,4164","4164,6175"
-0.245136186770428,0.0622568093385214,"2760,4165","2760,4890"
0.0118110236220472,-0.0308880308880308,"2764,3400","3400,4895"
0.2592592592592592,-0.0202020202020202,"2769,5695","5213,5695"
-0.484375,0.125,"2771,3573","2771,4670"
-0.5078125,0.25390625,"2773,3572","2773,4678"
0.05078125,-0.00390625,"2777,3066","3066,5900"
0.0431372549019607,-0.0472440944881889,"2782,2834","2834,5496"
-0.0116279069767441,0.0581395348837209,"2784,2785","2784,2786"
0.046692607003891,0.0079051383399209,"2789,4838","4236,4838"
-0.01953125,-0.0390625,"2792,4246","2792,6474"
0.012,-0.00390625,"2798,3271","3271,6460"
0.3622047244094488,-0.25,"2802,3410","3410,6532"
-0.1494427558257345,-0.1842105263157894,"2807,4300","4300,4301"
0.0307692307692307,-0.0808080808080808,"2813,3516","3516,5341"
0.0263157894736842,-0.00390625,"2818,4451","4451,5187"
0.0333333333333333,0.1,"2820,4249","2820,4477"
0.1282051282051282,-0.0038910505836575,"2821,2958","2958,4253"
-0.0756756756756756,-0.0059880239520958,"2823,4478","2823,4476"
0.17578125,-0.0833333333333333,"2826,2957","2957,4250"
0.8695652173913043,-0.9333333333333332,"2827,4531","4472,4531"
0.0038910505836575,0.0155038759689922,"2828,2955","2955,4256"
0.0352941176470588,-0.0390625,"2829,2956","2956,4252"
-0.36328125,-0.0318725099601593,"2831,2832","2831,4639"
0.003875968992248,-0.2,"2835,3063","3063,3596"
0.0859375,0.0703125,"2836,3208","3208,5531"
-0.0487405283637108,-0.1122448979591836,"2838,2840","2840,3594"
-0.2608695652173913,-0.0578512396694214,"2839,4553","2839,4545"
-0.003875968992248,-0.0232558139534883,"2841,4113","2841,3566"
0.0038910505836575,-0.0078431372549019,"2844,3148","3148,4586"
0.0038910505836575,-0.0116731517509727,"2845,3145","3145,4122"
-0.0392156862745098,0.0039215686274509,"2846,3280","2846,3294"
0.1741452991452991,0.0213675213675213,"2849,2855","2849,3064"
-0.1248204726465596,0.009009009009009,"2850,2854","2850,4196"
0.0114285714285714,0.0697674418604651,"2852,3078","3078,3590"
1.0,0.025,"2856,3083","3082,3083"
-0.110091743119266,0.0045871559633027,"2859,2982","2859,3047"
0.05078125,-0.0179372197309417,"2860,2983","2983,4671"
0.0383141762452107,-0.0571428571428571,"2861,5199","3897,5199"
-0.08203125,0.28125,"2867,5942","2867,5954"
0.0094422827496757,-0.01171875,"2871,2874","2874,4718"
-0.00390625,-0.0431372549019607,"2872,3604","2872,4736"
0.0077821011673151,0.0155642023346303,"2873,3301","3301,6169"
-0.0079051383399209,0.138478878458498,"2886,3172","2886,4045"
0.0392156862745098,-0.0039215686274509,"2889,3342","3342,6345"
-0.0544747081712062,0.0038910505836575,"2892,3170","2892,6341"
0.0038910505836575,-0.0352941176470588,"2896,3343","3343,4779"
0.0038910505836575,0.00390625,"2897,3974","3974,5789"
-0.00390625,-0.102880658436214,"2899,3983","2899,3340"
-0.1484375,-0.0178571428571428,"2901,3679","2901,4826"
0.0234375,0.0777594930868488,"2905,4230","4230,4884"
0.003875968992248,-0.0544747081712062,"2908,2915","2915,2917"
0.04296875,-0.0039215686274509,"2910,3313","3313,6296"
0.0039370078740157,0.025,"2912,5236","4237,5236"
0.4881889763779528,-0.0048780487804878,"2914,4871","4871,4873"
0.015625,-0.0314960629921259,"2916,2918","2918,3312"
0.6299212598425197,-0.2222222222222222,"2919,3314","3314,4154"
0.0165745856353591,-0.0156862745098039,"2924,2937","2937,4505"
0.008130081300813,0.1338582677165354,"2925,2968","2968,5033"
0.65625,0.2549019607843137,"2927,3260","3259,3260"
0.09375,-0.0354330708661417,"2930,3102","3102,4989"
0.0202020202020202,-0.0084033613445378,"2934,4149","4149,4152"
0.003875968992248,-0.0044052863436123,"2935,3738","3738,3753"
-0.0078740157480314,-0.15625,"2942,3348","2942,5011"
0.19921875,0.0503875968992248,"2946,4940","4929,4940"
0.0039215686274509,0.0272373540856031,"2950,3589","3589,5585"
0.0101010101010101,-0.5108225108225108,"2953,2954","2954,3689"
0.0390625,-0.0350194552529182,"2961,3698","2961,4537"
0.0039215686274509,0.0625,"2964,2998","2998,5093"
0.0078740157480314,0.0195464494163424,"2966,3653","3653,4946"
0.0232558139534883,0.0099009900990099,"2971,4306","3501,4306"
0.0258928571428571,0.03125,"2973,5143","5143,5156"
0.1417322834645669,-0.0229357798165137,"2974,2975","2975,5164"
0.0077519379844961,0.01953125,"2977,3797","3797,5111"
-0.0009487136558959,0.011049723756906,"2980,3032","2980,4422"
-0.0939445387662705,0.0040322580645161,"2984,3899","3899,3900"
-0.07421875,-0.0348837209302325,"2986,2987","2987,5221"
-0.0155642023346303,0.0077821011673151,"2988,3376","2988,3755"
0.00390625,0.0078125,"2990,3381","3379,3381"
0.0043290043290043,-0.0303030303030303,"2995,3740","3740,3754"
0.0256410256410256,-0.0077821011673151,"2996,5013","5013,5240"
-0.0272373540856031,0.0116731517509727,"3001,3704","3001,5088"
0.0666666666666666,-0.2432432432432432,"3004,4936","4936,5934"
-0.04296875,-0.0078740157480314,"3007,3008","3008,4367"
0.1701244813278008,-0.203125,"3010,3058","3058,5469"
-0.0079051383399209,0.0039525691699604,"3011,3116","3011,3179"
0.0066067104808024,-0.0078431372549019,"3013,4331","3013,3118"
0.0172413793103448,0.0175438596491228,"3015,3894","3894,4434"
-0.0296506419826814,-0.0129870129870129,"3031,4514","4511,4514"
0.0235294117647058,-0.04296875,"3034,3139","3139,4384"
-0.03125,-0.00390625,"3036,3767","3036,5875"
0.0632411067193675,-0.0575916230366492,"3037,3608","3608,4000"
0.0125,-0.0088495575221238,"3040,3535","3534,3535"
0.0081967213114754,-0.0235294117647058,"3041,4312","3480,4312"
0.011437908496732,-0.0384615384615384,"3043,3542","3043,4756"
-0.0136986301369863,0.0091324200913242,"3048,3732","3048,5203"
0.0472440944881889,0.1079545454545454,"3050,3538","3538,5192"
-0.0155038759689922,-0.109090909090909,"3051,4755","3051,3054"
-0.0054347826086956,0.0108695652173913,"3052,4747","3052,5138"
0.2015503875968992,-0.19140625,"2053,3059","2053,4471"
0.0236220472440944,-0.0307692307692307,"3065,3071","3071,3822"
-0.00390625,0.0390625,"3067,3192","3067,5538"
-0.0431372549019607,-0.0632411067193675,"3072,4097","3072,4546"
0.0116731517509727,0.0778481791338582,"3074,3188","3188,3835"
0.0553359683794466,0.0362903225806451,"3075,3076","3076,5563"
0.0549019607843137,-0.00390625,"3081,3588","3588,4658"
0.003875968992248,0.0876288659793814,"3084,3087","3087,4539"
0.1099476439790576,-0.0703125,"3085,3694","3694,4651"
0.2068965517241379,-0.0043103448275862,"3086,3599","3599,4631"
-0.1259842519685039,-0.0039215686274509,"3089,3189","3089,4484"
0.0038910505836575,-0.0272373540856031,"3091,3420","3420,5392"
0.00390625,-0.03515625,"3092,3423","3423,5612"
-0.03125,0.0078125,"3095,3421","3095,3431"
-0.01171875,-0.0046136811023622,"3097,3098","3097,3099"
0.0135135135135135,-0.0039215686274509,"3101,4970","4970,6267"
-0.01171875,-0.0551181102362204,"3110,3262","3110,3159"
0.0039215686274509,-0.01171875,"2847,3111","2847,4627"
-0.0055865921787709,-0.0038910505836575,"3114,3224","3114,5667"
0.0078125,-0.0117647058823529,"3119,3181","3181,5301"
-0.0235294117647058,0.0274509803921568,"3120,3858","3120,5471"
0.01171875,-0.0078740157480314,"3123,3124","3124,5410"
0.0703125,-0.0045871559633027,"3125,3792","3792,5481"
0.00390625,-0.0041493775933609,"3126,3539","3539,5153"
0.0181818181818181,-0.0285714285714285,"3128,5163","5160,5163"
-0.1842105263157894,0.0131578947368421,"3129,4757","3129,5151"
0.0745614035087719,-0.05078125,"3132,3136","3136,3734"
0.0196078431372549,-0.0039525691699604,"3133,3795","3795,5455"
-0.046692607003891,0.0038910505836575,"3137,3771","3137,5318"
0.00390625,0.0120481927710843,"3142,3503","3503,5314"
-0.0078431372549019,0.0039215686274509,"3147,3860","3147,5763"
0.0039525691699604,-0.0196850393700787,"3149,3176","3176,6170"
0.01953125,0.00390625,"3150,3151","3151,5849"
0.2165354330708661,-0.0930232558139534,"3153,4013","3156,4013"
0.0901960784313725,-0.1372549019607843,"3154,3165","3165,4012"
0.0390625,-0.08203125,"3155,3166","3166,5863"
0.0048309178743961,-0.0038910505836575,"3157,3161","3161,5649"
0.0272373540856031,-0.0039215686274509,"3158,3567","3567,4396"
0.00390625,0.0193798449612403,"3160,3554","3296,3554"
-0.0078431372549019,0.0039215686274509,"3162,3164","3162,5801"
0.01171875,-0.0156862745098039,"3167,3508","3505,3508"
0.03125,-0.0472440944881889,"3168,3287","3287,5712"
0.0158102766798418,0.0039215686274509,"3169,3507","3507,6149"
0.0078125,-0.0079051383399209,"3171,3980","3980,5860"
-0.0154887943775827,0.1085271317829457,"3175,3629","3175,4043"
0.3532934131736527,-0.1159420289855072,"3178,3298","3298,3300"
-0.1294117647058823,-0.015625,"3183,3186","3183,4071"
-0.046692607003891,-0.1019607843137254,"3184,4072","3184,5923"
-0.1444389763779527,-0.00390625,"3185,4064","3185,5391"
-0.0078431372549019,-0.0076923076923076,"3193,3958","3193,5506"
-0.078125,-0.1484375,"3195,4951","3195,6071"
0.0972762645914396,-0.0077519379844961,"3196,5902","5902,6070"
-0.1620553359683794,-0.0078431372549019,"3197,6106","3197,6078"
-0.10546875,0.26171875,"3199,5969","3199,5971"
-0.4,-0.1906614785992217,"3200,5974","3200,4076"
-0.01171875,0.36328125,"3202,5577","3202,6029"
-0.0234375,-0.0348837209302325,"3203,5386","3203,5989"
-0.1875,-0.251937984496124,"3204,5325","3204,5960"
-0.0194552529182879,-0.0193798449612403,"3209,4099","3209,3211"
-0.02734375,-0.0158730158730158,"3210,4101","3210,4093"
-0.018018018018018,0.2972972972972973,"3212,3215","3212,3216"
0.0039840637450199,0.0041152263374485,"3213,3905","3905,5200"
0.358267716535433,0.0235294117647058,"3220,6016","5937,6016"
0.015625,-0.0234375,"3223,3612","3612,6366"
0.0038910505836575,0.0077821011673151,"3225,3336","3336,5473"
0.0157480314960629,0.0132450331125827,"3226,3230","3230,3890"
0.0068520451741482,-0.0153846153846153,"3231,3234","3234,4512"
-0.009009009009009,0.009009009009009,"3232,5343","3232,5376"
-0.1681533646322378,0.0328638497652582,"3233,4516","3233,5342"
0.0384615384615384,0.01953125,"3235,6052","3823,6052"
0.0428015564202334,-0.1640625,"3237,4205","4205,5262"
-0.388235294117647,-0.0078431372549019,"3243,4080","3243,3971"
0.0274509803921568,-0.15625,"3245,6031","5981,6031"
0.0352941176470588,-0.383399209486166,"3246,5965","5964,5965"
-0.3151750972762646,0.2918287937743191,"3248,5973","3248,6035"
-0.2509803921568627,-0.0077519379844961,"3250,3953","3250,6066"
-0.0077821011673151,-0.109375,"3251,6069","3251,5907"
0.2244094488188976,0.3281853281853282,"3252,4953","4953,6087"
0.0117647058823529,0.0386100386100386,"3254,3441","3441,4810"
-0.0551181102362204,-0.1206225680933852,"3255,6537","3255,4916"
-0.004524886877828,-0.0052083333333333,"3266,3267","3266,6445"
0.0196078431372549,0.046875,"3268,3278","3278,3393"
-0.1201550387596899,-0.0622568093385214,"3272,3402","3272,4287"
0.0175438596491228,-0.10546875,"3273,3684","3684,6233"
0.03125,-0.0091743119266055,"3274,4814","4814,6520"
0.0078431372549019,0.00390625,"3284,4015","4015,5844"
-0.0039215686274509,0.0156862745098039,"3288,3290","3288,5853"
0.003875968992248,-0.0116279069767441,"3291,3293","3293,5744"
0.0236220472440944,0.0077519379844961,"3292,3625","3331,3625"
0.0039215686274509,-0.0155038759689922,"3295,4133","4133,4577"
-0.0196078431372549,0.0078431372549019,"3299,4573","3299,6519"
0.01171875,-0.0505836575875486,"3308,5619","5619,6178"
0.0234375,-0.0039370078740157,"3315,3383","3383,4863"
0.0038910505836575,-0.13671875,"3318,4235","4235,4244"
0.0218579234972677,-0.0193798449612403,"3320,4973","3394,4973"
0.046875,-0.0285714285714285,"3322,4974","4974,6281"
-0.1160232461602324,-0.1639344262295081,"3323,4991","4991,5621"
0.0196078431372549,-0.1741293532338308,"3324,3973","3973,5636"
-0.01171875,0.0078125,"3345,3978","3345,3981"
0.0739299610894941,-0.27734375,"3349,4918","4215,4918"
-0.05859375,0.00390625,"3351,5326","3351,5329"
0.50390625,-0.0787401574803149,"3353,6061","5983,6061"
0.0544747081712062,-0.0622568093385214,"3355,4443","4443,5364"
0.0038910505836575,-0.0077821011673151,"3361,3707","3707,4497"
0.0039215686274509,0.0625,"3362,3710","3710,5552"
0.1,-0.0038910505836575,"3363,4493","4493,4496"
-0.0156862745098039,0.1058823529411764,"3365,4162","3365,4891"
0.0458988264852774,0.0632411067193675,"3368,4892","3369,4892"
-0.09375,0.00390625,"3370,3404","3370,4234"
-0.1484375,-0.3828125,"3371,3447","3371,6585"
0.2941176470588235,-0.0078740157480314,"3373,4907","3374,4907"
-0.0313725490196078,-0.0272373540856031,"3375,4905","3375,4111"
0.0155642023346303,-0.0872093023255814,"3378,3455","3454,3455"
0.0350194552529182,-0.0772357723577235,"3382,3459","3459,4943"
0.0039370078740157,-0.0470588235294117,"3384,3385","3385,4913"
0.0192307692307692,-0.1111111111111111,"3391,3399","3399,3683"
0.0232558139534883,-0.0041322314049586,"3392,3681","3681,4147"
0.0583657587548638,0.015625,"3396,6176","4979,6176"
0.0039215686274509,0.0156862745098039,"3403,4887","4857,4887"
0.2307692307692307,0.0096153846153846,"3405,4159","4159,4981"
0.0142857142857142,-0.2480314960629921,"3409,4802","4802,4804"
-0.8188976377952756,-0.1811023622047244,"3412,3413","3413,6093"
0.0310077519379844,0.1867704280155642,"3414,6387","3576,6387"
-0.09375,-0.2666666666666666,"3418,6560","3418,6604"
-0.02734375,-0.0039215686274509,"3424,4068","3424,5390"
-0.0859375,-0.0274509803921568,"3426,5572","3426,5599"
0.2901960784313726,0.0697674418604651,"3428,5576","5569,5576"
0.03515625,0.05078125,"3435,3436","3436,6468"
-0.00390625,-0.0194552529182879,"3437,3635","3437,3637"
0.01171875,0.0234375,"3439,6586","6466,6586"
0.2,-0.1850393700787401,"3444,6589","6118,6589"
-0.5,-0.0390625,"3449,4900","3449,6473"
-0.0079051383399209,0.1936758893280632,"3450,4275","3450,6608"
-0.015625,-0.0038910505836575,"3456,3458","3456,4848"
0.1372549019607843,-0.0039370078740157,"3457,4850","4850,5277"
0.0393258426966292,-0.0038910505836575,"3460,3757","3757,5224"
-0.01953125,-0.0077821011673151,"3461,3756","3461,6494"
0.0350194552529182,-0.0039215686274509,"3463,4942","4942,4949"
-0.0039370078740157,-0.0472440944881889,"3465,6312","3465,4269"
0.1411764705882353,-0.0078431372549019,"3467,3728","3728,6524"
-0.109375,0.33203125,"3468,3470","3470,4800"
-0.4186046511627907,-0.1015625,"3474,6415","3474,6575"
0.017156862745098,-0.0078125,"3478,3479","3478,3853"
0.0193798449612403,-0.390625,"3483,3491","3491,4924"
0.10546875,-0.0509803921568627,"3484,4923","4922,4923"
0.1589147286821705,-0.0627450980392156,"3485,3488","3488,4919"
-0.125,0.1796875,"3445,3489","3489,6119"
0.00390625,-0.00390625,"3495,4934","4934,5231"
-0.0313725490196078,0.3215686274509804,"3496,4877","3496,4948"
0.2140077821011673,-0.0118110236220472,"3497,4926","4921,4926"
0.00390625,0.065891472868217,"3498,4874","4860,4874"
0.0292397660818713,-0.054054054054054,"3499,4341","4341,5476"
-0.0513713080168776,0.025,"3509,3512","3509,3529"
0.0238095238095238,-0.0117339494163424,"3510,5369","5369,5375"
0.1428571428571428,-0.0039215686274509,"3519,4429","4429,5356"
-0.0601503759398496,0.0150375939849624,"3523,3525","3523,3526"
0.0625,-0.0082644628099173,"3527,3745","3739,3745"
0.0425531914893617,-0.0080645161290322,"3528,5077","3744,5077"
-0.0823529411764705,0.0274509803921568,"3532,3845","3532,3850"
0.1325301204819277,-0.0592885375494071,"3536,5216","5216,5405"
0.25,-0.1176470588235294,"3537,3540","3540,4749"
-0.0283018867924528,0.0307991120976692,"248,3541","3541,4743"
-0.0044247787610619,0.1106194690265486,"3545,3696","3545,4534"
0.00390625,-0.0077821011673151,"3546,4535","4535,4555"
-0.0273972602739726,0.0821917808219178,"3551,3556","3551,3558"
-0.03515625,-0.0517928286852589,"3557,3561","3557,3606"
0.0039215686274509,-0.00390625,"3559,3861","3861,6240"
-0.1878787878787878,-0.1496062992125984,"3560,3562","3560,3607"
0.0078125,0.015625,"3563,3873","3873,6438"
-0.0813953488372093,-0.0078125,"3564,3874","3564,4726"
-0.123015873015873,0.0674603174603174,"3570,4676","3570,5357"
-0.125,0.04296875,"3579,3581","3579,3582"
-0.2686567164179104,0.044776119402985,"3580,4685","3580,4688"
-0.0237154150197628,-0.5236220472440944,"3586,4665","3586,6026"
-0.0159018208661417,-0.0234375,"3591,4195","3591,4635"
-0.0116731517509727,-0.0533333333333333,"3600,4664","3600,5614"
0.00390625,0.01953125,"3601,4120","3863,4120"
0.0357142857142857,-0.015625,"3605,4583","4583,5829"
-0.0145985401459854,-0.0314960629921259,"3609,3803","3609,5408"
-0.08984375,-0.00390625,"3613,3800","3613,5673"
0.0233463035019455,-0.0333333333333333,"3614,3619","3619,6046"
0.1428571428571428,-0.0039370078740157,"3616,5215","5215,5693"
-0.05078125,-0.0154440154440154,"3626,3632","3626,6239"
0.0194552529182879,-0.0039525691699604,"3627,3644","3644,6336"
0.01953125,-0.0039215686274509,"3630,3643","3643,5770"
-0.0196850393700787,-0.00390625,"3638,6222","3638,6219"
0.0865800865800865,-0.0542635658914728,"3647,3749","3749,5007"
0.0077971827587247,-0.1640625,"3648,3750","3648,5232"
0.0615384615384615,-0.00390625,"3650,3758","3758,6498"
-0.0116731517509727,0.0311284046692607,"3660,4935","3660,4947"
-0.0310077519379844,-0.0745098039215686,"3662,4920","3662,4226"
-0.4293785310734463,-0.1363636363636363,"3663,4083","3663,3664"
0.0105263157894736,-0.0040322580645161,"3665,3676","3673,3676"
-0.1746246790277099,-0.0843373493975903,"3666,3668","3668,5278"
-0.0156862745098039,-0.0941176470588235,"3667,3678","3667,3671"
-0.0188679245283018,0.0188679245283018,"3672,3674","3672,5275"
0.0039370078740157,-0.0079365079365079,"3677,4969","4969,6298"
0.054054054054054,-0.0717384050717384,"3685,3686","3685,4143"
-0.0196850393700787,0.0748031496062992,"3688,4992","3688,4993"
-0.0062893081761006,0.10062893081761,"3690,4327","3690,4330"
0.0116279069767441,0.00390625,"3691,4485","4485,4547"
-0.0517928286852589,-0.22265625,"2797,3699","3699,4542"
-0.3281553988326848,0.2615342027559055,"3701,3702","3701,4646"
0.0025728414862336,-0.0234375,"3716,3717","3716,3932"
0.005,0.0078431372549019,"3719,3809","3809,4334"
0.3333333333333333,-0.0153846153846153,"3723,5692","3725,5692"
0.0038910505836575,0.0117647058823529,"3727,3813","3813,5680"
0.0041152263374485,-0.0039215686274509,"3735,4004","4004,5660"
0.0147058823529411,-0.0202020202020202,"3741,4486","3747,4486"
0.0395256916996047,0.0039215686274509,"3748,3760","3760,5092"
0.05859375,0.1686274509803921,"3751,4488","4488,4499"
0.0708661417322834,0.1098039215686274,"3759,4500","4500,5014"
0.453125,-0.05078125,"3766,3985","3985,4411"
-0.00390625,-0.0039682539682539,"3769,5288","3769,5719"
0.0078125,-0.0276679841897233,"3770,5289","4406,5289"
0.0277777777777777,0.0379746835443038,"3772,3774","3774,3776"
-0.3190661478599221,-0.02734375,"3773,5292","3773,5317"
0.0077821011673151,0.00390625,"3775,3777","3777,4413"
-0.01953125,-0.015625,"3781,3827","3781,5337"
0.0155642023346303,0.0193798449612403,"3782,3836","3836,5584"
0.3333333333333333,0.0077821011673151,"3783,5385","5332,5385"
-0.0434782608695652,0.0289855072463768,"3784,3824","3784,5402"
0.1263157894736842,-0.3,"3787,3828","3828,4202"
0.0078431372549019,-0.02734375,"3802,3989","3820,3989"
0.0077821011673151,-0.0038910505836575,"3804,3805","3805,5690"
0.0078125,-0.0038910505836575,"3806,3808","3808,5662"
0.0039525691699604,-0.0077821011673151,"3815,3817","3817,6050"
0.0038910505836575,-0.0038610038610038,"3816,4001","3988,4001"
-0.0077821011673151,0.0505836575875486,"3830,4056","3830,5583"
0.0350194552529182,-0.00390625,"3837,3968","3968,5588"
-0.01171875,0.0078125,"3839,4048","3839,4050"
0.0038910505836575,-0.0555555555555555,"3840,5586","5586,5611"
0.0194552529182879,-0.0661478599221789,"3841,4316","4316,4319"
-0.00390625,-0.0040650406504065,"3844,3847","3844,4311"
0.0234985332715763,0.0039370078740157,"3854,3855","3854,4304"
-0.0078431372549019,-0.0194552529182879,"3866,3869","3866,5779"
-0.0077519379844961,-0.0078125,"3867,3868","3867,4615"
-0.0078125,-0.0038910505836575,"3870,4109","3870,5850"
-0.0666666666666666,-0.01875,"3875,3877","3875,5550"
-0.0310077519379844,0.0503875968992248,"3878,3887","3878,3915"
0.4929577464788732,-0.03,"3880,3912","3912,5095"
0.0583657587548638,-0.06640625,"3882,5526","5515,5526"
0.0878706651030323,0.0433379651073027,"3888,6006","6005,6006"
-0.1666666666666666,0.0333333333333333,"3891,3892","3891,4426"
0.1573033707865168,-0.0040485829959514,"3893,4427","4427,6059"
0.0151515151515151,0.0133333333333333,"3896,4432","3903,4432"
-0.0901960784313725,-0.01953125,"3881,3913","3913,5097"
0.0120481927710843,0.037593984962406,"3914,5094","3916,5094"
0.0155642023346303,-0.0039215686274509,"2657,3919","2657,5266"
-0.0078125,-0.0311284046692607,"2656,3921","3921,5071"
0.0078125,-0.2862745098039215,"3922,3924","3924,5038"
0.0235294117647058,-0.01171875,"3923,5248","3961,5248"
0.0505836575875486,-0.0505836575875486,"3925,3926","3926,3959"
0.0078125,0.0546875,"3927,3928","3928,5894"
-0.21484375,-0.1162790697674418,"3931,5098","3931,5082"
-0.0745098039215686,-0.0047393364928909,"3933,5252","3933,4492"
-0.16796875,-0.08203125,"3935,6102","3935,6098"
-0.0866141732283464,-0.01953125,"3938,6407","3938,3939"
0.18359375,-0.01953125,"3946,6096","6096,6099"
-0.4375,-0.18359375,"3952,6068","3952,5912"
0.0039370078740157,-0.0039215686274509,"3956,3967","3967,5916"
0.0038910505836575,0.0352941176470588,"3957,4208","4208,6079"
0.02734375,0.0077821011673151,"3964,5249","5249,5257"
-0.0275590551181102,0.0039370078740157,"3966,5251","3966,5253"
-0.057894576848249,-0.02734375,"3969,5544","3969,4058"
-0.0235294117647058,-0.00390625,"3972,5542","3972,5499"
0.0053763440860215,-0.0038910505836575,"3982,4386","4386,5723"
-0.0278884462151394,-0.015625,"3986,3991","3986,4009"
-0.00390625,-0.0039215686274509,"3990,4003","3990,5426"
0.0039370078740157,-0.0078431372549019,"3999,4339","4339,5422"
0.0116279069767441,-0.01953125,"4002,4333","4006,4333"
-0.0161290322580645,-0.0039525691699604,"2280,4005","4005,5431"
-0.0118110236220472,0.0236220472440944,"3180,4008","4008,4337"
0.0038910505836575,-0.0204081632653061,"4010,5308","4332,5308"
-0.0116279069767441,-0.00390625,"4011,5708","4011,4044"
0.015625,-0.0078125,"4014,4600","4600,5810"
-0.0155642023346303,-0.0039215686274509,"4018,4024","4018,4046"
-0.0116279069767441,-0.0116279069767441,"4019,4028","4019,5825"
0.0038910505836575,0.0077821011673151,"4020,4021","4021,6167"
0.0078740157480314,-0.0038910505836575,"4023,5845","5843,5845"
-0.0901960784313725,-0.0078125,"2724,4025","4025,6612"
0.01171875,-0.00390625,"4026,5315","5315,5716"
-0.0980392156862745,0.0117647058823529,"4029,5836","4029,5837"
-0.0077821011673151,-0.0038910505836575,"4030,4035","4030,6491"
-0.00390625,-0.003875968992248,"4031,4373","4031,4792"
0.0038910505836575,-0.0039370078740157,"4036,5722","5722,5835"
0.030500637755102,-0.0078125,"4037,4041","4037,4798"
0.25,-0.0235294117647058,"4038,4795","4795,5841"
-0.00390625,-0.0038910505836575,"4039,6304","4039,4781"
0.01171875,-0.0390625,"4047,4059","4059,5524"
0.0038910505836575,0.3035019455252918,"4049,4192","4192,4193"
-0.0082991336069311,-0.0078431372549019,"4051,4052","4052,5590"
-0.0235294117647058,-0.0117647058823529,"4060,5532","4060,5898"
0.00390625,-0.0039525691699604,"4062,4079","4079,5404"
0.04296875,-0.0233463035019455,"4069,5394","5394,5610"
0.2040441176470588,0.00390625,"4070,5396","5396,5596"
0.14453125,-0.0625,"4066,4073","4066,4078"
-0.198019801980198,-0.0064102564102564,"4082,4088","4082,4996"
0.0165289256198347,0.0233463035019455,"4084,5284","5284,6261"
0.0476190476190476,0.0272373540856031,"4089,5286","4170,5286"
-0.0344827586206896,-0.127906976744186,"4092,6265","4092,6259"
-0.0223214285714285,-0.003875968992248,"2608,4094","4094,5528"
0.008,-0.0085470085470085,"4096,4100","4100,5547"
-0.0666666666666666,0.0313725490196078,"4104,5530","4104,5548"
-0.015625,-0.0038910505836575,"4110,4836","4110,5750"
-0.0152336883854393,-0.0038910505836575,"4112,6211","6211,6217"
0.0039215686274509,0.00390625,"4114,6230","3640,6230"
0.003875968992248,-0.015625,"4115,6343","4116,6343"
-0.0038910505836575,-0.0627450980392156,"4118,4774","4118,6249"
0.0039370078740157,-0.0039215686274509,"4121,4123","4123,6253"
0.0194552529182879,-0.027027027027027,"4125,5760","4130,5760"
0.00390625,-0.0039215686274509,"4127,5737","4742,5737"
0.0344827586206896,0.0041152263374485,"4128,4818","4818,6200"
0.01171875,0.0116731517509727,"4132,4134","4134,5739"
-0.0578659370725034,0.0581395348837209,"4138,4140","4140,5626"
0.0757682527038205,-0.0186915887850467,"4155,4157","4157,4856"
0.0919540229885057,0.0661478599221789,"4156,6284","4971,6284"
-0.0087719298245614,-0.0155038759689922,"4161,4242","4161,6442"
-0.1055295476653696,-0.0039215686274509,"4169,6262","6262,6283"
0.0315649867374005,0.0068965517241379,"4173,4698","4175,4698"
0.0121338912133891,0.0794979079497908,"4174,4184","4174,4700"
-0.2,-0.1052631578947368,"4177,4684","4177,5208"
-0.0337552742616033,-0.0117647058823529,"4178,4696","4178,4686"
0.0116279069767441,-0.0272373540856031,"4182,5429","5429,5669"
-0.0097560975609756,-0.0077519379844961,"4176,4185","4185,4716"
0.0155038759689922,-0.0196078431372549,"4188,5049","4554,5049"
-0.22265625,-0.16015625,"4197,5892","4197,5522"
0.1284046692607003,-0.00390625,"4201,5525","5525,5895"
0.0588235294117647,-0.2,"4203,4645","4641,4645"
0.0666666666666666,-0.0784313725490196,"4204,5565","4543,5565"
0.1686274509803921,0.0775193798449612,"4211,6421","4223,6421"
-0.1574803149606299,0.0629921259842519,"4212,4214","4212,4927"
-0.078125,-0.0736434108527131,"4213,4960","4213,5047"
-0.1699604743083003,-0.1124031007751938,"4216,4917","4216,4225"
-0.1478599221789883,-0.2178988326848249,"4219,4937","4219,4933"
0.01171875,0.2598425196850393,"4220,4932","4229,4932"
0.2608695652173913,0.13671875,"4224,6125","6125,6126"
0.0241735347283924,0.0311284046692607,"4231,4232","4231,4240"
-0.00390625,0.08984375,"4238,4852","4238,4854"
0.4074074074074074,-0.00390625,"4243,6290","4248,6290"
0.14453125,0.1400778210116731,"4245,4831","4831,4879"
-0.0114285714285714,0.0099582289055973,"4254,4529","4254,4551"
0.1132075471698113,0.0434782608695652,"4257,4526","4526,4557"
-0.0428015564202334,0.0428015564202334,"4267,4801","4267,6354"
-0.0348837209302325,0.003875968992248,"4270,4712","4270,6313"
-0.2039215686274509,-0.5136186770428015,"4273,6389","4273,6401"
0.2784313725490196,-0.03515625,"4274,6610","6601,6610"
0.0119521912350597,0.0052044853798289,"4278,4839","4839,6482"
0.1428571428571428,-0.010204081632653,"4279,4284","4284,6331"
0.0428015564202334,-0.05078125,"4280,4283","4283,4288"
0.0408163265306122,-0.109375,"4281,4295","4295,4846"
0.0348837209302325,-0.0590551181102362,"4282,4296","4285,4296"
-0.0264550264550264,0.0105820105820105,"4289,4843","4289,6231"
-0.1828571428571428,-0.0194552529182879,"4290,4844","4290,6593"
-0.0039370078740157,-0.00390625,"4294,4297","4294,6452"
-0.0391061452513966,0.0335195530726257,"4307,4325","4307,5125"
-0.0314960629921259,-0.0045871559633027,"3842,4308","4308,4313"
0.00390625,-0.0113636363636363,"4315,4323","4323,5130"
0.1750972762645914,0.2336065573770492,"4317,4320","4320,5638"
-0.2139772640573739,-0.0714285714285714,"4318,5194","5194,5195"
0.0038910505836575,-0.003875968992248,"4338,4343","4338,5298"
-0.0077519379844961,0.003875968992248,"4348,4379","4348,4380"
0.04296875,-0.1240310077519379,"4347,4349","4347,4355"
-0.0193798449612403,0.375968992248062,"4354,4404","4354,4409"
-0.0311284046692607,0.0038910505836575,"4356,4362","4356,4368"
0.0077220077220077,0.0039215686274509,"4358,4387","4387,5777"
0.0077821011673151,-0.01953125,"4359,5291","4366,5291"
-0.015625,0.0078125,"4363,5420","4363,6371"
-0.0079051383399209,-0.015625,"4364,4408","4364,5657"
-0.01953125,-0.0311284046692607,"4370,4372","4372,5728"
0.143646408839779,0.0157480314960629,"4374,5710","4724,5710"
0.2421875,-0.1725490196078431,"4382,5645","5645,5646"
0.0078125,-0.0625,"4383,5807","5807,6155"
-0.0056497175141242,0.0112994350282485,"4390,4394","4390,5729"
-0.0462962962962962,0.0555555555555555,"4393,5706","4393,5730"
0.01171875,-0.00390625,"4391,4397","4391,4719"
0.0038910505836575,0.0116279069767441,"4398,4399","4399,5802"
0.0039215686274509,-0.0117647058823529,"4385,4403","4385,5650"
-0.00390625,0.00390625,"4369,4410","4371,4410"
0.0196466646360036,-0.28,"4415,4457","4415,4766"
-0.0169491525423728,-0.0097087378640776,"4418,4452","4418,4425"
-0.0082304526748971,-0.0039370078740157,"4428,4453","4428,4433"
-0.0806451612903225,-0.3584905660377358,"2042,4436","4436,5363"
0.0588235294117647,-0.0059880239520958,"4440,4767","4761,4767"
0.0154440154440154,-0.0071942446043165,"4442,5184","5177,5184"
-0.3014705882352941,0.0735294117647058,"3908,4446","4446,4447"
-0.0041480421956016,0.12531328320802,"4455,4456","4456,4752"
-0.0078740157480314,0.0866141732283464,"4461,4746","4461,4750"
0.1215686274509803,0.0238095238095238,"4474,4527","4527,4636"
0.0083333333333333,-0.0319148936170212,"4479,5618","4480,5618"
0.0298507462686567,-0.0079051383399209,"4481,4661","4659,4661"
0.0156862745098039,0.2745098039215686,"4487,5023","5022,5023"
0.0157480314960629,-0.0852713178294573,"4489,5025","5025,5032"
0.0075187969924812,-0.0044843049327354,"4495,5039","4510,5039"
0.0390625,0.0078431372549019,"4498,5086","5086,5089"
-0.0288461538461538,-0.0350877192982456,"4501,4503","4501,4502"
0.0193107546048722,-1.0,"4506,5068","5065,5068"
0.2,-0.1219512195121951,"4508,5075","5075,5556"
0.0235294117647058,-0.0933852140077821,"4509,5072","5072,5551"
-0.0047619047619047,0.0436664784490871,"4532,4648","4532,6008"
0.1875,-0.1197183098591549,"4541,4638","4552,4638"
0.0149253731343283,0.0378151260504201,"4548,4660","4660,5490"
0.1428571428571428,0.02,"4560,5632","5631,5632"
-0.0207468879668049,0.0165975103734439,"4562,4563","4562,4597"
-0.0549019607843137,-0.01171875,"4564,4565","4564,4622"
0.0116279069767441,-0.0389105058365758,"4569,4602","4602,4720"
0.0227272727272727,-0.0392156862745098,"4571,4572","4572,4728"
-0.0039215686274509,-0.0274509803921568,"4574,4817","4574,4590"
-0.0461538461538461,0.0307692307692307,"4575,4576","4575,5876"
-0.0039215686274509,-0.0039370078740157,"4580,4582","4580,6153"
0.1167315175097276,0.0118110236220472,"4584,5736","5736,6446"
0.0078125,-0.0274509803921568,"4587,4616","4613,4616"
-0.0271317829457364,0.0116279069767441,"4588,4592","4588,4594"
0.0290697674418604,0.0049019607843137,"4591,5878","4823,5878"
0.0079051383399209,0.0039682539682539,"4593,5780","5754,5780"
0.0116731517509727,-0.0234375,"4598,5753","5743,5753"
0.0894941634241245,-0.0389105058365758,"4599,4601","4601,6154"
-0.01171875,-0.0194552529182879,"4603,4614","4603,6150"
-0.003875968992248,0.0232558139534883,"4604,4739","4604,5847"
0.0078431372549019,-0.0039370078740157,"4606,4737","4727,4737"
0.0117647058823529,0.0117647058823529,"4607,4611","4611,5817"
-0.01171875,-0.0078431372549019,"4609,4740","4609,4624"
0.0078431372549019,0.0039525691699604,"4610,4741","4741,5752"
0.0039215686274509,-0.0196078431372549,"4617,5771","5771,6160"
0.02734375,-0.0078125,"4618,5815","5815,5822"
-0.01171875,0.00390625,"3552,4619","4619,5803"
-0.0234375,-0.0084745762711864,"4629,4732","4629,5640"
0.0079051383399209,-0.0194552529182879,"4630,4722","4722,5827"
0.0077519379844961,0.0382978723404255,"4642,4656","4656,5489"
-0.01953125,0.00390625,"4538,4643","4643,4663"
0.03125,0.0156862745098039,"4647,4649","4649,5485"
0.0039061321750671,0.003875968992248,"4653,5579","4653,5581"
0.0078125,-0.0197465551181102,"4654,5486","5486,5587"
0.0077821011673151,-0.0039678863671452,"4662,5059","5059,5493"
-0.1344086021505376,-0.003875968992248,"4677,4695","4677,4714"
0.0274509803921568,0.0118577075098814,"4682,5935","5360,5935"
0.0010428168322905,0.0101010101010101,"4690,4691","4691,5211"
0.0303030303030303,-0.0042553191489361,"4701,5694","5189,5694"
0.0194552529182879,0.0251256281407035,"4705,5689","5103,5689"
-0.26953125,-0.1007751937984496,"4710,6396","4710,6552"
-0.3487897346165062,-0.05859375,"4713,6404","6390,6404"
0.0038910505836575,0.0197628458498023,"4721,5776","5751,5776"
0.0221536497127048,0.0324324324324324,"4733,5642","5641,5642"
-0.0123456790123456,-0.0041152263374485,"4748,5149","4748,5165"
0.375,-0.0595238095238095,"4760,5181","4764,5181"
0.6666666666666666,-0.0300751879699248,"368,4768","368,6307"
1.0,-0.01171875,"4770,6320","6320,6353"
-0.0038910505836575,0.0311284046692607,"4773,5790","4773,5792"
0.0232558139534883,-0.0116731517509727,"4775,5831","5831,6350"
-0.0039215686274509,-0.0116279069767441,"4777,5794","4777,6344"
-0.00390625,-0.0081967213114754,"4778,5725","4778,4793"
0.0265389876880984,0.0235294117647058,"4782,4784","4784,5872"
0.0038910505836575,-0.0116731517509727,"4786,5839","4789,5839"
-0.0038610038610038,-0.01953125,"4787,5832","4787,6351"
-0.0745098039215686,-0.0625,"4788,5795","4788,6543"
0.0745098039215686,-0.0078125,"4794,6348","4803,6348"
0.08203125,-0.1294117647058823,"3466,4799","3466,6540"
0.0234375,-0.0128755364806866,"4812,4813","4813,6444"
0.0392156862745098,0.015625,"4822,6203","6182,6203"
0.1007194244604316,-0.00390625,"4827,6179","6179,6256"
-0.1417322834645669,-0.0314960629921259,"4293,4829","4829,6464"
0.0118110236220472,0.0235294117647058,"4830,4880","4870,4880"
-0.3023255813953488,-0.0193798449612403,"4834,4837","4834,6465"
-0.1286307053941908,-0.0431372549019607,"4841,4881","4841,6476"
0.0038910505836575,0.0196850393700787,"4853,5287","4858,5287"
0.0739299610894941,-0.0354330708661417,"4859,4869","4859,4866"
0.0507964494163424,-0.02734375,"4861,4876","4861,6503"
-0.0748031496062992,-0.00390625,"4862,4878","4862,4867"
0.0157480314960629,-0.0930232558139534,"4868,6492","6492,6500"
0.0164609053497942,0.0039215686274509,"4872,5219","5219,5283"
0.00390625,-0.0077821011673151,"4882,4897","4896,4897"
0.003875968992248,0.0078125,"4888,4898","4898,6293"
0.0232558139534883,-0.015414085181527,"4889,4894","4894,6196"
-0.019607247081712,-0.2976190476190476,"4901,6592","4901,6115"
0.0080645161290322,-0.0598290598290598,"4904,5237","5237,6481"
-0.0235294117647058,-0.015625,"4908,6471","4908,6486"
0.0038910505836575,0.0348837209302325,"4944,5247","5030,5247"
-0.1215686274509803,0.1568627450980392,"4958,4959","4959,4961"
0.0509803921568627,0.0629921259842519,"4962,4963","4963,5903"
0.0708661417322834,0.0549019607843137,"4968,4978","4978,6173"
-0.0209790209790209,0.1678321678321678,"4988,4994","4988,6299"
0.0615384615384615,0.123076923076923,"4999,5000","4998,5000"
-0.0474308300395256,0.0355731225296442,"5003,5031","5003,5034"
-0.0039370078740157,0.0314960629921259,"4218,5004","5004,5010"
-0.1953125,-0.2529182879377432,"5008,5012","5012,5270"
-0.07421875,0.03515625,"5006,5017","5017,5046"
-0.0431372549019607,-0.046875,"5009,5018","5018,6108"
0.0859375,0.0739299610894941,"5024,5029","4941,5029"
-0.0115370639534883,0.0736434108527131,"5040,5087","5040,5233"
-0.015625,0.06640625,"5041,5255","5041,5256"
0.3151750972762646,0.1294117647058823,"5043,5085","5085,5264"
-0.0433070866141732,-0.00390625,"5048,5495","5048,5056"
-0.0859375,0.05859375,"5050,5492","5050,5592"
0.0274725274725274,-0.0087719298245614,"5057,5500","5498,5500"
-0.0055555555555555,0.2222222222222222,"5067,5074","5067,5081"
0.0431372549019607,-0.015625,"5073,5084","5084,5559"
0.00390625,0.05859375,"5076,5263","5263,5268"
-0.0787401574803149,0.0039370078740157,"5104,5112","5104,5114"
0.1096774193548387,-0.0080321285140562,"5108,5109","5109,5110"
0.0566714490674318,0.0082888719512195,"5120,5133","5123,5133"
0.2566371681415929,0.0583657587548638,"5122,5135","5128,5135"
-0.0931372549019607,0.0222222222222222,"5124,5127","5124,5462"
0.0697674418604651,0.0007324330510414,"5126,5144","5139,5144"
0.1428571428571428,0.2063492063492063,"5145,5154","5152,5154"
-0.1639344262295081,-0.0769230769230769,"5157,5701","5157,5456"
-0.0787401574803149,0.0511811023622047,"5158,5459","5158,5461"
-0.1418918918918918,-0.0115606936416184,"4462,5162","5162,5175"
-0.1672550750220653,0.0653988868274582,"5169,5457","5169,5458"
-0.005,0.005,"3724,5201","5201,5434"
0.003875968992248,-0.0263157894736842,"4683,5204","4683,5207"
0.1666666666666666,-0.0583946078431372,"5222,5225","5225,5226"
-0.0118577075098814,-0.018018018018018,"5227,5228","5227,5244"
-0.29296875,0.01171875,"5238,5242","5242,5243"
0.0234375,-0.0708661417322834,"5254,5930","5930,6107"
0.0384615384615384,0.0604095246919299,"5276,5281","5280,5281"
-0.0038910505836575,0.0233463035019455,"5246,5282","5274,5282"
0.0078125,0.0039215686274509,"5293,5295","5295,5653"
0.0138888888888888,-0.003875968992248,"5294,5416","5416,5421"
-0.0433070866141732,0.0314960629921259,"4345,5299","5299,5475"
-0.0588235294117647,0.0588235294117647,"3994,5304","5304,5482"
0.026595744680851,-0.0038910505836575,"5312,5313","5313,5483"
-0.01171875,0.00390625,"5322,5379","5322,5401"
0.01953125,0.06640625,"5327,5991","5327,6053"
0.00390625,0.0583657587548638,"5333,5602","5571,5602"
0.0555555555555555,-0.0038910505836575,"5340,5344","5344,6011"
-0.0679811017786561,-0.0077191350848639,"5345,6054","6054,6055"
0.0039215686274509,0.1511627906976744,"5378,5387","5387,5604"
0.00390625,-0.0039525691699604,"5380,5514","5383,5514"
-0.0039215686274509,0.0509803921568627,"5384,5889","5384,6065"
0.0117647058823529,0.0193459733201581,"5393,5595","5399,5595"
0.00390625,-0.046692607003891,"5395,5578","5578,6064"
0.1383116883116883,0.009090909090909,"5407,5425","5409,5425"
0.003875968992248,0.1058823529411764,"5413,5444","5444,5448"
-0.0155642023346303,-0.0155642023346303,"5319,5415","5415,5651"
-0.0078125,-0.01171875,"4335,5432","5432,5663"
-0.0039525691699604,0.0079051383399209,"5436,5468","5436,5480"
-0.0039370078740157,0.0078740157480314,"5439,5465","5439,5477"
-0.0310077519379844,-0.003875968992248,"5441,5682","5441,6367"
-0.1284896206156048,0.0909090909090909,"5445,5675","5445,5676"
0.1098901098901098,-0.0194552529182879,"5447,5668","5664,5668"
-0.0078431372549019,-0.0354330708661417,"4340,5449","5449,5677"
0.0155038759689922,0.0078125,"5451,5683","5116,5683"
-0.0078431372549019,0.0078431372549019,"4336,5484","5467,5484"
-0.00390625,-0.02734375,"5494,5512","5494,5561"
-0.08,0.04,"5501,5580","5501,5887"
0.0195924038906901,0.0039370078740157,"5507,5509","5507,5516"
-0.0193942168307011,-0.0352941176470588,"5508,5897","5508,5510"
0.3151750972762646,0.0272373540856031,"5521,5999","5899,5999"
0.1698841698841698,-0.0117647058823529,"5523,5896","5896,5998"
-0.0703125,-0.2801556420233463,"5533,5534","5534,5536"
-0.0666666666666666,0.0431372549019607,"5560,5591","5560,5593"
-0.0236220472440944,-0.0233463035019455,"5568,5570","5568,6041"
0.0038910505836575,0.0078125,"5601,5606","5606,5924"
0.01171875,-0.0070921985815602,"5620,6186","6186,6302"
0.0902571145189593,0.0038910505836575,"5629,5635","5629,5637"
-0.0078431372549019,0.0039215686274509,"5659,5670","5670,5687"
-0.2124352331606217,0.005181347150259,"5696,5698","5696,6368"
-0.0143540669856459,0.0334928229665071,"5713,5797","5713,5799"
-0.0155786808300395,-0.0039215686274509,"5714,5783","5714,5866"
0.0078125,0.0078740157480314,"5715,6151","6151,6251"
0.0112359550561797,0.0778210116731517,"5731,5868","5806,5868"
0.01171875,0.0039215686274509,"5740,5757","5757,5764"
0.0234375,0.0196850393700787,"5741,5759","5759,6212"
-0.0117647058823529,0.0039215686274509,"5745,5748","5745,5855"
0.0348837209302325,0.0470588235294117,"5746,6241","5761,6241"
-0.0039370078740157,-0.0039370078740157,"5747,6242","5747,6250"
0.1111111111111111,-0.0348837209302325,"5758,6202","6202,6521"
-0.0714285714285714,0.0714285714285714,"5766,5767","5766,6234"
-0.0039835697124699,-0.0038910505836575,"5772,5823","5772,5781"
0.0039215686274509,0.0080571323933345,"5774,6243","6243,6244"
0.0078740157480314,0.0038910505836575,"5775,5816","5816,5846"
0.0352941176470588,-0.003875968992248,"5782,6162","5819,6162"
4.5599635202918376e-05,-0.00390625,"5784,5785","5784,5791"
-0.0116279069767441,-0.0077821011673151,"5798,5808","5798,5867"
-0.0314960629921259,-0.0039370078740157,"5804,5805","5805,6159"
-0.0116731517509727,-0.1589147286821705,"5818,5861","5818,6157"
0.0039370078740157,0.0039215686274509,"5824,6165","5848,6165"
0.0039370078740157,0.0039215686274509,"5826,5880","5880,6206"
0.0077821011673151,-0.0116279069767441,"5833,5838","5833,5856"
0.0116731517509727,-0.00390625,"5851,5859","5857,5859"
0.0078431372549019,-0.0039370078740157,"5858,6164","6164,6252"
0.5490196078431373,-0.26953125,"5905,6072","5967,6072"
-0.4396887159533074,-0.1953125,"5906,5926","5906,5927"
0.3849206349206349,-0.1085271317829457,"3955,5909","3955,6073"
0.1467181467181467,-0.328125,"5910,5913","5913,6067"
-0.078125,0.16015625,"5911,5914","5911,5919"
-0.0862745098039215,0.3058823529411765,"4952,5917","5917,5920"
-0.0155038759689922,0.0077519379844961,"5020,5929","5929,6085"
0.0154440154440154,-0.0039215686274509,"5940,6062","5946,6062"
-0.13671875,-0.55859375,"5947,5992","5947,5963"
0.4330708661417323,-0.1953125,"5945,5953","5945,6019"
0.4941176470588235,-0.0196078431372549,"5959,5994","5994,6010"
0.4588235294117647,-0.1007751937984496,"5968,6012","6012,6042"
-0.0078431372549019,0.2352941176470588,"3354,5970","5970,6009"
-0.3803921568627451,0.0784313725490196,"5351,6013","5993,6013"
0.0116731517509727,-0.2286821705426356,"5956,6017","5956,6018"
-0.1937984496124031,0.1705426356589147,"4674,6022","5941,6022"
0.078125,-0.4961240310077519,"3587,6024","3587,6027"
-0.09375,0.4609375,"6014,6037","6037,6038"
-0.0916666666666666,-0.0211640211640211,"6043,6324","6043,6551"
0.0078740157480314,-0.5625,"2869,6049","2869,6328"
0.0590551181102362,-0.0116731517509727,"6074,6131","6131,6419"
0.1556420233463035,0.3151750972762646,"6075,6420","6412,6420"
-0.3604651162790697,-0.2952755905511811,"6090,6103","6090,6373"
-0.1171875,-0.0546875,"6116,6536","6116,6135"
0.1098039215686274,0.0348837209302325,"6121,6478","6477,6478"
-0.2890625,0.0390625,"6124,6577","6124,6603"
-0.4108527131782946,0.3372093023255814,"6130,6425","6130,6430"
-0.12109375,0.18359375,"6136,6139","6136,6423"
-0.2684824902723735,0.1167315175097276,"6147,6148","6147,6600"
0.01171875,-0.00390625,"6166,6237","6172,6237"
0.00390625,-0.0039525691699604,"6168,6245","6245,6246"
0.00390625,-0.0078431372549019,"6174,6272","6190,6272"
-0.01171875,-0.0428015564202334,"6183,6273","6183,6195"
0.0249597423510467,-0.0116731517509727,"6185,6278","6185,6289"
0.0826771653543307,-0.0354330708661417,"6189,6198","6198,6439"
-0.0778934041501976,-0.0039215686274509,"6192,6193","6193,6456"
-0.02734375,0.0703125,"6194,6214","6194,6450"
0.1116315986055776,-0.0193050193050193,"6199,6271","6199,6201"
0.0038910505836575,0.0116731517509727,"6204,6224","6224,6451"
0.0077821011673151,0.003875968992248,"6205,6213","6213,6215"
-0.0777599755855649,-0.00390625,"6207,6443","6207,6218"
-0.0078431372549019,-0.0038910505836575,"6208,6216","6208,6453"
-0.0625,0.04296875,"6220,6447","6220,6454"
-0.0354330708661417,0.0748031496062992,"6260,6263","6260,6269"
-0.0116279069767441,-0.0079051383399209,"5001,6266","6266,6286"
-0.0039215686274509,0.0705882352941176,"4160,6280","6280,6300"
0.01953125,-0.0433070866141732,"6045,6310","6045,6526"
-0.0352941176470588,-0.0505836575875486,"6311,6326","6311,6609"
0.021505376344086,-0.0952380952380952,"6314,6357","6321,6357"
-0.0483892860374626,-0.05859375,"6316,6317","6316,6489"
-0.0038910505836575,0.0038910505836575,"4842,6333","6333,6484"
0.0046296296296296,-0.0232558139534883,"6330,6337","6330,6488"
-0.0197628458498023,0.0790513833992094,"6223,6338","6338,6340"
-0.1647058823529411,-0.0077821011673151,"4835,6339","6339,6483"
-0.0156862745098039,0.0078431372549019,"6329,6346","6346,6595"
-0.00390625,0.00390625,"6359,6360","6359,6362"
-0.4627450980392157,-0.23046875,"2510,6375","6375,6557"
-0.21875,-0.1011673151750972,"6381,6382","6381,6418"
0.0271317829457364,-0.0256410256410256,"2863,6391","2863,6570"
-0.0155038759689922,0.0620155038759689,"4709,6394","4711,6394"
-0.5859375,0.05078125,"6395,6398","6398,6528"
-0.2862745098039215,0.0078431372549019,"4708,6402","6397,6402"
0.0079051383399209,0.1225296442687747,"6411,6572","6572,6573"
0.2094861660079051,0.0038910505836575,"6429,6613","6145,6613"
-0.15625,0.0625,"6434,6544","6434,6590"
-0.0234375,0.00390625,"6274,6435","6435,6436"
-0.0056818181818181,-0.08203125,"6479,6480","6479,6507"
0.0313725490196078,-0.0039215686274509,"6469,6487","6469,6548"
-0.2549019607843137,-0.0662990196078431,"6495,6496","6495,6606"
-0.0390625,-0.0039215686274509,"6510,6512","6510,6511"
-0.515625,-0.5843137254901961,"6553,6554","6553,6559"
0.0155642023346303,-0.00390625,"6561,6598","6598,6602"
-0.140625,0.3046875,"6529,6562","6555,6562"
0.5538461538461539,0.0390625,"6579,6599","6538,6599"
