{
    "KS_statistic": 0.03809100146973523,
    "p_value": 0.5841757401726345
}