{
    "observed_skl": 0.09309419616410708,
    "p_value": 0.5144855144855145,
    "optimal_k": 24,
    "k_candidates": [
        8,
        9,
        10,
        11,
        12,
        13,
        14,
        15,
        16,
        17,
        18,
        19,
        20,
        21,
        23,
        24
    ],
    "#class1": 246,
    "#class2": 332
}