{
    "KS_statistic": 0.0785700351150995,
    "p_value": 0.5319371923675699
}