{
    "KS_statistic": 0.06151557656055963,
    "p_value": 0.09292546168977556
}