{
    "KS_statistic": 0.05498030036361687,
    "p_value": 0.17139627229967197
}