{
    "KS_statistic": 0.04583826429980276,
    "p_value": 0.7775663772760215
}