{
    "KS_statistic": 0.11232207508803253,
    "p_value": 0.013347028331194813
}