{
    "color": 1,
    "n_samples": 900,
    "observed_kl": 0.20373302489415057,
    "p_value": 0.5964035964035964,
    "optimal_k_marginal": 8,
    "optimal_k_joint": 8,
    "k_candidates_marginal": [
        8,
        10,
        11,
        13,
        16,
        19,
        23,
        27,
        32,
        38,
        45,
        53,
        63,
        75,
        89,
        106,
        126,
        150,
        178,
        212
    ],
    "k_candidates_joint": [
        8,
        9,
        10,
        11,
        12,
        13,
        14,
        15,
        16,
        17,
        18,
        20,
        21,
        23,
        24,
        26,
        28,
        30
    ]
}