{
    "KS_statistic": 0.04201522837425586,
    "p_value": 0.4597766424327988
}