{
    "KS_statistic": 0.037637433327663734,
    "p_value": 0.5993500315159024
}