{
    "observed_skl": 0.42217435539175124,
    "p_value": 0.06793206793206794,
    "optimal_k": 8,
    "k_candidates": [
        8,
        9,
        10,
        11,
        12,
        13,
        14,
        15,
        16
    ],
    "#class1": 126,
    "#class2": 159
}