{
    "KS_statistic": 0.08657047561890033,
    "p_value": 0.004419340997056054
}