{
    "KS_statistic": 0.042129502427025685,
    "p_value": 0.45496593333233715
}