{
    "KS_statistic": 0.031715976331360946,
    "p_value": 0.9838733022239894
}