{
    "KS_statistic": 0.06875,
    "p_value": 0.7072807756036227
}