{
    "KS_statistic": 0.036868806040585185,
    "p_value": 0.9359104350266599
}