{
    "observed_skl": 0.2707189102907574,
    "p_value": 0.7642357642357642,
    "optimal_k": 8,
    "k_candidates": [
        8,
        9,
        10,
        11,
        12,
        13,
        14,
        15,
        16
    ],
    "#class1": 126,
    "#class2": 159
}