{
    "KS_statistic": 0.03004735205600661,
    "p_value": 0.8460451202352648
}