{
    "KS_statistic": 0.04670683926003075,
    "p_value": 0.7665036614063265
}