{
    "KS_statistic": 0.053817636264444774,
    "p_value": 0.6010272014889627
}