{
    "KS_statistic": 0.10763742195934844,
    "p_value": 0.017459955530459353
}