{
    "KS_statistic": 0.08305025304809602,
    "p_value": 0.007176477898517097
}