{
    "KS_statistic": 0.07163461538461538,
    "p_value": 0.6590023141756752
}