{
    "KS_statistic": 0.10485207100591716,
    "p_value": 0.023497217351758467
}