{
    "KS_statistic": 0.054275111483497215,
    "p_value": 0.1778829020931438
}