{
    "KS_statistic": 0.204512920164228,
    "p_value": 7.158535275792151e-15
}