{
    "KS_statistic": 0.21455696202531646,
    "p_value": 2.0410316464231508e-08
}