{
    "KS_statistic": 0.07335615719301519,
    "p_value": 0.024288494928856954
}