{
    "KS_statistic": 0.20052752768606621,
    "p_value": 2.5961852969262746e-14
}