{
    "KS_statistic": 0.10358974358974359,
    "p_value": 0.026112171444559976
}