{
    "KS_statistic": 0.13744765481925603,
    "p_value": 4.0262947689978865e-07
}