{
    "KS_statistic": 0.08544378698224853,
    "p_value": 0.10337916817707046
}