{
    "KS_statistic": 0.2226630963972736,
    "p_value": 4.927153234909737e-09
}