{
    "KS_statistic": 0.12178201075482042,
    "p_value": 1.1032783069400688e-05
}