{
    "KS_statistic": 0.1240733515411627,
    "p_value": 0.08194017106916827
}