{
    "observed_skl": 0.5788211533627773,
    "p_value": 0.000999000999000999,
    "optimal_k": 8,
    "k_candidates": [
        8,
        9,
        10,
        11,
        12,
        13,
        14,
        15,
        16
    ],
    "#class1": 126,
    "#class2": 159
}