{
    "KS_statistic": 0.034383954154727794,
    "p_value": 0.7092576608491683
}