{
    "KS_statistic": 0.10961538461538461,
    "p_value": 0.17031990134103636
}