{
    "KS_statistic": 0.101301775147929,
    "p_value": 0.031513159304127854
}