{
    "KS_statistic": 0.23747883188557645,
    "p_value": 6.113494043349385e-20
}