{
    "KS_statistic": 0.04601099902744523,
    "p_value": 0.3464203663101921
}