{
    "KS_statistic": 0.11534603226446127,
    "p_value": 3.826627083848816e-05
}