{
    "KS_statistic": 0.23441021673712553,
    "p_value": 1.95342906295639e-19
}