{
    "observed_skl": 0.3251502918704485,
    "p_value": 0.35064935064935066,
    "optimal_k": 8,
    "k_candidates": [
        8,
        9,
        10,
        11,
        12,
        13,
        14,
        15,
        16
    ],
    "#class1": 126,
    "#class2": 159
}