{
    "observed_skl": 0.18095674174062987,
    "p_value": 0.2137862137862138,
    "optimal_k": 16,
    "k_candidates": [
        8,
        9,
        10,
        11,
        12,
        13,
        14,
        15,
        16
    ],
    "#class1": 126,
    "#class2": 159
}