{
    "KS_statistic": 0.06923039406944986,
    "p_value": 0.6879810452802662
}