{
    "KS_statistic": 0.07384615384615385,
    "p_value": 0.2168613845397921
}