{
    "KS_statistic": 0.07008505678718445,
    "p_value": 0.2781451120710049
}