{
    "KS_statistic": 0.06941551356444974,
    "p_value": 0.2884496933556721
}