{
    "KS_statistic": 0.054516765285996055,
    "p_value": 0.5745973622772801
}