{
    "observed_skl": 0.29202023936403737,
    "p_value": 0.6213786213786214,
    "optimal_k": 8,
    "k_candidates": [
        8,
        9,
        10,
        11,
        12,
        13,
        14,
        15,
        16
    ],
    "#class1": 126,
    "#class2": 159
}