{
    "KS_statistic": 0.07322961373390557,
    "p_value": 0.6206002464074405
}