{
    "KS_statistic": 0.12520710059171597,
    "p_value": 0.003593248743686103
}