{
    "KS_statistic": 0.03844034866718484,
    "p_value": 0.5805250879962512
}