{
    "KS_statistic": 0.034978394427519335,
    "p_value": 0.6966021986479962
}