{
    "KS_statistic": 0.1855012122172001,
    "p_value": 2.6582210163618277e-12
}