{
    "KS_statistic": 0.08147869891165108,
    "p_value": 0.008851418295584397
}