{
    "KS_statistic": 0.2043926121757776,
    "p_value": 7.43706440101181e-15
}