{
    "KS_statistic": 0.211891302493878,
    "p_value": 6.144922115415677e-16
}