{
    "KS_statistic": 0.07115384615384615,
    "p_value": 0.6670802502145257
}