{
    "KS_statistic": 0.03520323532652557,
    "p_value": 0.689109319114991
}