{
    "KS_statistic": 0.04056158565361019,
    "p_value": 0.8789073691528607
}