{
    "KS_statistic": 0.15336538461538463,
    "p_value": 0.016736103305120018
}