{
    "KS_statistic": 0.15865384615384615,
    "p_value": 0.011997805381149298
}