{
    "observed_skl": 0.3398161831182172,
    "p_value": 0.35264735264735264,
    "optimal_k": 8,
    "k_candidates": [
        8,
        9,
        10,
        11,
        12,
        13,
        14,
        15,
        16,
        17,
        18,
        19,
        20,
        21,
        23,
        24
    ],
    "#class1": 253,
    "#class2": 331
}