{
    "KS_statistic": 0.0714792899408284,
    "p_value": 0.24885600285559784
}