{
    "KS_statistic": 0.04240995112187835,
    "p_value": 0.44790557519452645
}