{
    "KS_statistic": 0.06495023411901257,
    "p_value": 0.06322973708343632
}