{
    "KS_statistic": 0.11819931465051871,
    "p_value": 0.006629798562125499
}