{
    "KS_statistic": 0.0640750353940538,
    "p_value": 0.3635301096846732
}