{
    "KS_statistic": 0.22407497565725415,
    "p_value": 3.821538379197795e-09
}