{
    "KS_statistic": 0.037800849457291175,
    "p_value": 0.9233000467132166
}