{
    "KS_statistic": 0.06611239179974497,
    "p_value": 0.05586232399021894
}