{
    "KS_statistic": 0.07280556866446437,
    "p_value": 0.22450569548961247
}