{
    "KS_statistic": 0.03775093584440414,
    "p_value": 0.6034410006548608
}