{
    "KS_statistic": 0.18245239458583595,
    "p_value": 6.497646524340231e-12
}