{
    "KS_statistic": 0.24943653220599163,
    "p_value": 5.6779946853423e-22
}