{
    "observed_skl": 0.5037671609681912,
    "p_value": 0.016983016983016984,
    "optimal_k": 8,
    "k_candidates": [
        8,
        9,
        10,
        11,
        12,
        13,
        14,
        15,
        16
    ],
    "#class1": 126,
    "#class2": 159
}