{
    "KS_statistic": 0.14621180115476692,
    "p_value": 0.0003272731501047669
}