{
    "KS_statistic": 0.22395326192794549,
    "p_value": 3.906697753880935e-09
}