{
    "KS_statistic": 0.27517039922103215,
    "p_value": 1.3085040835983232e-13
}