{
    "KS_statistic": 0.0656944986344128,
    "p_value": 0.7468356204069495
}