{
    "KS_statistic": 0.21414821944177093,
    "p_value": 2.8412522697149107e-16
}