{
    "observed_skl": 0.2884721152445404,
    "p_value": 0.6123876123876124,
    "optimal_k": 8,
    "k_candidates": [
        8,
        9,
        10,
        11,
        12,
        13,
        14,
        15,
        16
    ],
    "#class1": 126,
    "#class2": 159
}