{
    "KS_statistic": 0.13007802010591482,
    "p_value": 2.0892029951361786e-06
}