{
    "KS_statistic": 0.1687475614514241,
    "p_value": 0.005646232856616984
}