{
    "KS_statistic": 0.049999192946055045,
    "p_value": 0.255366268257999
}