{
    "KS_statistic": 0.25669425511197663,
    "p_value": 6.93201910597475e-12
}