{
    "KS_statistic": 0.050011798017932985,
    "p_value": 0.6735682908703851
}