{
    "KS_statistic": 0.09980988593155894,
    "p_value": 0.03376082612642909
}