{
    "KS_statistic": 0.10576923076923077,
    "p_value": 0.20125116231293533
}