{
    "KS_statistic": 0.024896290274067655,
    "p_value": 0.9590166651439501
}