{
    "KS_statistic": 0.08798076923076924,
    "p_value": 0.4010813897510034
}