{
    "KS_statistic": 0.20749756572541384,
    "p_value": 6.73361323375116e-08
}