{
    "observed_skl": 0.2670015272073856,
    "p_value": 0.7472527472527473,
    "optimal_k": 8,
    "k_candidates": [
        8,
        9,
        10,
        11,
        12,
        13,
        14,
        15,
        16
    ],
    "#class1": 126,
    "#class2": 159
}