flow1,flow2,edge1,edge2
0.0407351888332025,0.00531088412848,"1,24","24,1319"
-0.3817329498869334,-0.1126760563380281,"2,1853","2,3757"
-0.1840554116617797,-0.0015872046944723,"3,17","17,343"
0.7872033833704393,0.0177627405371114,"4,138","138,874"
0.0401689849290418,-0.4060402684563758,"5,20","5,33979"
-0.0955382945850101,0.0021766849989052,"6,8","8,236"
0.1849203079341259,0.0032467532467532,"9,108960","18358,108960"
-0.0709227640749501,-0.2192150615170402,"10,8357","10,27262"
-0.0305561426858151,0.0005090612909794,"11,23103","11,9727"
-0.2441957585958455,-0.0893838334414163,"12,3450","12,52792"
0.1006234215898831,-0.0094948608673853,"13,1740","74,1740"
0.3049283997467752,0.0037019898195279,"15,455","455,141392"
0.2152029902380029,0.0238911624820263,"16,4419","16,85"
0.1487884077459393,0.003603874164727,"18,58055","18,22023"
-0.3357430985353104,0.0019573434125269,"19,270","270,123090"
-0.1378338457503468,0.0050665660540074,"21,19695","21,520"
0.1590795727662232,0.0025092978446923,"22,526","526,5394"
-0.0119250210382262,0.0019464526892825,"23,299","299,15104"
-0.3034909185929314,-0.0102884771896434,"25,1184","1184,2100"
0.0534704058294111,0.058628566309849,"26,94","94,223"
-0.091718002650925,-0.0173210161662817,"28,35","28,109028"
-0.2978937269961655,0.0015689464814922,"29,108961","29,32072"
0.2539058660429703,-0.0296926962121884,"31,325","325,4350"
0.0535073083018871,-0.1506276150627615,"32,1236","32,32021"
-0.2017421255320227,0.0033342471054257,"33,647","33,551"
0.3585212472374141,-0.0262738853503184,"34,108964","34,4159"
-0.205575568245902,0.001357312521208,"36,2650","36,6844"
-0.0928938039097784,0.0099516434228046,"14,27","27,4912"
-0.1454835758365152,-0.1265822784810126,"40,63","63,12292"
0.0440130138018492,0.0512820512820512,"41,800","41,16533"
-0.5523007682160317,0.0098859315589353,"44,13725","44,2099"
-0.0401341578137529,0.0261339364241738,"46,61","61,30444"
-0.492527544452929,-0.0062771607918879,"48,99700","48,4843"
0.4052520309498514,-0.004963203833647,"49,108965","49,4301"
-0.3482298833242229,0.0478158205430932,"7,4252","4252,12058"
0.0523687233061384,-0.0079602309129915,"50,56","50,543"
0.2835238835238834,0.0066822066822066,"51,95756","51,34154"
0.2201821338341791,0.0277969443075406,"52,108966","52,1415"
-0.2154364318597776,0.0444674250258531,"53,91897","53,109396"
-0.4192948019585008,0.0024366471734892,"54,72953","72953,105794"
0.3128849470312885,0.0106357263717669,"55,285","285,112492"
0.1523948712116648,0.0094546022816065,"58,91","91,2484"
-0.4096762458649148,0.0034813925570228,"59,4404","59,2049"
0.3648862582083489,-0.0248925705807992,"60,108967","60,33978"
0.1593135324814613,-0.1573033707865168,"62,10043","62,26327"
-0.0308918032966711,-0.0286069651741293,"64,2713","64,1769"
0.3718013054707156,-0.0784313725490196,"65,153","65,11755"
-0.0677309682187731,0.0155210643015521,"66,121","121,12247"
-0.2114357784191918,0.0025967281225655,"67,77409","67,55489"
-0.5588749126484975,0.0022711390635918,"68,41083","41083,84076"
-0.0482053286043978,0.0158566721581548,"69,16422","69,123"
-0.1035258669224513,-0.1918522918522918,"39,42","39,7755"
0.3032787165549305,0.0121951219512195,"79,108968","759,108968"
-0.215588078216792,-0.1126126126126126,"80,1808","80,36974"
-0.1188774071019601,0.0009711309261057,"81,108969","81,21008"
-0.5308705179831277,0.0128771862387084,"83,58844","1696,58844"
0.0630610322320167,0.0016284233900814,"84,44718","44718,51629"
-0.1068468442197777,0.0015334287466775,"75,249","75,8493"
-0.1181393134198258,0.0026958865988346,"86,108970","86,35309"
-0.0250279722949894,-0.0103497114833092,"57,87","57,643"
0.4340996551281301,-0.1120479749395203,"88,84266","17126,84266"
0.0489878500144674,0.0692746536267318,"30,110","30,111728"
0.1210077700713939,-0.0631258766056628,"92,3697","92,2489"
-0.04590541090993,0.0021964612568639,"93,490","490,136022"
0.2416130712304542,-0.066574918286599,"95,33231","95,1482"
-0.0178644732882493,0.0099866844207723,"96,381","104,381"
0.1009547873723627,0.1128813999184369,"97,3464","97,2966"
-0.2802630197047049,-0.0617824694081193,"78,99","78,1678"
-0.0681760767967664,-0.0068616829180209,"100,95064","100,825"
0.1431024909814523,-0.013767209011264,"73,101","101,5715"
-0.3516478223394007,-0.0253261703760552,"106,49955","106,6440"
0.7252032520325203,0.0166163141993957,"108,108972","108,2695"
-0.0584556189360261,-0.1404800016536634,"109,21988","109,37531"
-0.0015295461498064,-0.0555958232708005,"114,1581","1581,109274"
0.247451785680993,0.0024290268711097,"115,37554","115,140121"
0.2643044296125487,0.0050656466453013,"116,133","116,21400"
0.1133395501616999,-0.2154471544715447,"117,1803","1803,19620"
-0.0312544220799638,-0.0272108843537414,"118,9764","118,5758"
0.1159122791741645,0.0013198757763975,"119,1037","119,62689"
-0.2418358281881579,0.0274468085106383,"120,815","120,1522"
0.0399929393899722,-0.0060694947086221,"98,1489","98,1160"
-0.0007690438623679,-0.0263643334474331,"122,5380","122,23267"
0.3691099476439791,0.0219240837696335,"124,1300","510,1300"
-0.0687256641406934,0.0237865249939628,"125,2945","125,104461"
0.1302052973320075,0.0051932182679089,"126,728","126,105842"
0.4215390327014616,0.0167345092718227,"130,25003","25003,29467"
0.1989798618490123,0.1931494412509805,"105,131","131,180"
-0.0252951379224729,-0.0426335893539245,"132,12285","132,7096"
-0.3560617258216317,-0.0379746835443038,"139,39000","139,21708"
0.1449168004170268,0.0063377093707559,"140,60639","140,53203"
0.0529963973968766,0.0030356691120667,"141,1634","141,11363"
-0.0058408665777884,-0.0255813953488372,"107,934","107,1947"
-0.0618257000416396,0.1147410358565737,"144,2263","2263,28417"
0.1001607319485657,0.0014836795252225,"146,108974","108548,108974"
-0.7831270059605685,0.0430994956441999,"147,108975","147,13086"
-0.1709878125453402,0.0031556802244039,"148,69811","62075,69811"
-0.2404664414966885,0.0391908975979772,"150,42363","150,98548"
-0.1087909183839416,0.0054945054945054,"151,617","151,3866"
-0.0163566936973625,0.005089740155371,"152,988","152,118414"
0.075344667564569,0.0033407572383073,"154,503","503,41295"
-0.0613737566074598,-0.03971119133574,"155,10767","10767,108973"
-0.1761969982308965,-0.3361313408872064,"156,48557","156,561"
-0.2505834924676426,0.0023339698705707,"157,1763","157,159021"
-0.3358024691358025,-0.149113643558088,"158,13005","13005,31686"
0.237885462555066,0.0128755364806866,"160,456","160,5208"
0.2957884504021257,0.003834682573498,"163,469","469,710"
0.2051907966661439,0.0064708810353409,"165,1755","165,68343"
-0.2285088060042329,0.0115722266560255,"166,570","166,24173"
0.0604020509553159,0.0106382978723404,"167,239","167,14550"
0.235992348549514,0.0606368133959152,"168,479","479,1088"
0.3788641550518501,0.0296150049358341,"169,17785","3544,17785"
-0.0595401957955569,0.0164083865086599,"170,69377","61743,69377"
-0.1734065085013176,-0.1178606491604415,"171,2702","2702,6899"
0.2716992228808489,0.0064386317907444,"172,688","688,121354"
-0.6682484900776532,-0.0849177246394675,"173,21111","173,5262"
0.0215174849511339,0.0051183621241202,"174,5437","5437,35158"
0.3004745083500822,0.0237812128418549,"176,17404","13961,17404"
-0.4611679711017459,-0.2038806943608268,"177,4588","177,49341"
-0.3024727992087042,-0.0739436619718309,"178,65215","178,24430"
0.0822857158247958,0.0085583373462955,"181,11364","1030,11364"
-0.0800302342299537,0.0075418078478522,"183,9803","9803,14684"
-0.11066875037254,0.016215253029223,"184,108979","184,40245"
0.1994988703552372,-0.0389161415258861,"187,33604","187,17945"
-0.185696358663592,-0.01696287379924,"188,326","326,108971"
0.0499515985188864,0.0066105769230769,"189,3639","3639,94290"
0.0035867144058464,0.0032593933906745,"190,477","477,109874"
0.0704178163617141,0.0549610894941634,"191,108980","369,108980"
-0.2378566200828712,-0.3242938570923205,"192,4248","512,4248"
0.5433746425166825,-0.1818181818181818,"193,24327","193,3921"
0.0241442888165073,0.0063035358983579,"194,233","194,17900"
-0.2369450797142934,-0.024390243902439,"196,8597","5647,8597"
-0.0607778680317427,0.0028893383415197,"197,28307","197,30799"
-0.5066903961505504,0.0244215938303341,"198,788","788,90656"
0.4073161945308662,-0.0029720626114523,"199,12282","2365,12282"
-0.0935237777035303,0.0063926940639269,"200,811","811,29374"
0.0291774332472006,-0.2369256948383437,"201,5670","5670,54297"
-0.4337511270135383,-0.0083144368858654,"203,9557","203,22115"
0.0384371500207836,0.0202265372168284,"204,401","204,43242"
-0.0656250646722925,-0.0215650030807147,"205,27157","205,275"
-0.5972282373321784,0.0203551320918146,"206,108983","206,19353"
-0.6887316826680141,0.0111167256189994,"38,208","38,16219"
0.1705843792117448,-0.2708333333333333,"112,1861","1861,75130"
0.090796070045049,-0.0080591000671591,"211,282","211,8860"
0.1024899109114444,0.1276595744680851,"212,17042","6936,17042"
-0.0769748347977253,-0.0286375892505433,"185,457","336,457"
-0.0619951659942927,0.0083202158758713,"213,525","525,29207"
-0.0586275930824949,0.0209257056342597,"216,2548","216,109175"
-0.2008937859182786,-0.0623229461756373,"219,108701","219,10376"
-0.1895889811175605,0.0037523452157598,"221,850","221,2337"
-0.4554283732223378,-0.1356859551493764,"222,18510","18510,31128"
0.2157868302096275,-0.0012167212000929,"224,23820","224,5557"
-0.3918391839183918,0.0045004500450045,"225,667","318,667"
-0.2148038245961094,0.0037916254533465,"226,876","876,48511"
0.355239647131539,0.0036523009495982,"227,95196","227,585"
-0.1317144098842595,-0.0801856118774524,"228,5547","228,5585"
0.105006818624586,-0.0518786019409201,"229,7009","7009,10356"
0.1599514159384983,0.0035939375900572,"136,230","230,724"
-0.1728588916277946,-0.0628756963611426,"162,81995","162,2631"
0.005436235048724,0.0019880715705765,"232,108984","232,31464"
0.2052064394655868,0.0159156676312525,"234,6661","6661,12901"
-0.1795665634674922,0.0644525752884886,"235,17072","235,20022"
-0.2226917693801074,0.0195042665583096,"237,41370","21876,41370"
-0.0357242565394011,0.0063593004769475,"240,929","449,929"
-0.096570954979707,0.0092961487383798,"243,8888","8888,52459"
0.7635636778983438,0.0038073481819912,"244,108985","244,12817"
0.2819735676175035,0.0456062291434927,"245,4513","245,22565"
0.1390043253328809,-0.2,"251,72061","251,60717"
0.508699588067238,-0.3809523809523809,"252,20891","20891,41599"
0.0989340450252797,-1.0,"254,108986","254,98735"
-0.0815426857055181,0.0043912780133252,"255,6335","255,44120"
-0.0351472691940493,-0.1285852214212152,"258,5623","5623,12476"
-0.1071959052877586,-0.0103833865814696,"259,873","873,4304"
-0.0004958061170648,-0.040673374613003,"260,4016","260,14061"
-0.1297532664574955,-0.2950819672131147,"264,1110","264,27478"
-0.6770472895040369,0.0063437139561707,"265,26499","26499,47141"
-0.4007352915888557,0.026567481402763,"266,20527","1613,20527"
-0.1906086722076569,-0.4366287970348884,"267,382","382,1890"
0.6454738116863458,-0.0206697961295596,"268,6598","1162,6598"
-0.112886172385325,0.0285908781484002,"269,59683","269,117205"
0.1262197196988638,0.0078247261345852,"271,108978","271,71146"
-0.1099565463820139,0.0014169658038919,"272,12882","272,92494"
0.2668352102964835,-0.0389457120377655,"273,7102","2780,7102"
-0.1870362740707568,0.069037037037037,"274,13266","3016,13266"
0.0876055155345383,-0.0604982206405693,"276,108988","30635,108988"
-0.1072782845534254,0.0131004366812227,"277,2306","2306,23390"
-0.4616085205397064,-0.017626321974148,"279,108989","20919,108989"
0.0097845938873138,0.0042429063908777,"281,108990","281,31859"
-0.3380408653846153,0.0225360576923076,"286,3225","3225,13273"
0.3116052715475271,0.0681399631675874,"287,1257","287,109201"
-0.2868515665125835,0.0038520801232665,"288,690","690,11783"
0.1702563786359568,0.0204248366013071,"289,2014","2014,13274"
0.4024633299742469,-0.0222531293463143,"290,2685","550,2685"
-0.6197183098591549,0.0140845070422535,"159,14442","14442,44363"
0.0776522951986018,-0.0234741784037558,"292,6481","292,4405"
-0.2213559919095902,0.0239620848826696,"293,2910","293,2041"
-0.0904453576975709,0.0155527532576712,"294,16184","294,95711"
0.5888051668460711,0.0890410958904109,"295,5353","5353,13319"
-0.0527083801112691,0.0291935483870967,"296,976","976,18187"
0.0733425714646627,0.0040525433202906,"129,399","399,5904"
-0.0096440721133729,-0.030965255696457,"217,769","217,36709"
0.1403447235115139,0.0154028436018957,"301,108992","301,13472"
-0.2111952011720237,0.0061932287365813,"257,304","257,11695"
-0.235161654751854,0.0219811590065658,"305,25029","12899,25029"
-0.0070926529530178,0.0129345189975747,"306,79204","69690,79204"
-0.0093151197236465,-0.4868357360833421,"307,16792","4286,16792"
0.3401778180764919,-0.1685651139068344,"312,423","423,109103"
-0.0891334442393475,-0.0397299976161499,"314,979","979,26093"
-0.1974702661884085,0.0024542193694544,"316,65888","316,80042"
-0.2276212951135552,0.0194331983805668,"317,29798","29798,57998"
-0.2196908879843034,0.0360691939639308,"319,7605","319,53303"
-0.1484022616098088,-0.9777015437392796,"321,108994","321,42671"
0.2839454504624054,-0.1344150346690175,"323,475","475,14811"
-0.2915214866434378,-0.5454545454545454,"327,28689","327,86266"
-0.2205190238245022,0.0063694267515923,"328,411","328,24304"
0.1433255379870698,-0.0584795321637426,"284,3194","284,49399"
-0.0418046187986937,0.015850144092219,"329,36374","18806,36374"
0.3353434623947121,0.0278969957081545,"334,73603","334,125780"
-0.7473841554559043,-0.0057537399309551,"335,11166","656,11166"
-0.0120139812180022,-0.1006973829640625,"338,108997","338,20846"
-0.1080401552024657,0.0042909246942716,"340,84510","340,53962"
-0.2668473465057324,0.0046102263202011,"342,22058","22058,160583"
0.1369986091073233,0.0101010101010101,"344,28397","12916,28397"
0.4038442272306803,0.0118150336117335,"324,23874","324,71574"
0.9061338289962824,0.3848797250859107,"348,13566","8114,13566"
0.2119741100323624,-0.0043761638733705,"349,108998","529,108998"
0.0510233169669978,-0.1233776298313426,"352,9797","352,107659"
0.4704069474966242,-0.3366336633663366,"354,17218","354,113783"
0.2828647927326672,-0.3225806451612903,"355,376","355,14925"
-0.2677518944709514,0.0028066236317709,"302,25728","302,5479"
0.0257886830245367,0.0060090135202804,"362,109000","91723,109000"
-0.4653221839645843,0.0059026069847515,"363,6413","363,18657"
-0.5604982206405694,-0.0091287858866702,"364,10989","179,10989"
-0.2659194895564002,-0.0616453704907158,"365,109001","365,1541"
-0.2055202887832484,0.0044108380592312,"366,10338","10338,44843"
0.0587430443230485,-0.0786423841059602,"367,1352","1352,19097"
-0.7393364928909952,-0.0050173678116557,"373,22186","1477,22186"
-0.2277710729984388,-0.0107663077897403,"374,1281","374,1210"
0.3855820105820106,-0.0312169312169312,"378,21059","21059,35561"
0.3077073898761403,0.0065917022101589,"379,109002","39844,109002"
-0.2183140512979786,0.0104098893949251,"380,8003","380,38024"
0.1337283392530405,-0.1629411764705882,"383,17914","17914,47690"
0.0448579705963672,-0.0484330484330484,"386,40616","40616,49528"
0.1690091653501196,-1.0,"391,13259","13259,74690"
0.2675419422760855,-0.1534195933456562,"392,6592","6592,33364"
-0.3875373452838241,0.0076824583866837,"393,109006","393,62047"
-0.5562384757221881,-0.0283541558318755,"394,109007","394,109272"
0.0622350229147066,0.0170542635658914,"395,1943","395,1243"
-0.0468552835341053,0.0151364208200115,"396,485","485,519"
-0.4509217737917289,0.0861983059292476,"397,25594","4516,25594"
0.1345362336267802,0.0058858151854031,"400,15134","400,35538"
0.3983126110124333,-0.128921568627451,"402,91737","402,521"
0.1483031022817246,-0.2777567839919383,"404,1042","404,2367"
0.0063344654045658,0.0096605023461219,"409,1117","409,30637"
-0.084543908884998,0.0437793717536482,"415,6195","4367,6195"
-0.0590846793041947,-0.1484207133648474,"416,1258","1258,4963"
0.3542836027540788,0.0033677593174674,"418,102971","418,15303"
0.1428836535232674,0.0140771637122002,"420,33771","420,124522"
0.2641323346677967,0.0054412112609415,"421,1356","1356,9904"
0.5100558659217878,0.2614525139664804,"422,2964","1121,2964"
-0.0092213025007664,0.0188630490956072,"427,18316","427,45618"
0.6461080356107981,-0.077800403018402,"428,42176","428,31167"
-0.2544708296687188,-0.0643735893441841,"429,4453","429,55457"
0.3420993397358943,0.0900735294117647,"430,109008","7439,109008"
0.0727377101972808,0.0297951582867784,"431,20320","431,41930"
0.1742069761789013,-0.0435256480624774,"432,1275","1275,17369"
0.7768295836565813,0.0183604861649857,"433,109009","433,14032"
-0.4205026675214068,0.0193072118114707,"437,1170","1170,110876"
-0.7421602787456446,0.0243623161422453,"438,27674","438,1801"
0.2079280840463555,0.0571428571428571,"440,2833","440,163792"
0.1630055342699021,-0.5825495268809583,"443,57371","443,30901"
-0.4528907922912205,-0.0725750791937282,"444,21768","444,35921"
1.0,0.1607142857142857,"445,109011","445,110024"
-0.1505874591038085,0.0500232117987358,"446,109012","446,26537"
-0.2045233463035019,0.0082684824902723,"447,109013","447,32080"
-0.086162078832274,0.006648659879493,"448,1514","1514,33913"
0.0415034147399067,0.0055208833413346,"450,45794","450,112705"
-0.7035472972972973,0.0194256756756756,"452,84106","452,3321"
0.4394163528778913,0.0602474448628294,"453,109015","453,1364"
-0.0839450659234963,-0.0129490392648287,"339,454","339,678"
-0.4283737024221453,-0.0206185567010309,"460,3326","460,14240"
-0.380242709970316,-0.0267465254492056,"461,1459","461,18339"
-0.6182228915662651,0.2703313253012048,"465,26916","1673,26916"
0.7383093525179856,0.2371134020618556,"466,91300","466,125881"
0.0136088221819284,0.0094511086877499,"413,48475","413,22159"
-0.168212739641311,0.0035044320758606,"467,1177","467,11856"
0.0625118986922112,0.062111801242236,"470,19769","470,2666"
0.1813168716534765,-0.0401692591930389,"471,11529","471,84125"
-0.1586463223787167,-0.0175953079178885,"472,782","782,1453"
0.76997441000853,0.011657662780779,"474,109016","474,6447"
0.1837040678579492,-0.1448685655234773,"476,15989","3161,15989"
0.5586213164763588,0.016116035455278,"480,5675","5675,132819"
0.142474553147538,0.0015714446065776,"481,1222","1222,76691"
-0.1624190938511326,0.014967637540453,"482,27068","482,6224"
0.0818534754564171,-0.269858706305129,"483,109018","483,24216"
0.2731010056289924,0.0544478527607361,"486,99653","486,112604"
-0.0734004247068599,0.0039700858646477,"492,563","563,117050"
0.2004663056558363,0.0022563176895306,"493,6764","493,162203"
0.1273540943566011,0.0021853708702918,"494,514","514,45671"
-0.0682564146514632,0.0054139408978118,"142,5481","142,116924"
-0.0645227355302214,0.0019623233908948,"498,3463","498,161590"
-0.3666271471803117,-0.1100463830192545,"499,6748","499,30443"
-0.1423238055003472,0.0057224606580829,"500,18117","18117,28064"
-0.5621261674550303,0.013803680981595,"502,51812","502,17048"
0.0184108736521382,-0.3773004588312408,"504,109020","504,132596"
0.0047265541678093,0.083984375,"505,566","505,13908"
0.0543738198238103,-0.0193637621023513,"506,8217","506,12241"
0.5326418345705196,-0.996189024390244,"507,109021","507,60270"
0.6431881371640408,-0.293161657619489,"508,549","549,41738"
0.0059523809523809,0.0226190476190476,"511,2115","2115,18118"
-0.5204081632653061,0.0074829931972789,"515,5751","515,83520"
-0.0754604331107063,-0.1726603846650316,"516,1891","1891,109235"
-0.4439279488669378,0.0063916327716443,"517,32258","32258,59974"
-0.2305135951661631,0.0268882175226586,"518,735","735,111512"
0.1591677100582952,0.0763358778625954,"522,697","697,4902"
-0.1658655933600081,-0.1126760563380281,"359,523","359,18735"
0.4850413749204328,0.0120903595291123,"524,9195","9195,21412"
0.0532979426925271,0.025796885466766,"530,109022","1195,109022"
0.3964693842742622,-0.0053063193439459,"532,1363","1255,1363"
0.0088499646540324,-0.008464909227789,"385,462","385,912"
-0.1426735218508997,0.0085689802913453,"533,109023","533,115928"
0.0230833881544292,0.0215827338129496,"419,10126","10126,28388"
0.4568555920628785,0.016025641025641,"535,618","618,55529"
0.9578005115089514,0.2773109243697479,"536,109024","33356,109024"
0.5093629993269725,0.0948275862068965,"541,53857","4086,53857"
-0.308744777303017,-0.0440508091158582,"542,1105","542,7981"
0.2634416221891798,0.0046696240952603,"544,16905","16905,55945"
-0.093864642631246,0.0064516129032258,"545,4969","4969,20451"
0.0741915089741176,-0.1003996003996003,"546,6920","1398,6920"
0.2352640545144804,0.0132027257240204,"548,109026","35731,109026"
0.0582060687276458,0.0341296928327645,"553,98800","98800,107837"
-0.4619736015084852,0.0333123821495914,"554,14897","14897,19778"
0.2159704646792378,-0.0040183696900114,"220,5339","220,1082"
-0.2928,0.0312,"555,43485","555,22491"
0.2270258562339244,0.0498876404494382,"556,4249","4249,110748"
-0.197771358178916,-0.0131406044678055,"557,6903","557,3455"
-0.0938879191678374,0.0191401648998822,"558,40901","12989,40901"
0.3540856031128405,-0.2058823529411764,"559,38022","559,1347"
-0.1283116595343942,0.0060176991150442,"560,1197","1197,84368"
-0.6031379397763443,0.0239852398523985,"564,10288","10288,42220"
0.0768846842308232,0.0117154811715481,"565,8836","8836,56729"
0.070404600734749,0.0045033112582781,"569,2714","473,569"
-0.0217137266624996,0.0994102780117944,"571,109029","571,7768"
0.1937772925764192,0.0638722554890219,"250,966","250,2264"
-0.0876700413962207,0.0559984444876531,"574,4200","2273,4200"
-0.2367278797996661,0.006677796327212,"575,109031","43,575"
-0.1480654366062771,0.0076081787922016,"371,4687","371,90466"
-0.0190710668762004,-0.0098113207547169,"576,3116","3027,3116"
-0.1220605007531198,-0.5333333333333333,"577,1072","1072,52084"
-0.2009206550914819,0.0180124223602484,"361,578","578,20685"
0.3616255859751268,0.0483870967741935,"358,581","358,7012"
-0.1377368576273685,0.0342153284671532,"582,813","813,6906"
-0.3547738693467336,0.0492462311557788,"583,109032","583,9508"
0.0873855374429848,-0.0555555555555555,"584,1527","584,8506"
-0.5870020964360587,0.0377358490566037,"587,37642","587,16425"
0.1193900304843626,0.0201535508637236,"588,2370","2370,130801"
-0.1225679723399906,0.0082304526748971,"589,3865","3865,41605"
-0.2011446447051673,-0.048730486545587,"590,871","590,25316"
-0.2914285714285715,0.0107142857142857,"591,30158","591,35693"
-0.3509220267186389,-0.0965824665676077,"593,15048","4025,15048"
0.1841992849952768,0.0145116582422957,"597,8465","597,10709"
0.4755560532182374,0.1984282907662082,"599,7968","7968,111067"
0.0123097017178564,0.0039082855653986,"602,58741","56161,58741"
0.0969876563766281,0.0056950556562257,"320,109035","320,1158"
-0.009392335820256,-0.9332460732984292,"605,993","993,20448"
0.0337821980964879,-0.0202898550724637,"608,611","608,910"
0.062926302893296,0.0088459164780909,"253,1233","253,68522"
-0.0237222057025803,-0.026137463697967,"610,65799","610,16495"
0.248191027496382,0.0114760585674713,"612,1475","1475,122997"
-0.3889837797984763,0.0185303514376996,"615,78995","615,112734"
0.0498815549216998,0.0049661399548532,"616,107417","616,49098"
-0.1018840623806191,0.0066400102391019,"625,6259","4595,6259"
-0.3253764753764753,-0.3055555555555556,"627,5130","627,151403"
0.6863382899628252,-0.011353017652914,"632,109037","632,3711"
0.0402208830632869,0.0039979365488779,"633,2330","633,7589"
0.2610649179434827,0.2422638391909042,"634,700","634,765"
-0.2370908987824411,-0.0698625046451133,"636,54451","636,28768"
-0.3430025445292621,0.0127226463104325,"637,2486","2486,89627"
0.723952738990333,-0.4442134442134442,"638,108302","638,28228"
0.1712390452801117,0.0191226096737907,"640,26342","640,23517"
0.1240442806154023,-0.0194564904984107,"642,2583","2583,7822"
-0.1994171283471837,0.0110803324099723,"646,4465","4465,66990"
-0.1294809010773751,0.0054295551408191,"649,66695","649,4409"
0.4777205888650046,0.0117498950902224,"650,88301","650,123787"
0.1602012570054228,0.0048192771084337,"651,2933","651,60244"
0.1332391713747646,0.0122410546139359,"654,2528","2528,90622"
-0.2720527617477329,-0.0024257136311848,"655,109040","655,39796"
0.2930335260421665,0.0158910329171396,"657,38027","657,77412"
0.1851118329941132,0.0042405551272166,"659,35117","659,1732"
-0.2394173135931939,0.0068259385665529,"660,685","685,87311"
-0.4478705849308334,0.0284653465346534,"661,73774","661,47361"
0.3736892278360343,0.0171591992373689,"662,109041","662,32369"
0.0184999666065585,-0.0933572710951526,"663,13865","13865,19912"
0.156481626664034,-0.0320683853644443,"664,709","664,20077"
-0.2614657708954699,0.0291929021179164,"665,5519","5519,20398"
-0.0384043899564289,0.0075471698113207,"668,74315","668,60787"
-0.2350903089570904,0.0080058224163027,"464,670","464,1868"
0.0727955930354055,-0.0237528996576826,"672,12652","703,12652"
-0.5105882352941177,0.0133333333333333,"673,109042","673,63369"
0.29682638604207,-0.0090948462537895,"674,8795","8795,31359"
0.4442925495557074,-0.4821157661337379,"675,4359","4359,27388"
0.5539516182189703,-0.3662837403598972,"676,6388","4519,6388"
0.5138339920948617,-1.0,"495,11074","495,110507"
-0.0322139330069899,0.0201577563540753,"677,90653","677,119955"
0.7711561382598331,-0.0228245363766048,"679,22046","3130,22046"
0.7780341108405979,0.6982376283846872,"134,23584","713,23584"
-0.6801738162513914,0.0375118297855986,"684,14974","684,774"
-0.1390340277305013,-0.0388059701492537,"686,1775","1775,60496"
-0.3809042120380786,0.0353185595567867,"687,48285","687,20597"
-0.1034358264494966,0.0064070970921636,"691,2313","691,745"
-0.2901318781264211,0.079581628012733,"692,8887","4443,8887"
0.3035382908800631,0.0229320229320229,"695,8645","8645,113638"
-0.0314354633059374,-0.6774193548387096,"698,109043","698,10783"
-0.2317691211045198,0.0161145926589077,"699,30184","25407,30184"
-0.5230237764397098,0.0206692913385826,"702,11790","11790,52509"
0.0191492741192541,-0.2863324812411815,"704,109045","704,4208"
-0.3754491017964071,0.0532934131736526,"706,109046","706,24577"
-0.2734544078525951,-0.0220588235294117,"712,84855","712,1458"
-0.0647706041104421,-0.0500497199212342,"714,1905","714,2561"
0.0931908607213485,0.0040650406504065,"716,27679","716,50413"
-0.3376835236541599,0.0119630233822729,"717,27023","27023,50097"
-0.0329469718922051,-0.2764227642276423,"718,754","718,107448"
0.1691484999956382,0.0330969267139479,"719,1622","719,3476"
0.4336127179002872,0.8062015503875969,"720,8858","8858,110096"
-0.0730298719772404,0.0502607871028923,"721,65216","721,8417"
-0.530524505588994,0.0163370593293207,"723,18842","18842,57620"
-0.0423729973046559,0.0062800147765053,"725,44164","725,138306"
-0.4102064277502874,-0.0337728335261229,"726,29231","726,15689"
0.0606407962424513,-0.0126912456998008,"727,109049","727,12077"
0.2242202746766548,0.0110246433203631,"730,9323","9323,65096"
0.099904247679336,0.0092693565976008,"731,1392","731,137042"
0.3024709315965803,-0.0199510756169508,"733,109050","733,1011"
0.6350432916093867,-0.5272727272727272,"734,830","734,76119"
-0.19881320623698,0.0168970814132104,"736,30918","30918,49739"
-0.2917133342293505,0.0105580693815987,"739,6221","6221,54030"
-0.0729184235677742,0.0312306740878169,"740,4069","740,9166"
-0.3300382286721643,0.0128617363344051,"742,2840","1603,2840"
0.4229298963836943,-0.2321900291379134,"744,5270","5270,85183"
0.100212866603595,0.1041666666666666,"747,12034","747,126193"
0.1299760949522105,-0.929342492639843,"748,1141","1002,1141"
-0.3862332695984704,-0.0858585858585858,"749,4865","749,115310"
0.1818783700140728,-0.0959452853203476,"750,8051","8051,12968"
-0.2902446787410897,-0.020530367835757,"752,5691","3778,5691"
0.4347014925373134,0.0102611940298507,"753,18175","18175,98019"
0.1752658989967136,0.0060105184072126,"756,35348","756,127068"
-0.0535885167464114,-0.1486810551558753,"757,55611","7031,55611"
-0.4888667755324216,0.0193661971830985,"760,18122","760,17263"
-0.1926931781441965,0.0155189136760426,"763,1984","1984,113716"
0.1338873900203431,-0.0251322751322751,"764,7230","7000,7230"
-0.0798109711303356,-0.0126088261783248,"767,1084","1084,1135"
0.4839823318053578,-0.1380315435988378,"771,62753","771,4000"
0.9546191247974068,0.0097378277153558,"773,9534","9534,14426"
0.1625200145624719,0.0771952396268896,"775,109051","775,2903"
0.0218166926351758,0.0153846153846153,"777,2580","2580,10277"
0.4600325068129881,0.0183920126116657,"778,26450","778,66506"
-0.1142033030937427,0.0097697138869504,"780,25579","13836,25579"
0.1227029960246934,-0.005310760050908,"781,1509","1509,6015"
0.6805481637633759,-0.1317190730224097,"783,22377","783,42503"
0.4982758620689655,0.0086206896551724,"785,109052","785,38356"
-0.3602347265137963,0.0090439276485788,"789,4476","4476,27312"
-0.1165478518705444,0.0159779614325068,"790,6314","790,15783"
0.0142630612863572,-0.2375,"207,791","207,34860"
-0.264414163885799,0.0274193548387096,"792,52944","20672,52944"
-0.1099099217223701,-0.0493562231759656,"527,794","527,31975"
0.0844238563983788,0.0254777070063694,"797,109055","797,29090"
-0.1279011701149686,-0.0199600798403193,"799,21629","21629,29917"
0.3248587570621469,-0.2972620091591152,"802,7493","802,114268"
0.0517513906138395,0.0388047742176516,"803,17262","803,1646"
-0.1112598904443091,-0.1093357680894772,"804,42619","804,1797"
-0.1979294773353384,-0.2448979591836734,"805,1229","805,76027"
0.459973581665676,-0.0717166328816814,"810,55807","6850,55807"
0.3944052112504566,-0.089485881040254,"814,29791","814,9389"
-0.0183727160087956,-0.1317829457364341,"458,641","458,22693"
-0.246951265201852,0.0086294416243654,"820,17836","17836,65163"
0.7537949287116879,0.3852941176470588,"821,54328","821,109380"
-0.3288191647837831,0.0164113785557986,"345,60611","345,118441"
-0.12786373995442,-0.0331592262996987,"645,826","645,13207"
0.0397080291298847,-0.003731343283582,"827,3287","827,1525"
0.1860158311345646,-0.0065674904590759,"246,21622","21622,28214"
0.0460175925263756,-0.0273043133989091,"831,2459","1963,2459"
0.6146288209606987,0.2080376204489066,"47,109058","1014,109058"
0.209180539922639,-0.0576736188981086,"833,980","833,41114"
0.1438205463698267,0.0083612040133779,"834,3582","834,4473"
-0.0082348212353262,0.0444635685599541,"835,1005","1005,4569"
0.0738381785011327,0.0050115112440633,"838,1828","838,9747"
-0.1112343828913488,-0.4970437245530182,"839,109059","839,30104"
-0.1310905800883877,0.1164874551971326,"840,61215","840,97614"
-0.0314286652314821,0.0034492670307559,"729,841","841,1559"
0.2743823146944083,0.0208062418725617,"843,109060","843,139391"
-0.308415588467238,0.0142671854734111,"845,109061","845,121993"
0.5894179894179894,0.0829694323144104,"847,29093","847,111972"
-0.5643363728470111,0.0324214792299898,"849,34239","34239,118794"
0.0985303466586889,-0.282051282051282,"851,1328","851,88156"
-0.1215448198359561,-0.1327954985391894,"623,5042","623,83923"
-0.1142024274331749,0.0491493383742911,"855,6907","855,3750"
-0.1701358467188814,0.0477419354838709,"856,3574","3574,13548"
0.0776967083173328,0.0082474226804123,"210,26194","210,8999"
-0.0736171355882654,-0.9854227405247812,"857,13646","857,70758"
0.326113612257698,0.0029980921231943,"858,2864","1021,2864"
0.1372749102687115,0.0072533849129593,"860,20957","860,142539"
0.0243612341114597,-0.0762970498474059,"861,109062","861,4399"
0.2504441134777225,-0.1353219840957965,"863,21587","3314,21587"
-0.0471721921548911,0.0553633217993079,"864,883","864,27433"
-0.0040830899058747,0.0082051282051282,"865,109063","865,141484"
-0.0380986081623024,0.0750176928520877,"867,109064","8693,109064"
-0.0976719341586147,0.0225102319236016,"872,1216","872,113097"
-0.4136297376093294,-0.0638297872340425,"683,878","683,1122"
0.0702918697885688,0.0128087831655992,"879,1683","1683,117246"
-0.2133912940268834,0.0337585597525955,"881,77837","4406,77837"
-0.4621920135938827,-0.0057803468208092,"882,23720","722,882"
-0.099353413673399,-0.2456140350877192,"884,5725","884,22864"
0.1381861877055401,-0.0381760339342523,"885,109069","885,109075"
-0.0979194639794738,0.0099688473520249,"886,7460","886,139787"
0.2195495014632942,-0.0144787644787644,"888,40523","3937,40523"
-0.5216554379210779,0.0423484119345524,"889,109070","3180,109070"
0.0872442049443279,-0.0285400658616904,"891,3587","1201,3587"
-0.3336990516918042,-0.2727272727272727,"892,32339","892,87877"
-0.3844514254299851,0.0176470588235294,"693,9118","693,143036"
-0.2214903252367229,0.0086455331412103,"893,109071","893,7479"
0.0258922136606929,-0.0447949546615142,"896,1667","1667,4335"
-0.2552182163187855,0.0531309297912713,"898,8116","8116,110737"
-0.1651799446324208,-0.0476857751542463,"899,29814","899,11360"
-0.183695652173913,0.0282608695652173,"901,109072","901,42085"
0.3803468208092485,-0.2605651894669236,"906,8179","8179,110762"
0.2851438904496308,-0.0589569160997732,"909,1218","909,4800"
0.0542877950223436,0.0549338758901322,"913,32334","8483,32334"
-0.1608222490931076,0.0169286577992744,"818,109074","818,114337"
-0.4225810660925164,-0.1089108910891089,"918,1587","918,18908"
0.5463404362840057,0.0067885117493472,"922,97063","922,15683"
0.0430988166713677,-0.4992276799505715,"923,1240","1240,110370"
-0.0481814892847262,0.0021068760773798,"924,1892","1892,6753"
-0.1916890006960544,-0.1495626366760387,"925,109076","925,2299"
0.1951219512195121,-0.1746031746031746,"926,37222","37222,37605"
-0.2723780253553592,-0.0072840790842872,"927,3042","3042,4312"
-0.0881589026454083,-1.0,"930,1452","930,24673"
0.0085331166192604,0.032258064516129,"931,28013","28013,128868"
-0.4156542056074766,-0.0515463917525773,"932,109077","8403,109077"
0.0901895046411175,0.0097777777777777,"779,1663","779,16187"
-0.507274490785645,-0.4761904761904761,"936,96049","936,110937"
-0.4211124624723336,-0.0539682539682539,"938,109079","938,36271"
-0.2020865533230293,0.0204791344667697,"940,29498","19779,29498"
-0.0097750142078694,-0.0115555555555555,"941,2533","2533,7440"
-0.4254278728606357,0.0114099429502852,"942,109082","942,146445"
0.2334800777671009,-0.0943396226415094,"943,29884","943,90096"
-0.2699796241793072,-0.1288915117798009,"944,46430","944,109627"
0.2243619886692799,0.0063424947145877,"946,15157","946,17673"
0.1809588712628882,0.0101990542175299,"947,3603","3603,109106"
0.3493192625887564,0.0176470588235294,"949,9280","949,23019"
-0.1342311770943796,0.0130434782608695,"950,4737","4737,77649"
-0.1492408999451253,-0.1006188647033717,"951,1912","951,24909"
-0.289644944066531,-1.0,"952,26221","26221,26558"
0.0273816747572815,-0.0291085506367495,"953,35070","953,3121"
0.6645326504481434,0.0393258426966292,"954,42335","954,48209"
-0.1858486836904103,0.1496402877697841,"955,1164","1164,78568"
0.5885954036221936,-0.042016806722689,"956,1584","1584,7260"
-0.2101419878296146,0.004868154158215,"202,3189","202,154230"
0.4551159982627703,-0.0682713452770044,"959,10033","959,112948"
0.7074136955291455,0.009054895302773,"960,109085","960,90517"
0.4877358490566038,0.0625,"961,45427","6605,45427"
0.1174718575201084,0.0017232465965879,"962,4936","962,8638"
-0.0039717328087581,0.0150530277112555,"967,88920","967,22518"
-0.1169399802523682,-0.0401954338544415,"971,6119","4669,6119"
-0.0576001860320904,-0.1428571428571428,"974,53236","974,13114"
-0.0298546431221095,0.0469146238377007,"975,1689","975,32071"
0.8100371747211896,0.0553903345724907,"981,2142","2142,5550"
-0.0483945064212886,0.0053619302949061,"982,49392","982,9952"
0.0130434047541223,0.0103806228373702,"908,983","908,23022"
-0.0275297619047618,-0.0113636363636363,"689,984","689,1226"
0.5259232381873892,0.0297532656023222,"985,6100","6100,117514"
-0.1693431501598368,0.0077821011673151,"987,5903","987,102838"
0.8233387358184765,0.0397489539748954,"990,35050","24237,35050"
-0.1144429744119712,0.0308555399719495,"991,1896","991,45572"
-0.0263568546852401,0.0074503311258278,"992,38324","784,38324"
-0.3747767059664166,0.4444444444444444,"994,37849","11912,37849"
0.4562784349408553,-0.0036945812807881,"995,61605","600,995"
0.0798719268431834,0.0119971154313214,"996,10611","2463,10611"
-0.2354005444800654,0.0152135751901696,"998,1081","998,110484"
0.4213146751356358,-0.1156244498546542,"999,48044","1384,48044"
-0.2593853029664955,-0.0933238303013446,"1003,109088","3914,109088"
-0.1001407219545848,0.0333938294010889,"1004,109089","1004,19736"
0.0329984829954941,0.0113250283125707,"1006,5487","1006,78912"
0.3897992178453605,0.0877957658779576,"1007,2211","2211,5938"
-0.5487404162102957,0.013143483023001,"1008,5868","5868,90852"
0.4270105667400959,0.0939226519337016,"1010,43780","8890,43780"
-0.244968090328915,0.0216003927344133,"1012,8989","8989,24259"
-0.117565369579485,-0.1313242220231731,"552,22998","552,11617"
-0.2766852901594552,0.0442396313364055,"1015,5993","5993,109652"
-0.7363096002495001,0.0934891485809682,"1018,54599","18429,54599"
0.0992522805443398,0.0085240017945266,"1019,28658","28658,58010"
-0.1407196087564043,0.0631268436578171,"1020,43328","1020,8512"
0.3137254901960784,0.0226579520697167,"1022,2816","1616,2816"
0.0172848080104839,-0.0398568703268522,"1023,1660","758,1023"
-0.1652343973048592,-0.5652173913043478,"1026,109095","81663,109095"
-0.2583682008368201,0.0418410041841004,"681,109097","681,92536"
-0.3736058628191916,-0.0439189189189189,"1028,23824","1028,26857"
-0.3563680426905287,0.0533049040511727,"1029,2589","2589,15413"
0.1529885413440693,0.0309477756286266,"1031,1832","1031,41573"
-0.147086979744443,0.0105263157894736,"1033,1745","1033,123632"
0.1703749081802531,0.0070640937284631,"1035,3968","1035,25955"
0.024232842629069,-0.0313529246559603,"1038,69167","1038,11564"
-0.26010623878927,0.0132827324478178,"1039,13760","13760,50694"
-0.3015470974808324,0.0218373493975903,"1040,31700","1040,24928"
0.5904920767306088,0.0442035029190992,"1041,6184","6184,32319"
0.1566562282348062,-0.4540589530883251,"1045,6649","4885,6649"
-0.0620520876609887,-0.0601588804713804,"370,1046","1046,1693"
0.0532601463739187,0.0610778443113772,"1047,57597","1047,1620"
0.2565929460313366,0.0125733445096395,"1048,12277","12277,36474"
-0.1337178149647372,-0.2508960573476702,"1049,6162","6162,10208"
0.4969072164948453,-0.2653061224489796,"1051,32259","32259,33763"
-0.2652505446623093,0.008714596949891,"1052,109100","1052,66443"
0.4466040948873311,0.0489089541008276,"1053,12889","1053,110330"
0.6072319201995012,-0.0314009661835748,"1054,7652","1054,4918"
0.3584672602154723,-0.9242819843342036,"1057,11699","11699,123208"
-0.7857142857142857,-0.1741935483870967,"568,35637","568,4191"
0.0764245424197075,-0.1967868654311039,"1062,1545","1545,89823"
-0.2312470138557095,0.0453893932154801,"1063,4819","732,1063"
0.0626429707566841,0.0034469551895825,"601,1065","601,69800"
-0.216843882198307,0.0746606334841629,"1066,2477","1066,6333"
-0.1615591770898069,0.0067255149222362,"1067,13375","1067,76540"
-0.0555217914913661,0.0098410295230885,"1069,5067","5067,19628"
0.0854328184726732,0.0026481971888368,"652,1070","652,150814"
0.3568996852697371,0.0165787490580256,"1071,13313","13313,17329"
0.6495956873315364,0.0086608927381745,"1073,3716","1926,3716"
0.3264758497316636,0.2417582417582417,"1076,40294","1076,19361"
-0.3448275862068966,-0.0966680915740476,"1077,84572","1077,7586"
-0.5017596782302665,0.1402714932126696,"1078,37853","1078,111372"
-0.0029009267258305,0.0403871829105473,"1079,36284","1079,109449"
-0.257007895734924,0.0183946488294314,"1080,18018","18018,19017"
-0.102566200243465,0.0114107883817427,"1083,109102","1083,3247"
-0.5779927448609432,0.0157194679564691,"1085,3142","1085,80989"
-0.1307724870744804,-0.2072986754367437,"1086,78647","1608,78647"
0.0655792557489354,-0.2195208518189884,"1089,6033","6033,110207"
0.2036441412172406,0.0236842105263157,"1090,7962","7962,31027"
-0.0654832461918563,-0.0299799975071077,"1091,1521","1091,2806"
0.0667109073359073,-0.0138953219082908,"1092,2494","2494,4485"
0.2597090877638104,-0.0091110322411925,"1095,9001","1095,5843"
0.1926163030327204,0.1317977265421817,"405,1531","1531,6503"
-0.0901683048961424,-0.0123649034927721,"1098,3813","3182,3813"
0.0346789191554534,0.0505050505050505,"1100,6010","1100,20157"
-0.1889683273079022,-0.0879501559408351,"1106,3416","1642,3416"
0.1838286564787558,-0.05,"1107,40907","5627,40907"
-0.1262520045729625,-0.1658627713146813,"102,310","102,111353"
0.4397670083021086,0.0384615384615384,"1113,37724","1113,9170"
0.0649358974358974,0.0104615384615384,"1114,1395","1395,64202"
0.1528652837930248,0.0100296330066104,"1115,3676","1605,3676"
0.5802690582959642,-0.0311557788944723,"1120,109109","1120,2753"
-0.1049536682226712,0.0043196544276457,"1123,2117","2117,39495"
0.3053036942607495,0.2386668877466423,"1124,109110","1742,109110"
0.4781832762924559,0.0192131747483989,"1126,1189","1189,117323"
0.4929270946681175,0.0228509249183895,"1128,73546","52837,73546"
-0.6838235294117647,0.0161764705882352,"1130,48232","1130,3040"
-0.6526019690576652,0.0154711673699015,"1131,38095","1131,158368"
0.426078971533517,-0.017971758664955,"1132,31418","2363,31418"
0.1066553418673785,0.1028938906752411,"1133,33780","6321,33780"
-0.5444534055753011,0.0145985401459854,"1138,12873","5522,12873"
-0.0168484340044743,-0.2747790404040404,"1140,33639","1140,120109"
0.0771069743720515,-0.0324998672824759,"1013,1144","1144,2148"
-0.0726809848575935,0.0156067108856808,"1145,1495","1495,14428"
0.6983574578548278,0.0266343825665859,"1147,109114","1147,25872"
-0.3529442336676888,-0.0201342281879194,"1148,1288","1288,9162"
-0.18333997608609,0.0103626943005181,"1150,109115","1150,40583"
-0.2462364899012072,-0.0597700815745928,"1153,1325","1325,10114"
0.1696273235051734,0.0168711656441717,"1154,42647","42647,50423"
-0.8554123705483048,-0.119047619047619,"1156,2030","1156,62978"
-0.1713954426295624,0.0103448275862068,"1157,5603","1157,49196"
0.0657320315910624,-0.9189189189189187,"1159,109116","1159,41230"
0.325765306122449,-0.9714285714285714,"1161,7748","7748,34213"
-0.100651364764268,0.0094086021505376,"1165,109118","1165,144923"
0.5338859819311345,0.0100456621004566,"1168,98606","1168,93237"
0.0331019555157485,-0.1558441558441558,"1169,14812","14812,108668"
-0.224331423113658,-0.9006685768863419,"1172,50336","1172,8825"
0.2821910018633526,0.0236220472440944,"1173,2556","2556,71539"
-0.2964659685863874,0.0034160865312697,"1174,13944","9327,13944"
0.0793307970727325,-0.2586206896551724,"1175,29385","1175,84686"
-0.59526938239159,0.0019473425898073,"1176,109119","1176,20648"
0.0481115202842295,-0.042615108446221,"1180,9009","9009,65134"
-0.1501501501501501,0.0043376710043376,"128,1183","128,55937"
-0.2421621621621621,0.0281081081081081,"1186,109121","1186,19884"
0.0153746178807767,-0.2316307520003445,"1187,15432","1187,12301"
0.5117426810931927,0.01198738170347,"384,109122","384,57076"
0.1481205343274308,0.0108108108108108,"1188,109123","1188,120435"
-0.277743335399876,0.0105393676379417,"1191,10649","10649,50705"
0.1462622950819672,0.011,"1192,6274","1192,47302"
-0.1424255319148936,0.022127659574468,"1194,3774","3774,125727"
-0.1179589442815248,0.0161290322580645,"1196,34855","1196,92921"
0.1546958743612115,-0.0281348458473003,"1198,1557","1557,3928"
0.0756012610435701,0.0987349141736379,"1200,6300","5110,6300"
0.8256029684601113,0.0425925925925925,"1203,11550","11550,47821"
0.2717043008916066,-0.3831287166698638,"1206,23555","1206,109220"
0.0347133304879783,0.0159932659932659,"1209,11964","11964,134694"
0.5361256544502617,-0.0093189964157706,"1211,8137","5612,8137"
-0.0802572254854413,0.0262793914246196,"1212,91189","7103,91189"
-0.0965141612200435,0.0067538126361655,"1213,5692","1406,5692"
-0.9285714285714286,-0.2521008403361344,"1214,109128","1214,63256"
-0.0534386617100371,-0.1189189189189189,"1215,32416","1215,25958"
0.9015844677527338,0.0156215130551216,"242,59630","242,112676"
0.1528340080971659,-0.0268678689731321,"1220,1656","1220,48442"
0.2154359514738861,-0.1176470588235294,"1221,32832","13585,32832"
0.2690650677326227,-0.0064096370019647,"1223,1561","1223,37321"
-0.2384673493369145,-0.0145204432556362,"1224,21560","3810,21560"
0.1319685072744805,0.0096745822339489,"1225,19105","1225,157260"
-0.0114664343261587,0.006131207847946,"1231,1519","1519,132889"
0.0662891243453903,0.0664961636828644,"969,1232","1232,116395"
-0.8198874296435272,-0.0368932038834951,"1234,33983","1234,17396"
0.4371900075700227,0.0257380772142316,"1235,8777","8777,13346"
0.0561538680845604,-0.0627502191700759,"1237,14627","1237,16578"
0.0597473382757107,0.0883392226148409,"1238,20945","20945,115267"
-0.0522010578518347,0.0120845921450151,"1242,2932","2932,37808"
-0.1734720758693361,-0.0202991452991452,"1244,11105","209,1244"
-0.2563805714887123,0.0293637846655791,"1245,34368","1245,60832"
0.2451099679097203,0.034815269047984,"1247,8175","4755,8175"
0.2074147136957836,-0.0285836177474402,"1254,109134","1254,11809"
-0.174423300043224,-0.0407523510971786,"1125,3185","2067,3185"
-0.1843790012804097,0.0115236875800256,"1256,13068","13068,40869"
0.0431777683189888,0.4845360824742268,"1260,1507","1260,109179"
-0.0586164956290383,-0.0053186813186813,"1261,44182","11897,44182"
-0.3781691617608699,0.0177580466148723,"1097,1262","1097,11490"
0.4277201936230664,-0.0658002735978112,"1263,4345","4345,40262"
0.3184713375796179,-0.9681528662420382,"1268,109139","43182,109139"
0.055159425544343,0.0411605937921727,"1269,23291","1269,113580"
-0.2344040779998381,0.0137551581843191,"1270,8243","1270,138909"
0.2909000039642763,0.0199530516431924,"958,1271","1271,4751"
0.5041322314049587,0.0208900999091734,"1272,10620","1272,24083"
-0.1726744186046511,0.0226744186046511,"1274,33190","1274,118041"
0.3001012145748988,0.1929824561403508,"1277,3423","3423,110149"
0.4076465201465202,0.55625,"1278,109143","1278,10724"
0.3210862619808307,0.0207667731629392,"1279,109144","1279,3402"
-0.0596089767585878,0.0042194092827004,"1280,11366","1280,58642"
-0.1378991674950298,0.0198807157057654,"1282,109145","1282,135993"
0.0492858215782933,-0.0198019801980198,"1283,103521","18783,103521"
0.0026778063410454,0.0174807197943444,"945,1284","1284,31957"
-0.4477296726504752,0.0232312565997888,"1286,109146","1286,107389"
-0.1292981697650958,-0.0762527233115468,"1289,2205","1289,12010"
0.0326882678719205,0.0063445583211322,"1292,30592","1292,148247"
-0.136716224951519,0.0193923723335488,"89,1293","89,4615"
-0.099225934518444,-0.038139172010994,"1296,19439","1296,62465"
0.6677215189873418,0.0476190476190476,"1297,57872","24288,57872"
0.0146971116980488,0.0433884297520661,"1298,109148","1298,34362"
-0.037885491505012,0.0041229385307346,"1301,2487","2487,37733"
0.1870403498310475,0.0077519379844961,"1302,73885","73885,127089"
-0.6417682926829268,0.0198170731707317,"1303,64853","1303,2119"
0.4156894865237528,0.0068707058088694,"1304,21614","21614,50548"
-0.0280002087404254,-0.0707371877970789,"1305,109150","1305,18667"
0.1012791572610986,0.0215873015873015,"1306,109151","1306,16031"
-0.1518660800814339,0.0159307274113797,"1307,9673","6110,9673"
-0.16504235615264,0.0098135426889106,"1308,33884","33884,103157"
-0.0413831481588087,0.0046744574290484,"715,1064","1064,16580"
-0.3605851979345955,0.0146299483648881,"1313,109152","1313,114353"
-0.043217535153019,0.0175953079178885,"1315,33384","1315,7934"
-0.4624980982808458,0.0119322682862424,"1320,9661","1320,16469"
0.0528042411154598,0.0911722141823444,"1321,109155","16103,109155"
0.284988644181203,-0.1394898288666451,"1323,32027","1323,52626"
-0.1558242916477211,0.0231037489102005,"1326,20210","19776,20210"
-0.2864044168391994,0.0229536832337127,"1327,28489","1327,55854"
0.1031212590148617,-0.1691154422788605,"1329,44267","1329,126685"
-0.0393871072851301,0.0116925951700869,"1330,3696","1636,3696"
-0.0030321783360169,0.0092989985693848,"1335,109157","1335,81373"
0.1094122516212202,-0.0833333333333333,"1336,7547","1336,1674"
-0.4449244060475162,0.0421166306695464,"1341,19534","19534,19917"
-0.044542957042957,0.0596153846153846,"1345,33797","1345,2803"
0.0605189907515488,-0.8687707641196013,"1346,21328","12404,21328"
-0.385619106054341,-0.9683877766069546,"1348,68913","36699,68913"
0.0553855842988438,0.011646373742721,"1349,109158","50810,109158"
0.554229934924078,-0.0271186440677966,"1350,109159","45395,109159"
-0.18702946246488,-0.5839762611275964,"1354,84267","1354,124635"
0.1604070050800883,-0.2163840859493033,"1358,109161","4370,109161"
0.0467920074192732,-0.072992700729927,"1360,2827","2827,9526"
-0.0390260950605778,-0.0401361819090454,"1365,19569","1365,4371"
-0.0764032288342406,0.0135160503097428,"1366,109163","1366,13902"
-0.1393951006608151,-0.1269841269841269,"1367,4295","3850,4295"
-0.1640151515151515,0.0229166666666666,"1370,109164","1370,35615"
0.3969437724363976,0.0145348837209302,"1372,49338","1372,37617"
-0.0069163240703533,-0.0178665265370467,"1375,1493","1493,1888"
0.672077922077922,-0.1069182389937107,"1376,10205","10205,58033"
-0.1684078562473882,0.005014625992478,"1379,62677","1379,152034"
0.1059103998489354,0.018458197611292,"1380,109165","1380,137557"
-0.0252362554642578,0.0254901960784313,"1382,48606","48606,85037"
0.1604166666666666,-0.1260504201680672,"1383,73146","73146,113446"
0.0778426622995909,-0.953928332962386,"1387,28263","1387,109592"
0.1883130081300812,0.2173611111111111,"1025,2822","403,1025"
-0.2338568935427574,0.0151250727166957,"1388,6769","6769,9838"
-0.2962015025368482,0.0191204588910133,"1390,105947","104437,105947"
0.0327267141062287,-0.0921273031825795,"1394,1423","531,1423"
0.5149511311235053,0.020244461420932,"1396,25556","1396,19616"
-0.4136915612642678,-0.3777777777777777,"1397,5870","1397,29988"
-0.1912960306073649,0.0277379244380679,"1399,7191","7191,17717"
-0.1247156209653271,0.0071267816954238,"1402,3418","3418,58071"
0.7194244604316546,-0.0526315789473684,"1404,17548","1404,19050"
0.533728163513482,0.1362704918032787,"1405,15719","6474,15719"
0.1122890642121411,0.029585798816568,"1407,3071","3071,64574"
0.3628894021356237,0.0333024976873265,"1409,4217","1409,63397"
0.0207688205892556,-0.1400494920552227,"1410,46277","1410,5905"
-0.1713456185814377,-0.3029575328614762,"1412,2741","1412,19154"
0.544416597048176,0.5457505814993737,"1163,1413","1413,1572"
-0.7333529238906846,-0.1136363636363636,"1418,6848","1418,13027"
0.0654311807194013,-0.8843404808317089,"626,1420","626,4327"
0.0443394561775167,-0.0649350649350649,"1424,29287","1424,20002"
-0.2226221650371954,0.0078740157480314,"1429,24559","1429,11142"
-0.1980596347742586,-0.9511961722488038,"1431,9858","9858,20436"
0.1467180847245677,0.0170178282009724,"1432,12074","1432,130422"
-0.2963286077789895,0.2006543075245365,"1433,52170","1433,109732"
-0.1416746157922628,0.0229411764705882,"346,11962","346,4418"
0.0144400385413578,0.0097835754521197,"1434,11371","1434,14596"
-0.152117288085138,-0.9785666443402544,"1437,9689","1437,3302"
0.0073633647706637,-0.007318348144276,"1438,25062","1438,13287"
-0.1259197755017315,0.0401753104455807,"1440,8853","1440,114456"
0.2539755607633077,0.1067961165048543,"1443,7908","1443,7603"
-0.2972783053695547,-0.0769230769230769,"1444,13492","8128,13492"
-0.2129399642602926,0.3225210970464135,"562,109170","19012,109170"
-0.0346140757310611,0.0032251128789507,"1447,1739","1739,72122"
-0.29607250755287,0.0167878044864778,"1449,4803","4803,5821"
0.1596321900117914,0.0330578512396694,"351,17128","2801,17128"
0.2610146862483311,0.0161725067385444,"1450,8966","8966,88140"
0.538471999474785,0.0264623955431754,"1451,109172","9967,109172"
-0.052836443351334,-0.9097791798107256,"1454,109173","1454,5833"
0.3660516170416091,-1.0,"1455,65678","20066,65678"
-0.2552014930531554,-0.0185922974767596,"1457,104253","6217,104253"
0.3968236498310569,-0.0916666666666666,"1463,33296","33296,69360"
0.5430245762893445,0.0425531914893617,"1464,109174","24512,109174"
-0.0360179014331913,0.0029989094874591,"463,2050","463,93058"
0.8068520357497517,0.0079443892750744,"1467,4027","4027,40615"
0.0379769541227163,0.0204176334106728,"1470,2914","2914,24177"
0.0568811147255763,-0.098197471078827,"1471,5747","1471,2607"
0.0685763797720946,-0.3428571428571428,"387,1472","387,87213"
-0.0207915536156659,0.0115606936416184,"1481,4032","1481,152253"
0.2811361981063365,0.2321428571428571,"1484,23448","13218,23448"
-0.406330783948123,0.0221606648199446,"1485,109176","1485,139804"
0.5259709672305637,0.0250696378830083,"1486,1686","1686,136026"
-0.0219869953122637,0.0868894601542416,"1487,4668","4668,109836"
-0.1098463289698349,0.0039840637450199,"1488,10588","1488,120432"
-0.0152581188091493,-0.0053970701619121,"1490,109177","2947,109177"
0.3083863504916136,-0.1617647058823529,"1491,109178","1491,11689"
-0.1173252279635258,0.0148936170212765,"1492,108993","21693,108993"
0.08515932812608,0.0222575516693163,"1496,6324","6324,145781"
-0.6820603907637656,-0.1568411852603682,"1497,30256","20028,30256"
-0.1524414450178642,-0.6285714285714286,"1498,6250","6250,24245"
-0.0559539575118465,-0.0366987083932239,"1403,1499","1403,109548"
0.4048685449499455,0.0089206066012488,"1503,51802","51802,102890"
-0.0090081855066993,0.0422721268163804,"1511,55600","15954,55600"
-0.1103080556357451,0.0108968985750209,"1512,3175","1512,17961"
-0.221622754177361,-0.0292275574112734,"1513,28217","1513,5719"
0.1090402306413216,-0.0180360721442885,"1515,1627","1515,1536"
0.762,0.2300387596899224,"1516,82312","1516,24400"
0.2610504420176807,0.08130081300813,"1517,10466","1517,19034"
-0.2748909288740057,0.031548757170172,"1530,27986","27986,33374"
0.0217378168524728,-0.0539103310909842,"1534,109182","1534,5198"
-0.0884905984474673,-0.0792434976087568,"1535,4509","4509,39051"
0.3171171171171171,-0.0554197229013854,"1538,109183","6039,109183"
-0.2193847939640162,-0.955310504933256,"1540,109184","1540,112182"
-0.2692307692307692,-0.184036393713813,"1542,28136","1542,9193"
0.2158841376535863,0.029585798816568,"1543,9793","1543,65180"
0.7236070381231672,-0.1965521168465108,"1546,109186","1546,22250"
-0.1457967897469347,-0.1042944785276073,"1389,1549","1389,8470"
-0.1745814350001397,0.0496240601503759,"1554,1713","1554,101511"
-0.2905666977307553,0.0380313199105145,"1555,109187","2195,109187"
-0.1199685383292681,0.0410821643286573,"1558,2585","2585,9983"
-0.1994018331988103,0.0402684563758389,"1564,12461","1564,9643"
-0.0243647234678624,0.004185351270553,"1567,8729","1567,52757"
-0.1548013245033112,-0.0516515411658899,"1570,5311","5311,8072"
-0.0685109664650962,0.0122931442080378,"1574,6230","1574,41850"
-0.3719454511947908,-0.246031746031746,"1575,3050","3050,35246"
-0.2060037818834717,0.0664961636828644,"1577,109189","12708,109189"
0.1500377130788957,-0.37363892880018,"1582,109191","4479,109191"
-0.0223216239637951,0.013235518209722,"1583,6538","1583,13550"
-0.025924556432759,0.0089899524061343,"1585,1595","1585,17261"
0.3877887788778877,-0.9224422442244224,"1586,12596","12596,22373"
0.7500518887505189,-0.0058750773036487,"1592,2707","2707,10896"
0.2804945501870831,0.0198401967102966,"1593,54112","1149,54112"
-0.3124467178175618,-0.1892417404561599,"1599,95537","1599,30192"
0.3525920006849217,0.0279783393501805,"1600,2467","2467,3974"
0.3870431893687708,0.0265780730897009,"1602,109195","1602,140053"
0.2349321805164802,0.1338090990187332,"1604,5475","5475,110054"
-0.2579844179433903,0.0311614730878186,"1285,1609","1609,130238"
-0.2496117982131013,0.0873239436619718,"1611,16339","6498,16339"
0.0416224501827614,-0.0647145514508316,"900,1612","900,111433"
0.0111097732289785,-0.4789245699529343,"484,572","484,83202"
0.0276538201487491,0.1491901108269394,"1617,4441","4441,50345"
-0.2080229619451631,0.0244988864142538,"671,12506","671,94292"
0.3161305881288999,-0.2128014842300556,"1621,29083","29083,81992"
-0.1199125409964079,0.0227497527200791,"1623,1738","1623,46795"
-0.0286957704338365,0.0111972437553832,"1624,7585","1624,149346"
0.7936865839909808,0.0078917700112739,"1625,109199","1625,39412"
-0.8905109489051095,-0.0257731958762886,"1626,54293","1839,54293"
0.401559179639239,0.0210526315789473,"1628,37679","1628,22910"
-0.3938588007736943,0.03725782414307,"1629,2963","2963,25585"
0.0701572739187418,0.028178243774574,"1630,18168","18168,24988"
0.1928157984337759,-0.0809695922055472,"1631,8382","8382,110439"
-0.06961517979764,-0.0395256916996047,"1632,6470","6289,6470"
0.1959205582393988,0.1347517730496454,"1633,2315","1633,60767"
-0.118075384777514,0.0062527914247431,"1635,5538","5538,18607"
0.2995203527172837,0.0794978636117639,"1641,65021","1641,79070"
-0.2074317169174209,0.0147255689424364,"1643,32384","32384,99392"
0.0233112683848075,0.0186757215619694,"1645,32084","1645,50847"
-0.0507072515890246,-0.0460023399536315,"986,12244","12244,67638"
-0.0410899861117762,0.0204731574158325,"1647,45924","23680,45924"
0.1905585882387702,0.0100755667506297,"1658,50649","1658,66845"
0.3013851383123077,0.0589254766031195,"870,25582","870,2838"
-0.111924885612608,-0.0417457305502846,"1662,5399","5399,12956"
-0.2298850574712643,0.037037037037037,"1668,8914","8914,17843"
-0.3032094594594595,0.0236486486486486,"1670,13257","1670,4029"
-0.2427315753887762,-0.0624072586683365,"322,5151","322,4008"
0.0918236877523552,0.0282637954239569,"1571,109204","1571,82012"
0.0895950155763239,-0.15625,"1675,32328","1675,88736"
-0.5359281437125748,-0.0039392234102419,"1676,93448","1676,5916"
0.1570301523830109,0.0717703349282296,"1680,109206","38010,109206"
0.1373926619828259,-0.1838937045204857,"1681,9821","1681,11605"
0.0988175460902733,0.0775588048315321,"1682,2792","2792,110486"
-0.0209108946206835,-1.0,"1684,109207","32310,109207"
0.4267310789049919,-0.5323746395536082,"1685,91377","1685,44866"
-0.0227701362468701,0.1457795334179542,"1700,9636","9636,21534"
0.2935344827586207,0.1593172225829602,"1701,4666","4666,55691"
-0.2167663874484776,0.0123188405797101,"1703,4672","4672,20956"
0.8349056603773585,0.0977454475382984,"1704,109213","1704,44168"
-0.3883252831042114,0.237936772046589,"1707,35322","1707,11710"
-0.0636132315521628,-0.0048053820278712,"1708,14529","1708,31146"
-0.22090112640801,0.137046307884856,"1710,3274","3274,44074"
-0.1267326254243225,-0.0402761795166858,"1711,109215","1711,11422"
-0.6942800788954635,0.0473372781065088,"1714,109140","1714,17522"
-0.0913713992106037,-0.0349761526232114,"1716,4072","1716,110036"
0.0533700703579623,0.0080064051240992,"1717,4993","4993,106066"
-0.0339607263067332,-0.2259622118033093,"1718,7754","7754,128898"
-0.6857042640151284,-0.1239669421487603,"1721,2783","1721,118973"
-0.1256304985337243,-0.0976958525345622,"1724,109217","1724,116571"
-0.3020514281643991,-0.0458792840335881,"1725,109218","1725,11903"
-0.3932584269662921,0.1235955056179775,"1727,109219","1727,57691"
0.5622276274450188,-0.0173611111111111,"1729,10337","10337,21620"
-0.0904371033214469,0.007191011235955,"1730,10784","10784,17424"
0.3873267782186188,-0.216589861751152,"1731,8022","1731,27142"
0.607378520336791,-0.1018518518518518,"1736,2755","2755,74192"
0.7783076462321745,0.1196581196581196,"1737,68714","49498,68714"
-0.2929292929292929,0.0193602693602693,"1741,109223","1741,99356"
0.1071886120996441,-0.0572687224669603,"1743,14990","14990,111505"
-0.1375494071146245,-0.2772068511198945,"1746,3513","3513,5908"
-0.0482801298940016,0.0232828870779976,"1416,1747","1747,54982"
-0.3830022075055188,0.0496688741721854,"1749,4342","1749,8606"
0.4527286616189984,-0.0844547814555222,"377,1750","377,8212"
-0.2343440434145921,-0.0325,"1751,2098","2098,110540"
-0.2639206712433257,0.0137299771167048,"1756,3589","3589,5224"
0.085055676125185,0.0104861773117254,"1757,31261","31261,98171"
-0.3047557172557172,0.0311850311850311,"1759,109224","1759,27561"
0.39984532095901,0.0077339520494972,"1760,109225","1760,42995"
0.0693311158463697,-0.095310578105781,"1761,94021","1761,122240"
-0.1259179005657879,0.0151679306608884,"1762,7409","7409,146384"
0.5513654096228868,0.0169050715214564,"1764,2619","2619,60842"
-0.4052409156917453,-0.1923076923076923,"1765,109226","75400,109226"
-0.0576526124961858,0.0131926121372031,"513,1766","513,63390"
0.0441214977742864,-0.0740118239638024,"1767,40892","1767,13093"
0.8753180661577609,-0.1549295774647887,"1768,45229","1768,34708"
-0.0454198692445881,0.1182294700058241,"1771,3525","3525,3621"
-0.242060691601976,0.009880028228652,"1772,109227","1772,21416"
-0.1208913617524158,0.0558882235528942,"1774,109228","1774,39027"
0.2347707049965776,0.0581395348837209,"1776,24932","1776,163572"
-0.0357664233576642,0.0291970802919708,"1779,54720","54720,122225"
-0.1945253348864298,-0.4893617021276595,"1783,97867","1783,2145"
-0.0474312069772683,-0.4656892951285475,"1785,23714","1785,23616"
0.3661670235546038,-0.0821256038647343,"1786,12307","1786,23139"
0.0116255534471853,0.0188235294117647,"1787,44608","44608,115086"
-9.39637675712035e-06,0.0179282868525896,"1788,109229","1788,119151"
-0.963276836158192,-0.0687766281192939,"1792,106037","1792,35625"
0.0002777321904232,-0.0452674897119341,"1793,84982","1793,4402"
0.0625958519890896,-0.0934966462525517,"1795,28671","8482,28671"
0.2288670977622734,0.0416666666666666,"1800,1865","1865,13368"
-0.0869827594862989,0.0067024128686327,"1806,2577","1806,51764"
0.2251008960941241,0.1136363636363636,"1809,57203","1809,59796"
-0.2134061204797277,0.0163487738419618,"1812,17852","17852,136849"
0.5237258659852356,0.15625,"1813,41198","36851,41198"
-0.0644293107408758,0.0036483035388544,"755,1794","755,114484"
-0.0633458646616541,0.0033834586466165,"1819,2492","2492,61279"
0.2776859504132231,0.0202318229715489,"1820,6164","1820,111231"
0.157079646017699,-0.1235955056179775,"1823,18831","9343,18831"
0.4047177394422804,-0.125,"1824,6824","6824,21377"
-0.0935147677665473,-0.2236108157623542,"1825,40936","1825,11014"
-0.3167216023062889,-0.2197108066971081,"1829,3313","3313,109547"
-0.0626648681055155,0.0197916666666666,"1562,1830","1830,44665"
-0.8615384615384616,-0.1500818330605564,"1831,31252","1831,21366"
0.3867213639405312,-0.2135871356200115,"1833,78147","1833,6488"
0.3392504930966469,0.0335305719921104,"1834,109231","1834,44511"
-0.4063060324593873,-0.0183992640294388,"1835,19062","1835,7730"
0.1433455433455434,-0.0672008547008546,"1841,54142","1841,111713"
0.5684721782282758,-0.0253333333333333,"1619,1844","1844,10968"
-0.2164715719063545,-0.4084507042253521,"1845,71967","1845,10879"
-0.0734988801369,0.0198807157057654,"1850,6685","1850,104447"
-0.2133247918001281,0.0102498398462524,"1851,109232","1851,20747"
-0.2803030303030303,0.0235690235690235,"1852,2915","2915,39077"
-0.3659340659340659,-0.3881856732479139,"1855,10031","3408,10031"
-0.0179680065846928,0.0109699769053117,"609,970","609,50796"
-0.4314285714285715,0.2785138248847926,"1858,109233","1858,12754"
-0.1430417923308918,0.0047393364928909,"1863,4310","4310,24766"
-0.0246089931573802,-0.0034246575342465,"1864,2123","1864,2220"
0.2298356105892399,0.0162254483347566,"1869,55685","1869,133730"
-0.4675141242937853,-0.0082972308783663,"1870,2060","2060,13342"
-0.081025447079799,0.0284005979073243,"1331,1872","1872,4510"
0.3260656349058363,0.0193548387096774,"1873,69102","69102,73468"
0.1207588471360817,0.0545806451612903,"1874,2222","1874,17148"
-0.0838061981667394,0.0088819226750261,"1877,20993","20993,64183"
-0.043532041728763,0.0269320843091334,"1881,49149","1881,22839"
-0.1891691690618801,0.012531328320802,"621,1441","1441,34882"
-0.1424859246427024,0.0251190991771329,"1886,10923","10923,17834"
-0.0867768595041321,0.0475206611570247,"1889,13521","13521,128442"
-0.1013283904850169,0.0627123880135928,"1748,65963","1748,3620"
-0.206881866221666,-0.1301270090673999,"1897,2010","2010,3767"
0.0537033995730004,-0.0923076923076923,"606,11792","7566,11792"
0.1077016689847009,0.0250347705146036,"1898,109237","61798,109237"
-0.2532920216886135,0.0077459333849728,"1899,79052","5937,79052"
-0.3119704894637959,0.0192525481313703,"1900,9064","9064,9901"
-0.3894862604540023,-1.0,"1901,69186","1901,119976"
-0.0978978978978978,0.0192192192192192,"1902,49533","1902,86197"
-0.2581413820492454,0.0262112787926926,"1906,109238","1906,47599"
0.0013087496422552,0.0703207847295864,"1907,32902","1907,2862"
-0.0602863965098435,0.0073766712770862,"1908,2043","2043,2118"
-0.4551820728291316,0.0140056022408963,"1909,109239","107090,109239"
0.5416905578549014,-0.4267346547139293,"1910,42952","2793,42952"
-0.1857172900040953,0.0295748613678373,"1913,109240","1913,11805"
0.2220238095238095,0.0825396825396825,"1915,90388","8893,90388"
0.2760004496402877,-0.265625,"1917,109241","58398,109241"
-0.1915877601645692,0.0338818973862536,"1316,5320","1316,35440"
-0.1318331611824307,-0.0125714285714285,"1919,109242","1919,15712"
0.0825621484304118,0.0219560878243512,"1920,109243","1920,160004"
0.543918918918919,0.0883882149046793,"1921,2689","2689,5880"
0.5690122723673793,-1.0,"1922,77922","67654,77922"
-0.579136690647482,-0.1140350877192982,"1924,87394","1924,20922"
0.2944659442724457,0.0111215538847117,"1929,15390","1929,6038"
0.0330595611285266,0.0123636363636363,"1932,4919","4919,21195"
0.0117438867438867,0.0053088803088803,"1933,93265","1933,24597"
0.4404050231057745,0.2102689486552567,"1935,7883","1935,111690"
0.5794223826714802,0.1180124223602484,"1936,10275","1936,114105"
0.0479390681003584,0.024653312788906,"143,353","353,6663"
-0.1978836941756092,-0.2104800240883662,"1939,55178","1939,2482"
-0.0149425287356321,0.0050287356321839,"1044,1338","1044,10802"
-0.1293964607417224,-0.0913461538461538,"894,1539","894,2112"
0.4817893340911244,0.0206655931293612,"1941,4343","4343,12760"
-0.4650145772594752,0.0262390670553935,"1945,109245","1945,59880"
-0.1070829137294394,-0.2000354684046185,"1946,38067","1946,3919"
-0.0408608149433837,-0.0205655526992287,"1949,73869","1949,25217"
-0.1594202898550724,0.0139930034982508,"1950,105935","1950,39078"
-0.2215277777777777,0.0180555555555555,"1955,29440","29440,42657"
-0.4146867429819977,0.2258096911875471,"1956,109246","2810,109246"
0.1374747332299158,0.0118460019743336,"1957,109247","91940,109247"
0.3849392147198948,-0.0784963323292085,"1691,94657","1691,5975"
-0.1886199008768585,-0.2302814723167336,"1959,84185","1959,19564"
-0.0287815996684625,-0.3533109881535078,"1962,4155","4155,7618"
0.1818418807469902,0.0072992700729927,"1966,2674","2674,160839"
0.2048881735005083,-1.0,"1970,6573","1970,110316"
-0.0210916049588152,0.0353606789250353,"1977,15133","1977,8036"
-0.0718908654032476,0.0056206088992974,"1978,11265","1978,113282"
-0.0935340592271866,0.086092715231788,"1979,61667","2381,61667"
-0.5779816513761468,-0.9064220183486238,"1980,17331","17331,20345"
-0.4729339280469395,0.0307101727447216,"1981,13186","13186,14408"
0.1364525400955831,0.0118203309692671,"817,11044","817,97371"
0.0658756349970728,0.0054824561403508,"836,1983","1983,35410"
0.1348831931002059,0.0095930783318948,"1988,30652","1988,8451"
-0.1056227913813052,0.0328282828282828,"1989,109250","1989,12681"
-0.0042581211589113,-0.4043020193151887,"436,109251","436,5182"
-0.3250517598343685,0.0175983436853002,"1991,4501","4501,63342"
-0.5063527375261175,0.0945945945945946,"1993,2616","1778,2616"
-0.3219035079469576,-0.0234657039711191,"1995,109253","8715,109253"
0.1671697586232826,-0.1111111111111111,"1996,6858","6858,9371"
-0.107132469379181,-1.0,"1960,3891","3891,167460"
-0.3188968527193032,0.0741379310344827,"434,1997","1997,116851"
0.0758014931927975,0.1565217391304348,"1998,3826","1998,12273"
0.1956484513795243,0.1028438832227078,"1999,49893","1999,2483"
-0.0464477690983714,-0.1143295484094652,"2001,4754","3015,4754"
0.186356900166269,-1.0,"2002,61827","2002,160444"
0.4330591675184824,0.0136330140014738,"2005,69923","29639,69923"
0.4992,0.064516129032258,"2008,18766","9767,18766"
0.1870503597122302,0.0919682017543859,"2011,2371","2011,110975"
-0.3037974683544304,0.0097370983446932,"2012,4823","4823,166524"
0.1102463146603041,-0.003862495171881,"1796,2016","1796,79433"
0.0258232261305048,0.0774278215223097,"2018,12722","12722,111875"
-0.3811274509803921,0.0245098039215686,"622,109256","622,84477"
0.5929319371727748,0.0458115183246073,"1139,109257","1139,119588"
-0.2890334572490706,0.1273234200743494,"2020,44420","2020,104859"
0.0547630369313678,0.1728395061728395,"2022,12611","2022,48975"
0.0221301464275945,0.0027465667915106,"2024,11721","2024,160422"
0.8249336870026526,0.1636424731182795,"2026,109258","44710,109258"
0.1649463729673624,-0.0617283950617283,"331,43979","43979,96199"
-0.3006789524733269,0.0446168768186227,"696,2031","696,11318"
0.1824602707474985,-0.1506849315068493,"628,76810","20302,76810"
-0.1802999565280393,-0.0550724637681159,"2033,23137","2033,8342"
-0.3391877058177827,0.0197585071350164,"2038,60263","2038,39955"
-0.1131647776809067,0.043010752688172,"2039,109259","2039,57114"
0.0737294201861131,0.3009708737864077,"37,2046","2046,10168"
0.309890252613806,-0.3514454893765238,"2047,109261","2047,5398"
-0.3245521601685985,-0.2065331928345626,"1251,2051","1251,43114"
-0.1421770410803412,-0.1521739130434782,"1719,2054","1719,22544"
0.1531576330183988,-0.0086614173228346,"2055,4417","2055,8012"
-0.0945655511206631,0.0211851396991096,"1036,9523","1036,84122"
-0.0611721481554727,-0.0299239509226369,"2057,9017","2057,8720"
-0.4858044164037854,0.1230283911671924,"2063,4144","4144,12732"
-0.1837373901724698,0.0569476082004555,"2064,109262","5218,109262"
-0.313162819713038,-0.2391304347826087,"2066,41608","41608,112674"
-0.2621870882740447,-0.0819935691318328,"2069,19358","12014,19358"
0.6069142125480154,0.0678617157490397,"2070,109265","333,2070"
0.2565976338337338,0.0456769983686786,"2073,2485","2073,38828"
0.046463809595541,-0.0766208251473477,"2076,13815","2076,11125"
-0.1160531036957301,0.0290635091496232,"592,109266","592,28661"
0.2366157328805885,0.0344086021505376,"2081,14879","14879,15764"
0.2504025983692846,-0.9680567879325644,"2083,9078","2083,29997"
-0.0487179487179487,0.1071428571428571,"2085,109270","24355,109270"
0.065330810552592,0.0659806295399515,"1322,7385","1322,110806"
-0.1245928338762215,-0.6805555555555556,"2086,3519","3519,4152"
0.0332569683085147,0.1851851851851851,"2090,18980","2090,15997"
0.0129520146807989,-1.0,"2093,5101","2093,45968"
0.0068315461777931,0.0228813559322033,"2094,25064","2094,76091"
-0.3315217391304347,-0.0195945945945945,"2095,10021","631,2095"
-0.4110512129380054,0.013477088948787,"2096,10005","10005,166360"
0.0928796394625368,-0.0699300699300699,"2097,16837","2097,11038"
0.0708880160934955,0.2560491152040448,"1651,109273","16626,109273"
0.0838962849838982,-0.1759259259259259,"2101,2526","2526,25896"
-0.2601918304977525,0.0124716553287981,"2103,28678","2103,12306"
-0.1775729944708507,-0.0493843763074532,"1371,2104","1371,5083"
-0.0428882000947092,0.0474137931034482,"2106,35569","2106,65252"
0.3691775014132278,0.2861846496106786,"2108,5598","4486,5598"
0.1994953468506946,-0.9224137931034484,"2109,4242","2109,95291"
-0.543010752688172,-0.5079955886407499,"2110,95152","2110,39940"
-0.3186761229314421,-0.604642166344294,"2111,4650","4650,59267"
0.0014495449472356,-0.000443980681206,"2114,2247","2215,2247"
0.4207052733743125,0.0071174377224199,"2116,2676","2676,73690"
-0.0032143968109496,-0.3703703703703703,"1239,5464","5464,62615"
0.093646502196688,0.020817843866171,"2124,18504","18504,39311"
0.9648562300319488,0.1211853543459761,"2125,15121","7649,15121"
0.494274114140038,0.0251156642432253,"2126,9186","9186,9525"
-0.0828304991771804,0.0652770159078442,"2127,48122","2127,31184"
-0.0165275015262215,-0.0960698689956331,"2129,16596","2129,8711"
-0.4734535757106797,-0.0351906158357771,"2133,55081","7616,55081"
0.3491879350348028,0.0330882352941176,"2134,2996","2134,25765"
-0.004355603951155,0.2179487179487179,"2137,2845","2137,115018"
-0.1538600702779807,-0.4660980810234542,"2153,6484","2153,100673"
-0.2893461288223812,-0.0423892100192678,"2155,2778","2155,2906"
-0.5350089766606823,0.1095152603231597,"2156,109281","2156,104199"
-0.463452566096423,0.0186625194401244,"2157,56630","2157,43136"
-0.0338093600892235,0.0113022113022113,"2158,109282","2158,28617"
-0.0986683606248823,0.0292490118577075,"2159,18743","18743,118923"
-0.1825980392156862,-0.3244147157190635,"2160,3466","3466,9603"
0.478330658105939,-0.5099601593625498,"2161,15088","2161,29128"
0.0566886936470487,-0.0027362046424011,"2163,5309","1930,5309"
0.1939874939874939,0.0259740259740259,"2028,2164","2028,61786"
0.1518139178711591,-0.0913154082606084,"2165,109167","2165,14282"
0.5429291321031094,0.0093659942363112,"2167,36183","2167,81078"
-0.3731487810435179,0.0275689223057644,"2168,27084","27084,46650"
0.0498937836837542,0.0802005012531328,"2169,107168","16460,107168"
0.8433048433048433,0.0021602937999567,"2178,27305","2178,161766"
0.21377044227065,-0.0231023102310231,"2179,6652","2179,12131"
0.0683754691654625,-0.0298034104485717,"2180,4033","4033,15816"
0.2309482687721029,0.0145077720207253,"2181,32987","32987,77054"
0.0872620283835237,0.0448598130841121,"2184,69143","22099,69143"
-0.4120111731843575,0.0181564245810055,"2185,109287","2185,84499"
0.2256526104417671,-0.0840629599141909,"2188,109288","2188,7905"
-0.1690965894298359,0.047743985150282,"2189,109289","2189,10789"
0.2603121516164994,-0.462882096069869,"161,2190","161,6981"
-0.1503231798548403,0.0164870006341154,"2191,6917","2191,125400"
-0.0387404678483099,0.0082440230832646,"2192,2633","2192,128550"
-0.0266119906492658,0.0199501246882793,"2194,22474","22474,44560"
-0.3458083070345108,-0.0363636363636363,"2196,11234","2196,24558"
0.1315470875769912,0.0134271099744245,"2199,109290","2199,52743"
-0.0994944652662773,0.0307606263982102,"2200,3017","3017,18917"
-0.1534031413612565,-0.0726256983240223,"2201,38868","2201,2490"
0.0789480030506645,-0.107398568019093,"2202,7174","7174,12609"
-0.0172119931173705,0.2031398430078496,"2204,2265","2265,20420"
0.2257109188251511,-0.2670998107126413,"2207,24299","2207,124886"
-0.2470489038785834,0.0472175379426644,"2208,5392","5392,112649"
-0.2642019837691614,0.0333633904418394,"2209,109294","3382,109294"
-0.4517647058823529,0.0541176470588235,"2212,109295","2212,46818"
0.1526988265971316,0.0219185375809743,"2218,89038","2218,17606"
-0.7121951219512195,0.0268292682926829,"2221,109298","2221,97007"
0.7181467181467182,-0.1458096752214399,"2226,109299","11612,109299"
0.5540256325994084,0.1432167032128897,"2227,42498","3293,42498"
0.0185370088995007,0.030750307503075,"2228,17370","2228,43175"
-0.0885432676914077,-0.0072904009720534,"1661,2230","1661,2977"
-0.1914473684210526,-0.1114346202877435,"2233,4421","4421,13651"
0.4104018354918947,0.0343511450381679,"2234,2889","2889,52530"
0.4927264136685316,0.0023686477174849,"2235,16816","2235,159684"
0.0735180050030056,-0.0390080458997288,"2239,31402","7249,31402"
0.4629137564530822,-0.1790546502735455,"2241,109301","6942,109301"
0.0325290983745631,-0.0121363321363321,"921,2800","921,7268"
0.0818927271058348,0.0122448979591836,"2245,23010","23010,99269"
-0.022758522592575,-0.0067447639332623,"2248,50858","2248,3129"
0.2550156194063154,-0.5087917624594072,"2249,35467","2249,40994"
0.1661654135338345,0.1142857142857142,"2251,109303","5408,109303"
0.1630599104143337,0.0465425531914893,"2253,17541","2253,119642"
-0.0443931034772984,0.027065527065527,"2254,109306","58873,109306"
-0.5623591738197424,-0.0387696709585121,"2256,29023","29023,113927"
0.4077868852459017,-0.0350092357423227,"2257,25729","11091,25729"
0.7902403495994174,0.020393299344501,"2260,53928","2260,122267"
-0.5658533070752678,-1.0,"2262,3661","3661,100458"
0.1059792978439229,0.0160274756725815,"2266,8959","8959,38927"
-0.532347504621072,-0.005403319181783,"2269,22453","1181,22453"
-0.4095517008335211,-0.1176470588235294,"2270,109311","26035,109311"
0.1938124435867907,0.0560941828254847,"2271,107350","2271,12096"
0.0237584246394818,-0.0095713409436712,"2272,6924","2272,34564"
0.7318406664931008,0.072463768115942,"2277,109312","2277,48643"
-0.0416886095435154,0.0176537585421412,"1483,50400","1483,9955"
0.1224118219926324,-0.0027341079972658,"2281,107229","2938,107229"
0.007718527495834,-0.227061556329849,"2284,25019","5654,25019"
0.9533333333333334,0.5777777777777777,"2285,27201","27201,120645"
0.7894736842105263,0.3220338983050847,"2291,56231","56231,133541"
0.2394859813084112,0.0614035087719298,"2292,38517","38517,123643"
0.3198287220026351,0.0478260869565217,"2295,47386","47386,49517"
-0.1318662938310574,-0.3209876543209876,"2296,7192","2296,19320"
-0.2347499542040667,0.0216828478964401,"2297,11768","2297,4722"
0.639240506329114,-0.3142692750287687,"2300,20978","15704,20978"
0.0983912902177445,0.0441176470588235,"2303,3051","2303,140701"
0.29,-0.0044715447154471,"2308,109320","2308,4941"
0.4796546439799674,0.0115384615384615,"2309,4512","4512,40636"
-0.2432068418087775,0.0588928150765606,"2311,7054","1058,7054"
0.3736842105263158,0.0322862129144851,"2312,57690","2312,118966"
0.1244623750310512,-0.0311981462753684,"2316,8703","8703,11606"
-0.7566844919786097,-0.0076045627376425,"2319,49891","24329,49891"
-0.2552036199095022,-0.3501523686397636,"2324,109323","2324,122104"
0.3622098398340871,-0.6451612903225806,"2325,82068","2325,132796"
-0.0767967481150136,-0.0207468879668049,"2326,4320","3052,4320"
-0.0944913151364764,-0.0888888888888888,"2327,51486","2327,8410"
-0.8287671232876712,-0.0189452124935995,"2329,109324","1050,109324"
0.5803571428571428,0.0446428571428571,"2332,25773","25773,36819"
0.1281145265200866,-0.2093023255813953,"2334,4721","2334,7166"
0.6821266968325792,-0.4074239713774597,"2338,109327","2338,115065"
-0.1778938663867817,-0.15625,"2339,29466","2339,129482"
-0.0773107630892061,0.023076923076923,"2341,26120","2341,42406"
0.0463582508646372,0.014519056261343,"2346,46469","46120,46469"
0.5142636776033368,0.0189573459715639,"2350,84777","84777,91370"
0.607241564227374,0.029004040096389,"2351,109329","3349,109329"
0.0628950767577701,0.0330578512396694,"2352,44010","2352,114210"
0.0759645339084591,0.0311355311355311,"2353,7140","7140,28611"
0.3014273926810863,-0.9817767653758542,"2362,16808","16808,121573"
-0.1630970616905723,-0.0672897196261682,"2364,3456","2364,2999"
-0.3492462311557789,0.0238693467336683,"2368,109335","2368,53288"
-0.1631114040870138,0.0439024390243902,"2369,109336","2369,35763"
-0.1132382892057026,0.0224032586558044,"1702,2512","1702,18649"
-0.3106145251396648,0.012290502793296,"2373,5440","5440,42052"
0.0441799016961672,-0.0074463425317564,"2375,23033","2375,3763"
0.0338279208659947,0.0545212765957446,"1994,2376","1994,17687"
-0.5630081300813008,0.0365853658536585,"2382,109339","2382,59041"
-0.3004338394793926,-0.9859002169197396,"2383,23632","23632,33726"
-0.377440011642926,0.0388127853881278,"2384,39112","2384,63580"
-0.0556487722109629,-0.112,"2387,4947","2387,115527"
-0.2493224932249322,0.0455670714467958,"2391,59344","182,2391"
0.1128550695687989,0.0093141405588484,"2392,5060","2392,124111"
-0.684863523573201,-0.069010989010989,"2393,5170","2393,98033"
-0.1681901279707495,0.0127970749542961,"2394,7025","7025,51193"
-0.0523024445707788,0.0072010612090202,"76,2395","76,9003"
-0.5,0.0416666666666666,"2397,109340","2397,29633"
-0.0791208791208791,0.0178571428571428,"2399,3609","3609,149914"
-0.0306206896551724,-0.2607628004179728,"2401,4283","4283,109760"
-0.2011661807580174,0.0379008746355685,"2402,109341","2402,54944"
-0.0092054263565891,-0.1063829787234042,"2403,109342","19190,109342"
-0.2969818399413714,0.0326894502228826,"2404,46007","2404,49716"
0.0770189953490065,0.0079594790159189,"2406,77221","2406,80435"
-0.0017197428923392,-0.1554880446751612,"2407,2430","2407,2596"
0.1942145102031782,0.0235934664246823,"2408,35407","35407,144315"
-0.3945480631276901,-0.6132075471698113,"2412,109344","2412,26252"
0.0171405171405171,-0.5,"711,9254","711,120699"
-0.0622970638446301,-0.0318725099601593,"2414,6915","2414,8164"
-0.4807692307692308,-0.0235690235690235,"2415,3541","3541,27580"
0.2255947497949138,-0.057347670250896,"2418,5034","2418,39731"
0.2983713931669322,0.1468401486988847,"2422,35451","3958,35451"
-0.147999217123641,-0.0196367206676485,"2423,90695","2423,4232"
-0.3005644980997093,-1.0,"2424,46381","2424,107380"
0.3701588638297499,0.0212213031361967,"1937,82691","13580,82691"
-0.1246020918599363,0.0422919508867667,"2431,109350","2431,111389"
0.2255635131035755,0.0446194225721784,"2433,38364","38364,44092"
0.0948278993183771,0.0511882998171846,"2435,40522","2435,36747"
-0.3945086705202312,-0.119047619047619,"2436,109351","2436,30463"
0.4539999999999999,-0.0918032786885245,"2438,15824","2438,37091"
0.3238974176945602,-0.0090278991205078,"2439,11224","442,11224"
-0.2077246042498138,0.0329171396140749,"2441,5453","5453,6959"
-0.4100704169354054,0.0594965675057208,"2443,8279","2443,18595"
-0.0967347926669331,-0.3228250244379277,"2444,14798","14798,32497"
-0.4065769805680119,0.0194319880418535,"2445,5070","5070,114966"
-0.0618834490317866,0.0339673913043478,"1565,1859","1859,9604"
-0.4466338259441708,0.064039408866995,"2450,109352","2450,27844"
0.1195637733557282,-1.0,"2451,19767","2451,44426"
0.1704962284618683,-0.1915584415584415,"2456,8037","2456,59109"
1.0,0.0296939241662859,"2458,3169","3169,15567"
0.0573715361850954,-0.0528455284552845,"2464,89935","2464,19891"
-0.0784520000815112,0.0183196462413139,"2465,8190","8190,38153"
0.3017817371937639,-0.1085271317829457,"2466,41145","2466,7147"
0.3179962311557789,0.0217755443886097,"2469,2988","2988,71037"
-0.3665719504769636,0.0322668707743334,"2470,4631","2470,5878"
0.0696115689100958,0.0475113122171945,"261,2471","2471,131172"
0.1497864966891515,0.0179260267755843,"298,2472","298,16521"
-0.0183389006122429,0.0233100233100233,"2473,2980","2473,54870"
-0.1853070175438597,-0.2553191489361702,"2474,26282","2474,80918"
0.0143168322201032,0.0165041260315078,"2478,38270","38270,50743"
-0.7620396600566572,0.0821529745042493,"45,20862","45,23508"
-0.7041884816753927,0.0287958115183246,"2480,31499","2480,104419"
-0.3396464646464646,0.0176767676767676,"2481,59345","2481,135591"
0.4864486370291299,-0.0654413573973232,"2488,28512","2488,7500"
-0.532803180914513,0.0318091451292246,"2496,55593","2496,55761"
-0.1857128086966796,0.0614439324116743,"2497,12191","12191,117836"
0.7362637362637363,0.1053751399776035,"2498,8632","8632,12305"
0.1715092097445038,-0.4435559640522876,"2500,109358","2500,9167"
0.3598037108675407,-0.0152761457109283,"2162,22197","2162,12448"
-0.2979369215965106,0.0215462610899873,"2503,109360","2503,139102"
0.022848200312989,0.0535211267605633,"2504,109361","58891,109361"
-0.638755980861244,0.0717703349282296,"2506,11242","2506,122247"
-0.3842902479247218,0.0232172470978441,"2508,17151","2508,6813"
-0.2373746312684365,-0.2021175726927939,"2510,4415","4415,48445"
0.4869192960202949,0.0280112044817927,"2514,109364","2514,167455"
-0.3232538743526582,0.036697247706422,"491,26138","491,38415"
0.1106725110793596,-0.027431421446384,"2519,7300","7300,23299"
-0.0880904856952761,0.0133067198935462,"816,28711","816,40193"
-0.1927015220234286,0.0300230946882217,"2521,74452","2521,11041"
0.2291760303060878,0.0165289256198347,"2522,7540","7540,31737"
-0.216260162601626,0.0170731707317073,"2523,76386","2523,131185"
0.5974358974358975,-0.3514130348495674,"2524,21418","12437,21418"
0.118838108398136,0.0225988700564971,"2529,11972","11972,99526"
0.2945219427756848,0.4565217391304347,"2534,52118","52118,113893"
0.0535756772373475,0.0214132762312633,"2535,22467","2535,33879"
0.960144927536232,0.016260162601626,"2536,13358","13358,18991"
-0.559620130778821,0.1691919191919192,"2537,3789","2537,112980"
0.1757896390969566,0.0267141585040071,"2541,7712","7712,36111"
-0.4145062254818352,0.0509977827050997,"2546,48125","48125,115883"
-0.1444929116684842,0.039803707742639,"2550,7408","2550,13734"
-0.1478041204686639,0.0354938271604938,"2551,24441","24441,48467"
-0.7810650887573964,-1.0,"2554,89629","2554,115235"
0.7274723895582329,0.4270833333333333,"2557,16864","11935,16864"
-0.0099687933425797,-0.1238340697103583,"2558,32891","2762,32891"
-0.1669831163663236,-0.0402597402597402,"2560,109375","2560,109489"
0.0963882566613789,-0.2766971607898866,"2571,5043","5043,109588"
-0.0520757020757021,0.0301587301587301,"2573,47910","47910,57863"
0.0175230135509384,-0.0188719862227324,"2574,19277","4938,19277"
-0.6599935068143161,-0.0743405275779376,"2576,61090","11981,61090"
0.1518518518518518,-0.3800063371356147,"2578,109378","2578,9005"
-0.2303110986547085,0.0291479820627802,"2579,109379","12007,109379"
-0.7507163323782235,-0.2305108190890228,"2581,109382","2581,112249"
-0.1767654821446798,0.0141442715700141,"2078,3429","3429,165443"
0.2478036175710594,0.1085271317829457,"2582,8092","8092,114313"
-0.2504645760743321,0.2036585365853658,"347,4581","4581,4746"
-0.0014072927391101,0.0087770626097132,"2586,18910","18910,73334"
-0.2723214285714286,0.046875,"2587,69974","52969,69974"
-0.2492836676217765,0.0324737344794651,"935,109386","935,120028"
-0.4702702702702703,0.0216216216216216,"2590,9511","9511,14416"
-0.1192979528259902,-0.2575757575757575,"2591,13629","13629,35522"
0.2271689497716895,-0.0602409638554216,"2597,68706","51095,68706"
0.0448289653225427,-0.0198051383169982,"2599,2820","2790,2820"
-0.8080495356037152,0.0650154798761609,"2601,109388","53290,109388"
0.0108736119715242,-0.0568783068783068,"2602,109389","2602,37931"
-0.234023402340234,0.0198019801980198,"2603,10283","2603,18282"
-0.1770796302879488,0.0226293103448275,"812,2605","812,52085"
0.0947634196838862,0.0340136054421768,"2606,21565","21565,44289"
-0.2867660695078076,0.0060281674911469,"2608,58131","12100,58131"
0.8176718092566619,0.0294530154277699,"2609,16526","16526,25689"
-0.139697950377562,0.005933117583603,"2611,12655","2611,156951"
-0.1996915959907478,-0.1597382849310374,"2612,56806","2612,116741"
-0.3691369415478532,-0.0661105060462818,"2613,19128","19128,26236"
0.5927672955974843,-0.4495412844036697,"2615,109393","2615,14066"
-0.8491803278688524,-0.2577319587628865,"2620,109395","2620,44270"
-0.2569444444444444,0.0307539682539682,"2621,69076","35517,69076"
0.3202099737532808,0.0367454068241469,"2622,69084","69084,78480"
-0.3831360946745562,0.0784023668639053,"2623,35562","19777,35562"
0.0075791784258388,0.0488888888888888,"2624,3158","2624,4394"
0.1847733105218135,-0.0446428571428571,"2626,12727","5802,12727"
0.3843866437374605,0.0375465749498423,"2628,70835","2628,110311"
-0.0872716030860576,0.0524625267665952,"2630,11114","2630,28254"
0.0913068923603295,0.0262011033429448,"2635,7536","2635,38246"
-0.1087231352718078,0.0071639275179098,"2636,6729","6729,63740"
-0.0786483905652007,-0.4756450273474413,"2639,13283","13283,114970"
0.4599000263088661,0.0152380952380952,"2640,74360","2640,63775"
-0.0911016949152542,0.0384887005649717,"2641,108976","8390,108976"
-0.25208807896735,-0.1497326203208556,"2642,17290","17290,54978"
-0.0882453782813787,0.0072083879423328,"2643,14756","2643,89884"
-0.0107641272020132,0.1489361702127659,"2644,61887","61887,75858"
-0.0201779897989051,-0.0538185050629976,"1468,3426","1468,2760"
0.50679777730571,0.0367504835589942,"2645,3095","3095,5334"
0.489065606361829,-0.0313390313390313,"2646,109398","2646,9660"
-0.0405571449530516,0.0182291666666666,"2651,9540","9540,55439"
0.0644599303135888,-0.6774193548387096,"2654,11586","11586,111811"
0.3803982553982554,0.0231481481481481,"2656,109401","31057,109401"
0.0985915492957746,-0.1818181818181818,"607,109402","607,113311"
-0.0943604865462587,0.023958717287136,"1136,78890","1136,113153"
0.116575591985428,-0.0132642598888349,"2659,109205","19215,109205"
0.0943262411347517,0.0184397163120567,"2661,2759","2759,18244"
-0.1111064839878399,-0.3966011466011466,"2663,109405","5388,109405"
0.6781914893617021,-0.1851851851851851,"2670,33294","2670,33962"
0.1228164183903118,0.0118279569892473,"1219,69726","69726,97828"
0.6180451127819548,0.1248120300751879,"2538,109408","2538,7194"
0.3368146214099217,-0.103395061728395,"2678,109409","2678,10559"
0.1317679216515802,-0.027027027027027,"2280,3412","2280,13571"
-0.0594341699691765,0.0151915455746367,"2679,16661","2679,76731"
0.2991618648507072,-0.046011730537971,"2681,4678","4678,84154"
-0.7448680351906158,0.032258064516129,"2682,71273","2682,24075"
0.2706243032329988,0.0742753623188405,"823,2684","823,117579"
0.1311167929528573,-0.036119761256001,"2318,2686","2686,2904"
0.3516973800549118,0.0117967332123411,"2688,20974","2688,34607"
0.5998198522788687,0.0439560439560439,"2690,48168","2690,79482"
-0.1976653696498054,-0.2503943632348301,"2691,109411","2691,9894"
-0.114020519482401,0.0133432171979243,"2692,12514","2692,33189"
0.1886651752423564,-0.1162790697674418,"2696,109412","57359,109412"
0.3212911735609863,0.0502692998204667,"2697,109414","2697,123633"
-0.0097894736842104,-0.1699457872148181,"2698,9289","2698,17110"
0.3660779448255729,0.0246679316888045,"2699,4085","4085,149351"
0.0667713567839196,-0.0136385776911836,"2700,3793","2700,4567"
-0.1896551724137931,0.0187406296851574,"2703,101933","2703,34469"
0.1428117970162436,-0.003681885125184,"2704,19712","19712,37437"
-0.6023809523809524,-0.5920417482061318,"2705,109415","2705,22758"
0.0037960652204876,0.0900621118012422,"2709,16798","2709,36074"
0.2677484787018256,0.0824587706146926,"2715,109418","18963,109418"
-0.0352761721258831,0.0130057803468208,"2719,28383","2719,84208"
0.5550660792951542,-0.0176470588235294,"2720,20661","7253,20661"
-0.0804863875410407,0.006970069700697,"1421,2250","2250,96901"
-0.1803125,-0.130752453653217,"2721,40639","40639,43815"
0.2088819226750261,0.2155172413793103,"2724,92810","24291,92810"
0.1268201674554058,-0.0268595041322314,"2725,80812","658,80812"
0.0316649154647052,-0.1033454080545493,"2727,5147","5147,11571"
-0.0355695222480302,0.1314387211367673,"2728,81305","2728,112417"
-0.3596147904006591,0.0285206375763732,"2729,23414","23414,48046"
0.0180422788419812,0.0200235571260306,"1109,2730","1109,21299"
0.2801136363636363,0.0375,"2732,109419","2732,129672"
0.613251155624037,0.0154083204930662,"2735,8541","6922,8541"
0.3669590643274854,0.0926829268292682,"2737,54866","2737,39626"
0.0499438757783895,0.00853889943074,"2740,27913","21672,27913"
-0.0363279332351497,0.101620029455081,"2742,4270","4270,14679"
-0.0360123152366225,-0.0603015075376884,"2421,2743","2421,60958"
-0.16641731134141,0.0735294117647058,"2744,109423","17927,109423"
-0.6578947368421053,-1.0,"2745,15968","2745,159440"
0.1510146521022061,0.0237851662404092,"2746,4491","4491,10108"
-0.3392857142857143,-0.8525,"2747,13551","13551,14732"
0.0446220446220446,0.007451923076923,"2748,109425","1838,2748"
-0.6944444444444444,-0.0194850382741823,"2749,102296","231,2749"
0.3043200621911266,0.0193236714975845,"1523,2754","1523,155875"
0.2214703364360006,0.0485436893203883,"2756,27989","2756,133922"
-0.1522336412510767,0.1393129770992366,"2543,18240","2543,5858"
-0.2191966115589561,0.1047957371225577,"2765,109428","2765,79475"
-0.0644243704214847,-0.0263215539735206,"2767,3258","3258,22665"
-0.2791479820627802,-0.0521978021978022,"2770,50938","4267,50938"
0.5039504260263361,0.0038729666924864,"2771,59690","2771,59879"
-0.3534063260340633,-0.3076968725891639,"2772,11005","2772,13228"
0.0739447949417341,-0.0948275862068965,"2773,6229","6229,36404"
0.5070107631083242,0.004516711833785,"2774,2924","2924,8042"
-0.5560538116591929,0.0493273542600896,"2775,109429","2775,54325"
0.2281043074612601,-0.9152046783625732,"2776,30940","27476,30940"
0.2082799353652421,-0.4545454545454545,"2777,10867","2777,90378"
0.3960812457232504,0.0489510489510489,"2779,18731","4837,18731"
0.0351418837306294,0.1869918699186991,"2782,5113","2782,16572"
-0.3120586275816123,0.0936708860759493,"2034,2784","2034,29143"
0.2339674726877352,0.0710835058661145,"2785,14686","2785,8965"
0.3493788819875776,0.0410628019323671,"2788,45824","45824,138712"
-0.0759493308168123,0.1237387148167817,"2789,79173","2789,4994"
0.1867772750125691,-0.0649350649350649,"2791,10340","3556,10340"
0.2506844850065189,0.0254237288135593,"2794,109432","2794,17274"
-0.1609929425069867,-0.034274193548387,"2796,5011","5011,19823"
-0.3722798003956654,-0.1014492753623188,"2797,64849","2797,19708"
-0.1836891078270388,-0.3463102199944305,"2798,4098","4098,10412"
0.1286542037688477,-0.2533175727702795,"2802,6508","3693,6508"
-0.2919621749408983,0.0224586288416075,"2807,17512","17512,27250"
-0.0918734793187348,-0.0166346769033909,"2811,109436","2811,8405"
0.3849765258215962,-0.0539629005059021,"2812,109437","4852,109437"
-0.1309276334373936,0.0177095631641086,"2815,8257","8257,72466"
0.5214007782101167,0.0758754863813229,"2817,69424","27781,69424"
0.508,0.148,"2819,21129","13527,21129"
0.113796716730702,-0.0818030050083472,"2821,14895","14648,14895"
-0.3838977536354892,-0.9586374695863747,"573,2823","2823,17265"
-0.1296572280178837,-0.2926772023157565,"2824,7806","2824,109982"
-0.2461371318203766,0.0252293577981651,"2829,40665","40665,49456"
0.3439735423811857,0.0389140271493212,"1706,29602","1706,6031"
-0.0460726252629938,-0.0366904962153069,"2835,6172","4376,6172"
0.0747091243110839,0.1587301587301587,"939,21272","11838,21272"
-0.2238532110091743,0.0110091743119266,"247,2837","247,40355"
-0.3217807286735039,-0.0695297743314444,"2841,21600","2841,6453"
-0.1538465969641982,-0.1351404199154303,"2842,109444","2842,5673"
0.0014455782312924,-0.027378507871321,"2844,20038","2844,6144"
0.488421052631579,-0.0994418430417681,"2846,109445","2846,13914"
0.1735134100664351,0.0129589632829373,"2848,109446","2848,122471"
0.2119353713196811,-0.1862829756918958,"2854,48362","2854,10737"
-0.3740657936761418,-0.0321105547144909,"2856,32322","12763,32322"
-0.0073975503663003,0.01171875,"2857,15439","15439,53271"
-0.1801935964259121,0.0990320178704393,"2092,2860","2092,11190"
0.0802486986697513,0.0122180451127819,"2861,109448","2861,149312"
0.4729370415647921,0.39375,"2863,16153","16153,42833"
0.0049924852308745,0.0289132602193419,"2866,3136","3136,65030"
0.0891641378171383,0.0276625172890733,"2872,23807","4694,23807"
0.1730665193967946,0.0128992628992628,"2875,12053","2875,130321"
0.0337323610545197,-0.2068965517241379,"2876,79585","79585,87352"
0.3997888753552578,-0.9500609013398296,"2877,82483","2877,117444"
0.8197278911564626,0.0509915014164305,"2879,109450","58035,109450"
-0.4000892060660125,-1.0,"2880,43183","2880,56402"
0.710363861664977,0.004393376140588,"2413,2882","2882,148012"
-0.018693904130921,0.0379965457685664,"2883,109451","2883,18445"
-0.0601260252754602,-0.0718954248366013,"2884,13826","13826,41982"
0.4702518837684782,-0.1883766909469303,"1056,10473","1056,5909"
0.0230788775337361,0.0226130653266331,"2885,4281","3918,4281"
-0.1385057471264368,0.0126436781609195,"2886,5217","5217,7349"
0.5004692129783571,-0.0222326936773969,"2887,5375","5375,107667"
-0.0487802960003774,0.043010752688172,"2890,7556","2890,123476"
-0.0527448717169876,-0.6750970552031058,"2892,31150","2892,64778"
0.6064970328070765,0.074235807860262,"2893,24910","2893,18516"
-0.0697041947360175,-0.0267489711934156,"2710,2894","2710,3646"
-0.1743966817496229,0.0245098039215686,"2895,44404","31303,44404"
0.1298263745349318,0.1390243902439024,"2898,109454","7941,109454"
0.1455376115778671,0.0146316851664984,"2899,108878","2899,28299"
-0.1263823064770932,0.0078988941548183,"2900,56364","2900,105899"
-0.2359882005899705,0.0422812192723697,"2902,82564","2902,95073"
0.2732167963937325,0.1388621022179363,"2907,4253","3391,4253"
-0.0024863190295399,-0.1952175137438321,"2909,109456","2909,57897"
0.0002064626073277,-0.146067415730337,"2911,11380","2911,17745"
0.3060244880628158,0.0560574948665297,"2923,109460","2923,112266"
0.0179097747391437,0.0022722577979756,"746,3440","746,7339"
0.3155555555555556,0.1688888888888889,"2925,33462","2925,52069"
-0.3513200112580918,0.0294736842105263,"2926,109461","2926,145230"
-0.0718599033816425,0.0096618357487922,"2927,3323","3323,120579"
-0.2509465987726857,0.1231231231231231,"2928,3808","2152,2928"
0.4892703862660944,-0.1643835616438356,"2930,31685","31685,119705"
0.4867075664621677,0.1188811188811188,"1104,2358","2358,31714"
0.0560328153138131,0.0376175548589341,"2177,2934","2934,115685"
-0.1692704668074126,0.0121703853955375,"2935,59001","2935,18990"
0.0878569093105035,0.0129151291512915,"2936,3394","3394,8896"
0.1069820576574155,0.072463768115942,"2937,42572","2937,132998"
-0.1118327108963093,-0.3868979394309875,"2943,77237","2943,17627"
-0.1465230476793917,0.0169491525423728,"2949,5684","2949,3155"
-0.3343933463796478,-0.1157024793388429,"2950,35474","10046,35474"
-0.3657407407407407,-0.1333333333333333,"2952,62206","35438,62206"
0.6580086580086579,0.0288600288600288,"2954,34568","6096,34568"
0.040048607783583,0.0061609549480169,"1887,4659","1887,2088"
0.1190383365821962,0.0359953703703703,"2955,109465","2955,46178"
0.1593740944653723,-0.3650391190959142,"2957,41301","6293,41301"
-0.2193308550185873,-0.0452126176930547,"2967,84448","6174,84448"
0.1984271022383545,0.0818713450292397,"2971,47839","39197,47839"
-0.0523409685245281,-0.114421167337567,"798,7763","798,837"
-0.1754966743656982,-0.4561403508771929,"2974,13664","2974,41542"
-0.1634214186369958,-0.1019935095039406,"2975,109469","2975,65585"
-0.1477044360826033,-0.145631067961165,"2462,2976","2462,41329"
-0.0812024879060124,0.0158949550794747,"2978,109470","2978,6758"
0.6172638436482085,0.022801302931596,"2982,25637","25637,77929"
-0.210364942563085,0.0190779014308426,"2987,16468","441,16468"
0.4893840463905757,-0.1374599426547478,"2993,99368","16496,99368"
0.1446107198748044,-0.1333333333333333,"2545,2998","2998,11754"
0.5467289719626168,0.1967213114754098,"3001,109473","91878,109473"
0.2228805500694901,0.0645729108764128,"3004,8113","8113,12926"
-0.5753086419753086,0.0666666666666666,"3005,94735","3005,124372"
0.4736594310635346,-0.1223958333333333,"3006,8384","8384,8549"
-0.3418841884188418,-0.1566265060240964,"1940,3337","1940,6121"
0.0116825878830054,0.1778656126482213,"3009,109474","3009,3468"
-0.5010752688172043,0.0365591397849462,"3011,6018","3011,45332"
0.6264090177133655,-0.0984848484848484,"1648,109480","1648,8093"
0.0304809345905236,0.0078277886497064,"3020,24157","3020,143660"
-0.1187517742886467,0.0444664031620553,"3021,4379","4379,8700"
-0.0541549953314659,0.0247432306255835,"425,109483","425,8624"
0.3660348188478859,0.0632183908045977,"3022,4053","4053,36153"
-0.104362510554461,0.0373205741626794,"977,3023","977,15298"
0.928,-0.5333333333333333,"3025,7852","7852,67861"
-0.0887768276659383,-0.0244056483352834,"2614,3026","2614,20376"
0.0205242334322452,0.1147378832838773,"3028,7743","7743,110636"
-0.8492647058823529,-0.0101522842639593,"3037,10892","3037,5765"
0.506578947368421,-0.0039494470774091,"3038,42804","8237,42804"
0.3042423919415872,0.0100463678516228,"3041,109486","3041,67882"
0.2784699341021417,0.0189456342668863,"3043,6619","6619,89134"
0.2168871210133346,-0.2166666666666666,"3046,12078","3046,24539"
-0.532258064516129,-0.1067415730337078,"3047,16870","8311,16870"
0.006833538083538,0.0163800163800163,"3048,15622","15622,55091"
-0.119751166407465,-0.107959174055597,"3049,4444","4444,5264"
-0.0906949352179034,0.0447585394581861,"3054,109490","7942,109490"
-0.1275343711549778,-1.0,"3056,6781","3056,129398"
0.2609509493895262,0.015130674002751,"3057,34829","3057,59775"
0.539906103286385,0.3799585921325051,"3058,6418","3058,110638"
-0.0721630721630721,0.0571658615136876,"3059,34153","3059,105822"
0.1473753126626265,-0.0120578543726124,"3063,4128","3063,5512"
0.0530046659488283,-1.0,"3064,4250","4250,45650"
-0.2662037037037037,0.0324074074074074,"3065,109492","3065,39162"
0.0756378258458125,-0.0540145985401459,"238,108995","13553,108995"
-0.5192743764172335,0.0634920634920634,"3068,29708","3068,22884"
-0.1264494754279403,0.0474875759249033,"3070,109494","406,3070"
0.0711243200724266,-0.5822930828492563,"3073,15512","15512,113616"
0.3021184851893513,-0.0486779430348984,"3077,4136","4136,19465"
0.4345679012345679,-0.9703703703703704,"3078,5128","5128,6465"
-0.4258935508935508,-0.5,"3079,58104","58104,97329"
-0.1129191321499013,0.0310650887573964,"3083,109498","16249,109498"
0.1097146498619273,0.0308008213552361,"3085,109499","10582,109499"
-0.0809786089406942,-0.0666445242140493,"2130,5008","2130,20250"
-0.1239130434782608,0.0092391304347826,"603,109502","603,39193"
-0.2688789884942609,-0.9393346379647748,"3089,40638","3089,120376"
-0.2396895490432222,0.0103940947448161,"3090,3744","3744,4561"
0.5629231793247492,-0.0798122065727699,"3094,108489","65575,108489"
0.1387009284372078,0.0217391304347826,"2919,3097","2919,17747"
-0.1333333333333333,0.0388888888888888,"3098,68170","68170,147156"
0.085998932574275,-0.2115550903381422,"3099,4431","4431,112053"
0.0098594946632092,0.0208044382801664,"3102,107300","3102,72763"
0.3781709145427286,-0.4275589477988278,"3109,61720","61720,136874"
-0.1748413328636507,0.0201207243460764,"3113,5773","3113,163029"
-0.2026785714285714,0.0125,"3114,34814","3114,24642"
-0.8369252873563219,-0.2941176470588235,"3117,4065","3117,109640"
-0.5820512820512821,-0.0694444444444444,"1205,1596","1205,8680"
0.6165196995338619,0.087378640776699,"3125,18961","3125,114498"
0.1189236025315371,-0.06915442364581,"3127,52276","3127,111098"
0.177672646034562,0.3370786516853932,"2293,3128","3128,37125"
-0.377003205128205,-0.2537813926940639,"3131,17888","3131,110261"
-0.0121802375576279,-0.1024096385542168,"3132,4230","3132,13039"
0.0916366546618647,-0.1287878787878787,"3133,109509","3133,113072"
0.2096353537792804,0.1559405940594059,"3134,3877","2405,3877"
-0.2173076923076923,0.0192307692307692,"3137,26262","26262,33724"
-0.0970347249317206,0.0697424892703862,"3139,14860","14860,15642"
0.3863247863247863,-0.4733185513673319,"738,904","738,34268"
-0.8339483394833949,0.066420664206642,"3144,48552","3144,110550"
-0.2851711026615969,-0.0380541081850756,"3145,38539","3145,109590"
-0.1174220692292981,0.0206540447504302,"2007,4636","2007,152033"
-0.131578947368421,0.0263157894736842,"1016,109510","1016,11932"
0.403183023872679,-0.1199642896998103,"3146,109511","3146,9135"
0.0921844953188383,-0.3010714720564958,"3147,4773","3147,57489"
1.0,0.0109612141652613,"3149,109513","3149,16078"
-0.3543307086614173,-0.9700787401574804,"3152,5494","5494,57895"
0.5441063261332246,-0.0460122699386503,"3153,16802","9570,16802"
0.2194603727216875,-0.4758771929824561,"3160,69947","3160,80215"
0.1891310665504214,0.0193050193050193,"1417,23048","1417,116200"
-0.3279648609077599,-1.0,"3163,10095","10095,154507"
0.1472674318999486,-0.0908096280087527,"3164,5006","5006,35596"
-0.5511022044088176,-0.3313609467455621,"3170,6531","3170,18310"
-0.6978193146417445,-0.2318840579710145,"3173,25828","25828,56398"
-0.0065785447647022,-1.0,"3177,109520","3177,86011"
-0.1416702961672474,-0.2,"3178,17846","3178,119097"
-0.0885530934620447,0.0141509433962264,"3181,109521","3181,115984"
-0.4099264705882353,-0.1074380165289256,"3186,28354","28354,45455"
0.1226005906238464,0.2054263565891473,"3190,48416","3190,5076"
0.2112537899054753,0.074074074074074,"3192,10648","3192,6501"
-0.0633816425120773,-0.147765064836003,"3198,91673","42930,91673"
0.5515151515151515,0.2161616161616161,"3201,8500","8500,110857"
-0.1563380281690141,-0.0040548222067833,"3202,101370","3202,40978"
0.2114285714285714,-0.0283333333333333,"3204,13899","7088,13899"
0.2981649498601542,-0.416058394160584,"3205,5016","5016,55587"
-0.2623111225177248,0.0489236790606653,"3206,18034","18034,43578"
-0.2193675889328063,-0.020783962857281,"3207,90603","3207,6231"
0.1038557666642401,0.2500664540138224,"586,3542","3307,3542"
0.8386627906976745,-0.5409530169704588,"3210,8176","8176,108657"
0.3042898231442384,-1.0,"3211,17906","10534,17906"
0.4836601307189542,0.03690036900369,"3214,109526","3214,103071"
0.2758895509943843,-0.0907779940875333,"3216,16947","16947,53964"
-0.0703149856824689,0.015272033089405,"737,3218","737,115578"
0.0490286384190253,0.0638921453692848,"3165,19729","3165,12638"
0.6769005847953216,0.0482456140350877,"3219,109528","3219,120716"
-0.2765957446808511,0.0200250312891113,"3223,19676","19676,141277"
-0.0596330275229357,-0.0361022466282321,"3230,58861","3230,15409"
-0.135918714756889,0.0526091321847761,"3233,109533","3233,109721"
-0.019800420333557,0.0504635702833387,"1199,3234","1199,19299"
-0.1532033426183844,0.0076601671309192,"3235,50764","3235,4388"
0.1990143712928261,-0.2241379310344827,"3236,109252","11532,109252"
0.1191058567740182,0.0179372197309417,"3237,68560","3237,108852"
-0.2144487932159164,0.0261519302615193,"3238,10553","10553,51294"
0.8046181172291297,0.0150976909413854,"3239,7047","7047,63035"
0.3882252896089926,0.0318471337579617,"3241,87245","71203,87245"
0.0155721819674237,0.0670498084291187,"3243,4389","3243,8754"
0.1455447019515205,-0.0211038961038961,"3245,16457","3291,16457"
0.0063679524995504,0.054229934924078,"3248,3648","3248,46150"
-0.0505158987336563,-0.4237056239648592,"3250,6784","6784,19136"
-0.2800990704107562,-0.050217846432411,"3251,69216","22315,69216"
0.4897930800018544,-0.0100814246382754,"3252,68829","3252,11651"
0.9279661016949152,0.0099700897308075,"3262,10004","10004,14910"
-0.2580951642300384,-0.2622377622377622,"3264,11454","5372,11454"
-0.1314564011020994,0.0103871576959395,"3265,20711","3265,118996"
-0.0813521545319465,-0.04856786064304,"2006,24196","2006,110371"
-0.0892092103566362,0.0202604920405209,"3268,4821","4821,23505"
-0.0012301198802608,0.0148347943358057,"3271,5732","5732,40240"
0.0074152230455906,-0.0840973677114231,"3276,7870","3276,44296"
0.3708058779077882,0.03770197486535,"3277,4410","4410,27773"
-0.1402693960314778,0.0483271375464684,"3278,12046","3278,125253"
0.1621279104037725,0.0228116710875331,"3281,37548","3281,16614"
-0.0277583758236129,-0.0269886363636363,"2053,4382","2053,6165"
0.0432067387989253,0.0375426621160409,"3283,104113","3283,6558"
-0.1013578796187491,0.0216216216216216,"3285,7182","7182,140512"
0.5722773738790272,0.080168776371308,"3286,20920","20920,57162"
-0.1737051792828685,-0.146067415730337,"3289,15856","1259,15856"
-0.6354439865118021,-0.1525971113304028,"3290,32406","32406,62422"
0.1699712643678161,-0.018460275356827,"3296,5605","5605,42601"
0.4575471698113207,0.0309973045822102,"3298,8505","8505,128168"
-0.027661402943388,-0.0570613409415121,"3300,50189","3300,9528"
-0.1807975766660421,0.0224867724867724,"3301,28206","3301,54501"
0.2581196581196581,-0.3524356869184455,"3303,4664","4664,109834"
0.4779405530170992,0.0151679306608884,"3304,109544","2348,3304"
0.0991106931313831,-0.1019021739130434,"3310,23080","3310,30279"
0.1893621445856019,0.0090460526315789,"3311,109546","3311,96888"
0.2893289841565704,-0.1084169884169884,"3312,32078","21031,32078"
-0.273354735152488,0.0269662921348314,"3315,90822","90821,90822"
0.2851701371254444,0.2727272727272727,"3320,97473","25962,97473"
-0.360970590757095,0.0343817397555715,"3322,109549","3322,109802"
0.3370271613865414,0.0419397116644823,"3324,10357","10357,34177"
-0.5837837837837838,0.0352193314810137,"3325,109550","1253,3325"
0.0880137600017735,-0.0521327014218009,"3327,6939","6939,29043"
-0.2772304324028461,0.0904761904761904,"3340,37445","18030,37445"
-0.1932117911867763,-1.0,"3341,12225","12225,17385"
-0.2073213123813428,-0.21875,"3342,109554","56763,109554"
-0.1680738230620488,0.0132100396301188,"3346,109556","3346,5840"
0.0207295403215092,0.016025641025641,"3350,3759","3759,9434"
0.8594377510040161,0.024793388429752,"3352,8928","6480,8928"
-0.2328618063112078,-0.0076703151336704,"3355,29100","3355,28123"
-0.1978888825832813,0.0285171102661596,"3358,40121","3358,11516"
0.2512456628955164,-0.2156837931325402,"3362,24159","24159,24755"
-0.0017798953969166,-1.0,"2917,3368","2917,134967"
0.1691967427365035,-0.0875,"3369,6878","6878,52384"
-0.4406928869386207,-0.0576923076923076,"3370,5349","3370,5805"
-0.2386225336529596,-0.3275730354837859,"2428,109560","8414,109560"
-0.0217569786535303,0.0172413793103448,"3372,109561","3372,90391"
0.2156755453331355,0.0648464163822525,"3375,23850","3375,44022"
-0.2502923976608187,-0.0638297872340425,"3379,109562","13410,109562"
0.4248798076923077,0.3292410714285714,"3380,109563","3787,109563"
0.4874141876430206,0.1318681318681318,"1862,3381","3381,34275"
0.5872093023255813,0.0271317829457364,"3384,109565","3384,137096"
-0.2920051788315262,-0.0407725321888412,"3386,29829","3386,13019"
0.10494599967761,0.0218687872763419,"3167,7367","3167,116670"
-0.220954356846473,0.0176348547717842,"3387,85126","3387,138079"
-0.0999975566650106,-0.1679961477932022,"3388,3446","3446,69147"
-0.013794443365067,0.0040800466291043,"113,3823","113,8332"
0.1514856066364808,-0.0101590392729633,"3392,11213","3392,8233"
0.0054291158810627,0.0901137357830271,"3396,109566","3396,9008"
0.2850825153705102,-0.021505376344086,"3398,109567","9376,109567"
0.2777053455019557,-0.3333333333333333,"3400,11967","3400,11148"
-0.1152800435019032,0.0076128330614464,"3403,9012","3403,74589"
0.0076322864074487,0.0465346534653465,"3404,24051","2333,3404"
0.8582995951417004,0.1219512195121951,"3407,29242","12243,29242"
-0.4700665188470067,0.048780487804878,"3409,109570","3409,31243"
0.040561968134828,-0.0252100840336134,"3410,14094","3410,52573"
-0.213925327951564,0.0716448032290615,"3417,6650","6650,110163"
-0.0302268964845652,0.0811179277436946,"3092,78772","7487,78772"
0.2750319929952179,0.0336633663366336,"3424,4559","4559,20677"
-0.1873889875666074,-0.0113057641708983,"1816,109575","1816,7350"
-0.5733695652173914,-0.3617021276595745,"3430,23809","11303,23809"
-0.0088535414165665,-0.1608391608391608,"1391,3431","1391,4528"
0.2055442104300649,0.0238532110091743,"3432,20510","3432,32768"
0.122290918760803,-0.1167883211678832,"3433,47855","3433,14048"
0.1592714209536639,0.0103842159916926,"3435,107180","107179,107180"
-0.1457447064195928,0.0257648953301127,"3436,109578","39450,109578"
-0.1288943188759926,0.0348197923029932,"3437,109579","3437,18197"
-0.1729143481911009,0.0793650793650793,"3441,37326","36041,37326"
0.7096826060391678,0.0358126721763085,"3443,5566","5566,29823"
0.6612903225806452,0.0193548387096774,"3444,3848","3848,153265"
0.5833333333333333,-0.327255129694154,"3447,109581","3447,9470"
-0.0624071322436849,0.0095096582466567,"3454,44346","3454,34020"
-0.4150197628458498,-0.1506330809941716,"3459,16880","16880,55763"
-0.0948575096865901,-0.015787077683478,"2852,3249","2852,4040"
0.4213709677419355,0.6551724137931034,"3462,21580","3462,12723"
0.0524632585915303,-0.2862771329784945,"1965,2120","2120,7095"
-0.3210445468509985,0.0384024577572964,"1408,3465","3465,4551"
0.3053026779187986,-0.1535072998825306,"3470,12323","3470,41212"
-0.0192533741432362,-0.0098711581542546,"3473,38183","3473,6861"
-0.0442850393024354,0.1774193548387097,"3474,109584","3474,6823"
-0.0247651907226374,-0.0335051546391752,"3478,9690","3478,56242"
0.0635639030365811,0.0080775444264943,"3480,26987","3480,16645"
-0.0526629195532511,0.0475578406169665,"3481,5490","3481,118783"
0.3809025270758123,-0.2828431372549019,"3483,38230","10313,38230"
0.050179211469534,-0.6838709677419355,"917,3484","917,8628"
0.0599330743321668,-0.0134760341630953,"3486,16473","3486,18209"
-0.1531664212076583,0.0206185567010309,"3489,105811","3489,121906"
-0.4597402597402598,-0.0796252927400468,"3490,32044","32044,45894"
0.2082008900190718,-0.2179752066115702,"3492,22583","5971,22583"
0.1373554263798166,0.0135135135135135,"3493,22607","22607,106338"
-0.2318840579710145,-0.9375696767001116,"3497,109589","18594,109589"
0.1514927370072162,-0.0289505428226779,"1699,109068","877,1699"
-0.5335051546391752,0.1159793814432989,"3498,109591","3498,116289"
-0.100747428844774,0.0756756756756756,"3499,54417","54417,76093"
0.1542397100003836,0.023854961832061,"3500,14431","3500,6859"
-0.3906604142243063,-0.1052631578947368,"3503,4185","3503,43280"
0.636203349985307,-0.3043478260869565,"3504,11806","3504,56123"
-0.1880108991825613,0.0454132606721162,"3508,20944","3543,20944"
0.4119318181818182,0.0710227272727272,"3509,109594","3509,43756"
-0.1760204081632653,0.0569727891156462,"3514,109596","3514,113031"
0.2071650104436989,0.0128700128700128,"3520,109597","3520,18894"
0.7477068793619143,0.5248366013071896,"3522,109598","18981,109598"
-0.3557169408687272,-0.0121042830540037,"3526,28669","8552,28669"
0.8313253012048193,0.0059772863120143,"3528,46347","46347,58617"
0.0474877081681205,0.0502577319587628,"3530,39701","3530,22749"
0.1254624957954927,0.1261352169525731,"3537,22110","3537,6960"
0.0350176263219741,0.1413043478260869,"3547,109601","84247,109601"
-0.2858375297154981,-0.1231226492017149,"3551,109602","42717,109602"
0.0604900729121414,-0.1018434643792059,"3552,109421","10074,109421"
1.0,0.0315186246418338,"497,109603","497,33290"
0.0791302798075209,0.0313075506445672,"3554,109604","32402,109604"
0.4686239354549529,0.2618556701030928,"3558,109606","3558,12156"
-0.4430651186946105,0.066006600660066,"3563,4775","4775,73085"
-0.1047750344654718,0.099009900990099,"3564,17077","3564,82618"
0.4352617079889807,-0.0225988700564971,"3565,5112","5112,9826"
-0.1231231231231231,0.0186186186186186,"3567,109608","3567,35161"
-0.2204559280248455,0.0334261838440111,"3568,77525","14530,77525"
-0.0176148782348908,0.0345572354211663,"3571,4302","3571,39678"
-0.1912313432835821,0.0093283582089552,"3572,18167","18167,57531"
0.3626510772464529,0.0994318181818181,"3575,98092","3575,8734"
0.4234482758620689,0.4434854771784233,"3003,3576","3576,4600"
0.0249782527650055,0.0565428109854604,"3577,4291","4291,31123"
0.3095841784989858,-0.4782608695652174,"3580,21621","3580,155873"
0.2312071602560471,-0.0471014492753623,"2186,12203","2186,13963"
-0.5589041095890411,0.0767123287671232,"1653,3460","1653,35188"
-0.1650528169014084,0.03125,"3584,29464","29464,88245"
-0.3842522544332143,0.0421836228287841,"3586,24785","3586,30411"
-0.2495300162927685,0.2531645569620253,"3591,60861","9020,60861"
-0.116316672723338,0.0531197301854974,"3594,3804","3804,16209"
0.3541666666666667,-1.0,"3597,35453","3597,70000"
0.3747480748843765,0.0985915492957746,"3598,83916","3598,32629"
0.2798055678303137,-1.0,"829,61913","61913,79797"
-0.4141830264808598,0.0498084291187739,"3599,13560","13560,84262"
-0.1241631162507608,0.0139987827145465,"3600,6459","6459,12446"
-0.3232963549920761,0.0190174326465927,"3601,13979","3601,136974"
0.2754409769335142,0.234375,"332,77793","13957,77793"
0.1298287722270591,0.0178443968593861,"186,3605","186,126194"
-0.1936505101028145,0.017684887459807,"3608,22871","22871,158877"
0.0866288249003834,-0.2505092496362502,"3614,109617","3614,12880"
0.0890446744285458,-0.0539337491155029,"3615,6180","3615,18129"
-0.6744186046511628,0.0797342192691029,"3619,74514","46054,74514"
0.0768936436045603,0.0207715133531157,"3624,9914","9914,31278"
0.0667976252837436,0.0225903614457831,"3629,8619","3629,59676"
0.1565078037904125,0.0615384615384615,"3631,17849","17849,152915"
-0.210197710718002,0.0905306971904266,"2555,3633","2555,10982"
0.3659420289855072,-0.0410958904109589,"3634,12776","3634,84473"
0.1381109368498543,-0.0115036976170912,"3635,3794","3635,8727"
-0.2057237869703229,0.0381165919282511,"2657,109622","2657,88298"
-0.6601307189542484,-0.9477124183006536,"3636,109624","3636,31785"
-0.0257019584049617,-0.0710382513661202,"3638,64785","3638,15168"
-0.1449067431850789,-0.0504114365860092,"3640,3874","3874,10652"
0.5823853723218647,0.0449438202247191,"3642,49969","11493,49969"
-0.1324650411429148,-0.0973451327433628,"3643,95768","20327,95768"
-0.4179073614557485,-0.1508888813351915,"3644,36567","36567,96898"
-0.0177852624661135,0.0378250591016548,"3647,17807","3647,34218"
-0.0272208638956805,0.0342298288508557,"3650,38185","38185,58603"
0.092260093325218,-0.1111111111111111,"3651,29537","3651,8101"
0.0686059233783998,0.0200945626477541,"963,4271","4271,45128"
-0.0923713235294117,0.0064338235294117,"2166,109628","2166,144783"
0.2173721340388006,0.0658436213991769,"3656,56429","3656,43239"
0.0631863466545907,-0.0284318311762565,"3662,17738","3662,4893"
0.6528497409326425,0.0431778929188255,"3663,109631","3663,43576"
0.057421875,0.111328125,"3665,9626","9626,18070"
-0.145021645021645,-0.0758137076922655,"3667,5630","3694,5630"
-0.1862954388285877,0.173396674584323,"3670,107983","3670,13714"
0.4456762749445676,0.0179977502812148,"3671,7562","7562,141362"
0.0777271837054446,0.063063063063063,"3681,109636","3681,145003"
-0.2081165452653486,-0.0248505264643115,"3683,109637","3683,51689"
-0.0793496902821806,0.0323501427212178,"3684,3995","3684,31515"
0.6514657980456026,-0.6530612244897959,"3685,22391","22391,64694"
0.3888270973291216,0.2382623895009814,"3686,109638","4176,109638"
0.1015744032503809,0.0125570776255707,"3687,4179","3687,54210"
-0.5434782608695652,0.0679347826086956,"3690,78899","3690,43340"
0.2957720921792777,0.1717171717171717,"3691,25453","25453,25913"
0.267379679144385,0.0183946488294314,"3695,39187","39187,67793"
-0.0975609756097561,0.0253658536585365,"3703,5181","5181,20231"
0.0542502290542604,0.0143540669856459,"3261,14486","3261,3682"
-0.1624489795918367,0.0195918367346938,"3707,36593","3707,15281"
-0.3173843700159489,0.0574162679425837,"3708,6277","6277,119145"
0.447191011235955,-0.0048433968356474,"3709,13003","5345,13003"
0.1204819277108433,-0.9686746987951808,"3710,109645","3710,29880"
0.3834296724470135,0.7708333333333334,"3712,109646","29627,109646"
0.6732348111658457,-0.0284237726098191,"3714,56741","56741,65449"
0.0781720514088846,0.0425138632162661,"3715,6628","4482,6628"
-0.1722954230235783,0.0242718446601941,"1687,5786","1687,7200"
0.6103280021686094,0.1527888129667885,"3718,73677","11971,73677"
-0.3001508295625942,-0.1974460569401136,"3721,4352","4352,13226"
-0.2371871275327771,0.0143027413587604,"1096,3725","1096,126889"
0.1866791744840525,0.0580110497237569,"3733,6741","6741,28107"
-0.1441894892672094,-0.0478468899521531,"3735,39878","3735,8819"
0.4329571707837213,-1.0,"3737,27338","27338,125623"
0.6130030959752322,0.4609375,"3738,109651","17579,109651"
-0.1567695961995249,0.0625494853523357,"3741,4681","3741,112073"
-0.0224339884852094,-0.175438596491228,"3743,4004","4004,61569"
0.0582716761814472,0.0049875311720698,"3745,60357","3745,111037"
0.0799200799200799,0.2261538461538461,"3747,5615","5615,110094"
-0.2727272727272727,0.0303030303030303,"3749,10586","10586,49412"
-0.673469387755102,-0.2054794520547945,"3754,54675","13515,54675"
0.3373083475298126,-0.1123874010035669,"3758,35352","3758,5037"
-0.0552276456613847,-0.2142857142857142,"3765,109654","3765,17916"
-0.206282722513089,0.0230366492146596,"2677,109655","2677,129444"
-0.2622196272312288,0.0240724381625441,"3768,6977","6977,20399"
-0.4900497512437811,-0.4497512437810945,"3770,109657","3770,48306"
-0.063282794990112,0.0209059233449477,"3771,14875","3771,52724"
0.0504253382302162,0.0405405405405405,"3772,19699","3772,114616"
-0.0995327102803738,-0.0291970802919708,"3773,12917","12917,27480"
-0.0483091787439613,-0.1739130434782608,"3780,109660","3780,17011"
0.5397196261682242,-0.3216627144650579,"3784,39808","18848,39808"
0.120143859274294,0.1794543904518329,"3785,30419","3785,12332"
0.2093137148989189,-0.2892597889248927,"3788,11918","11918,121513"
-0.0769532783667059,-0.1355065312662486,"3790,75453","3790,30517"
-0.3640640061692693,0.3613275613275613,"2340,67610","12813,67610"
0.0563709401292139,0.0219646293985994,"1579,3797","1579,6371"
-0.0105851220229344,-0.1617647058823529,"3799,6938","5693,6938"
0.0931540808543096,0.0526315789473684,"3805,25655","25655,128844"
-0.2787283939894033,0.041871921182266,"3806,30417","3806,4041"
0.1582339229398053,-0.0166821130676552,"3809,109665","3809,36399"
-0.2105831533477321,0.0172786177105831,"3811,26789","3811,22818"
0.0252008661462191,0.0113871635610766,"1119,8688","1119,33899"
-0.0240311612860632,-0.0112888052681091,"3814,82534","3814,18402"
-0.3061224489795918,0.0132934150791293,"3815,76490","3815,6916"
-0.5508474576271186,-0.46875,"3816,109668","3816,62781"
0.1096881619683884,0.0238970588235294,"3817,4742","3817,95996"
-0.1538777055594118,0.0773584905660377,"3818,6826","3818,7884"
0.109032651515524,-0.3518332999398917,"3427,6701","3427,76964"
0.6306818181818181,0.0246212121212121,"3820,9991","9991,81629"
-0.0071675160282755,-0.2738422831983647,"3829,109671","3829,10750"
0.0070235206272167,0.2443181818181818,"3830,6190","3830,116951"
0.2987181182341832,0.0111067036890122,"3832,6930","6930,39512"
-0.1677927927927928,0.023076923076923,"3833,17850","17850,90669"
-0.1935246633630426,-0.2028985507246377,"3840,26372","3840,94030"
-0.2335875331564987,-0.2835820895522388,"3841,17667","3841,17720"
0.4121212121212121,0.24,"3844,15247","15247,113078"
0.0006378886490922,-0.1527777777777778,"3845,12781","12781,31761"
-0.2614212418200252,0.0427509293680297,"3846,71204","3846,128172"
-0.3983572895277207,-0.0231257655823751,"3847,109674","3847,10087"
0.0403424376453422,-0.047808764940239,"2144,2922","2922,4175"
-0.2572944297082228,0.0503978779840848,"3849,7959","7959,118489"
0.1126811594202898,-0.0056923345556137,"3852,109677","3852,18701"
0.2202821461609621,0.0279255319148936,"3853,98406","3853,11569"
0.1848739495798319,-0.1463414634146341,"3854,17227","17227,116366"
0.0217958479265011,0.0303030303030303,"2712,3862","2712,61291"
-0.0437656349634571,-0.2037037037037037,"3867,36461","32508,36461"
0.1045756752312113,0.1010830324909747,"3868,10567","10567,96491"
0.1415510902760217,0.0750964927001174,"3869,109682","21747,109682"
0.0303804613893634,-0.0521070102301182,"890,3279","890,8157"
0.0299594919785299,0.0177975528364849,"2653,5296","5296,44362"
-0.1035792094615623,-0.036231884057971,"3871,21197","3871,14246"
-0.1282392026578073,0.0106312292358804,"3878,109685","3878,68140"
0.1406870638754696,0.0908212560386473,"3879,5968","3879,10024"
0.1419576835785928,0.0870488322717622,"3881,21171","21171,26317"
0.076869579446899,0.0427098674521354,"3882,11389","11389,37914"
-0.3515482695810564,0.029143897996357,"3886,31271","8787,31271"
-0.2992248062015504,0.0345747275979834,"3888,98414","7590,98414"
0.924557956777996,0.0349705304518664,"71,109686","71,24916"
0.2174094707520891,0.0452380952380952,"3893,29101","29101,134412"
-0.1991701244813278,0.0331950207468879,"3897,88469","3897,121327"
-0.1083832335329341,0.0359375,"3899,17437","17437,122856"
0.537907891691738,-0.3142857142857143,"3902,109690","7868,109690"
0.0398214227523055,-0.242152466367713,"3903,99329","17589,99329"
0.3595505617977528,-0.2231404958677686,"3907,7239","3907,4833"
0.1271525830997196,-0.25,"3909,16574","16574,44618"
-0.3581501202335966,-0.7915492957746479,"3912,12121","3912,33207"
-0.2435497335131317,0.0275862068965517,"3913,24495","3913,152090"
-0.1512272367379255,0.0926365795724465,"3924,11525","7620,11525"
0.1218221521460065,-0.0958549222797927,"3932,6198","1843,3932"
-0.1467354705540863,0.0477326968973747,"3935,5268","3935,18877"
0.1353801169590643,-0.0112359550561797,"3936,109693","5166,109693"
0.0986531986531986,0.1037037037037037,"3940,13875","13875,42564"
-0.045861768753335,-0.2155172413793103,"3942,45379","3942,110288"
0.0362017804154302,0.0464663351026037,"3943,109695","3943,108092"
0.3931396436054407,-0.273424394919722,"1880,3944","1880,31544"
-0.1201883793139308,0.0308641975308641,"3946,109697","3946,10193"
0.0089717046238785,-0.1045412699707503,"3948,5637","3948,8035"
0.4600484261501211,0.1496756756756757,"3950,36621","36621,112109"
0.2606310013717421,-0.3109243697478991,"3952,19631","3952,15726"
0.0669960291809031,0.0442962610145272,"3953,4074","4074,109720"
0.1482981454432788,0.0259593679458239,"3955,25646","25646,128832"
0.2030991787773827,0.0159027128157156,"3964,58594","58594,65437"
0.0203494143339288,-0.1204819277108433,"3970,53726","3970,6521"
0.0213903743315507,0.1085858585858585,"3971,10026","10026,34077"
-0.0597911547911547,0.0139230139230139,"3972,52919","3972,10838"
-0.6608391608391608,0.0349650349650349,"3973,19318","3973,125469"
0.5600053846671602,0.0798084596967278,"3975,93664","3975,9257"
0.579719387755102,-1.0,"3979,4873","4873,15730"
0.4474651702786377,0.0085139318885448,"3980,19135","19135,94221"
-0.4436619718309859,0.028169014084507,"3983,103404","3983,87976"
0.0504213036565977,0.0129729729729729,"3673,3988","3988,7074"
0.2955593756222848,-0.0973489272988038,"3989,40948","17139,40948"
0.0784349764272044,0.0129533678756476,"3992,6336","6336,27188"
0.2431195794669889,0.011177347242921,"3994,91923","74495,91923"
0.0772486772486772,0.026950354609929,"3996,15459","3996,107241"
0.1150248906320711,0.013727560718057,"3997,6035","6035,16366"
-0.1406133133881825,-0.018359853121175,"3998,109703","3998,23606"
-0.067722498436008,0.0173553719008264,"1720,3999","1720,69072"
0.1964487832484436,0.0100806451612903,"4002,98621","4002,164023"
0.018469069870939,0.0163551401869158,"4012,9644","9644,96485"
0.2796934865900383,-0.0502645502645502,"4015,28729","22704,28729"
0.2047621658169325,-0.1333333333333333,"4019,29526","4019,23994"
0.0047596955600416,-0.0034933867818075,"4020,4268","4020,9799"
0.0131898802556946,0.0143603133159268,"4021,13328","13328,49038"
0.2520107238605898,0.1052631578947368,"4022,109707","4022,77214"
-0.4506863852658245,0.0342679127725856,"1871,109709","1871,157524"
0.3691514094739901,0.0247747747747747,"4024,109710","4024,158222"
0.3584218409586056,0.0992647058823529,"4026,8418","8418,59666"
0.0041079812206572,-0.6931261481935088,"4028,4034","4034,111862"
0.1461484009148001,0.0644171779141104,"4030,4114","4030,11563"
-0.4986666666666666,-0.0073954116059379,"4043,4802","4802,14084"
-0.7034389404489114,-0.0697674418604651,"4047,109714","4047,9573"
-0.2192262602579132,0.2016412661195779,"4050,109715","4050,4556"
0.0942190553900453,-0.0526559533182049,"3434,4052","4052,23514"
0.0720305268463784,0.0516431924882629,"4056,11614","4056,115742"
0.2483662321123361,0.0124333925399644,"2468,30971","2468,100252"
0.0784313725490196,0.0894736842105263,"4057,109716","4057,10684"
-0.1580288870008496,0.0773152081563296,"4058,60957","4058,7554"
0.1678571428571428,-0.3037698412698413,"4059,90728","4059,5940"
0.1797788510421962,-0.2010309278350515,"4060,53144","25219,53144"
0.7153846153846154,0.5,"4061,35576","4061,24406"
-0.2695024207831415,0.0380549682875264,"2121,4062","2121,45117"
-0.1351744186046511,0.0486918604651162,"4064,5370","5370,15006"
-0.0155891737375567,0.006516290726817,"337,4066","337,11358"
-0.4944517066085694,0.0679012345679012,"4068,10868","4068,30234"
0.1746933225843324,-0.0008601909249857,"772,4127","3366,4127"
-0.1415851775604734,0.0793103448275862,"4075,18850","18850,23066"
0.6265060240963856,-0.075268817204301,"4077,42571","4553,42571"
-0.3268716577540107,0.1336898395721925,"4078,91078","21098,91078"
-0.2569060773480663,-0.0144665461121157,"4081,58652","6884,58652"
0.0705905750746317,0.0389725420726306,"4088,4599","4599,111552"
0.7551020408163265,0.0762331838565022,"1287,1928","1928,117921"
0.0427371099522235,-0.2957873105574107,"4093,8543","8543,110875"
0.4154080812757902,0.047556142668428,"4094,5005","5005,119220"
0.3493589743589744,-1.0,"4096,109724","4096,129923"
0.663023679417122,0.0218579234972677,"4099,109725","4099,5039"
0.1633273225138583,0.0144927536231884,"4100,109726","4100,69350"
1.0,0.088235294117647,"4101,109727","920,109727"
-0.5346820809248555,0.1098265895953757,"4102,35055","4102,55724"
-0.0202240598114571,0.0145739910313901,"3548,4105","3548,150635"
0.4719377580249984,0.0197044334975369,"4106,50246","50246,89755"
-0.0852272727272727,-0.0422962226640159,"4107,6651","4107,12483"
-0.0411514900973354,0.0277349768875192,"4108,44145","44145,46159"
-0.0362464001862828,0.0117145899893503,"4110,109728","4110,160536"
0.2038346064682856,-0.503717766176238,"2878,109729","2878,113421"
-0.014000953743443,-0.042016806722689,"4115,79295","5910,79295"
0.2631006876946552,0.0781129156999226,"4118,105074","4118,24283"
0.4817733990147783,0.1653875379939209,"4119,94006","4119,9175"
0.2360365492911453,0.0535530381050463,"4122,4346","4346,95473"
0.3432835820895522,0.089430894308943,"4123,14534","4123,10798"
-0.2003760792628363,-0.2032689322348626,"4124,9860","4124,9239"
-0.3370912097993359,-0.0241831726416442,"4126,6301","4126,8651"
-0.365701284542826,-1.0,"4130,5081","4130,89904"
0.0565896980461811,0.0142095914742451,"4131,16591","16591,67931"
0.3428228529961762,0.0075357950263752,"4133,5165","5165,104386"
0.0221979665191333,0.0133388976475316,"4138,48062","4442,48062"
0.2662807525325615,0.0184237461617195,"3669,109737","3669,6008"
0.0210466439135381,0.0597269624573378,"4145,109616","4145,7513"
-0.6376306620209059,0.0348432055749128,"4146,36993","4146,162112"
-0.190031152647975,0.0018725635394855,"3297,109739","3297,11129"
0.0073763955342902,-0.287540886113589,"4148,6570","6570,89183"
0.3611406565193472,0.024390243902439,"4151,58422","58422,107103"
-0.6071428571428572,-0.1333333333333333,"4153,12491","4153,18811"
0.2699817913812538,-0.1162957978513585,"4154,20561","4154,33715"
0.0217249297280177,0.0223880597014925,"4163,4719","4719,19679"
0.549628237375273,-0.0223110767584279,"4165,4594","4594,11908"
0.0344498786248654,0.0592334494773519,"4171,58764","45530,58764"
-0.1321299638989169,0.0137184115523465,"4173,109742","58944,109742"
-0.066992288257524,0.0160528800755429,"3839,4174","1860,4174"
0.851063829787234,0.0098199672667757,"4092,56070","4092,152448"
-0.0106382978723403,-0.0512820512820512,"4177,17012","17012,18655"
0.2428223844282238,0.1208333333333333,"4178,37353","37353,99085"
0.6751686909581647,-0.1034482758620689,"4135,32134","32134,89367"
-0.3069139966273187,-0.0094080752646021,"4184,45306","10571,45306"
0.6429201199083054,-0.0064580228514654,"4186,71340","4186,7416"
-0.2722611980572045,0.0315126050420168,"4188,27651","27651,58531"
-0.1519198664440734,0.0292153589315525,"4196,28656","2738,28656"
0.8465116279069768,0.0893854748603352,"4199,33325","33325,39188"
0.0861236123612361,-1.0,"4203,44835","44835,67641"
0.4283564559935403,-0.0039490818866209,"4205,67567","4205,19932"
0.5254321301474327,0.3990998534645175,"4031,47255","4610,47255"
-0.1905263157894736,0.0494736842105263,"4209,97026","4209,9453"
-0.3345656192236599,0.0203327171903881,"4210,9386","4210,158617"
-0.2394179894179894,0.0132275132275132,"4211,36855","4211,24178"
-0.0229067730429093,0.0086114101184068,"424,4212","424,110421"
-0.1395335208626347,0.0136752136752136,"4215,14333","4215,9082"
-0.2004429678848283,-0.0578231292517006,"4166,109749","4166,6043"
-0.3415094339622641,0.0226415094339622,"4218,16751","16751,88550"
0.3162443348751235,0.0363288718929254,"4219,49880","4219,28402"
0.0891362301122374,-1.0,"4221,26277","26277,92342"
0.3038461538461539,0.0538461538461538,"4226,22605","22605,31332"
-0.0367870552476309,-0.3109732264999023,"4228,28691","5001,28691"
-0.1127353525903402,0.1005126546647981,"4233,34291","6747,34291"
-0.0608623209830149,-0.3225806451612903,"4234,10963","4234,103376"
0.1201595641175326,-0.0592714039075405,"4236,109752","4236,18835"
0.1417699962748124,0.034324942791762,"4237,13014","13014,40011"
0.0380907223012486,0.006006006006006,"4238,75679","4238,117160"
0.1447779111644658,-0.0543633762517882,"4239,17060","17060,47426"
0.0862762347618449,0.0256849315068493,"3985,4243","3985,70875"
-0.0896860986547085,0.0099651220727453,"4245,4739","4739,132475"
0.3383458646616541,-0.0281404617921935,"4246,7384","4246,15621"
0.2286305994496297,-0.0269048643994834,"3451,4247","4247,7614"
0.0191159557555051,-0.1584391203289826,"4254,109431","4254,18846"
-0.0129931586490359,0.0204429301533219,"4256,17133","10636,17133"
0.2199699699699699,0.0083333333333333,"4258,6647","6647,61038"
-0.1539712659257251,0.0094876660341555,"4260,14857","14857,105768"
0.3723210637744679,-0.6437246963562753,"4261,64803","4261,10842"
-0.162409088496045,-0.4332298136645962,"4265,35680","4265,10787"
0.3495145631067961,-1.0,"4266,109754","62232,109754"
-0.1610839925938394,-0.0163793103448275,"4269,13552","6125,13552"
0.2881098594929642,0.0114367405289492,"4272,56720","4272,92755"
0.0451452502825234,0.0262824178829848,"4273,13143","4273,13839"
-0.1811740890688259,0.0121457489878542,"4274,13378","13378,153443"
-0.2323058343727108,-0.5434782608695652,"4276,67291","4276,20453"
-0.0278698062482391,-0.0176702353304003,"2213,25485","8337,25485"
-0.2365099628128989,0.0501193317422434,"4278,10402","10402,41643"
-0.2034090909090909,0.0181818181818181,"4284,109761","4284,14398"
0.1460324324324324,0.088,"4289,109762","4289,11271"
-0.3891449459631277,0.0544871794871794,"4292,109763","64737,109763"
0.0998910675381263,-0.9351851851851852,"4296,31212","31212,119946"
-0.0981687694016461,0.0956340956340956,"4298,25010","23197,25010"
0.2270709415348905,-0.012290502793296,"4299,15437","4231,15437"
0.4239482200647249,-0.9676375404530744,"4307,109768","4307,147851"
-0.1476812947401182,0.0582010582010582,"4314,34022","1099,4314"
-0.3708333333333333,0.04375,"741,109771","741,51620"
0.0798279158699808,-0.2040853560638127,"4318,13648","13648,74200"
-0.2514393939393939,0.04,"4319,40392","40392,94632"
-0.2950193266648963,0.1046202225447508,"4321,4544","4321,110339"
0.0024945715295662,0.016260162601626,"4323,8566","8566,150833"
0.8811881188118812,-0.253455756230451,"4325,56022","38992,56022"
-0.0913309700290041,0.1821778631671496,"4328,109773","5699,109773"
0.3388663053297199,-0.0781061018600785,"4329,14848","14848,116249"
0.1307187955318115,0.0948275862068965,"4330,44700","25553,44700"
-0.288299752562743,-0.8608695652173913,"4331,109774","4331,22022"
0.3483508771929824,-0.0556242274412855,"4333,109775","4333,7912"
-0.0531546544271888,0.0386768142865703,"4334,55302","4334,4679"
-0.2132530120481927,-0.1492537313432835,"3660,29717","3660,30919"
0.8592233009708737,-0.0346740638002773,"4340,31988","31988,110275"
0.1604218405680506,0.0513274336283185,"4347,12984","4347,55845"
0.3869500262453061,-0.1,"4348,17890","17890,42305"
-0.0432383447401723,0.0094618568894145,"4349,10479","4349,63239"
-0.156432400970619,0.0482686253934942,"4351,4403","4351,22972"
-0.1440195280716029,0.0089503661513425,"4356,11047","11047,20241"
-0.0395067073707693,0.0089235917456776,"4361,5741","5741,68474"
0.3549175543557565,0.0204290091930541,"4364,11077","11077,55398"
0.085945885509839,-0.1351351351351351,"4375,109783","4375,97639"
-0.4595300261096606,-0.1436684073107049,"4377,109786","4377,17064"
-0.114657980456026,0.0807817589576547,"4378,97348","4378,110428"
0.6099852917143324,0.0862068965517241,"3260,70791","70791,101346"
-0.0676586818496807,-0.0212355212355212,"4380,13056","3889,4380"
-0.0755117987185497,0.0345679012345679,"3855,54990","3855,119016"
0.8979591836734694,0.0382513661202185,"4384,9734","9734,68842"
-0.4896384479717813,0.0462962962962962,"4387,47524","47524,58115"
-0.0755447841577595,0.0506172839506173,"1964,4391","4391,49025"
-0.1608530476867364,-0.0016056083220262,"2868,4392","4392,14132"
0.0607190667431631,0.1265060240963855,"4400,34286","22505,34286"
-0.0657415078707539,0.0221790513194107,"4401,35497","8894,35497"
-0.0387499524190171,-0.1341217218251576,"2757,22645","2757,7032"
-0.375,-0.05,"4407,51311","4407,24639"
0.3838028169014085,-0.0422535211267605,"4412,41189","4412,43675"
0.2089125733704047,-0.45,"4413,34309","4413,87979"
-0.0099710337378635,0.0039510075069142,"4416,5575","5575,101607"
-0.0296575342465753,-0.0767501470711824,"1659,4422","1659,7867"
-0.3187613843351548,-0.1705882352941176,"4423,39646","15738,39646"
-0.2496321156576739,-0.5468184720153224,"1882,40787","20382,40787"
0.1172044960116026,-0.1160685130762608,"4424,7824","7824,60843"
0.1753458318969708,0.016723679209426,"4432,8987","8987,24243"
0.1331567328918322,-0.0621194605009633,"4437,32049","4437,14030"
0.0892018779342723,-0.0952380952380952,"3835,4445","3835,4685"
-0.3113879003558719,0.0338078291814946,"4447,32237","32237,58454"
0.5972696245733788,0.1477272727272727,"4448,109796","4448,36211"
0.2245840407470288,0.0186757215619694,"4449,89111","4449,156554"
-0.0914826498422713,-0.3055555555555556,"4450,37611","4450,34864"
0.123073803730738,0.0720284237726098,"4452,28012","5958,28012"
0.8529411764705882,-0.277992277992278,"4454,27807","12684,27807"
0.0884906965009873,-0.0632911392405063,"2984,4455","2984,17360"
0.3096774193548387,-0.1515151515151515,"4456,73545","4456,55224"
0.4332247557003257,-0.0631313131313131,"4458,106735","4458,68614"
-0.1206657420249653,-0.0760536000961044,"4275,4460","4275,32659"
-0.2708185785108862,0.1602316602316602,"4461,37515","4461,111840"
-0.1076203208556149,-0.0105379050015728,"4462,98388","414,4462"
0.7565217391304347,-1.0,"4463,63108","4463,75041"
0.3128364866943547,-0.0206185567010309,"4468,19589","4468,19425"
-0.1718095302719299,0.0493562231759656,"4474,78460","4474,14880"
-0.2114216281895504,-0.9574726609963548,"4484,109804","31441,109804"
-0.5014492753623189,0.0318840579710144,"4487,86796","4487,156387"
-0.0528103367086418,0.0128992628992628,"4488,12421","4488,130351"
0.2750668449197861,0.1696428571428571,"4492,11141","4492,133850"
0.0578289286729184,-0.1475859160868648,"3837,18092","3837,15575"
0.0797503396565638,0.0494672754946727,"4496,35219","4496,104870"
0.2452922077922077,0.0875,"4497,27812","4497,50047"
-0.4043354350374246,0.0270935960591133,"4498,15092","4498,96296"
-0.1796469366562824,0.0425752855659397,"4499,11169","11169,117569"
1.0,-0.1417910447761194,"1914,4500","4500,50039"
-0.1370079090020438,-0.5384615384615384,"1826,4502","1826,60911"
-0.0695755571989965,-0.0694035382981707,"4503,11870","11870,19759"
-0.3168498168498168,0.1355311355311355,"4508,109807","4508,13451"
-0.4985590778097982,0.0806916426512968,"4515,33314","33314,123987"
-0.2346142938173567,0.0523255813953488,"4525,46255","46255,61649"
-0.1581093875172966,-0.0114063307190156,"743,12271","743,989"
0.2405753968253968,0.2048611111111111,"4534,15105","15105,17475"
-0.1237112037588512,0.072463768115942,"4535,14244","4535,10231"
0.3571988795518206,0.0258823529411764,"4536,86542","4536,26945"
0.7962962962962963,0.4303482587064676,"4538,20128","4538,33657"
0.0590460792239288,0.0096969696969696,"3562,4539","4539,60090"
-0.0115839022755859,-0.5208333333333334,"4547,6715","4547,47586"
-0.1467773712355755,0.0358851674641148,"4557,78458","73436,78458"
0.1720967741935483,0.02875,"4558,44705","44705,48345"
-0.023864406779661,0.0206033276317835,"4560,98338","4560,35605"
-0.2134831460674157,0.0399500624219725,"4568,67438","4568,19542"
0.0839843416126771,-0.1035529896487703,"4570,32079","4570,38133"
-0.0625,-0.0438095238095238,"4571,16528","4571,22748"
0.1169521299956082,0.0185185185185185,"4572,13603","4572,139700"
-0.0230219656162306,-1.0,"4575,21539","4575,38895"
-0.1582888737995926,-0.1637128932210899,"4585,16869","16869,20994"
-0.2023668639053254,0.0201183431952662,"4591,8266","8266,64700"
0.0679185520361991,0.1066666666666666,"4598,39621","4598,121412"
-0.4815864022662889,-0.5284941687207976,"4507,7373","4507,9622"
0.3250478011472275,0.1263157894736842,"4603,109825","56557,109825"
-0.0272727272727272,0.0267379679144385,"4606,47109","4606,10045"
-0.0569927643968679,0.0301318267419962,"4607,109827","4607,67058"
-0.1566104016614378,0.0433255269320843,"4609,11498","11498,25307"
0.5167173252279635,0.094059405940594,"4611,44500","44500,134916"
-0.3534389514538397,0.0268817204301075,"4614,16114","16114,30466"
0.6538461538461539,0.2732919254658385,"4618,98384","24415,98384"
-0.1355029943742061,0.040590405904059,"4625,109828","4625,97165"
0.2640670516686257,-0.6529432978705966,"4627,14438","6791,14438"
-0.6390977443609023,-0.2307692307692307,"4629,64894","32729,64894"
0.0400760062186906,0.0066505441354292,"4632,32207","19971,32207"
-0.0170010422094841,0.0386138613861386,"4633,18577","18577,27888"
0.2275769745649263,0.2040816326530612,"4637,6026","4637,40025"
-0.2168798479478091,-0.001752440706385,"4644,99681","2475,99681"
0.6273062730627307,-0.3439490445859872,"4645,109829","1102,4645"
-0.1507127231670312,0.0261096605744125,"1840,109830","1840,82456"
-0.1103183622665723,0.0146048109965635,"3295,17405","3295,137270"
-0.2101263940520446,0.0241635687732342,"4647,25090","4647,79943"
0.1169646153034857,-0.3157894736842105,"4648,43521","43521,141381"
0.1041495582928953,0.0736842105263157,"4649,4957","4649,41300"
-0.3294346978557504,-0.0441428615167937,"4654,103273","4654,4683"
0.3603411513859275,0.2574257425742574,"4658,5193","4658,15707"
-0.0881795195954488,-0.3681769911504424,"4661,5338","5338,7856"
-0.0200034997921998,0.0289389067524115,"2147,13246","2147,59721"
-0.0578979641893549,-0.1756756756756756,"4662,60912","60912,70461"
-0.186369982547993,0.0766666666666666,"4663,21556","21556,128399"
0.0512636703120832,0.0108933942864911,"1265,2378","1476,2378"
0.3523125996810207,0.0287081339712918,"4673,14104","4673,122286"
-0.3407258064516129,0.1834677419354838,"4675,10455","10455,13047"
0.741150040020374,0.0589390962671905,"4676,6441","6441,17124"
-0.4593483074976274,-0.1736033415380025,"4682,109838","4682,7901"
0.2175005414771496,0.0345679012345679,"4688,109839","4688,25683"
0.0504088976120379,-0.0596330275229357,"4689,28790","24206,28790"
-0.2557077625570776,-0.2902804957599478,"4691,47448","4691,41974"
-0.0892389709760003,0.0410094637223974,"4700,109845","4700,80950"
0.3449851042701092,0.0171052631578947,"4703,8850","8850,24309"
-0.1768421052631578,0.0747368421052631,"4704,84131","4704,14088"
0.0474137931034482,0.0603448275862069,"4707,109847","4707,24150"
0.3766956521739131,0.172,"4709,14819","4709,24793"
0.1748548178950387,-0.0300054555373704,"4711,47833","2237,47833"
0.1676259319116632,-0.1705882352941176,"3080,4714","3080,21436"
-0.0013013947456761,-0.0264084507042253,"4718,84805","20590,84805"
-0.1063294847072033,-0.0721649484536082,"2858,109852","2858,16105"
-0.2322670375521557,0.0403337969401947,"4723,12111","4723,37056"
-0.174291263740805,-0.0330396475770925,"1692,4724","1692,16140"
-0.1649210950080515,0.0556026655702881,"4725,15828","4725,44805"
-0.027363601272478,0.0151898734177215,"4726,27767","4726,68526"
-0.1876404494382022,-0.0272518467937177,"4727,30826","4727,7792"
-0.0092141207058596,0.0583941605839416,"3870,4732","3870,127135"
0.1871281322825411,0.0119250425894378,"4735,20067","4735,145868"
-0.3356847174115063,0.0601503759398496,"4736,20825","4736,104241"
0.1732673267326733,-0.0224438902743142,"4743,8448","8448,19334"
0.6020272830617659,0.0467980295566502,"4750,23745","4750,28403"
-0.8146341463414634,-1.0,"4752,57614","57614,85431"
-0.1536338546458141,0.0101195952161913,"4753,23067","23067,133281"
-0.4326424870466321,0.0581211984681234,"4759,69266","9577,69266"
-0.1848675590738756,-0.0127674878618953,"4760,17873","10301,17873"
-0.1540590405904059,0.0101476014760147,"4763,55884","55884,57151"
0.0868749097559801,0.1075949367088607,"4766,43181","43181,114518"
-0.1470327723649247,0.0097431355181576,"4767,5121","4767,132236"
-0.0967365967365967,0.0087412587412587,"3002,76333","3002,10396"
0.6327433628318584,-1.0,"4768,109860","4768,105197"
-0.5,-0.0903010033444816,"4771,109864","4771,61572"
0.1004157139887757,-0.0346897218490918,"2437,77310","2437,9367"
0.1035729567821993,0.0449293966623876,"2647,109866","2647,119729"
0.1880201244952143,-0.0588235294117647,"4774,33280","5401,33280"
-0.0462121212121211,0.008027079303675,"4776,109869","4776,27139"
0.7648725212464589,-0.09375,"4777,40374","27924,40374"
-0.2728806169636412,-0.0171102661596958,"2409,5435","2409,5712"
-0.3453060507596381,-0.0112262521588946,"488,973","488,1250"
0.32421875,0.0273037542662116,"4787,35303","4787,67835"
-0.368070953436807,-0.0191780246109225,"4788,109872","4788,8284"
-0.1556611059623108,0.0133390705679862,"4795,19309","4795,23152"
0.1189601401290212,0.0421348314606741,"4796,109875","74493,109875"
-0.4825581395348837,0.0436046511627907,"4797,109876","73738,109876"
-1.0,-0.0634146341463414,"4806,40794","13738,40794"
-0.077501174260216,0.0070455612963832,"4807,109879","4807,49484"
-0.3355780022446689,-0.0565022421524663,"4810,11716","4810,19613"
-0.2740863787375415,-0.2777777777777778,"4811,14738","4811,131729"
-0.3203883495145631,-0.1266666666666666,"4813,42687","4813,18967"
0.1654755523792507,0.0397236614853195,"4815,18702","4815,40054"
-0.2131782945736434,-0.1384615384615384,"2750,16693","2750,6759"
0.0525131051495528,0.0265700483091787,"2588,85086","2588,92686"
0.8235294117647058,-0.0451548451548451,"4817,5336","5336,110005"
-0.030278232405892,-0.0544267053701015,"4818,23844","23844,116510"
-0.2839931153184165,0.0258175559380378,"4820,47570","47570,71992"
0.0583333333333332,0.0202380952380952,"4824,72305","4824,109989"
-0.1633354372676906,0.0247422680412371,"4826,19702","4826,12412"
0.2717659688674181,0.1111111111111111,"4829,10040","4829,23439"
0.1621302029583763,0.0402476780185758,"3395,4831","4831,29391"
0.2648902821316614,0.0126436781609195,"4839,5818","5818,7983"
-0.1870919723551302,-0.024894039379795,"4841,65586","15561,65586"
0.0160419091967403,-0.2056263736263736,"4842,19408","4842,25616"
-0.0281423290203327,0.055452865064695,"4844,109888","4844,33458"
0.0664493122771268,-0.3136314847942755,"4808,20348","20348,42488"
0.3732383470229326,-0.0464135021097046,"4849,8009","8009,10244"
0.4569536423841059,0.1324503311258278,"4855,40325","26727,40325"
0.1209808549698399,0.1768292682926829,"4857,37486","37486,109932"
-0.0681450028606287,0.0123558484349258,"4860,109892","4860,71144"
-0.9111111111111112,-0.140625,"4861,11339","11339,110944"
0.2112093499791295,-0.979224376731302,"4862,7295","7295,33885"
-0.5317872389523479,-0.0406226707184221,"4871,109896","72618,109896"
-0.1197954711468225,-0.2662446230013797,"4872,5175","5175,35381"
-0.1324043603455368,0.0735294117647058,"4876,109897","4876,129375"
-0.281786941580756,0.0223367697594501,"4878,6532","6532,84183"
-0.01019509125236,-0.5142857142857142,"4879,90819","4879,64962"
0.4388674388674388,0.0384615384615384,"1942,109196","53310,109196"
-0.2398171238570241,0.0374064837905236,"4886,8460","4886,49136"
-0.3041044776119403,-0.2866350067842605,"4888,109901","4888,119901"
0.2828211451954074,0.0726577437858508,"4889,12199","4889,49257"
0.657563025210084,-0.7710084033613446,"4891,5729","4891,110810"
-0.0235495023353365,-0.0118752829975096,"4895,7197","3898,7197"
-0.6392156862745098,0.0862745098039215,"4116,13895","4116,25288"
0.0942635563488644,-0.0509777370663905,"4897,40519","9839,40519"
-0.0329604989731128,0.3116883116883117,"4898,4974","4898,28701"
0.0592354740061162,0.26,"4901,35496","4901,18416"
1.0,0.0093140011245883,"4905,109904","3700,4905"
0.3976512547584728,-1.0,"4908,84698","4908,62494"
0.0906892510919356,0.0186843642685133,"3596,4909","3596,4262"
0.1320879568359971,-0.175,"4911,39501","4911,15376"
0.0356706753006475,-0.9756521739130436,"4914,39421","39421,61609"
0.2415107089895444,0.0658682634730539,"4921,109759","33416,109759"
-0.0673036975488159,0.0045700041545492,"3890,23590","3890,156357"
0.2212005108556832,0.0988505747126436,"4922,10593","4922,111664"
0.4161189358372457,-0.1682242990654205,"4923,97498","38504,97498"
-0.3660022148394241,-0.0545977011494252,"4924,34915","1179,4924"
0.0922795797167656,0.0318257956448911,"4926,25280","25280,134009"
0.2157123834886817,0.014105419450631,"4931,12624","12624,57496"
0.3647058823529412,-0.1784232365145228,"4113,4932","4113,74323"
0.8481675392670157,0.0133060388945752,"4933,6862","4933,149702"
0.2472362185476939,0.0538720538720538,"315,22026","315,7495"
-0.1853546910755149,-0.3661327231121281,"4937,109908","4937,113763"
0.0269998264792642,0.0247787610619469,"4939,5445","5445,49192"
-0.0572748929392286,0.0286842377498591,"2146,11056","2146,40347"
-0.3417721518987341,-0.0099910364880522,"4940,44052","16675,44052"
-0.0212374434043815,-0.0464285714285714,"4944,9211","4944,15251"
0.114668613979512,0.0114678899082568,"4045,4945","4945,104772"
-0.1261731447145538,0.0407911001236094,"4948,27871","27871,33221"
0.2297872340425532,-0.147921760391198,"4949,109741","4949,12704"
0.2691029900332226,-0.0244343891402714,"4951,50920","4951,10721"
-0.1732620320855614,0.0083950122522928,"4952,59009","2386,59009"
0.6007462686567164,-0.603448275862069,"4954,58882","30959,58882"
-0.6052631578947368,0.0413533834586466,"4955,109913","4955,68385"
0.00138799340927,-0.0203703703703703,"300,45134","300,3411"
-0.3985148514851485,0.0767326732673267,"4958,49764","4958,121688"
-0.3561946902654867,0.2986725663716814,"4959,59460","4959,56912"
-0.6708333333333333,-0.5336021505376344,"4961,109915","4961,67178"
-0.3546206896551724,0.064,"4962,21841","4962,34304"
0.1907142975604093,0.016750418760469,"4965,58363","4965,164823"
-0.1042746113989637,-0.0892857142857142,"4966,109916","4966,111079"
0.7480438184663537,0.0156494522691705,"4967,5635","5635,6084"
-0.0227254243589594,-0.0220913107511045,"4971,18425","14159,18425"
0.9252873563218392,-0.1203703703703703,"4972,109917","4972,48159"
-0.7285067873303167,0.0452488687782805,"4973,82125","43332,82125"
0.1852702056432329,0.0276422764227642,"4533,10155","10155,64039"
-0.0430674719406931,-0.0671057294021334,"4983,109919","4983,13244"
-0.0872577875889134,0.3009259259259259,"4985,48133","4985,8423"
-0.5494880546075085,0.0341296928327645,"4989,109920","34137,109920"
-0.0770030285110119,0.1690590111642743,"4995,21144","8694,21144"
-0.1972482073308339,0.0302114803625377,"4996,21156","21156,107217"
0.1616465863453815,-0.4421768707482993,"4999,22730","4999,15483"
0.3760133294882886,0.1262135922330097,"5000,109921","5000,33360"
0.3472208379015914,-0.0069565217391304,"2763,5748","5736,5748"
0.0625289888682745,0.0389610389610389,"5004,41522","5004,13489"
-0.217983651226158,-0.1680832892756923,"4656,13830","4656,35923"
-0.2136181575433912,0.1855807743658211,"5007,21125","5007,19763"
0.4292929292929293,-0.1021897810218978,"4073,5582","5582,78346"
-0.1379310344827586,0.0094827586206896,"5010,46370","5010,34634"
0.0610017454320496,0.0017925337074273,"5013,108729","5013,91824"
-0.0592812152649129,0.0055576139310855,"3536,3957","3536,71186"
-0.2266288951841359,0.036827195467422,"5019,109928","5019,125471"
0.5151515151515151,0.0216450216450216,"4385,89380","4385,110658"
0.3893129770992366,0.0572519083969465,"5025,34168","29624,34168"
-0.3076923076923077,0.1192307692307692,"5027,16449","16449,113540"
-0.4507042253521127,-1.0,"5029,34122","34122,152450"
-0.0675053180906906,-0.0251572327044025,"5038,11572","5038,16470"
0.2307692307692307,-0.1137614678899082,"5040,6857","6857,36685"
-0.1232134024107677,0.0258780036968576,"5044,84243","5826,84243"
-0.0358721224574883,0.0109890109890109,"4530,21450","4530,72675"
0.371656187761159,0.1630804077010192,"1573,83816","1573,110126"
0.0448692453017798,0.0842696629213483,"5048,10305","10305,122591"
-0.2242595204513399,-0.2558139534883721,"5049,109935","5049,121839"
-0.2765217391304347,0.057391304347826,"5050,78492","5050,120534"
0.3906633906633907,-0.0491474423269809,"5051,21517","12469,21517"
0.0532438478747203,-0.2238373724076911,"5052,109938","5052,36573"
-0.0680046051598722,-0.0691748780730566,"5055,109940","5055,13151"
0.0393681943281081,0.1021897810218978,"5056,20079","20079,117203"
0.6712015611931976,0.188235294117647,"5061,37407","5061,121088"
-0.2028061224489795,0.0905612244897959,"5062,44573","5062,14065"
-0.2080074544787974,0.0943877551020408,"5064,29074","29074,57919"
0.2464454976303317,-0.2456140350877192,"5066,14403","14403,40810"
-0.2062256809338521,-0.2066580198875918,"5068,9277","9277,81360"
0.0188461970565105,-0.0063056808978363,"5073,109073","5073,12733"
-0.1128262910798122,-0.1033854321427864,"5077,8763","8763,21235"
0.018019473960648,0.038543897216274,"5078,9759","9759,16764"
0.0814529578127726,0.0325077399380804,"5082,6397","5082,52117"
-0.0033770893248668,0.0443349753694581,"5084,10766","4910,5084"
-0.0023856795183809,0.0130331753554502,"3263,11050","3263,20276"
-0.1992433795712484,0.0920554854981084,"5095,109948","5095,112481"
0.1241030627126884,0.0517647058823529,"5096,64729","5096,129434"
-0.1496674057649667,-0.2,"5097,8315","5097,88910"
0.1265647526045208,0.0237467018469656,"5103,12794","5103,99370"
0.1466653551052528,-0.5500627090301003,"5105,18801","5105,6825"
0.324435318275154,-0.016,"5106,78050","5106,14481"
0.291733075746599,0.065040650406504,"5108,6725","6725,6792"
0.056723861986824,0.0286783042394014,"5117,6509","6509,47557"
-0.626984126984127,0.0515873015873015,"5124,109955","5124,44667"
0.913235294117647,0.0220588235294117,"5125,106666","5125,23944"
0.30859375,0.0977443609022556,"5131,109956","3800,5131"
-0.380722891566265,-0.0142857142857142,"5133,99149","65710,99149"
0.1714428690575479,0.0626205477690626,"5134,109957","6155,109957"
0.0719435767470187,0.0347931435622883,"5136,109959","5136,15202"
0.8461538461538461,0.0185004868549172,"5137,9215","9215,58879"
-0.1337185476600279,-0.3088235294117647,"5139,39330","39330,89370"
-0.0074775792839797,-0.0064135192914588,"5140,109961","5140,40226"
-0.1440492562892749,0.0225165562913907,"5142,14308","5142,62506"
0.4984025559105431,0.0734824281150159,"5143,109962","5143,128098"
-0.2180555555555555,-0.8861111111111111,"5144,109963","5144,111893"
0.1780626780626781,-0.036036036036036,"3354,109964","3354,50941"
-0.100383631713555,0.008312020460358,"828,46241","828,114115"
-0.1650749516441005,0.1433005136986301,"5148,18222","297,18222"
-0.0579565561118849,-0.8712871287128713,"5150,19938","19938,134221"
0.5643644893403704,0.0418250950570342,"5152,31616","5152,47693"
-0.5803548642731461,0.072289156626506,"5156,109967","21214,109967"
0.3592677345537757,0.0668449197860962,"5157,8430","8430,20875"
-0.2778761061946903,0.031858407079646,"5158,109607","5158,42664"
0.2912805604344579,-0.1951054852320675,"5159,29921","5159,12791"
0.4885993485342019,0.0553745928338762,"5163,109969","5163,25824"
-0.1475563909774436,0.0150375939849624,"5179,20200","20200,69174"
-0.3410029238013834,-0.9600886917960088,"5180,6873","5180,126616"
0.1141350471833321,-0.4384473721490295,"5185,109971","5185,15379"
-0.4656716417910447,0.0477611940298507,"5189,109972","5189,72662"
-0.5977011494252874,0.0421455938697318,"5030,109973","5030,110705"
0.7572815533980582,0.0338266384778012,"5194,32838","32838,140857"
0.1980521085677559,0.0279329608938547,"5197,6422","6422,128655"
-0.0445401174168297,-0.0976027397260274,"5201,74426","5201,8643"
-0.2166666666666666,0.0222222222222222,"5204,25515","25515,67929"
0.3601190476190475,0.1041666666666666,"5205,79524","5205,31413"
0.0960764587525151,0.0892857142857142,"5207,109977","2722,109977"
0.7799717912552891,0.0155148095909732,"5210,109979","5210,115013"
0.3056313569833788,-0.5454545454545454,"5214,52763","52763,87975"
-0.0141114745162169,0.0166666666666666,"5215,8578","5215,30018"
0.2183085147002672,0.0773195876288659,"5219,109980","36835,109980"
0.471243564993565,0.3264179672630377,"4884,5226","5226,6280"
0.2171717171717171,-0.0298507462686567,"5227,44738","5227,110891"
0.0426823049464559,-0.1518987341772152,"5228,41139","5228,114017"
-0.2379039676212669,0.3043478260869565,"5229,60852","58894,60852"
-0.0005243445692884,-0.110062893081761,"5230,78310","903,5230"
-0.8611111111111112,-0.1139705882352941,"5233,34843","5989,34843"
-0.2836207284678763,0.0538922155688622,"5234,5552","5234,33142"
-0.1814988290398126,0.0152224824355971,"5235,41971","5235,149165"
0.5400696864111498,0.1104294478527607,"2232,31698","2232,40336"
-0.0602692599818309,-0.0296873420382959,"5239,109987","3843,5239"
0.0025934158992273,0.0815602836879432,"5240,38855","5240,37101"
0.2162747786636872,0.0689655172413793,"5244,35156","5244,21855"
-0.1216640502354788,0.0094191522762951,"5245,10739","5245,21054"
0.0397604906079482,-0.0755813953488372,"5257,82948","19671,82948"
0.4833240431066518,0.0114734299516908,"3013,5258","3013,57781"
0.0681089743589743,-0.0091743119266055,"5261,7068","7068,12542"
0.3347060494177791,-0.56,"5263,6595","6595,75284"
-0.1619942390139335,0.0629934210526315,"5265,109573","5265,8401"
-0.2655172413793103,-0.029296875,"5271,109992","5271,76501"
-0.3061630218687873,0.1868787276341948,"5272,109993","5272,10428"
-0.4782608695652174,-0.3059006211180124,"5273,21179","5273,72056"
0.1759784458309699,0.0310421286031042,"5275,29890","5275,145023"
-0.6497890295358649,-0.0138522427440633,"5276,56529","5276,9176"
-0.0636330805344889,0.0256410256410256,"5277,109994","5277,131996"
0.0792893875642823,0.0289855072463768,"1362,3086","1362,38482"
0.0459323658722025,0.0033561390532544,"5278,21447","13146,21447"
-0.5539568345323741,0.0359712230215827,"5281,12125","5281,13805"
0.8850574712643678,-0.0765765765765765,"5283,36929","22542,36929"
-0.0479057953826692,0.015625,"357,5285","5285,114929"
-0.2664359861591695,0.0346020761245674,"5287,6120","6120,48420"
-0.0102741387675885,-1.0,"2021,5290","5290,14309"
0.4510498355679231,-0.0264440262032943,"3956,12859","3956,16673"
-0.3123732251521298,0.024340770791075,"5292,109996","5292,79042"
0.4779661016949152,0.0959707703237592,"5294,30098","6699,30098"
0.6956521739130435,0.025691699604743,"948,5297","948,150248"
0.0283158269538899,0.1707317073170731,"1679,5300","5300,72166"
1.0,0.0122914837576821,"5301,6438","6438,77173"
0.1705913978494623,0.0766129032258064,"5304,5806","5346,5806"
0.1037187517634445,0.0161390440720049,"5259,53207","2231,5259"
0.1823434582049767,0.0292573143285821,"5310,8572","8572,27808"
0.3979328165374677,-0.0606060606060606,"5316,108982","5316,90887"
-0.1515748031496063,0.0118110236220472,"3126,10364","10364,64914"
0.8421052631578947,0.0123839009287925,"390,4235","390,7252"
0.0932416643591838,0.0083650190114068,"751,17479","751,150205"
-0.5665597707423581,-0.5238095238095238,"4729,19815","4729,69736"
-0.3787128712871287,0.0247524752475247,"5322,110002","5322,63124"
-0.287593984962406,-0.0310025538228874,"5324,99447","5324,32397"
0.0530644434429923,-0.3907165389815232,"5326,80351","5326,105386"
-0.0902654867256637,0.0725663716814159,"5327,110003","5327,50036"
0.0603603405416107,0.0167938931297709,"5328,55963","5328,124973"
-0.2623522616191238,-0.0473815461346633,"5329,5739","5329,7814"
0.9053254437869822,-0.3673469387755102,"5330,110004","14865,110004"
0.1408069621426083,0.0086730268863833,"5332,54263","5332,126708"
-0.2533112582781457,0.0298013245033112,"5340,110006","5340,136286"
0.2585587383970456,0.0697674418604651,"5341,36608","36608,52568"
0.3105590062111801,-0.6392035074899526,"5342,19200","19200,46812"
0.3248407643312102,-1.0,"5343,20059","5343,150477"
0.2349842678952691,0.0179233621755253,"5344,13469","13469,16084"
-0.1642864129626624,0.0577576443941109,"487,4584","4584,20512"
0.1395985401459854,0.5,"1385,5348","5348,55669"
0.1559633027522936,-0.1101694915254237,"5351,110007","33274,110007"
-0.5971551261406334,0.1400966183574879,"5352,44062","37859,44062"
0.0353451710542747,0.0240480961923847,"5359,14665","5359,106468"
-0.373170731707317,0.0292682926829268,"5363,110010","42118,110010"
0.92,0.0452631578947368,"5365,110013","5365,111669"
0.0520877275961837,0.0583941605839416,"5366,13144","5366,44938"
0.6292682926829268,0.0756097560975609,"5367,41603","5367,34769"
0.3068040435458787,0.0132192846034214,"5369,34858","5369,137968"
-0.4825396825396825,-0.3022556390977443,"5373,29165","5373,14866"
-0.0098032317831093,0.0200286123032904,"5374,9382","9382,25456"
0.0410845932775209,0.0375275938189845,"5381,5382","5381,137637"
0.4153846153846153,-0.0434782608695652,"5383,44100","44100,74087"
-0.2067292885740683,0.0340314136125654,"5385,110019","82543,110019"
-0.3352220560845728,0.0814249363867684,"5391,41102","5391,9237"
0.3504273504273504,0.1367521367521367,"5410,110023","10419,110023"
0.0223285486443381,-0.8708133971291866,"5413,8400","8400,111948"
-0.0031026839045368,-0.0643717763144482,"1001,1151","1001,9240"
-0.229483282674772,0.019756838905775,"2942,24979","2942,27072"
0.1923566878980891,0.0123796423658872,"630,10517","10517,60809"
-0.2337461300309597,-0.0425531914893617,"5415,110027","5415,15957"
-0.4701441207991427,-0.0208667736757624,"5416,10060","5416,20071"
0.1784472145275469,-0.1082770083102492,"5417,25988","25988,31759"
-0.0951149768850629,0.018651362984218,"5420,10713","5420,149522"
0.0450672089246136,0.0223463687150838,"5424,110030","10835,110030"
0.6114406779661017,0.0833333333333333,"5425,18714","7058,18714"
-0.2311643835616438,-0.3947368421052631,"5427,10483","10483,70445"
0.4568484848484848,0.0196363636363636,"4341,6495","6495,7998"
-0.2423756019261637,0.0866773675762439,"3637,5428","3637,96622"
-0.1593087867130732,-0.1592920353982301,"5431,110031","5431,103554"
-0.204054054054054,0.0418918918918918,"5434,12455","12455,35077"
0.1498288074742518,-1.0,"5441,54872","5441,70534"
-0.039204440333025,0.0243478260869565,"5251,5442","5251,147064"
-0.2133773390661902,0.0563798219584569,"5444,52282","52282,134666"
-0.5298245614035088,-0.2112676056338028,"5448,110042","2197,5448"
0.2011932707355242,0.136150234741784,"5449,110043","5449,11067"
0.1647870892475208,0.2072072072072072,"5450,69194","2787,5450"
-0.1989459815546772,0.0606060606060606,"5451,106797","23154,106797"
0.3217896174863388,-0.2097570610310092,"5452,90354","3991,5452"
0.4744703706725408,0.0444983818770226,"5455,6458","6458,18920"
-0.302,-0.1269230769230769,"5461,41213","15837,41213"
-0.0235914776374082,-0.3644754384165727,"5462,6028","5462,7149"
0.5771290158082611,-0.1323631323631323,"5463,110046","5463,41142"
-0.1169143356643356,0.015625,"5466,6543","6543,139775"
-0.00606717445912,-0.0663265306122449,"5467,27896","5467,73066"
0.6703296703296704,0.0417582417582417,"5468,110048","5468,59900"
-0.180722891566265,0.0228915662650602,"2173,110049","2173,34217"
0.0906593406593406,0.0142857142857142,"4459,110052","4459,152945"
-0.1569037656903765,0.0188284518828451,"5470,110053","5470,25223"
-0.0783786571320521,0.1152542372881356,"4003,5253","5253,120100"
0.1964809384164223,-0.0491071428571428,"5473,98128","5473,21822"
0.1515118795566467,0.0234070221066319,"5474,70746","5474,23413"
0.663677130044843,0.0336322869955156,"2849,110055","2849,71000"
-0.2702702702702703,-0.0074545133368662,"4562,18348","18348,41106"
0.8458646616541353,0.1015037593984962,"5483,110058","5483,124546"
0.1163705988724603,-0.2313003452243958,"5486,37589","5486,43150"
0.2368602023774437,0.050332383665717,"5488,110060","5488,19618"
0.1303669008587041,0.1081081081081081,"5492,9887","5492,72859"
-0.1528658299909432,0.0279898218829516,"5499,61545","61545,97984"
-0.0853658536585365,-0.1290322580645161,"5500,27228","27228,116258"
-0.3016194331983806,0.0263157894736842,"5508,110065","5508,112111"
-0.5457875457875457,0.0512820512820512,"5509,110066","5509,53968"
-0.2197508896797153,-0.0765306122448979,"5510,73206","21845,73206"
-0.4408284023668639,0.0739644970414201,"5513,110067","5513,26116"
-0.0154158964879851,-0.4285714285714285,"5514,64594","5514,59195"
0.78954802259887,-0.0037792029317453,"5515,78051","5515,42696"
-0.5209790209790209,0.0664335664335664,"5517,110070","5517,13831"
-0.1742671594130099,-1.0,"5524,110072","35784,110072"
-0.3425287356321839,0.0061941251596424,"5527,22405","22405,31178"
0.1402412879186869,0.0240160106737825,"5533,42200","5533,12400"
0.1068255496927688,0.0936139332365747,"5534,6719","6719,85285"
-0.0401301821432562,0.0219298245614035,"5537,14404","5537,7515"
0.0899782335448665,0.1204819277108433,"5539,15107","5539,40886"
-0.1323067632850241,0.0772946859903381,"5540,35473","35473,68564"
-0.2467291109128754,-0.0023980815347721,"5546,73555","18050,73555"
-0.19359116940226,0.0518292682926829,"5548,42736","5548,32226"
0.1306229842132066,0.0766423357664233,"5551,110075","28433,110075"
-0.0648812308332033,-0.0605960065150509,"5553,38347","38347,55880"
0.4806451612903226,0.0153609831029185,"5555,108599","46442,108599"
-1.0,-0.2765957446808511,"5556,110077","81403,110077"
0.1050035236081747,0.35625,"2289,110078","6182,110078"
-0.309623430962343,0.0543933054393305,"5558,110079","5558,39828"
0.2707370409025396,0.1473087818696883,"5560,19882","19882,114862"
0.2100676527921109,0.0816993464052287,"5561,16655","16655,34491"
0.5734767025089605,-0.3846153846153846,"5562,22566","22566,28700"
0.2946046966423266,-0.5992833216483603,"5563,50257","28461,50257"
-0.2696890221056576,-0.2967787114845938,"5071,110081","5071,93711"
0.6682069528518398,-0.0896226415094339,"2723,24572","2723,54271"
0.1244127267320844,0.0114035087719298,"1694,5565","1694,149319"
0.5854341736694677,-1.0,"5569,27493","27493,63179"
-0.177338355304457,-0.0366847826086956,"5570,23451","23451,23708"
0.45974760936296,-0.0348484848484848,"5571,49561","5571,32821"
-0.5522388059701493,-0.3982300884955752,"4541,30756","23429,30756"
0.7581699346405228,0.0163398692810457,"5574,11178","11178,14763"
-0.3681592039800995,0.044776119402985,"5579,42276","42276,136503"
-0.2945116400052022,-0.0051498127340823,"5581,62126","7764,62126"
0.4352941176470588,0.1056910569105691,"5586,110086","5586,28557"
-0.0853174603174602,0.0091782668673187,"5587,7578","7578,78767"
-0.0209028478960073,-0.8606811145510835,"5590,23172","5590,27143"
-0.1484577372856449,0.0367504835589942,"5594,6864","5594,32274"
-0.082494309105987,0.018450184501845,"3495,55894","55894,74150"
0.9363057324840764,0.0376712328767123,"5599,28141","28141,158238"
0.1898181818181817,0.1653333333333333,"5600,110088","5600,109711"
0.2538071065989847,-0.3078680203045685,"5604,90365","5604,46787"
-0.1867852604828462,0.0203303684879288,"5606,110093","5606,28284"
-0.6681818181818182,0.0818181818181818,"5608,16550","16550,69056"
-0.1965130023640661,-0.1103242758267111,"5609,33721","31946,33721"
0.1139113911391138,0.1127946127946128,"5613,9605","5613,15009"
0.4564102564102564,-0.1388888888888889,"5614,9847","5614,50033"
0.3505982905982906,0.0384615384615384,"5617,110095","5617,124634"
0.1841666666666666,0.0253333333333333,"5284,7368","5284,56553"
-0.0031974420463629,0.0539568345323741,"5620,110097","5620,16301"
-0.4140845070422535,-0.0960187353629976,"5622,18514","9553,18514"
-0.2601371334757783,-1.0,"5624,99656","5624,32593"
0.3340909090909091,-0.024263431542461,"5625,7828","1241,5625"
-0.1028325637446158,-0.1184912429778596,"5626,7330","5626,16765"
0.4814213564213563,0.0476190476190476,"3390,16453","3390,127622"
0.1898474659668689,-0.0496521826797056,"5628,6912","6912,30113"
-0.2489326765188834,0.0498084291187739,"5632,26278","26278,82864"
0.2923511516731856,-0.0380047505938242,"4197,5633","4197,22030"
-0.1242603550295858,0.0135249366018596,"5636,7137","7137,68868"
-0.2555950470075671,0.2015306122448979,"5649,21553","5649,15132"
0.0459988696669071,0.0436280137772675,"5650,110102","5650,67518"
0.2056114617090227,0.1143838881385556,"5655,7065","7065,57861"
0.5102748343445075,0.0446780551905387,"2913,76932","2913,76331"
-0.2363861386138613,0.1188118811881188,"5658,9765","5658,21794"
0.392781764457577,-0.125,"5660,6419","5660,58890"
0.2179771368885278,-0.0708955223880597,"5661,9364","9364,69959"
0.0715447154471544,-0.0995260663507109,"5662,110104","5662,27231"
0.1916041275797373,-0.0076927664142167,"5664,9373","5664,7582"
-0.0283843749316894,-0.4594594594594595,"5665,106192","5665,62674"
0.0356605800214822,0.1332429846938775,"5667,22386","20188,22386"
0.1167953960321066,-0.033033033033033,"5668,8537","8537,8952"
-0.435820895522388,0.044776119402985,"5669,110107","5669,71415"
-0.0407252440725244,0.0175732217573221,"5377,5671","5377,13023"
-0.1433078236451408,0.0385852090032154,"3273,5679","5679,88889"
0.0835799046936804,0.0740181268882175,"5680,17464","17464,21493"
-0.12106135986733,0.0199004975124378,"5681,110109","5681,45868"
-0.1666666666666666,0.0194063926940639,"5683,7559","7559,138797"
-0.0242524252425242,0.0242024202420242,"5685,10497","10497,50352"
0.0474156949259376,0.0513157894736842,"5694,8026","8026,27968"
-0.1450981731898056,0.0456847730717077,"844,62207","6601,62207"
-0.0848449385605617,0.0064365125804564,"1414,3280","1414,25108"
0.0522688845222318,0.0498194945848375,"5701,84103","5701,112784"
0.5093891402714932,0.0596153846153846,"5703,94281","5703,17301"
-0.1505711318795431,0.0103842159916926,"5705,20799","20799,34390"
-0.1715976331360946,0.0224852071005917,"5706,10987","10987,41436"
0.3056140350877193,0.0210526315789473,"5710,31902","5710,57798"
0.2449735449735449,0.0343915343915343,"5711,110115","5711,136813"
-0.1470429693516094,-0.0706521739130434,"4646,7446","7446,10640"
-0.18125,-0.6076388888888888,"5716,110117","5716,39324"
0.0456177479830447,-0.421628318926715,"5720,110118","5720,15817"
-0.3341013824884792,0.1470814132104455,"5722,51742","9273,51742"
-0.4081632653061224,-0.144578313253012,"5723,52192","5723,20630"
0.4393939393939394,-0.9178082191780822,"5730,18565","5730,129399"
0.8950617283950617,0.0202808112324493,"5734,43984","34152,43984"
-0.1621923937360179,-0.0870479815686667,"5735,47786","6723,47786"
0.09955861706748,0.0255941499085923,"5738,16875","16875,141088"
0.5291970802919708,-0.0526315789473684,"5742,41249","3030,41249"
-0.1407099184782608,0.0546675191815856,"5743,35333","5743,16093"
0.0238841185116422,0.0806451612903225,"5744,13498","13498,122651"
-0.5178571428571429,0.0892857142857142,"5746,78642","44224,78642"
-0.3008298755186722,-0.0778443113772455,"5756,13758","13758,28965"
0.0692323050813616,-0.0274598464509443,"5759,27296","27296,28480"
-0.2625191469305997,0.070460704607046,"5762,110125","42942,110125"
-0.2836539200762643,0.0451127819548872,"5764,19398","19398,62117"
-0.5975103734439834,0.0580912863070539,"5766,47845","5766,29387"
-0.0697854120746877,-0.375,"5767,18753","6561,18753"
0.0827191664802327,-0.3136112913692407,"796,69615","796,15222"
-0.3617060195417892,-0.2850467289719626,"5768,6227","5768,25633"
-0.4915903768362785,-0.1256281407035175,"5057,21157","21157,78827"
0.365482233502538,-0.0510440835266821,"5782,110133","48633,110133"
0.0482905982905982,-0.1375553130872279,"5783,37513","3717,37513"
0.085014409221902,-0.0085139318885448,"5787,81487","6483,81487"
-0.0093736922862323,-0.0838709677419354,"2225,9742","2225,7747"
0.4511827956989247,0.0591397849462365,"5789,24786","24786,76425"
-0.4820911971345915,0.0634142545907251,"5791,31030","5791,12438"
-0.2608695652173913,-0.0007654623392528,"5255,5794","5255,19196"
-0.5161290322580645,0.043010752688172,"5796,29403","5796,86206"
-0.2211981566820276,0.0768049155145929,"5798,52983","5798,20973"
0.4560281548516842,0.0711111111111111,"5804,6639","6639,68161"
0.0177095631641085,-0.0396761133603238,"5808,110136","8780,110136"
0.2553315804849547,0.0429447852760736,"5816,110137","5816,39549"
0.3073669087716497,0.208955223880597,"5820,110138","5820,14972"
0.3132077337684814,0.0343915343915343,"1290,3518","2547,3518"
-0.124456048738033,0.0130548302872062,"3282,51982","3282,137834"
0.3053165388071048,-0.9423076923076924,"5827,47662","47662,60559"
-0.17695901680971,0.0344827586206896,"5828,39060","5828,59951"
0.6649196366177498,-0.9444444444444444,"5829,8930","8930,113830"
-0.3620253164556962,0.0253164556962025,"5831,110142","5831,163583"
-0.4144927536231884,0.0985507246376811,"5834,110144","5834,31617"
-0.3421052631578947,0.0061354685414835,"761,5836","761,95557"
-0.3469596152579221,0.0311614730878186,"5838,9317","5838,159226"
-0.1668611435239206,-0.2557689963252582,"5845,9862","9862,13215"
0.0813394824230667,0.0392967942088934,"4747,105404","4747,13026"
0.1234172441988774,0.0734597156398104,"5849,10885","5849,34804"
0.3910779930452062,0.0229508196721311,"5851,5966","5966,65829"
0.4215099337748344,0.218,"4964,110152","4964,110754"
0.1632203952831755,0.0185185185185185,"4946,5854","1836,5854"
0.1754268413738336,-0.5125570776255708,"5860,110154","65164,110154"
-0.1425601425601425,-0.0577349393138866,"5862,35550","862,35550"
0.8511904761904762,-0.4,"5863,8375","8375,22712"
0.3545959446580564,-0.2000887311446317,"5867,109202","10218,109202"
0.5494131455399061,0.1295774647887324,"5872,6131","6131,23068"
0.0672985781990521,0.0934579439252336,"5874,56647","56647,101368"
-0.27734375,0.021484375,"2826,83579","2826,25359"
0.3695286195286195,-0.028169014084507,"5875,5963","5963,40723"
0.6536585365853659,0.0341463414634146,"5876,19878","19596,19878"
-0.3107221006564551,-0.0062417046310578,"5877,15397","5877,35901"
0.6016949152542372,-0.2415584415584415,"5882,26562","10105,26562"
-0.2778810408921933,0.0446096654275092,"5883,110158","5883,11566"
-0.2482517482517482,-0.024263431542461,"5884,110159","801,5884"
-0.2164634146341463,0.0426829268292682,"5886,13196","13196,35357"
-0.0870454895122826,0.0461049284578696,"5891,19995","19995,72979"
0.1223032131037661,-0.1052631578947368,"5892,10137","10137,44525"
0.5612648221343873,0.0246679316888045,"5893,39355","39355,83369"
0.6367194868892663,-0.5,"5894,31050","31050,71091"
-0.0573752866972477,0.0206422018348623,"5895,6835","6835,60385"
-0.7759562841530054,-0.136986301369863,"5896,18940","8736,18940"
0.0127392173664667,-0.2239906245274459,"5897,72448","5897,5914"
0.9342105263157896,-1.0,"3739,72919","3739,117556"
1.0,0.0239130434782608,"5902,10467","10467,52860"
-0.2384085213032581,0.1041666666666666,"5912,8792","8792,31120"
0.7137096774193548,-0.5652173913043478,"5919,110165","5919,79796"
-0.1698564593301435,0.0119617224880382,"4529,5925","4529,86320"
0.0770939086294416,0.1700507614213198,"5929,110167","15197,110167"
-0.3438256658595641,-0.6498867452940716,"5930,110168","17901,110168"
0.3037219207950915,-0.475051975051975,"72,110169","72,126967"
0.2389412882942165,-0.2137716397588017,"5932,110171","5932,37472"
-0.0966012997726052,-0.5925925925925926,"5936,7528","5936,89167"
-0.2527801441300394,-0.1064428219589326,"5939,24599","5939,43287"
0.6682464454976303,-0.1428571428571428,"5941,80981","24620,80981"
-0.1792779070006793,0.0478170478170478,"5942,18302","18302,20140"
-0.0722706304459251,0.0240902101486417,"5943,67551","5943,22308"
-0.5164835164835165,-0.4782608695652174,"5944,45070","5944,79431"
-0.0471577498033044,-0.8125,"5945,7035","5945,28283"
-0.3126385809312638,0.0288248337028824,"5948,76354","5948,80935"
0.2036477565178471,0.039274924471299,"5950,110176","5950,43967"
-0.373170731707317,0.1341463414634146,"5951,32705","32705,120714"
-0.1988716502115655,0.0324400564174894,"5952,20663","5952,45920"
-0.3154362416107382,-0.1527760829774252,"5954,110178","5954,12587"
0.2134600053149083,0.320754716981132,"5955,17039","5955,102350"
-0.0431648428000694,-0.3134328358208955,"5956,17388","5956,16053"
0.2357765780730897,0.0140016233766233,"4398,5972","5972,10764"
-0.1387795275590551,0.0718503937007874,"5973,13735","13735,112529"
0.0628105744384814,0.0232558139534883,"5978,18972","5978,125013"
0.3402799240584573,0.0457746478873239,"5979,30322","30322,83941"
-0.4818414816964069,-0.2790697674418604,"5980,6350","5980,118181"
-0.2545454545454545,0.0981818181818181,"5982,10543","10543,100337"
-0.0655418559377027,0.0578358208955223,"5983,11457","5983,55597"
0.092435655994978,0.010593220338983,"2859,17273","2859,163161"
0.2433103045635885,-0.141208286559853,"5146,110190","5146,12377"
-0.1332761872106977,-0.0562841067727061,"4671,27153","4671,9137"
0.105646271886681,-0.0339506172839506,"5986,33051","20394,33051"
0.3099982967126554,-0.0568862275449101,"5987,13385","12541,13385"
0.0099630238290879,-0.1583938891770679,"5990,55813","5990,7100"
-0.1108471892319873,0.0229612034837688,"1171,5995","1171,32154"
-0.3825136612021858,-0.0187793427230046,"3969,10719","3969,11441"
-0.232945091514143,0.0183028286189683,"5997,76491","5997,94575"
-0.0500088344066629,0.0137420718816067,"5998,6730","6730,114338"
-0.2058823529411764,0.1588235294117647,"5999,76798","8444,76798"
0.0445714583645618,0.0835380835380835,"6000,57394","6000,120141"
-0.2225755166931637,-0.4950213371266003,"6001,57422","6001,58668"
1.0,0.0273809523809523,"6002,110196","6002,47478"
0.3889885979729729,0.068359375,"4845,9637","4845,17062"
-0.1203783319002579,0.0214961306964746,"6016,109033","6016,44153"
0.8092485549132948,-0.1597466572836031,"6020,110199","9105,110199"
0.0331493230067836,0.0487421383647798,"6021,26466","26466,35580"
0.3125415660331128,-0.2542745481191988,"6024,110200","6024,65415"
-0.3010752688172043,0.075268817204301,"6029,8907","8907,58917"
-0.2631845061443426,-0.0666666666666666,"6032,110205","6032,53227"
-0.03070003843131,-0.12115329343129,"6034,17099","6034,10891"
-0.1327055344860834,0.2175226586102719,"4480,27588","4480,92571"
-0.1372161895360316,-0.00768156424581,"6036,110208","5191,6036"
0.0162273623812085,0.0555555555555555,"6037,35986","35986,129561"
-0.0305199522871914,0.0032028749726011,"4906,6041","1101,4906"
-0.0708704493711456,-0.0260857547593545,"2400,25418","2400,20343"
-0.4124629080118694,0.0445103857566765,"6042,110211","6042,26306"
0.6084507042253522,0.076056338028169,"6045,11848","11848,102918"
0.0848595848595848,-0.0262066365007541,"6046,36042","15514,36042"
-0.5041838730710715,-0.3074526719386532,"6048,110213","6048,87074"
-0.1095290145023715,0.0266429840142095,"6049,8744","8744,54242"
-0.0647414997671169,0.0517000465766185,"4280,6050","4280,8139"
0.1949579831932772,0.0554621848739495,"6051,110214","6051,32776"
0.271484375,0.168141592920354,"6055,7881","6055,68770"
0.0876588352872122,0.0616621983914209,"6061,14099","6061,112775"
-0.1019271303824149,0.0617283950617283,"6062,12065","12065,45818"
0.2593700159489633,0.0495867768595041,"6068,45757","22550,45757"
-0.307022607022607,-0.4137931034482758,"6077,89929","6077,64840"
0.3186274509803921,-0.0604981122883936,"6079,110219","6079,20951"
0.2027790984546897,0.02832674571805,"6080,18952","6080,24777"
-0.4186746987951807,0.0421686746987951,"6081,20623","20623,78257"
0.765993265993266,0.0303030303030303,"5047,6089","5047,11916"
-0.1363636363636363,0.0177865612648221,"5507,57225","5507,135143"
-0.265495578408227,0.0402144772117962,"6094,15850","6094,70339"
0.2494123469009032,-0.7457627118644068,"6099,38562","6099,77404"
0.7715231788079471,0.021523178807947,"5028,6101","5028,35692"
-0.4693877551020408,-0.2352941176470588,"6102,55592","6102,65418"
0.346915676287493,0.0385964912280701,"4915,6107","4915,49914"
0.1041957135619381,0.0204778156996587,"4430,8663","8663,16455"
-0.3216783216783216,0.0349650349650349,"5666,6112","5666,71166"
-0.2087745839636914,0.0393343419062027,"6113,74471","6113,41809"
-0.1820580474934037,0.0567282321899736,"5577,63904","5577,7183"
0.04639068742251,0.0254035790264047,"6115,16588","6115,51917"
-0.1434511434511434,0.0893970893970894,"6118,83470","6118,11182"
0.3801652892561983,0.0886699507389162,"6123,49760","6123,135142"
-0.0288461538461538,-0.3960870813158288,"6128,50934","6128,33026"
0.9078947368421052,-0.0210840690576615,"6130,83076","7793,83076"
0.1533078471194758,0.0699523052464228,"6136,97333","6136,10911"
0.1642831191993923,-0.1408450704225352,"6138,17817","2731,6138"
0.2595468567173705,0.0063291139240506,"6139,7397","7397,50748"
0.4430258538142355,0.0414937759336099,"6143,16247","16247,17219"
0.2283990519284637,0.042016806722689,"6145,7855","7855,19132"
0.1268020005884083,0.1084142394822006,"5871,41124","5871,112956"
-0.0722554859654227,-0.0484261501210653,"6149,10417","6149,50646"
0.7404952591365185,-0.3409090909090909,"6150,15089","15089,22001"
0.6332946971892205,-0.1716417910447761,"6151,19357","19357,73415"
0.2220961887477314,0.2631578947368421,"6153,50206","50206,92556"
0.635828768512883,0.039426523297491,"6154,48828","6154,157083"
0.096541394335512,0.0318627450980392,"6161,109664","85061,109664"
-0.4114114114114114,-0.059059059059059,"6166,30772","20847,30772"
-0.1376884422110552,0.0351758793969849,"6169,19587","19587,30868"
-0.1636798088410991,0.01194743130227,"6171,110229","6171,23523"
0.791907514450867,0.0118694362017804,"6183,22578","18007,22578"
-0.0024536264599077,0.0507900677200902,"6078,6185","6078,23716"
-0.5546558704453441,-1.0,"6191,46452","46452,157333"
0.2146341463414633,0.0277372262773722,"6192,27146","27146,58315"
0.020889037433155,-0.1724137931034483,"6193,110233","27597,110233"
0.4840989399293286,0.08130081300813,"6202,79014","6202,146663"
0.1373525475427184,0.1191135734072022,"6203,79166","6203,25074"
0.1590421211417962,0.032258064516129,"6206,26549","26549,69901"
-0.2804123711340206,-0.0317145688800792,"6208,14706","11801,14706"
-0.2169059011164274,0.1355661881977671,"6209,110236","6209,111712"
-0.2962962962962963,0.2091503267973856,"6210,73305","6210,8317"
0.2069938985520444,0.3417266187050359,"6213,80118","6213,107812"
-0.0390035365901053,0.0323708264326982,"6214,32858","6214,11779"
0.4056448824343015,0.0912863070539419,"6220,19396","6220,113090"
0.5051677865123627,0.0590631364562118,"6222,91249","6222,37340"
0.5112781954887218,-0.22,"6225,39786","34406,39786"
-0.337468982630273,0.0570719602977667,"6233,7040","7040,7538"
-0.3015521064301552,0.0221729490022172,"6234,62095","6234,102799"
-0.1245421245421245,0.0347985347985348,"6236,35488","6236,118592"
0.8292682926829268,-0.4817444219066937,"6239,110120","29826,110120"
-0.0650584795321637,0.0190972222222222,"3187,5177","3187,95373"
-0.0104598946676067,0.0463065049614112,"6241,8656","8656,25484"
-0.1174454828660436,0.0470588235294117,"6243,88482","88482,135092"
0.0165055606298259,-0.0668750121697139,"6246,9293","7596,9293"
-0.317016317016317,0.0419580419580419,"6258,19728","19728,61303"
0.2125989044430919,0.0716981132075471,"6260,110241","5825,110241"
0.4545174221399938,0.0230496453900709,"6266,110242","21352,110242"
-0.2758620689655172,0.0747126436781609,"6278,66840","6278,15350"
-0.3947179875014926,-0.0133779264214046,"6282,12554","6282,16705"
0.4065858566030328,-0.0376344086021505,"6285,51497","6285,9233"
0.2818371607515658,0.1352941176470588,"6288,44364","44364,128541"
0.7681159420289856,0.1146245059288537,"6295,26126","6295,113748"
-0.0313664142836284,0.0223390275952693,"1355,2994","1355,138174"
0.17831590533847,0.1177422499512576,"6296,63385","7106,63385"
-0.3426395939086294,0.0509975209538425,"6303,23551","6778,23551"
0.1147523928422804,-0.8838951310861423,"6305,68603","6305,35121"
0.0273475949865476,-0.0324254215304799,"6307,40595","2182,40595"
0.0142450142450142,-0.4761904761904761,"6311,64185","6311,124483"
-0.0691466044782662,0.0607476635514018,"6312,49888","6312,40655"
-0.1183191473046545,0.0186335403726708,"6313,49895","6313,72314"
0.1581881533101045,0.0303436693154187,"6315,22122","22122,107880"
-0.3484400511892679,-0.0848087961840084,"6317,23088","6317,12640"
-0.2127114104232035,0.047486033519553,"6319,24888","24888,31682"
0.7,-1.0,"6320,18501","18501,52466"
-0.1606446879728552,-0.0157522123893806,"4363,6326","6326,7136"
-0.0226851851851851,-0.057929036929761,"6327,12311","9004,12311"
0.1383101851851852,-0.1068376068376068,"6329,65686","33738,65686"
0.0341935483870967,-0.1985714285714285,"6330,14190","6330,8007"
-0.2076923076923077,0.0276923076923076,"6334,58457","58457,61647"
-0.1881180701228648,0.0739436619718309,"5232,39648","39648,52986"
-0.0346813725490196,-1.0,"3351,53053","53053,95283"
0.180722891566265,-0.241116704805492,"6341,109083","669,6341"
0.1240210171507881,-0.0608394249184042,"4642,6344","4642,10220"
0.1398648648648648,-0.0785714285714285,"6345,110256","43496,110256"
0.6666666666666666,-0.3421052631578947,"6349,38435","6349,112373"
-0.2005988023952095,0.029940119760479,"6351,94663","6351,53519"
0.03944802759862,0.3389830508474576,"6352,25844","17173,25844"
-0.1346775790376872,-0.0376710123933687,"3766,6156","3766,82951"
-0.2397137745974955,0.0286225402504472,"866,75244","866,78541"
-0.2144,0.0207430025445292,"6354,110259","6354,29400"
0.2735573605138822,-0.1853658536585365,"70,6355","6355,110682"
0.5331010452961673,0.0348432055749128,"6357,28727","6357,71108"
0.2718052738336714,0.2553191489361702,"6359,8515","6359,9598"
-0.7141205933346176,0.0558659217877094,"6360,46081","6360,68559"
-0.2463235294117647,0.0238970588235294,"3819,6366","3819,81302"
0.7444444444444445,0.1892857142857142,"6367,52689","38177,52689"
0.103882689869951,0.0245700245700245,"6368,46098","6368,165693"
-0.2729124236252546,0.0916496945010183,"6370,23527","23527,116434"
0.4945752222787983,0.5409044479524561,"6372,8168","6372,32861"
-0.3582887700534759,-0.1079691516709511,"6375,7545","7545,7713"
-0.4011976047904191,0.0389221556886227,"6376,36346","36346,150572"
0.5254901960784314,0.0367647058823529,"6382,15603","6382,25098"
0.796969696969697,-0.4053977272727272,"6383,6439","6439,110679"
0.5409226566847083,-0.5735816245199623,"6384,33001","6384,43384"
-0.4466666666666666,-0.0649350649350649,"6387,44063","18673,44063"
-0.2100067613252197,0.0014067593069136,"6389,10492","9546,10492"
-0.4253968253968254,0.0317460317460317,"6391,78937","78937,105905"
0.1738002594033722,0.0829268292682926,"6393,10646","6393,64669"
-0.0595026642984014,0.0106571936056838,"6394,12872","12872,46121"
0.3398402839396628,0.1014492753623188,"6400,84730","6400,74075"
-0.4161477585650847,0.0429184549356223,"6402,108096","15084,108096"
-0.1299528713562576,-0.009508692289416,"6406,9030","7902,9030"
0.1888091507707815,-0.0814814814814814,"1059,6407","1059,118669"
0.1686999900551268,0.0551053484602917,"6409,25198","6409,113134"
-0.1392116884423029,-0.0945945945945946,"6411,19985","19985,103054"
-0.0376973873097903,0.1333333333333333,"6414,110273","6414,114554"
-0.1635916359163591,-0.9348093480934808,"6416,63236","6416,19474"
-0.0058479532163743,-0.099009900990099,"1430,110277","1430,64046"
0.8951930654058313,0.0141843971631205,"1299,110278","1299,135842"
0.1210047437592347,0.0718562874251497,"6420,24037","6420,126858"
-0.2101105845181674,0.0205371248025276,"6421,87699","1884,6421"
0.1391301075369981,0.0057490280420216,"6423,13832","6423,15425"
0.0206395764773215,-0.0591874752012481,"6426,10082","10082,16183"
0.4290322580645161,0.2393162393162393,"6428,39030","39030,123941"
0.0824039653035935,0.1,"6429,6704","6429,116964"
-0.5833333333333334,0.0189109136477557,"6445,110287","6445,39271"
0.1529278713244534,0.0924855491329479,"4970,26310","4970,72784"
0.3027003117364563,0.0629370629370629,"2059,109359","2059,124459"
-0.101618993747229,0.0296127562642369,"6463,84196","84196,151405"
0.1716394716394716,0.0239316239316239,"6468,110291","78849,110291"
0.4332247557003257,0.1388888888888889,"6469,108991","6469,36812"
-0.1695470018329405,0.0277185501066098,"6471,110293","6471,147406"
0.3371616078753076,0.0269541778975741,"6472,110294","78682,110294"
-0.102053348685473,0.0656303972366148,"6478,23122","6478,118363"
0.2862951447022243,0.0501474926253687,"6479,110296","6479,137155"
-0.1432360742705569,-0.0360655737704918,"6482,71342","6482,19388"
-0.559322033898305,0.0466101694915254,"6487,32748","6487,84187"
-0.2593320235756385,0.074656188605108,"6493,94674","6493,118530"
-0.1166077738515901,0.0141342756183745,"6494,73561","6494,21135"
-0.4765342960288808,0.148014440433213,"6499,26109","26109,117601"
0.2316125428670153,0.0056227157717177,"1638,8239","1638,45313"
0.7105263157894737,-0.2224264705882352,"6506,16129","7274,16129"
-0.1083743842364532,0.0123152709359605,"6510,110305","6510,29174"
0.0029862301609246,-1.0,"6518,58220","58220,93487"
0.2148765272158332,-0.1770265358051617,"6520,110235","6520,53417"
-0.2444272445820433,0.0289473684210526,"6526,26391","26391,39936"
0.1025641025641025,-0.0502704842327483,"6530,25087","10489,25087"
-0.2016893377613999,0.0232018561484918,"6533,110310","69214,110310"
-0.3091334894613583,-0.1692307692307692,"6534,12335","12335,97126"
0.1782769024472008,-0.1997711670480549,"6535,20236","6535,114008"
0.2844827586206896,0.1617647058823529,"6537,109766","6537,84298"
-0.0408413490596991,0.0218281036834924,"5335,23877","23877,69945"
-0.7119565217391305,-1.0,"6541,57853","6541,114235"
1.0,0.0585365853658536,"6545,25178","25178,152481"
-0.1021169529758806,-0.1240040801698232,"6547,87356","6547,30166"
0.2058874245596748,-0.046875,"6244,6550","6550,19265"
0.5574324324324325,-1.0,"6554,34963","34963,56468"
-0.150155794892637,0.1261261261261261,"6555,13622","6555,98159"
-0.7197802197802198,-0.4482758620689655,"6557,60136","10549,60136"
0.0303813124789616,-0.1973684210526315,"3488,23717","8088,23717"
0.3161077235772357,-0.1587301587301587,"4838,6621","6621,88501"
0.3176576958710527,-0.3157894736842105,"3859,6559","3859,143035"
0.4724929202065634,-0.3832154435602711,"6564,54716","6564,41000"
0.0618402730988635,0.0469613259668508,"6566,8166","6566,137454"
-0.2609561752988047,-0.019115890083632,"6574,110317","6574,27583"
0.1628729562949296,0.0090972708187543,"6575,13916","13916,83374"
0.33248730964467,-0.4222222222222222,"6576,73475","6576,28344"
0.445578231292517,0.0427046263345195,"6577,27798","6577,153956"
0.0494579945799457,-0.087719298245614,"6583,36756","6583,43117"
0.0158357771260997,0.0410557184750733,"6584,29460","29460,78493"
0.3968781725888324,-0.439496864735742,"6585,12322","12322,110113"
0.0257567104511707,0.0368932038834951,"6596,110319","28762,110319"
-0.4126984126984127,-0.0685920577617328,"6599,110322","6599,17138"
-0.2200031328320802,0.0037820580754557,"6600,17923","6600,13736"
-0.1775956284153005,0.0628415300546448,"6602,110324","6602,116009"
0.0708665780141844,-0.019047619047619,"6607,23594","8340,23594"
0.2877906976744186,0.0581395348837209,"6610,15311","15311,49232"
-0.5439330543933054,-0.0636942675159235,"6613,38640","27590,38640"
-0.1533018867924528,0.0224056603773584,"3415,110329","3415,134103"
0.3525283509946086,-0.1629629629629629,"6618,24322","24322,109349"
-0.3439153439153439,-0.9232804232804231,"6620,105254","6620,37387"
-0.356060606060606,-0.0456989247311828,"6622,33375","33375,84502"
-0.2480916030534351,-0.0735981308411214,"6624,108129","6624,16054"
-0.1856174015605153,0.0878243512974051,"6627,40451","24126,40451"
-0.0912674037674037,-0.0378105378105378,"644,110334","644,52216"
-0.309534029665665,0.0580912863070539,"6631,29274","6631,76590"
0.3066239316239316,0.0138888888888888,"6632,50957","6632,58215"
-0.0744132799084144,0.0309101316542644,"6634,13029","13029,19194"
0.8203125,-1.0,"6637,110335","6637,112727"
0.1319099151798771,-0.2260046223812719,"6641,7997","7997,23722"
0.0865323435843054,-0.1069418386491557,"6643,64551","6643,32043"
-0.3367875647668393,0.1139896373056994,"6648,64656","1000,6648"
0.0205221841169615,0.0340557275541795,"6653,21698","6653,129884"
0.3119618696186961,0.07380073800738,"6655,110338","34879,110338"
-0.4797047970479705,0.1771217712177121,"6657,78540","22097,78540"
0.1412055508337756,0.0339578454332552,"4532,9159","9159,123157"
-0.4448275862068965,0.1655172413793103,"6673,21711","21711,38306"
-0.0144787644787645,-0.2533333333333333,"6674,110341","6674,134349"
0.2735070933685252,0.1431870669745958,"6675,110342","6675,33723"
0.7413793103448276,0.0317460317460317,"6676,16298","16298,139379"
-0.3208955223880597,0.1840796019900497,"6677,110343","6677,51631"
-0.2748010376819241,0.003165809259992,"6679,12227","6679,16403"
-0.1866859623733719,0.0217076700434153,"6680,63014","6680,142360"
0.4052521008403361,0.0309523809523809,"3755,9953","9953,55042"
-0.6113744075829384,-0.074074074074074,"6682,7224","6682,12166"
-0.2524897728875723,0.2420193715157743,"6684,22560","6684,6755"
-0.0576798093587521,0.0867312834224598,"6686,83011","19725,83011"
0.1087807606263981,0.1912751677852349,"6691,110351","6691,17974"
0.2628571428571429,-0.0229007633587786,"6692,97121","6692,26102"
1.0,0.1208791208791208,"6693,59706","59706,112352"
-0.1295165814222075,-0.1111111111111111,"6694,9426","6694,26821"
0.3282442748091603,0.2023188405797101,"6695,32824","10847,32824"
-0.1505250875145857,-0.0688351639873863,"6696,102255","6696,84998"
-0.5733333333333334,-1.0,"3244,105319","3244,125880"
-0.1474285714285714,0.0205714285714285,"6698,10704","10704,59976"
0.831151832460733,0.0183246073298429,"5065,42751","5065,146493"
-0.215,0.0533333333333333,"4353,110353","4353,27573"
-0.1059983566146261,-0.0444444444444444,"4137,6711","4137,17349"
0.2205128205128205,0.0325602968460111,"6712,25498","6712,34289"
0.2242373511904761,-0.1485148514851485,"6713,15329","7682,15329"
0.1514793458739011,0.0123042505592841,"6716,14122","14122,160209"
0.5624390187908215,0.0081499592502037,"3590,6721","3590,7062"
0.0137545464652721,-0.082804016306427,"6724,110356","6724,8075"
0.6113744075829384,0.0595238095238095,"6734,110357","6734,166692"
0.1481220657276995,0.0532081377151799,"6739,14689","14689,32404"
-0.0991452991452991,0.3034188034188034,"6743,13981","13981,94647"
0.3223168870329113,0.0100200400801603,"3461,38781","3461,141958"
-0.1831187410586552,0.1645207439198855,"6744,7442","6744,110644"
-0.2888888888888888,0.0347222222222222,"6749,39915","6749,19539"
0.0762805045661403,0.0212577502214348,"6751,27819","6751,35196"
-0.0976353928299008,-0.0341997108280109,"5653,82818","2992,5653"
0.0977980002246938,-0.4285990338164251,"6754,15691","6754,128555"
-0.2549800796812749,0.1394422310756972,"5859,108247","5859,97829"
-0.0804020100502512,0.0175879396984924,"5093,101372","5093,10952"
-0.210062893081761,0.0208333333333333,"6756,29433","6756,21939"
0.3322547508988187,-0.1817377312952534,"6761,6919","6761,18159"
-0.3734751329371286,0.0359712230215827,"2831,6763","6763,101816"
-0.3040380047505938,0.0570071258907363,"6766,98240","6766,16497"
-0.1532934131736527,0.0287425149700598,"5248,6772","5248,45482"
0.0532704018143127,0.0059200789343857,"6774,38308","6774,26995"
-0.5289256198347108,-0.0649546827794562,"6776,110365","6776,9957"
0.0905233380480905,-0.0507700642365142,"6780,72646","6780,12093"
-0.1367965367965368,-0.0833333333333333,"6783,14163","6783,60406"
0.5492957746478873,-0.0855581248686146,"6785,57891","20127,57891"
-0.4063281824871229,-0.0773195876288659,"6787,8001","6787,51422"
-0.4587813620071684,0.064516129032258,"6790,110366","6790,109067"
0.4107866991078669,0.0340632603406326,"6794,90541","11449,90541"
-0.1785645933014354,-0.0106981740064446,"6797,27939","16267,27939"
-0.3083119412233336,-0.5514705882352942,"6800,31379","6800,110381"
-0.0756948551153163,-0.1531531531531531,"6801,8803","8803,22962"
-0.1105302464525765,-1.0,"6802,41385","37626,41385"
0.0142801803070855,0.0655021834061135,"6803,72417","72417,107347"
-0.1820708686610142,-1.0,"6804,110367","6804,159994"
0.2258103293773085,0.0214521452145214,"3008,16610","3008,51974"
-0.1463133640552995,-0.1884057971014492,"6806,36185","6806,95979"
0.0116149347728295,-0.0194029850746268,"6808,11456","11456,33029"
-0.1984375,0.128125,"6617,6816","6617,11854"
0.2005857776629194,-0.0562235199816786,"4049,6820","6820,75416"
0.0134099616858237,-0.3214285714285714,"6822,105885","6822,121425"
-0.3023809523809523,-0.2142857142857142,"6827,13198","13198,47342"
-0.2313296903460837,0.0564663023679417,"6834,16124","9263,16124"
0.2536975647073823,0.0196353436185133,"6839,8758","8758,120733"
-1.0,-0.5925925925925926,"6849,68313","68313,109577"
-0.207922149122807,0.1015625,"6852,98532","3719,6852"
-0.1566587374332562,-1.0,"6865,11789","11789,78848"
0.1471610660486674,0.0680272108843537,"6867,98637","6867,160398"
-0.1111595466434176,0.0641891891891891,"6880,39939","6880,130903"
0.1176470588235293,-0.6944444444444444,"2210,6881","6881,43062"
-0.0667001241762906,-0.3305838799766188,"6882,16202","12226,16202"
-0.2514970059880239,0.0239520958083832,"6885,110383","6885,152710"
-0.5338983050847458,-0.3309218685407193,"6889,15774","15774,113744"
0.0735294117647058,-0.265625,"6890,89028","6890,90056"
-0.0718767826583,-0.1923509664801091,"6892,110387","6892,9403"
0.1772157378397536,0.0322180916976456,"6894,110388","8309,110388"
0.3518898199322517,0.0411392405063291,"6895,58177","58177,83711"
-0.2894385026737968,0.0852272727272727,"6898,37714","6898,20116"
-0.302158273381295,0.0383693045563549,"6900,18738","18738,140534"
0.0358994197292069,-0.0091287878787878,"6901,37434","37434,110161"
-0.4186046511627907,0.0431893687707641,"6908,43810","23713,43810"
0.4854189485213582,0.0880681818181818,"6910,20507","20507,35178"
0.7590822179732314,-0.1090788635067592,"6913,26238","8173,26238"
-0.3865007541478129,0.0811965811965812,"6921,24868","24868,43156"
0.318076923076923,0.0884615384615384,"6925,89843","6925,14642"
0.1250688705234159,-0.828099173553719,"6932,39547","8898,39547"
0.3543505674653216,0.2327868852459016,"6941,110397","6941,17327"
-0.5,-0.0562770562770562,"6943,110398","6943,113348"
-0.2598752598752599,0.054054054054054,"5012,94646","5012,43423"
-0.241779497098646,0.0290135396518375,"6946,13365","13365,70399"
-0.3056202194878617,0.1082474226804123,"6947,25384","6947,48272"
0.1223990844777361,0.0655430711610486,"6949,7689","7689,16225"
0.0432110574393801,-0.2624344509772763,"6950,7028","6950,8933"
-0.0323602625028286,-0.1818181818181818,"6953,14409","14409,40113"
0.2105304498088705,-0.1756756756756756,"6956,12274","6956,25779"
0.5924833635813671,-0.3094373865698729,"4894,45102","9410,45102"
-0.0817527795945062,0.0117724002616088,"6958,8143","8143,135956"
-0.314070351758794,0.0351758793969849,"6964,110408","6964,146465"
-0.4169758812615955,0.086734693877551,"6970,11748","6970,125839"
-0.0412508585511696,-0.5785867237687365,"6971,17177","17177,37641"
0.17453683118423,0.001587529412788,"6978,50145","6978,11644"
-0.5126294877252731,-0.2221814624602592,"6980,37652","6980,7250"
0.2815587971082688,-0.0260631001371742,"6983,17119","17119,23041"
0.060016446175055,0.0543933054393305,"6987,31052","31052,150916"
-0.1258811681772406,0.0110775427995971,"6988,12642","12642,96576"
0.3839415243834393,0.0161812297734627,"6990,19786","19786,90147"
0.003166541259092,0.0090293453724604,"6994,10187","10187,155353"
-0.4295532646048109,0.0824742268041237,"6995,45989","45989,124322"
0.3448250622163665,-0.2105263157894736,"6999,34543","6999,98768"
-0.2191504508780256,-0.3708545918367347,"7014,110415","41312,110415"
-0.3360433604336043,-0.010566693204024,"7015,110417","7015,22794"
-0.1361668350411314,-0.1193998309382924,"4992,7016","7016,27799"
-0.2438274029272379,-0.0563218390804597,"2865,7017","7017,86533"
-0.2160278745644599,0.1672473867595819,"7027,84028","7027,111230"
-0.2535787321063394,0.0552147239263803,"7030,110427","7030,40045"
-0.0969611933685337,0.3018867924528302,"7033,110429","68984,110429"
-6.549045804025988e-05,-0.3973502560676909,"7034,37241","16649,37241"
0.0531541134988867,-0.0684931506849315,"3689,9056","3689,109234"
0.1349411818140527,0.0242085661080074,"7037,91479","7037,149841"
-0.4969264814359478,-0.1323529411764706,"3148,110435","60360,110435"
0.1736694677871148,-0.4092089728453364,"3449,7041","7041,20660"
0.1821384577482138,0.067750677506775,"7043,24922","7043,115446"
0.3229166666666667,0.2022471910112359,"7050,40547","7050,135481"
0.9185185185185184,0.2168104177236597,"7052,77671","7052,9762"
-0.3212435233160621,0.0595854922279792,"7056,35182","35182,41649"
-0.2073774179037336,0.1826923076923076,"7059,109117","7059,18090"
-0.0206349206349206,-0.1480916030534351,"7061,7381","7381,7468"
0.1155913978494623,0.0201612903225806,"7067,8485","8485,105474"
-0.2938388625592417,0.0331753554502369,"7073,8006","8006,78111"
-0.0903838130997079,0.0186170212765957,"7080,110441","41623,110441"
-0.3542857142857142,-0.9,"7084,44589","31360,44589"
-0.3031784841075794,0.0537897310513447,"7085,110443","50935,110443"
-0.0568917668825161,0.0092506938020351,"4089,54307","4089,73180"
-0.5,-0.0616740088105726,"417,7340","417,9816"
0.1047570850202428,-0.0352697095435684,"7090,20487","20487,24128"
-0.236084452975048,0.0249520153550863,"7092,110450","7092,148736"
-0.3892597968069666,0.0717948717948717,"7094,55831","7094,19640"
0.6491228070175439,0.1052631578947368,"7097,110456","3954,110456"
-0.1173664122137404,-0.0807807517634554,"7098,51829","7098,57871"
0.4853556485355649,0.1506276150627615,"7104,35243","7104,29916"
0.2818927970791588,-0.0140698280354351,"7105,57820","7105,9938"
-0.1941033300143821,-0.3543746330005872,"7107,49687","36321,49687"
0.0978315524827152,-0.0450924608819345,"7108,15097","15097,41097"
1.0,0.0065001343002954,"7109,14078","14078,14146"
0.4183673469387755,0.1064945542557482,"7114,60347","7114,38460"
0.3260338345864662,0.0333333333333333,"7119,8177","7119,120778"
0.61198738170347,0.0410094637223974,"7121,13037","13037,134227"
-0.3038241239892184,-0.8616071428571428,"7123,60614","35195,60614"
0.1169809293580445,0.1552941176470588,"7132,110461","7132,15371"
-0.1116838995568685,0.0649926144756277,"7133,15128","15128,24323"
-0.1662162162162162,0.0837837837837837,"7142,8099","8099,16545"
-0.1416616455780946,0.0365535248041775,"7144,110463","78687,110463"
0.190625,0.2150537634408602,"7155,23450","23450,82731"
0.358803532780972,-0.0542830488178451,"1190,7158","1190,14818"
-0.1934768483204791,0.0339506172839506,"7160,9051","7160,26583"
0.2941724941724941,-0.0301116793654107,"2298,103260","2298,20314"
-0.1609498680738786,0.0778364116094986,"7165,71185","7165,42763"
0.2081911262798634,0.2528409090909091,"341,29912","29912,36140"
0.6473988439306358,0.0375722543352601,"7167,110470","7167,19473"
-0.3743539178422048,0.1010830324909747,"7168,16075","7168,20910"
-0.0539946778884831,-1.0,"4390,7169","4390,48931"
0.7685589519650655,0.0436681222707423,"7170,87694","87694,102893"
0.5147780623132736,-0.2459016393442623,"7171,109738","50899,109738"
0.0436331960722204,0.0335365853658536,"7173,110471","7173,61072"
-0.3663663663663664,0.075075075075075,"7177,36950","7177,104455"
0.0646188741714283,0.0131291028446389,"2398,7178","2398,3783"
-0.5213675213675214,-0.1060943887030843,"7181,54707","7181,13256"
-0.6256410256410256,-0.0467625899280575,"7184,13852","9354,13852"
0.2425345278088839,0.0691489361702127,"7185,8526","8526,44039"
-0.5545454545454546,0.0636363636363636,"2673,7189","2673,114369"
-0.1346578366445916,0.0275938189845474,"7190,110477","7190,43633"
0.3012345679012346,-0.1398601398601398,"7196,14086","7196,40919"
-0.5495495495495496,-0.4316557937247592,"1655,81884","16995,81884"
0.1812939969577983,0.0119955320285561,"1846,7199","7199,11035"
-0.062111801242236,-0.0396975425330812,"7201,11901","11901,22675"
-0.0245496183206107,0.0139949109414758,"7207,34045","8992,34045"
-0.1067635479828348,-0.2857142857142857,"4590,15357","4590,49036"
-0.6387434554973822,-0.1886792452830188,"7217,13534","13534,36468"
0.1933125649013499,0.0197300103842159,"7218,37956","37956,58012"
0.0504745470232959,0.0086281276962899,"7221,89848","7221,105944"
-0.2602926025139089,0.0782608695652174,"7222,50903","50903,61195"
-0.4469753612352419,-0.2241379310344827,"7225,83678","83678,122380"
-0.134065934065934,-0.2109890109890109,"7234,35568","14896,35568"
-0.0818791946308724,0.0114093959731543,"7237,28677","28677,36383"
-0.2925659472422062,0.0311750599520383,"7240,110483","84486,110483"
0.1747311827956988,-0.0702087286527514,"7244,110485","9791,110485"
0.0416558758491543,-0.1234680812145601,"7246,19379","19379,38272"
-0.0621312517019152,0.0135699373695198,"7247,91502","57714,91502"
-0.1010860484544695,-0.5333333333333333,"1252,7826","1252,111969"
0.0596467671968601,-0.0778443113772455,"7254,110489","14452,110489"
-0.524941724941725,0.0699300699300699,"7257,40752","7257,36002"
-0.5062761506276151,0.1631799163179916,"7258,110491","7258,118084"
-0.24375,-0.0670731707317073,"7259,32395","16327,32395"
0.1219130978430759,-0.0277056277056277,"7261,12031","12031,36449"
0.6848958333333333,-0.1369683721934369,"7264,110494","7264,10019"
-0.3890675241157556,0.0438923441515815,"6975,76980","6975,110282"
-0.3365962180200222,0.0413793103448275,"7267,109384","7267,12744"
0.1006016042780748,0.0551470588235294,"7272,104705","7272,13851"
0.2325987733561546,0.032520325203252,"7273,72848","72848,89590"
1.0,-1.0,"7278,8745","8745,159052"
-0.020765164862824,0.0802919708029197,"7280,8228","8228,113098"
0.0647089787938035,0.1880733944954128,"7285,65778","26359,65778"
0.4931396287328491,-0.0423861852433281,"5523,7186","7186,17630"
0.1312341710500682,0.1020114942528735,"7292,110502","7292,14089"
-0.3903225806451613,-0.1658986175115207,"7297,110504","7297,71828"
0.8488977669972176,0.0654205607476635,"7299,110505","79260,110505"
-0.1421017402945114,0.15,"7302,90233","7302,52553"
-0.3852673717505189,0.2350746268656716,"5957,52179","12185,52179"
-0.1666666666666666,0.0289256198347107,"4866,96255","4866,52182"
0.0877893445935588,0.0406162464985994,"7304,110508","7304,111642"
0.5630357142857143,0.02,"7305,110509","7305,141130"
0.038515406162465,0.0876623376623376,"7312,83844","7312,47917"
-0.1027164685908319,0.0169779286926994,"7315,12849","12849,55055"
0.3020124716553287,0.1337868480725623,"7316,110510","17474,110510"
0.3566662347758486,-0.1166900280336404,"4564,7318","4564,38299"
0.1520282186948853,0.1928571428571428,"7320,28535","7320,39922"
-0.0712230807167516,0.0537974683544303,"7325,91565","43554,91565"
0.4782608695652174,-0.0318956892426812,"7327,10339","10339,22522"
-0.0722135564378899,0.0790078498866593,"7329,9205","8380,9205"
0.568075117370892,0.029370163907147,"7331,110514","7331,43964"
-0.0072579328703994,-1.0,"7332,99555","7332,136474"
-0.5,0.0454545454545454,"7337,110516","30853,110516"
-0.4526315789473684,0.0894736842105263,"7338,108682","65879,108682"
0.0040816326530612,-0.0484581497797356,"7342,16978","16978,27309"
0.3304700548795037,0.161073749901434,"7343,39253","11214,39253"
0.6593406593406593,0.5,"7346,50055","50055,141073"
0.1160354552780015,-0.0878378378378378,"7153,7347","7153,9807"
0.2157339821573398,-0.3475355054302422,"7348,45155","45155,93964"
-0.4958677685950413,0.0578512396694214,"7351,81805","7351,145515"
-0.0044034388760746,0.0637450199203187,"7353,25941","8705,25941"
0.1260424921695158,-0.3915809501159403,"7354,11143","11143,11836"
-0.3438395415472779,-0.055044488010858,"7356,43338","10401,43338"
0.1192940407451792,-0.0744680851063829,"7357,18618","7357,41075"
0.0399304496369958,-0.0367647058823529,"7359,76972","7359,11261"
-0.4363636363636363,0.3672727272727272,"7360,110525","6177,7360"
0.9104477611940298,0.0380597014925373,"5102,7361","5102,115077"
-0.2515723270440251,0.1677148846960167,"7362,9374","8902,9374"
0.2424242424242424,-1.0,"7363,110527","102749,110527"
0.3265810276679841,-0.0275689223057644,"6496,48592","15802,48592"
0.6593933662095521,-1.0,"7369,90680","90680,129306"
0.1037301992846193,-0.0400763358778625,"7370,46218","12575,46218"
0.4269519556362565,-0.0763358778625954,"7371,110530","7371,49140"
0.0372093023255813,-0.2444444444444444,"7374,67630","7374,86157"
-0.1133556120837281,-0.2882041271611824,"7375,110015","7375,121314"
0.497917751171265,0.0973451327433628,"7380,42274","7380,125638"
0.1135641894458542,-0.0620535303675997,"7382,33199","32188,33199"
0.3308877476155539,-0.2057370820668693,"7389,110533","7389,37487"
-0.0943396226415094,-0.183039376538146,"7396,17236","9441,17236"
-0.5067495178915792,-0.0084286574352799,"7399,58350","3579,58350"
0.2191659272404614,0.0683229813664596,"6014,36798","6014,24224"
1.0,-0.2222222222222222,"7404,110537","7404,81855"
0.2037351443123939,-0.0686274509803921,"7405,109392","3720,109392"
0.196078431372549,-0.1875,"7410,99101","7410,118754"
-0.3030067652217489,0.0781758957654723,"7417,27791","7417,113323"
-0.2023269729406289,0.0247191011235955,"3284,7418","7418,38358"
-0.2895377128953771,0.0316301703163017,"3479,7419","3479,8667"
-0.595,-0.3555555555555555,"7421,110544","7421,16252"
0.1725841922577567,0.0444874274661508,"7423,13356","7423,116025"
-0.2653716216216216,-0.5012474012474012,"1798,53202","1798,38464"
-0.0709066073151394,0.0390879478827361,"7115,7425","7425,41900"
-0.197920509810498,0.1223880597014925,"7426,110545","7426,117478"
0.0986371379897785,0.0187393526405451,"7428,53025","7428,129359"
0.6925064599483204,0.0956072351421188,"7429,15663","7429,52061"
0.5513355592654424,0.0784641068447412,"7430,50609","7430,56946"
-0.0421874176026999,0.041343669250646,"7432,77229","7432,139824"
-0.3993288590604026,-0.0284090909090909,"5778,49520","5778,24588"
0.0815659243548957,-0.0618556701030927,"7437,31856","7437,113081"
0.1714141895830021,-0.0411411411411411,"7441,7704","7441,39443"
-0.1907051282051282,0.094551282051282,"164,7445","164,501"
-0.3520710059171598,0.0798816568047337,"7447,15527","15527,50802"
-0.2982456140350877,0.0300751879699248,"7450,110553","7450,154308"
-0.3921194114318053,0.2557947019867549,"7452,10135","10135,44210"
0.2485150867189356,0.0363506771204561,"6700,32403","6700,98734"
-0.1764457322226246,0.0318725099601593,"1615,71685","1615,140744"
-0.1976744186046511,-0.0297598386803523,"7453,110555","7453,9738"
0.775047258979206,-0.2605213411600836,"7458,14097","14097,48468"
0.1565632898810031,-0.0595238095238095,"6271,9618","6271,7936"
0.0312309278784435,-0.9545004945598418,"7466,18461","18461,23037"
-0.2945544554455445,-0.5238095238095238,"7469,110560","7469,93074"
-0.135576923076923,0.1017857142857142,"7472,110561","7472,18119"
-0.4075342465753425,0.0613584474885844,"7485,19806","1904,19806"
-0.1140939597315436,0.0335570469798657,"7486,110566","7486,31195"
-0.2236842105263158,0.0958646616541353,"7323,7488","7323,20626"
0.3412248628884826,0.0137111517367458,"7489,16532","16532,144249"
-0.2006745362563237,0.0384983903112065,"7491,14447","14447,109030"
-0.4476064997804128,-0.125,"7448,74425","19743,74425"
-0.0256406461225738,0.0240963855421686,"2314,7527","2314,7494"
-0.1204582065509217,-0.0336590662323561,"7505,62396","7505,16110"
0.2042109217581366,-0.1061320754716981,"7506,110567","3343,7506"
-0.1725146198830409,0.0248538011695906,"7507,110569","7507,107150"
0.0890901708467376,-0.1393442622950819,"7510,19715","16049,19715"
0.1775393556215473,0.0314685314685314,"7516,60327","7516,27944"
-0.3278250863060989,0.08,"7517,18470","7517,32429"
-0.0081845238095238,-0.1186440677966101,"6159,7519","7519,110718"
-0.1107981220657277,-0.3076923076923077,"7521,8513","8513,134809"
-0.1157738536874907,-0.051660516605166,"7522,7668","7522,13298"
-0.1048440951353572,0.0266990291262135,"2781,5593","2781,128927"
-0.275058275058275,-0.0061506919528446,"7523,110575","7523,10535"
-0.2878048780487804,-0.5584415584415584,"7524,85224","7524,117067"
-0.2521367521367521,0.0448717948717948,"7526,110576","7526,131001"
-0.4338235294117647,0.1213235294117647,"7533,110578","7533,120715"
-0.5315315315315315,0.0675675675675675,"7537,73678","57154,73678"
0.4251778329197684,0.0553846153846153,"6738,7163","7163,59229"
0.0564296165170426,-0.7771084337349398,"7549,12442","7549,112391"
-0.2181146025878003,0.0295748613678373,"7552,43882","43882,67997"
0.0674272341670322,-0.1209365764946578,"7561,110587","8767,110587"
-0.5566037735849056,-0.1147227533460803,"7571,110589","5053,7571"
-0.197324414715719,0.1003344481605351,"7573,110590","7573,17215"
-0.0786339300455199,-0.1739130434782608,"7580,31388","7580,18232"
0.767315766852911,-0.0083459787556904,"7581,58823","12343,58823"
0.0160030450468341,-0.058054479859663,"7588,110592","7588,40050"
-0.4978723404255319,-0.0866141732283464,"7592,54994","7592,44329"
-0.4800955414012738,0.1388888888888889,"7593,23675","7593,122264"
0.7577639751552795,-0.0566112222339193,"7594,15681","12702,15681"
0.423288529841911,-0.2777777777777778,"7595,47152","33758,47152"
-0.0749138888323484,0.0148588410104011,"7113,7598","7598,60753"
0.1380077907623817,0.0834724540901502,"7600,20517","20517,20823"
-0.2067137809187279,0.0176391163204918,"7601,110597","7601,19782"
-0.0859375,-0.0285234899328859,"7602,23571","17948,23571"
0.1406094155196489,-0.0076142131979695,"7613,8267","7613,22151"
-0.3548048048048047,-0.08,"7615,10578","7615,112509"
-0.1813953488372093,-0.1485586240310077,"7625,33347","33347,36389"
-0.1453306066802999,-0.3555555555555555,"7628,23011","7628,35146"
0.1086591818299135,-0.1294117647058823,"6569,7633","6569,30033"
0.0132394366197183,0.2923076923076923,"7634,41186","9877,41186"
-0.0320855614973262,0.0555555555555555,"7636,110605","7636,97413"
0.3913043478260869,-0.8823529411764706,"7640,11238","7640,21061"
-0.2463442069741282,-1.0,"7642,106043","7642,74565"
0.2979059910166381,0.0022616562282533,"7643,11583","7643,14877"
0.2740322580645161,-0.0592216582064297,"7651,25762","10370,25762"
0.1425091352009744,-0.0707983890073442,"4792,4887","2850,4887"
-0.1837225760792639,-0.1739130434782608,"7658,58340","5733,58340"
0.0699762658227848,0.1015625,"7659,109302","6377,7659"
0.3060308555399719,-0.7855072463768116,"7670,110610","7670,112461"
-0.0649496080627099,-0.0632900174820949,"3069,110612","3069,42906"
-0.0393677003624647,-0.0328774486383182,"7678,22944","7678,69229"
0.6480446927374302,-0.1666666666666666,"7679,39023","28092,39023"
0.0485537190082644,-0.296875,"7680,51865","51865,56181"
-0.3741935483870968,0.0870967741935483,"5058,110615","5058,11952"
-0.0633531311868292,0.0503282275711159,"7683,16025","16025,51247"
0.0771317829457364,-0.0426758938869665,"7685,65438","7685,9243"
-0.0817803788695518,0.0364238410596026,"1948,7688","1948,41396"
0.4206682673069227,0.086734693877551,"7693,64859","8288,64859"
0.0390699030541584,-0.0452488687782805,"7694,110621","108137,110621"
-0.1447970918242511,0.0515222482435597,"3357,10557","3357,79529"
-0.1504539559014267,0.0129701686121919,"7702,9624","7702,29248"
0.2847214353163361,0.0311614730878186,"7703,27014","27014,93650"
-0.2662182990051842,-0.0471814633664344,"7706,18390","7706,15223"
0.3260679079956188,0.0909090909090909,"7710,110626","20664,110626"
0.247403381642512,0.1493055555555555,"5225,8536","5225,116837"
-0.3240223463687151,-0.100502512562814,"7717,110630","7717,13018"
0.232,0.3829787234042553,"7718,61070","61070,72861"
-0.3347804307897812,-0.1309123804600672,"7720,49748","7720,26930"
-0.0334583213152581,0.0034612056533025,"786,7721","786,154766"
-0.5,0.0560344827586206,"4583,7723","4583,150497"
0.5223985319516407,0.2435233160621761,"7727,110634","7727,15326"
-0.2296703296703297,0.0785714285714285,"7729,47611","47611,129932"
-0.0354524565050881,-0.2625,"7731,77852","35873,77852"
-0.2801932367149758,0.0483091787439613,"7733,110635","7733,132882"
-0.0172963922411069,0.0371517027863777,"6722,7735","7735,155309"
-0.1155555555555555,-0.4054054054054054,"7741,89415","33065,89415"
0.8226950354609929,0.1532258064516129,"7744,24371","24371,58346"
-0.7733333333333333,-0.1826086956521739,"7753,109806","47199,109806"
-0.0292792792792792,0.0294111184355086,"7759,11591","11591,19278"
-0.4894514767932489,0.1308016877637131,"7760,26559","26559,35582"
-0.1063780260707635,-0.1212121212121212,"7761,62090","7761,39571"
-0.2997416020671835,-0.5507851321804811,"7766,17905","17905,26999"
0.1655487804878049,-0.0891472868217054,"7767,110641","5155,110641"
-0.1852608764790068,0.0914760914760914,"1502,7772","7772,9516"
-0.1614304812834224,-1.0,"7773,41969","7773,140160"
-0.0362556904982091,0.1234256926952141,"7774,9916","9916,21535"
0.1085271317829457,-0.2896725440806045,"7777,15576","7777,17100"
-0.4852320675105485,-0.2941176470588235,"7778,29686","7778,18749"
-0.4914529914529914,-0.2584269662921348,"6905,7780","6905,31505"
0.1412848158131177,0.0285714285714285,"7783,106980","7783,152652"
-0.4107142857142857,0.0428571428571428,"7785,31516","31516,152739"
-0.2994791666666667,0.0677083333333333,"7787,42380","7787,125179"
-0.0422983762447294,0.0382165605095541,"7789,10855","7789,15847"
0.4526143790849674,-0.8308823529411764,"7790,75077","7790,116027"
-0.2137546468401487,0.0241635687732342,"7791,9161","7791,80260"
-0.2516411378555798,0.037199124726477,"7794,43809","7794,49016"
-0.2250489236790606,0.0704500978473581,"7795,93915","7795,119276"
0.0704406243825331,-0.4823420931304748,"7799,18788","18788,118525"
0.2484472049689441,0.4239130434782608,"7800,9922","7800,16050"
-0.118043059125964,0.025,"7801,21827","7801,24393"
-0.1005244755244755,0.0664335664335664,"7803,110653","7803,112257"
-0.188216039279869,-0.0357012626883644,"7804,9794","9794,20301"
-0.1581843191196698,0.0192572214580467,"2675,7813","2675,68720"
-0.2075812274368231,-0.0333333333333333,"7124,7819","7124,20331"
0.0878070304456538,0.1701720841300191,"7823,10727","8574,10727"
-0.1351351351351351,0.0141010575793184,"7825,110659","7825,108269"
0.1555343511450381,-0.1427719465648855,"7827,16811","16811,32972"
0.2704790351849175,0.1711229946524064,"7391,58324","5913,58324"
-0.0048511657461264,0.0501002004008016,"7835,54942","7835,43992"
-0.3284488617057424,0.0963302752293578,"7837,72766","52450,72766"
-0.4107142857142857,0.0392857142857142,"7838,16192","16192,96754"
-0.5348837209302325,-0.0374331550802139,"7839,55969","10809,55969"
0.2560368043087971,0.0197486535008976,"7847,110663","7847,69207"
0.1463579190862871,0.0113250283125707,"7853,12509","12509,107536"
0.1562980030721966,-1.0,"7854,110194","20233,110194"
0.1743171087829988,0.0322927879440258,"3860,14719","3860,32687"
0.0302022493999688,-0.0184736909160402,"7862,8538","7862,37981"
-0.0300618921308576,0.06175103937393,"7863,43177","7863,54914"
0.4257767548906789,0.0115074798619102,"3791,7869","3791,164153"
0.7916666666666666,0.1578947368421052,"2726,101207","2726,130386"
0.2692307692307693,0.1025641025641025,"7871,58773","7871,140233"
-0.1735159817351598,0.0928462709284627,"7872,11320","11320,16664"
0.4380506091846298,0.0086080586080586,"3061,12427","3061,3112"
0.3594202898550724,-0.0691489361702127,"7646,14153","7646,37246"
-0.0074299223235393,-0.1171171171171171,"7886,47424","7886,121480"
0.0724137931034482,0.0236842105263157,"7888,72107","7888,18528"
-0.1507936507936507,-0.1363636363636363,"7892,16415","8649,16415"
0.6666666666666667,0.0473684210526315,"7915,15648","12860,15648"
0.1449904465097297,-0.021505376344086,"7135,7916","4757,7135"
-0.4691358024691358,-0.0286670851642603,"7920,42627","9694,42627"
-0.117078315900501,0.0331406038856028,"7926,98144","15169,98144"
0.3551724137931034,0.06875,"7933,110683","7933,49116"
0.1076365616621983,0.0325969827586206,"7943,84111","84111,91407"
0.4362934362934363,-0.1572602739726027,"7944,37299","37299,45763"
-0.3964912280701754,0.1333333333333333,"7945,28056","28056,118372"
0.1471861471861472,-0.0390625,"7952,14445","14445,36463"
0.1260005041910884,-0.1778947796389657,"7955,8248","8248,45697"
-0.2810945273631841,-0.5,"7957,97947","7957,38434"
0.1543715846994535,0.3230822734499205,"7958,8621","7958,13041"
-0.0751141878389951,-0.0439882697947214,"3091,58948","3091,112163"
-0.7533333333333333,-0.0416666666666666,"7967,110694","7967,25832"
-0.2306122448979591,-0.2514390371533229,"7970,17693","17693,38731"
0.3641876990933595,0.2467532467532467,"7974,41908","7974,111818"
-0.0259598682240191,-0.019047619047619,"7975,8262","8262,106937"
0.0437645236250968,0.0228215767634854,"4467,7193","4467,46786"
-0.0217197048310849,-0.4014326069410815,"7984,60561","14591,60561"
-0.1352793625811529,0.2037440237031716,"7990,14134","7990,110312"
-0.214370145221209,0.0396825396825396,"7991,12479","12479,104580"
0.326598593366886,-0.0614821686250257,"7994,11781","8484,11781"
-0.3598726114649681,0.0414012738853503,"8002,13499","13499,19088"
-0.1197033898305084,-0.1832627118644068,"8008,18164","18164,58247"
-0.0419762258543833,-0.0232758850797661,"1473,27235","1473,24098"
0.2508824508824508,0.1165501165501165,"8010,32208","21117,32208"
-0.1562932226832641,0.0290456431535269,"8011,109572","9795,109572"
0.75,0.0204586544866305,"8015,11593","11593,14448"
0.2865329512893983,0.0372492836676217,"8024,69535","8024,149079"
-0.1632947976878612,-0.1102746784962136,"8025,91522","11682,91522"
-0.4185185185185185,-1.0,"8028,110706","8028,69678"
-0.0038051750380517,0.0182648401826484,"1876,22104","1876,151787"
-0.1901528013582342,0.0186757215619694,"8041,11631","11631,46179"
-0.0293172690763052,-0.0497737556561085,"8044,81443","81443,111476"
0.1747269890795632,-0.0247191011235955,"5323,110713","38878,110713"
-0.0783764870538838,0.0713785864240727,"8046,110714","8046,111024"
-0.3630271974773355,0.1162790697674418,"8048,110716","8048,65160"
-0.0964685615848406,0.0267011197243755,"8052,11030","11030,50494"
0.2026576241281394,0.0560747663551401,"8053,10433","8053,135667"
0.1209715739162031,0.0095592140201805,"6688,8054","6688,53757"
1.0,0.0404858299595141,"8057,11362","7988,11362"
-0.5544554455445545,0.0792079207920792,"8061,110723","8061,126466"
-0.2014388489208633,0.079136690647482,"1324,8063","1324,1923"
0.36,0.0468391451068616,"8064,110725","8064,22999"
0.2401660839160839,-0.0256962864721485,"8065,37820","9804,37820"
-0.0547409579667644,0.0175953079178885,"8066,9529","9529,13581"
0.1252796420581655,0.0444444444444444,"2258,2649","766,2258"
0.2879177377892031,-0.0683229813664596,"8071,18124","18089,18124"
-0.5137614678899083,-0.5,"8077,24975","24975,31170"
0.3404255319148936,0.0930232558139534,"8078,42203","12252,42203"
-0.3848797250859107,0.2130584192439862,"8082,68165","8082,49899"
0.3093922651933701,0.1328671328671328,"8086,110729","8086,53633"
-0.1156666666666666,0.04,"8087,44055","44055,132978"
0.6366666666666667,0.0533333333333333,"4756,110731","4756,9737"
0.2795484727755644,0.1021505376344086,"8096,50501","34323,50501"
-0.0855614973262032,0.0183346065699006,"8105,8194","8194,46316"
0.7102314610054548,-0.0277008310249307,"8106,110734","8106,12168"
0.2835443037974683,0.1840804597701149,"4142,8109","8109,16369"
-0.2962962962962963,0.082010582010582,"8110,18958","4836,18958"
-0.0693170234454638,-0.2162162162162162,"8112,110735","53623,110735"
-0.0510121457489878,0.0578947368421052,"8115,110736","2711,110736"
0.2807170711832838,0.0579710144927536,"8117,74461","8117,87534"
0.2665004985044865,-0.0458811261730969,"7321,8118","7321,17402"
0.2696259609698403,0.1404494382022472,"8121,22586","22586,37181"
0.2477305303392259,0.0217391304347826,"8125,44025","8125,130670"
-0.5962603878116344,-0.0317919075144508,"8126,110745","6746,110745"
-0.4036363636363636,0.069090909090909,"8127,36505","8127,56406"
-0.502262443438914,0.0588235294117647,"8129,39680","8129,76075"
-0.2747524752475248,-0.213235294117647,"6821,64651","6821,40900"
0.4336734693877551,0.1122448979591836,"8132,110747","8132,49032"
0.1163636363636363,0.2218181818181818,"8134,16654","16654,113605"
-0.0916597853014038,0.0858794384805945,"8135,8169","8169,110963"
-0.1604046242774566,0.1271676300578034,"8138,110750","8138,68853"
0.1832201463943134,-0.2265754331751462,"8140,110752","9063,110752"
-0.123196448390677,0.0310765815760266,"8148,13844","13844,22227"
-0.1094657919400187,0.2909090909090909,"8150,49384","8150,34580"
-0.6791039452093885,-0.0689655172413793,"8151,83229","8151,27843"
0.0192855224281493,0.0509803921568627,"8152,34186","8152,27542"
0.0973684210526315,-0.1647058823529411,"8154,9070","8154,119086"
-0.375,0.1930051813471502,"8156,9435","3224,9435"
0.2014388489208632,-0.1833333333333333,"8162,25578","25578,37002"
0.39010989010989,-0.0437158469945355,"4395,8174","4395,11424"
0.74,0.0751173708920187,"8184,110764","8184,62631"
0.4636627906976744,-0.9142441860465116,"8198,110767","17558,110767"
-0.2775153519130846,0.1232876712328767,"8199,110768","61903,110768"
0.1846153846153846,-0.0593010593010592,"8200,14213","14213,18959"
-1.0,-0.0742857142857142,"5824,8202","5824,10454"
-0.1310507674144037,0.0436835891381345,"2874,8203","2874,5525"
-0.0708812260536398,0.0178799489144316,"8204,109038","39739,109038"
-0.2077075098814229,-0.0253164556962025,"6283,110770","6283,32814"
-0.1836393989983305,0.0367278797996661,"5506,110772","5506,40249"
-0.3209922251018141,0.0821917808219178,"6385,87326","6385,31999"
0.3506244411756222,0.0112485939257592,"8209,37186","8209,162435"
-0.8943089430894309,-0.2938931297709923,"8210,13012","7563,8210"
0.6875,-0.9126984126984128,"8211,33104","33104,35846"
-0.0306356343119104,-0.0395614035087719,"619,24779","11410,24779"
-0.0363866109649801,0.0355871886120996,"6491,15435","6491,96451"
-0.2258726899383983,-1.0,"8214,74367","8214,155712"
0.1780580045573305,-0.3294660273081924,"7288,8218","7288,117587"
0.4680851063829787,-0.5116279069767442,"8222,36965","36965,97268"
0.8208955223880597,0.3642384105960264,"8223,18688","18688,60959"
0.1938749683624398,0.0273348519362186,"4741,6814","6814,84938"
-0.2879581151832461,0.0340314136125654,"8225,58072","8225,96743"
-0.3846153846153846,0.0524475524475524,"8226,110784","8226,71035"
-0.1376720901126408,-0.2558139534883721,"8227,16277","16277,26759"
-0.2376645270051222,0.1010499189916695,"6965,18370","15414,18370"
0.0496715728341888,-0.8899755501222494,"8231,17702","8231,116404"
0.3476454293628809,0.0277008310249307,"8236,67833","8236,130611"
-0.1700154559505409,0.0556414219474497,"2618,8241","2618,113901"
0.0178337696335078,0.0523560209424083,"8244,23561","23561,23729"
-0.1985507246376811,-0.059171597633136,"8249,110788","8249,78459"
-0.5472636815920398,-0.0202249621457927,"8251,49809","8251,24189"
0.1896551724137931,0.1340782122905028,"8252,110790","46250,110790"
-0.0005254860746189,0.103030303030303,"8260,64461","36274,64461"
0.1318891836133215,0.0238726790450928,"8274,73298","8274,61396"
-0.1573676680972818,0.1430615164520744,"8275,18541","9321,18541"
-0.1288309268747088,-0.0902777777777777,"8276,110793","8276,47417"
-0.3914590747330961,0.1352313167259786,"8287,41257","28728,41257"
-0.2621907401704137,0.0514533309261599,"8292,91780","18469,91780"
0.2154863481228669,0.1535836177474402,"8296,51041","8296,21262"
0.3170702541106128,-0.1878393975516073,"8298,110798","8298,51572"
0.8790322580645161,-0.1014492753623188,"8300,78373","58273,78373"
0.0541118421052631,0.0375,"8301,110799","8301,60133"
-0.0013017655194857,-0.1818181818181818,"8303,71525","8303,90455"
-0.1065573770491803,-0.0376266280752532,"8304,14067","4793,8304"
-0.2471655328798186,-0.8163265306122449,"8305,110801","8305,81088"
0.1433333333333333,-0.0199999999999999,"8306,66994","8306,12032"
-0.3096590909090909,0.0599900706090026,"8312,81640","8312,8603"
-0.0945480209796222,0.0211515863689776,"8313,9392","8313,135626"
-0.0702791461412151,-0.0137931034482758,"8318,29609","8318,11022"
0.0838425101729399,-0.2466134818225624,"5032,14531","5032,40244"
0.2114336643748408,0.034453781512605,"1043,8325","1043,117570"
0.369230225489503,-0.1518987341772152,"8326,110811","8326,64550"
0.0307562076749435,0.0513833992094861,"291,5302","5302,80475"
-0.2698019801980198,-0.3116561656165617,"8334,27612","27612,51968"
0.1717123386979846,0.0578512396694214,"7010,110814","76279,110814"
-0.1659074870084044,-0.0586734693877551,"8338,10905","10905,28643"
0.1996632996632996,0.074074074074074,"8339,28398","28398,49779"
-0.3597771614849414,0.053763440860215,"8344,35186","35186,74032"
-0.1682098765432098,0.0385802469135802,"8351,37852","14766,37852"
0.3720136518771331,0.0521472392638036,"8352,37864","8352,63727"
0.2327319802889835,-0.2352941176470588,"8355,110818","8355,37906"
-0.5891891891891892,-0.0762463343108504,"8359,48671","4635,48671"
-0.4887892376681614,0.0896860986547085,"8361,55307","55307,133066"
0.2349748382458662,0.0769230769230769,"8367,110819","33058,110819"
-0.1493150684931506,0.0246575342465753,"8369,30311","30311,61479"
-0.023469840331165,-0.2216313577493781,"8370,8686","8370,36291"
0.1618333876398392,0.2903225806451613,"8376,98199","9446,98199"
0.0723711699164345,-0.0454545454545454,"8386,79107","8386,111054"
0.0799075280829144,-0.1910661146331996,"6951,34524","6951,25942"
-0.0077080302085498,-0.0672268907563025,"8389,69902","69902,110981"
-0.0988721804511278,0.0447368421052631,"8394,8808","8394,32714"
-0.101071391421934,0.0562913907284768,"5127,110824","5127,7333"
-0.0652450506387093,0.0573566084788029,"8397,27787","8397,127917"
-0.4615384615384615,0.0683760683760683,"8399,101092","8399,10394"
-0.1408083441981747,0.1225554106910039,"1461,110826","1461,111312"
-0.1122661122661122,-0.3361816836393108,"8404,85657","8404,78361"
-0.2280137518021515,-0.0101214574898785,"8406,23930","23375,23930"
0.6792452830188679,0.3011272141706924,"4428,110831","70648,110831"
-0.3898916967509025,-1.0,"8124,110832","8124,30471"
-0.3857142857142857,0.0607142857142857,"7956,8415","7956,9335"
0.0835167464114832,0.3092105263157895,"8419,16739","16739,115848"
-0.1069306930693069,0.0326732673267326,"8420,59824","8420,120652"
-0.2162759462759463,-0.2115384615384615,"8421,110834","8421,34676"
-0.3698630136986301,0.1095890410958904,"8424,110836","8424,121201"
0.048,0.15,"701,62011","41292,62011"
-0.3085714285714285,0.1171428571428571,"8428,25351","25351,117573"
0.1756756756756756,0.051051051051051,"8431,9980","9980,138179"
0.1612492770387507,0.0239316239316239,"7284,8432","7284,19147"
0.5869565217391305,0.625,"8433,110840","7648,110840"
0.0585589558162095,0.0358056265984654,"8439,9395","8439,75877"
-0.1960072595281306,0.0362976406533575,"8449,11248","11248,14973"
-0.2151394422310757,0.0398406374501992,"8450,22485","22485,27962"
-0.1334671520430034,0.1954887218045112,"8453,72913","8981,72913"
0.4087401087629033,0.0627177700348432,"8454,11068","8454,60646"
0.1907920405774483,0.1504065040650406,"8466,69514","8466,127177"
0.3112391930835735,-0.0469973890339425,"8467,14862","8467,11407"
0.0319469955392285,0.2094594594594594,"6789,8468","8468,19719"
0.0310653826447922,-0.1311118744990266,"8469,22050","8469,20873"
-0.1666010955421723,0.094240837696335,"8472,106570","61400,106570"
-0.3376623376623376,-0.34375,"8473,110849","52240,110849"
-0.286321155480034,-0.48,"8475,14894","8475,39085"
-0.2454545454545454,-0.2761099365750529,"8476,29640","29640,34356"
-0.1109969167523124,0.0298047276464542,"8479,110850","6199,8479"
0.7954545454545454,0.0246212121212121,"8486,13105","13105,84529"
-0.3789473684210526,0.119298245614035,"8488,16915","16915,32316"
-0.084375,0.01484375,"8489,109610","26948,109610"
0.3611746000198748,0.0720461095100864,"8492,109188","44674,109188"
-0.1195530726256983,-0.1548546778869952,"8497,76335","8497,34754"
-0.0130784708249497,-0.0474052367898667,"8502,41604","8502,12576"
-0.6445783132530121,-0.5769230769230769,"8507,38802","38802,77855"
-0.3048433048433048,0.0398860398860398,"8509,16922","8509,145678"
-0.1313419913419913,-0.0225225225225225,"8510,11679","11679,19345"
0.2152354448272815,-0.2741210770022295,"1971,8362","1971,33131"
-0.3312957302954524,-0.0597014925373134,"5890,8518","5890,57202"
-0.349673202614379,0.0522875816993464,"8524,110871","8524,84137"
-0.1399305555555555,0.15,"5888,9155","9155,10505"
0.1431813970724476,0.0389105058365758,"8529,34392","8529,19370"
-0.3015690776884807,0.0597014925373134,"8540,110873","8540,65166"
-0.4920908448214917,0.1141304347826086,"8544,12618","8544,47760"
0.0784756431308155,0.4267241379310345,"8548,72157","9401,72157"
0.089641615000756,0.0282776349614395,"8553,19662","19662,29339"
0.8151986183074266,0.0293609671848013,"8560,110877","8560,138698"
-0.0129830917874396,0.0380434782608695,"8561,26526","26526,53971"
0.2650574712643678,0.1264367816091954,"8564,89331","8564,45428"
0.1824971853804541,-0.4625965705671754,"8568,109056","8568,71847"
-0.1712,0.0464,"8569,40884","37941,40884"
-0.0129449838187702,0.313915857605178,"8571,79574","8571,9656"
0.2122222222222222,-0.212463768115942,"4192,8575","4192,19386"
0.2034220532319391,0.1652892561983471,"8576,22604","8576,43207"
-0.2399103139013453,0.0358744394618834,"8579,17200","17200,69017"
0.0819905585270405,-0.7962962962962963,"8583,110885","8583,9440"
-0.1989958922866271,0.1853035143769968,"8586,84886","14427,84886"
0.0817231548938866,-0.2010720986330742,"8589,110780","10933,110780"
-0.150492264416315,-0.125,"8591,39601","8591,77470"
0.4050439360507877,0.146788990825688,"8592,110886","8592,115612"
-0.298050139275766,-0.4089591268262179,"8593,110887","8593,20690"
-0.1795302013422818,-0.6283267762092108,"8601,110889","8601,56712"
-0.1522048364153627,0.069701280227596,"8604,15996","15996,21689"
-0.5888888888888889,0.0555555555555555,"8608,110894","8608,45300"
0.4840182648401826,0.0962566844919786,"8609,73107","60725,73107"
0.3982170542635659,0.0542635658914728,"8612,12190","12190,23902"
-0.2447045707915273,0.0641025641025641,"8614,14174","8614,51129"
-0.1438479553233651,0.0447451866282564,"8615,33587","8615,17862"
0.078811924836061,0.0273764258555133,"8508,77135","8508,76886"
-0.0816056223814029,-0.1731158666739641,"7796,8623","8623,24466"
-0.1365979381443298,0.0167525773195876,"8627,110902","8627,68861"
-0.2136700438530167,0.0771208226221079,"8633,24821","8633,41783"
0.2494117647058823,0.3061224489795918,"8636,35694","22553,35694"
0.5742971887550201,-0.1111111111111111,"8639,15804","15804,114029"
0.0010476151349574,-0.086028602860286,"8641,9065","8641,13732"
-0.4453781512605042,-0.1964285714285714,"8646,18826","18826,28418"
0.0833029927910871,0.0422792141687374,"8647,110907","8647,8926"
-0.3011363636363636,-0.8636363636363636,"2979,33856","2979,95669"
-0.2141414141414141,0.0303030303030303,"8652,110910","8652,143587"
-0.4,0.1358490566037735,"8659,13740","8594,13740"
0.2807918284783398,-0.1449817485272326,"8660,25061","16754,25061"
0.5520833333333334,-0.2347244345332908,"7829,110759","34010,110759"
0.0741940775982281,-0.0421203048448557,"8665,47712","38456,47712"
0.081334638603361,0.105726872246696,"8666,23775","8666,21964"
0.4596657633242999,0.0685185185185185,"8670,68426","8670,29115"
-0.2410956918728939,0.1083916083916083,"8677,37959","35380,37959"
-0.047656940760389,0.2333333333333333,"8679,68780","10493,68780"
-0.2566585956416465,0.0242130750605326,"8681,22051","15442,22051"
0.3771344248471646,0.1281708945260347,"4605,109125","4605,9719"
-0.1737704918032787,0.0639344262295081,"8684,109527","8684,27845"
0.2604422604422604,-0.44,"8689,110915","8689,79241"
0.0001793400286944,-0.9573170731707316,"8698,19787","19787,39585"
-0.2269807280513918,0.1113490364025695,"8699,107950","20229,107950"
0.1696016008732035,0.1217391304347826,"8702,110918","8702,12913"
-0.0369267421083978,0.0650684931506849,"8710,85248","21270,85248"
0.1766867944342346,0.0887372013651877,"8712,110822","16233,110822"
-0.1187338650637691,-0.3505980591288647,"8721,110925","8721,93106"
-0.0842553191489361,0.0293333333333333,"8722,38730","8722,11852"
0.2276788759293363,-0.0827586206896551,"8723,30039","16318,30039"
0.1779755283648498,0.1885057471264367,"5347,110927","5347,75616"
-0.75,-0.1623376623376623,"8724,31563","8724,45551"
-0.3992395437262357,0.0456273764258555,"8728,110931","8728,39132"
0.0208672471621636,0.0636942675159235,"2929,31140","31140,113084"
-0.347682119205298,-0.0565269195599767,"8733,25604","25604,111132"
-0.0096230554447546,0.0198776758409785,"8735,35950","8735,15986"
-0.1468531468531468,0.0153846153846153,"1228,24006","2941,24006"
0.5526315789473685,0.3637992831541218,"8738,41070","21825,41070"
0.2213709677419355,-0.1868131868131868,"8740,37293","37293,37478"
0.0496404867256637,-0.0754716981132075,"8741,38234","8741,17406"
0.2504959385245046,0.0849673202614379,"8749,36181","8749,149768"
-0.5121951219512195,-0.1818181818181818,"8753,17084","7929,17084"
-0.0443086325439266,-0.0309597523219814,"6374,13919","6374,19580"
0.2381327039076842,-0.3428571428571428,"8756,30907","8756,25653"
0.9130434782608696,0.0661764705882353,"8761,13883","9726,13883"
-0.2755905511811024,0.0393700787401574,"6986,8766","6986,143914"
-0.324074074074074,0.1604938271604938,"8768,20105","20105,55083"
-0.1432584269662921,0.1910112359550561,"8770,61045","8770,20551"
-0.0433545590028451,-0.3839531680440771,"8774,110942","8774,91877"
-0.1682692307692307,0.0336538461538461,"8782,13075","13075,52658"
-0.1661392405063291,0.0205696202531645,"8789,52909","52909,113519"
-0.0786365624684545,-0.0681818181818181,"8793,73763","8793,14874"
0.4765121689334287,-0.094240837696335,"8797,110945","8797,42785"
0.2599009900990099,-0.0772200772200772,"8798,110946","8798,24488"
-0.2599009900990099,0.0643564356435643,"8800,110947","42871,110947"
0.2205882352941176,-1.0,"4764,8804","8804,124158"
-0.1244965020139919,0.038267434662073,"8805,9117","8805,109310"
-0.3230769230769231,-0.0486319050077439,"8806,109793","8806,12350"
0.2853253824215712,-1.0,"1810,31517","1810,158541"
0.3925722425722425,0.0307692307692307,"8811,50866","11207,50866"
-0.2092555331991951,0.0442655935613682,"8813,110952","8813,13122"
-0.2407407407407407,0.0324074074074074,"8821,110958","8821,145617"
0.2104972955941815,0.0431654676258992,"1426,8822","1426,45507"
-0.1648177496038035,0.0396196513470681,"8823,110960","8823,39923"
-0.3170731707317073,-0.09375,"8824,94671","8824,24003"
0.1175021385799829,0.1317365269461078,"1094,8826","1094,119015"
0.7361331125906693,0.0134589502018842,"5659,8829","5659,101247"
-0.3344051446945337,0.0868167202572347,"8830,9455","9455,40107"
-0.3537414965986394,0.119047619047619,"8831,26717","26717,30673"
-0.3727598566308244,0.060931899641577,"8833,110966","8833,137924"
0.0853046594982079,-0.2857142857142857,"8835,23843","8835,33553"
-0.1176470588235294,0.0644796380090497,"4697,110967","4697,68146"
0.0781954887218045,-0.1138705738705738,"5853,7279","5853,21101"
-0.125,0.110576923076923,"8841,16477","10264,16477"
-0.0270636089487341,0.0374149659863945,"8846,28586","28586,97520"
-0.1096774193548386,-1.0,"8847,88635","64137,88635"
0.2727272727272727,-0.2127659574468085,"8849,110970","8849,57596"
0.6441080196399346,0.025531914893617,"5672,90486","5672,107098"
-0.2988505747126437,0.028735632183908,"8856,110972","8856,166018"
-0.0453020392458638,0.04,"3471,3726","3471,22975"
-0.3768115942028985,0.0158761528326745,"8867,12254","12254,52539"
0.0926180074262143,-0.5517241379310345,"8869,16177","8869,68068"
0.560428849902534,-0.6666666666666666,"8877,105432","8877,100805"
0.1187865497076023,0.0701754385964912,"8880,20582","20582,22025"
-0.0529279279279279,0.0963541666666666,"8883,9206","8883,118784"
0.426078971533517,0.1652892561983471,"8884,12669","8884,132189"
0.2978633975481611,0.0718038528896672,"8885,27086","10020,27086"
0.0235581622678396,0.1,"8889,110977","8889,33170"
-0.3432343234323432,-1.0,"8903,48406","48406,150016"
0.3443708609271523,0.2391304347826087,"8905,25057","8905,78227"
0.23241464417935,0.0248868778280542,"8908,16287","8908,93418"
0.325,-0.2156862745098039,"8911,109017","8911,68148"
0.2062774233492152,0.0476190476190476,"8912,42957","8912,38340"
0.0846616785946649,0.1910377358490566,"8917,32920","8917,111945"
0.2390804597701149,0.1051724137931034,"8921,110984","8921,51635"
-0.1705975602683318,0.0693641618497109,"8923,11210","8923,66345"
-0.2389791183294663,0.0672853828306264,"8924,110987","8924,122872"
-0.1375166889185581,0.0200267022696929,"8925,110988","8925,10290"
0.1454707582559498,-0.0011077263915812,"8931,23377","22347,23377"
0.1806929775801371,0.0129701686121919,"8827,8935","8827,96353"
0.2909604519774011,0.1160714285714285,"8936,26192","26192,149674"
-0.3811857229280097,0.0578947368421052,"8938,110993","8938,117998"
0.1347517730496453,0.0748620961386918,"8939,46474","8939,25278"
0.5654008438818565,0.0239533797391777,"8943,110996","5588,8943"
-0.4170040485829959,0.0404858299595141,"2572,8945","2572,84261"
0.3256402232305846,0.0401606425702811,"8949,98811","8949,54152"
0.667741935483871,-0.2019230769230769,"8951,24090","23486,24090"
0.0172781680978402,-0.3584905660377358,"8953,11327","11327,35297"
-0.3093093093093093,0.09009009009009,"8954,98780","8954,11244"
-0.0068617787550231,-0.3558580456976179,"8957,16130","8957,41339"
-0.1218934911242603,0.0213017751479289,"8967,9864","9864,60328"
0.5912698412698413,0.1547619047619047,"8973,111002","8973,107883"
-0.1875389408099688,-0.0735561083843205,"8974,109517","8974,9869"
0.0094896331738437,-0.1376146788990825,"8976,25500","8976,25458"
0.6221478174603174,0.1484375,"8993,111006","8993,118343"
0.2506082725060827,0.1003717472118959,"8996,111009","11176,111009"
0.1115967365967366,-0.0533333333333333,"426,13941","372,426"
-0.1246973365617433,0.0121065375302663,"9007,55407","9007,129013"
0.0404274868223801,-0.1724137931034483,"9013,9344","9344,46612"
0.137446084685013,-0.4265232974910394,"9018,74521","34442,74521"
0.2224999999999999,0.1266666666666666,"9019,29590","9019,46170"
-0.1677524429967426,0.0051737593674574,"9021,79136","9021,10107"
0.0399678249678249,0.0095238095238095,"1773,10958","1773,141757"
0.0475294707800351,0.0767494356659142,"5145,22218","5145,24899"
-0.2011834319526627,0.136094674556213,"9027,111017","9027,62445"
-0.2256637168141592,-0.1517857142857142,"9031,26769","9031,9377"
-0.4594594594594595,-0.2619047619047619,"9032,57382","9032,51097"
-0.53125,0.0572916666666666,"9033,111021","9033,156903"
0.3950015884782379,0.0902255639097744,"9036,111022","37204,111022"
-0.3720818162347398,-0.0709677419354838,"9039,11584","9039,28526"
-0.1737649063032368,-0.8245614035087719,"869,32500","869,14127"
0.7034482758620689,-0.0247889085791723,"768,28421","28421,53359"
-0.2251655629139073,0.1258278145695364,"9042,70631","9042,53936"
-0.6107784431137725,-0.3427778589163137,"9043,111026","9043,127433"
-0.0941058941058941,-0.4130434782608695,"9044,21956","21956,119263"
-0.0021772927465593,-0.0198313933101691,"2939,16523","2939,6645"
1.0,0.28125,"9048,24729","24729,29911"
0.5895953757225434,-0.1570247933884297,"9052,111030","34974,111030"
0.100871908687381,0.0184210526315789,"9067,109112","79398,109112"
-0.2668628481345244,0.0509090909090909,"9068,17387","9068,146509"
1.0,0.0547945205479452,"9072,19559","19559,43612"
-0.0753818508535489,-0.04296875,"8314,10870","10870,19512"
0.4473684210526316,0.2191940615058324,"9080,90027","9080,12217"
0.3747368421052631,-0.717948717948718,"3984,111039","3984,123999"
-0.2090163934426229,0.0532786885245901,"2637,111040","2637,14128"
-0.1702838063439065,0.0584307178631051,"9085,21013","21013,119896"
0.2820378151260504,0.0654761904761904,"9086,11373","11373,116755"
-0.0488242886806218,0.0693641618497109,"9087,68508","15605,68508"
0.0414850580712514,0.0515463917525773,"9089,30285","30285,60128"
0.206063502176914,-0.5151515151515151,"9090,27013","9090,138975"
-0.1704413952719457,0.1482889733840304,"9091,68331","9641,68331"
-0.3655913978494624,-0.233695652173913,"9092,12326","6703,12326"
0.2779407842091225,0.0908902691511387,"9095,73502","40015,73502"
0.2179785747554727,-0.0330383480825958,"9096,18138","14855,18138"
-0.2094455852156057,0.0390143737166324,"9099,14420","14420,58088"
0.1278830459158327,0.0282331511839708,"9104,16575","16575,35541"
-0.1237864077669902,0.0776699029126213,"9106,111046","15955,111046"
-0.0934959349593496,-0.1612912832425027,"9109,73726","14663,73726"
0.2585581281233455,0.0519750519750519,"9113,111050","9113,126018"
1.0,-1.0,"9119,111051","9119,131543"
-0.0001532567049808,-0.0510440835266821,"2479,2897","2479,2553"
-0.1625894086436751,0.0489690721649484,"9029,61269","9029,56157"
0.9168039538714992,0.0090609555189456,"1425,111053","1425,92195"
-0.0782604809153481,0.079646017699115,"468,2361","468,113049"
-0.4786729857819905,0.0663507109004739,"9126,111056","9126,58912"
-0.2571055819588109,-0.817351598173516,"9131,41058","9131,117794"
0.1674958540630182,-0.1751774277306561,"9140,13600","9140,38136"
-0.220004095004095,-0.25,"4705,37738","4705,52566"
-0.2866959064327485,-0.5454545454545454,"9145,24272","24272,143854"
0.204040404040404,1.0,"6435,81874","14400,81874"
-0.1219668528523029,0.1411042944785276,"5099,9146","9146,14526"
0.4786729857819905,-0.043222003929273,"6304,111064","33486,111064"
0.0811244426508656,-0.040625,"9151,109623","11314,109623"
0.158382295338817,-0.5255960729312763,"6646,14364","14364,18444"
0.672077922077922,0.0551948051948051,"9156,12415","12415,62759"
-0.2249443207126948,-0.0188538262034921,"9160,41937","10110,41937"
0.3713235294117647,-0.1041666666666666,"9165,95078","9165,33445"
-0.0235897435897435,0.041025641025641,"9169,22997","22997,25068"
-0.0955889724310777,0.04,"9171,30025","30025,76791"
-0.1633321251661229,0.0299625468164794,"7627,96208","7627,109844"
0.4268413935730194,0.0222717149220489,"9174,31948","2795,9174"
-0.1906529488159603,0.0662251655629139,"9181,26311","9181,63340"
0.0864846097669017,-0.1742574257425742,"9182,9649","9182,45125"
0.2835164835164835,0.0659340659340659,"9185,29361","9185,59776"
-0.3042168674698795,0.0542168674698795,"4832,9189","4832,111432"
-0.1225728155339805,0.0400485436893203,"9192,16516","16516,120881"
0.1039562289562289,-0.0141388174807197,"9194,39752","1227,9194"
0.1715638062453897,0.4387755102040816,"9196,12313","9196,24880"
-0.3079268292682927,0.1535524920466595,"9201,98258","9785,98258"
0.2641950652239862,0.0423387096774193,"9203,61670","9203,47214"
0.0401967757230914,-0.0513392857142857,"9208,12930","9208,13569"
-0.0798278593554184,-0.2790697674418604,"9220,36368","9220,114131"
0.0830942132950741,0.0374502681197024,"9222,16378","16378,34665"
0.0549242424242424,-0.6145833333333334,"9225,10540","10540,17294"
0.1188190691296281,0.0222634508348794,"9226,46882","9226,152232"
0.3421287444231995,0.0363288718929254,"9227,45250","9227,49287"
0.0215140513647976,-0.0301204819277108,"9229,21010","9229,16240"
-0.1867407756978309,0.0968660968660968,"9230,51452","9230,31478"
-0.2976190476190476,-0.8660714285714286,"9236,14455","9236,19869"
0.0698257598685632,-1.0,"9238,84165","73287,84165"
0.1464128843338213,0.1009615384615384,"7427,26199","26199,34293"
0.4435139573070607,0.0603448275862069,"9241,111085","9241,115377"
-0.2040816326530612,0.0428571428571428,"9244,24191","21705,24191"
-0.3183098591549295,-0.1768292682926829,"9246,37844","37844,114770"
0.3530518394648829,-0.2825803525877218,"9248,49834","9248,124458"
0.4608294930875576,-0.1630434782608695,"9256,44359","34576,44359"
0.0187273038386219,0.0538243626062322,"9258,26748","26748,53973"
0.045024763619991,-0.8974358974358975,"9259,9840","9259,46613"
1.0,-0.240506329113924,"9261,18820","18820,56363"
0.0262458186808474,0.1450381679389313,"9262,14682","9262,37358"
0.3142702507667327,-0.0577777777777777,"9264,10258","10258,13173"
-0.5405405405405406,0.2648648648648649,"9269,39469","18162,39469"
0.0643796992481203,0.2631578947368421,"9271,10712","9271,21083"
0.6644295302013423,0.1812080536912751,"9272,19150","19150,114600"
-0.0620732464307883,0.0192427063935443,"9274,89026","9274,35024"
0.1441729092472062,-0.4478079331941544,"9282,9524","9524,43802"
-0.3875968992248062,0.2480620155038759,"9285,88363","9285,47596"
-0.0985221674876847,0.0098522167487684,"1442,3626","1442,105275"
-0.9009009009009008,0.0990990990990991,"9296,111096","9296,51728"
-0.4877069252620237,-0.043103448275862,"9300,20581","20581,22100"
0.290727747460123,-1.0,"9302,19262","19262,92129"
0.0161311136920893,-0.982010582010582,"9303,61145","61145,64556"
-0.5244682965613198,-0.1030927835051546,"9304,111100","9304,99276"
-0.1295336787564766,0.0168393782383419,"9305,48371","46071,48371"
-0.2541620421753607,0.2352941176470588,"4290,111102","4290,10756"
0.4807692307692308,0.1333333333333333,"9307,15122","9307,154643"
-0.0013100934153565,-0.3776315789473684,"9310,111105","9310,10621"
0.2670663078052361,0.0626865671641791,"9311,55320","9311,52625"
0.3623188405797101,-0.1176470588235294,"9313,90130","9313,116480"
0.1466426247501077,0.0684410646387832,"9315,58934","15370,58934"
-0.5379843418259023,-0.7037475929491928,"9316,97958","32555,97958"
0.11441647597254,0.4,"9319,107956","107956,114798"
-0.373134328358209,0.0932835820895522,"9324,111107","3934,9324"
0.143719806763285,-0.915217391304348,"9330,111108","17608,111108"
0.1017402945113788,0.0566265060240963,"9336,29532","22672,29532"
0.5,0.35,"9339,107849","9339,32543"
0.2045275072387469,-0.0332924722794895,"9346,111110","26546,111110"
0.1470493991989319,-0.0611764705882352,"9349,111114","9349,29510"
-0.3123028391167192,0.1072555205047318,"9352,111117","9352,120051"
-0.113662456946039,0.0241102181400688,"9353,53541","9353,130491"
0.0188011695906432,-0.3333333333333333,"9355,44445","44445,73116"
-0.0666666666666666,-0.0142497530510148,"2658,71198","2658,31406"
-0.019126669072537,-0.2337662337662337,"6486,28592","6486,133291"
-0.1348773841961852,0.0367847411444141,"9359,111123","2267,9359"
-0.3639705882352941,-0.3174019607843137,"9360,111125","9360,124421"
-0.0401459854014598,-0.0441558441558441,"5607,9365","5168,5607"
-0.2133620689655172,0.0366379310344827,"6522,111128","6522,63011"
0.3449477351916376,-0.1797023724233926,"8832,13389","8832,32781"
0.4008097165991903,-0.0748898678414096,"9368,20834","9368,20703"
-0.2869565217391304,0.0927536231884058,"9369,111130","9369,11232"
-0.1568938193343898,0.0378575065651335,"9370,111131","9370,11399"
0.0213943950786056,0.0338345864661654,"6082,111134","6082,40229"
0.3425605536332179,-0.0551724137931034,"928,11402","928,51833"
-0.5294117647058824,0.0641711229946524,"9383,61761","9383,65951"
0.1349126555234385,0.0642201834862385,"9384,27855","27855,58260"
0.4355169436650118,-0.2126748501284613,"9387,9755","9387,38624"
0.2944056981748033,0.0826086956521739,"9388,78826","58486,78826"
-0.2734806629834254,0.074585635359116,"8235,111138","8235,40379"
-0.20625,0.0416666666666666,"9390,13655","13655,54383"
0.20985864443639,0.0449438202247191,"9405,55913","9405,88738"
-0.2033333333333333,0.105,"9407,34036","34036,52200"
-0.276536312849162,-0.0703815117222938,"9408,111143","9408,26254"
-0.1594202898550724,0.0209339774557165,"2217,14394","2217,80816"
-0.0763953801549454,-0.0535433070866142,"9412,23059","9412,116556"
0.2462686567164179,-0.1941176470588235,"7413,9415","7413,120897"
0.1722386524366722,0.0742574257425742,"9420,57841","57841,72715"
-0.2402912621359223,0.0461165048543689,"9421,33103","33103,134729"
0.5779411764705882,0.09375,"9423,36674","9423,36151"
0.8450704225352113,0.0375586854460093,"9424,36554","36554,106016"
-0.056627170019289,0.5519353940406573,"9425,13497","9425,16918"
-0.1620294599018003,-0.56,"9432,15377","15377,75968"
-0.2531969309462916,0.0434782608695652,"9442,24353","24353,138911"
0.505,-0.0418253968253968,"9443,111147","14195,111147"
-0.2162871579499967,0.0482315112540192,"9460,91713","74261,91713"
0.0301821160041005,0.028459273797841,"9462,111012","9462,37945"
0.2018970189701897,-0.1006711409395973,"2091,9050","4550,9050"
0.0127818414900836,0.0306807286673058,"4638,12914","4638,120993"
0.1896004700352526,-0.4058330482381115,"9472,109354","15909,109354"
-0.7313432835820896,-0.2127659574468085,"8596,9474","7139,8596"
-0.1533646322378716,0.0156494522691705,"9476,13720","9476,98316"
0.0576559044670499,0.2142857142857142,"9477,21671","18206,21671"
0.5242718446601942,0.0776699029126213,"9484,21880","21880,140103"
0.1088929219600725,0.0789473684210526,"9486,14991","14991,117223"
0.0666202090592334,-0.0894505494505494,"9487,18317","9487,101249"
0.310126582278481,-0.0246150387771158,"3834,9489","3834,5212"
0.3605142332415059,-0.2083333333333333,"9492,26728","26728,84389"
0.185389289246856,0.0415430267062314,"9495,16500","16500,43502"
0.2461538461538461,-0.0769230769230769,"9501,17080","17080,33006"
-0.1078431372549019,0.0153283535636476,"3376,110384","3376,22721"
-0.4260869565217391,0.0739130434782608,"9504,103153","9504,138166"
0.109005186232909,0.123055162659123,"9505,10131","10131,111637"
0.6773679870332983,0.0513833992094861,"5578,9509","5578,125547"
-0.01044279796978,-1.0,"9536,36470","36470,72496"
-0.2125484376288235,-0.4968280177283392,"9542,17885","9542,33344"
0.0307377703933284,0.1863117870722433,"9550,39754","21575,39754"
-0.1303191489361702,0.050531914893617,"9559,25045","25045,28684"
-0.5664739884393064,0.1445086705202312,"9560,111173","44526,111173"
0.3324177125266398,-1.0,"9561,84614","69528,84614"
0.7596899224806202,0.035234899328859,"9567,19839","9567,131258"
-0.2360097323600973,0.0997566909975669,"9568,111175","9568,103825"
-0.0017032148179689,-0.2040816326530612,"9571,10383","10383,51721"
-0.1014644351464435,0.0047558826299291,"9574,111180","9574,12918"
-0.0543168265491314,-1.0,"9576,13965","13965,20594"
0.0745200698080279,-0.3709677419354839,"9578,35889","9578,79335"
-0.7698412698412699,0.1349206349206349,"7610,36287","7610,22096"
0.418103448275862,-0.3692307692307692,"7518,30356","6818,30356"
-0.1942297441364605,0.0446428571428571,"9580,77790","9580,147373"
-0.0915094339622641,-0.0879120879120879,"604,8463","604,10228"
0.8127413127413128,0.1351351351351351,"9583,111188","9583,112704"
0.1294117647058823,0.0627450980392156,"9584,40241","9584,66666"
-0.759493670886076,-0.0698689956331877,"9585,32374","9585,16782"
-0.1567043618739903,-0.0824103005620423,"8899,111190","8899,23912"
-0.0665751544269045,-0.1273885350318471,"9586,87697","9586,47660"
0.4219403527914166,0.0569800569800569,"9587,22317","12045,22317"
-0.4553990610328638,-0.1424613253290233,"1193,99239","1193,26348"
0.1463963963963964,0.0386597938144329,"9588,14998","9588,17175"
0.1263520157325467,0.0575221238938053,"9590,67507","9590,64103"
-0.011397613496091,-1.0,"9591,41709","5803,41709"
0.0065345736760042,-0.2063492063492063,"9600,54083","17368,54083"
-0.4311111111111111,-1.0,"9609,47311","33817,47311"
-0.4470046082949309,0.064516129032258,"9610,111196","9610,76197"
0.2071204157298351,-0.0401459854014598,"7289,9611","9611,109851"
-0.2136563876651982,0.0462555066079295,"9613,111197","9613,46396"
-0.377431906614786,0.0428015564202334,"9619,111199","9619,159932"
-0.2971014492753623,-0.1571428571428571,"6856,32994","26832,32994"
0.2252684746996724,0.0198170731707317,"9625,98117","9625,11862"
0.1697775739509286,0.0449438202247191,"9631,18954","18954,132891"
0.3885422368180989,0.2513634513634514,"9634,9881","6248,9881"
-0.1439852468318517,0.0955882352941176,"9639,111204","9639,61759"
-0.3579335793357933,0.047970479704797,"9646,83029","23202,83029"
-0.1141176470588235,0.0223529411764705,"9647,36952","36952,43399"
0.5987654320987654,0.2191780821917808,"9655,111206","9655,140400"
0.1389439828464219,-0.1781376518218623,"9657,48099","24030,48099"
0.1613976705490848,0.062200956937799,"2948,12118","2948,126291"
-0.2811594202898551,-0.045958751393534,"9663,111209","36378,111209"
0.4085365853658537,-0.0258964143426294,"9664,25078","21063,25078"
0.6118576462843202,0.0683111954459203,"9666,38110","12432,38110"
0.1795970578829548,0.1706866579747935,"9671,111211","9671,11600"
-0.5449438202247191,0.095505617977528,"9676,35635","35635,46595"
0.0562814070351758,0.0728643216080402,"9677,111212","9677,111233"
0.4134615384615384,-0.2001173708920187,"9680,69582","9680,18323"
-0.2276425427819458,0.1068702290076335,"9682,25811","9682,30287"
-0.2840236686390532,-0.0486577181208053,"9691,43735","7802,9691"
-0.2857142857142857,0.1160714285714285,"9693,94260","9693,125075"
-0.4528301886792453,0.0518867924528301,"9695,111220","9695,48017"
-0.2962962962962963,0.1635802469135802,"2015,9699","9699,34211"
0.6546762589928057,-0.0502283105022831,"9703,49576","9703,17993"
0.8072289156626506,-1.0,"9704,111224","9704,165658"
-0.2719546742209632,0.0339943342776204,"9429,111225","9429,19986"
-0.1472842569616763,-0.4904233870967742,"7700,11653","7700,9825"
0.2655166582107221,0.0617283950617283,"6505,9708","6505,154495"
-0.2742857142857143,0.1714285714285714,"9710,111232","9710,10761"
-0.2668363019508057,0.1183709606020362,"9714,10245","9714,20976"
-0.3009404388714733,-0.1666666666666666,"9715,26693","26693,118676"
-0.0175813953488372,-0.1351351351351351,"9717,16899","9717,30610"
-0.2857142857142857,0.0386904761904761,"9720,40143","40143,144405"
-0.0390428395703721,0.0278113663845223,"5520,18799","5520,116105"
-0.1495327102803738,0.0186915887850467,"9721,11662","1723,11662"
0.0550889462618604,-0.0747422680412371,"9723,69847","9723,20739"
-0.2201834862385321,-0.1886792452830188,"9728,111241","9728,95805"
0.7933884297520661,-0.1035502958579881,"997,9729","997,3062"
0.3786323190840645,0.0390143737166324,"7769,9730","7769,110267"
-0.1916657670301198,-1.0,"9732,15929","9732,161550"
-0.3037974683544304,0.0474683544303797,"9735,111244","9735,71365"
-0.6193548387096774,0.0903225806451612,"9748,25465","24622,25465"
0.8484848484848485,-0.4404040404040404,"9750,30415","12534,30415"
-0.5517241379310345,-0.3577066888242626,"9752,17430","17430,49816"
0.2725451234564484,0.0199146514935988,"9754,72093","9754,146671"
0.2123893805309734,-0.0797546012269938,"9309,9771","9771,23980"
-0.1015873015873015,0.019047619047619,"9776,16224","16224,49088"
-0.4324324324324324,0.1711711711711711,"9778,28618","28618,118677"
0.0196078431372548,-0.3793103448275862,"9781,55621","30336,55621"
-0.2201834862385321,0.0795305611819373,"9782,107949","12346,107949"
0.0842428993547609,0.0305131761442441,"9784,78654","50549,78654"
0.4772146793923914,0.0185285437367933,"9792,111263","9792,20228"
-0.1995798319327731,0.0231092436974789,"9813,84146","9813,156772"
0.7246376811594203,0.0289855072463768,"7089,110016","7089,64934"
-0.2745664739884393,0.0520231213872832,"9817,15049","9817,28509"
0.2923076923076923,-0.0699300699300699,"9818,38341","17643,38341"
-0.2864145979095354,0.060200668896321,"9819,31322","9819,118728"
0.1717515117767162,0.0357941834451901,"9820,10098","10098,121260"
-0.2978056426332288,0.0438871473354232,"9824,28861","28861,126084"
-0.0993204170360052,0.0707279297883324,"4728,84101","4728,8333"
-0.2827380952380952,-0.2920296167247387,"9827,43998","9827,120595"
-0.260989010989011,-1.0,"9829,111277","9829,15659"
-0.3356890459363957,0.1342756183745583,"9830,111278","9830,118463"
0.0310121765601217,0.1232876712328767,"9831,17649","9831,67504"
0.5900621118012422,-0.0631067961165048,"9832,16291","16291,18029"
-0.068100358422939,0.014336917562724,"3742,30051","3742,53862"
0.4549783549783549,-0.2122880371660859,"9837,111285","9837,22856"
-0.1666666666666666,0.0280701754385964,"6235,111286","6235,6310"
0.4311377245508981,-0.3493975903614458,"9841,14669","14669,26264"
-0.0547875064004096,0.03584229390681,"9846,31438","31438,132538"
0.0619622330905506,-0.2889715588623545,"9852,15353","15353,117814"
0.0572287068068877,-0.0555555555555555,"3389,65677","57750,65677"
-0.0945834316733538,0.0964125560538116,"9863,11100","9863,24741"
1.0,0.0331125827814569,"9865,40621","40621,57511"
0.150479195885928,0.0615942028985507,"9870,52015","9870,120300"
-0.1640759930915371,0.0189982728842832,"8864,111295","7072,8864"
0.7764628533859304,0.0378698224852071,"9872,49783","9872,17102"
-0.2778730703259005,-0.0515021459227467,"9873,67963","9873,25289"
-0.2638888888888889,0.1611111111111111,"9874,11956","11956,17766"
-0.2183595871808799,0.0733096252204327,"9876,91593","3487,9876"
-0.4702970297029702,-1.0,"9879,111299","43166,111299"
0.1117936043334102,0.0449251247920133,"9880,45716","9880,22507"
0.487353981352481,0.0431893687707641,"9885,98419","9885,42415"
-0.3405017921146953,0.1218637992831541,"9886,17790","17790,32023"
-0.452020202020202,-0.1443298969072164,"9888,72728","72728,73151"
-0.5621301775147929,-0.375,"9889,20723","20723,73623"
0.2288515406162465,0.0647058823529411,"7481,9896","9896,138394"
-0.2574525745257452,0.032520325203252,"9898,111301","9898,90010"
0.0228174603174603,-0.015328151986183,"9900,17881","17881,31791"
-0.0589046493301812,0.0481481481481481,"9906,55478","34875,55478"
-0.1236480561239403,0.0321543408360128,"9907,65870","65870,106940"
0.1573607480665067,-0.2856025492468134,"9912,111302","9912,32229"
-0.2769679300291545,0.1311953352769679,"9915,111304","23786,111304"
0.0231992755762908,0.0290556900726392,"9919,109137","25680,109137"
0.085173374778927,0.0629722921914357,"9921,11262","11262,32301"
-0.3558052434456928,0.1835205992509363,"9932,111214","21692,111214"
0.2828541828541828,0.047008547008547,"9933,69891","33421,69891"
-0.5555555555555556,-0.6875,"9935,111306","50124,111306"
-0.5282758620689655,-1.0,"9939,106728","9939,161962"
-0.1640488656195462,0.0506108202443281,"8717,111309","8717,100822"
-0.2513368983957219,0.106951871657754,"9940,111310","9940,117749"
-0.1042128603104212,-0.0453926412822042,"6477,111311","6477,12283"
0.7655860349127181,0.0299251870324189,"9941,16064","4770,9941"
-0.152147690497205,0.0477272727272727,"9942,109541","9942,130423"
-0.2259615384615384,0.1802884615384615,"9943,14993","9943,37585"
0.2610297503914525,0.1398176291793313,"9948,111317","22989,111317"
-0.1825242718446602,-0.0774193548387096,"6467,111320","4997,6467"
-0.1213835344982885,0.0622950819672131,"9954,60877","9954,133731"
0.3501367989056087,0.0897058823529411,"9956,49494","9956,16638"
-0.2228070175438596,-0.4324324324324324,"9962,31571","9962,81705"
-0.2012847965738758,-0.0324506885325812,"6952,9963","6952,42481"
-0.0829655781112091,-1.0,"1446,110809","1446,28652"
0.145301905069422,-0.2366345311130587,"9966,36278","9966,33624"
-0.126514131897712,0.0403768506056527,"241,23405","241,122373"
0.0985844332770956,-0.0970873786407767,"4998,5404","4998,47447"
0.2985074626865671,-0.0204081632653061,"9969,28766","13593,28766"
-0.0797285835453774,0.0424088210347752,"8523,10702","8523,21866"
0.562981644948858,-0.4963503649635036,"9982,40963","9982,112934"
0.239176570458404,0.1776315789473684,"9984,16392","16392,19141"
-0.1702898550724637,0.0597826086956521,"9986,111339","9986,29778"
-0.1337126600284495,0.0184921763869132,"10001,111343","10001,82082"
-0.3081967213114754,0.1180327868852459,"10006,27622","27622,30031"
-0.0831122900088417,0.0123784261715296,"10007,15323","15323,76818"
0.2733612273361226,0.1338912133891213,"10009,28547","28547,33985"
0.7848970251716247,0.05720823798627,"10011,111348","10011,43834"
-0.0332876975241507,0.0282758620689655,"10017,11712","11346,11712"
0.1188369152970922,-0.5,"10022,13043","10022,85776"
0.8468468468468469,0.0613026819923371,"10027,47958","47958,134762"
0.063687490500076,-0.0803571428571428,"10028,55003","13221,55003"
-0.0459068403595635,-0.0218998862343572,"10037,19693","19267,19693"
0.0979460983850799,-0.1659217282571101,"1273,10041","1273,7122"
0.122384690751696,0.1176470588235294,"10042,18190","10042,20354"
-0.225452419292999,0.0326086956521739,"10049,17530","10049,35423"
-0.208078679311556,0.0666666666666666,"10051,11231","10051,33889"
0.2885185937817516,-0.4662628145386766,"10056,42973","10056,43960"
-0.2329656916168969,0.1280788177339901,"10058,42672","42672,125777"
-0.2447916666666666,0.0364583333333333,"10061,42692","42692,78494"
0.0797811999813522,-0.3194444444444444,"1879,98334","1879,30575"
0.051530528728106,0.0486122792262405,"10076,10354","8602,10354"
-0.2052401746724891,0.1266375545851528,"10077,24473","17902,24473"
0.2198859825620389,-0.1650485436893204,"7608,109857","7608,67874"
0.8851351351351351,-0.3548387096774194,"10084,41445","12803,41445"
-0.1560402684563758,0.0167785234899328,"10092,46750","10092,83546"
-0.1251682368775235,0.004145789078251,"10096,31365","10096,10431"
-0.2818181818181818,-0.2966507177033493,"10097,111362","10097,10843"
-0.3290301979746373,0.1061946902654867,"10099,21250","21250,44910"
-0.458128078817734,0.1034482758620689,"10102,111365","10102,26037"
0.2234472049689441,0.3152173913043478,"10104,51439","27238,51439"
-0.6283783783783784,0.1486486486486486,"10111,47406","10111,49073"
0.3716216216216216,0.0675675675675675,"10116,111373","10116,120768"
-0.1369661266568483,0.0677466863033873,"10120,111375","10120,116109"
-0.066318641671698,0.0721786227478722,"10121,26912","25482,26912"
0.1924369510576407,0.1351351351351351,"10133,17389","10133,40088"
-0.7099236641221374,-0.0433514892583068,"10139,111379","2493,10139"
0.2354177929957349,0.0223463687150838,"10140,52259","10140,154604"
0.290625,0.478494623655914,"10143,24724","10143,111513"
-0.1048735078304676,0.1130434782608695,"10145,16115","10145,147989"
0.3375769866306143,-0.9242902208201892,"10147,11969","11969,13434"
-0.0768398268398268,0.0606060606060606,"10150,12821","12821,69684"
-0.4285714285714285,-0.02803738317757,"3140,10158","3140,3872"
0.4569972826086956,0.6237154150197628,"10162,11535","11198,11535"
0.1070928260709282,0.1313131313131313,"10171,111390","10597,111390"
-0.3069306930693069,-0.0852272727272727,"10176,72740","72740,83134"
-0.1975860944126007,0.0122273989981844,"10177,17153","17153,23443"
0.1426505028240804,-0.1309090909090909,"7558,10181","7558,19908"
0.0504908565928777,0.0461982675649663,"10186,29365","22033,29365"
-0.3286219081272085,0.0459363957597173,"10188,58007","58007,83373"
0.0270858958589585,0.1660516605166051,"10196,111393","23848,111393"
-0.2094594594594594,0.0585585585585585,"10212,42830","42830,109057"
-0.2844036697247706,0.2629969418960244,"10213,111395","11254,111395"
0.2166725445247752,0.0233644859813084,"5976,10214","5976,21969"
-0.1450858034321372,0.0202808112324493,"10215,111396","84635,111396"
-0.2971246006389776,0.0511182108626198,"10216,69589","69589,141624"
-0.2703488372093023,-0.1068702290076335,"10219,110652","79254,110652"
0.2506738544474393,-1.0,"10221,110170","10221,37762"
-0.1660714285714285,0.1357142857142857,"10222,111397","13117,111397"
-0.1238223418573351,0.0578734858681022,"10225,10654","10225,46034"
0.7474226804123711,0.1627796012203409,"8322,10227","8322,14459"
-0.0649717514124293,-0.4929378531073446,"4494,111404","3485,4494"
-0.2871865163976038,-0.093103448275862,"10237,25918","4055,10237"
-0.0447650940608687,0.0769230769230769,"7893,51249","7893,92786"
-0.1899482631189948,-0.1386861313868613,"10246,79402","10246,28073"
-0.2317380352644836,-0.0095957778577425,"10248,12836","12836,31618"
0.0240641711229946,-0.0955882352941176,"6671,7584","7584,32703"
-0.2650299789337222,0.0637254901960784,"10254,26286","10254,80823"
0.4360189573459715,0.3076923076923077,"10255,40168","10255,123745"
0.2682622504537205,-0.098234570238546,"3506,40194","3506,19083"
-0.2866043613707165,0.1121495327102803,"10257,31676","29871,31676"
0.4986111111111111,0.0648148148148148,"10259,14332","14332,123871"
0.1402169609628632,0.061271676300578,"7152,43766","7152,76056"
0.0702019552354,-0.0769230769230769,"3655,36112","8391,36112"
0.0768053855569155,-0.1157313784967981,"2310,21417","2310,20874"
0.6366821443647108,-0.2535211267605634,"10266,77058","10266,44704"
-0.341190778530932,-1.0,"10269,76201","10269,30791"
0.3769447202912943,-0.0022966507177033,"10278,15564","10278,40148"
-0.4972677595628415,-0.2558139534883721,"10280,111419","10280,35165"
-0.3139931740614334,0.0580204778156996,"10281,52039","52039,138523"
-0.2813455657492354,0.003960244648318,"10282,61421","10282,14701"
-0.2479784366576819,0.1185983827493261,"10293,68045","24207,68045"
0.4035087719298245,0.1152416356877323,"10295,24219","10295,32165"
-0.6814814814814815,-1.0,"1781,111423","1781,101896"
-0.0654936461388074,-0.3032548677709968,"10308,12646","12646,28490"
-0.2674418604651162,0.1337209302325581,"10312,39470","23105,39470"
0.1660649819494584,-0.1573033707865168,"1878,3266","3266,57221"
-0.0550736868426399,0.0938628158844765,"9653,10315","9653,34945"
-0.2857142857142857,0.1118012422360248,"10316,26343","26343,119470"
-0.4233186945664342,0.0816326530612244,"10318,10623","10318,17771"
-0.283076923076923,0.0523076923076923,"10324,111425","10324,65034"
-0.1318051575931232,0.0200573065902578,"10328,73534","73534,78551"
0.348927430397079,0.1182108626198083,"10333,111426","29494,111426"
-0.3097643097643097,0.2525252525252525,"10335,111427","13297,111427"
-0.2825394417475728,-0.1295287710158655,"10344,58595","24670,58595"
-0.142194744976816,0.0231839258114374,"10346,48461","48461,144393"
0.0891017964071856,-0.1111111111111111,"10349,111431","10349,43029"
-0.1540193542205615,-0.1869158878504672,"10360,111434","28313,111434"
0.2314296379245987,-0.088447336029541,"7574,74696","7574,34873"
0.1194398109535724,-0.3657710790738313,"10368,49499","10368,36418"
-0.1526845637583892,0.0285234899328859,"10375,111439","10375,21923"
-0.1896551724137931,-0.1239669421487603,"10377,22964","4708,10377"
-0.2698961937716262,-0.0250431778929188,"4748,20940","4748,7215"
0.2211538461538461,0.1301775147928994,"10384,46112","10384,67309"
0.1376701966717095,-0.0518331226295828,"10387,12002","10387,34394"
-0.3446969696969697,0.053030303030303,"10389,111445","10389,131651"
-0.1315028901734104,-0.2156862745098039,"6168,10390","6168,76482"
0.5332034632034632,-0.0514705882352941,"6322,10391","6322,42241"
-0.0219912035185925,0.1010452961672473,"10393,16190","10393,122975"
1.0,0.2411924119241192,"10397,10697","10697,16226"
-0.1089412460567823,0.0504731861198738,"10398,10574","10574,125655"
-0.0646981702103403,-0.1712707182320442,"10403,42496","13618,42496"
-0.2423201798201798,-0.59375,"10406,57264","10406,53257"
0.1086522764375113,0.0738255033557047,"10408,13268","10408,157043"
-0.3253143886466558,-0.0563579466811096,"10411,86926","17296,86926"
-0.2935483870967741,0.1870967741935484,"10415,111455","10415,17683"
0.2974481658692185,0.0502392344497607,"10422,35628","10422,131089"
0.1328609799018246,0.1525423728813559,"10429,45899","29926,45899"
0.4703177257525084,0.0544871794871794,"6216,103152","6216,87180"
-0.1760154738878143,-0.1692456479690522,"4504,10430","4504,105782"
-0.3395522388059701,0.015883663544237,"10432,67836","9059,10432"
-0.0152787396121883,0.0853316259865154,"10434,14597","13431,14597"
0.1593975371633224,0.0150125104253544,"10138,10435","10138,14902"
0.7443820224719101,0.1011235955056179,"10436,111460","10436,20185"
-0.0397553516819571,0.0061162079510703,"10439,108194","10439,70225"
-0.1489361702127659,0.0621931260229132,"10444,10869","10869,28345"
-0.3007287449392712,0.0566801619433198,"10445,109635","10445,13950"
-0.3714285714285714,0.0816326530612244,"10446,23795","23795,132755"
0.0408539634908727,0.0116279069767441,"4481,10447","4481,10260"
-0.441747572815534,0.0919989732594482,"10459,42951","10459,14984"
-0.1582608695652174,0.12,"3123,10463","3123,112826"
0.0821052631578947,0.1742857142857143,"10468,23707","10468,16755"
-0.0155469790279627,0.046875,"10469,12265","10469,127200"
0.8115942028985508,-0.0986842105263157,"10487,37939","15585,37939"
0.1335660526836997,-0.8922558922558923,"10488,14859","10488,15915"
-0.0670473383680235,-0.0603070063303437,"10490,10760","10760,17614"
0.4756818834338214,0.0232558139534883,"10496,26370","10496,73584"
-0.1162931034482758,0.0344827586206896,"7567,41176","7567,30389"
0.2724550898203592,0.4719101123595505,"10499,111470","10499,53937"
-0.0981661272923408,0.0484662101354693,"10501,14878","12142,14878"
-0.3669354838709677,0.0725806451612903,"10502,61438","61438,136800"
-0.3084745762711864,0.0440677966101694,"10511,65342","65342,84289"
0.3136222441094022,-0.5416666666666666,"10512,111471","10512,98808"
0.1670491803278688,0.0696721311475409,"10516,111472","65422,111472"
0.2357512953367875,0.0572687224669603,"3159,22683","22683,24822"
0.6330645161290323,0.0846774193548387,"10519,53050","53050,131667"
0.8142265193370166,-0.4035234024809757,"10520,111473","10520,37110"
0.8921568627450981,0.1076388888888889,"10522,98957","10522,113532"
-0.3204950495049505,0.1534653465346534,"10523,111474","35678,111474"
0.0818120351588911,0.0279014308426073,"10526,11610","11610,12522"
-0.1330409356725146,0.0190058479532163,"10529,48605","48605,85032"
-0.2258064516129032,0.0918114143920595,"10536,29642","29642,108807"
-0.0392062572990372,0.1040462427745664,"303,50560","50560,61654"
0.5548662806727322,-0.2962962962962963,"2951,10542","2951,28517"
0.2619667255321126,0.0738916256157635,"10544,15131","14479,15131"
0.1063003370080539,-0.66,"10547,38543","10547,62798"
-0.1028571428571428,0.0182857142857142,"10550,11302","10550,139899"
0.8262548262548263,0.166023166023166,"10551,111488","10551,111677"
0.1592920353982301,-0.313953488372093,"10560,91517","13731,91517"
0.1785714285714285,-0.0663265306122449,"10561,111491","10561,31809"
-0.0304480208786429,0.0909090909090909,"10564,38685","10564,157877"
0.0098037723210887,0.0893300248138957,"10565,38886","10565,82679"
0.5330796252927401,0.1311475409836065,"10566,38852","38852,97275"
-0.1196003662536654,-0.0428015564202334,"8854,110225","8854,9518"
-0.4477611940298507,0.0746268656716417,"10570,46267","46267,54538"
-0.0965665236051502,-1.0,"10583,22433","22433,120929"
0.5732484076433121,0.6111111111111112,"10587,54559","10587,109960"
-0.1031543052003409,-0.296875,"10592,53155","53155,127824"
-0.0999999999999999,-0.1515151515151515,"10598,111502","55365,111502"
-0.2752293577981651,-0.6634476098503138,"10605,111504","10605,124023"
-0.3829787234042553,0.0595744680851063,"10607,20133","20133,72844"
-0.1938855500391952,0.055813953488372,"10608,37836","24772,37836"
-0.0652019844082211,-0.0587648232945873,"10641,17536","17536,61619"
-0.1110047846889952,-0.024459691252144,"10642,16853","16853,114644"
0.0553923407092553,0.0902612826603325,"10644,61656","13094,61656"
-0.3661971830985915,-0.1896551724137931,"10645,110064","64811,110064"
0.0308930911814266,0.0305810397553516,"10653,111508","10653,108163"
0.0096843615494978,-0.0321931589537223,"7811,109722","7811,69208"
-0.021551724137931,-0.0016510849987134,"5274,15919","5274,47808"
-0.239247311827957,0.043010752688172,"1777,98060","1777,114577"
-0.1642066420664206,0.0571955719557195,"9348,111514","9348,121581"
0.8118393234672304,-0.1290317124735729,"3406,111516","3406,19731"
0.2477480965285843,-0.0406015037593985,"6204,10666","6204,12088"
-0.0094038781803758,0.0126715945089757,"10670,20218","10670,60035"
0.3144876325088339,0.1944444444444444,"10672,13986","10672,22270"
0.6628787878787878,0.106060606060606,"10673,91838","10673,38477"
0.0455195176464473,-0.0649350649350649,"8919,18797","8919,41342"
-0.1877637130801688,-1.0,"6181,10677","10677,100644"
0.0865107212475633,-1.0,"4652,10678","4652,121520"
0.8240740740740741,0.0952380952380952,"10680,27921","27921,53330"
0.2139423076923076,0.0748663101604278,"9868,48496","39668,48496"
-0.2031963470319634,0.047945205479452,"10682,108082","10682,41044"
-0.2852564102564102,0.0897435897435897,"10685,111525","10685,66613"
-0.1917127071823204,-0.2682926829268293,"10686,11188","10686,136774"
0.024765581908439,0.1594594594594594,"10688,29941","10688,17348"
-0.0949839914621131,0.0405549626467449,"10689,111526","10689,106624"
0.1920245488206653,0.1577669902912621,"10691,27720","15607,27720"
-0.1578014184397163,0.1063829787234042,"2223,11480","11480,16998"
-0.0642438206954336,0.1298701298701298,"10695,22339","10695,61024"
-0.3423076923076923,-0.3333333333333333,"7467,111527","7467,10662"
-0.2465373961218836,-0.0040748323898992,"10705,111534","1027,10705"
0.0048810455612792,0.0399002493765586,"7719,10716","7719,12232"
0.1092399575042352,-0.0374149659863945,"10720,52817","17949,52817"
0.3733075435203094,0.0367504835589942,"10723,15557","15557,126928"
0.2462837388645126,-0.0180722891566265,"10725,22514","2542,22514"
-0.4863387978142076,-0.4697569248162804,"10726,60368","19717,60368"
-0.0655344242960341,-0.44,"6717,10734","10734,12925"
0.2292143781738524,0.108433734939759,"9413,13475","9413,60397"
0.0593884612668597,0.0726643598615917,"10738,111541","10738,52198"
-0.1148387096774193,0.0890322580645161,"10746,111543","10746,112831"
0.1876315789473684,0.0863157894736842,"10749,19249","19249,26284"
0.1680147058823529,-0.3888888888888889,"10752,14647","14647,76411"
-0.3344420753375977,0.0571428571428571,"10754,61927","61871,61927"
0.0833333333333333,0.0365168539325842,"7654,10765","7654,124905"
0.5075202928537322,0.1270491803278688,"10768,111546","10768,121940"
-0.1136653895274585,0.0357598978288633,"10771,18225","18225,39451"
0.2102250033284516,-0.5,"10775,33413","10775,50872"
-0.3903508771929824,0.0570175438596491,"10778,26435","26435,61618"
0.1098631098631098,0.1688311688311688,"10780,15402","10780,39548"
-0.0214201961849744,-0.0469144050104384,"10785,17859","17859,85077"
-0.2129186602870813,-0.9545454545454546,"5184,10792","5184,58538"
0.2727844914400805,0.0513595166163142,"10794,111548","34670,111548"
0.2656716417910448,-0.047808764940239,"10805,111551","10805,12683"
-0.1352250977781476,-0.9238578680203046,"10807,20745","20745,62066"
0.8888888888888888,-0.1302325581395348,"10810,24496","12977,24496"
-0.3859649122807017,0.0526315789473684,"4337,111556","4337,149692"
0.2639705882352941,-0.0609756097560975,"3428,7051","7051,82323"
-0.2378378378378378,0.0432432432432432,"10812,103477","6281,10812"
0.1961173155203006,0.0719896368778514,"10813,48887","10813,23664"
-0.5641025641025641,-0.1546945701357466,"10815,16295","16295,111663"
-0.0259259259259259,0.037037037037037,"10816,20319","20319,159241"
0.0176274474146814,-0.0769230769230769,"10016,10211","10211,21245"
-0.1029239766081871,0.0210526315789473,"10823,52950","10823,59416"
0.8314176245210728,0.0229885057471264,"2077,10826","2077,5656"
-0.2838709677419355,0.0419354838709677,"10827,25974","25974,149255"
-0.55,0.09375,"4109,10833","1894,4109"
0.1324411628980157,0.5015829941203076,"10837,12195","11481,12195"
0.0589101620029454,0.0824742268041237,"10839,26010","26010,121185"
0.0636363636363636,-0.0989010989010989,"7657,52204","902,7657"
0.8627450980392157,0.048780487804878,"10844,28207","28207,140358"
0.4271844660194174,0.2884615384615384,"10852,111578","65509,111578"
-0.019545057595542,0.0197841726618705,"9326,10854","9326,78909"
-0.2444444444444444,0.05,"10861,15593","6786,10861"
0.2078397212543554,0.0857142857142857,"10864,68605","51026,68605"
0.3015873015873016,0.1111111111111111,"10871,32275","32275,32665"
-0.3450980392156862,-1.0,"4706,10872","4706,120306"
0.1655708544699914,-0.0567375886524822,"10873,11376","11376,11927"
-0.1358024691358024,-0.9783950617283952,"10887,30954","30954,41023"
-0.360655737704918,-0.0943396226415094,"10889,106050","52595,106050"
-0.202027351550848,-0.0124578018104143,"5458,7236","7236,109803"
-0.2308336824465856,-0.1797752808988764,"10893,104706","10893,67774"
0.17487922705314,0.0821256038647343,"9662,10897","9662,17714"
-0.2346666666666666,-0.5,"10899,111590","10899,128782"
0.0953354757035738,-0.1526717557251908,"5423,65790","5423,8875"
0.2471440206026721,0.0637450199203187,"8360,10909","8360,132598"
0.3063858695652174,0.064453125,"10912,11579","11579,15288"
-0.2178217821782178,-0.3684210526315789,"10913,23150","12060,23150"
-0.0125874125874125,0.1053719008264462,"10920,20633","20633,115137"
-0.2894736842105263,0.0361842105263157,"10921,16237","16237,97825"
-0.0045626682483916,0.0703812316715542,"10932,33265","10932,45133"
0.5925925925925926,0.0601851851851851,"10934,55651","55651,84280"
-0.2904290429042904,-0.9372937293729372,"10939,111595","58653,111595"
0.5345410473942719,0.0428015564202334,"10941,111596","10941,84596"
-0.0584717607973421,0.0411960132890365,"7150,44613","7150,16569"
-0.4756756756756757,-0.2112676056338028,"10950,111599","71949,111599"
0.4489795918367347,-0.0287958115183246,"10953,111601","10953,38952"
-0.2340425531914893,0.0345744680851063,"10955,111602","33831,111602"
-0.2520419618317656,-0.0545454545454545,"10956,111603","13124,111603"
0.2632357290742383,0.2049689440993788,"10957,111604","10957,26503"
0.0510067114093959,0.0295302013422818,"3162,3259","3162,4372"
-0.4223300970873786,0.16299825122113,"10960,111606","10960,15240"
-0.1487394957983193,-0.4583333333333333,"1606,10962","1606,32897"
-0.1768292682926829,0.0365853658536585,"2944,111610","2944,32997"
0.742603550295858,-0.0488826531649687,"10967,111612","10967,29683"
-0.1590493601462523,0.0255941499085923,"2454,111613","2454,144934"
-0.0107771706132361,-0.0601336302895322,"195,5429","195,12420"
0.3017031630170316,0.2083333333333333,"10973,17208","17208,25412"
-0.1281296023564064,0.0397643593519882,"3442,10976","3442,37398"
0.102750991711549,0.0325732899022801,"10979,54917","10979,163695"
-0.1112531969309462,-0.1889763779527559,"10980,16041","16041,44972"
-0.5576923076923077,0.0089111778023482,"10983,58774","10983,58140"
-0.3346153846153846,-1.0,"8108,111625","8108,19746"
-0.3990825688073394,0.055045871559633,"10988,70705","10988,49320"
-0.3655462184873949,-0.021523178807947,"10990,111627","10990,11976"
-0.094054054054054,0.067027027027027,"10992,111628","10992,94397"
-0.0447734019394419,-0.4372928526249209,"10997,29373","10997,117541"
-0.1033524966087462,0.0442477876106194,"10999,28361","28361,142966"
-0.2979452054794521,0.0582191780821917,"11000,12056","11000,59367"
-0.2558823529411764,0.0411764705882352,"9972,11004","9972,14231"
-0.3609958506224066,-0.0973051844421138,"3193,23792","3193,112262"
0.5,0.0739795918367346,"7687,37379","7687,122889"
-0.1294642857142857,0.0476190476190476,"11010,19976","19976,29156"
-0.1986301369863013,0.0593607305936073,"3119,111633","2853,3119"
-0.0092699406723796,0.1621621621621621,"964,11018","11018,127293"
-0.4728260869565217,0.0543478260869565,"11020,74206","11020,102495"
-0.5178571428571429,-0.0177631578947368,"11021,110039","11021,11357"
0.6397058823529411,0.1333333333333333,"11023,61211","45919,61211"
0.2693498452012384,0.1134020618556701,"10169,21883","10169,94255"
-0.2929292929292929,-0.1670723297229321,"11031,26146","11031,30817"
-0.1406572964034725,-0.1241379310344827,"11037,35150","11526,35150"
-0.2345013477088948,0.0296495956873315,"11040,18076","18076,87535"
-0.0487886048988285,0.134185303514377,"11049,57834","11049,25541"
-0.2779552715654952,0.0415335463258785,"11054,34089","34089,90508"
-0.2464589235127478,0.0453257790368272,"11055,24261","24261,35204"
0.139055843408175,-0.014235620453237,"11059,44569","25177,44569"
0.5285541478321767,0.1150442477876106,"11061,111646","83484,111646"
-0.1060346418496744,-0.1033212730463418,"11064,50204","11064,78774"
0.4480540556489923,0.1856540084388185,"10458,111647","10458,13678"
-0.4858353510895884,0.0337092731829574,"8095,11071","8095,16814"
-0.1035714285714285,0.0345238095238095,"11072,13727","13247,13727"
-0.0909090909090909,0.0376175548589341,"11073,23142","23142,30261"
-0.1820083682008368,0.1171548117154811,"1146,11075","1146,16198"
0.2482343165766514,0.0948275862068965,"4206,111649","4206,92695"
0.3210332103321033,0.3636363636363636,"11076,19734","11076,39779"
-0.2283464566929134,0.0367454068241469,"11080,50404","50404,78286"
-0.0807799442896936,0.0120705663881151,"11081,111651","11081,83791"
-0.089448545375597,0.1122448979591836,"11084,90479","11084,11305"
-0.2037768127385182,0.0555555555555555,"11089,110558","11089,64592"
-0.0759162303664921,0.0104712041884816,"3963,11101","3963,67153"
-0.6492537313432836,-0.0901639344262295,"11103,111659","22688,111659"
-0.1858974358974359,0.0491452991452991,"11107,111660","11107,48450"
0.3755316828443669,-0.3243243243243243,"7569,74092","7569,43567"
-0.0610452349582784,-0.2647058823529412,"7004,111661","11782,111661"
0.4694832826747721,0.0744680851063829,"11109,65707","11109,30818"
-0.4257425742574257,0.099009900990099,"11118,37571","11118,131786"
0.0502102102102102,0.0444444444444444,"11120,111665","11120,161911"
-0.3006993006993007,0.0769230769230769,"11121,66790","10874,11121"
-0.1791666666666666,-0.3333333333333333,"9814,19432","9814,35800"
-0.1885964912280701,0.0372807017543859,"11128,21236","21236,104003"
-0.2551928783382789,0.086053412462908,"11131,37435","11131,122888"
0.7897727272727273,-0.3448275862068966,"11132,19023","19023,110986"
-0.1296566031073446,0.2033898305084746,"8968,11136","8968,112552"
0.1954545454545454,0.6333333333333333,"11137,111673","29199,111673"
-0.2113022113022113,0.027027027027027,"11139,111676","11139,92943"
0.1375407634759255,0.0968660968660968,"8630,10563","8630,119934"
-0.0506916779070861,0.086859688195991,"9833,11147","9833,27431"
-0.2935153583617747,0.1638225255972696,"11149,111680","11149,41883"
-0.2895364238410596,-0.0358875104934241,"11152,24019","11152,21292"
-0.109432098765432,0.048,"11153,111683","11153,116812"
0.2975778546712803,-0.1935561066875516,"11154,13557","13557,58739"
0.5825242718446602,0.1213592233009708,"11155,40581","11155,24490"
-0.3961025354473702,-0.056338028169014,"11167,35362","6546,11167"
-0.1833688699360341,0.0255863539445629,"2610,111686","2610,154150"
-0.1650485436893204,-0.0611111111111111,"11172,28754","28754,76394"
-0.0870409455466441,0.0533980582524271,"8281,15139","8281,69227"
0.0561457830298554,-0.0351980324369474,"11179,13856","13856,17734"
-0.1189488243430152,0.0290456431535269,"11192,20490","20490,37080"
0.543006809848088,0.144578313253012,"11195,64501","11195,89529"
-0.1323159571806654,-0.9703872437357632,"10660,15201","15201,58801"
-0.2356414236611597,0.0517241379310344,"11227,11599","11599,30240"
-0.2245430809399478,0.04177545691906,"11229,48061","48061,58442"
-0.2738853503184713,0.0764331210191082,"11239,73431","6116,73431"
0.090717299578059,-0.0780669144981412,"11246,34359","11246,30530"
-0.1152420490770257,0.2234042553191489,"9775,110848","9775,52453"
0.376901455026455,0.09375,"11253,111701","11253,34645"
0.2679127725856697,0.1351351351351351,"11266,39765","11266,112925"
0.3467032967032967,0.0879120879120879,"11268,111705","27274,111705"
0.6211453744493391,0.0616740088105726,"11270,111706","64214,111706"
-0.1323987538940809,0.043613707165109,"11275,90073","11275,38393"
-0.5555555555555556,0.1045751633986928,"11280,111711","11280,47341"
0.1662708828063158,0.0472440944881889,"11287,16879","16879,156034"
0.2687832026309132,-0.1310160427807486,"11291,111305","14201,111305"
-0.0639578630549285,0.0150489089541008,"8409,20697","8409,32038"
-0.3441295546558704,0.3036437246963562,"11294,13150","13150,39106"
0.3737404495626176,0.0377588306942752,"6194,11297","6194,121762"
-0.1131824234354194,-0.0022111747738019,"11298,111048","283,11298"
-0.293103448275862,0.0266009852216748,"509,111725","509,11547"
0.2379089615931721,-0.9662162162162162,"11306,111729","57682,111729"
0.4009433962264151,-0.2203389830508474,"11309,65940","65940,83548"
0.1354421768707483,0.0476190476190476,"4749,50092","4749,72795"
0.3739418677916883,0.0404624277456647,"11311,111730","36079,111730"
-0.0047087123974767,0.1620795107033639,"11316,19523","19523,36868"
-0.1340694006309148,0.0315457413249211,"6052,111733","6052,54124"
0.3009433962264151,0.04,"11323,15556","11323,67657"
-0.1990632318501171,0.180327868852459,"3583,11334","3583,112201"
-0.1626352443725904,0.2034883720930232,"11335,33181","30805,33181"
-0.02321450828867,0.1197183098591549,"3857,11338","11338,38469"
-0.5448717948717948,0.2179487179487179,"11343,43718","11343,25440"
-0.5592105263157895,0.0657894736842105,"11347,111740","11347,71708"
0.8173076923076923,0.0641025641025641,"11348,35099","35099,122560"
-0.1568265682656826,-0.2832872078720787,"11349,13673","13673,96282"
-0.4009433962264151,0.3584905660377358,"11351,33947","13024,33947"
-0.3761061946902654,-0.2446808510638297,"11353,30922","23006,30922"
-0.0596780249694922,-0.0912292470233104,"9757,11359","11359,12260"
-0.1041928391959799,0.057788944723618,"11361,36415","36415,47687"
0.5380434782608696,0.0652173913043478,"11375,82828","82828,97640"
-0.1553930530164533,0.0237659963436928,"11377,20549","20549,82881"
-0.2797180727961287,-0.0300546448087431,"11385,111748","22916,111748"
-0.1015531660692951,0.053763440860215,"11387,111749","11387,23688"
-0.1049382716049382,0.0308641975308641,"11391,16201","16201,44154"
0.0649504015115729,-0.4657534246575342,"11392,111751","32401,111751"
0.1849933155080213,-0.5207792207792208,"11404,16871","12848,16871"
0.2194531550860978,-0.1090712054567476,"11414,97916","11414,116555"
-0.245664739884393,0.0462427745664739,"11423,78733","26493,78733"
-0.1342812006319115,0.0252764612954186,"11432,65628","21107,65628"
-0.1023570898292502,-0.0776255707762557,"11433,34495","11433,75824"
0.0086206896551724,0.1551724137931034,"11434,111755","11434,31373"
-0.2871621621621621,0.0439189189189189,"11435,25807","25807,84863"
0.5549790711081033,0.1433691756272401,"11437,99178","11437,26875"
0.1725444096133751,-0.3103448275862069,"11443,109850","11443,60409"
0.467032967032967,0.1794871794871795,"11445,111757","11445,44969"
-0.1280487804878048,0.0167682926829268,"11446,111758","11446,156438"
0.0927152317880794,-0.1826923076923076,"5432,36995","20865,36995"
0.4421289355322339,0.0258620689655172,"11453,22252","22252,40146"
-0.1826086956521739,0.0217391304347826,"7781,111764","7781,16670"
-0.1724845995893223,0.0390143737166324,"11458,101804","11458,133621"
0.7873417721518987,-0.094697228874444,"5478,111765","5478,68723"
0.5066478560129966,-0.1494685990338164,"11461,18287","18287,79404"
-0.4117647058823529,0.0637254901960784,"11464,111769","11464,113208"
-0.4158415841584158,-0.1565217391304348,"11469,111771","439,11469"
0.1515558467081559,-0.0769230769230769,"11471,28138","28138,39463"
0.0647773279352227,-0.4466501240694788,"11472,23839","11472,28694"
0.072592560868541,0.0201931518876207,"11473,13000","13000,128255"
0.0869565217391304,0.0571428571428571,"6196,6614","6196,65565"
-0.2326869806094182,0.0304709141274238,"11483,111778","11483,93548"
0.7673130193905817,0.0858725761772853,"11484,13390","13390,121806"
-0.2973211009174312,0.0458715596330275,"11486,17364","17364,101691"
-0.7850467289719626,-1.0,"11494,111781","11494,103501"
0.0612227805695142,0.0552763819095477,"11496,43642","43642,93087"
0.0962566844919786,0.2058823529411764,"10065,11497","11497,75407"
-0.1663366336633663,-0.0026355153500961,"11501,76042","8672,11501"
-0.1979648473635522,-0.0169322709163346,"11505,102428","18656,102428"
0.0946272156700462,0.037243947858473,"6245,11028","11028,12701"
-0.1122994652406417,0.0374331550802139,"11509,48476","11509,123895"
-0.0582120582120582,0.0152460152460152,"2502,84322","2502,129833"
0.2314049586776859,-0.0432900432900432,"11517,13456","11517,47583"
-0.3206106870229007,0.0572519083969465,"11521,111792","11521,143684"
-0.1802575107296137,-0.109745523908614,"11531,24773","24773,36372"
-0.067862666254253,0.0688524590163934,"11533,43840","16436,43840"
0.8699186991869918,0.0975609756097561,"11538,95836","11538,154275"
-0.02269547473027,0.0103412616339193,"11540,73910","6238,11540"
-0.2024096385542168,-0.9493975903614458,"11541,13107","13107,52181"
-0.8137472283813747,-0.081180811808118,"11543,11727","11543,113561"
-0.2258064516129032,0.0295698924731182,"11545,107739","11545,44325"
0.3881497978081227,-1.0,"11548,104776","11548,100041"
-0.171967351533915,0.0401069518716577,"11549,39205","11549,79087"
-0.2947368421052631,-0.1691823899371069,"11552,42397","42397,43359"
-0.4590163934426229,0.1323290503618372,"11553,57795","24265,57795"
-0.1344,0.0256,"11557,40791","40791,68415"
0.039319248826291,0.0643863179074446,"11394,11561","11394,32092"
0.052491533623609,0.0653237511119434,"11567,111806","11567,17356"
-0.1806451612903225,0.032258064516129,"11577,15652","15652,39894"
-0.1798378324024389,0.0455635491606714,"11580,30286","30286,39494"
0.0409583940424154,-0.9342723004694836,"11582,34259","25690,34259"
0.3777777777777777,0.074074074074074,"11585,65044","65044,106576"
-0.1238938053097345,0.0368731563421828,"11587,16846","16846,44365"
-0.5153374233128835,0.0736196319018405,"11601,111814","90880,111814"
0.4589954337899544,0.0856164383561643,"11602,29514","15994,29514"
-0.3943661971830985,-0.0617977528089887,"11618,111820","33930,111820"
-0.3193916349809886,-0.056701030927835,"11619,111821","11619,37182"
-0.2828282828282828,0.2121212121212121,"11620,111822","16299,111822"
0.7410714285714286,0.0891089108910891,"11621,18268","18268,44070"
0.0643375277572168,-0.4524107142857143,"4244,8425","4244,16646"
-0.3948412698412698,0.2619047619047619,"4976,19494","4976,32455"
-0.2299168975069252,0.0277008310249307,"11622,59731","11622,19434"
-0.2201314424074714,0.0857142857142857,"11624,30626","11624,16776"
-0.2371428571428571,0.08,"11634,71384","11634,78448"
0.239193083573487,-1.0,"11636,13728","13728,49217"
0.4825581395348837,-0.1632653061224489,"11637,38533","4224,11637"
-0.2462908011869436,0.1305637982195845,"11640,17634","17634,116607"
0.0383718871710138,0.0709459459459459,"11641,91952","11641,29685"
-0.6974789915966386,-0.064516129032258,"11642,24841","11642,117735"
0.0773954150358359,0.2041884816753926,"4623,11650","4623,26527"
0.0888728613214729,0.1468926553672316,"11655,22321","11655,13994"
-0.1105193075898801,-0.2011324169159221,"11656,12508","12508,112106"
0.266025641025641,0.3243243243243243,"11657,81784","10863,81784"
0.2176819824470831,-0.3421052631578947,"11658,111842","11658,61450"
-0.2832764505119454,0.0341296928327645,"11666,111848","11666,101928"
0.7661971830985915,-0.0788381742738589,"1428,73262","1428,21301"
0.4532065622669649,0.0223713646532438,"11681,22913","22913,102357"
-0.248502994011976,-0.2926829268292683,"11684,14569","14569,66412"
0.0811111111111111,0.1458333333333333,"11687,64043","17101,64043"
0.0818540433925049,0.066079295154185,"11691,20450","11691,143551"
-0.1925754060324826,0.0649651972157772,"11057,11696","11057,58550"
-0.4213197969543147,0.0558375634517766,"11700,74372","11700,44821"
0.2184893506106642,0.0402144772117962,"11701,44740","11701,47625"
0.0952107768145504,-0.0609667359667359,"8531,14637","8280,14637"
0.6156565656565656,0.0509259259259259,"11713,12259","12259,104415"
0.6535433070866141,-0.2926829268292683,"11715,111866","11715,143473"
0.1048319074587299,-0.0944206008583691,"11718,77183","23867,77183"
1.0,0.1388888888888889,"11720,39581","39581,126559"
-0.0788224121557455,0.0132953466286799,"11052,11725","11052,18083"
0.2789718154621319,0.0958904109589041,"11729,52324","21800,52324"
0.5460526315789473,0.0092290707102071,"11731,111870","7606,11731"
-0.2357954545454545,0.034090909090909,"11738,18123","18123,52821"
0.0956221198156682,0.1006944444444444,"11741,12853","11741,16972"
-0.5721649484536082,-0.2898550724637681,"11743,33332","11743,53628"
0.0352064996614759,0.0663507109004739,"11744,35341","35341,68183"
-0.043403964456596,0.0325814536340852,"11759,15932","11759,115036"
0.3680654676943572,0.0619469026548672,"11760,52664","52664,131564"
-0.1190817790530846,0.0215208034433285,"6475,11767","6475,73398"
-0.4278350515463917,-0.2830188679245283,"11769,39516","11769,62050"
0.1028551771585827,-0.2272727272727272,"11770,23250","23250,79105"
-0.2455621301775148,0.1153846153846153,"11771,61631","27887,61631"
0.2652511961722487,-0.4318181818181818,"11777,69552","28664,69552"
0.6327433628318584,0.1902654867256637,"11778,111876","11778,25032"
-0.2385057471264367,0.0344827586206896,"11784,20239","17446,20239"
0.0106818181818181,0.0909090909090909,"11785,110363","44550,110363"
-0.1034912718204488,-0.0564971751412429,"11788,14675","14675,17842"
0.2095959595959595,-0.1864406779661017,"11793,111088","11793,71642"
-0.1635352648522094,0.1760209816410641,"11794,111881","11794,12608"
0.1319838056680162,-0.0331325301204819,"11810,15211","11810,12496"
-0.2296918767507002,0.0532212885154061,"11812,20336","11812,62215"
0.6095238095238096,-0.4072072072072072,"1987,111883","1987,18321"
0.0980806921936995,-0.0698795180722891,"11813,13361","13361,25884"
0.1497869043006586,0.146067415730337,"10828,11814","10828,82250"
0.8004866180048662,-0.2055395235670231,"11815,14703","14703,63237"
-0.0345728315061096,0.0511811023622047,"3927,11816","3927,150679"
0.1060760008128429,0.1203007518796992,"11819,41863","41863,128074"
0.6214185883997204,0.0660377358490566,"11823,111892","11823,123597"
0.224807302951728,0.0417362270450751,"11825,18794","18794,99590"
0.0290481577246282,0.0924369747899159,"11826,26350","26350,130118"
0.1626984126984127,-0.1553030303030303,"214,280","214,110684"
0.4361702127659574,0.1263157894736842,"11832,84520","84520,116517"
-0.1885057471264367,0.0275862068965517,"11833,111895","11833,127101"
0.7861577154500017,-0.028969957081545,"11690,11835","11690,29976"
0.1599797365754812,0.1428571428571428,"11837,15484","11837,29552"
-0.1798245614035087,0.131578947368421,"8863,111896","8863,113712"
0.4856981025205324,0.0654205607476635,"7099,14553","14553,146479"
-0.0504554256616223,0.0650684931506849,"11842,54302","11842,51595"
-0.2169312169312169,-0.0275,"807,6757","807,4220"
0.7232420826623726,0.0135265700483091,"11843,111899","11843,75437"
0.0838659932057929,0.0911854103343465,"11853,14165","11853,22244"
-0.1885057471264367,0.0988505747126436,"11855,111904","11855,58637"
0.8181818181818181,-0.4802660753880265,"11860,111905","11860,90631"
-0.2733333333333333,-0.026078431372549,"1856,11863","1856,21316"
0.1833721833721833,0.0697282816685801,"11864,27522","11864,28142"
-0.1463640574339972,0.0511811023622047,"11869,36704","11869,150010"
-0.6186046511627907,-1.0,"11871,41149","15899,41149"
0.2373472067885645,0.0249520153550863,"11872,110776","3012,11872"
-0.4005022375325971,0.0561797752808988,"1961,3183","1961,51692"
-0.0696438665912945,0.1,"11875,67722","11875,37475"
0.1663286004056795,0.075268817204301,"9599,17753","9599,145602"
-0.2671009771986971,0.0684039087947882,"11884,32425","11884,51862"
-0.1741242937853107,-0.0494904176359809,"4979,11887","4979,36782"
0.1573605358695096,-0.611147256560399,"11894,23131","23131,48385"
0.3904761904761905,-0.1515151515151515,"11899,12839","11899,113809"
-0.2009803921568627,0.0661764705882353,"11900,111919","11900,40588"
-0.1694214876033057,-0.1949035812672176,"11906,15066","15066,58405"
-0.0379084967320261,0.1235294117647058,"11913,52143","52143,60758"
-0.239067055393586,0.1231647492187636,"11919,14135","5357,14135"
0.3087538497986259,0.0555555555555555,"8269,17121","17121,130906"
-0.422680412371134,0.0721649484536082,"11922,77947","11922,108731"
-0.1915887850467289,0.0747663551401869,"11924,111927","11924,34060"
-0.3413913913913914,-0.1166666666666666,"11937,64739","47980,64739"
-0.3129770992366412,0.0839694656488549,"11944,13073","13073,130134"
-0.2210242587601078,0.0323450134770889,"11948,68899","68899,90201"
-0.0828585305710709,0.0669144981412639,"3475,11961","11961,59892"
-0.351931330472103,0.111587982832618,"11966,111934","42800,111934"
-0.2433234421364985,-0.1889979456745035,"11973,34463","27232,34463"
-0.1825929752066115,-0.0166714163579367,"11978,111938","19228,111938"
-0.0751081860800577,0.1152542372881356,"6902,56932","6902,26455"
0.1698113207547169,0.1111111111111111,"1709,20929","20929,57266"
-0.0961995249406175,0.015439429928741,"2305,111941","2305,148050"
0.802439024390244,0.0707317073170731,"5830,11982","5830,114218"
-0.4909090909090909,0.0666666666666666,"9515,111947","9515,52184"
0.2387295081967212,0.037037037037037,"11985,111949","11985,139387"
0.1600840336134454,-0.4571428571428571,"11987,111951","11987,57339"
-0.6136363636363636,0.0909090909090909,"11992,36714","11992,139521"
-0.238235294117647,-0.5333333333333333,"11993,21244","21244,66289"
-0.0668965517241379,0.0488888888888888,"11995,26381","11995,157494"
-0.1828418695011941,-0.0942028985507246,"11133,11997","11133,39452"
0.207343505225434,-0.0575916230366492,"4362,6948","6948,32968"
-0.0951821386603995,0.0893066980023501,"10240,100796","10240,85277"
0.266384778012685,0.1287878787878787,"12006,47893","12006,137207"
0.6124401913875598,-0.0752867931054361,"12009,111967","12009,38520"
0.1129408335762168,0.0273972602739726,"4665,12011","4665,33902"
-0.1961124401913875,0.0696969696969697,"12017,111930","12017,26543"
0.2320916905444126,0.0282051282051282,"4071,5619","5619,27604"
-0.1030534351145038,0.0330788804071246,"5568,20053","5568,125401"
-0.175704989154013,-0.149219788678189,"8158,12025","8158,126531"
0.8901098901098901,-0.2527472527472527,"12026,15922","15922,47131"
0.3862017360071835,-0.3703218960028298,"2962,12029","2962,12991"
0.1636363636363636,1.0,"12051,30828","12051,20419"
-0.1683991683991684,0.054054054054054,"7290,111982","7290,125533"
0.1669599341730489,0.0084942084942084,"7894,45677","7894,95372"
-0.1639676113360323,-0.2753036437246964,"12067,34222","12067,64022"
-0.238235294117647,0.017151354923992,"12073,97758","12073,33635"
0.0483037833310065,0.0583554376657824,"12083,37771","37771,49944"
0.0569600460644206,0.0205949656750572,"3101,3138","3138,25277"
-0.0258247918001281,0.0327380952380952,"4786,12085","4786,160460"
0.0996856618219165,-0.8031496062992126,"12086,13698","12086,112523"
0.3403361344537815,-0.17,"12092,50622","50622,110547"
-0.07251153592617,0.072072072072072,"12094,72727","12967,72727"
0.3016528925619834,0.0454545454545454,"12095,47913","47913,96704"
0.2401315789473684,0.0313370839686629,"12097,52489","26322,52489"
0.6977611940298507,0.0559701492537313,"12102,44158","44158,72887"
-0.2361516034985422,-0.0264245958123509,"12103,19279","11719,19279"
0.2264705882352941,0.1378205128205128,"12108,107778","12108,83516"
0.3527148664343786,0.0625,"12109,12485","12485,26379"
0.2619047619047618,0.0529100529100529,"12113,25673","25673,52286"
-0.0975903614457831,-0.726474730089188,"12114,32158","17297,32158"
0.7685714285714286,0.0285714285714285,"12115,25679","25679,106376"
-0.4764705882352941,0.0764705882352941,"12120,106729","83894,106729"
0.6297396470382666,0.0876288659793814,"7326,111995","7326,15673"
-0.1838069924350848,-0.509090909090909,"12123,111996","12123,22595"
-0.1680497925311203,-0.2316735822959889,"12126,90786","21612,90786"
-0.2148541114058355,0.0291777188328912,"8851,110478","98396,110478"
-0.2903225806451613,-0.0510681003584229,"12138,65440","65440,74456"
-0.2403030303030303,-0.0765993265993265,"12140,112000","21830,112000"
0.154249333728161,0.0390879478827361,"12141,112001","12141,80293"
-0.1,0.0382716049382716,"12147,44657","35696,44657"
-0.1679035250463821,-0.2647058823529412,"12151,112006","12151,68895"
0.413265306122449,0.025522041763341,"12153,69899","12153,47416"
0.3720930232558139,0.0671140939597315,"12161,24174","24174,94194"
0.1892230576441103,-1.0,"12162,39204","12162,39877"
-0.205226985545659,0.0845070422535211,"12163,57307","57307,154894"
0.2279202279202279,0.1333333333333333,"7270,7420","7270,60488"
0.1438144329896907,0.0335051546391752,"12165,42595","12165,148538"
-0.1520912547528517,-0.0931372549019607,"10814,25244","10814,33386"
-0.0210275586517775,0.0784779416459171,"12173,37178","37178,74045"
0.1921944035346097,-0.1304347826086956,"12175,60433","57393,60433"
-0.1367521367521367,0.0393162393162393,"12176,35054","12176,128171"
-0.4335154826958105,0.1639344262295081,"12177,48130","12177,34996"
0.1770551038843721,0.0279159756771697,"8980,47754","26677,47754"
0.3433476394849785,-0.1401869158878504,"12183,38088","38088,65636"
0.6444444444444444,-0.2727272727272727,"613,15908","613,63310"
-0.1622718052738336,0.0446247464503042,"7275,70951","6338,7275"
0.2212959454338764,0.0492610837438423,"12198,101784","12198,101569"
-0.3053435114503817,0.1984732824427481,"12200,112026","12200,19950"
-0.2711864406779661,0.0677966101694915,"12205,49282","12205,132469"
0.1692226335272342,0.0524193548387096,"12206,35085","12206,149791"
0.6611570247933884,0.0394366197183098,"12209,63242","12209,75346"
0.2593084045015563,0.0377524143985952,"6425,12216","6425,24660"
-0.3421508115345678,0.0847457627118644,"7716,60887","7716,71321"
0.0071108193851876,0.0361010830324909,"12222,112033","12222,132641"
0.0498038204885872,-0.0680272108843537,"1754,10085","10085,33165"
0.9332777314428692,0.0467055879899916,"12236,13468","13468,18408"
0.2693602693602693,0.5714285714285714,"82,112038","68969,112038"
0.8336798336798337,0.0291060291060291,"2668,12239","2668,143656"
-0.3018867924528302,0.0377358490566037,"12242,26898","26898,67408"
0.0869465297992952,0.1967213114754098,"12251,15127","11228,12251"
0.1030411050462292,0.0797872340425532,"12253,72148","72148,73129"
-0.2222222222222222,0.0277777777777777,"12258,37972","37972,104234"
-0.0141432641432641,0.0384615384615384,"12261,12458","12261,97854"
0.3773717096326798,-0.2246912816068831,"12263,69078","24241,69078"
-0.3225806451612903,0.0604838709677419,"12264,42960","12264,72270"
-0.2041941371475397,0.0380116959064327,"12267,33440","33440,150770"
0.0068361461226233,-0.0241131711499303,"5249,23622","5249,20173"
-0.0664224664224664,0.0198412698412698,"12269,26423","12269,71435"
0.0345026614506509,-0.28,"12275,28522","28522,59185"
1.0,0.0844155844155844,"12276,33010","33010,82738"
-0.2162162162162162,0.0324324324324324,"12280,112044","12280,56958"
0.2592592592592593,-0.1551724137931034,"12286,112046","46840,112046"
-0.3053435114503817,0.0381679389312977,"12287,20609","12287,78744"
0.8483771618099976,0.0341151385927505,"12290,58752","58752,69627"
0.0774877276689452,-0.0498442367601246,"7817,73113","7817,110701"
0.5580808080808081,-0.3777777777777777,"12293,112049","12293,136598"
-0.3720930232558139,-0.2105263157894736,"12299,44167","11909,44167"
0.0690915320047964,0.0421686746987951,"12314,24369","24369,147553"
-0.0685106509403131,-0.9548969072164948,"12328,107212","31277,107212"
0.5811636129861781,-0.1179338609383832,"12329,31281","31281,115981"
-0.1621621621621621,0.1554054054054054,"12334,112055","44632,112055"
-0.3864734299516908,-0.1370455123315535,"12336,112056","29521,112056"
0.456230762465922,0.0313253012048192,"12337,41162","41162,84380"
-0.1653107344632768,0.0903954802259887,"11968,12340","7496,12340"
-0.2461538461538461,0.0707692307692307,"6664,12341","6664,48431"
-0.5939086294416244,-0.0790697674418604,"12345,30431","12345,79191"
0.1269746646795827,0.1372950819672131,"7667,112058","15200,112058"
-0.0848575339056861,0.239766081871345,"12353,112059","26539,112059"
0.7090909090909091,0.1963636363636363,"12356,112061","19405,112061"
-0.2548387096774193,-0.3164874551971326,"12360,47468","12360,62251"
0.2758401019270584,0.1172161172161172,"6580,7623","6580,33452"
0.4233576642335767,-1.0,"12363,44090","12363,143578"
-0.1145427721479188,0.0578034682080924,"12368,17746","12368,67265"
0.2380074487895716,0.0533333333333333,"2032,12369","2032,67283"
-0.2651006711409396,0.0335570469798657,"12372,112071","12372,163251"
1.0,-0.0511908350919505,"12373,14279","14279,48996"
0.7569230769230769,0.0369230769230769,"10327,12374","10327,85928"
0.8972602739726028,-0.7094997022036927,"12382,39354","17169,39354"
-0.4179894179894179,0.0582010582010582,"12383,112076","12383,127780"
-0.2992424242424242,0.053030303030303,"11378,13806","13806,75120"
0.1853261680847887,0.0259740259740259,"11286,14286","10818,14286"
0.1733990147783251,-0.0206185567010309,"12392,66924","12986,66924"
0.5489829319616554,-0.1357142857142857,"12393,21842","6489,21842"
-0.2668918918918919,0.0337837837837837,"12395,13612","13612,101360"
0.0720092915214866,-0.0239520958083832,"12397,109501","9116,12397"
-0.1438979963570127,-0.912568306010929,"11850,112080","11850,21809"
-0.1984848484848485,-0.1940298507462686,"12402,43455","43455,43654"
0.2131191563117935,0.083941605839416,"5583,12403","12403,128101"
-0.2529604434366339,0.0679012345679012,"12406,98680","19427,98680"
-0.3607305936073059,0.0593607305936073,"12408,56914","12408,149930"
0.3126436781609196,-0.2129277566539923,"12411,111145","12411,18300"
0.5044137931034482,0.0689655172413793,"12416,76083","12416,16451"
0.20844327176781,-0.1263858093126385,"5243,12419","12419,36570"
0.1140215716486903,-0.0904823989569752,"12422,112092","12422,18760"
-0.1888723646225177,-1.0,"12069,90990","90990,93885"
-0.2399871147857833,-0.0979020979020979,"12428,77437","76574,77437"
-0.2423312883435582,0.0429447852760736,"12429,71776","24139,71776"
-0.3291666666666666,0.1487455726092089,"12431,19176","13255,19176"
-0.0479566305254378,-0.265625,"12433,24918","12433,26809"
0.0518090081220772,0.209205020920502,"12441,13028","13028,115272"
-0.0523824803465425,-0.3166666666666666,"7307,24806","24806,135000"
-0.2936802973977695,-0.5327934147636749,"5493,33160","5493,30929"
-0.1622325541349175,0.2222222222222222,"12452,26544","12452,114048"
-0.1259968102073365,0.0239234449760765,"7639,12454","7639,72389"
-0.2041343669250646,0.1085271317829457,"12462,25587","18243,25587"
0.5624885018703625,0.0169252468265162,"12464,21510","21510,89254"
0.1345826235093696,-0.0918460833715071,"12465,19687","19687,29321"
0.2760210803689064,-0.1457839262187088,"12470,24274","24274,55625"
0.9269195189639224,0.0175763182238667,"9418,12471","9418,57831"
-0.3110236220472441,0.0393700787401574,"12473,90110","12473,84318"
-0.2219101123595505,0.0730337078651685,"12478,45962","42485,45962"
0.091743119266055,0.1070336391437308,"12480,31158","31158,119935"
0.1702586206896551,-0.0753768844221105,"12484,68798","12484,73710"
0.0486053911474573,0.0121786197564276,"263,4167","263,3523"
-0.1343537414965986,-1.0,"12488,24973","24973,106516"
0.1318800433578224,0.0471014492753623,"12490,112103","12490,148787"
-0.1375925407565418,0.0543130990415335,"12494,18540","12494,51482"
0.3621693121693122,0.0264550264550264,"12497,13535","13535,30693"
-0.4093264248704663,0.0621761658031088,"12503,90837","90837,155991"
-0.2581699346405229,0.15359477124183,"12507,73971","22668,73971"
0.0279594288002135,-0.1064065855404438,"12510,111172","27559,111172"
-0.098503740648379,-1.0,"12512,39623","39623,124136"
-0.2106666666666666,0.0586666666666666,"12518,79543","12518,46433"
0.4131525590349602,-0.7450980392156863,"12519,65703","28493,65703"
0.0329199489035554,0.0307377049180327,"6030,12521","6030,69723"
-0.0395114942528735,0.0316091954022988,"12525,69829","69829,99420"
-0.3390557939914163,0.0858369098712446,"12529,112110","56056,112110"
-0.1811926605504587,-0.0217595859797694,"12530,48682","13118,48682"
-0.1852731591448931,0.0570071258907363,"1369,17668","1369,126859"
0.2616091954022989,-0.059040590405904,"3894,112112","13623,112112"
-0.0760975609756097,0.0185365853658536,"12536,68486","12536,79936"
0.467065868263473,0.4285714285714285,"12537,22205","22205,136506"
0.158133971291866,-0.1470588235294117,"9060,14536","9060,120449"
-0.2307692307692307,0.0976331360946745,"12540,28636","12540,82185"
-0.2215909090909091,0.065340909090909,"8655,12543","12543,18431"
-0.1662571662571662,-0.2419354838709677,"12544,17307","12544,70209"
-0.0924170616113744,0.0284360189573459,"2276,112119","2276,61124"
0.3842364532019704,-0.0599078341013824,"12546,112120","40888,112120"
-0.1835294117647058,0.028235294117647,"12548,112122","12548,152716"
0.1401305379746835,0.0210970464135021,"12550,53248","12550,100498"
0.4105263157894737,0.1158536585365853,"12551,33538","33538,133712"
-0.2837962962962963,-0.0952380952380952,"12552,19959","12552,47148"
0.0663743272872234,-0.1501605651894669,"12556,78434","12556,118238"
-0.0340902719372021,0.0727969348659003,"10243,24149","24149,56992"
-0.1327126688572471,0.0328282828282828,"12560,109081","12560,149131"
-0.1582150101419878,0.0344827586206896,"5881,112134","5881,73901"
0.2706325301204819,-1.0,"12573,43327","12573,49693"
-0.1431192660550458,-0.6381439661256175,"4537,112141","4537,26714"
-0.1049798115746971,0.0511440107671601,"12578,19086","19086,28201"
-0.0747010044062508,0.1065573770491803,"4311,79376","15277,79376"
-0.2568306010928962,-0.1646341463414634,"12580,13324","12580,32649"
-0.1247615009539961,0.0337078651685393,"8868,32332","8868,96632"
-0.1558873558873559,-0.0643274853801169,"12582,22473","12582,25224"
-0.0453425186328948,-0.1271708683473389,"12583,13263","12583,21497"
-0.1866028708133971,-0.2571428571428571,"3822,54956","3822,20439"
-0.1185410334346504,0.0212765957446808,"12588,112147","12588,75956"
0.1860078319087119,-0.1018518518518518,"12208,16076","12208,21431"
-0.4756097560975609,0.0609756097560975,"12592,112151","12592,49105"
0.2626094404263418,-0.9425675675675677,"12594,13640","13640,31738"
-0.3634278565471226,0.1136363636363636,"12595,36191","12595,127829"
-0.3046875,0.07421875,"8785,112154","8785,39788"
-0.0753484320557491,0.1010452961672473,"9934,11274","9934,31427"
0.0778788689679778,-0.8738738738738738,"12599,22939","12599,123718"
0.5031847133757962,0.1464968152866242,"12605,112156","12605,47492"
0.1621725731895223,0.0454545454545454,"5269,12606","12606,68775"
-0.1455223880597015,0.0261194029850746,"12607,16118","16118,134862"
0.1380244103449629,-0.1063548644828221,"10418,35584","17656,35584"
0.2155212716222534,0.1483870967741935,"11905,12621","12621,125177"
-0.0407081933316102,0.0547945205479452,"12625,62146","62146,67977"
-0.5306122448979592,-0.4230769230769231,"12632,73379","72408,73379"
-0.5693430656934306,0.1167883211678832,"12633,54905","54905,65147"
-0.4285714285714285,0.2210830406706695,"12634,89021","17454,89021"
-0.1911764705882352,-0.173076923076923,"12637,24861","24861,117659"
-0.0351221190230478,0.0666666666666666,"9301,12648","9301,57862"
0.0718066743383199,0.0421940928270042,"12651,44102","44102,46187"
0.7983193277310924,0.0346020761245674,"12657,112165","12657,56238"
-0.2275466284074605,0.073170731707317,"12673,18897","18897,144157"
0.5445205479452055,0.2945205479452055,"12678,78129","11734,78129"
0.2653061224489796,-0.3333333333333333,"12682,23733","12682,96057"
-0.2190056134723335,0.1511627906976744,"12687,58203","12687,28155"
0.2775800711743772,-0.0104373757455268,"12695,78811","12695,109946"
0.7845303867403315,0.0524861878453038,"12705,58424","58424,134892"
-0.3058823529411765,0.0588235294117647,"12711,58467","58467,73652"
0.1752808988764045,0.1138211382113821,"12724,29578","12724,50028"
-0.7090909090909091,-0.8818181818181818,"12731,111736","85038,111736"
-0.227405247813411,0.0444491932898814,"12734,111931","26926,111931"
0.7310344827586207,-1.0,"12735,112176","12735,99566"
-0.2150837988826815,0.0307262569832402,"12739,112180","12739,74362"
-0.0453896368829049,0.0153533529013321,"12740,72377","12367,72377"
0.2628891050583657,-0.0807692307692307,"12741,112181","12741,83142"
-0.4207650273224044,-0.7868852459016393,"12743,104584","12743,118049"
-0.2423195084485407,-1.0,"7631,15766","7631,23102"
-0.6298076923076923,-0.0398936170212766,"12685,12746","12685,23115"
0.1594897892607816,-0.2444444444444444,"12747,51221","12747,130737"
-0.0884041331802525,0.018369690011481,"12749,68459","12749,139708"
0.7264150943396226,0.1477272727272727,"12750,15388","15388,134258"
0.0242560640160039,-0.1350806451612903,"12751,36820","36820,117076"
-0.0846153846153846,0.0208791208791208,"11831,49545","11831,133736"
0.900763358778626,-0.1662425784563189,"5852,12753","5852,20375"
0.3843593229874818,-0.1888888888888888,"12755,42654","8379,12755"
-0.2042440318302387,0.0477453580901856,"12761,112189","12761,135712"
-0.1492248062015503,0.0251937984496124,"12770,21091","21091,35175"
0.4917932198189907,0.0170709793351302,"10627,12771","10627,23386"
-0.0885057471264367,-0.2318840579710145,"12773,75524","12773,48007"
0.0386688482382826,0.0986964618249534,"6845,11851","11851,36453"
-0.2223113964686998,0.1348314606741573,"12714,12777","6678,12777"
0.0415812841530054,-1.0,"12779,34861","28983,34861"
-0.2131333787775505,0.1779141104294478,"12784,112196","4305,12784"
-0.2022207470882868,0.0440528634361233,"10272,43650","10272,164899"
0.6831275720164609,0.0411383134546976,"12785,13231","13231,16900"
0.1746031746031746,0.0711974110032362,"12786,109222","12786,129478"
0.2128526645768024,-0.1913043478260869,"10659,112198","38320,112198"
0.1180555555555555,-0.2181818181818181,"12790,26814","12790,36702"
0.1120991032071743,0.2225913621262458,"12793,23200","12793,112957"
0.5746268656716418,0.0483870967741935,"12798,27551","27551,87452"
-0.048306148055207,0.015056461731493,"11510,12806","11510,127467"
-0.2711168164313222,0.1473684210526315,"12814,21165","21165,38966"
0.0947588602099613,0.1707317073170731,"12822,112205","12822,32381"
-0.5238095238095238,-0.0821917808219178,"12827,112207","11138,12827"
0.7549019607843137,-1.0,"5317,9563","9563,155701"
0.4113578449217328,0.024390243902439,"12830,15891","12830,27732"
-0.2006802721088435,-0.3629646215853112,"12076,12831","12831,13038"
-0.2361963190184049,0.0521472392638036,"12835,47734","47734,138635"
0.3875299760191846,0.0311750599520383,"11233,83306","11233,82096"
-0.1557328605200945,-0.5416666666666666,"12843,16176","12843,70427"
-0.1348314606741573,-0.110091743119266,"8685,20679","8685,45273"
-0.1430591467356173,-0.2961085972850679,"12854,69231","13062,69231"
-0.0461899602744673,0.0769230769230769,"12861,106019","12861,84242"
0.0635909327868557,0.0203850509626274,"11512,78040","61225,78040"
0.0537988581466842,0.0434782608695652,"12862,14423","12862,58103"
0.858195211786372,0.0736648250460405,"12865,50340","27106,50340"
-0.0601904761904761,-0.492063492063492,"12867,34242","12867,34612"
-0.2894736842105263,0.0977443609022556,"5497,12876","5497,42658"
-0.150390625,0.037109375,"12878,19331","19331,58316"
-0.3484162895927601,0.0452488687782805,"12884,112216","107058,112216"
-0.0243360020332952,0.0327868852459016,"12888,112217","90696,112217"
0.329059829059829,0.1428571428571428,"12912,109135","12912,66988"
-0.1041948579161028,0.020297699594046,"12920,31367","27970,31367"
0.3221757322175732,0.2142857142857142,"12928,110940","12928,16534"
-0.38,-0.5238095238095238,"12932,52809","12932,137033"
0.8351648351648352,0.0249087115284298,"12933,61216","31058,61216"
0.5241379310344828,0.27,"12937,15356","15356,42405"
-0.4198895027624309,0.0662983425414364,"12938,29559","12938,71367"
-0.0278053155832507,0.0628019323671497,"12688,12942","12688,92718"
-0.3089430894308943,0.2479674796747967,"12943,85522","12943,41438"
0.2400325769074149,-0.4933333333333333,"12945,17003","17003,28967"
-0.0759240759240759,0.0379620379620379,"12949,55369","12949,70459"
-0.3377777777777778,-0.34375,"12950,15465","15465,97655"
0.2281524341580207,0.2285714285714285,"2564,12951","12951,51743"
0.1070542586349468,-0.0408291457286432,"7947,28984","7947,25449"
-0.3304347826086956,-1.0,"12952,51995","12952,39956"
0.4197304582210243,0.0414285714285714,"12953,59735","12953,122887"
-0.1727272727272727,-0.2777777777777778,"12955,112235","12955,120225"
0.4222222222222222,0.4571428571428571,"12957,33628","12957,33542"
-0.1302073178657308,-0.6206896551724138,"7026,56441","56441,123877"
0.0064616755793226,-0.5454545454545454,"12965,29135","17855,29135"
0.1044814054207925,0.1283422459893048,"12966,108454","22187,108454"
-0.1031207598371777,0.0149253731343283,"1068,48447","1068,47372"
-0.0826086956521739,0.0119565217391304,"12973,112247","12973,28045"
-0.4578313253012048,0.0783132530120482,"12974,112248","12974,80513"
0.2183101329807916,0.0329341317365269,"12975,34790","12975,26113"
0.2289156626506024,-0.0714285714285714,"12979,18687","12979,18764"
-0.2820854427569055,0.0987654320987654,"12985,45532","45532,113556"
-0.3179916317991632,0.2343096234309623,"12988,112255","4674,12988"
0.296875,0.0745341614906832,"6111,12990","12990,152150"
0.5913978494623655,0.064516129032258,"12992,32697","32697,88405"
-0.5390070921985816,0.0992907801418439,"12996,112258","12996,76971"
0.2620689655172414,0.2537313432835821,"13002,24691","13002,134937"
-0.3568075117370892,0.0743300382002158,"13007,29087","29087,98741"
-0.0325223033252229,-0.0638297872340425,"13008,29970","29970,51823"
-0.0848214285714285,0.0111607142857142,"13013,17407","4396,17407"
0.020672268907563,0.1680672268907563,"13036,43880","26958,43880"
0.0978063664852383,0.0283687943262411,"13048,112277","13048,141232"
-0.304,0.06,"13063,55145","55145,72782"
0.1048275862068965,0.1477869467366841,"13066,112279","30409,112279"
-0.1538461538461538,0.0850202429149797,"13070,58018","24514,58018"
-0.0609625536837183,0.0668693009118541,"11400,13072","11400,50297"
0.0686046511627907,0.063953488372093,"13074,73136","13074,95006"
-0.3438914027149321,0.0678733031674208,"13085,65176","41963,65176"
-0.2338461538461538,-1.0,"13111,26515","26515,36393"
-0.2733812949640288,0.1870503597122302,"13119,112294","20275,112294"
0.5491651205936919,-1.0,"13126,53629","13126,24208"
-0.2038043478260869,0.0326086956521739,"5094,28693","2447,5094"
-0.4411764705882353,0.0588235294117647,"13130,112301","13130,149892"
-0.528169014084507,0.0226041564069733,"13131,103236","13131,34706"
-0.3177966101694915,0.2330508474576271,"895,112306","895,14296"
-0.4054054054054054,0.0594594594594594,"9102,112308","9102,157267"
0.0542447748330101,0.1568627450980392,"13134,58659","34272,58659"
-0.3787878787878788,0.0555555555555555,"13135,112310","13135,157338"
0.2873563218390804,0.202127659574468,"2074,43762","43762,134492"
0.2933171843830151,0.0227272727272727,"12885,13136","13136,92532"
1.0,0.0447427293064877,"13138,40516","40516,132777"
0.0492424242424242,-0.9393939393939394,"10974,26065","10974,65378"
1.0,-0.0621468926553672,"13139,25226","23198,25226"
1.0,-0.2463768115942029,"13147,55088","32030,55088"
-0.2066115702479339,-0.2096187411940361,"13148,41673","13148,14733"
-0.3826530612244898,0.1479591836734693,"13155,112326","13155,122978"
-0.7111111111111111,-0.0784313725490196,"13160,40179","3585,13160"
0.5208333333333334,0.303030303030303,"13165,102901","37657,102901"
-0.3554502369668246,-0.4,"13166,90515","13166,74567"
0.8010610079575597,0.0291777188328912,"13167,112328","13167,93431"
-0.1309246309246309,0.1538461538461538,"7082,111127","7082,58905"
0.0790058597696504,0.0396039603960396,"11889,14783","14783,79980"
0.3420256991685563,0.0448979591836734,"13174,25311","4489,25311"
0.7590361445783133,0.1004016064257028,"13175,112331","44729,112331"
0.4464285714285714,-0.0169270833333333,"13177,22053","13177,22432"
0.2810427968655817,0.0216998191681736,"9480,16364","13090,16364"
1.0,0.0805084745762711,"13181,14832","14832,57687"
0.352112676056338,0.0558659217877094,"13185,19790","19790,27738"
-0.6302521008403361,-0.6302521008403361,"13193,20622","13193,26332"
0.7126436781609196,0.057471264367816,"13201,112346","13201,133313"
0.0024601946041574,0.0441176470588235,"13206,42377","13206,87579"
-0.2773857344479427,0.0546448087431694,"13212,29094","13212,84274"
-0.1407129455909943,0.1050656660412758,"13216,18403","18403,114316"
-0.0333573709694035,-0.3513513513513513,"13220,32908","32908,49725"
0.0150399017802332,0.0359116022099447,"13222,31860","31860,128648"
-0.0829646017699115,-0.3684210526315789,"8447,13229","8447,9806"
-0.2697841726618705,0.0359712230215827,"13232,33999","22838,33999"
-0.2336448598130841,0.0841121495327102,"13236,40659","40659,124768"
0.3826530612244898,0.0710900473933649,"13243,35389","18709,35389"
0.0936974789915966,0.0441176470588235,"13245,78504","13245,66466"
-0.4011538461538461,0.1153846153846153,"13248,112359","13248,58551"
0.4126707890546895,-0.4347826086956521,"13254,42444","13254,125694"
-0.2727272727272727,-0.5517241379310345,"13260,44682","44682,66900"
-0.1221498371335504,0.0602605863192182,"5927,13269","5927,29392"
-0.4629629629629629,0.0617283950617283,"13271,69321","69321,106264"
-0.0835669781931464,-0.1912616822429906,"13276,21690","21690,115244"
-0.2525252525252525,0.0336700336700336,"13280,106498","79525,106498"
0.357685009487666,0.0227703984819734,"13282,112364","13282,90280"
-0.3232758620689655,-0.3333333333333333,"13290,112365","13290,42420"
0.9037227214377408,0.0154043645699614,"5696,112366","5696,81965"
0.2622377622377622,-0.1081081081081081,"13292,112368","9897,13292"
0.4888743455497382,-0.0372881355932203,"13300,112370","16663,112370"
-0.1254180602006689,0.1103678929765886,"13304,112372","13304,15410"
-0.1054633471645919,-0.1388888888888889,"13314,112375","13314,38643"
-0.0733097484276729,0.202130149812734,"8029,13322","13322,18971"
-0.1674107142857142,0.0424107142857142,"13330,112378","13330,58874"
-0.330703374181635,0.2298136645962732,"12616,112379","29615,112379"
0.0057584085852637,0.1203703703703703,"13337,112382","13337,83910"
-0.1946635985097523,-0.1769005847953216,"2634,13343","13343,76632"
0.7228464419475655,0.0674157303370786,"13347,112389","13347,117188"
0.0004187312443296,-0.052863436123348,"13050,45795","13050,32114"
0.7872340425531915,0.0450980392156862,"13348,25409","21221,25409"
-0.4933333333333333,-0.2727272727272727,"10461,43169","10461,156152"
0.4702500502108857,-0.4848484848484848,"13363,21396","13363,62549"
-0.5775718348533883,-0.0921052631578947,"2023,2286","2023,16060"
-0.1083455344070278,-0.1578947368421052,"13372,112404","13372,25890"
-0.1525773195876288,0.0268041237113402,"9139,13373","9139,70554"
-0.0256410256410256,0.0564102564102564,"13376,112410","13376,49928"
-0.133474718160509,0.1557093425605536,"13377,112412","13377,114708"
-0.2102272727272727,0.0454545454545454,"13380,76351","13380,66657"
-0.3109243697478991,-0.0763888888888889,"13382,26704","26704,37325"
0.3090964405232734,-0.002123392709685,"13384,65839","13384,23264"
-0.0618851158362424,0.072992700729927,"13387,112418","13387,72384"
0.678549248540554,-0.0171739589938702,"13398,14411","10618,14411"
-0.0733563020384725,-0.0166268418956591,"13399,13461","10323,13461"
0.0345687485701212,0.0638297872340425,"13400,63234","63234,71117"
-0.4352941176470588,-1.0,"13405,34130","34130,121405"
0.3020408163265306,-0.2142857142857142,"13407,112424","60841,112424"
0.0418294977565494,0.1088435374149659,"13416,29040","13416,37277"
-0.0877341570346751,-0.0581395348837209,"7451,112429","19622,112429"
-0.1836228287841191,0.0620347394540942,"9853,13425","9853,43582"
0.3010228273386168,-1.0,"13426,18035","18035,54908"
0.2170969592656339,0.072289156626506,"13429,27038","27038,132980"
-0.2587412587412587,0.1188811188811188,"13433,31766","31766,120262"
0.1456962188669506,0.0608465608465608,"13438,31799","31799,128578"
0.3756345177664975,0.3421052631578947,"2739,27936","27936,118309"
0.5487804878048781,0.073170731707317,"13449,36568","2652,36568"
-0.105865522174535,0.0200286123032904,"13453,19359","19359,61715"
0.3490566037735849,0.2432432432432432,"13454,112437","13395,112437"
0.2864059356136821,0.0372023809523809,"398,33942","398,113860"
0.513157894736842,0.1239495798319327,"13460,28377","27082,28377"
0.3714285714285714,0.0486486486486486,"13462,34271","34271,60457"
-0.3894736842105263,-0.4827586206896552,"8892,9911","8892,27136"
-0.0816921221864951,0.045016077170418,"13467,112439","13467,76919"
0.3331496190630572,0.0451612903225806,"13478,23624","13478,146288"
-0.2720588235294117,-1.0,"13479,27860","27860,49918"
0.2021857923497267,0.0736196319018405,"13332,13481","13481,153747"
0.2983908446613222,0.015728476821192,"13485,112446","13485,14041"
0.0127386625902946,0.0445103857566765,"13493,55098","13493,61664"
0.3821862348178137,0.0842105263157894,"13495,17158","15282,17158"
-0.1983914209115281,0.0034802591044577,"13502,44450","17781,44450"
0.3498775961462529,0.0291005291005291,"13512,19802","19802,38645"
-0.0351611831173147,0.1050847457627118,"13518,73373","35492,73373"
0.2683654729109274,0.1101928374655647,"13519,29451","27144,29451"
-0.6788990825688074,-0.2407407407407407,"13525,73547","56620,73547"
0.1898161244695898,-0.1164383561643835,"13526,112455","13526,72160"
-0.1532091097308488,0.0248447204968944,"13537,112458","35263,112458"
0.2662835959221501,-1.0,"13540,112459","23803,112459"
0.4674471730439749,0.1019417475728155,"13541,39597","25767,39597"
0.1808571600916877,0.0879629629629629,"13542,34419","13542,134048"
-0.325011944577162,-0.1351351351351351,"13556,53131","20256,53131"
-0.0416355489171023,-0.032258064516129,"12107,15430","15430,26389"
-0.0847651775486827,0.0515463917525773,"13561,110011","13561,23851"
-0.1346915676287493,-0.1308411214953271,"13562,110285","19863,110285"
0.161432683082827,0.0415094339622641,"13563,112464","99423,112464"
0.1532091097308488,0.3877551020408163,"13567,109653","13567,23721"
0.5258699633699634,0.0192307692307692,"11117,73838","11117,29504"
-0.2295597484276729,-0.0425306681611557,"13570,112468","13570,38570"
0.7044534412955465,0.0769230769230769,"13574,112471","13574,109283"
-0.2198795180722891,-0.0613481594361636,"13577,26582","26582,34274"
-0.2016574585635359,-0.8287292817679558,"13579,16319","13579,111958"
-0.065525830403733,0.0283842794759825,"7345,13835","7345,126620"
-0.25,0.184931506849315,"13584,48093","13584,112613"
1.0,0.1944444444444444,"13589,36502","36498,36502"
0.4026467625240406,-0.1524233730937641,"13596,112483","1644,13596"
-0.2383152221463944,0.0585228724763608,"1818,17033","17033,113735"
-0.4275835574337303,0.1141096899484363,"13607,32582","28931,32582"
-0.3119658119658119,-1.0,"13608,112490","13608,117065"
0.2939560439560439,-0.0971428571428571,"5241,53322","5241,33519"
-0.6293103448275862,0.0862068965517241,"13611,39157","13611,164336"
-0.3201754385964912,0.0745614035087719,"13371,17986","17986,37581"
0.1301626446679757,0.0087655222790357,"3360,55173","3360,77631"
0.2227701543739279,-0.1212121212121212,"13617,57815","13617,28130"
0.2548913043478261,0.0380434782608695,"3365,14578","14578,129457"
0.7192307692307692,-0.132523616734143,"13631,112502","13631,57491"
-0.3303167420814479,-0.018796992481203,"13633,60783","12187,13633"
0.7125984251968505,0.0787401574803149,"13635,112504","13635,31854"
-0.2546897546897547,0.2337662337662337,"13636,36144","12362,13636"
-0.0026665181830555,0.0886075949367088,"13638,36161","13638,43535"
-0.1513178035679496,0.0575344279661017,"13645,112506","22444,112506"
0.2775665399239543,0.1031746031746031,"9749,23652","23652,150945"
0.1511627906976744,-0.1219512195121951,"7379,112507","1439,7379"
-0.0246290115161761,0.0411394923211585,"6363,19567","8413,19567"
-0.061864406779661,0.0169491525423728,"13649,112508","13649,51578"
-0.1137071651090342,0.0529595015576324,"13654,54784","13654,31788"
0.0550535919922048,0.0938967136150234,"13658,112511","13658,117917"
0.2166172106824926,0.109090909090909,"13659,36267","24404,36267"
-0.250082850041425,-0.0895522388059701,"13662,112513","3333,112513"
-0.0554499366286438,-0.2258064516129032,"11350,14344","14344,20246"
-0.1536842105263157,-0.1008348457350272,"2089,112514","2089,31835"
-0.2602006120367222,0.1734104046242774,"13665,48098","13665,36311"
-0.3782383419689119,0.0673575129533678,"13668,14803","14803,150522"
-0.1087928464977645,0.0894187779433681,"13671,17093","17093,113754"
0.0594606542882404,0.0862068965517241,"13677,44173","36369,44173"
0.4807692307692308,-1.0,"13680,112520","13680,47213"
-0.3564089435057177,-0.1031746031746031,"13684,21986","21986,23230"
-0.3215859030837004,-0.0932203389830508,"13700,112524","13700,91002"
0.7896253602305475,0.0345821325648415,"13702,35275","35275,89180"
-0.4506172839506173,0.0987654320987654,"13705,30172","30172,67592"
-0.2417218543046357,0.0695364238410596,"13707,84790","13707,17704"
-0.2466216216216216,0.1452702702702702,"13710,23811","23811,68894"
0.473869921800496,0.1121495327102803,"13717,89790","13717,23416"
-0.2441471571906354,-1.0,"13719,91088","13719,93014"
-0.195187165775401,0.0401069518716577,"13721,30239","30239,144122"
0.183340958771796,0.0421940928270042,"10204,15933","15933,31694"
0.4269005847953216,-1.0,"13729,90447","13729,46046"
-0.3106382978723404,0.1106382978723404,"13730,97476","14641,97476"
-0.3316311520195015,0.266371091144505,"9692,22081","22081,27963"
-0.3318181818181818,0.0818181818181818,"13739,27873","27873,126437"
-0.1276223776223776,0.0367132867132867,"13748,50608","10500,50608"
-0.2829457364341085,0.0218566836831159,"13751,110765","25886,110765"
-0.1056439942112879,0.0188133140376266,"13753,98581","84443,98581"
-0.0735299528996173,0.0886075949367088,"13757,22684","13757,108673"
0.0702821036904848,0.0845481049562682,"3317,58710","3317,122796"
-0.2703703703703703,0.237037037037037,"13761,112534","15975,112534"
0.3705583756345177,0.0980392156862745,"13764,99058","13764,35164"
0.3031560417452534,0.1286307053941908,"13767,112536","32791,112536"
-0.109118086696562,0.0298953662182361,"13777,112538","13777,56051"
1.0,0.0409356725146198,"13780,44765","44765,147856"
-0.2068965517241379,0.0488505747126436,"13781,112542","13781,105185"
0.2805432435504035,0.0310262529832935,"13782,41178","13782,42806"
-0.7198443579766537,-0.1259259259259259,"6551,60566","60566,88137"
0.3005855562784645,-0.0250142938822184,"3507,50996","3507,33120"
0.115808329601433,0.2344827586206896,"13783,16931","16931,40601"
0.4332434860736748,0.0138364779874213,"12364,13787","12364,66615"
-0.1241379310344827,0.0655172413793103,"11134,12365","12365,12535"
-0.2182010582010582,-0.3058823529411765,"11489,20010","20010,119277"
0.5301789794364051,0.0624838124838124,"13791,34082","10184,34082"
-0.078272604588394,-1.0,"13792,28899","28899,133569"
-0.0597402597402597,0.6233766233766234,"10671,17985","4201,17985"
-0.0911702211379554,0.0618556701030927,"596,2539","2539,65692"
-0.1884816753926701,0.1570680628272251,"13796,16958","16958,86064"
-0.3769633507853403,0.0523560209424083,"13799,20770","20770,79562"
-0.1157556270096463,-0.2438025101130588,"10834,13801","10834,21248"
-0.1607142857142857,-0.2587568681318681,"9768,38142","9768,36001"
0.225,-0.1226415094339622,"13809,14514","13809,44299"
-0.2136498516320474,0.0356083086053412,"1969,112557","1969,153627"
0.1196327683615819,0.053125,"13824,14917","14917,122273"
-0.3185840707964602,0.0752212389380531,"13825,112564","13825,63058"
-0.1940700808625337,0.0350404312668463,"13827,19953","19953,80834"
-0.3211940754313636,-1.0,"3405,36942","36942,108441"
-0.2,-1.0,"13833,112568","13833,62025"
-0.0869291338582677,-0.0245040840140023,"13834,52086","14813,52086"
-0.4022346368715084,-0.0898876404494382,"13842,112573","13842,14494"
-0.3564356435643564,-0.2731307613519972,"13845,91410","13845,107766"
-0.3228699551569506,0.0493273542600896,"13850,25375","25375,132747"
-0.6990291262135923,0.1588889763731837,"13853,111139","1087,13853"
0.3,-0.0149942329873125,"7611,13854","13854,91600"
-0.1578947368421052,0.0350877192982456,"8535,112581","8535,140638"
-0.1809045226130653,0.0351758793969849,"13861,22958","22958,146724"
0.0247058823529411,0.0490196078431372,"13866,21473","21473,71829"
0.1249709639953542,0.1756097560975609,"13873,67785","30023,67785"
0.3067800914169629,-0.8954545454545455,"13879,15065","13879,47558"
-0.004885455865848,0.0409982174688057,"13880,111687","13880,47667"
0.1153882089133887,0.1298701298701298,"13885,61325","61325,119774"
-0.4705882352941176,0.0980392156862745,"13888,56078","13888,46280"
0.7142857142857143,0.0545515394912985,"4168,13897","4168,22756"
0.7983193277310925,0.0364145658263305,"5035,112589","5035,81780"
-0.0909090909090909,-0.117070707070707,"13900,112590","13900,32006"
-0.1818181818181818,0.0883838383838383,"13901,28475","28475,31071"
0.4390243902439024,0.0452830188679245,"3632,68403","3632,127130"
-0.1005586592178771,-0.2218710183279427,"13904,112591","13904,18474"
-0.2891566265060241,0.0441767068273092,"13921,112593","13921,145089"
-0.0423778974300225,0.0786267995570321,"12303,13923","12303,14172"
0.1141209044762344,0.0253807106598984,"13924,21547","13924,83517"
-0.1493808049535603,0.0309597523219814,"6074,8004","8004,30835"
0.4711369622475856,0.1151960784313725,"13925,112594","8455,13925"
0.2695003728560775,0.0704697986577181,"13929,28570","28570,131565"
-0.0561013894541015,-0.1392405063291139,"12349,111852","62830,111852"
0.3273657289002558,0.0978260869565217,"13942,112454","41057,112454"
-0.0534521158129175,0.0074239049740163,"13945,111544","13945,41126"
0.2080924855491329,-0.0847457627118644,"13949,112598","13949,15003"
-0.2834645669291338,-0.3912260967379077,"13960,29544","29544,46333"
0.2463405088062622,0.0285714285714285,"13962,110162","48424,110162"
0.0809917355371901,0.024793388429752,"13968,112599","13968,27078"
-0.0278676547333263,0.0419580419580419,"10524,13971","13971,82595"
-0.0906514006224988,0.0693641618497109,"11766,112601","24320,112601"
0.0599085365853658,-0.6878048780487804,"11288,56355","11288,52367"
-0.0595138306789606,0.0444258172673931,"6298,6542","6542,114676"
-0.1863517060367454,0.1286089238845144,"6544,112608","6544,52992"
-0.1570796460176991,0.0221238938053097,"13991,23343","23343,162946"
0.3340823970037453,0.0374531835205992,"13992,77482","13992,32914"
-0.3659793814432989,0.1855670103092783,"2997,56348","2997,3546"
1.0,-0.0863787375415282,"13995,112612","13995,24604"
-0.1670588235294117,0.068235294117647,"14001,34014","14001,122922"
0.0768775872264932,0.047752808988764,"14003,112615","14003,95356"
0.3259197324414715,-0.0421940928270042,"14006,112616","14006,16714"
-0.0979310344827586,0.08,"11638,83901","11638,113968"
0.2089411729822688,0.0162337662337662,"4877,110071","4877,18488"
-0.1102484472049689,0.0388198757763975,"14008,17181","14008,126155"
-0.0971272229822161,0.0191518467852257,"1992,57534","1992,145597"
0.1832276250880901,0.0380549682875264,"14010,47094","14010,51245"
0.1690561448550773,-0.8725761772853186,"2170,23070","23070,116214"
0.5988700564971752,-1.0,"14020,112619","14020,84305"
-0.3514851485148514,-0.2666666666666666,"10420,63419","10420,47136"
0.6704357418643133,0.0328185328185328,"9849,14021","9849,98941"
-0.1554703857482522,0.050179211469534,"14022,40576","14022,75292"
0.8658536585365854,0.1217948717948717,"3884,55747","55747,58615"
-0.0913770913770913,0.0193050193050193,"14026,16357","16357,70790"
0.3183856502242152,-0.25,"14029,19935","14029,38581"
0.8765432098765432,-0.1506849315068493,"5785,14035","14035,99163"
0.2113095238095238,0.1220930232558139,"14043,18341","18341,91627"
-0.1062874251497006,0.0404191616766467,"14053,68286","14053,124594"
-0.130718954248366,-0.8562091503267975,"14057,112636","14057,99363"
-0.3776595744680851,-0.0476190476190476,"14069,14327","14327,35279"
0.1342895182764463,0.074074074074074,"14070,31909","14070,27548"
0.5071428571428571,0.1328405017921147,"14071,28545","28545,34517"
-0.0482948224899087,-0.2141849779354897,"14080,65017","12517,14080"
-0.0483870967741935,0.075268817204301,"14083,49539","49539,59133"
-0.1894603934077618,-0.0362903225806451,"14092,67619","12298,14092"
-0.1553610503282275,0.1006564551422319,"389,95699","389,22978"
-0.2063953488372093,0.0029805710921401,"14093,50742","2569,14093"
-0.1307550644567219,0.0239410681399631,"11802,14102","11802,19821"
-0.5461538461538461,-0.0865384615384615,"14103,21426","21426,107297"
-0.1217838765008576,0.0514579759862778,"14108,107188","14108,122028"
-0.2093791633359978,-0.2740740740740741,"14114,29169","29169,32701"
-0.290983606557377,0.0573770491803278,"14115,39064","39064,76878"
-0.3939285714285714,0.0892857142857142,"14120,104066","74494,104066"
0.229734739270121,-0.0515189404464203,"14126,16166","14126,98930"
-0.1834625322997416,-0.3908010335917313,"14139,19653","19653,61712"
0.4128100423472474,0.0326678765880217,"13291,14143","13291,60752"
0.2162753036437247,0.0465587044534413,"14144,29457","18128,29457"
-0.4930555555555556,-0.0990415335463258,"14148,14230","13168,14230"
-0.6698113207547169,-0.2080536912751678,"14152,112655","14152,117374"
-0.285140562248996,-0.0274223034734917,"14166,83226","7283,83226"
0.3256880733944954,-0.6626506024096386,"8268,40848","8268,9488"
-0.032216821104866,-0.5102040816326531,"14181,29413","14181,43511"
0.4837045762832869,0.0493709189361363,"14183,112661","14183,111644"
0.204174642238629,0.0483091787439613,"14185,112662","14185,44302"
0.3641025641025641,0.1214953271028037,"14192,48699","14192,90385"
-0.2398648648648648,0.0337837837837837,"14193,83827","83827,167598"
-0.0884184308841843,-1.0,"14194,23813","21081,23813"
-0.3073593073593073,-0.053266821478742,"14196,38123","38123,53231"
0.6826923076923077,-0.0408653846153846,"14202,110283","14202,47711"
0.4930555555555556,-0.1694915254237288,"14203,112664","14203,56082"
-0.2022792022792023,-0.1333333333333333,"14208,91269","14208,84610"
-0.2600732600732601,0.0695970695970696,"14209,69981","58647,69981"
0.4965034965034965,-0.0709459459459459,"14210,109334","37365,109334"
0.2034383954154728,-0.0289017341040462,"14216,84806","14216,15562"
0.124126552795031,0.0290178571428571,"14220,30433","30433,84860"
-0.1116352201257861,0.0220125786163522,"14222,29586","29586,79224"
0.7215686274509804,0.0666666666666666,"14223,69701","35792,69701"
0.0130726152428666,0.0088105726872246,"5360,53349","5360,76970"
1.0,-1.0,"13341,57915","56119,57915"
0.375,-0.293103448275862,"14233,112672","14233,26346"
-0.5821678321678322,0.1346153846153846,"14234,50011","14234,82625"
0.1898338870431893,-0.4274603174603174,"14237,23278","23278,113946"
-0.0484230981329271,0.0145159996792044,"14239,34104","14239,14742"
-0.2516051963565776,-0.4545454545454545,"14241,19478","14241,41188"
-0.0759219088937093,-0.039496453727851,"13406,112680","6070,13406"
0.0983994266602962,0.0428571428571428,"14247,16450","16450,88607"
-0.5035971223021583,-0.3902510644545588,"14250,61246","14250,52050"
-0.267628205128205,-0.1008403361344537,"14251,76229","14251,42517"
-0.4242424242424242,0.1393939393939394,"14252,112684","14252,128052"
-0.3056171470805617,0.0367494993927059,"14253,112685","14253,19831"
0.1192754965524338,-0.0165912518853695,"14254,42131","12726,14254"
-0.3825136612021858,-0.0339425587467362,"14258,112689","14258,29902"
-0.660377358490566,-0.0180451127819548,"14260,112690","14260,32845"
0.4895104895104895,-0.0357509408142319,"14261,112691","39970,112691"
0.1447963800904977,0.1691176470588235,"14262,15468","10491,15468"
-0.2991923130483219,0.0988372093023255,"14268,23522","14268,129929"
-0.1323251417769376,0.0434782608695652,"10886,112695","10886,119769"
-0.2571428571428571,0.0816326530612244,"14273,69202","14273,84663"
-0.3043478260869565,0.0521739130434782,"9179,112698","9179,153090"
0.1057947900053163,-0.2609649122807017,"2287,14280","14280,29239"
0.7777777777777778,0.232,"14281,31112","28622,31112"
-0.1425661914460285,0.0264765784114052,"10824,14284","10824,149163"
0.1204823653336238,-0.062111801242236,"10683,14287","7844,10683"
0.7388059701492538,0.0671641791044776,"14295,112706","14295,22489"
-0.0960219478737997,-0.1186556927297668,"12194,112710","12194,47359"
-0.6306306306306306,0.1441441441441441,"14297,19560","18135,19560"
-0.2333333333333333,0.04,"14300,112712","14300,51963"
-0.5384615384615385,-0.46010989010989,"14304,87189","14304,17991"
0.7594268476621417,-0.0341880341880341,"14313,112718","23991,112718"
-0.2456140350877192,-0.1214297425807509,"1343,67526","1343,32048"
-0.086848635235732,0.0607940446650124,"103,112719","103,115421"
0.0662205001761183,0.3722402346765477,"1657,3702","3702,4080"
-0.2405498281786941,0.0549828178694158,"14315,35413","35413,140543"
0.051945181255526,-0.0607798904286174,"14316,112721","49664,112721"
-0.1842105263157894,0.1605263157894736,"14317,40291","16687,40291"
0.7112105711849956,0.0579710144927536,"14322,112723","14322,37234"
0.4635761589403973,0.1065573770491803,"11867,32740","11867,41855"
-0.2243589743589743,-0.0590533895328415,"14323,16096","16096,29458"
-0.0973574408901251,0.0528511821974965,"5618,14329","5618,118577"
-0.1424682395644282,-0.1630434782608695,"14340,15358","8960,14340"
-0.35,0.055,"14343,112732","14343,86109"
0.2941176470588235,-0.0346020761245674,"14345,71824","14345,16479"
-0.3457943925233645,-0.0974842767295597,"14354,72519","14354,19000"
-0.5303030303030303,0.2725138711054204,"14355,112736","16417,112736"
0.047342911545785,0.1226415094339622,"14358,32097","14358,20954"
0.6446700507614214,-0.0200803212851405,"1954,2036","2036,5361"
0.1375457875457875,0.0732600732600732,"14363,57689","36941,57689"
0.1405622489959839,-0.1157894736842105,"14366,49799","14366,83173"
-0.3043478260869565,-1.0,"14367,89999","89999,144093"
0.2114803625377643,-1.0,"12250,23032","12250,70773"
-0.2347535505430242,0.0865614820047882,"14376,61978","39115,61978"
0.1205175224123879,0.0342298288508557,"14380,27691","27691,77254"
-0.4294478527607362,-0.0990990990990991,"14383,35252","35252,94906"
-0.1018922852983988,0.1004366812227074,"14388,21976","14607,21976"
-0.2866666666666666,-0.0864406779661016,"13054,14396","14396,55046"
0.015075236337193,0.1129943502824858,"14397,28478","14397,54661"
0.1788863331416523,0.0051874455100261,"14402,34136","12152,14402"
-0.2364864864864864,0.0371621621621621,"14405,77701","77701,129421"
-0.3098870056497175,0.1864406779661017,"13733,14407","13733,50181"
0.0344733027774513,0.1492537313432835,"14175,112749","34015,112749"
-0.1151315789473684,0.0740131578947368,"14424,17809","14814,17809"
0.1161199095022624,0.0477941176470588,"3335,14429","11442,14429"
0.9624217118997912,0.0542797494780793,"14430,112753","14430,111770"
-0.0958904109589041,0.0178082191780821,"14436,16840","16840,121038"
-0.3431372549019608,-0.2608695652173913,"14453,25856","25856,88581"
-0.3414634146341463,-0.3034146341463414,"14461,112666","26075,112666"
0.1708333333333333,0.2222222222222222,"14462,74083","14462,54484"
0.8641975308641975,0.4324324324324324,"14466,112760","14466,119809"
0.866412213740458,0.0362595419847328,"14470,28751","28751,58836"
0.0652173913043478,0.062111801242236,"14483,112761","58950,112761"
-0.6272727272727273,-0.136986301369863,"14485,112762","14485,21786"
0.1024086378737541,0.0928571428571428,"14487,38385","14487,123457"
-0.1785647716682199,0.1241379310344827,"7898,33326","7898,30049"
0.7090984726926962,-0.6410256410256411,"14491,22238","22238,78263"
0.9138576779026216,0.0574282147315855,"14492,25712","14492,116007"
-0.3709677419354839,0.0698924731182795,"14493,112769","14493,148374"
-0.1769230769230769,-0.0216500816090138,"4883,42424","4883,4953"
0.3343195266272189,-0.0482315112540192,"14495,112774","14495,31807"
0.2242445271591697,0.2557251908396946,"14499,112777","14499,112973"
-0.1674757281553398,-0.2682926829268293,"4847,112779","4847,103051"
-0.3013100436681222,0.1135371179039301,"14506,71085","14506,41544"
-0.1051829268292682,0.0579268292682926,"1204,77662","1204,118450"
0.1239212513484357,0.0776699029126213,"3533,14510","14510,127124"
-0.2464285714285714,0.0964285714285714,"14515,50144","14515,101413"
-0.0805134189031505,0.0186697782963827,"2113,26461","2113,46003"
0.118552036199095,-0.421875,"14371,24198","11197,14371"
-0.0349439775910364,0.103641456582633,"7818,11304","11304,118894"
-0.575,-0.0517241379310344,"14533,95341","14533,114503"
-0.5348837209302325,0.3023255813953488,"14538,112801","14538,118170"
-0.2490974729241877,-0.0936669185346878,"14541,63427","14356,63427"
-0.5073529411764706,0.2205882352941176,"14546,36132","24920,36132"
-0.2584269662921348,-0.1226591760299625,"14551,112806","14551,31724"
0.0170530304802451,-0.0421052631578947,"4007,111702","4007,5238"
-0.0482180293501048,0.010482180293501,"13439,110655","13439,40432"
0.6634615384615384,-0.3773584905660377,"14564,54489","54489,126493"
0.1876895628902765,0.0514695830485304,"14576,14577","14577,72376"
-0.0735607675906183,0.0106609808102345,"356,648","648,24170"
0.4609375,-0.1294117647058823,"9337,14584","9337,115047"
-0.3670212765957447,-0.0072188449848024,"14585,39211","14585,14608"
0.2,0.0858585858585858,"11223,14588","11223,64168"
0.7263157894736842,-0.2615384615384615,"14590,112824","14590,134875"
0.0772922455165445,0.1486486486486486,"12804,45713","12804,13437"
0.2371134020618556,0.050632911392405,"14602,112829","69867,112829"
-0.0718276856524873,0.0924657534246575,"14603,30124","30124,124792"
0.1597731702994861,-0.6444444444444445,"14613,20102","20102,37195"
0.0866834170854271,0.8593155893536122,"14619,106635","17455,106635"
0.2395414320193081,0.0442477876106194,"14620,21513","2916,14620"
0.425,-0.0769230769230769,"14628,21146","12015,21146"
-0.2421052631578947,0.0350877192982456,"14631,32088","32088,103393"
-0.3432835820895522,-0.0897435897435897,"14635,106107","37040,106107"
-0.3179723502304147,0.0737327188940092,"14640,98001","68863,98001"
-0.1932773109243697,0.0476190476190476,"14644,19310","19310,64998"
0.7228915662650602,0.2088353413654618,"14649,97617","20181,97617"
-0.1163575042158516,0.0303541315345699,"14658,84205","14658,61645"
0.6905829596412556,0.0448430493273542,"14668,20270","9951,20270"
-0.209090909090909,0.0787878787878787,"14685,35708","35708,42933"
0.4,-0.7391304347826086,"14692,112852","11332,112852"
-0.372972972972973,0.054054054054054,"14694,112854","100907,112854"
-0.2211538461538461,-0.8653846153846154,"14696,112057","25858,112057"
-0.2411347517730496,0.0354609929078014,"14700,112858","14700,162006"
0.0818713450292397,-0.0291479820627802,"14013,108542","14013,33136"
-0.0432294977749523,0.0089001907183725,"14707,112868","14707,20593"
1.0,0.0681818181818181,"14708,32468","23525,32468"
0.2511923688394277,-0.0094251923772142,"14712,57329","14712,22142"
0.200862165074882,0.0422163588390501,"6212,51195","6212,66220"
-0.2,0.2995203836930455,"3156,14716","2515,14716"
-0.1725888324873096,-0.2702702702702703,"5393,34505","5393,9022"
0.0085297418630752,-0.0651093404716593,"6269,15500","6269,27137"
-0.3333333333333333,0.0637254901960784,"14717,25907","25907,80005"
-0.0481245576786978,0.019108280254777,"14723,112873","14723,124354"
0.4162162162162162,0.0405405405405405,"14728,66422","14728,142466"
0.0937756062031501,-0.3664987405541562,"8146,19033","19033,114698"
-0.2118380062305296,-0.082760242167754,"14730,112880","14730,26104"
-0.1199294532627865,0.019400352733686,"3960,112883","3960,24370"
-0.2666666666666666,0.0734102986989188,"14735,102781","14735,15762"
-0.1531531531531531,0.0945945945945946,"14736,112886","14419,14736"
-0.6201117318435754,-0.1578947368421052,"14739,26860","14739,26026"
0.3118047484642204,0.0662460567823343,"14745,112891","14745,106823"
0.1352918925734459,0.1818181818181818,"12188,42578","42578,113877"
-0.0218346608074704,-0.2590567327409432,"8828,112895","20824,112895"
0.289739767966484,0.0754310344827586,"14754,101280","14754,30501"
-0.3045454545454545,-0.7058823529411765,"14755,74148","14755,48358"
0.1581395348837209,-0.0127134724857685,"14762,112899","14762,19625"
0.0001619937694704,0.0311526479750778,"14767,33697","33697,101713"
-0.1467236467236467,0.0393356643356643,"1377,29394","22332,29394"
0.3805803571428571,-0.1882440476190476,"14774,29465","14774,116034"
0.6304347826086957,-0.2798250265111347,"14776,112901","14776,111693"
0.2609649122807018,-0.0789473684210526,"14779,76877","14779,113851"
-0.3366336633663366,0.297029702970297,"14781,17052","17052,88620"
0.1273270036071147,-0.9157303370786516,"14673,31345","31345,125475"
-0.1395462606249617,0.1265822784810126,"5202,14784","14784,87586"
-0.1847826086956521,0.0679347826086956,"14794,22968","22968,73319"
-0.2463768115942029,0.0398550724637681,"14795,112909","14795,17487"
-0.2687747035573122,0.0434782608695652,"14801,26171","25336,26171"
-0.1626794258373205,0.055023923444976,"14802,112913","14802,61584"
0.210904255319149,0.1375,"14810,112916","14810,20615"
-0.2753036437246963,0.048582995951417,"14820,52174","52174,88687"
-0.260279212086441,0.0555555555555555,"3035,112920","30492,112920"
0.3553492916463117,0.0573033707865168,"14824,88864","14824,54177"
0.0694132334581772,0.0539325842696629,"14834,34083","34083,127639"
-0.0178387913183526,0.0610169491525423,"14839,109508","14839,51794"
-0.0829287298447521,0.072289156626506,"620,16795","16795,42326"
-0.3177570093457944,0.0560747663551401,"14850,29346","29346,62113"
-0.2777777777777778,0.1176470588235294,"14852,108506","68555,108506"
0.0169590643274853,0.1555555555555555,"14856,112929","14856,39346"
-0.2753036437246963,0.1012145748987854,"14858,25744","25744,44187"
0.6090909090909091,0.0933321876611101,"14864,33128","19504,33128"
-0.2344827586206896,0.0586206896551724,"14871,42582","42582,73249"
-0.145053297459385,0.037174721189591,"14872,44264","44264,167461"
0.0672078124028114,-0.5,"14881,112939","16536,112939"
-0.2834757834757835,-0.0684931506849315,"14884,112940","14884,15864"
-0.6126126126126126,-0.0472440944881889,"14890,34341","4555,34341"
0.679245283018868,-0.6731805929919137,"14900,112945","16997,112945"
-0.0063585228662264,0.2411347517730496,"14901,35587","14901,31586"
0.7157894736842105,-0.0416666666666666,"14908,73989","14908,17238"
0.7704918032786885,0.1639344262295081,"14909,112949","2461,112949"
-0.2509225092250922,0.0996309963099631,"14919,112950","15244,112950"
-0.4171779141104294,-0.2982456140350877,"14927,62083","62083,64025"
0.140952380952381,0.1384922901199314,"14930,112955","16293,112955"
-0.2575757575757575,0.0454545454545454,"14935,37014","37014,91937"
-0.1212121212121212,0.0463458110516934,"14936,112882","43003,112882"
0.1738185768604019,0.1064638783269961,"14937,16506","14937,80079"
1.0,-0.3877551020408163,"14941,24591","24591,28058"
-0.3180461329715061,-0.1063829787234042,"13572,14943","14943,20560"
1.0,-0.2631578947368421,"7269,52843","52843,70672"
0.2617210109974918,0.0657276995305164,"8637,25878","25751,25878"
-0.275,-0.1769230769230769,"14947,112965","14947,48488"
1.0,0.0650398929412362,"7681,14954","7681,13894"
-0.3130841121495327,0.0467289719626168,"14955,45598","14955,100194"
-0.1089430894308943,0.089430894308943,"7591,112970","7591,18637"
-0.3722222222222222,-0.5454545454545454,"14957,112974","14957,85730"
-0.1871508379888268,-0.1144350333393404,"5306,112976","5306,44946"
-0.0964121818940342,-0.0770791075050709,"14959,72802","14959,17549"
0.5929203539823009,0.2413793103448276,"14962,45107","45107,80775"
0.0419691470054446,-1.0,"14964,112981","14964,81785"
0.3039003074931218,-0.303030303030303,"5195,14965","5046,5195"
-0.1209386281588447,0.0180505415162454,"14966,68960","14966,138141"
0.0414394765539803,0.1571428571428571,"14967,112984","28437,112984"
-0.3850574712643678,0.1666666666666666,"14968,72899","14968,117508"
0.2795698924731182,-0.0758620689655172,"10996,14977","10996,96330"
0.2463235294117647,-0.1666666666666666,"14978,70621","67330,70621"
0.7759197324414716,0.0568561872909698,"14979,71538","14979,137734"
-0.2392857142857143,0.0714285714285714,"14980,112989","14980,132258"
-0.2310344827586206,0.1206896551724138,"14981,101032","14981,48301"
0.0695852534562211,0.0516129032258064,"3606,14982","3606,27892"
-0.5275590551181102,0.1259842519685039,"14992,21796","14992,24011"
0.0971116154322261,-0.17581106870229,"6104,31000","31000,129887"
-0.0823095823095823,-1.0,"11717,40201","11717,128963"
0.0402519752295537,0.0246636771300448,"15005,17674","17674,50833"
-0.5193798449612403,0.0930232558139534,"15010,65178","15010,154164"
0.0267932067932067,0.0276923076923076,"7857,15013","7857,41954"
0.1568021788229042,0.0323834196891191,"1568,31353","1568,114400"
-0.1024509803921568,-0.0723684210526315,"15023,64397","15023,64512"
0.5484864800191434,0.0619765494137353,"15026,17050","17050,118940"
0.1259578544061302,0.0589080459770114,"15030,15821","15821,117599"
0.1140790742526519,-0.0466366450886574,"10136,15953","15953,24836"
-0.1822610294117647,0.0859375,"3796,21183","3796,159552"
-0.4596774193548387,-0.0440771349862259,"15034,20019","13643,15034"
0.0355020796197266,0.0555555555555555,"9992,15037","15037,84074"
-0.041383570105003,0.0092649783817171,"15038,91819","15038,48748"
-0.2048929663608562,0.0581039755351682,"15045,24142","24142,57257"
-0.2294520547945205,0.1095890410958904,"15050,113013","15050,33927"
0.3018018018018018,0.0335570469798657,"15062,18443","15062,44633"
0.1716394716394716,0.0141414141414141,"15063,35458","35458,76945"
0.4246937459703417,0.0910414333706606,"15064,113021","15064,22870"
-0.2913043478260869,0.0956521739130434,"15067,113023","15067,31352"
-0.0140320176291399,0.1081081081081081,"7007,15070","7007,50176"
-0.0902964959568733,-0.2872545244512899,"3209,113024","3209,70066"
-0.1334661354581673,0.0398406374501992,"13747,15073","12482,13747"
-0.2745901639344262,0.040983606557377,"15074,61314","15074,31442"
-0.0973837209302325,0.0188953488372093,"15085,46421","15085,80353"
-0.1096563011456628,-1.0,"2219,15087","2219,64328"
0.1316306483300589,0.1692307692307692,"15091,16585","15091,95243"
0.4557823129251701,0.3076923076923077,"15096,113028","23393,113028"
0.67,-0.1739130434782608,"15101,113030","36102,113030"
0.4468864468864468,-0.3435897435897436,"8000,113033","8000,113221"
1.0,-1.0,"15119,113034","15119,96991"
-0.121882951653944,0.1565217391304347,"15124,113035","18901,113035"
0.1537698412698412,0.2155555555555555,"15126,18941","15126,21636"
-0.3641304347826087,-0.3548387096774194,"15135,113038","15135,92357"
0.4099758648431215,-0.3035209941630578,"15141,113041","15141,20613"
0.3612914862914863,-0.2681159420289855,"15148,83800","15148,25696"
0.6954545454545454,0.0772727272727272,"15155,113045","65098,113045"
0.3564749883122954,0.259054895302773,"15160,27283","15160,27034"
-0.6320754716981132,-0.1294964028776978,"15161,44679","44679,61485"
0.0808268270830667,0.0232945091514143,"15163,61610","58426,61610"
-0.2791666666666667,-0.0806372549019607,"15175,113051","15175,48381"
0.0300596468434417,-0.0412371134020618,"15190,113054","31380,113054"
0.4836065573770491,-0.050103636706237,"15198,110796","65785,110796"
-0.185595567867036,0.0277008310249307,"15203,110890","16994,110890"
0.6898148148148149,0.0601851851851851,"15205,112751","85170,112751"
-0.1602870813397129,-0.0268145794461583,"15208,113056","74262,113056"
-0.2294520547945205,0.047945205479452,"15209,65949","65949,79531"
-0.2603394692804207,-0.4324324324324324,"15212,68724","68724,69273"
0.1410422608244749,-0.1615384615384615,"10959,19994","10959,22422"
0.4925373134328358,0.1126348117991572,"15213,32588","8294,32588"
0.007177033492823,-0.1282051282051282,"4091,113059","4091,122430"
-0.1161971830985915,0.0545774647887323,"10086,65414","10086,121582"
-0.2453531598513011,-0.0945619273975663,"4762,15218","4762,114982"
-0.191860465116279,-0.3733333333333333,"15043,113062","15043,67915"
-0.4948849104859335,0.3529411764705882,"215,34047","215,29699"
0.0796178343949044,0.0636942675159235,"15221,24659","24659,162677"
-0.3384615384615385,0.0769230769230769,"5530,113064","5530,142293"
0.0684210526315789,0.1824561403508772,"3976,113066","3976,13176"
1.0,-0.0689655172413793,"9046,15224","9046,43429"
-0.1976047904191616,0.0329341317365269,"1537,58021","1537,157542"
0.928082191780822,0.1061643835616438,"15233,35457","35457,122057"
-0.1056,0.0224,"15234,113073","15234,145404"
-0.2619047619047619,-0.2439024390243902,"2385,4035","2385,121956"
0.41999141999142,-0.8031746031746032,"15242,20412","16382,20412"
-0.2523524379811805,0.2215568862275449,"15243,28889","28889,48223"
0.3858238947753014,0.042016806722689,"15246,17554","17554,107299"
0.0343772074405462,0.1751824817518248,"9178,65745","9178,127110"
-0.2346153846153845,-0.0845771144278607,"7875,44387","7875,27032"
-0.4099378881987577,0.3354037267080745,"15250,113080","15250,114562"
0.0838627700127064,-0.146551724137931,"5213,10825","10825,32000"
-0.3952095808383233,0.059880239520958,"15255,15336","15255,164119"
0.7079646017699115,0.0530973451327433,"11025,113088","11025,57766"
-0.0959302325581395,0.0261627906976744,"15264,113092","15264,59624"
0.6544502617801047,0.0732984293193717,"15267,28029","28029,146161"
0.0295454545454545,0.0909090909090908,"15273,38699","15273,48961"
0.0514089191692137,0.0124826629680998,"1821,84091","1821,9430"
-0.3027316179202061,0.0671140939597315,"15283,50398","15283,87856"
-0.2568093385214007,-0.0332854001015056,"9514,35206","31888,35206"
0.8461538461538461,0.238095238095238,"15293,113100","42544,113100"
-0.1692307692307692,0.1051282051282051,"15295,113102","15295,117585"
0.1865702627246044,-0.9573770491803278,"15296,28328","28328,51205"
0.514602053915276,-0.1833333333333333,"15297,28282","28282,53535"
0.0416460498103249,0.0260047281323877,"1178,15301","1178,98289"
0.0409343715239154,-0.0980392156862745,"15327,67863","5023,67863"
0.0416921508664627,0.1697247706422018,"15331,40597","15331,29185"
-0.3567567567567568,-0.15,"7738,15332","7738,22941"
-0.3096774193548387,-0.3010752688172043,"15333,56007","38880,56007"
-0.0888009049773755,0.1176470588235294,"15337,30076","30076,34018"
-0.1935483870967742,0.032258064516129,"15340,17118","13863,17118"
0.3428571428571428,-0.1679653679653679,"15347,68254","15347,60078"
0.5012987012987014,-0.1746031746031746,"15348,109848","15348,68015"
-0.3548387096774194,0.064516129032258,"15359,68408","68408,89333"
0.4065524944154877,0.1772151898734177,"15368,19268","15368,118328"
0.4714285714285714,0.2941176470588235,"15369,53030","10821,15369"
-0.3666666666666666,0.0045351473922902,"15372,105838","41367,105838"
-0.0298301142105363,0.047486033519553,"9431,36880","36880,139047"
0.2666953035509737,0.0247422680412371,"15385,83586","83586,119177"
0.1490566037735849,-0.1505376344086021,"1607,3730","3730,36661"
-0.1556603773584905,-0.3518518518518518,"15389,58149","46340,58149"
0.1341674354243542,0.06640625,"15393,19321","15393,65063"
0.4680851063829787,0.0965396917708636,"12667,113131","3199,12667"
-0.2231024789164324,-0.2280701754385964,"15400,113132","43669,113132"
-0.1513761467889908,0.0229357798165137,"15404,28644","28644,107153"
-0.3219512195121951,0.0780487804878048,"15418,69380","69380,85151"
-0.063953488372093,-0.3737209302325581,"15419,16878","16878,33308"
-0.1941675895164267,-0.1864406779661017,"6853,109543","9286,109543"
0.3952095808383233,0.0891089108910891,"15423,84562","15423,78726"
-0.2198782961460446,0.1034482758620689,"15426,98905","74021,98905"
-0.33,0.17,"15433,113136","15433,32354"
-0.2481203007518796,0.1165413533834586,"15436,35712","35712,122127"
0.201863354037267,-0.6153846153846154,"6286,16854","16854,103913"
0.2777777777777778,0.1089108910891089,"15454,87742","87742,148300"
0.0563774129532744,0.0995850622406639,"15455,37470","15455,34182"
-0.1156583629893238,0.0747330960854092,"15456,102167","15456,117138"
-0.0836550836550836,0.0694980694980695,"9697,87428","9697,114537"
0.2242774566473988,0.0809248554913294,"15460,27529","15460,145057"
-0.1090604026845637,-0.1645569620253164,"6750,13466","6750,24884"
0.8666666666666667,0.1328502415458937,"15463,21285","18681,21285"
-0.2233676975945017,-0.2410407461953853,"9129,103237","9129,46861"
0.2965063520871143,0.1381578947368421,"15464,43556","15464,130579"
-0.2264808362369338,0.048780487804878,"6762,113158","6762,105468"
-0.2296819787985865,-0.1505376344086021,"15210,113159","15210,18621"
1.0,0.1916167664670658,"4784,13798","13798,57632"
0.2273629561765155,0.1073446327683615,"15471,113165","15471,113612"
0.736842105263158,0.0566801619433198,"15472,113166","15472,47745"
-0.3651685393258427,0.0730337078651685,"15473,106679","15473,77554"
0.1763217252571931,-0.6077735599933982,"15475,24321","15475,113966"
-0.5603448275862069,0.1896551724137931,"15476,26127","26127,129396"
-0.0402476780185758,0.0235294117647058,"308,113172","308,118449"
-0.4961832061068702,-1.0,"15486,113176","15486,78001"
1.0,-0.575,"15488,55341","48105,55341"
-0.2264808362369338,-1.0,"7987,33910","7987,127439"
-0.2313167259786477,0.0498220640569395,"5472,15492","5472,70669"
-0.1072607260726072,0.0231023102310231,"15496,58831","15496,145849"
-0.2838427947598253,-0.1055312954876273,"15499,40101","40101,136699"
0.2089201877934272,-0.1532258064516129,"15501,54130","15501,91717"
0.3659420289855073,0.0260869565217391,"15505,73269","15505,86598"
-0.2145214521452145,0.0396039603960396,"15506,113184","15506,150414"
-0.1940298507462686,0.0298507462686567,"15508,20372","20372,26270"
-0.4113924050632911,0.1012658227848101,"15510,113185","15510,140295"
-0.2363636363636363,0.0472727272727272,"15515,17008","17008,149648"
-0.1706036745406824,0.0551181102362204,"15517,113189","15517,130991"
-0.1504629629629629,0.0393518518518518,"12783,113191","12783,137996"
-0.1103565365025466,0.0747028862478777,"14045,113194","6292,14045"
0.1766283524904214,0.0488888888888888,"15522,113195","15522,41607"
-0.3269053573779124,-0.2083333333333333,"10413,15523","15523,114384"
-0.0644793802688539,-0.0485074626865671,"15532,24079","24079,55037"
0.8793103448275862,0.1551724137931034,"15536,27295","27295,61439"
-0.4037267080745341,0.1428571428571428,"5456,111257","5456,18158"
-0.2777777777777778,0.2692307692307692,"15537,16086","16086,113415"
0.1221804511278195,0.3317010857994464,"15541,63505","22402,63505"
-0.2549019607843137,-0.1582150101419878,"15543,113203","15543,36206"
-0.1023866033755274,-1.0,"7087,113204","7087,151366"
-0.2954545454545454,0.1227272727272727,"15544,29082","29082,124663"
0.1188765714993497,0.0539419087136929,"11904,15546","11904,41962"
-0.4037267080745341,0.0807453416149068,"11592,113205","11592,29203"
-0.0356858638743455,0.0950748299319727,"15549,20438","19158,20438"
-0.0775656324582338,0.0310262529832935,"11408,15553","15553,23709"
-0.0986029889538661,-0.1578483245149911,"15558,76627","36562,76627"
0.6408839779005524,0.1325966850828729,"15559,45495","45495,127512"
-0.1329243353783231,0.0224948875255623,"15560,113207","15560,159934"
-0.1446641156462585,0.078125,"15563,37743","37743,71957"
0.425103543488265,0.0471698113207547,"15577,95606","15577,166506"
-0.3042471042471042,-0.1078431372549019,"15579,76998","15579,44880"
-0.1675257731958762,0.1262886597938144,"15581,21470","21470,54811"
0.1484018264840182,-0.031055900621118,"407,4429","407,17185"
-0.2241379310344827,-0.0299145299145299,"8277,15583","8277,19644"
-0.2288732394366197,-0.1234567901234567,"15588,57569","22797,57569"
-0.0863802083333333,0.1187012987012987,"15595,19238","15595,34894"
-0.2742616033755274,0.0548523206751054,"15608,20099","18896,20099"
-0.1368004522328999,0.1366120218579235,"15615,96498","15615,44041"
0.7831325301204819,0.0891089108910891,"13442,23679","13442,60231"
-0.3571428571428571,0.0879120879120879,"15634,57938","57938,58991"
-0.2117263843648208,0.1530944625407166,"15649,17504","17504,115968"
0.1993865030674846,0.3114754098360656,"1614,22602","1614,28154"
-0.0746268656716417,0.0241102181400688,"15660,90190","15660,48797"
0.1604938271604938,-0.0185185185185185,"15661,85003","65783,85003"
-0.2642276422764227,0.1869918699186991,"15669,113232","15669,23174"
0.1329243353783231,-0.0516129032258064,"15670,113233","15670,16551"
-0.1585497835497835,-0.1307692307692307,"15682,38130","15682,22301"
0.8900169204737732,0.0575296108291032,"15684,24467","24467,32225"
-0.1264591439688716,0.036964980544747,"15688,24401","24401,58456"
-0.0940665701881331,0.0231548480463096,"15694,69299","69299,141541"
0.0808989687333086,-0.2040816326530612,"15695,84348","15695,46144"
-0.1181818181818181,0.0345454545454545,"15698,78892","58601,78892"
0.0138525305410122,0.094240837696335,"15705,113241","49324,113241"
0.8165137614678899,0.0963302752293578,"15709,113244","15709,131043"
0.7506378870422729,0.0128956623681125,"15713,28713","28713,36234"
-0.2968036529680365,-0.081967213114754,"15718,69699","39248,69699"
-0.0152294049608019,0.2580645161290322,"15720,53235","15720,34381"
0.188953488372093,0.2,"15725,50869","15725,36285"
0.0825281803542672,0.0869565217391304,"15072,18459","15072,25529"
0.3734848484848484,-0.7222222222222222,"15733,20496","20496,132128"
0.581204349943191,0.0245901639344262,"15734,71785","28343,71785"
-0.1833810888252149,0.0573065902578796,"5318,113216","5318,18642"
-0.0479423608226945,0.2658227848101265,"15739,63334","36761,63334"
-0.6274509803921569,-0.171875,"15745,82861","15745,80661"
0.6539273648648649,0.0859375,"15746,19372","19372,93663"
-0.2293906810035842,-0.1472792440534376,"15748,21240","11208,21240"
0.4021739130434782,0.0706521739130434,"15751,77270","77270,79759"
-0.0738835151265692,-0.5589048672566371,"15758,23619","15758,94631"
-0.1336116910229645,0.0271398747390396,"15759,75981","15759,30535"
0.3139001349527665,-0.1841269841269841,"11890,13459","11890,16650"
-0.1367521367521367,0.0641025641025641,"15768,71394","15768,122350"
-0.2277580071174377,-0.0332225913621262,"12388,82916","12388,17577"
1.0,-0.25,"10832,15777","10832,53598"
0.4079809976247031,-0.0446096654275092,"1688,97800","1688,19009"
-0.2452107279693486,0.0498084291187739,"15786,16662","16662,50208"
0.1017674675504004,-0.175,"15787,39768","15787,82973"
0.280214940098661,0.1363636363636363,"15789,90222","13249,90222"
0.3496848350018539,0.0172413793103448,"11747,15790","15790,141839"
-0.1488372093023255,0.0651162790697674,"15795,62147","15795,123804"
0.292063492063492,-0.6559139784946236,"8635,113296","8635,113670"
-0.043010752688172,-0.1638621794871795,"15811,29048","28213,29048"
-0.4,0.0625,"15812,45927","15812,30755"
-0.3535911602209944,0.0552486187845303,"15818,36203","36203,165597"
-0.1813031161473088,0.0793201133144475,"15832,54419","38929,54419"
-0.2184300341296928,0.2081911262798634,"15841,113310","15841,16719"
-0.1709060170598632,0.059171597633136,"12063,15845","12063,47576"
0.2388059701492537,0.1354166666666666,"15846,26175","15846,26011"
-0.226950354609929,0.1418439716312056,"15851,113314","15851,117940"
0.3062200956937799,-0.3275862068965517,"15852,42210","35148,42210"
0.0977099236641221,-0.6697247706422018,"6773,15860","15860,119226"
-0.2035367545076282,0.0631067961165048,"15870,23038","15870,150732"
-0.4076433121019108,0.0700636942675159,"15876,46314","46314,125624"
-0.4469867211440245,-1.0,"15877,39150","15877,101355"
-0.0760095011876484,0.015439429928741,"6877,64454","6877,82604"
-0.2644628099173554,-0.2727272727272727,"15893,16780","16780,36853"
1.0,-0.2957746478873239,"15896,113322","15896,120442"
-0.2044728434504792,0.1277955271565495,"10817,109778","27033,109778"
0.2325591397849462,0.0906666666666666,"15904,27757","27757,120356"
0.2466063851058629,0.0617848970251716,"10901,113326","10901,40831"
-0.1824241295848073,-0.425,"15906,32312","32312,46557"
-0.0518848355781729,-0.076036866359447,"15916,30350","30350,34369"
-1.0,-0.4507042253521127,"13972,110633","2594,110633"
-0.3809523809523809,0.0654761904761904,"15923,52602","52602,56621"
0.2084690553745928,-0.410958904109589,"15924,19721","15924,97858"
0.0160919540229884,0.2068965517241379,"15925,35427","15925,35668"
0.2591289389318946,0.0498084291187739,"15934,97449","15934,81140"
0.6384180790960452,-0.52,"15945,32200","32200,82608"
-0.3440860215053763,-0.1599853846956884,"15946,41144","41144,74141"
-0.1066666666666666,0.025,"15962,46246","46246,73673"
-0.2077922077922078,0.0649350649350649,"15967,19360","19360,133193"
-0.735632183908046,-0.2068965517241379,"15969,33330","33330,59317"
-0.2681461249573233,-0.1497923985946981,"9338,15970","15970,29543"
0.0806088911952949,-0.1408450704225352,"15976,113340","9552,15976"
-0.0361632049472339,0.1494252873563218,"15977,108001","15977,42499"
-0.4776119402985074,0.0524472609021929,"15979,113341","30968,113341"
-0.2112211221122112,0.0759075907590759,"15980,113342","48529,113342"
-0.6213017751479291,-0.0036596523330283,"15981,113343","149,113343"
0.2293074324324324,0.0946022727272727,"15987,113246","7961,15987"
-0.3878787878787879,0.1575757575757575,"15999,113347","42966,113347"
-0.2342007434944238,0.0631970260223048,"15601,16004","5090,16004"
0.2896381150741994,0.1646706586826347,"16005,50995","16005,19570"
-0.0262246591155039,-0.0412371134020618,"16009,23248","16009,18675"
0.2999662959218065,0.144927536231884,"16010,56339","56339,148203"
-0.2045454545454545,-0.1108426457263666,"16011,76321","16011,54215"
-0.4468085106382978,0.1134751773049645,"16014,113360","16014,139417"
0.7974683544303798,0.6875,"16015,68210","16015,63840"
-0.1719340293293252,0.058252427184466,"5414,7508","5414,61102"
-0.0074206478171379,-0.3333333333333333,"16018,17882","16018,74724"
0.8693467336683417,-0.1833333333333333,"16019,36765","36765,97872"
0.4407114624505928,-0.1255668816309548,"16022,113365","16022,52979"
0.511967090501122,-0.4826273203236553,"16023,74749","16023,96126"
-0.5121951219512195,-0.0699300699300699,"5236,24002","24002,112588"
0.4809160305343511,-0.6612903225806451,"16026,24621","24621,25900"
0.3888888888888889,-0.1592871066555277,"580,28845","580,23900"
-0.1471962616822429,-0.0789436420277542,"1332,113371","1332,45977"
-0.3865030674846625,0.1901840490797546,"16028,113375","16028,34802"
0.6978351272015656,-0.3766233766233766,"15019,28146","6337,28146"
-0.28,-0.0117171717171717,"9615,27655","9615,32192"
0.7241379310344828,0.1911764705882352,"1478,72713","72713,83065"
0.2801724137931034,0.1071428571428571,"16029,44507","16029,38856"
-0.3103448275862069,-0.5832512315270937,"16032,113379","16032,116586"
-0.2739130434782608,0.1130434782608695,"16039,113383","16039,41554"
-0.7241379310344828,0.1264367816091954,"1649,51687","1649,120001"
0.0980143511072621,0.0762711864406779,"16040,42313","16040,135627"
-0.173076923076923,0.0631868131868131,"13149,16042","13149,128200"
0.5887850467289719,-0.1764705882352941,"16047,51618","51618,102308"
-0.1703062960862167,-0.0511182108626198,"11491,16349","11491,56034"
-0.1847507331378299,0.1436950146627566,"4216,50371","4216,17074"
0.0836397058823529,-0.1188811188811188,"11479,113398","11479,14381"
-0.25,0.0476190476190476,"10118,113400","10118,61392"
0.3867904165767321,-0.0982162358937022,"1849,30453","1849,118420"
0.2904761904761905,0.2074074074074074,"16061,113403","16061,114286"
-0.3818181818181818,0.0666666666666666,"3566,113405","3566,130988"
0.182521186440678,0.0875,"16065,72367","16065,75623"
-0.0139860139860139,-0.9725274725274724,"16066,40633","16066,131680"
0.2469135802469135,-0.1071428571428571,"16068,78332","16068,16258"
0.5216557635912474,-1.0,"16072,24256","24256,150946"
-0.1544117647058823,0.1225490196078431,"15806,20883","20883,115252"
0.0855446927374301,-0.57,"16090,33819","17941,33819"
-0.4809160305343511,0.2137404580152671,"16117,98652","16117,123919"
-0.0553732567678424,-0.0718562874251497,"16122,54556","16122,17414"
-0.2603305785123967,0.0537190082644628,"16123,24156","24156,82033"
-0.4772727272727273,0.0833333333333333,"16132,50950","50950,95358"
0.0936113575865128,-0.3142857142857143,"7858,8915","7858,76979"
0.001308044473512,-0.0767543859649122,"16138,31275","31275,46231"
-0.2903225806451613,0.0506912442396313,"16150,113428","16150,128714"
-0.3043478260869565,-0.1239669421487603,"16151,113429","16151,88719"
-0.2282608695652173,0.1304347826086956,"16154,30074","30074,119431"
-0.2350746268656716,-1.0,"16157,64201","64201,138624"
0.0890905653242579,0.0038570618264322,"16159,50440","16159,116702"
-0.1745152354570637,0.149584487534626,"16164,104902","5386,16164"
-0.1745152354570637,0.0886426592797784,"16167,35254","34078,35254"
0.1011282508924018,0.0320945945945945,"16170,23816","23816,35314"
0.3351063829787234,-0.0234541577825159,"16174,29290","16174,42816"
0.5244922341696534,0.0599078341013824,"14617,113435","14617,82914"
-0.2413793103448276,-0.3636363636363636,"16181,83317","83317,85955"
0.7107508532423208,0.0204778156996587,"1885,105276","1885,36897"
-0.0676767676767677,0.0841750841750841,"16188,21555","21555,33498"
-0.523897885739991,-0.198019801980198,"16189,35315","35315,54807"
0.1967874231032126,0.0201178622231253,"16191,113439","16191,46402"
0.1034170854271356,0.0603015075376884,"16197,113441","16197,155599"
-0.6847826086956522,-0.0495495495495495,"16199,77786","594,77786"
0.3133054684778823,-0.3333333333333333,"16200,111990","16200,49009"
-0.3461538461538461,0.1538461538461538,"16208,111187","28366,111187"
-0.0053763440860215,-0.3382352941176471,"16212,61247","22945,61247"
0.7649253731343284,0.0932835820895522,"16213,113445","16213,44251"
-0.4701492537313433,-1.0,"6197,113447","6197,50025"
-0.1199212457490603,0.1589403973509933,"16220,113449","16220,46057"
-0.2241992882562277,-0.0505415162454873,"16221,17513","17513,20244"
-0.2045454545454545,0.0519480519480519,"16227,46087","32464,46087"
0.6363636363636364,0.305137519460301,"16230,44752","44752,49461"
-0.1265060240963855,0.0502008032128514,"16231,27846","27846,44335"
0.2623044096728307,0.3684210526315789,"16239,113452","19312,113452"
0.1571916744330537,-0.3421052631578947,"16257,65334","16257,82903"
0.1014583857178778,-0.2093023255813953,"16261,73753","16261,18217"
-0.0271400132714001,0.0242424242424242,"16268,21163","21163,46317"
0.2150776053215077,-0.6666666666666666,"16269,113457","23241,113457"
-0.4632352941176471,0.088235294117647,"16273,91286","91286,156125"
0.1421417565485362,0.0508474576271186,"16274,91328","16274,39691"
0.4049255026761174,-0.9013452914798208,"16279,113461","16279,49064"
-0.2293388429752066,0.0757575757575757,"16280,113462","30200,113462"
0.1909090909090909,-0.2897196261682243,"16285,18974","16285,110760"
0.001071647274954,0.2282608695652173,"16304,25147","25147,55322"
-0.3647058823529411,-0.0740467041087792,"16307,113475","16307,26843"
0.0574042309891366,0.0303030303030303,"16308,18015","16308,43031"
-0.5486725663716814,0.1858407079646017,"16311,44809","44809,80646"
-0.3263157894736842,0.1421052631578947,"16314,113483","16314,124272"
0.5175247358712058,0.2985074626865671,"16317,43471","43471,53827"
0.6770833333333333,-0.1964285714285714,"16323,113489","16323,124229"
-0.3115577889447236,-0.5531914893617021,"4929,113494","4929,58095"
0.3780487804878049,0.1705069124423963,"16336,69775","19968,69775"
-0.2077403245942572,-0.1729323308270676,"16338,55490","26168,55490"
0.1646741678387248,-0.2398642450926435,"14523,66750","24502,66750"
0.1553001519756839,0.0395136778115501,"9581,27899","9581,80358"
-0.0792151162790697,0.127906976744186,"16348,58394","16348,29386"
0.2388305162174509,0.0727272727272727,"16351,24584","16351,88634"
0.4217687074829932,-0.0384615384615384,"16353,46143","16353,17318"
0.3387978142076502,-0.08125,"15520,16363","16363,27554"
-0.3229166666666667,0.09375,"16371,56835","56835,135984"
-0.1577608142493638,0.0407124681933842,"16372,61374","16372,21090"
-0.0467701263345418,-0.2214245583369748,"6514,16373","6514,31841"
0.3519419791964882,-1.0,"16377,61698","16377,124274"
-0.4217687074829932,-0.1358024691358024,"16383,39353","24027,39353"
0.1675675675675675,0.072992700729927,"13978,16385","16385,50940"
0.1828908554572271,-0.0321251269862567,"6054,44035","3540,44035"
-0.248,-0.0081081081081081,"16386,113522","16386,20525"
-0.4217687074829932,0.1428571428571428,"16388,81340","19102,81340"
-0.1930161268825803,0.0691056910569105,"16391,25554","16391,138224"
-0.1618798955613577,0.0966057441253263,"5718,12600","5718,29060"
-0.3301375335273641,-0.0398406374501992,"16394,43591","32827,43591"
-0.0721769499417927,0.0221187427240977,"16396,22931","22931,57069"
0.7686567164179104,0.0522388059701492,"16401,113526","16401,76275"
0.106050319899607,0.0346232179226069,"13001,17866","14792,17866"
0.0537974683544303,0.1329113924050632,"6654,16407","6654,25446"
-0.0250784856879039,0.0304709141274238,"1576,16429","1576,95481"
-0.3522727272727273,0.1136363636363636,"16431,43823","43823,54671"
-0.2152777777777778,-0.8506944444444444,"16432,30046","24771,30046"
-0.0462093206472335,0.2327586206896551,"3308,16438","16438,40600"
-0.3757575757575757,0.0969696969696969,"16440,47637","16440,25603"
0.7248475609756098,-0.971153846153846,"3482,104087","3482,100746"
-0.2616033755274262,-0.1136363636363636,"16443,72129","31512,72129"
-0.12109375,-0.1235955056179775,"16445,23026","23026,27800"
-0.0813648293963254,0.0787401574803149,"16447,89976","16447,17108"
-0.8157894736842105,-0.0913461538461538,"16452,21152","21152,37214"
0.4749398556535685,-0.0833333333333333,"11536,16456","11536,83258"
-0.0706150341685649,0.0421412300683371,"819,88881","819,64252"
0.1114407424311577,0.1182108626198083,"16478,39489","16478,29278"
-0.1469194312796208,-0.1235294117647058,"15650,16486","15650,25086"
0.8132530120481928,0.0421686746987951,"16490,36526","36526,111168"
0.7256637168141593,0.0486725663716814,"16494,113548","16494,42443"
0.5904761904761905,0.0599927626137303,"16498,110174","50133,110174"
0.0698340874811462,0.1282051282051282,"16503,97072","26038,97072"
0.297693325770467,0.1158536585365853,"16507,41372","41372,58694"
0.2181632273656814,-0.2697195442594215,"16508,110355","16508,18080"
-0.2755555555555555,-0.1744186046511628,"16511,52597","46851,52597"
0.3692286232389454,0.1121495327102803,"16514,52638","16514,64889"
-0.0987261146496815,-0.0428395315389356,"3959,113552","3959,18059"
-0.3647058823529411,0.0764705882352941,"16517,39619","1182,39619"
0.5688073394495413,-0.0394736842105263,"16522,109435","16522,37525"
-0.3496677740863787,-0.0700744493053956,"16525,38169","38169,46427"
0.7126436781609196,0.077720207253886,"16527,23161","23161,73286"
-0.1144159544159544,0.0313390313390313,"13517,24984","13517,161069"
0.4793571988502743,0.0561797752808988,"11979,16537","16537,141038"
-0.2431372549019607,-0.4244008714596949,"16538,113559","46168,113559"
-0.2510121457489878,-0.8785425101214575,"16539,22095","22095,36760"
0.0633838901414224,0.0766550522648083,"16558,20227","20227,130224"
0.1999783631741223,-0.0021660091281813,"16567,113562","16567,18219"
-0.247011952191235,0.0677290836653386,"16573,91402","65644,91402"
-0.0482866043613707,-0.25,"16576,113564","56098,113564"
0.3229166666666667,-0.2991400491400491,"16577,110813","16577,48723"
0.2683982683982684,0.059880239520958,"16579,112600","16579,107329"
-0.1141804788213628,0.0552486187845303,"16583,109101","36937,109101"
-0.2743362831858407,0.0973451327433628,"16592,113565","50886,113565"
-0.3422626165988998,-1.0,"16601,112237","47188,112237"
0.206081081081081,0.367816091954023,"16605,28764","28764,121232"
-0.0566914498141263,0.0176579925650557,"2187,17689","2187,66584"
0.4295774647887324,1.0,"16611,92334","65029,92334"
-0.0909090909090909,-0.9448584202682564,"5433,5597","5597,118749"
-0.0056070056070056,0.0519750519750519,"16616,20184","16616,27320"
0.9325396825396826,0.0634920634920634,"16620,42049","42049,48470"
-0.2687224669603524,0.0704845814977973,"16621,50532","16621,139501"
-0.756,-0.1910112359550561,"7880,16622","7880,46681"
-0.1708683473389355,-0.425,"8186,113576","8186,87358"
0.2770670457237621,-0.4347826086956521,"1654,10030","10030,117683"
0.6629834254143646,0.2541436464088398,"16625,22779","22779,114159"
0.3088906931898914,0.059880239520958,"9861,113582","9861,132017"
-0.4013157894736842,0.0986842105263157,"16628,113583","16628,142308"
0.6611111111111111,-1.0,"13053,16636","16636,62567"
0.2272359913793103,0.04296875,"16642,33558","16642,157759"
0.8184523809523809,0.0416666666666666,"7352,86960","7352,25756"
-0.2699115044247787,0.0442477876106194,"16652,19923","19923,164127"
-0.4302611787228223,-0.055,"478,2058","2058,40409"
0.0591503267973856,-0.1297071129707113,"15115,69711","15115,58238"
-0.3227513227513227,-0.1354166666666666,"13592,28218","28218,121358"
0.1738683816797302,0.0131752305665349,"3221,16667","3221,21787"
-0.0363416776460254,-0.409090909090909,"14055,19525","14055,122466"
0.2975609756097561,-0.5172413793103449,"5355,55970","55970,68745"
-0.1232323232323232,-0.2473304473304473,"16685,25013","25013,122570"
0.0810885481420085,-0.2346456692913386,"16688,25400","25400,43422"
-0.3210526315789473,0.0526315789473684,"16699,113630","16699,102760"
0.1039555070429855,0.0628930817610062,"16702,76922","9758,16702"
0.1737891737891738,0.5,"9993,102972","16728,102972"
-0.0976,0.0224,"16709,113632","16709,146725"
-0.0536971830985915,0.0378521126760563,"16406,16713","16406,21623"
-0.0725326991676575,0.0118906064209274,"16720,20464","20464,103504"
-0.1292372881355932,0.1101694915254237,"9075,16725","9075,20042"
0.090362378690894,0.0560344827586206,"16734,37640","37640,82123"
-0.4066666666666667,-0.1627906976744186,"16737,35318","27756,35318"
-0.0885338345864661,0.2421052631578947,"16744,68074","19584,68074"
0.2837969495397433,0.0413223140495867,"11370,16747","11370,72441"
0.2993752390666837,0.1319648093841642,"16749,113636","16749,23593"
0.6091549295774648,0.25,"16752,104214","16752,63894"
0.3052749719416385,-0.2,"15708,16772","15708,82624"
0.2721471687266455,0.1183673469387755,"16774,69953","16774,37811"
-0.1609498680738786,0.0290237467018469,"16778,34102","34102,96463"
0.7721518987341772,0.2413793103448276,"16779,25589","18489,25589"
-0.2479674796747967,0.0447154471544715,"16793,36723","16793,79831"
0.2824074074074074,-1.0,"16797,61691","61691,96817"
-0.2629310344827586,0.125,"16799,83234","37913,83234"
-0.4149659863945578,-0.006176652254478,"16803,73029","16807,73029"
0.3225806451612903,-1.0,"16805,97089","16805,139053"
-0.1694444444444444,-0.8888888888888888,"16806,27069","27069,114373"
-0.1008264462809917,0.024793388429752,"16812,21085","21085,49358"
0.092309982877987,-0.1016042780748663,"16815,52608","5286,16815"
0.0346452328159645,0.1585365853658536,"16817,113656","54954,113656"
0.2160626977279263,0.0745614035087719,"10052,112752","10052,20606"
0.0935582822085889,0.1698113207547169,"16820,20608","16820,135247"
0.0534676833696441,-0.0330882352941176,"16738,108047","12585,16738"
-0.0789160129930921,0.1511936339522546,"16821,18153","18153,114199"
0.1003488372093023,0.1203132415757,"16823,27872","12122,16823"
-0.3351648351648351,-0.0484724699384385,"13079,16824","13079,44271"
-0.4518518518518518,-0.1759259259259259,"16825,79287","79287,83082"
-0.1742857142857143,-0.4737888198757763,"16826,34243","34243,106294"
-0.2618025751072961,0.1158798283261802,"16829,79584","40981,79584"
-0.1961414790996784,-0.3212922025723472,"16830,18902","18902,26400"
-0.6615079365079365,-0.0778443113772455,"16841,97712","16841,69107"
0.4351851851851852,-0.6851851851851851,"16848,74344","16848,21203"
-0.3227513227513227,0.0793650793650793,"16849,31250","31250,73511"
-0.7093023255813954,0.1162790697674418,"9444,113662","41033,113662"
-0.1227364185110664,-0.2241379310344827,"16850,65208","65208,81630"
-0.0817066043249561,-0.0111234705228031,"16862,29519","29519,35685"
-0.2067796610169491,0.0949152542372881,"16868,84330","39586,84330"
0.7214611872146119,0.0684931506849315,"16872,35604","35604,144353"
0.0477595167860654,-0.5454545454545454,"16873,110297","16873,22640"
0.2032015065913371,-1.0,"16876,84438","38968,84438"
0.2046979865771812,-0.1944444444444444,"16877,113669","18212,113669"
0.0407978545088836,0.0764331210191082,"16881,91132","16881,73926"
0.7458333333333333,0.1083333333333333,"16883,111691","16883,85058"
0.3203014601978332,0.077720207253886,"16884,65531","65531,144395"
-0.2234432234432234,0.1245421245421245,"16887,113671","32311,113671"
-0.132034632034632,0.0066512434933487,"16888,39658","33338,39658"
-0.2552301255230125,0.0711297071129707,"16889,113672","22889,113672"
-0.308080808080808,0.0606060606060606,"16890,27964","27964,91272"
1.0,0.0764525993883792,"16895,113673","16895,21080"
0.6950000000000001,0.07,"16907,55997","55997,79366"
0.3095114345114345,-0.9121621621621622,"16910,113674","16910,133198"
0.0076129420014023,0.046979865771812,"16608,52100","16608,111011"
0.0171467541324326,0.144578313253012,"16932,32185","32185,59861"
-0.3045685279187817,-0.2682835119383342,"8331,113684","8331,37934"
0.3915872866169951,-0.0234375,"3628,42388","3628,25704"
-0.2090592334494773,-0.1886792452830188,"12940,100326","12940,59993"
0.631578947368421,0.0036560915202264,"16934,27498","27498,29753"
-0.1047986762272476,-0.1280487804878048,"14713,78165","17898,78165"
1.0,0.0367892976588628,"16937,23319","23319,156965"
-0.5862068965517242,-0.0820895522388059,"16944,46687","16944,63097"
0.2334570191713049,-0.073394495412844,"5645,10157","5645,28016"
0.4913419913419913,-0.0127551020408163,"16946,33997","17763,33997"
0.0077050082553659,0.0548523206751054,"16949,113694","16949,148545"
-0.3658536585365853,-0.3884917297448836,"6176,113696","6176,91283"
0.530214424951267,0.1140350877192982,"16953,51103","16953,121508"
-0.370865587614356,-0.1517241379310344,"16957,22190","16957,26997"
-0.155440414507772,0.0284974093264248,"16959,113701","16959,157454"
0.8119122257053292,0.0721003134796238,"16961,113703","16961,128131"
0.1570415400202633,0.0585106382978723,"16967,50131","16967,60713"
-0.1195219123505976,0.0358565737051792,"11680,113706","11680,99513"
1.0,0.108433734939759,"7977,16975","3861,7977"
0.7413793103448276,0.0905172413793103,"16982,57198","16982,130808"
0.2510460251046025,0.2407407407407407,"4734,47683","47683,69458"
-0.3296703296703296,0.1703296703296703,"16989,113713","16989,121769"
-0.2985074626865671,0.0547263681592039,"16990,46940","46940,158369"
-0.202020202020202,0.0673400673400673,"8429,113714","8429,84452"
-0.3488372093023256,0.063953488372093,"16996,113715","16996,158449"
1.0,0.0473186119873817,"17000,28180","28180,101797"
-0.1834862385321101,0.0428134556574923,"17004,113718","17004,146073"
-0.2097902097902098,0.0349650349650349,"17006,51462","17006,19499"
0.266246735289599,0.1342756183745583,"17007,28199","28199,118526"
-0.1418439716312056,0.0472813238770685,"11070,113724","11070,84336"
-0.1239669421487603,0.0206611570247933,"17016,113726","17016,101930"
-0.2132253711201079,0.1052631578947368,"10358,17017","17017,132477"
0.2373225152129817,0.0470588235294117,"17018,65878","17018,140461"
-0.1185770750988142,-0.102880658436214,"17019,25339","25339,65752"
-0.25,0.125,"17020,113727","17020,102537"
-0.1304347826086956,0.0608695652173913,"17021,31683","31683,42820"
0.5367956947416197,0.0817610062893081,"1520,19706","19706,90758"
0.1433638782146024,0.1507537688442211,"17028,32713","3649,17028"
0.7590361445783133,0.0602409638554216,"17030,43492","43492,71234"
0.1301518438177874,-0.2424242424242424,"17040,24092","17040,37122"
-0.2124171607952563,-0.0956302905513612,"17049,20273","20273,25126"
-0.3433433884111476,0.0827067669172932,"17055,53205","17055,135059"
-0.2247191011235955,0.1760299625468165,"17056,36192","22401,36192"
1.0,-0.2386363636363636,"17058,57260","15046,57260"
0.202020202020202,0.1322314049586777,"17069,113746","20025,113746"
0.0282459278787308,0.0809716599190283,"16715,17073","17073,45450"
-0.0744416873449131,-0.1191280910413279,"17076,18800","18800,29996"
-0.056811048336472,-0.0683229813664596,"17079,17162","17162,23586"
0.0419414402532313,0.0035748374664577,"17083,109131","3752,17083"
0.0117810117810117,-0.0667667667667667,"17086,47549","25072,47549"
0.48,0.6428571428571429,"17087,95340","17087,135560"
0.0370709382151029,-1.0,"17095,26367","6179,26367"
0.4285714285714285,0.1134020618556701,"17105,21458","21458,129944"
-0.2727272727272727,-0.1320754716981132,"12080,14625","8345,12080"
0.0081085295493528,0.1053719008264462,"6926,17116","6926,20514"
-0.3488372093023256,-0.0498084291187739,"17131,29267","29267,32518"
-0.125,0.0229166666666666,"17141,18110","18110,96392"
0.2761290322580645,0.104,"17142,32003","32003,85081"
-0.175438596491228,0.1081871345029239,"17144,60879","29296,60879"
-0.4564834390415786,-0.4,"17149,113093","33694,113093"
-0.2830188679245283,-0.5121951219512195,"17150,113771","17150,52431"
0.234375,0.0703125,"17165,18968","18968,39413"
-0.2714932126696832,0.1493212669683258,"17166,33087","33087,120864"
0.0822493759032978,0.0258397932816537,"17168,36586","36586,112292"
0.9030694668820678,0.0662358642972536,"17174,113775","17174,26357"
0.2199117832388153,-0.1304347826086956,"17176,27988","18233,27988"
0.109090909090909,0.2222222222222222,"9439,17188","17188,39756"
-0.1156069364161849,0.0269749518304431,"17189,34254","34254,41791"
-0.2013422818791946,-0.4187919463087248,"17190,19308","19308,114634"
-0.091324200913242,-0.9330289193302892,"17193,21581","21581,116788"
0.1378066378066378,-0.0662650602409638,"17195,113778","17195,29002"
0.4230088495575221,-0.935103244837758,"17196,78390","17196,130164"
0.5825242718446602,-0.5217391304347826,"17197,113779","17197,109912"
0.2631578947368421,0.2523364485981308,"6928,17198","17198,26507"
-0.1796218487394957,0.1026785714285714,"17202,31362","31362,48240"
0.1775289884046381,-0.3235294117647059,"17207,98647","97499,98647"
0.8450704225352113,0.0680628272251308,"17211,111458","46010,111458"
-0.2803738317757009,0.005868289502282,"11757,111298","18551,111298"
0.0781261158323216,-0.1351351351351351,"17221,113784","17221,21766"
-0.2752293577981651,0.0688073394495412,"17231,113788","73764,113788"
0.7059757792336708,0.1666666666666666,"17234,113789","17234,128508"
0.5172413793103449,-0.3166666666666666,"17241,113790","17241,38331"
-0.2702702702702703,0.045045045045045,"17243,113243","64584,113243"
-0.3478464145871077,-0.0517241379310344,"17247,113792","17822,113792"
0.3784138655462185,0.0535714285714285,"11438,17257","11438,24774"
-0.1709401709401709,0.0341880341880341,"17264,113794","13299,113794"
-0.2843601895734597,0.2654028436018957,"17266,113795","18614,113795"
-0.2633928571428571,0.0446428571428571,"13869,16606","13869,70010"
-0.3025641025641025,0.0512820512820512,"17280,90345","17280,71305"
0.4876033057851239,-0.2,"17281,113798","28038,113798"
-0.0665143437420665,0.033003300330033,"17283,113801","17283,161891"
-0.2027491408934708,-0.0168402871484859,"6342,17285","6342,46388"
0.5846153846153846,-0.0745920745920745,"9812,16082","7925,9812"
-0.1903225806451612,0.0612903225806451,"3764,113808","3764,113037"
0.4436090225563909,0.1590909090909091,"17292,76177","76177,78305"
-0.2027491408934708,0.0481099656357388,"15216,21116","15216,144902"
0.3785709296640357,0.1294964028776978,"17298,38494","38494,71093"
-0.2468619246861924,-0.5918779227172041,"17300,97006","17300,61120"
0.1076642335766423,-0.2768878718535469,"1610,73903","73903,114028"
-0.3450292397660818,0.1052320517606071,"17308,63424","15780,17308"
0.2479713626846518,-0.1401869158878504,"17310,23703","23703,41477"
-0.0847701149425287,0.0301724137931034,"17314,113821","17314,32973"
-0.295,0.065,"17315,28855","28855,80038"
-0.1378540305010893,0.1111111111111111,"17317,40234","17317,22905"
0.1484126984126983,0.1,"16074,92799","16074,135474"
-0.4645669291338583,-0.4,"17320,56386","17320,28105"
0.7177033492822966,0.0765550239234449,"17322,113827","17322,139788"
0.4573643410852713,0.1935483870967742,"10755,13022","10755,21831"
0.5042735042735043,0.1809523809523809,"11488,21322","21322,133870"
-0.1288209606986899,-1.0,"17328,113832","17328,120939"
-0.3275862068965517,0.2627118644067797,"17333,60068","17333,34759"
0.1206486486486486,0.1659333752357008,"17335,17645","17645,17646"
0.5363636363636364,0.1287758346581876,"17338,45616","21934,45616"
0.2448719945993664,0.183206106870229,"17342,58400","22102,58400"
0.0196759259259259,0.0462962962962962,"12215,35100","12215,132315"
0.1204585537918871,-0.3488488488488488,"8940,82636","23419,82636"
-0.2006802721088435,-0.1147186147186147,"14999,40837","14999,124837"
0.3091397849462366,0.1052631578947368,"17367,18706","17367,18498"
0.3046235679214403,0.0319148936170212,"5477,113854","5477,142897"
-0.2129963898916967,0.0361010830324909,"12837,102071","12837,99193"
0.1618529632408102,0.1860465116279069,"17376,113861","21756,113861"
-0.3155080213903743,0.106951871657754,"17379,52158","52158,54091"
0.1396713615023474,0.2112676056338028,"17380,23470","23470,116403"
0.0918077183480027,0.0473933649289099,"17382,113863","17382,165249"
-0.2645739910313901,0.0717488789237668,"4840,113869","4840,140677"
-0.2388663967611336,0.0850202429149797,"17390,31295","17390,51723"
-0.0978122467878226,0.0981595092024539,"17392,25397","25397,31015"
-0.25,0.0932203389830508,"17393,29962","29962,112647"
0.3769654088050315,0.050314465408805,"17394,62195","22674,62195"
-0.125,0.0338983050847457,"17395,113873","9687,17395"
0.2964824120603015,-0.0476190476190476,"5026,17397","5026,116257"
-0.1986531986531986,0.1346801346801346,"17399,30801","26838,30801"
-0.1745562130177514,0.0532544378698224,"17410,113879","17410,136264"
-0.0961813454663633,0.0323529411764705,"6563,21160","6563,159879"
0.5409208666980687,0.0518134715025906,"11189,18560","11189,150919"
0.8260869565217391,0.1304347826086956,"17416,89107","14136,17416"
-0.0984974958263772,0.0500834724540901,"3887,3911","3887,24845"
-0.4244604316546763,-0.2826738609112709,"6798,46311","6798,41240"
0.6958762886597938,0.1288659793814432,"17431,113887","17431,118855"
-0.1125954198473282,0.0572519083969465,"17434,21945","21945,36417"
0.0391405342624854,-0.8,"17441,18840","17441,130459"
0.6136363636363636,-0.2781456953642384,"17456,25851","25851,117407"
0.0872540269454715,0.0097751710654936,"8558,64717","8558,104915"
-0.1334841628959276,0.0294117647058823,"17466,32020","17466,72669"
0.013104407359863,0.048780487804878,"17469,55285","17469,56375"
-0.1690544412607449,-0.22246099968163,"17471,18249","8861,17471"
-0.2243346007604562,0.0456273764258555,"17499,23711","23711,62044"
0.3874274661508704,-0.7553191489361702,"17503,50289","17503,47803"
-0.0502555366269165,0.0093696763202725,"9679,17506","9679,97313"
0.4078857338351009,0.0316455696202531,"17508,19300","19300,106246"
-0.7283950617283951,0.1234567901234567,"17523,17887","17887,106718"
0.3410404624277456,0.0957446808510638,"842,69450","61812,69450"
0.2209737827715356,0.13,"17553,74137","74137,84827"
-0.3856209150326797,-1.0,"17563,113923","46105,113923"
-0.1117216117216117,0.1285714285714285,"17583,113928","19213,113928"
0.4573643410852713,0.0098022646611458,"17585,113929","17585,22778"
0.1959459459459459,0.0923076923076923,"8716,44872","44872,152611"
-0.4677419354838709,0.282258064516129,"16691,113931","16691,41987"
-0.272300469483568,0.0892018779342723,"17587,33340","33340,133321"
0.1621041879468845,0.0235955056179775,"14938,113936","14938,47270"
-0.2788461538461538,-0.4493006993006992,"17591,27439","27439,131814"
0.4018095061039846,0.0674846625766871,"17593,18315","18315,93275"
0.0641733956651083,0.2541436464088398,"17594,113943","17594,34007"
0.3536585365853658,-0.0552486187845303,"1883,106757","35053,106757"
-0.1117533718689788,-0.4615384615384615,"10601,113945","10601,74889"
-0.2086330935251798,-0.2222222222222222,"15036,37066","15036,31782"
-0.1789473684210526,-0.625,"8682,17599","8682,64956"
0.3741935483870968,0.0884955752212389,"8402,43330","43330,73704"
0.22568093385214,0.1379310344827586,"9212,9815","9212,66599"
-0.1877022653721682,0.0485436893203883,"17600,59175","17600,47815"
-0.2078853046594982,-1.0,"9219,12359","9219,76049"
-0.3333333333333333,-0.1896551724137931,"17603,96351","17603,33050"
-0.3135135135135135,-0.0346020761245674,"17604,104873","10669,17604"
-0.2140221402214022,0.0996309963099631,"17605,113954","17605,124297"
-0.0852974186307519,0.0617283950617283,"15798,45402","15798,100228"
0.4114395577986061,0.0342465753424657,"1526,47442","1526,2592"
-0.5686274509803921,-1.0,"17615,113962","17615,145585"
0.2714484266206077,0.0425257731958762,"5731,8407","8407,111205"
0.1102661596958174,0.0857142857142857,"17573,27363","17573,152521"
-0.190667431631287,0.2108433734939759,"17619,68587","17619,53680"
-0.7943262411347518,-0.3076923076923077,"8573,24333","15654,24333"
0.0776666666666666,0.112,"11632,43696","11632,145344"
0.5576923076923077,-1.0,"17631,46394","17631,35906"
-0.1818181818181818,0.0877742946708464,"17632,113972","17632,54407"
0.1907894736842105,0.1325301204819277,"5480,17633","17633,57759"
-0.25,0.0517241379310344,"17647,113981","17647,51284"
-0.080110497237569,-0.593566209231866,"10112,17829","10112,41674"
-0.232,0.04,"17660,87986","17660,95497"
0.0447716793098318,-0.1235955056179775,"5109,17661","17661,119026"
-0.1348837209302325,-1.0,"17664,20366","20366,41661"
0.3809523809523809,-0.34375,"17669,112580","70584,112580"
0.2091184752003465,-0.2471193415637859,"4070,36020","4070,48229"
-0.1518324607329843,0.0261780104712041,"3945,113991","3945,97619"
-0.3195619711299153,-0.2,"17672,113992","17672,66640"
0.5770851818988465,0.0570652173913043,"17676,113994","17676,51509"
0.1247311827956989,0.725,"4063,12037","12037,36804"
-0.1576086956521739,-0.2717391304347826,"12787,69518","12787,123058"
0.5284552845528455,-0.0404411764705882,"17684,38125","17684,28637"
-0.0929487179487179,0.0240384615384615,"12409,17699","12409,34760"
0.7945205479452054,-0.3793103448275862,"5573,60238","5573,136978"
0.225765306122449,-0.2302521008403361,"17703,96034","17703,25881"
0.0203648424543946,-0.092434988179669,"17710,114018","9716,17710"
-0.4164016245045749,0.1214953271028037,"17716,81643","15193,81643"
-0.2989690721649484,0.1494845360824742,"17719,114022","17719,123179"
-0.1779141104294478,0.0490797546012269,"17728,23537","23537,140881"
0.6484848484848484,-1.0,"15842,114030","15842,121435"
-0.2416666666666666,0.0708333333333333,"17735,36299","36299,138465"
-0.3333333333333333,0.0919540229885057,"17739,96446","17739,20109"
-0.3222222222222222,0.0944444444444444,"17742,114035","17742,115476"
0.0575968222442899,-0.5625,"848,1532","1532,51531"
1.0,-0.1096774193548387,"12579,114041","12579,15861"
0.5225225225225225,0.188235294117647,"17764,114045","69767,114045"
-0.4393939393939394,0.106060606060606,"17767,83061","17767,77134"
0.4113475177304964,0.1092436974789916,"17768,37744","37744,54829"
-0.0612961476725521,-0.3855421686746988,"17788,29418","17788,21448"
-0.1606648199445983,0.1163434903047091,"17789,114056","17789,72683"
-0.5087719298245614,0.1052631578947368,"17794,64618","14555,64618"
-0.2521739130434782,-0.3020833333333333,"17796,32320","27615,32320"
-0.1056466302367941,-0.4059979182930002,"17799,44494","17799,34178"
0.0615188024826579,0.3333333333333333,"4303,52980","4303,129103"
-0.3240223463687151,-0.388268156424581,"17812,27824","27824,55351"
0.043483930624874,0.0127084988085782,"17823,28594","28594,68924"
0.8419618528610354,0.1362397820163488,"17827,90303","21108,90303"
-0.1244635193133047,0.0429184549356223,"8495,17831","8495,55498"
-0.2788461538461538,0.0817307692307692,"17832,109683","21808,109683"
0.08286951144094,0.2077922077922078,"17837,114066","36758,114066"
-0.2338709677419354,-0.9435483870967742,"17840,110979","42693,110979"
0.8666666666666667,0.0619047619047619,"12947,114067","12947,39249"
0.5441741357234315,0.2424242424242424,"17844,31338","17844,55612"
-0.18125,0.134375,"9038,114070","9947,114070"
-0.3172043010752687,0.0806451612903225,"17868,114077","45895,114077"
-0.25,-0.0209559854219231,"17884,114080","24209,114080"
0.344678011344678,0.1296296296296296,"17891,74166","53184,74166"
0.8529411764705882,0.109375,"17892,114082","17892,134405"
0.6823529411764706,0.8070175438596492,"17893,114083","31231,114083"
-0.1210191082802547,0.0467091295116772,"15027,45826","15027,47454"
0.1298337006611901,0.186335403726708,"17915,66195","17915,122161"
0.0182376309136872,0.1830985915492957,"17919,71816","71816,88348"
-0.0732466581212232,-1.0,"17922,36524","17922,31461"
-0.2126865671641791,-0.075153643546971,"17926,30822","17926,119644"
0.0891481088723931,-0.4769230769230769,"17929,20434","20434,29971"
0.2425531914893617,-0.7905138339920948,"16951,22541","19548,22541"
0.3497512437810945,-1.0,"17932,93380","17932,74877"
0.4155321782178218,-0.1016815967311016,"17935,44475","44475,125802"
-0.1008849557522123,0.0119476438238389,"1548,17938","1548,24987"
-0.0942513368983957,0.0367647058823529,"10075,109801","10075,96328"
0.0285204991087343,-0.0638297872340425,"16993,114107","16993,63691"
0.3908856496342683,0.065252854812398,"13860,26000","13860,78967"
0.1626086956521739,-1.0,"6284,12084","12084,59498"
-0.3166666666666666,-0.1,"17943,39178","17943,22680"
-0.5476190476190477,-0.1666666666666666,"17944,52071","34806,52071"
0.0635869565217391,-0.1216931216931216,"17947,83993","47285,83993"
-0.1561643835616438,0.1232876712328767,"13594,114114","13594,23367"
0.1233947323119298,-0.7884615384615384,"17950,114116","25870,114116"
0.0217432406882208,-0.0197831978319783,"8530,25543","25543,33186"
-0.125,0.0263157894736842,"17956,18479","17956,132656"
0.3386418099137687,0.0319829424307036,"17658,87553","17658,142585"
-0.0971414115861371,-0.1082229302923584,"8215,37497","8215,51366"
-0.089763779527559,0.0299212598425196,"17966,114128","17966,116242"
0.8260869565217391,0.0518292682926829,"17968,21654","21654,33361"
-0.198440643863179,-0.1085714285714285,"17969,114129","17969,37302"
1.0,0.1031746031746031,"17973,65082","17973,30725"
-0.1727272727272727,-0.1745920745920745,"17976,114130","17976,97955"
0.0998696947133283,-0.2607843137254902,"17978,69805","17978,38619"
-0.151595744680851,0.0638297872340425,"10736,34017","10736,36190"
-0.2864321608040201,0.1306532663316583,"8799,62957","8799,80657"
0.3433734939759036,0.0901571546732837,"16135,28387","10729,28387"
-0.1941353383458647,-0.0490566037735849,"17992,81350","45309,81350"
0.0577523758888814,-1.0,"5307,17994","5307,49219"
-0.3496932515337423,-0.1495327102803738,"13838,114138","13838,82599"
0.3284051139204342,0.0724233983286908,"3561,18002","3561,41762"
-0.1194968553459119,-0.1818181818181818,"8324,18009","8324,102202"
-0.2298387096774193,-0.0828025477707006,"18012,114145","18012,49575"
0.1342028985507246,0.0266666666666666,"18013,20860","20860,22686"
0.1713776419658772,-0.25,"18014,54749","15179,54749"
-0.4418604651162791,0.0775193798449612,"18017,114147","18017,118621"
-0.2489082969432314,0.0348505206583809,"10437,58455","10437,84202"
-0.2317073170731707,-0.1917808219178082,"17225,18023","17225,36826"
-0.1059479553903345,0.0241635687732342,"18026,20886","20886,149985"
0.1080585196272512,-0.0479797979797979,"18031,28771","21528,28771"
0.1065420560747663,0.0507614213197969,"18033,22183","22183,53429"
0.7307692307692307,0.1397058823529411,"17152,18036","17152,28297"
-0.1396535358329378,0.2551020408163265,"18037,114154","18037,20904"
-0.3630573248407643,0.1464968152866242,"18040,114155","18040,47323"
-0.1304347826086956,-0.977116704805492,"18041,114156","18041,36943"
-0.0923824959481361,0.0226904376012965,"18051,30840","30840,83715"
0.0323998697492673,-0.2,"15324,114161","15324,15378"
-0.3313953488372093,0.0581395348837209,"18057,114164","18057,142732"
-0.8590909090909091,-0.0828025477707006,"1867,3496","3496,68468"
0.3217770034843205,0.1463414634146341,"18069,42862","42862,96669"
0.5327102803738317,1.0,"18074,42151","18074,30211"
-0.1323407775020678,-0.1098901098901098,"17826,55199","17826,43533"
-0.2091836734693877,-0.05859375,"3760,111421","3760,74147"
0.4659624413145539,-0.0357815442561205,"18082,48019","37530,48019"
0.9079159935379644,0.024232633279483,"18085,114174","18085,57528"
0.7215189873417721,-0.2289156626506024,"18077,45838","18077,28078"
0.2630718954248365,-0.0787589498806682,"18088,113214","18088,31313"
0.2330814153211954,0.1219512195121951,"18094,114180","18094,36434"
-0.1446700507614213,-1.0,"18102,36447","36447,85531"
-0.1272850372376439,0.0710900473933649,"18114,40760","40760,143968"
0.1805183199285076,0.0616621983914209,"18136,114191","18136,47984"
-0.2183908045977011,0.0727969348659003,"18140,34549","2448,18140"
-0.1130952380952381,0.0277777777777777,"18161,38054","38054,78287"
-0.2270916334661354,0.0756972111553784,"18163,46119","46119,58244"
-0.4351145038167939,-0.0205338809034907,"18166,114201","18166,27759"
-0.4071428571428571,-0.2394366197183098,"8107,18170","8107,23641"
-0.0635451505016722,0.0222965440356744,"6933,18201","6933,55664"
-0.0729833546734955,0.028169014084507,"18204,114213","18204,50613"
-0.2425531914893617,0.076595744680851,"18213,114214","61780,114214"
-0.1844660194174757,0.0420711974110032,"18220,29562","19397,29562"
-0.3048128342245989,0.0748663101604278,"18223,91315","51400,91315"
-0.033125466368191,0.0188679245283018,"18226,30424","30424,91375"
0.1650332728372656,0.2699891321223412,"18227,114220","18227,18258"
0.8873517786561265,0.0217391304347826,"18230,22173","22173,28033"
0.1137724550898203,-0.1269841269841269,"18250,91886","18250,34938"
0.197519338490264,0.108695652173913,"18253,112853","18253,42255"
0.6346153846153846,0.0705128205128205,"18257,111447","99730,111447"
-0.0503564727954971,0.0369230769230769,"12668,18003","12668,52578"
0.4274420619449859,0.102880658436214,"18264,57547","18264,85473"
0.3636363636363636,0.0768878718535469,"18266,20526","6733,20526"
-0.2718446601941747,0.1504854368932038,"1374,114239","1374,121578"
-0.2511210762331838,0.0672645739910313,"16546,75108","16546,104476"
0.1513732833957553,-0.5292134831460674,"18273,63268","18273,62387"
-0.1924398625429553,0.0343642611683848,"18274,51299","18274,162601"
-0.1238938053097345,0.0641592920353982,"14508,114250","14508,37106"
0.1299121252534848,0.0348027842227378,"4306,29870","4306,4308"
0.6153846153846154,0.0696969696969697,"18280,29584","29584,42228"
-0.2121212121212121,0.053030303030303,"16911,114252","16911,145178"
-0.2436215094086921,0.0304499400806187,"14983,20558","14983,111281"
0.2139869281045751,0.0788982259570494,"18284,19061","19061,24683"
0.0414001685755367,-0.4411764705882353,"12569,114260","12569,56277"
1.0,-0.1373153708813504,"18292,43165","41669,43165"
0.2300284658712373,0.1172248803827751,"16640,21368","21367,21368"
-0.2058823529411764,0.1066176470588235,"18294,24413","18294,122921"
-0.0704874835309617,-0.0411280846063454,"18297,19832","19832,90079"
-0.1527629233511586,0.109090909090909,"18301,90692","90692,129053"
-0.4653760673763013,-0.7184466019417476,"18308,27917","18308,121754"
-0.3072955974842767,0.1,"18309,29264","18309,70675"
-0.2511210762331838,-0.1123595505617977,"18313,114274","18313,48425"
-0.1904761904761904,0.0544217687074829,"18319,65811","18319,136820"
-0.345679012345679,-0.0765432098765432,"6056,13878","13878,82952"
0.2994652406417112,0.0558659217877094,"18331,25296","18331,100693"
0.5436893203883495,-0.0645074224021592,"2244,54805","13874,54805"
-0.1834725671709189,0.2135922330097087,"14527,17733","14527,24042"
-0.3170731707317072,-0.2894736842105263,"18338,96337","96337,129624"
-0.2731707317073171,0.0634146341463414,"18343,59777","18343,41265"
-0.1917808219178082,0.0856164383561643,"705,114300","705,126350"
-0.1447028423772609,0.0284237726098191,"16379,18362","16379,94037"
-0.1777777777777777,0.073015873015873,"9651,108727","9651,128456"
-0.2321428571428571,-0.1513157894736842,"18367,110419","7509,110419"
0.0647058823529411,-0.5454545454545454,"18371,36385","36385,155470"
-0.253393665158371,0.0452488687782805,"18379,24684","12318,24684"
0.4584760599832534,0.1169977924944812,"18383,53245","19819,53245"
1.0,0.1176470588235294,"18387,26877","26877,121313"
0.2321053368819162,-0.0242130750605326,"18388,42885","18388,32600"
-0.2786069651741293,-0.1641791044776119,"18406,40442","40442,114329"
0.0873932697137117,0.154696132596685,"18414,63795","18414,123848"
-0.2842639593908629,0.0507614213197969,"18415,21895","21895,103498"
-0.0286363636363636,-0.029090909090909,"18422,30414","18422,19646"
-0.3111111111111111,-0.0542797494780793,"18428,20479","14275,20479"
-0.2879120879120879,-1.0,"18457,97826","18457,57243"
0.2966183574879227,0.1366459627329192,"18463,39583","39583,49862"
0.2578155425739069,0.020446096654275,"18464,24804","24804,47520"
-0.4482857966004033,-0.08,"18475,78074","24331,78074"
0.0270676691729323,0.1654135338345864,"18477,40724","18477,46164"
-0.2116352201257861,0.26875,"17081,114340","18626,114340"
-0.3928571428571429,0.3318452380952381,"18481,27955","18247,18481"
0.4115059221658206,0.1573604060913705,"3777,18482","18482,50502"
-0.1206896551724138,0.0258620689655172,"14840,18491","14840,46195"
0.0524856407209348,0.1336898395721925,"18447,19675","18447,112444"
-0.2456140350877192,-0.3671679197994987,"18496,42436","42436,112084"
-0.327485380116959,0.1111111111111111,"18499,114345","18499,57866"
0.2396363636363636,-0.0533807829181494,"8089,18502","8089,22418"
-0.1842105263157894,0.0328947368421052,"7388,18511","7388,38751"
-0.1707317073170731,-0.0585365853658536,"18518,114352","18518,23303"
0.2445414847161572,0.0442477876106194,"18521,27261","27261,70139"
0.5,0.0406091370558375,"18543,65110","18543,67584"
-0.1452569169960474,0.2445652173913043,"18546,107732","23759,107732"
-0.1958041958041958,0.0349650349650349,"18549,53147","53147,149115"
0.1359649122807018,0.1140350877192982,"18553,44406","18553,80292"
-0.0080105401844532,0.0474308300395256,"18563,114361","18563,34402"
0.5589007256445886,-1.0,"18572,55649","55649,56478"
-0.1866666666666666,0.05,"18573,114362","18573,144345"
0.8721461187214612,0.0410958904109589,"18576,42787","18576,61705"
0.4764184397163121,0.1702127659574468,"18581,114366","18581,115738"
-0.1787982413287738,0.2360926393029122,"9024,18601","7939,18601"
-0.35,0.075,"18612,42949","42949,74462"
-0.1573033707865168,-1.0,"18613,112107","89592,112107"
-0.2445414847161572,-0.8864628820960698,"17889,114370","42967,114370"
-0.1198891198891199,-0.0315126050420168,"17521,18262","17521,19480"
0.1424870466321243,-0.2307692307692307,"17665,18619","17665,106629"
0.0224399494310998,-0.145631067961165,"18628,59119","59119,70580"
0.1932379943502824,0.1271186440677966,"12962,20793","20793,35924"
0.4676311030741411,0.2142857142857142,"18633,36028","36028,122423"
-0.2059925093632958,0.0561797752808988,"17924,92469","12998,17924"
0.235042735042735,0.6,"11817,39824","35609,39824"
-0.0440331598226335,0.0419047619047619,"18638,26828","18638,70245"
0.2195238095238095,0.2133333333333333,"1155,18644","18644,125581"
-0.2307283359914938,-0.1915068043941629,"18645,25996","18055,18645"
-0.2607886904761904,-0.375,"18648,68071","44723,68071"
-0.1222222222222222,0.0466666666666666,"6158,114401","6158,130701"
0.1503378378378378,0.0990990990990991,"18664,22528","22528,96364"
0.8096885813148789,-0.0749185667752443,"18668,114408","3905,18668"
-0.3741496598639456,0.0680272108843537,"18682,114415","18682,101219"
-0.0296176628971459,0.007539041464728,"2359,114416","2359,60418"
0.1371571072319202,-0.1896551724137931,"18686,83155","81628,83155"
0.6875,0.1209677419354838,"18695,68028","68028,72239"
0.312362355013948,-0.5727499632946703,"17987,41211","17987,69491"
-0.3928571428571428,0.1285714285714285,"18698,26257","18698,49302"
-0.0185551888522185,0.0462046204620462,"18699,40881","18699,146108"
0.3804347826086956,-0.0881542699724518,"18704,75645","18704,110912"
-0.0958188153310104,0.0081736353077816,"18712,114433","18712,72611"
0.1943462897526501,0.829059829059829,"18713,21132","21132,23077"
0.8936170212765957,-0.0514872960132204,"18717,18718","18718,74506"
-0.3216374269005848,-0.3417956656346749,"18726,114439","18726,19856"
0.2894736842105263,-0.1325301204819277,"10521,69079","10521,21388"
-0.2570093457943925,-0.0804020100502512,"18756,114453","18756,32028"
-0.7193877551020409,-0.0851851851851851,"18759,114455","11965,114455"
-0.1286349640780021,-0.0769230769230769,"18762,68905","18762,30843"
-0.0848266458901441,0.2317880794701986,"11337,13862","11337,119822"
0.3240037950664136,0.0850439882697947,"1666,2345","1666,10180"
-0.0775418275418275,-0.1266846361185984,"18780,103471","18780,45537"
0.1812169312169312,-0.4,"18782,54521","18782,61431"
0.7746478873239436,0.1650485436893204,"18795,73846","65420,73846"
-0.1408450704225352,0.0915492957746478,"10585,27842","27842,51370"
0.8382352941176471,-0.127214741318214,"18807,24181","19206,24181"
-0.2633689839572193,0.1911764705882352,"18809,114468","18809,150666"
-0.1624634502923976,-0.3142857142857143,"18816,64102","64102,88996"
-0.1014760147601476,0.025830258302583,"9399,34011","34011,77053"
-0.2477477477477477,-0.2528735632183908,"18825,114470","18825,99710"
0.8056537102473498,-0.6206896551724138,"18827,26234","26234,96870"
-0.0804093567251462,0.0380116959064327,"278,114471","278,38773"
0.4435483870967742,0.1397849462365591,"12316,15041","15041,130342"
-0.3179190751445087,0.0751445086705202,"18837,26364","26364,82547"
-0.0761772853185595,0.0332409972299169,"18845,24965","24965,45745"
0.7453703703703703,-0.4406779661016949,"18847,42767","16271,42767"
-0.2115384615384615,-0.9230769230769232,"4087,18849","4087,40455"
0.2027541424093148,-0.0494296577946768,"13877,29312","13877,111420"
-0.2131782945736434,0.0891472868217054,"18853,47813","36671,47813"
0.2560449050086356,0.0569948186528497,"13848,46560","13848,117572"
0.0911088136469372,0.2123287671232876,"18869,44108","27173,44108"
-0.1549295774647887,0.1267605633802817,"18874,36553","23683,36553"
0.1359168907670636,-0.0551724137931034,"16463,40835","23921,40835"
0.0718603936281735,0.0478359908883826,"18880,22574","18880,126400"
-0.050322693179836,0.1020408163265306,"18887,36601","36601,122662"
-0.5445544554455446,-1.0,"18888,99325","99325,103711"
-0.0640279394644936,0.029103608847497,"18890,18891","18891,44225"
-0.2570093457943925,-0.0570284188441731,"18892,36701","36701,78010"
-0.0260731052984574,0.0516431924882629,"6240,35430","35430,97430"
-0.1169354838709677,-0.1272727272727272,"18922,114490","18922,64325"
0.9036777583187392,0.0700525394045534,"18932,52930","27187,52930"
0.5382101558572147,-0.0934579439252336,"18935,114279","18935,121729"
0.5175438596491229,-0.4,"18936,114491","105104,114491"
0.1565193965517241,0.203125,"18937,111287","12994,111287"
-0.2696078431372549,-0.2884615384615384,"18951,62007","62007,118404"
-0.4198473282442748,0.099236641221374,"18960,46428","46428,73624"
-0.1641791044776119,0.035820895522388,"16294,18962","16294,91369"
0.3900709219858156,-0.8765432098765432,"17161,114504","17161,160688"
-0.2412280701754386,0.219298245614035,"7622,26530","11646,26530"
0.5208333333333334,0.2782079646017699,"18982,113004","18982,97164"
-0.0989208633093525,-0.2667865707434053,"18984,111477","29638,111477"
-0.3970588235294117,0.0808823529411764,"18995,114519","18995,156459"
0.5680000000000001,-0.0735294117647058,"18998,114521","17400,18998"
0.45,0.375,"5171,10470","2172,10470"
-0.2007434944237918,0.0855018587360594,"5409,114529","5409,127956"
-0.0359379790635539,-0.3512658227848101,"19001,20780","19001,115777"
-0.1534090909090909,0.1136363636363636,"19010,114535","19010,117758"
-0.1529745042492918,0.1019830028328611,"19025,94713","19025,32722"
0.7081081081081081,-0.2142857142857142,"19026,109558","19026,94621"
-0.3,0.0555555555555555,"7935,19027","19027,76010"
-0.2709795544705523,-0.0909090909090909,"19030,30604","19030,30161"
-0.0437876299945265,0.0935960591133004,"19035,19889","19889,30941"
-0.0062893081761006,0.1194968553459119,"19036,37015","19036,34763"
0.2854930304594734,0.1318681318681318,"19038,23756","23756,46152"
-0.1928571428571428,0.0535714285714285,"12174,52289","12174,123652"
-0.0915254237288135,0.0322033898305084,"11648,114552","11648,27307"
0.2595918367346939,0.0857142857142857,"19042,82195","19042,80246"
-0.1021505376344086,0.0806451612903225,"11609,19046","19046,162571"
0.0939258404270668,-0.1447368421052631,"8979,114559","8979,41787"
-0.1611940298507462,-0.2916666666666667,"19049,114561","19049,32480"
0.5625,-0.2580645161290322,"19051,89384","34889,89384"
0.957875457875458,0.0421245421245421,"3413,19052","3413,41838"
0.0754664438874965,0.0827067669172932,"19063,76854","19063,59015"
-0.2337662337662337,-1.0,"2080,91802","2080,49118"
-0.0529361478266587,0.0547445255474452,"13613,17748","17748,142880"
0.269804822043628,-1.0,"13279,19069","13279,40028"
-0.1042471042471042,0.0231660231660231,"19070,28954","28954,31880"
0.5510204081632653,0.0182555780933062,"19077,41996","41996,60188"
0.0109041344843252,-0.0074596774193548,"19080,114569","19080,23305"
-0.4787234042553191,-0.3636363636363636,"8366,19081","19081,83249"
0.5294117647058824,0.2830188679245283,"19091,86816","19091,35913"
-0.2583732057416268,-0.1482042274847071,"12995,19093","12033,12995"
-0.1569767441860465,-0.0769230769230769,"19098,41203","15304,19098"
0.4426229508196721,0.5555555555555556,"19104,31200","31200,119943"
0.3,-0.0131578947368421,"19106,65196","25421,65196"
0.2431409649952696,0.0662251655629139,"13749,13956","13749,105588"
-0.1597633136094674,0.0414201183431952,"6579,19114","6579,75865"
-0.2588709677419354,0.625,"19115,114580","28316,114580"
0.0273505628666561,-0.1525423728813559,"19117,30418","19117,22037"
-0.2076923076923077,-0.2166666666666666,"19119,114582","19119,42753"
-0.3776223776223776,-0.0657439446366782,"19120,23621","23621,53022"
-0.2368421052631578,0.0745614035087719,"18368,114586","18368,31460"
-0.3103448275862069,0.1149425287356321,"19131,31722","31722,132570"
-0.1978021978021978,-0.0611510791366906,"19138,114593","19138,97558"
-0.5294117647058824,-0.1538461538461538,"19145,50277","41828,50277"
0.0538778311599176,-0.2682926829268293,"19146,21626","21626,59541"
-0.3233532934131736,0.1377245508982036,"19149,114598","19149,128530"
-0.4864864864864865,-0.0833333333333333,"19152,111510","19152,21360"
-0.0719887955182073,0.1357142857142857,"19156,37501","37501,38627"
0.1708683473389355,0.1176470588235294,"19157,104232","19157,60130"
-0.1626506024096385,-0.0386740331491712,"11688,19161","11688,24165"
-0.2297872340425532,0.0468085106382978,"19166,44068","19166,60664"
-0.2231404958677686,-1.0,"19168,114604","19168,153313"
-0.3461538461538461,0.0705128205128205,"19169,49578","49578,61890"
-0.3354037267080745,0.0745341614906832,"19171,32852","32852,154809"
0.2612870275791624,0.2844789356984479,"19182,85075","21491,85075"
-0.1033047735618115,-0.3461538461538461,"19184,39304","19184,59396"
-0.1736334405144694,0.0321543408360128,"8207,19187","8207,166299"
-0.4462809917355372,-0.18,"19188,23685","23685,31105"
-0.1304347826086956,0.0265700483091787,"19191,35130","35130,95423"
0.3330348420709866,0.2567567567567567,"19197,114612","19197,20967"
-0.1626506024096385,-0.4244249726177437,"19202,99061","19202,88584"
0.1650361833288662,-0.0353504167953071,"19210,31117","19210,47971"
-0.4354838709677419,-0.6470588235294118,"19217,55567","48826,55567"
-0.5567010309278351,-0.23,"16465,47904","47904,58028"
-0.216867469879518,0.1526104417670682,"19235,28439","28439,118632"
-0.1782178217821782,0.0495049504950495,"8559,19239","8559,48582"
-0.380281690140845,-0.0869565217391304,"19259,61349","61349,97527"
-0.4615384615384615,0.1965811965811965,"19263,21047","21047,33088"
0.1703470031545741,0.0904761904761904,"19266,61902","37480,61902"
0.5934065934065934,0.2178442028985507,"19269,69311","19269,90874"
-0.1617647058823529,0.0592006033182503,"19271,34433","540,34433"
0.7567567567567568,-0.0635838150289017,"18564,19275","6381,18564"
-0.2918918918918919,0.0702702702702702,"19276,33387","33387,64688"
0.2146619841966637,0.126865671641791,"19280,105781","38049,105781"
0.0254100254100254,0.1367521367521367,"19285,61150","19285,40899"
-0.1843003412969283,0.0580204778156996,"19290,40924","40924,64795"
-0.0672478206724782,0.0136986301369863,"1569,114627","1569,5122"
1.0,0.0997067448680351,"5396,114631","5396,11761"
-0.1942446043165467,-1.0,"19307,114633","19307,31264"
-0.1782178217821782,0.0429042904290429,"19317,55446","55446,151297"
-0.3648648648648648,-0.4583333333333333,"19327,97756","48911,97756"
-0.2797927461139896,0.1139896373056994,"19339,41085","41085,50508"
0.2704273504273504,0.08,"19347,114643","19347,59848"
-0.2755102040816326,0.0510204081632653,"6640,42788","42788,167810"
0.6983240223463687,0.1117318435754189,"14671,19363","14671,55709"
0.686046511627907,0.0351189676031724,"19364,114650","36430,114650"
-0.4251968503937008,-0.0602782071097372,"19367,98638","9164,98638"
-0.3970588235294117,0.088235294117647,"19369,78982","78982,91160"
-0.4488272921108742,-0.1427048431312823,"19376,114654","32765,114654"
-0.0915254237288135,-0.0497512437810945,"10351,19382","10351,28059"
-0.0996376811594202,0.0694444444444444,"19385,114658","108204,114658"
0.1146647015475313,0.0289855072463768,"19392,114662","18021,114662"
0.079295154185022,0.1983471074380165,"19394,74343","19394,21202"
-0.1736334405144694,-1.0,"19399,46532","46532,91798"
0.3824319140774837,0.0759493670886076,"19411,114668","19411,83766"
0.1394736842105263,-0.128,"5526,33503","15239,33503"
0.5655737704918034,0.1065573770491803,"19412,35773","10602,35773"
-0.2172131147540983,0.0901639344262295,"10310,114677","10310,129112"
-0.1199061032863849,0.1197183098591549,"19419,47345","19419,66751"
-0.1021890547263681,-0.088235294117647,"7435,10985","7435,30744"
0.0984604695385065,0.0599173553719008,"19423,38413","19423,83961"
-0.1402200120554551,0.0974133186571271,"19426,29340","19426,24680"
0.0186688311688311,-0.1278538812785388,"19340,39799","39799,123433"
0.0588719337534503,0.112087912087912,"7256,14718","7256,7599"
0.2071033938437253,0.0653061224489796,"10545,19440","10545,139627"
0.1217672413793103,0.08125,"3611,29715","3611,148613"
-0.3017751479289941,-0.1701030927835051,"19441,105960","15833,105960"
0.2053123575011399,0.0613487819370172,"19444,114690","12737,19444"
-0.0475763016157989,0.018850987432675,"77,64028","77,130664"
-0.0671679197994987,0.088,"19452,54436","54436,79921"
0.6235294117647059,-0.3070175438596491,"19455,66433","19455,46021"
0.263681592039801,-0.2209302325581395,"7745,19457","19457,120942"
0.1031746031746032,0.2142857142857142,"5325,47993","5325,27841"
-0.1514285714285714,0.0885714285714285,"19463,52784","19463,34727"
-0.2453703703703703,0.0694444444444444,"4397,79307","4397,18483"
-0.2746113989637305,-0.1028412469209207,"16985,63928","16985,110204"
0.1079429735234216,-0.0417827298050139,"19483,73527","22098,73527"
-0.1858695652173912,0.1478260869565217,"19484,62873","62873,84309"
-0.1444141689373297,0.0817438692098092,"19489,114725","19489,122401"
-0.4453781512605042,-0.1630434782608695,"19497,33420","19497,27234"
-0.2864864864864865,-1.0,"19502,66862","66862,93622"
0.1304812834224599,0.1411764705882353,"19511,29862","19511,45149"
-0.2236286919831223,0.0632911392405063,"19516,19964","19964,143121"
-0.062870699881376,0.062870699881376,"4830,18327","4830,19522"
0.4542568542568542,0.1818181818181818,"14446,18928","9331,18928"
0.0563792109381434,0.0845070422535211,"16710,114374","72436,114374"
-0.1827586206896551,0.0620689655172413,"19541,114745","19541,59949"
0.8369230769230769,0.04,"19544,114747","19544,150036"
0.1002118644067796,0.0233050847457627,"5222,19550","5222,94324"
0.8755868544600939,0.1126760563380281,"19553,19554","19554,115647"
-0.0686878109452736,0.1716417910447761,"12220,29068","29068,47309"
-0.3333333333333333,-0.0195250164272974,"19556,114751","19556,36387"
-0.0986964618249534,0.0651769087523277,"19563,27940","19563,119807"
-0.2111553784860557,-0.1451736912001118,"19574,114758","19574,57554"
-0.265,0.05,"19576,114759","19576,76559"
-0.1737704918032787,0.0950819672131147,"13660,24167","13660,37565"
-0.381294964028777,-0.3633093525179856,"19586,114761","19586,69657"
-0.0574869109947644,0.0890052356020942,"19588,28724","28724,138463"
-0.2119553072625698,-1.0,"15580,19639","19639,134586"
-0.2022900763358778,0.0839694656488549,"17494,19594","4927,17494"
-0.4274193548387097,0.25,"19610,54772","35133,54772"
0.017001675041876,-0.4347826086956521,"11807,34535","11807,82142"
-0.1582089552238806,0.0388059701492537,"19611,43811","43811,82147"
0.6428571428571428,0.1785714285714285,"19615,103910","21468,103910"
0.1060308555399719,0.3225806451612903,"19630,52121","19630,60369"
-0.2819148936170212,0.0531914893617021,"5864,19636","5864,161198"
0.4608695652173913,0.0807174887892376,"19643,32112","32112,52102"
-0.3081395348837209,0.2441860465116279,"19648,31936","17117,31936"
0.7523364485981309,-0.2456140350877192,"14191,19650","14191,139148"
-0.0758226037195994,0.0343347639484978,"2751,114778","2751,69526"
-0.1460055096418732,0.0413223140495867,"19659,49976","49976,72464"
-0.4183995788365359,-0.1818181818181818,"19665,58964","19665,35445"
-0.2345132743362832,0.084070796460177,"19677,20119","20119,134714"
-0.2523809523809524,0.2142857142857142,"19682,23669","23669,116474"
-0.1373056994818652,0.0310880829015544,"3124,114791","3124,89430"
-0.8347826086956522,-0.0246636771300448,"9670,111639","3851,111639"
-0.1286407766990291,0.0339805825242718,"19701,31131","31131,77867"
-0.2178951367781155,0.0892857142857142,"19704,97106","19704,53828"
0.1531791907514451,0.2417582417582417,"19724,109130","19724,77538"
0.6708860759493671,-0.0381944444444444,"19730,97464","15422,19730"
0.0438811188811189,-0.029585798816568,"19739,114805","47457,114805"
0.896551724137931,0.1551724137931034,"19740,114806","19740,136185"
-0.225531914893617,-0.3409090909090909,"19749,48220","48220,61851"
0.6768292682926829,-0.0335917312661498,"19750,55492","28798,55492"
0.3082581869957286,0.127906976744186,"15658,114810","15658,79474"
0.0389348928062123,-0.1595547309833024,"19773,113916","27890,113916"
-0.2348466257668712,-0.06,"19783,114812","19783,32441"
0.8159722222222222,0.1666666666666666,"19789,22144","22144,46320"
-0.1572700296735905,-0.0324958786679854,"19791,69403","8713,69403"
0.0113759479956663,-1.0,"19794,46581","46581,66186"
0.1722391084093211,0.0486322188449848,"19796,20278","20278,65650"
-0.0934744268077601,0.0211640211640211,"19797,112799","19797,62160"
0.1563440519562807,-0.3829787234042553,"10347,11168","11168,71452"
0.6794871794871795,-0.0071047957371225,"19800,114816","13436,19800"
0.0345671875265672,-1.0,"19804,38247","19804,100182"
-0.1172566371681416,0.0508849557522123,"19805,50716","48494,50716"
0.0978213507625272,-0.1279693486590038,"19812,53244","53244,65543"
-0.0582417582417582,0.023076923076923,"19816,46451","42404,46451"
0.169275291432298,0.057471264367816,"19818,74294","74294,144472"
-0.2910582444626743,0.1478260869565217,"19827,110392","65857,110392"
0.2181069958847736,-0.1839080459770115,"19837,114821","34571,114821"
-0.0592930444697833,0.0114025085518814,"6944,114825","6944,161868"
-0.1379310344827586,0.026525198938992,"12935,41726","12935,22042"
-0.2795698924731182,-1.0,"19844,114827","19844,124776"
-0.0333333333333333,-0.0174102285092491,"15907,50567","21397,50567"
-0.3939393939393939,0.1212121212121212,"19845,66471","19845,139282"
-0.1511627906976744,0.0290697674418604,"18398,94752","18398,159668"
-0.1142857142857142,-0.0809523809523809,"8916,114831","8916,111265"
0.65,-0.1944444444444444,"19847,114836","3060,114836"
0.3728897715988084,-0.253012048192771,"19848,70931","51336,70931"
0.3880597014925373,0.127906976744186,"19850,53438","53438,59353"
-0.1130434782608695,0.0826086956521739,"9490,114841","9490,117427"
-0.116591928251121,0.0224215246636771,"16313,100038","16313,142024"
0.3333333333333333,-0.2307692307692307,"19852,22241","19852,39206"
-0.2300884955752212,0.084070796460177,"19855,114847","19855,133534"
0.1271393643031785,0.0342298288508557,"2769,19857","2769,145418"
-0.5,0.1153846153846153,"16182,38443","16658,38443"
-0.0552142344211282,-0.1282051282051282,"19858,114849","19858,44947"
0.4313725490196078,-0.0728476821192053,"19860,55546","39831,55546"
-0.26,0.06,"12863,16214","16214,152598"
-0.1152993348115299,0.048780487804878,"19868,114858","19868,129277"
0.7536231884057971,0.1272727272727272,"19870,45510","11663,45510"
0.2933510638297872,0.0465425531914893,"1017,86299","1017,119643"
0.2342342342342342,0.1785714285714285,"19883,22567","22567,23130"
0.349618544600939,0.0610328638497652,"19885,114863","19885,59407"
0.1547619047619047,-0.0869565217391304,"12172,90681","90681,117916"
0.0578916715200931,0.0823529411764705,"19895,50113","50113,131478"
-0.2259759759759759,0.0763888888888889,"15757,19896","19896,33238"
-0.2047244094488189,-0.309100897271562,"19898,70671","19898,66381"
-0.074751548322051,-0.3,"19901,59362","19901,136078"
-0.1647376543209876,0.0679012345679012,"19902,114868","19902,108918"
0.3798324742268041,0.1235119047619047,"17732,19903","12627,17732"
0.2138119036801454,0.1032258064516129,"19907,28744","19907,36961"
0.1428571428571428,0.0685714285714285,"14393,68231","68231,89030"
-0.3005780346820809,0.0751445086705202,"19910,77357","19910,80400"
0.0506832298136645,0.0857142857142857,"19911,21702","21702,142705"
0.7657657657657657,-0.1317829457364341,"19913,114875","19913,62149"
0.3670003486229394,-0.1655797101449275,"18779,31831","18779,32574"
-0.1142533936651583,0.0698529411764705,"7378,11221","7378,8167"
-0.2175732217573222,0.0585774058577405,"10279,114884","10279,75408"
-0.7428571428571429,-1.0,"19930,21411","21411,161017"
0.6708860759493671,0.0696202531645569,"19936,35405","19936,107566"
-0.2148760330578512,-0.0327399872854418,"7874,109269","7874,114865"
-0.2363636363636363,0.0545454545454545,"16771,114887","16771,33916"
0.3561643835616438,0.2608695652173913,"12059,19944","19944,146007"
-0.2780748663101604,0.106951871657754,"19948,114888","19948,132401"
-0.3795620437956204,0.0802919708029197,"19952,114891","19952,126717"
0.2437229437229437,0.0785714285714285,"1381,8145","8145,33322"
0.0136759220886862,0.0944881889763779,"19955,44140","44140,89000"
-0.0782325244476638,-0.2786885245901639,"19957,22872","19957,116657"
-0.3376623376623376,0.0714285714285714,"19960,114897","19960,158902"
-0.2905027932960894,0.1508379888268156,"19961,40196","40196,40466"
-1.0,-0.0224032586558044,"19967,57477","6211,19967"
-0.2270742358078602,0.0698689956331877,"19969,95849","19969,67011"
-0.099047619047619,0.0476190476190476,"12677,13401","5996,13401"
0.5840000000000001,-0.2221052631578947,"19972,114902","19972,143167"
-0.1739130434782608,-1.0,"19973,114903","19973,93914"
0.8930041152263375,0.0761316872427983,"19978,114911","19978,118924"
0.4031007751937984,-0.3404255319148936,"19983,37732","37732,122001"
0.473544128606409,0.0462046204620462,"19987,40306","36245,40306"
0.2476190476190476,-1.0,"19988,41387","41387,77997"
0.2773809523809524,0.0692307692307692,"12117,110554","12117,116937"
0.1244444444444444,0.0266666666666666,"19140,19549","19549,29873"
-0.1985294117647058,0.0808823529411764,"12300,19993","12300,159358"
-0.2574257425742574,-0.0595224228305183,"19998,30003","21094,30003"
0.1681476418318523,0.0413533834586466,"20004,114923","20004,72026"
-0.1076604554865424,0.020703933747412,"14211,114924","14211,109944"
-0.1473087818696883,0.0453257790368272,"7454,114928","7454,21792"
-0.0719225449515905,0.0207468879668049,"20021,114934","20021,143555"
-0.1347150259067357,0.0336787564766839,"13307,26895","26895,150494"
-0.1452513966480447,0.0586592178770949,"20039,30011","30011,51942"
-0.0764705882352941,0.0264705882352941,"10148,20045","10148,136369"
-0.2307692307692307,-0.1083743842364532,"7134,104478","36055,104478"
0.0163406584560895,-0.3699186991869918,"10993,24160","24160,33949"
-0.098262898625875,0.083743842364532,"17092,69977","17092,26467"
0.8387096774193549,-0.8,"20048,114940","20048,88725"
0.8105263157894737,0.131578947368421,"20063,96415","43875,96415"
0.3768115942028985,-0.3095238095238095,"20064,112582","82421,112582"
0.2834799608993157,-0.275,"20073,45678","45678,111323"
0.682615629984051,0.0994152046783625,"20083,114950","20083,137381"
-0.1630094043887147,0.0564263322884012,"17442,58440","17442,136525"
-0.2385321100917431,-0.0676923076923076,"18585,20094","17601,20094"
0.3209876543209876,-0.3529411764705882,"20096,98353","29509,98353"
0.4176493710691824,-0.238095238095238,"20098,82853","20098,52511"
-0.13,0.0375,"20100,50584","20100,143957"
-0.1317314246762099,0.0337423312883435,"20113,39518","20113,96527"
0.527235354573484,-0.1307692307692307,"20117,25123","25123,34056"
0.0419580419580419,-0.1151515151515151,"20126,98616","20126,25612"
-0.2157676348547718,-0.0303071755353913,"20130,36558","36558,37894"
-0.1489971346704871,-0.0531041069723018,"20131,29575","27092,29575"
0.0094339622641509,0.1886792452830188,"20132,32064","32064,133014"
-0.3076923076923077,0.0769230769230769,"20136,53164","53164,74869"
-0.1448467966573816,0.0696378830083565,"15411,40854","40854,111293"
0.0825199645075421,0.2346938775510204,"20138,23110","23110,116224"
0.3517623363544814,0.0694864048338368,"20142,108007","20142,128529"
0.1109090909090909,0.1854545454545454,"20153,114965","20153,20600"
0.1650485436893203,0.2524271844660194,"20159,108394","10903,108394"
-0.4406779661016949,0.1440677966101695,"19244,114967","64907,114967"
0.0742267382413087,0.0729166666666666,"20175,44509","20175,75709"
-0.1056910569105691,-0.9410569105691056,"20176,35460","29949,35460"
0.1368421052631579,-0.2846153846153846,"12826,99205","12826,13803"
0.0307587149692412,-0.180327868852459,"20192,114971","24603,114971"
-0.2,0.1411764705882353,"17870,20193","17870,124169"
-0.1609907120743034,0.0495356037151702,"18176,32216","32216,36768"
0.3450980392156862,-0.0625,"9456,20204","9456,72226"
-0.3391584072335246,-0.0661478599221789,"17539,20212","3143,20212"
0.2092329714899201,0.0441767068273092,"20220,98337","20220,22508"
-0.1575757575757575,0.0303030303030303,"20234,107596","107596,137815"
-0.2795698924731182,0.0698924731182795,"20237,36849","36849,84488"
-0.3443708609271523,0.0728476821192053,"20238,39628","39628,98644"
0.2011015755091584,-1.0,"20251,108000","50936,108000"
-0.1704918032786885,0.0622950819672131,"20253,109782","6378,109782"
-0.2270742358078602,-0.1338028169014084,"20255,55893","25972,55893"
0.1179824561403508,-0.1955263157894736,"408,3294","408,19393"
-0.8387096774193549,-0.1030927835051546,"20263,114986","59738,114986"
-0.3270440251572327,-0.152335292298175,"20265,114987","29142,114987"
-0.2374429223744292,0.1141552511415525,"20269,114989","44715,114989"
-0.0040870296910686,-0.6756756756756757,"20272,114990","20272,44736"
-0.0885860306643952,0.0630323679727427,"20274,110779","29643,110779"
1.0,0.0839694656488549,"20277,114538","99728,114538"
0.8235294117647058,-0.2391304347826087,"20286,22669","20624,22669"
0.04236086494151,-0.2295081967213114,"20287,20819","20287,102184"
0.2315425131677953,0.0699774266365688,"3425,15918","15918,100346"
0.3722627737226277,-0.6296296296296297,"20291,95605","21373,95605"
0.0327700972862263,0.0506912442396313,"11277,42700","21127,42700"
-0.2098765432098765,0.0493827160493827,"20295,115004","20295,152101"
-0.3642857142857142,-0.0787401574803149,"20298,115006","20298,116267"
-0.5666666666666667,-0.2083333333333333,"20299,57622","20299,42293"
-0.0180327868852459,0.081967213114754,"20300,70165","20300,69895"
-0.2236842105263158,0.1140350877192982,"11818,112305","11818,117147"
-0.3290322580645161,0.1225806451612903,"20311,77784","20311,41795"
-0.2537313432835821,0.0646766169154228,"20312,32492","32492,57771"
0.0519916142557651,-0.6530521642619312,"17276,20313","17276,37891"
0.0790607654104586,-0.0943396226415094,"20321,41348","1590,41348"
0.1428571428571428,0.1944444444444444,"2335,38521","38521,51663"
-0.0941504754030591,0.1440677966101695,"20335,115040","20335,120118"
0.1233065689497224,0.0623376623376623,"5988,17250","5988,91461"
0.6296296296296297,0.0905923344947735,"1705,20339","1705,43426"
-0.0050149253731343,-0.0869565217391304,"20341,42233","20341,61194"
0.8225806451612904,-0.023851590106007,"20349,20815","20815,31805"
0.1554878048780487,0.0033333333333332,"1672,33279","33279,111489"
0.5730337078651685,0.1094890510948905,"20351,28151","20351,70606"
-0.0880829015544041,0.0362694300518134,"15120,115054","15120,130871"
-0.5862068965517241,0.0946211976884486,"14544,75399","31996,75399"
-0.2361111111111111,-0.2325581395348837,"20364,115060","20364,99140"
0.3248407643312102,-0.2352941176470588,"7895,24028","7895,62394"
-0.7391304347826086,-0.0886075949367088,"13987,51461","43302,51461"
0.2567504655493482,-0.2972972972972973,"20386,21824","21824,120831"
0.8097014925373134,0.1417910447761194,"20391,21706","21706,28229"
-0.1902985074626865,0.0485074626865671,"20395,115075","20395,149803"
0.0789275351396164,0.0358744394618834,"2786,19680","2786,67052"
-0.0119152877773567,0.064039408866995,"20404,45587","20404,81131"
-0.1902985074626865,-0.5238095238095238,"20405,23464","23464,73696"
-0.0703012048192771,-0.0980392156862745,"776,28420","28420,112640"
0.6136363636363636,0.0909090909090909,"20429,40344","40344,87454"
-0.2602040816326531,-0.1162790697674418,"20442,20601","20601,26781"
1.0,-0.0932423651721897,"1952,20454","1952,116488"
-0.3148148148148148,0.0617283950617283,"20458,111532","43539,111532"
0.5486725663716814,0.2212389380530973,"20459,76612","43736,76612"
-0.1910179022855079,0.1098901098901098,"20476,22523","22523,54573"
-0.5,-0.2592592592592592,"9521,52804","52804,91794"
-0.081967213114754,-1.0,"20495,72065","20495,75306"
-0.2417061611374407,0.1706161137440758,"20497,52074","30050,52074"
-0.3370748299319728,0.2142857142857142,"20500,52094","52094,131349"
0.2849802371541502,-0.198019801980198,"15338,20513","15338,47688"
0.0118985126859142,0.0833333333333333,"7411,50701","21472,50701"
0.1439948801820379,0.0553935860058309,"20518,115113","20518,45884"
0.2137259292431706,0.0454545454545454,"20519,27705","27705,147103"
-0.255,0.05,"20533,31013","12915,31013"
0.4146341463414634,0.2295081967213114,"14425,14870","12864,14425"
-0.255,-0.0280597014925373,"20552,72628","29202,72628"
-0.137466307277628,-0.9110512129380054,"20557,115121","20557,120852"
-0.0805946000606734,0.0586510263929618,"20564,64689","20564,55094"
-0.2151898734177215,-0.1508048132520706,"20566,50136","50136,73485"
-0.0169899665551839,0.0978260869565217,"20146,27043","20146,136207"
-0.2361111111111111,-0.0452508960573476,"20573,27044","27044,27758"
1.0,-0.4366197183098591,"20585,115126","14595,20585"
0.3,0.1262135922330097,"8570,42541","19108,42541"
0.0698551215792595,0.0376175548589341,"20603,52611","19928,52611"
0.2475728155339805,0.2241379310344827,"20612,29571","20612,38626"
1.0,0.0924369747899159,"13267,115134","13267,49198"
-0.1758620689655172,0.0448275862068965,"20617,50367","50367,151241"
-0.060931899641577,0.029868578255675,"20619,24963","24963,36523"
-0.0532464179682457,0.0393700787401574,"20631,115136","20631,141086"
-0.3893129770992366,-0.56,"20646,27158","27158,78213"
-0.0905861456483126,0.0284191829484902,"20680,30371","30371,69296"
-0.0831973898858075,-0.1578947368421052,"20687,50601","50601,61615"
-0.1869200579145305,0.1295336787564766,"20689,84402","36342,84402"
-0.2727272727272727,0.0695187165775401,"20699,115144","84543,115144"
0.8360655737704918,0.2391304347826087,"20700,48454","48454,91926"
-0.2997668997668997,-0.2837837837837837,"20701,85304","25253,85304"
1.0,-0.9220183486238532,"20708,29607","14310,29607"
0.1984435797665369,-0.0772946859903381,"20712,115146","13772,115146"
-0.227101483400047,-0.1090047393364928,"20717,110155","48565,110155"
0.5735699238373035,0.0909090909090909,"20722,115148","50840,115148"
0.01567129268673,0.0537190082644628,"20737,115151","10442,115151"
-0.0908118133827935,0.1627906976744186,"12799,20743","20743,66039"
-0.4409249287298067,-0.2083333333333333,"20746,45552","20746,22459"
0.2808988764044944,0.1513157894736842,"2214,33802","33802,36713"
-0.1915708812260536,0.0459770114942528,"12159,34919","12159,152019"
-0.2645502645502645,-1.0,"20751,115174","20751,113987"
0.241747936984246,0.0523255813953488,"20763,46004","20763,27552"
-0.18796992481203,-0.0637450199203187,"17936,115188","16275,17936"
0.7023809523809523,0.0833333333333333,"20769,75413","20769,145298"
-0.1204819277108433,-0.0243884629426798,"350,70967","350,30177"
0.1736111111111111,-0.2068965517241379,"20772,24530","20772,78222"
-0.1126126126126126,-1.0,"20773,111015","20773,39969"
1.0,-0.0756972111553784,"20778,31529","31529,62022"
-0.1773049645390071,0.0851063829787234,"18291,115196","18291,127048"
-0.4854368932038835,0.0970873786407767,"20781,115197","20781,94639"
0.3125450849236015,0.0542986425339366,"12248,20783","12248,154192"
0.903846153846154,-0.6,"20787,23973","23973,144120"
-0.2272727272727272,0.0454545454545454,"16223,115201","16223,100765"
0.009805785254887,0.0508982035928143,"3892,26684","3892,120142"
0.0965468639887244,-0.4814814814814814,"17361,58796","53358,58796"
-0.2890173410404624,-0.0248756218905472,"16344,82463","16344,38811"
0.3496503496503496,0.4660194174757281,"10998,114726","22184,114726"
0.6284956605593057,-0.5,"20821,31235","31235,51053"
0.0670498084291187,0.25,"20829,115224","41077,115224"
-0.2267156862745098,-0.1304347826086956,"20833,42234","20833,21901"
-0.2688172043010752,0.086021505376344,"20837,115234","20837,78238"
-0.3424657534246575,0.0684931506849315,"20840,45135","45135,92307"
-0.0884642604387827,0.0533333333333333,"9960,26030","26030,86847"
-0.3759398496240601,0.1278195488721804,"20843,86853","20843,63140"
-0.0749625187406296,0.0464767616191904,"14047,20844","14047,121827"
-0.205761316872428,0.0576131687242798,"18005,39097","18005,75759"
-0.7142857142857143,-0.140625,"11765,41221","34457,41221"
-0.4672897196261682,-0.3142857142857143,"20857,36591","36591,72424"
0.4,0.0725190839694656,"3118,14112","3118,133404"
0.0914850232801578,0.1194539249146757,"5107,16831","16831,30760"
0.5901639344262295,0.1147540983606557,"20863,115245","20863,146331"
-0.0181676560986905,0.0793650793650793,"3399,53261","47707,53261"
-0.0163261006951758,0.083539603960396,"20884,33915","20884,33966"
-0.0556306583097784,-0.251638387647006,"20889,115254","20889,67231"
0.1991341991341991,0.106060606060606,"20894,76089","20894,24815"
-0.1742160278745644,-0.0573888091822094,"13504,115256","13504,23719"
0.4672897196261682,-0.0465116279069767,"20895,115257","60468,115257"
-0.2427184466019417,-0.2119741100323624,"20914,82188","20914,88113"
-0.089126559714795,0.0445632798573975,"20917,21879","21879,126457"
0.0311330981937001,-0.0610380116959064,"10741,14600","10741,17403"
-0.1333333333333333,0.0266666666666666,"7530,25719","25719,48269"
-0.1365227129558339,0.0700636942675159,"20932,22979","20932,54696"
-0.2873563218390804,-0.1886792452830188,"20933,28348","28348,41190"
-0.1984126984126984,0.0634920634920634,"18781,20935","18781,47648"
0.0742456989712112,0.0255813953488372,"11522,30456","11522,126408"
-0.0459902718882514,0.0953947368421052,"20960,23072","20960,123216"
0.4371414471655049,0.0344827586206896,"20962,43799","43799,82129"
-0.1470588235294117,0.0647058823529411,"20972,44160","34232,44160"
0.819672131147541,0.0952380952380952,"20975,61541","61541,74572"
0.438106614902195,-0.6,"14676,20979","14676,46082"
-0.2403846153846154,0.0625,"20997,54830","54830,150756"
-0.1557632398753894,0.102803738317757,"14646,21001","14646,32975"
0.2777777777777778,0.1764705882352941,"7126,64645","64645,65887"
-0.1858736059479553,0.1561338289962825,"21006,54869","25545,54869"
-0.1529051987767584,-0.91131498470948,"21012,23054","23054,37776"
-0.3472222222222222,0.0902777777777777,"21015,72451","65111,72451"
-0.0225777057811076,-0.45,"21016,42328","11654,42328"
0.0267968226624557,0.0534979423868312,"13046,21017","13046,67014"
1.0,0.06,"21019,115285","21019,37933"
0.233190868341499,-0.2894413750767342,"21022,115286","21022,50046"
0.4238000442380004,-0.2771084337349397,"21023,111061","21023,26671"
0.7936507936507936,-1.0,"21035,83003","21035,53755"
-0.273224043715847,0.1305470485798354,"21036,24270","24270,26404"
0.8931623931623932,0.0299145299145299,"21038,22003","22003,77606"
0.7741078208048595,0.0334861754771816,"21039,27049","11991,27049"
-0.4065040650406504,0.08130081300813,"21040,105373","105373,134721"
1.0,0.1047619047619047,"21041,115293","21041,91836"
0.1683501683501683,0.1458966565349544,"9209,47992","9209,22699"
-0.0019654088050314,-0.5517241379310345,"21064,115299","66727,115299"
-0.1052760136785539,-0.3529411764705882,"21073,58837","58837,85950"
-0.2890173410404624,-0.40625,"21075,115303","21075,113643"
0.1536870026525199,0.0145888594164456,"17524,21089","17524,160911"
-0.2232142857142857,0.1741071428571428,"9705,48094","27814,48094"
0.0912106135986733,0.0711111111111111,"21113,115314","18378,21113"
-0.1519756838905775,-0.0422960725075528,"21114,115315","11827,21114"
-0.0865051903114186,0.0311418685121107,"21118,84025","61557,84025"
0.5555555555555556,0.4814814814814814,"21121,69119","21121,67771"
1.0,0.1616161616161616,"21122,115317","50001,115317"
-0.1908396946564885,-0.1739130434782608,"21123,28634","28634,98047"
-0.2427184466019417,-0.1418918918918918,"21150,22146","22146,33906"
-0.1851851851851851,0.0703703703703703,"21151,32254","32254,115335"
-0.3225806451612903,0.0709677419354838,"4161,78783","45095,78783"
0.8839907192575406,0.025522041763341,"21174,74055","74055,161395"
0.1878701729447998,-0.0547263681592039,"21177,115330","21177,113036"
-0.1479289940828402,-0.2,"21187,74299","36455,74299"
0.537037037037037,-0.0802139037433155,"21188,65840","21232,65840"
-0.5,-0.1363636363636363,"21196,115332","22735,115332"
0.6240601503759399,0.075187969924812,"21205,115095","99003,115095"
0.1875388762181215,0.0549450549450549,"21206,115334","14255,115334"
0.1632245169886741,0.0827067669172932,"21217,114574","21217,52822"
-0.3121019108280254,0.0636942675159235,"18211,23228","18211,118520"
-0.2168141592920354,0.0752212389380531,"16842,21222","21222,136450"
0.1914893617021277,-0.2152466367713004,"19520,26908","19520,43517"
0.276311859006273,0.1025765678172095,"5020,8852","5020,9989"
0.0401588702559576,0.0946601941747572,"8302,26589","8302,31472"
0.1755252469538183,0.0589680589680589,"5333,115354","5333,56935"
-0.2752808988764045,0.1011235955056179,"21231,44198","21231,135278"
0.1097222222222222,-0.3225806451612903,"7932,115361","7932,61963"
-0.2112068965517241,0.0775862068965517,"5521,93387","5521,135395"
0.6901408450704225,0.0947368421052631,"21242,25602","25602,135396"
-0.1306666666666666,0.0986666666666666,"6681,21247","6681,28862"
-0.2217194570135746,-0.1134020618556701,"21249,115374","21249,120918"
-0.1,0.0714285714285714,"21254,92681","21254,119666"
0.0484493073047858,0.0251889168765743,"19039,27925","19039,163453"
0.0151515151515151,-0.5217391304347826,"21261,31564","21261,94452"
-0.3303308221421552,0.0603394091766184,"20986,57549","19642,57549"
-0.1306666666666666,0.0293333333333333,"21267,115386","21267,92928"
0.0161616161616161,0.1259259259259259,"1650,2968","2968,4579"
0.6173350728912588,0.0899653979238754,"12563,115394","12563,125278"
0.1922281789831458,0.074074074074074,"21274,21275","21274,42270"
0.1497637222828062,-0.1379310344827586,"21277,68891","21277,78090"
-0.1278490566037736,0.112,"21281,51641","21281,37430"
0.9543568464730292,0.0456431535269709,"12424,21284","12424,110861"
-0.2951807228915662,0.072289156626506,"21288,115400","21288,54715"
0.9389027431421446,0.0124688279301745,"10830,21289","10830,70589"
1.0,0.0513307984790874,"21291,25669","25669,40968"
1.0,-0.4615384615384615,"21298,115407","21298,121290"
0.2587301587301587,-0.0757575757575757,"19021,33796","19021,34073"
0.6447368421052632,0.1836734693877551,"21307,101560","21307,53443"
0.1349935099274073,0.0293255131964809,"21308,27983","21308,141695"
-0.2237442922374429,-0.5,"21312,49859","21312,105882"
-0.0679611650485436,0.0624133148404993,"8321,10846","10846,35226"
-0.2207207207207207,0.1756756756756756,"21323,27485","27485,118169"
-0.4454545454545454,0.109090909090909,"21324,35154","35154,86848"
-0.0885964912280701,-0.2957746478873239,"21327,21882","21882,26764"
-0.2648648648648649,0.0648648648648648,"11006,63800","11006,97360"
0.1035886052534221,-0.3404255319148936,"21341,60719","21341,53421"
0.0976304046776427,-0.0748299319727891,"11384,17378","2344,11384"
-0.4117647058823529,-0.1265060240963855,"2216,21345","2216,5775"
-0.2784090909090909,-0.3469125214408233,"16411,115425","12670,16411"
-0.0462121212121212,-0.3142857142857143,"21374,115438","9471,115438"
0.2885002649708532,0.1529411764705882,"21383,30803","21383,51187"
0.490323402088108,0.0924369747899159,"21386,42987","21386,158860"
0.3740458015267175,0.0886075949367088,"21392,23147","23147,127806"
-0.3243451463790446,-1.0,"21399,69098","21399,151058"
-0.1849056603773584,0.1849056603773584,"21414,21415","21415,115449"
0.0003450953325855,0.2023121387283237,"21429,61386","21429,110037"
-0.2258064516129032,-0.0555555555555555,"13762,21433","13762,33099"
0.1157088122605364,-0.7777777777777778,"21434,48174","42394,48174"
-0.4152542372881356,-0.0953678474114441,"13317,115455","13317,39677"
-0.1521739130434782,0.046583850931677,"14809,21438","14809,71991"
0.0647444298820444,-0.1354166666666666,"15061,21446","15061,20493"
0.3179271708683474,0.0588235294117647,"21453,115461","21453,31610"
0.1842239185750636,-0.4639525021204411,"21456,54714","21456,136221"
-0.1374764595103578,0.1101694915254237,"21460,115464","20942,115464"
-0.5104166666666666,-0.2307692307692307,"21462,28023","28023,43674"
0.097560975609756,0.25,"21474,55743","21474,30518"
-0.3828125,-0.1145833333333333,"21475,113182","21475,34155"
0.131367292225201,-0.1463414634146341,"21488,115475","90693,115475"
0.1725352112676056,-0.012175255080168,"21490,31016","21490,118718"
1.0,-0.2,"3516,18109","3516,39748"
-0.288235294117647,0.1117647058823529,"21495,45828","45828,134665"
0.4579439252336448,0.2590361445783132,"21501,37806","4090,21501"
-0.2311320754716981,-0.0915094339622641,"21504,37817","33069,37817"
0.6049382716049383,0.0372881355932203,"4740,77465","4740,122190"
-0.2437810945273631,0.1044776119402985,"21515,35291","35291,131470"
-0.1177884615384615,0.0288461538461538,"21518,32029","32029,70204"
-0.0749235474006116,0.0229357798165137,"14158,18676","14158,50121"
-0.1384180790960452,0.059322033898305,"21522,35321","35321,131486"
-0.1944444444444444,-0.1225450632230293,"8784,115481","8784,23107"
-0.3121019108280254,0.1337579617834395,"21531,115482","52491,115482"
-0.4454545454545454,0.1272727272727272,"21532,77819","77819,147379"
-0.0106876386368219,0.0760233918128654,"21533,61218","6659,21533"
-0.2413793103448276,0.0935960591133004,"21543,68685","13920,68685"
0.1403803131991051,0.0335570469798657,"21546,23133","23133,36105"
-0.5632183908045977,-0.0662251655629139,"21548,64787","43869,64787"
0.8166666666666667,-1.0,"21557,115492","21557,68754"
-0.2578947368421053,0.0842105263157894,"21563,115131","68840,115131"
-0.5833333333333334,-0.1621621621621621,"21564,37019","34872,37019"
-0.2094017094017094,0.1111111111111111,"21566,39430","21566,42603"
-0.205020920502092,0.0585774058577405,"21582,115496","21582,65316"
-0.2177777777777777,0.0888888888888888,"21584,55462","55462,133114"
-0.2300469483568075,0.0516431924882629,"21585,65797","65797,91704"
0.0618181818181818,0.1038961038961039,"21586,44347","44347,68985"
0.3684210526315789,-0.0026143790849673,"21592,109539","21592,119304"
-0.25,0.0510204081632653,"21594,23752","23752,167671"
-0.1121281464530892,0.0389016018306636,"21602,28647","28647,63728"
-0.3288590604026846,-0.738255033557047,"21603,115503","27877,115503"
0.4478632478632479,0.0593406593406593,"21604,41078","41078,118203"
0.7083333333333333,0.0833333333333333,"21608,69854","69854,78569"
-0.1049250535331905,0.0835117773019272,"21610,23196","23196,73559"
0.6967741935483871,-0.8516129032258064,"21627,115506","21627,64893"
-0.0117764471057884,-0.1228070175438596,"21633,78852","22535,78852"
1.0,0.1339285714285714,"21639,115510","73904,115510"
-0.256544502617801,0.0785340314136125,"21640,98683","64324,98683"
0.2583333333333333,-0.7560975609756098,"21641,115511","21641,35639"
0.1317434195735649,-1.0,"5379,39644","5379,68540"
-0.1263988522238163,0.2439024390243902,"13432,115514","13432,22814"
0.5632183908045977,0.0956521739130434,"21655,115517","21655,95033"
-0.2033195020746888,0.0414937759336099,"21656,111264","22278,111264"
-0.2737430167597765,0.0782122905027933,"21677,115523","79382,115523"
-0.2425742574257425,0.0841584158415841,"21679,115524","21679,65841"
-0.3161290322580645,-0.3404255319148936,"21680,33412","33412,68006"
-0.4224137931034483,0.2241379310344827,"21701,115528","42998,115528"
-0.0217209690893901,0.0451127819548872,"21710,48198","21710,151821"
-0.0566037735849056,0.0141509433962264,"846,115533","846,96269"
0.1793276294183735,-0.2352941176470588,"21712,39855","14149,39855"
0.162531017369727,-0.2115384615384615,"12246,12561","11352,12246"
0.2114612295335186,0.0783132530120482,"18508,23645","23645,150534"
0.0956521739130434,0.1625,"21717,33890","21717,91795"
-0.2285714285714285,0.1047619047619047,"21721,98090","21721,26442"
-0.3333333333333333,-0.1169354838709677,"21722,37466","29269,37466"
-0.2171945701357466,0.0950226244343891,"21724,90749","21724,127100"
-0.2891566265060241,0.0783132530120482,"13352,55722","13352,116077"
-0.3582089552238806,-1.0,"21732,27432","21732,126956"
-0.1889763779527559,0.0905511811023622,"18279,66882","18279,128059"
0.3609022556390977,0.3,"18008,63523","59999,63523"
-0.516262024736601,-0.217391304347826,"21739,42400","21739,122075"
0.358618563058896,0.1631205673758865,"21743,46731","46731,128082"
1.0,0.2054794520547945,"21746,62713","34483,62713"
-0.3076923076923077,0.067075436640654,"21748,115560","21748,30550"
0.3934426229508196,-0.3333333333333333,"21750,32503","21750,97386"
-0.1867704280155642,0.046692607003891,"21752,115565","21752,152715"
-0.2874251497005988,0.0958083832335329,"21761,32526","32526,33898"
0.1935483870967742,-0.0289473684210526,"6962,87587","20240,87587"
-0.2758620689655172,-0.0571428571428571,"21763,50240","4874,21763"
0.4880341880341879,0.0611111111111111,"6611,115585","6611,120608"
-0.0397350993377483,0.009933774834437,"2255,115586","2255,86126"
-0.2420982735723771,-0.4,"21780,63276","26129,63276"
0.206578947368421,-0.3365025466893039,"21783,49052","21783,68338"
-0.0991735537190082,0.0227272727272727,"3658,14169","3658,16801"
-0.2981366459627329,0.124223602484472,"21798,28943","10537,28943"
0.4302811550151975,0.1422169811320754,"21799,25276","25276,48343"
-0.366412213740458,0.0916030534351145,"21802,33327","7788,21802"
0.119866975130133,0.0977443609022556,"21804,115610","21804,149508"
-0.1672473867595819,0.0557491289198606,"6365,21805","6365,11162"
-0.2608695652173913,0.1032608695652173,"21807,26723","26723,134061"
0.4947368421052631,0.2421052631578947,"21814,115615","21814,47039"
0.7512953367875648,-0.917098445595855,"21817,50914","50914,140359"
-0.0551724137931034,0.0298850574712643,"21821,111462","21821,125386"
-0.4210526315789473,0.1578947368421052,"10575,52736","10575,23258"
-0.2051282051282051,-0.1958379784466741,"15611,115620","15611,118636"
1.0,0.0962343096234309,"21828,41767","41767,91944"
-0.2152466367713004,-0.2058059948076468,"8781,10848","10848,115167"
0.2306201550387597,0.0426356589147286,"11273,95895","11273,159053"
-0.06,0.0175,"6369,54575","6369,75982"
0.4705882352941176,-0.2741935483870967,"15878,99664","64855,99664"
0.0357642357642357,-0.3846153846153846,"7148,115642","7148,155552"
0.1253263707571801,-0.1308411214953271,"21851,24087","21851,35871"
-0.2412060301507537,0.0603015075376884,"21857,115643","21857,62205"
0.3485086342229199,0.0549450549450549,"21867,115653","21867,102650"
1.0,0.1157556270096463,"21868,115654","21868,119373"
-0.1476923076923077,0.1384615384615384,"12834,21881","7859,12834"
-0.0066784317796463,0.022189349112426,"20443,99662","20443,71638"
0.2272606028274206,-0.2951730524366246,"21894,115665","28347,115665"
0.4093479968578162,0.0298507462686567,"21896,25847","21896,72818"
-0.1054945054945055,-0.9736263736263736,"14147,21897","4013,21897"
0.2860665362035225,0.0313111545988258,"2716,21900","2716,67659"
0.2033898305084746,0.1785714285714285,"21902,42088","18989,21902"
0.287936655798789,-0.2333333333333333,"21907,42104","21907,76165"
-0.1085972850678733,0.0610859728506787,"21909,115674","21909,40528"
0.3537913699204021,-0.1177327345551644,"21914,27623","18072,27623"
-0.2513089005235602,-0.5039751793678495,"21922,52073","45605,52073"
-0.1610738255033557,-0.8993288590604027,"21924,115678","21924,36381"
-0.2105263157894736,0.1096491228070175,"21930,42209","42209,126560"
-0.4137931034482758,0.2586206896551724,"7415,115681","7415,36397"
0.5647058823529412,0.3125,"6066,21946","6066,68278"
-0.2981366459627329,0.1490683229813664,"21947,45680","41278,45680"
0.0984848484848484,-1.0,"21951,37736","37736,100240"
-0.4285714285714285,-0.8660714285714286,"21960,39175","39175,72416"
0.5647058823529412,0.1937984496124031,"21961,115689","43962,115689"
0.0113268608414239,-0.4166666666666667,"21973,45780","45780,61441"
-0.2157917200170721,0.1333333333333333,"21975,22130","21975,50003"
-0.1481481481481481,0.0802469135802469,"21992,25596","25596,42411"
0.172063492063492,0.0933333333333333,"21998,44049","13800,44049"
0.7741935483870968,0.1698113207547169,"22015,115706","22015,60375"
0.5564116675839296,-0.1973684210526315,"22016,115708","42644,115708"
0.5217391304347826,-0.2101449275362318,"22020,99207","22007,99207"
0.129991356957649,-0.2720338983050847,"22029,26557","26557,51588"
0.1587878787878787,0.0545454545454545,"22031,115710","22031,72897"
0.2221793635486981,-0.2278481012658227,"22034,115712","22034,68839"
-0.1442675159235669,0.275,"22038,44195","22038,47676"
0.0558840869705036,-0.3958333333333333,"22044,25753","9544,22044"
0.0574173245735107,0.022801302931596,"18522,115719","18522,61909"
0.0099100687709398,0.0566037735849056,"22048,50314","22048,65324"
-0.4247787610619469,-0.1796875,"22056,115722","21965,22056"
-0.1504702194357366,0.0689655172413793,"15938,115723","47907,115723"
-0.3018867924528302,-0.0396039603960396,"22065,27156","27156,54907"
0.8875878220140515,0.0234192037470726,"22070,23156","23156,55874"
-0.1690140845070422,-0.6216216216216216,"22071,48678","48678,129010"
-0.16,0.1133333333333333,"22075,110123","32174,110123"
-0.1649484536082474,0.1305841924398625,"22077,114636","22077,28598"
-0.0757097791798107,0.0615141955835962,"22078,27847","27847,118292"
0.1545870161536117,-0.0730897009966777,"22090,58322","22090,107726"
-0.3555555555555555,0.0962962962962963,"22106,41104","41104,84167"
0.1266050333846944,0.0734463276836158,"22109,35549","35549,125786"
0.1209218796767435,0.046692607003891,"8478,23787","23787,90739"
-0.1266490765171504,-1.0,"22125,56024","56024,133272"
-0.396694214876033,-0.0865384615384615,"22132,115736","24651,115736"
0.04631217838765,0.1415094339622641,"22136,111886","36823,111886"
-0.0394412489728841,0.0180772391125718,"22145,27276","27276,130225"
-0.2696629213483146,0.0617977528089887,"22150,65441","65441,98597"
0.0129870129870129,-0.180327868852459,"18803,111878","18803,112202"
-0.2068965517241379,0.0646551724137931,"22154,35629","23831,35629"
-0.1714285714285714,0.1142857142857142,"22155,31355","31355,34441"
0.6233766233766234,0.026252983293556,"5024,110254","5024,122524"
-0.2211981566820276,0.0552995391705069,"22164,115741","91259,115741"
-0.1083521444695259,0.0609480812641083,"5697,115743","5697,41255"
0.2589996814272061,0.0439276485788113,"22174,58768","6264,22174"
0.4020767930451581,0.0396341463414634,"22180,79210","22180,149182"
-0.0033898305084745,0.0466101694915254,"19387,22185","19387,99184"
0.2861538461538461,0.0673076923076923,"22192,53270","53270,126462"
-0.3265306122448979,0.0748299319727891,"22195,114449","99497,114449"
-0.4848484848484848,-0.3870967741935484,"22207,44744","12398,44744"
-0.6714285714285714,0.1857142857142857,"22214,115753","22214,27710"
-0.1501597444089457,0.0575079872204472,"19164,22216","22216,120463"
0.8081632653061225,0.0938775510204081,"22220,115765","22220,77864"
0.3642072213500784,-0.891025641025641,"9950,22222","9950,62530"
0.4149454240134341,0.0428211586901763,"8056,115768","8056,37863"
-0.1117617563840836,0.065040650406504,"10366,17920","17920,136856"
-0.1696750902527075,0.0866425992779783,"22228,103320","22228,126876"
-0.2883435582822086,-0.0755555555555555,"16790,115775","16790,57497"
0.1275510204081632,0.1122448979591836,"14178,17179","14178,23718"
0.3484325568018406,0.0546448087431694,"10914,34253","10914,28165"
-0.4476190476190476,0.1523809523809524,"22233,115779","22233,60565"
1.0,-1.0,"22234,31038","31038,43991"
-0.0884481775846678,0.0501392757660167,"11451,52497","11451,92254"
-0.2155963302752293,0.0825688073394495,"22245,64058","22245,26152"
0.3958974358974359,0.0564102564102564,"22248,38431","22248,157044"
0.1261562178828366,-0.8776978417266187,"15820,22251","15820,36677"
-0.2070484581497797,0.052863436123348,"22253,87389","21287,22253"
-0.08348134991119,0.0373001776198934,"17303,104285","17303,22696"
-0.235,-0.2228787878787879,"22256,42927","22256,74916"
-0.1169544740973312,-0.2372881355932203,"19071,22257","22257,47589"
0.3285714285714286,0.1714285714285714,"22262,115797","22262,152644"
-0.3357142857142857,-0.0506644518272424,"22264,38694","22264,116316"
-0.1942148760330578,0.0495867768595041,"4731,115800","4731,60377"
0.3741032998565279,-0.8455284552845528,"22271,30075","22271,85241"
-0.1501597444089457,0.0766773162939297,"22272,23954","23954,127040"
0.2901234567901234,-0.0912280701754386,"22276,111928","27310,111928"
0.7014925373134329,0.5466666666666666,"19173,22280","19173,117521"
-0.6438356164383562,-0.0821917808219178,"9745,50479","9745,65594"
0.1986461251167133,0.0317460317460317,"15241,16643","15241,109371"
0.3983050847457627,1.0,"22284,84279","84279,102722"
1.0,0.1518987341772152,"22295,59423","59423,86184"
0.2431222008957133,0.0326295585412667,"10456,22303","10456,122588"
-0.1163366336633663,0.0594059405940594,"22304,115844","22304,125949"
-0.1002132196162046,0.0255863539445629,"15769,31139","15769,51682"
-0.1441717791411043,0.0460122699386503,"9925,22309","22309,84427"
-0.0654596100278551,0.0376044568245125,"14758,115861","14758,86932"
0.3405797101449275,0.2517985611510791,"17453,22320","17453,24278"
0.0436893203883494,-0.8932038834951457,"22329,49694","22329,130214"
0.7486631016042781,0.1016042780748663,"22333,115867","22333,134108"
0.3527163527163527,0.0808080808080808,"6328,55927","6328,139405"
-0.160958904109589,0.1541095890410959,"22341,23440","23440,116385"
-0.2098214285714285,0.0580357142857142,"22345,115239","22345,149746"
-0.0927102238354507,-0.0863309352517985,"6976,14681","14681,27263"
-0.3051948051948052,-0.4069264069264069,"22349,90122","22349,32669"
-0.2043478260869565,0.1347826086956521,"22351,115879","22351,121841"
-0.0985324947589098,0.0398322851153039,"21339,23117","21339,56858"
0.1750225835591689,0.0490394075915281,"17413,22360","17413,24148"
-0.1342857142857142,-0.1145833333333333,"22363,115886","22363,44217"
-0.2670454545454545,-0.3545454545454545,"8871,115887","8871,10742"
0.219708169955647,0.0815709969788519,"22376,41268","22376,124621"
-0.1561461794019933,0.0631229235880398,"22383,113740","22383,56976"
0.3587786259541984,-0.0925925925925925,"22395,60026","20639,60026"
0.3897435897435897,0.1666666666666666,"22396,115896","40828,115896"
-0.2248803827751196,0.0813397129186602,"20430,64950","19448,20430"
-0.1042128603104212,0.1042128603104212,"22398,22399","22399,115898"
0.1846622369878183,-0.391304347826087,"22400,60482","50725,60482"
-0.3012820512820512,0.0705128205128205,"22406,107253","22406,127557"
-0.2061403508771929,0.0526315789473684,"22407,115900","7808,22407"
1.0,-0.3950617283950617,"22410,22548","22548,34128"
0.4225868993214237,-0.3061562439119423,"22416,22443","22443,115911"
0.0837789661319073,0.288,"7202,22419","22419,32818"
0.0891216760676873,-0.0177963571215288,"10650,21884","10650,32948"
-0.0666666666666666,0.0241134751773049,"22426,51861","51861,63712"
0.734375,0.055,"13993,63792","13993,50700"
0.3852459016393442,0.0606060606060606,"9612,63837","9612,152425"
-0.2338308457711442,0.0895522388059701,"22451,36315","36315,72359"
0.4234234234234234,0.1495327102803738,"22457,65931","22457,140367"
-0.2146118721461187,0.0547945205479452,"22458,115915","22458,88259"
0.228526645768025,-0.1829268292682926,"22476,50724","22476,118719"
0.545704240826192,0.1300813008130081,"22490,77009","22490,66374"
-0.3733333333333333,-0.1126760563380281,"9917,22493","20152,22493"
-0.08236781124921,0.0810685095355173,"4950,115931","4950,26267"
0.0534296404073997,-0.144927536231884,"22506,24220","22506,118891"
-0.1298342541436464,0.0690607734806629,"22509,24340","24340,43943"
-0.2526881720430107,0.053763440860215,"22511,115934","22511,60971"
-0.0993657505285412,0.0570824524312896,"22527,115940","22527,40739"
-0.6619718309859155,-0.5238095238095238,"22552,115954","92324,115954"
-0.7580645161290323,-0.2577319587628865,"22074,22559","11933,22559"
0.7793427230046949,-0.1023622047244094,"22573,64719","44174,64719"
0.1835834068843778,0.2727272727272727,"22577,89704","89704,118264"
0.1592754150006058,-0.2331037050828523,"17679,115963","17679,111133"
-0.5,-0.0553191489361702,"22590,55656","55568,55656"
-0.0503580503580503,-0.1588785046728972,"22609,109485","22609,46885"
0.4234234234234234,0.3529411764705882,"22611,27117","12963,22611"
-0.2175925925925926,0.1898148148148148,"22000,115972","26405,115972"
0.1597368421052631,0.115,"22616,110430","22616,48179"
-0.3381294964028777,0.1079136690647482,"22626,111777","36215,111777"
-0.101511879049676,0.0280777537796976,"22633,42784","42784,83987"
-0.0969072164948453,-1.0,"22634,25129","25129,72841"
-0.2554347826086957,0.0597826086956521,"17853,44538","27889,44538"
-0.2901234567901234,0.1790123456790123,"22644,38181","38134,38181"
0.0580821917808219,0.0974280123008107,"22647,48316","22648,48316"
1.0,-0.1260504201680672,"22673,112290","18299,112290"
-0.7230769230769231,-0.53125,"22681,61804","61804,65465"
0.1719495091164095,0.0869565217391304,"22689,115986","22689,107825"
0.7661691542288558,-0.4492753623188406,"22692,35665","35312,35665"
0.4042040433793011,0.1030927835051546,"22695,110678","22695,106197"
-0.0865561694290976,0.0405156537753222,"1508,22698","1508,130261"
-0.0647797488538967,0.0370036956315739,"22701,50738","50738,122756"
0.2046291097385988,0.1240875912408759,"22707,114463","57761,114463"
-0.1482051282051281,-0.1176470588235294,"22708,110586","26513,110586"
-0.2080206378986867,-0.1095238095238095,"22709,42899","29429,42899"
0.0572546230440966,0.1531713900134952,"22711,56060","15448,56060"
-0.2554347826086957,0.0869565217391304,"22733,74455","69920,74455"
-0.1672727272727272,0.1163636363636363,"12157,79650","12157,21100"
0.1686850152905198,-0.0753768844221105,"22744,28683","28683,37746"
-0.1348973607038123,-0.053763440860215,"19603,110900","19603,23426"
0.4393823574377006,0.0900473933649289,"7503,74891","7503,89578"
0.1636904761904761,-0.0683229813664596,"22760,116005","459,22760"
-0.3150684931506849,0.3082191780821918,"4408,6309","4408,116291"
0.4466019417475728,-0.0943396226415094,"19462,31555","14277,31555"
-0.2408376963350785,-0.0232946354048106,"14036,116013","14036,109966"
-0.4035087719298245,-0.0424710424710424,"22775,43600","13129,22775"
0.0916543262111275,0.0521472392638036,"22786,68196","22786,137399"
-0.1493506493506493,0.0616883116883116,"22789,25196","25196,133652"
-0.0892857142857143,-0.2898550724637681,"22791,45130","45130,53944"
0.2564102564102564,-0.0838709677419354,"22795,51123","31895,51123"
-0.1508196721311475,0.1377049180327869,"19216,22798","22798,34510"
0.4191585760517798,-0.5416666666666666,"10986,111075","55115,111075"
-0.1554054054054054,0.0945945945945946,"8308,116043","8308,123629"
-0.1619718309859155,-0.1304329041735072,"11463,97976","11463,58412"
-0.079447322970639,0.0518134715025906,"10103,116054","7891,10103"
-0.1792717086834733,0.1142857142857142,"9357,10757","10757,153018"
-0.1932773109243697,-0.1624649859943977,"22817,116063","22817,135584"
-0.1554054054054054,-0.0744186046511627,"13692,116068","13692,26921"
0.1589490968801313,0.0827586206896551,"22829,49058","49058,120389"
-0.2053571428571428,0.0535714285714285,"16647,116080","16647,29570"
-0.0987124463519313,-0.066006600660066,"1934,9141","1934,26590"
-0.2017543859649122,0.0789473684210526,"22835,25263","6969,25263"
-0.238341968911917,-0.2096774193548387,"22837,28695","22837,45454"
-0.2555555555555555,0.0555555555555555,"22841,116089","22841,30647"
-0.1648745519713261,-0.3953488372093023,"21290,22842","21290,111971"
-0.0983108108108107,0.0625,"18148,44222","18148,164425"
-0.2584269662921348,0.0730337078651685,"11742,22852","11742,80729"
1.0,-0.4673913043478261,"22857,65924","28725,65924"
-0.2408376963350785,0.0985390612496856,"22863,58044","22863,32637"
0.1522388059701492,-0.0189189189189189,"911,116113","911,38910"
-0.1543624161073825,0.0570469798657718,"18381,22867","18381,63118"
0.0295731707317073,-0.1161290322580645,"22874,116118","22874,36718"
0.7711442786069651,-1.0,"22878,25331","25331,45178"
-0.3108108108108108,0.1081081081081081,"22883,116124","22883,67007"
0.199942396313364,-0.8248847926267281,"22886,30733","28252,30733"
-0.1602513747054202,-0.1690140845070422,"22896,116128","22896,23283"
0.1451104100946372,-0.2033898305084746,"3873,22898","8464,22898"
-0.1176470588235294,0.0460358056265984,"22121,116134","22121,136052"
0.0450933475127023,0.0673076923076923,"12057,55467","52764,55467"
-0.1199383802816901,0.0859375,"22912,31321","22912,159281"
0.1337453358208955,0.0546875,"5842,116138","5842,63673"
-0.3538461538461538,-0.5151515151515151,"22924,116143","22924,119153"
-0.2459893048128342,-0.2285714285714285,"15664,22927","15664,24403"
0.0778446330718814,0.0881057268722467,"11581,22928","22928,31237"
0.882051282051282,0.0282051282051282,"22929,29954","29954,56616"
-0.2787878787878788,0.0666666666666666,"22930,116145","22930,63000"
-0.2839506172839506,0.0987654320987654,"20104,22934","20104,44017"
-0.1508196721311475,0.1049180327868852,"22937,116148","22937,33836"
-0.3432835820895522,-0.3307086614173228,"22946,25468","25468,46580"
0.9308270676691728,0.0270676691729323,"22951,35017","35017,41880"
-0.1135802469135802,0.0444444444444444,"22963,116167","22963,60217"
-0.2044444444444444,0.0533333333333333,"22966,47671","22966,28239"
-0.2323232323232323,-0.4623154623154623,"22971,116171","22971,26681"
-0.3216783216783216,0.1048951048951049,"12460,15889","12460,70181"
0.0792063492063492,0.1111111111111111,"9855,88146","9855,126547"
-0.101751105066304,-0.0237623762376237,"23000,23563","23000,26716"
-0.1089619600257897,-0.0161847608656119,"23005,34085","25977,34085"
-0.1722846441947565,0.1535580524344569,"23009,26198","26198,117632"
0.2241653418124006,-1.0,"23015,39693","23015,67797"
-0.0799373040752351,-0.5652173913043478,"15573,23016","23016,129681"
0.2685987944843531,0.0980926430517711,"23017,47636","23017,30052"
0.6764705882352942,0.0329113924050632,"8250,23027","8250,150674"
-0.2773935202038588,0.1707317073170731,"23039,116197","14744,116197"
0.3608304498269896,-0.2388770276571204,"21588,116198","17690,21588"
-0.2801969533774426,-1.0,"21492,23051","23051,116067"
0.6666666666666667,0.1739130434782608,"23055,42441","42441,45744"
-0.0478106508875739,-0.1370558375634517,"23057,40712","23057,39931"
0.0133885438233264,-0.1761069340016708,"23063,116207","23063,24244"
-0.1932773109243697,0.1386554621848739,"22168,23069","22168,120841"
-0.7931034482758621,-0.0980392156862745,"23084,46085","46085,47766"
-0.2513661202185792,0.1311475409836065,"19877,77520","26749,77520"
-0.4181818181818181,-0.2545454545454545,"23090,23293","23293,34114"
-0.1337190613950498,0.0710382513661202,"21055,23094","21055,55171"
0.5576923076923077,0.0961538461538461,"23095,78828","78828,130553"
-0.1236559139784946,0.0913978494623656,"15632,57918","32061,57918"
1.0,-1.0,"23121,116227","23121,77181"
1.0,-0.4418181818181819,"23132,69708","38654,69708"
-0.4693877551020408,-0.303030303030303,"23140,40940","40940,105266"
-0.0364810330912026,-0.2083333333333333,"5542,114617","5542,71006"
-0.2222222222222222,0.1497584541062802,"7971,35436","35436,122054"
0.8095238095238095,0.1746031746031746,"23166,116238","23166,24722"
0.4299065420560747,-0.2191780821917808,"23171,90834","23171,36615"
0.6162907268170427,-0.0943396226415094,"22008,58588","22008,114813"
0.3770491803278688,-0.081967213114754,"22137,90624","22137,30819"
0.1170483460559796,-0.0095238095238094,"12135,110482","12135,79377"
-0.110576923076923,0.0288461538461538,"23210,50564","2004,50564"
-0.1735849056603773,0.0377358490566037,"23229,35619","35619,107602"
-0.4144144144144144,0.09009009009009,"10274,116262","59994,116262"
0.2129629629629629,-0.0462962962962963,"12317,114501","12317,48538"
0.4693877551020408,-0.4117647058823529,"21357,115236","21357,75190"
0.5168539325842697,-0.1594202898550724,"23268,53249","23268,49365"
-0.0011621669944573,-0.4937828129317491,"20325,48659","48659,65890"
-0.0309802963686696,0.0636704119850187,"23290,115526","65930,115526"
0.9261637239165328,-0.0767046264021199,"12736,23292","12736,29645"
0.1870155038759689,0.074074074074074,"23296,116272","7233,23296"
-0.1217410040939452,0.1764705882352941,"19418,50973","50973,66231"
0.1603007518796992,-0.0522149410222805,"11841,47550","30875,47550"
0.4166666666666667,-0.3225806451612903,"23302,28917","28917,99312"
-0.1965065502183406,0.0436681222707423,"23306,63548","23306,162044"
-0.2556818181818182,0.2386363636363636,"23309,116284","23309,117124"
-0.193798449612403,0.0888888888888888,"23310,52783","23310,107274"
-0.1660516605166051,0.07380073800738,"12742,116285","12742,131851"
0.0847925073112945,0.0714285714285714,"23314,24840","24840,39194"
0.4149750608978076,0.0858369098712446,"5788,24721","5788,46160"
0.1832706766917293,-1.0,"23317,116290","23317,147316"
-0.3688524590163934,0.0983606557377049,"23329,32053","32053,85597"
-0.2261306532663316,0.0753768844221105,"17931,23335","13388,17931"
0.239229986431479,0.1193181818181818,"23340,42314","42314,43113"
0.286624203821656,0.4827586206896552,"23347,54193","54193,117097"
-0.2045454545454545,0.0636363636363636,"15630,116318","15630,74909"
-0.2586206896551724,0.1149425287356321,"23351,116319","23351,116737"
0.2980132450331126,0.1063829787234042,"19342,23360","19342,97511"
-0.3082191780821918,-0.4444444444444444,"23374,116333","23374,53499"
-0.2710843373493976,0.0783132530120482,"19951,116337","19951,148983"
-0.131578947368421,0.0292397660818713,"6485,116338","6485,163594"
-0.0568181818181818,0.034090909090909,"19468,26484","19468,81767"
0.3477242302543507,0.3148148148148148,"23387,70623","23387,26812"
-0.1419558359621451,-0.1538188119251788,"2072,23435","2072,23436"
-0.1367781155015197,0.0972644376899696,"14535,23437","14535,83318"
-0.1097560975609756,0.0682926829268292,"23441,116386","23441,38703"
1.0,-0.1707317073170731,"23442,29859","29859,81425"
0.375,-0.1274509803921568,"13179,21957","21957,26765"
0.595047193748097,-0.9161676646706588,"23461,64422","64422,71237"
-0.2163461538461538,0.0769230769230769,"23462,27517","27517,140504"
0.4355461889708465,0.0593607305936073,"22899,76956","22899,81141"
-0.2911568409343715,-0.0021855269548324,"23467,60746","2570,23467"
0.8584905660377359,0.1320754716981132,"23474,45252","25367,45252"
0.0562073886158236,0.0840336134453781,"15735,20887","5589,20887"
0.3214285714285714,0.2403846153846153,"8434,23484","23484,43526"
-0.0984682713347921,-0.3809025465385469,"23485,32348","23485,37298"
-0.0919293892053465,0.0671140939597315,"19583,21076","21076,139563"
0.784,0.104,"23494,72229","72229,82414"
-0.3191489361702128,0.1063829787234042,"23498,63467","63467,71395"
-0.156794425087108,-0.3198606271777003,"18384,116421","18384,31870"
-0.2821472567042547,0.1721311475409836,"23507,95429","22322,23507"
0.5769230769230769,0.1489361702127659,"18480,29275","18480,60896"
0.4269230769230769,0.0423076923076923,"23518,116429","23518,130974"
-0.3879310344827586,0.0862068965517241,"23521,73441","13321,23521"
-0.073051948051948,0.0324675324675324,"16102,37578","16102,44519"
0.4795783926218709,0.0772946859903381,"23526,67514","67514,140815"
-0.039274322169059,0.0921052631578947,"20444,116433","78139,116433"
-0.2941176470588235,0.0849673202614379,"23532,71738","15942,71738"
0.1044083526682134,0.075187969924812,"22969,106788","106788,167673"
-0.0963597430406852,0.0813704496788008,"20463,23540","20463,118596"
0.3042626728110599,0.0443548387096774,"12712,23542","12712,159889"
0.1013745704467353,0.0618556701030927,"23545,61148","23545,126585"
0.1436303341258916,-0.0971223021582733,"23557,30889","5242,30889"
0.0928301886792453,-0.0585106382978723,"23567,36611","23567,45556"
0.3686046511627907,-0.5172413793103449,"10690,19341","10690,65010"
-0.3435114503816794,-0.1756756756756756,"4814,27914","27914,39342"
-0.1365283018867925,0.1792452830188679,"23583,116448","23583,134569"
-0.1914893617021276,-0.3077630822311673,"23597,76995","25522,76995"
-0.2008928571428571,0.0535714285714285,"23600,43889","43889,88638"
0.1106262530958839,-0.1875,"23608,41049","41049,50814"
-0.3571428571428571,-0.7301587301587302,"10199,23610","23610,27960"
0.2142857142857143,0.0611111111111111,"23611,72265","72265,95877"
0.0899532251090759,0.1019417475728155,"23613,42608","42608,52695"
0.2356020942408377,0.0890432098765432,"23617,29230","19558,23617"
0.2319587628865979,-0.4385964912280702,"23618,34569","34569,121532"
0.3027210884353741,0.2040816326530612,"23633,54903","54903,132934"
-0.1694788151481065,0.1904761904761904,"23637,60776","23637,40268"
0.6428571428571429,0.1186440677966101,"23640,116465","77599,116465"
0.0999999999999999,-0.1774193548387097,"17205,23644","23644,56164"
-0.1965065502183406,0.0480349344978165,"23646,116467","23646,144881"
-0.0031260618416581,0.1148148148148148,"8462,26290","8462,48667"
0.5976305397103994,0.0377358490566037,"23667,61828","23667,51554"
-0.3409090909090909,0.1590909090909091,"13305,23670","13305,52432"
0.8262548262548263,0.1003861003861003,"23682,106541","23682,25293"
0.0564568462037637,-0.3055555555555556,"23690,42613","42613,120414"
-0.4166666666666667,-0.0040832758224062,"23697,40905","23697,42201"
-0.1778656126482213,-0.070903756153156,"6452,107564","6452,31290"
0.7238421955403088,0.0943396226415094,"11702,79289","11702,84935"
-0.2319587628865979,0.1237113402061855,"23740,61864","23740,46107"
-0.3284671532846715,0.0948905109489051,"23748,91811","83845,91811"
0.3102014710585225,0.0628930817610062,"11954,23763","11954,161501"
0.5769230769230769,0.238095238095238,"23765,116496","23765,34508"
-0.2004722550177095,-0.1399568810636004,"5293,116498","30571,116498"
-0.3191489361702128,-0.9290780141843972,"23806,116502","23806,141559"
-0.1184210526315789,0.0526315789473684,"23808,50830","23808,55706"
0.3316087706331609,-0.3684210526315789,"23825,107822","23825,114398"
-0.2647058823529412,0.1470588235294117,"23830,44583","44583,126581"
-0.4245283018867924,-0.4782608695652174,"23840,41263","41263,96166"
0.5056179775280899,-0.5111111111111111,"23849,74221","23849,28337"
-0.2571428571428571,0.1257142857142857,"23857,109672","26733,109672"
0.371900826446281,-0.5227272727272727,"23861,110325","23861,46619"
-0.3358778625954198,-0.2,"20801,54929","20801,24146"
0.3366271409749671,0.0597826086956521,"23893,78495","23893,95747"
-0.0032114004716744,-0.4807692307692308,"17204,23898","17204,43018"
-0.1739130434782608,-0.2608695652173913,"7461,88525","7461,89445"
-0.0112554112554112,-0.2444444444444444,"17917,46651","17917,26575"
0.346938775510204,0.0816326530612244,"23901,116535","23901,25606"
0.1461794019933555,-0.4257425742574257,"6945,24878","24878,77646"
0.6271186440677966,-1.0,"23903,41418","41418,79721"
-0.1006864988558352,0.0732265446224256,"18335,23904","23904,120995"
0.446926208120238,0.1468531468531468,"23911,96872","52494,96872"
-0.5115551275878671,0.1791044776119403,"23913,116542","23913,142332"
0.0742857142857142,0.1,"23914,116544","23914,49049"
-0.2953020134228188,0.1073825503355704,"23926,54384","23926,67385"
-0.1921397379912663,0.0524017467248908,"23928,29702","29702,64848"
-0.0897959183673469,-0.0909090909090909,"23929,92368","20009,23929"
0.4607278917078706,0.1124260355029585,"18882,25381","25381,56994"
-0.4313725490196078,-0.4,"23936,116565","23936,94940"
-0.2420174165457184,0.1132075471698113,"23937,30588","23937,61149"
-0.3410852713178294,0.2325581395348837,"7553,8286","8286,122258"
0.2863849765258215,-1.0,"13252,23945","13252,127532"
0.0821428571428571,0.20625,"22563,27768","17666,22563"
-0.2222222222222222,0.0909090909090909,"23948,87054","23948,135416"
-0.188034188034188,0.1153846153846153,"13586,116573","13586,124345"
0.0981240981240981,0.1071428571428571,"23951,116576","23951,124351"
0.0923469387755102,0.0625,"23959,116589","8857,23959"
-0.171875,0.04296875,"13061,23960","13061,45999"
0.0694858050426841,-0.0266139657444005,"23968,28118","23968,102122"
-0.1040189125295508,0.0921985815602836,"14274,116594","14274,29138"
-0.1383647798742138,-0.065107626893436,"23969,116595","23969,54167"
0.411214953271028,0.3090909090909091,"23979,25549","23979,129536"
-0.2558139534883721,-0.064039408866995,"23982,102994","23982,94712"
0.4499999999999999,0.1875,"23987,90275","23987,115326"
-0.0529907084785133,0.1924603174603175,"12969,23988","15903,23988"
-0.1419354838709677,0.032258064516129,"14975,42796","14975,30291"
0.1383108935128519,0.1148325358851674,"24001,116625","24001,45019"
0.1619883040935672,0.0684210526315789,"5419,24007","5419,25921"
-0.2115384615384615,-0.026595744680851,"2520,52672","2520,29114"
0.1623616236162361,0.0977198697068403,"24012,26784","26784,122473"
-0.1428571428571428,0.0487012987012987,"24022,116646","24022,142851"
-0.1301775147928994,0.0532544378698224,"24025,69645","24025,59584"
0.3127759788048277,0.2209302325581395,"11012,18450","11012,119606"
-0.0950323974082073,0.0691144708423326,"24035,33667","33667,121184"
-0.001418439716312,0.1170212765957446,"24039,69876","24039,38876"
-0.4271844660194174,0.174757281553398,"24041,87328","24041,63994"
-0.2953020134228188,0.0671140939597315,"24048,116666","24048,164754"
-0.2365591397849462,0.1397849462365591,"24052,28992","28992,31925"
-0.0826627771677674,0.0869565217391304,"11772,68928","8285,68928"
-0.0231457127827459,0.0068385060494476,"2905,57323","2905,149808"
-0.2268041237113402,-0.8144329896907216,"24062,116673","24062,29874"
-0.3308270676691729,0.1578947368421052,"24066,116675","24066,51561"
-0.0579710144927536,-0.0829152731326644,"24074,30741","30741,119789"
0.3697478991596639,-0.1797752808988764,"16332,26795","16332,40572"
-0.5116279069767442,-1.0,"24077,116686","24077,160007"
-0.6173112338858194,0.2666666666666666,"24078,57716","24078,28001"
0.2363970588235294,-0.4144345238095238,"24096,98307","24096,95351"
-0.2558139534883721,-0.0923076923076923,"24105,71434","71434,88519"
0.1955555555555555,0.2397260273972602,"9223,60104","9223,30506"
0.4731182795698925,0.3414634146341463,"24124,67416","24124,72723"
-0.1290322580645161,0.0557184750733137,"15035,116714","15035,134385"
-0.1990950226244343,-0.1851851851851851,"22421,35035","35035,116104"
0.8148148148148148,-0.2702702702702703,"16731,29218","16731,119706"
-0.1268011527377521,0.0662824207492795,"24151,63829","47502,63829"
0.2711223203026481,0.0918032786885245,"24154,25495","25495,111267"
-0.247191011235955,0.146067415730337,"24155,116725","24155,125571"
1.0,0.1744186046511628,"24162,34144","24162,114446"
0.6118012422360248,0.144927536231884,"22471,24168","21440,22471"
-0.2105263157894736,0.1148325358851674,"20056,20710","20056,37551"
0.5217391304347826,0.1304347826086956,"24180,116738","24180,89829"
-0.126797385620915,0.0833333333333333,"24204,31297","31297,49552"
0.0566893424036281,0.5154707044107966,"24231,62223","13934,24231"
-0.5365853658536586,0.1219512195121951,"24233,84600","84600,104680"
-0.4782608695652174,-0.2857142857142857,"24240,73760","24240,75149"
-0.0728026043208049,-0.2340425531914893,"15885,30295","15885,63559"
-0.2328042328042328,0.2169312169312169,"24260,26281","26281,52351"
-0.0658682634730539,-0.2363398203592814,"6782,116762","6782,36540"
-0.1981981981981982,-0.137065637065637,"22687,24285","6767,22687"
0.3623076923076923,0.0961538461538461,"24293,46403","24293,70928"
-0.0956486042692939,0.0779220779220779,"24314,116775","24314,136712"
0.44,0.3894736842105263,"11775,22890","22890,118911"
-0.2244897959183673,0.0561224489795918,"21164,35420","35420,81679"
-0.1864406779661017,-0.1262135922330097,"24354,116786","24354,27692"
-0.2528735632183908,-0.1272727272727272,"24357,65042","14016,65042"
-0.1825726141078838,-1.0,"24360,116789","90327,116789"
0.7025459233000322,-0.0284932755869614,"24363,116791","16483,24363"
-0.2894736842105263,-0.0462519936204146,"24365,55890","55890,126779"
-0.1955555555555555,0.08,"24377,26436","26436,136835"
-0.1709624752422247,0.0705128205128205,"14215,24382","24382,96531"
0.8148148148148148,0.0814814814814814,"3171,42723","3171,90642"
0.4680851063829787,-0.1969696969696969,"24383,52982","24342,24383"
-0.1198910081743869,0.0572207084468664,"19352,69177","52873,69177"
0.1600765306122449,0.2448979591836734,"24386,115979","24386,44247"
0.8151260504201681,0.1092436974789916,"24390,36781","36781,125784"
-0.1955555555555555,0.0755555555555555,"24397,116799","65272,116799"
-0.1067961165048543,-0.4324324324324324,"24414,78766","66082,78766"
-0.3171575189647479,-0.0657894736842105,"24420,111124","24420,71056"
0.1571980143408715,0.0933660933660933,"12124,98498","28680,98498"
-0.1009174311926605,0.0252293577981651,"24425,34422","34422,98559"
-0.3859649122807017,0.1842105263157894,"21651,24439","21651,44594"
0.5116279069767442,-0.0913978494623656,"24448,111695","24448,26579"
-0.2095238095238095,0.1904761904761904,"24452,116810","27249,116810"
0.8,-0.2702702702702703,"24454,99028","46097,99028"
-0.1981981981981982,0.1306306306306306,"24458,109512","38280,109512"
-0.3859649122807017,0.2280701754385964,"24459,32383","32383,42904"
-0.0192377495462794,0.2620689655172414,"24477,28775","28775,118722"
0.6111111111111112,-1.0,"3616,116816","3616,6572"
0.1444012105490704,-0.9182879377431906,"24483,110124","24483,131248"
-0.1362229102167182,0.1300309597523219,"24484,110083","6403,110083"
-0.3495934959349593,0.1707317073170731,"24486,109092","2758,24486"
-0.270440251572327,0.1509433962264151,"19445,116821","19445,126836"
-0.1365079365079365,0.0571428571428571,"13741,99870","13741,135087"
0.3495934959349593,-0.1875,"11914,18100","18100,38901"
-0.0433467741935483,0.0141129032258064,"7504,77365","7504,130892"
-0.3675213675213675,-0.0970149253731343,"24493,116838","24493,51594"
0.1639083030472463,-0.0135098128708352,"7083,71929","15054,71929"
-0.1164887743835112,-0.0361888111888112,"7906,24501","24501,34098"
-0.2097560975609756,0.0208993179979193,"13189,116856","3220,13189"
-0.2590361445783132,0.1204819277108433,"24510,96883","24510,53482"
-0.1954545454545454,0.0454545454545454,"23331,116864","23331,28603"
1.0,0.2340425531914893,"12091,116868","11928,12091"
0.1220833333333333,-0.624313725490196,"18817,27070","27070,46114"
-0.3385826771653543,0.1732283464566929,"21126,24519","24519,43753"
0.7932692307692308,0.1298076923076923,"24526,116877","24526,124325"
-0.1628787878787878,0.0984848484848484,"24527,116878","24527,58437"
0.7971698113207547,0.070754716981132,"13701,116889","13701,70349"
-0.1755102040816326,0.0530612244897959,"16052,114587","14090,16052"
0.1541218637992831,0.2413793103448276,"13591,25460","25460,51282"
-0.1869565217391304,0.0913043478260869,"24537,74321","24537,34709"
0.3105518356037866,-0.3636363636363636,"24538,71374","58360,71374"
0.4621575342465753,0.2191780821917808,"20431,24542","20431,33689"
0.7413793103448276,0.0464135021097046,"24544,38916","38916,159658"
0.2736842105263157,0.1368421052631579,"24546,41998","24546,41556"
-1.0,-0.1494252873563218,"24548,49427","24548,27695"
0.0866814650388457,-0.44,"24553,116909","24553,118129"
-0.1004672897196261,0.0560747663551401,"24555,116911","24555,127109"
-0.2107843137254902,0.0784313725490196,"24556,116913","24556,66529"
-0.1638792102206736,-0.4915254237288136,"8879,24562","8879,55339"
-0.1498257839721254,0.0905923344947735,"24563,41590","41590,125270"
0.263803680981595,0.232,"24565,116920","38371,116920"
0.6056338028169014,0.1386138613861386,"24568,62859","62859,64954"
0.2274829931972789,0.2108843537414966,"15491,24573","15491,60319"
0.5012214079502554,-0.1948462929475587,"24575,116928","24575,34185"
-0.0695792880258899,0.029126213592233,"1074,88372","1074,82622"
-0.5058823529411764,-0.8117647058823529,"24581,87612","24581,35251"
0.1778846153846154,0.1394230769230769,"5985,24583","5985,34227"
1.0,-0.4743589743589743,"24589,29201","29201,118997"
0.6785714285714286,0.119047619047619,"24592,107102","107102,121206"
0.3583333333333333,0.1604938271604938,"1134,58660","42834,58660"
-0.180672268907563,-0.0901287553648068,"18352,24608","17791,18352"
-0.233695652173913,0.0815217391304347,"24611,116501","24611,142990"
0.3020604236601458,0.0552147239263803,"11001,107296","11001,135900"
-0.2263157894736842,0.1210526315789473,"15785,116952","15785,128360"
-0.2606060606060606,-0.3333333333333333,"24616,108130","24616,36581"
-0.0580217020894986,-0.2244897959183673,"12593,116956","12593,27304"
1.0,0.128,"3111,24628","3111,34493"
-0.3675213675213675,-0.1265822784810126,"24630,24875","8242,24875"
0.8915094339622641,0.0518867924528301,"9275,116959","9275,38112"
0.4673913043478261,0.2560975609756097,"24637,38727","27458,38727"
0.1122715404699739,-0.1428571428571428,"24640,49378","46210,49378"
-0.1628787878787878,0.0568181818181818,"24643,47139","47139,108538"
-0.1367648744697925,0.0839160839160839,"24649,37386","37386,154137"
0.2948301968418775,-0.2314049586776859,"24650,116967","26115,116967"
0.2443181818181818,0.1067961165048543,"3458,3863","3863,21549"
-0.0769230769230769,0.0518783542039356,"11675,24656","11675,37413"
0.7543859649122807,-0.087719298245614,"24658,69819","23434,69819"
0.121031746031746,0.0555555555555555,"3910,116975","3910,24705"
-0.2810457516339869,-0.2481751824817518,"23482,116978","21853,23482"
-0.166023166023166,-0.2239382239382239,"23548,116986","12447,23548"
-0.4831460674157303,0.1235955056179775,"24686,31872","31872,136174"
-0.2677777777777778,-0.1887179487179487,"19664,116992","19664,33843"
0.5401315789473684,0.0958333333333333,"15033,24703","15033,128549"
-0.4503317195624887,0.1666666666666666,"24710,37576","37576,40932"
0.3805309734513274,-0.2309393702836326,"11259,24719","11259,19374"
0.2270658263305322,-0.08,"24138,24725","24138,57713"
-0.1272189349112426,0.0917159763313609,"24747,108624","24747,114450"
0.3606706761436121,0.0847457627118644,"24756,71946","24756,132780"
0.0535074244751664,-0.1320754716981132,"24758,46559","25243,46559"
-0.1265432098765432,0.2962962962962963,"24761,44661","24761,33956"
-0.1155913978494623,0.0510752688172043,"19601,117005","19601,134511"
0.2736546422235363,-0.0759493670886076,"2294,4048","2294,5356"
0.0056249446363716,0.0471698113207547,"10935,24763","10935,112625"
-0.099537037037037,0.0277777777777777,"19328,117007","19328,154970"
0.1726907630522088,0.1351351351351351,"4225,37644","4225,71947"
-0.2570306038047973,0.1129032258064516,"24364,24770","24770,76857"
-0.0947136563876652,0.0859030837004405,"24567,26935","26935,27629"
0.7570621468926554,0.1073446327683615,"24780,117010","24780,134558"
0.3740887132191479,0.0966183574879227,"24781,34039","34039,132836"
0.1432291666666666,0.0520833333333333,"4241,4332","4241,54129"
-0.0895833333333333,0.025,"5535,24827","5535,155306"
-0.1295180722891566,0.0753012048192771,"22517,117022","22517,43961"
-0.0925039872408293,-0.3571428571428571,"24834,58297","4782,24834"
-0.2774193548387096,0.0774193548387096,"24842,36717","36717,89013"
0.344,0.1282051282051282,"24843,31977","24843,62709"
-0.5058823529411764,-0.1933333333333333,"24847,114867","24847,115504"
0.0785527082119976,-0.1587301587301587,"24852,28448","24852,60156"
-0.5512820512820513,0.2435897435897435,"24855,90916","9224,90916"
-0.2621951219512195,0.1585365853658536,"24856,117029","24856,42376"
1.0,0.2597402597402597,"24860,117031","24860,24907"
-0.1152159244264507,-0.1416666666666666,"24873,46047","46047,109132"
0.1088607594936708,0.3888888888888889,"24892,52447","24892,28936"
1.0,0.1223021582733813,"24924,111992","65905,111992"
0.0960913255504654,0.1683168316831683,"9150,61144","9150,120158"
0.1197771587743732,0.2857142857142857,"11939,24931","8159,24931"
-0.4343434343434343,0.1313131313131313,"24941,68715","24941,83448"
-0.3006993006993007,-0.079136690647482,"24943,117057","95846,117057"
1.0,0.0216962524654832,"24971,117072","24971,38650"
0.7413793103448276,0.2736842105263158,"24982,42783","42783,125798"
-0.2047619047619047,0.0809523809523809,"24989,39484","39484,65099"
-0.2559523809523809,0.0595238095238095,"24990,78419","78419,106900"
0.3045454545454545,0.1409090909090909,"24994,33218","33218,35518"
0.176954732510288,-0.2474226804123711,"10647,25002","10647,45076"
-0.2193877551020408,0.0612244897959183,"25011,78792","42855,78792"
0.0112647209421403,-0.1523809523809524,"16489,98197","16489,46141"
-0.2193877551020408,0.1581632653061224,"25014,117083","35558,117083"
-0.2885906040268456,0.174496644295302,"25031,42779","42779,125795"
0.2587553539934492,0.1224489795918367,"23231,25044","23231,61785"
0.197008547008547,0.032051282051282,"25049,29547","25049,25176"
-0.296551724137931,-0.070935960591133,"25058,85156","32300,85156"
0.3909090909090909,-0.0555555555555555,"25065,117098","9607,25065"
0.8135593220338984,-0.16,"25071,85262","22062,25071"
0.4387755102040816,-0.5263157894736843,"25076,33365","25076,116039"
-0.2756410256410256,0.1282051282051282,"25079,65991","55917,65991"
0.4126984126984127,0.0595238095238095,"25082,114984","24023,114984"
-0.137609649122807,-0.0078441295546558,"25083,29591","25083,38293"
-0.0728747336017049,0.0428994082840236,"25084,25085","25084,26523"
-0.2056766209308582,0.1016949152542373,"25089,115263","3477,115263"
-0.2375690607734806,0.0552486187845303,"25111,117100","25111,108600"
0.5733333333333334,0.0416666666666666,"25112,117101","47505,117101"
0.1351196880043034,-0.3333333333333333,"4288,6404","4288,60855"
0.6535606134609749,0.0821529745042493,"22558,117102","22558,37843"
-0.1726907630522088,0.1285140562248996,"25127,117105","34574,117105"
0.1063075832742735,-0.5454545454545454,"25133,117107","25133,30942"
-0.2485207100591716,0.2071005917159763,"25139,103299","25139,119551"
0.1279753158977372,-0.0044263775971093,"25140,49110","37280,49110"
-0.2545454545454545,0.0787878787878787,"2307,25141","25141,79637"
0.2530959752321981,0.1184210526315789,"25144,117114","25144,62556"
0.6086956521739131,-1.0,"20888,79062","41154,79062"
0.2952529994783516,0.382716049382716,"25149,117118","29663,117118"
0.0871369294605809,0.1122448979591836,"2252,117126","48943,117126"
0.4329896907216495,-0.1099476439790576,"3305,52593","52593,61214"
-0.2608695652173913,0.0807453416149068,"9654,24063","24063,104872"
-0.3,0.0714285714285714,"16158,117150","16158,162586"
-0.5384615384615384,-0.4133333333333333,"25170,117151","25170,32317"
0.7924528301886793,0.1132075471698113,"24865,25180","24865,152488"
1.0,0.1192660550458715,"14790,25199","14790,108787"
0.25,-0.0526315789473684,"25207,111377","6291,111377"
-0.1875,0.1383928571428571,"23148,25216","2009,25216"
-0.1561338289962825,0.1263940520446096,"20332,116541","20332,23588"
-0.1390728476821192,0.119205298013245,"25218,45845","21576,25218"
0.3999999999999999,0.087906976744186,"25225,63611","20577,63611"
-0.134185303514377,-0.2122318575992697,"8412,65624","8412,127976"
-0.0338235294117647,-0.0284863945578231,"20424,25231","25231,49736"
-0.5,0.2619047619047619,"5961,7117","5961,6065"
0.2625,-0.1262135922330097,"20347,82331","30950,82331"
-0.3307086614173228,0.1417322834645669,"25247,117207","25247,133431"
-0.2621216573611519,-0.0506912442396313,"25248,29771","25248,29134"
-0.2625,0.075,"25252,117211","25252,86270"
0.0917030567685589,-1.0,"12565,18314","18314,101126"
-0.1147540983606557,-0.048076923076923,"3255,93681","3255,59025"
-0.3043478260869565,0.1366459627329192,"2082,79436","2082,14556"
-0.2142857142857142,-0.303030303030303,"25272,117222","25272,37753"
0.0798306772908366,0.09375,"11151,13127","13127,26922"
0.5454545454545454,-0.0409556313993174,"21280,93369","21280,46949"
-0.4242424242424242,-0.34375,"25282,117229","25282,35267"
-0.1848904607525296,-0.5945945945945946,"20583,24593","20583,37529"
-0.2245989304812834,0.1016042780748663,"25285,42891","25285,61952"
-0.2592592592592592,0.074074074074074,"25286,67399","67399,73203"
-0.1794871794871795,0.1068376068376068,"25297,117236","17186,25297"
0.72,0.0666666666666666,"25298,117238","25298,55542"
0.1322368421052631,0.0625,"25308,65919","25308,101638"
-0.2180799690940699,-0.3859649122807017,"8259,89285","8259,49083"
-0.1012048192771084,0.0867469879518072,"4315,32069","4315,40259"
-0.1549815498154981,0.1070110701107011,"4968,25312","4968,26131"
-0.1837213254035683,0.1121495327102803,"18751,54203","52953,54203"
-0.0592324805339265,0.1129032258064516,"25318,38198","38198,77385"
-0.2641509433962264,0.0691823899371069,"25321,31356","25321,93741"
-0.2289617486338798,-0.1724137931034483,"25323,63166","22677,25323"
0.5685144124168515,0.1707317073170731,"17451,24236","17451,31116"
0.2545454545454545,1.0,"25326,105058","105058,106171"
-0.1377049180327869,0.0491803278688524,"25328,85202","25328,46553"
0.091859076433121,0.1401273885350318,"25332,86957","49284,86957"
0.7181208053691275,-1.0,"25345,27510","27510,149883"
0.8076923076923077,-0.943127962085308,"25349,55805","55805,154184"
0.443288084464555,-1.0,"25368,37802","25368,128967"
-0.220852764823451,0.1392405063291139,"20093,117273","6332,117273"
0.1935483870967742,-0.4545454545454545,"9733,23984","23984,152756"
0.1385991058122205,-0.0947797300738477,"10425,21862","10425,118195"
-0.2709677419354839,-0.488479262672811,"16729,25391","16729,30781"
-0.1909945571499257,0.1382978723404255,"16700,117280","16700,17551"
-0.0497041420118343,0.0248520710059171,"2625,5295","5295,110531"
0.7777777777777778,0.1703703703703703,"14615,25394","14615,28084"
-0.1272727272727272,0.0393939393939393,"25405,117287","25405,81574"
0.0104186046511627,0.3023255813953488,"25406,117289","6430,117289"
-0.1377049180327869,0.0754098360655737,"25413,111580","25413,36719"
0.3239780353874313,-0.0980392156862745,"25414,110999","106738,110999"
-0.1962616822429906,0.0607476635514018,"19234,37533","28733,37533"
-0.1438356164383561,0.0650684931506849,"25423,117293","25423,57184"
-0.1141304347826086,-0.1506849315068493,"10284,42115","10284,32829"
1.0,0.0866666666666666,"25432,117294","25432,150337"
-0.525,-0.5116279069767442,"25436,50317","50317,119759"
0.0960731986275257,-0.0353356890459364,"25437,26871","25437,46188"
0.1265060240963855,0.1752577319587628,"10161,25439","10161,95206"
-0.3387096774193548,0.2177419354838709,"25441,54481","25441,63762"
0.0155120481927711,0.1265060240963855,"25443,117297","53294,117297"
0.1696940726577437,0.0401529636711281,"25452,26884","26884,51918"
-0.25,-0.3392857142857143,"25454,38991","38991,124711"
-0.185022026431718,0.0881057268722467,"25480,49701","25839,49701"
-0.2121212121212121,-0.065989847715736,"25486,26421","26421,112173"
-0.4097262667443215,-0.2631975867269984,"25487,57604","25487,55097"
-0.1900452488687782,0.0995475113122171,"25488,117313","25488,129910"
0.0369404606692742,0.2033898305084746,"25504,67878","25504,110404"
0.2186544342507645,-0.3548387096774194,"25506,108307","25506,53495"
-0.1900452488687782,0.0678733031674208,"25508,117320","25508,72095"
-0.2781456953642384,0.1059602649006622,"15235,84507","45046,84507"
-0.2346368715083799,-1.0,"25517,117322","25517,82297"
0.0551948051948052,-0.9772727272727272,"25530,38021","25530,77087"
0.65625,0.0490196078431372,"20562,117330","20562,54447"
-0.4941176470588235,0.1176470588235294,"17029,110434","22364,110434"
-0.28,0.0666666666666666,"25536,60653","13419,60653"
-0.3114754098360656,-0.0393700787401574,"25537,117332","56420,117332"
0.2359550561797752,-0.3846153846153846,"20082,25540","4414,25540"
-0.208955223880597,0.0497512437810945,"5810,25544","5810,166735"
0.7653631284916201,0.1564245810055866,"25561,39201","39201,60789"
-0.3230769230769231,-0.2072072072072072,"25565,31983","13909,31983"
0.5316455696202531,-0.2156862745098039,"25567,40736","25567,70314"
-0.1484098939929328,0.1448763250883392,"7311,61523","7311,26271"
-0.4421052631578947,0.1052631578947368,"25569,30473","30473,36628"
-0.4941176470588235,-0.8470588235294118,"11082,117343","9539,11082"
-0.160919540229885,0.0689655172413793,"18048,20190","20190,60901"
-0.2346368715083799,-0.0273153476881614,"21058,25599","21057,21058"
-0.24,-0.066583850931677,"25605,50106","3883,50106"
-0.4565217391304347,-1.0,"25608,115116","29459,115116"
0.6379310344827587,0.0862068965517241,"25611,89455","53845,89455"
-0.5185185185185185,-0.1566265060240964,"21048,117351","21048,130894"
-0.4006085192697768,-0.0433673469387755,"25617,79587","25617,33484"
-1.0,-0.5,"25635,83990","48937,83990"
1.0,0.0984750323931027,"25648,39382","25757,39382"
-0.3442622950819672,-0.4042553191489361,"25660,78100","48881,78100"
-0.3157894736842105,-1.0,"23013,40965","40965,160956"
0.2812479256554928,-0.5185185185185185,"25700,34276","25700,124090"
-0.5833333333333334,0.1805555555555555,"25713,65133","65133,83968"
0.2202380952380952,-0.0083180708180708,"25716,58338","42245,58338"
-0.1647058823529411,-0.1249541543235999,"25741,44513","44513,111157"
-0.3853211009174312,0.1559633027522936,"25752,78746","65336,78746"
-0.5060240963855421,0.180722891566265,"25754,117378","73731,117378"
-0.1952380952380952,0.2755102040816326,"25763,117380","41148,117380"
0.4117647058823529,-0.2087912087912088,"25776,110791","25776,40721"
-0.4158415841584158,-0.3392857142857143,"25780,74131","56546,74131"
0.0317944899478778,-0.036144578313253,"25786,112220","5009,25786"
0.5185185185185185,-0.1509433962264151,"25794,117391","30423,117391"
0.4615384615384615,0.0818713450292397,"25801,84815","79163,84815"
-0.358974358974359,0.094017094017094,"25812,117399","25812,99172"
0.0679361179361179,-0.2027027027027027,"25815,109453","74222,109453"
0.1686746987951807,0.0976331360946745,"7011,12796","12796,32661"
-0.35,-0.1621621621621621,"25841,117404","25841,33822"
1.0,0.1360208419031948,"17886,117410","2322,17886"
0.0023480506214176,0.0304182509505703,"10414,34231","14418,34231"
0.6212121212121212,0.0897435897435897,"25866,117424","79365,117424"
0.148014440433213,-0.4047619047619047,"21161,46575","46575,63002"
-0.0143530997304582,0.1071428571428571,"22083,24026","22083,122157"
-0.0966981132075471,0.0613207547169811,"19413,117428","19413,125041"
0.7544910179640718,0.0778443113772455,"13573,25871","13573,97287"
0.8624161073825504,0.1208053691275167,"11160,25873","11160,29670"
0.640625,-0.1916666666666666,"25876,83768","38824,83768"
-0.3228346456692913,0.0787401574803149,"25879,117442","16615,25879"
-0.2992700729927007,0.2554744525547445,"25880,117443","25880,78803"
-0.2628205128205128,0.1089743589743589,"22956,29636","22956,137181"
0.5616438356164384,0.2195121951219512,"25882,51034","25882,124266"
-0.2192513368983957,0.1390374331550802,"25891,117459","25891,125124"
-0.1653225806451612,0.0927419354838709,"25894,98214","10002,25894"
0.4142857142857142,-0.2116788321167883,"14256,35733","14256,38170"
0.8530465949820789,0.043010752688172,"23336,117462","23336,53684"
-0.1880733944954128,0.1055045871559633,"25901,33509","33509,128068"
0.1701244813278008,-0.0586206896551724,"15504,25902","787,25902"
0.7819148936170213,-1.0,"25904,117466","25904,165441"
-0.0248769819573537,-0.1210526315789473,"25905,51460","25905,42456"
-0.0546115359199471,-0.3137254901960784,"12766,116506","68809,116506"
0.0236111111111111,-0.0555555555555555,"10124,25917","10124,72687"
-0.0855949895615866,0.068893528183716,"2825,117486","2825,120578"
-0.3796296296296296,-0.0160098522167487,"25928,63875","9294,25928"
0.4347678752965097,0.052863436123348,"17946,71070","17946,85968"
-0.1019900497512437,0.0422885572139303,"25933,117497","25933,137606"
0.5176470588235293,-0.2653061224489796,"25937,49409","35723,49409"
0.1267979332495461,0.0599078341013824,"25938,33954","33954,150535"
-0.1331168831168831,0.0844155844155844,"15480,117503","15480,125237"
-0.0233333333333333,0.0666666666666666,"22305,115290","22305,143482"
-0.1990291262135922,0.0631067961165048,"16672,117507","16672,149055"
-0.4456521739130434,-0.0477453580901856,"25944,27497","27497,45473"
-0.25,-0.3636363636363636,"25948,117510","25948,106474"
-0.207070707070707,0.0808080808080808,"25520,25970","25970,66587"
-0.2102564102564102,0.0871794871794871,"25975,28143","28143,62827"
-0.0088888888888889,-0.2,"25987,29303","25987,133164"
-0.1078431372549019,0.2,"14352,20838","14352,120179"
0.2484848484848484,-0.1990049751243781,"26013,29836","26013,78176"
-0.2907801418439716,0.1063829787234042,"26021,38793","4202,26021"
0.1992704058367533,-0.25,"15438,26031","15438,42190"
-0.1404109589041096,0.1027397260273972,"26033,31663","26033,36061"
-0.1180555555555555,0.0694444444444444,"11664,54040","11664,146249"
-0.1073298429319371,-0.1208706513939458,"8971,26054","8971,16100"
-0.3082706766917293,-0.0695488721804511,"26063,117571","26063,56267"
0.6666666666666667,-0.196078431372549,"3212,35560","3212,37126"
-0.1318327974276527,0.0321543408360128,"2600,26077","2600,23853"
-0.1694214876033057,0.0661157024793388,"12230,26096","12230,67317"
0.244047619047619,-0.2608695652173913,"25396,57439","25396,123741"
-0.2426035502958579,-0.1363636363636363,"6768,26111","6768,20422"
-0.0535248041775456,0.0509138381201044,"26119,33863","27566,33863"
-0.1037974683544303,0.0379746835443038,"14360,33872","33872,131250"
-0.0901098901098901,0.0571428571428571,"1974,26149","1974,42046"
0.5494505494505495,0.1428571428571428,"26162,50438","26162,68991"
0.5324675324675324,-0.10625,"26170,64444","47858,64444"
0.27122776821572,0.1686746987951807,"23460,71911","23460,144803"
-0.5189873417721519,-0.3111111111111111,"26177,82931","26177,114614"
0.0430468204053109,-1.0,"26178,114254","88713,114254"
0.1983934242480852,-0.0902777777777777,"26186,112128","26312,112128"
0.2411764705882353,0.3552631578947368,"24900,30043","24900,124367"
-0.1898148148148148,0.1157407407407407,"20971,112711","20971,96890"
0.6821705426356589,0.1705426356589147,"14670,117638","14670,49830"
0.0444444444444444,-0.2075471698113207,"26224,117639","26224,59021"
0.5122549019607843,-0.1229235880398671,"23576,24279","23576,84626"
-0.2426035502958579,0.1005917159763313,"26251,117645","26251,64249"
0.4555555555555555,-0.0933031674208144,"10894,26258","26258,38546"
0.0708260811353594,-0.175,"26260,47780","29149,47780"
-0.3228346456692913,-1.0,"26296,106988","99430,106988"
-0.1673469387755102,0.1510204081632653,"1422,117666","1422,29324"
-0.1348684210526315,-1.0,"26309,98738","72781,98738"
0.368548876745598,-0.410958904109589,"26319,72824","35868,72824"
-0.1798245614035087,0.0789473684210526,"26325,96905","61067,96905"
0.3609723609723609,0.0822510822510822,"26328,89637","57952,89637"
-0.1348684210526315,0.125,"20198,83366","28523,83366"
-0.1093333333333333,0.048,"26349,29375","29375,61165"
0.1434948979591836,0.0892857142857142,"26351,61172","55251,61172"
0.3783382789317507,0.0652818991097922,"26353,32108","32108,126259"
0.6985294117647058,0.088235294117647,"1427,117679","1427,26675"
0.4555555555555555,-0.1752190237797246,"26362,113301","17045,113301"
0.1469534050179211,0.2745098039215686,"26376,27817","26376,118283"
-0.1990291262135922,0.0631067961165048,"22161,26388","14370,22161"
-0.1459074733096085,0.092526690391459,"16828,24897","16828,91905"
-0.1138888888888888,-1.0,"3106,26395","3106,102181"
0.7918781725888324,-0.8071065989847716,"26396,114482","28581,114482"
-0.0995145631067961,0.0364077669902912,"26401,117688","26401,73227"
-0.4470046082949308,0.3387096774193548,"26406,33377","15474,33377"
-0.2411764705882353,0.1352941176470588,"26408,42617","42617,48160"
-0.328,0.08,"26422,83878","83878,167634"
-0.3129770992366412,-0.6946564885496183,"26425,27145","27145,78875"
-0.1062176165803108,-0.150865395215522,"26432,30451","13973,30451"
-0.1830357142857142,0.0491071428571428,"26438,90605","90605,161176"
-0.1001939237233354,-0.0972762645914396,"13308,113915","13308,52529"
0.7734806629834254,0.0552486187845303,"26448,117697","14532,117697"
-0.2252747252747252,-0.2028985507246377,"26491,58864","26491,32823"
-0.2369942196531791,0.0809248554913294,"26497,116259","34857,116259"
-0.2867132867132867,0.1118881118881118,"26501,84676","69558,84676"
0.3220551378446115,0.0827067669172932,"26508,117709","50746,117709"
1.0,0.0379310344827586,"26516,111703","36304,111703"
0.6666666666666667,0.0975609756097561,"26522,117713","26522,53034"
-0.243693204936932,0.1027397260273972,"3168,115748","3654,115748"
0.1894541600423953,-0.0817610062893081,"7938,110864","40004,110864"
0.0651315789473684,0.0361842105263157,"26552,114832","99618,114832"
-0.0919282511210762,0.0582959641255605,"26561,65953","42992,65953"
0.0023296643932743,0.1271186440677966,"26564,114664","26564,72211"
-0.2777777777777778,0.0763888888888889,"26569,78990","26569,156281"
0.0256612712198973,0.0738255033557047,"14605,54894","14605,139179"
-0.1290322580645161,0.0451612903225806,"4435,51611","4435,144722"
-0.3149606299212598,0.0866141732283464,"25874,49754","19925,25874"
-0.0205518018018018,0.0878378378378378,"7355,40459","7355,14751"
-0.2484472049689441,-0.4565217391304347,"10189,11066","11066,43037"
0.4545454545454545,-0.0824175824175824,"26581,90937","43188,90937"
-0.0858369098712446,0.0236051502145922,"26584,35266","35266,92194"
1.0,0.0743879472693032,"26593,117760","3491,26593"
-0.1941747572815534,0.0533980582524271,"14064,71558","14064,29416"
0.6804123711340206,0.1134020618556701,"26602,48874","48874,63921"
0.0242669362992922,-0.1573632538569425,"23284,34547","19826,23284"
-0.2083333333333333,0.0677083333333333,"16459,117775","16459,148609"
-1.0,-0.0721649484536082,"14049,26614","26495,26614"
0.0857142857142856,0.065,"26617,68323","26617,148638"
-0.108578431372549,-1.0,"26619,111600","26619,166250"
-0.2040816326530612,-0.1070184171229467,"11588,31506","31506,98191"
0.738562091503268,0.0980392156862745,"19651,42164","19651,142324"
0.0801532132217335,0.0431266846361186,"10063,61513","10063,13958"
-0.1786556603773584,-0.3113207547169811,"7042,16742","16742,122270"
1.0,0.1243781094527363,"26623,31907","31907,43861"
-0.2469135802469135,0.0864197530864197,"26626,90038","26626,103925"
-0.303030303030303,0.1136363636363636,"26629,55545","26629,51893"
-0.039570757880617,-0.0977443609022556,"6796,26630","26630,72502"
0.8449612403100775,-0.9341085271317828,"2527,97060","2527,5033"
-0.3883495145631068,0.2718446601941747,"26639,117800","26639,115769"
0.1663113006396588,-0.2926829268292683,"26605,37167","26605,28369"
-0.0970873786407767,0.0242718446601941,"3039,103214","3039,100645"
0.7843137254901961,0.10546875,"5728,26642","5728,124720"
1.0,-0.4137931034482758,"22084,26648","22084,44799"
-0.3333333333333333,0.2166666666666666,"25957,26652","26652,26937"
-0.1581027667984189,0.0395256916996047,"10309,27256","10309,100766"
-0.4395604395604395,0.1428571428571428,"21204,26655","26655,75525"
0.1063063063063063,0.1261261261261261,"19920,117693","19920,137773"
-0.3252032520325203,-0.1052631578947368,"25191,29769","29769,126542"
0.0552951075850462,-1.0,"3172,26679","26679,61110"
-0.2424242424242424,0.0666666666666666,"6142,46214","6142,10509"
-0.0734179446500969,0.1639344262295081,"20807,39607","20807,35963"
0.0287490287490287,0.0805555555555555,"16711,23400","23400,123002"
-0.2061855670103092,0.1185567010309278,"14563,18878","14563,15289"
0.5194805194805194,0.2608695652173913,"26700,35393","35393,136562"
-0.103030303030303,-1.0,"15782,17988","17988,132394"
0.7435897435897436,0.1602564102564102,"26708,117847","26708,126264"
0.2777777777777778,-0.1794871794871795,"26710,117848","23941,117848"
-0.158040027605245,0.0793650793650793,"23420,26713","19748,26713"
-0.1923076923076923,0.0769230769230769,"3713,4987","3713,63882"
-0.1990049751243781,-0.3409090909090909,"26721,117856","26721,28597"
-0.119047619047619,0.0297619047619047,"8059,19472","8059,164627"
-0.1223241590214067,0.0856269113149847,"26736,36335","26736,123770"
-0.2898550724637681,0.181159420289855,"26740,117868","26740,32641"
0.1086435601198117,0.0341463414634146,"20001,26741","20001,108482"
0.4095157179269329,-0.1818181818181818,"26742,115601","26742,29915"
0.9305555555555556,-0.0537790697674418,"23044,26760","23044,32341"
-0.1568627450980392,0.0509803921568627,"7583,9684","9684,80957"
0.7590361445783133,0.072289156626506,"26761,117875","26761,86924"
-0.3174603174603174,-1.0,"26766,117877","26766,154465"
0.8306451612903226,0.1451612903225806,"26786,117885","26786,136040"
-0.2298850574712643,0.1666666666666666,"26787,39371","26787,112296"
-0.1298701298701298,0.0519480519480519,"13510,17496","13510,122746"
0.4503482587064676,0.3466666666666667,"26803,28519","28519,42502"
0.6039603960396039,-0.4285714285714285,"26813,117898","26813,128309"
0.4,0.4605171208944794,"26818,117902","26818,39040"
0.0214885140289904,-0.0490463215258855,"26824,109748","26824,27753"
0.1590361445783132,0.1024096385542168,"26825,40339","40339,138254"
0.5980752405949257,0.0472440944881889,"26836,29963","29963,154558"
-0.1612903225806451,0.0403225806451612,"9987,117911","9987,100403"
-0.2353382330883455,-0.1443298969072164,"26840,29221","26840,36467"
0.2547770700636942,-0.1630434782608695,"26841,83667","70200,83667"
0.1454545454545454,-0.4638253638253639,"24808,33881","24808,31802"
-0.0863930885529157,0.0626349892008639,"7064,117922","2274,7064"
-0.0706713780918728,0.0265017667844522,"15838,68243","15838,119508"
0.0862937433722163,-1.0,"26882,40634","26882,39944"
0.2830188679245283,-0.2028985507246377,"4582,44305","30880,44305"
-0.2285714285714285,0.0628571428571428,"14471,79193","14471,95163"
0.2913832199546485,0.1020408163265306,"26891,83814","26891,112496"
-0.4597701149425287,-0.0122735242548217,"15103,45522","45522,83265"
-0.3817311527722377,-0.2941176470588235,"12481,20163","12481,75690"
-0.014137989489744,0.1294117647058823,"6064,72246","72246,86657"
-0.8,-1.0,"19356,26911","19356,50573"
-0.3333333333333333,-0.4107142857142857,"26913,39230","36865,39230"
-0.1078167115902965,0.0485175202156334,"23564,26919","23564,60435"
-0.1951219512195122,-0.0923076923076923,"9678,26928","9678,61558"
-0.1072386058981233,0.0723860589812332,"7550,26934","7550,40575"
1.0,0.0932203389830508,"26941,58370","58370,72674"
-0.3846153846153846,0.1057692307692307,"26947,117950","26947,77753"
-0.0404508810729827,-0.1468755726589701,"26953,49820","26953,111176"
-0.4761904761904761,0.0820725438851711,"7843,26970","3842,7843"
-0.3225806451612903,0.0806451612903225,"26137,32261","32261,104546"
0.2564102564102564,0.2720372675796152,"26979,52357","16758,26979"
-0.4597701149425287,-0.09009009009009,"26993,47794","47794,112108"
-0.1044386422976501,0.0443864229765013,"21297,64321","64321,138679"
-0.32,-0.3846153846153846,"19666,27010","19666,103798"
-0.2758620689655172,0.0689655172413793,"27017,117965","27017,45129"
-0.3174603174603174,0.1031746031746031,"27025,117969","27025,47287"
0.2285714285714285,0.1896551724137931,"27029,77618","27029,57752"
-0.1049868766404199,0.0393700787401574,"27039,31094","29254,31094"
-0.202020202020202,0.0909090909090909,"27045,117974","27045,136665"
0.0142857142857142,-0.1511627906976744,"27062,117977","27062,77308"
0.1334276284771334,-0.0446735395189003,"27073,42527","3831,27073"
-0.273972602739726,0.136986301369863,"27080,55266","55266,133050"
-0.0766283524904214,0.0344827586206896,"18895,27087","18895,61227"
-0.1061007957559681,-0.1704385123313956,"27088,111863","27088,34212"
0.4330065359477124,0.1764705882352941,"27097,115397","40945,115397"
-0.1834862385321101,0.091743119266055,"3762,27098","3762,55317"
0.206421850400908,-0.5,"2766,78974","2766,128411"
0.449438202247191,0.4615384615384615,"27105,44310","27105,41399"
-0.0200087629618811,0.1796407185628742,"13230,31211","11170,31211"
-0.150375939849624,0.1165413533834586,"23859,24999","24999,73490"
0.3361344537815126,0.074074074074074,"27114,73243","27114,106377"
0.3849206349206349,-1.0,"27127,106564","27127,128531"
-0.3636363636363636,-1.0,"27134,48436","48436,67813"
0.3761140819964349,-0.5666666666666667,"19921,117989","19921,50638"
-0.3007518796992481,-0.2120819289603319,"23262,30305","30305,90801"
-0.2649006622516556,0.0927152317880794,"14472,78922","14472,78439"
-0.0826446280991735,0.0475206611570247,"27149,34303","34303,48246"
0.4878048780487805,-0.1386138613861386,"27160,79449","79449,119997"
0.9541284403669724,0.0355504587155963,"27161,33235","19053,33235"
-0.145985401459854,0.0693430656934306,"27180,39543","39543,46335"
-0.1913875598086124,0.0574162679425837,"27197,110017","7577,110017"
-0.1025641025641025,0.0692307692307692,"27206,73759","41147,73759"
0.1379310344827586,-1.0,"21315,107412","21315,70946"
0.1709997319753417,0.0772357723577235,"26222,42790","26222,98555"
0.3361344537815126,0.0365535248041775,"5315,107890","5315,26485"
-0.1084010840108401,0.1056910569105691,"27240,27966","27966,118318"
-0.2040816326530612,-0.9285714285714286,"27248,35663","28726,35663"
-0.4301075268817204,-0.3111111111111111,"27253,118014","78188,118014"
-0.1725274725274725,-0.0670391061452514,"13568,112177","13568,30602"
-0.0423387096774193,-0.1078431372549019,"27265,118017","27265,123425"
1.0,-0.4761904761904761,"27277,118019","27277,73273"
-0.1785714285714285,0.1205357142857142,"27278,41349","41349,114819"
0.3720430107526882,0.1612903225806451,"27287,113909","27288,113909"
-0.2185792349726776,0.1366120218579235,"27289,111977","16589,111977"
0.4429580081753995,0.1367521367521367,"27291,114209","27291,68618"
0.4756097560975609,0.3773584905660377,"20537,41641","41641,59019"
-0.6610169491525424,-0.32,"13644,27298","13644,93421"
0.0939009858086881,0.1058823529411764,"762,31867","31867,40544"
0.1521502872224809,0.2631578947368421,"22751,66060","66060,80487"
0.2169682017543859,0.0745614035087719,"20759,27313","20759,137314"
-0.3362068965517241,-0.1408450704225352,"27316,97818","27316,71972"
-0.1959798994974874,0.0753768844221105,"23579,118048","23579,106761"
-0.3679245283018867,-0.1235294117647058,"19905,118051","19905,25442"
0.1780821917808219,-0.1788990825688073,"5476,6765","6765,6991"
-0.1295681063122923,0.0498338870431893,"16618,42807","16618,134543"
-0.0797619047619047,0.1142857142857142,"26762,36314","26762,43808"
0.3714285714285714,-0.1081081081081081,"27331,96295","6373,96295"
-0.2884679295446992,-0.0863309352517985,"27333,53157","27333,36915"
-0.1137026239067055,-0.9387755102040816,"22246,118056","22246,41829"
-0.1710526315789473,0.1491228070175438,"27334,118057","27334,120049"
-0.3577981651376147,0.091743119266055,"20416,27345","27345,45891"
0.5647489765136824,0.0950226244343891,"7842,14885","7842,130878"
-0.2785714285714286,-0.0704081632653061,"27357,95577","27357,48288"
1.0,0.1349206349206349,"27360,34196","34196,137415"
0.3260416666666667,-0.0730337078651685,"27368,77600","35903,77600"
0.7272727272727273,0.2337662337662337,"22342,118099","22342,135334"
0.1185770750988142,-0.146067415730337,"1782,27387","1782,29980"
-0.2867647058823529,0.088235294117647,"22955,41877","8975,22955"
0.1979766381576758,-0.2722204773869346,"27390,30054","30054,119109"
-0.023031045316577,0.0392467162525716,"27391,38102","4277,38102"
-0.134020618556701,0.0652920962199312,"1664,118103","1664,40648"
-0.1797235023041474,0.0921658986175115,"27398,118109","27398,126762"
0.3587936325278097,-0.108926303715538,"4778,11883","4778,55741"
0.5735294117647058,0.1592356687898089,"12054,27411","12054,126196"
-0.3545454545454545,-0.0685714285714285,"14528,118130","14528,63698"
0.6,0.0714285714285714,"27451,97086","97086,160843"
0.4627363737486095,0.0967741935483871,"25020,27463","25020,67631"
-0.4105263157894737,0.1263157894736842,"27467,40686","40686,43420"
0.1264231096006797,-0.322429906542056,"23568,109481","23568,49567"
-0.2746478873239437,-0.2314783006984999,"14817,54768","14817,18786"
-0.4250120250120249,0.2337662337662337,"12971,25314","25314,135878"
0.4585106382978723,-0.1237113402061855,"27472,76088","17462,76088"
-0.1875,-0.2281704781704782,"26735,112041","7066,26735"
-0.0890410958904109,0.0251141552511415,"6047,110974","6047,109758"
-0.7647058823529411,-0.0643086816720257,"887,54027","38724,54027"
-0.0933014354066985,0.0334928229665071,"26339,118171","26339,146210"
-0.2307692307692307,-1.0,"26036,27490","26036,160364"
0.2516129032258064,0.1375,"27492,51664","51664,155863"
1.0,0.1194968553459119,"21890,29918","29918,56945"
-0.0421836228287841,-0.1438848920863309,"27494,55704","55704,122723"
0.3823529411764705,0.0528820729772606,"27514,87091","5873,27514"
1.0,0.053475935828877,"27520,118186","27520,120233"
-0.203125,0.1354166666666666,"23715,34928","34928,125440"
0.2996632996632996,0.1414141414141414,"10508,50444","26451,50444"
-0.3305084745762712,0.0932203389830508,"10572,27533","10572,94140"
-0.1969696969696969,0.1313131313131313,"27546,118201","12689,27546"
0.312,0.0802139037433155,"13794,31742","13794,142181"
-0.1471698113207547,0.0641509433962264,"9071,117046","9071,77792"
-0.0005755395683452,0.1223021582733813,"20629,55443","55443,107308"
-0.0800821355236139,-0.2307692307692307,"6012,27558","6012,36269"
-0.168103448275862,0.043103448275862,"18125,118209","18125,102859"
-0.1725663716814159,0.0707964601769911,"14822,27567","14822,22027"
-0.2142857142857142,-0.4093406593406593,"27570,89351","27570,57363"
0.2241379310344827,-0.0806451612903225,"27574,30827","27574,76347"
-0.1254019292604501,-0.2492420762517225,"22977,38165","22977,118594"
0.2708333333333333,-0.1294117647058823,"11960,29141","11960,32854"
-0.125,-0.1929824561403508,"15855,21941","15855,94032"
-0.1189024390243902,0.0365853658536585,"27635,58351","27635,88423"
-0.1618257261410788,0.0580912863070539,"15417,113760","15417,16813"
1.0,-0.3181818181818182,"23118,57974","9459,23118"
-0.138187478381183,0.0952380952380952,"27670,30983","27670,27671"
0.0568359812038486,-0.4489795918367347,"8076,118251","48841,118251"
-0.2074468085106383,0.1170212765957446,"27693,118253","27693,64464"
-0.1959798994974874,0.0552763819095477,"27697,34071","34071,60452"
-0.1884057971014492,0.0483091787439613,"27698,118256","27698,113964"
-0.1780821917808219,0.0867579908675799,"27706,57693","57693,134668"
-0.0728571428571428,-0.119047619047619,"10947,50019","10947,138855"
-0.3305084745762712,0.135593220338983,"27717,118259","27717,68281"
0.3451327433628318,0.25,"25027,27722","27722,77911"
-0.7291666666666667,-0.0232067510548523,"22547,27745","27745,69397"
-0.2052631578947368,0.0578947368421052,"27755,118267","27755,33765"
-0.40625,0.125,"24308,64578","28791,64578"
-0.261744966442953,0.0939597315436241,"27777,37920","37920,77804"
-0.2785714285714286,0.2642857142857143,"27779,58151","28944,58151"
-0.1902439024390244,-1.0,"27780,118273","27780,29359"
-0.3939393939393939,0.1616161616161616,"27784,89712","27784,61041"
-0.4814814814814814,0.2222222222222222,"27785,61132","61132,73888"
-0.2039952996474735,-0.1264822134387351,"27793,118276","27793,33185"
-0.0681818181818181,0.0367132867132867,"22589,118278","22589,131531"
-0.1625,0.0666666666666666,"27816,48100","48100,141393"
-0.1034482758620689,-1.0,"3731,27832","3731,32155"
0.5342465753424658,-0.1023622047244094,"14372,64969","14372,60471"
0.1146715328467153,-0.144927536231884,"26416,38068","26416,42652"
-0.1921182266009852,0.064039408866995,"3107,27859","3107,83866"
0.3391304347826087,0.1720430107526881,"27861,118296","34292,118296"
-0.4382022471910112,-0.3823529411764705,"20636,27862","20636,26472"
-0.2020725388601036,0.1865284974093264,"27864,108220","30312,108220"
-0.1211180124223602,0.046583850931677,"27865,44380","44380,73435"
0.0979986197377502,0.0582010582010582,"27870,35519","35519,79983"
0.213605823068309,0.0744680851063829,"27880,39533","39533,147631"
-0.4482758620689655,-0.4516129032258064,"27945,48429","48429,65426"
-0.1238095238095238,0.073015873015873,"27946,38199","21430,38199"
0.1805555555555555,-0.1369047619047619,"27948,34426","27948,31549"
-0.5492957746478874,0.2676056338028169,"27951,58622","58622,73893"
-0.1349480968858131,0.0726643598615917,"27954,38219","38219,53055"
-0.4193548387096774,-0.4333333333333333,"27965,118317","62407,118317"
0.1002570694087403,0.1794871794871795,"27967,110640","24586,27967"
0.5131578947368421,-0.2972972972972973,"27973,84783","27973,35664"
-0.1848341232227488,0.0663507109004739,"27977,118319","27977,79183"
-0.1057504873294347,0.3026315789473684,"27982,118321","48541,118321"
-0.6724137931034483,-1.0,"6275,27987","6275,82214"
-0.2228571428571428,0.0571428571428571,"28010,110844","95843,110844"
0.1771428571428571,-0.4166666666666667,"28030,113091","28030,44514"
-0.2171717171717171,-0.0580985915492957,"28039,34202","28039,99315"
0.2667166416791604,0.0782608695652174,"4701,28041","4701,124628"
-0.2882969825644984,0.1414141414141414,"18277,28042","28042,130378"
-0.1490196078431372,-0.1870098039215686,"4505,118356","4505,97715"
-0.1217948717948717,0.0352564102564102,"5707,23513","5707,137903"
-0.1221748400852878,0.0785714285714285,"28046,69413","28046,78506"
-0.0887297633872976,-0.2702702702702703,"28047,118359","28047,72512"
-0.017094017094017,-1.0,"18269,36107","36107,111809"
-0.2043010752688172,-1.0,"28074,118393","28074,74707"
0.1938775510204081,-0.4230769230769231,"17613,28080","28080,143988"
-0.1513944223107569,0.0398406374501992,"6436,20867","6436,28648"
-0.1314878892733564,-0.511578387010913,"26611,63096","26611,101916"
-0.1958762886597938,0.056701030927835,"28087,118408","28087,83638"
0.4242424242424242,-0.803030303030303,"11578,50326","11578,148673"
-0.160337552742616,0.050632911392405,"14449,28100","14449,85837"
0.6666666666666666,-0.0273133302794319,"26775,28102","28102,37041"
0.0964467005076142,0.3265306122448979,"13997,25017","8364,25017"
-0.336283185840708,-0.1716182048040455,"21463,69570","21463,62910"
-0.1871921182266009,-0.916256157635468,"28111,99659","28111,131655"
-0.2733812949640288,-0.1023255813953488,"28113,118437","28113,109381"
-0.1989528795811518,0.0732984293193717,"28116,28349","28116,89973"
-0.1088825214899713,-0.5442577247734841,"8511,118442","8511,40008"
-0.1784037558685446,-0.1161823260236524,"11292,118446","11292,29733"
0.4523809523809524,0.1522745411013567,"28120,38120","38120,38121"
-0.1818181818181818,0.0717703349282296,"28126,64296","28126,142610"
-0.1038461538461538,-0.0735294117647058,"28127,117326","54336,117326"
0.2467532467532467,-0.4583333333333333,"28128,35928","28128,80709"
-0.304,0.08,"15083,118457","15083,100870"
-0.1674008810572687,0.1145374449339207,"5815,69154","5815,7900"
0.7037037037037037,-1.0,"28132,66566","28132,140372"
-0.1191222570532915,0.0971786833855799,"28137,118475","10845,28137"
-0.4935064935064935,-0.1219512195121951,"23076,28139","23076,37561"
-1.0,-0.0440097799511002,"28144,59507","26967,28144"
-0.1897264631043256,0.125,"17611,93203","86345,93203"
0.5757575757575758,0.1441441441441441,"28149,41350","41350,67392"
-0.2331288343558282,-0.5,"28157,56725","28157,70762"
-0.1938775510204081,0.0510204081632653,"28160,118499","28160,101308"
0.1466346153846153,-0.073170731707317,"28179,44373","44373,56065"
-0.2533333333333333,0.12,"28185,84834","12772,28185"
-0.0256707946336429,0.0367647058823529,"24614,118523","20387,24614"
-0.2992125984251969,0.1338582677165354,"17035,28212","17035,21878"
-0.1423220973782771,-0.9176029962546816,"28221,118535","28221,46977"
0.2699236641221375,0.0916030534351145,"24427,46312","24427,125673"
0.041049240681086,0.0878048780487804,"22353,117663","22353,136009"
-0.1319444444444444,0.0381944444444444,"28241,118541","28241,130791"
-0.1507936507936507,0.0833333333333333,"7039,63259","7039,19974"
0.4575163398692811,0.1437908496732026,"19524,28244","19524,61446"
-0.1727272727272727,0.1681818181818181,"5865,118545","5865,18329"
-0.2375,0.11875,"28249,55586","28249,125783"
-0.1134328358208955,0.0328358208955223,"19526,118551","19526,93998"
-0.3518518518518518,-0.8425925925925926,"28257,118553","28257,122325"
-0.3917525773195876,0.1649484536082474,"6831,43877","6831,116734"
0.036111111111111,0.2888888888888888,"28262,113535","28262,84534"
0.76,0.0943396226415094,"6594,28265","6594,143245"
0.4847359735973597,0.099009900990099,"24671,28270","19229,28270"
-0.1031309617326899,0.1343283582089552,"28271,117895","28271,106391"
-0.2303030303030303,0.0848484848484848,"28277,65434","65434,76023"
-0.2773722627737226,0.072992700729927,"28286,118570","28286,49615"
0.5383597883597884,0.0972222222222222,"28290,118571","22539,28290"
0.1124183006535947,-0.2,"28291,118572","23810,28291"
-0.2261904761904762,0.0773809523809523,"28292,42403","42403,57249"
-0.3518518518518518,0.1851851851851851,"21124,28293","21124,68992"
-0.1046831955922865,-0.0895522388059701,"11683,28294","11683,28812"
0.6302907618697092,0.062200956937799,"28295,63590","63590,81434"
-0.1107871720116618,0.0349854227405247,"10663,13477","10663,47322"
-0.0556368960468521,0.0292825768667642,"24816,118575","24816,54277"
-0.3725490196078431,-1.0,"4789,112065","4789,5889"
-0.1751152073732718,0.0921658986175115,"23252,28306","28306,132645"
0.2164335664335664,-0.063063063063063,"28308,118583","313,28308"
-0.2134831460674157,0.1067415730337078,"28309,118584","28309,65394"
-0.152,0.04,"13435,118587","13435,165775"
0.2533333333333333,0.1009174311926605,"28324,104294","40749,104294"
-0.1630901287553648,0.055793991416309,"28332,118590","28332,31125"
-0.2345629510825982,0.1637931034482758,"21403,21404","21403,110255"
-0.1397058823529411,0.0441176470588235,"28338,42027","42027,87927"
0.5179874869655892,-0.8613138686131387,"28368,39135","39135,117468"
0.6031746031746031,-0.0892018779342723,"28379,72213","7022,72213"
-0.0442890442890442,0.0314685314685314,"853,118611","853,1401"
-0.3392857142857143,0.1071428571428571,"28391,118614","28391,29878"
0.475,0.175,"28392,118615","18106,28392"
0.6333333333333333,0.2456140350877192,"2457,114424","2457,38563"
0.6229508196721312,0.1666666666666666,"13545,28410","13545,126608"
-0.3057689025430961,-0.3611111111111111,"3306,50665","50665,120878"
0.9478737997256516,0.0507544581618655,"28440,54910","29260,54910"
-0.2146892655367231,0.0621468926553672,"28446,118634","28446,96281"
-0.3333333333333333,0.131578947368421,"28447,89090","72525,89090"
-0.1938775510204081,0.1326530612244898,"28449,30137","30137,125664"
-0.2065217391304347,0.1576086956521739,"2452,28467","2452,123291"
0.1165449134199134,0.0677083333333333,"28471,47859","28471,82906"
-0.1767441860465116,-1.0,"19338,21033","21033,151454"
-0.1490901571546732,0.1202737940026075,"28482,118648","36914,118648"
0.5846153846153846,0.1024096385542168,"28491,118652","28491,138763"
0.6345238095238095,0.0297619047619047,"7211,105425","7211,21507"
-0.1759259259259259,0.0555555555555555,"15715,28530","15715,17291"
0.7886178861788617,0.1138211382113821,"28536,113866","28536,76079"
-0.3015873015873015,0.119047619047619,"28542,118663","48843,118663"
-0.1020923805763916,0.1610738255033557,"11417,22594","11417,46014"
-0.1919191919191919,-1.0,"28561,78093","51185,78093"
-0.1727272727272727,0.1181818181818181,"28562,118664","28562,42570"
-0.1835748792270531,0.1207729468599033,"28567,44266","44266,126684"
0.3723616089207486,-0.1421541826134499,"27823,52655","27823,64911"
-0.062250444989657,0.1479289940828402,"28575,39821","39821,44283"
-0.1214107365792758,-1.0,"28588,106435","74624,106435"
-0.0521662245800176,-1.0,"28599,36822","36822,73751"
0.2244897959183673,-1.0,"26511,28601","26511,95847"
-0.3333333333333333,-0.0725388601036269,"28604,73318","35613,73318"
0.7755102040816326,0.2777777777777778,"28619,84731","28619,48898"
-0.3166666666666666,-1.0,"28625,97944","33219,97944"
0.0965762561138283,0.0512820512820512,"3613,39814","3613,97951"
0.7916666666666666,0.5294117647058824,"28665,118694","28665,40010"
-0.3193277310924369,-0.109375,"28673,118699","78703,118699"
-0.3114754098360656,0.180327868852459,"28682,91122","46735,91122"
-0.1444866920152091,0.0836501901140684,"28686,114880","50644,114880"
-0.2111111111111111,-1.0,"28698,118706","28698,89029"
-0.1538461538461538,-0.6666666666666666,"11881,78970","55774,78970"
0.8068181818181819,0.2159090909090909,"28718,118707","28718,58523"
-0.1352313167259786,0.0889679715302491,"28731,69660","44622,69660"
-0.2835820895522388,0.1417910447761194,"15993,28734","15993,58699"
-0.5066666666666667,0.0581818181818181,"28749,118512","62032,118512"
0.1288770053475936,-1.0,"28750,91608","28750,148882"
0.2585034013605442,0.1891891891891892,"28770,118721","28770,77954"
0.002415458937198,0.072463768115942,"28781,108759","108758,108759"
0.7361111111111112,0.0902777777777777,"28786,65943","65943,85233"
-0.2913385826771653,-0.5,"28793,118730","28793,43010"
-0.0355178992256761,-0.046189376443418,"28801,34593","34593,67568"
0.0324265241680835,0.1015422141789283,"28802,29159","2901,28802"
0.0201760821716801,-0.2268041237113402,"28806,47279","1111,28806"
0.5697674418604651,-0.475,"28807,30129","28807,103030"
0.151639344262295,0.1871980676328502,"13903,41764","41764,49985"
0.1413305237808549,-0.880794701986755,"28810,56762","28810,135118"
-0.2517006802721088,0.238095238095238,"19538,78441","19538,47929"
-0.1256410256410256,-0.5,"28817,80687","80687,155351"
-0.1868686868686868,-0.5405405405405406,"6745,118764","6745,115445"
-0.2551724137931034,0.096551724137931,"28821,87874","5465,28821"
-0.1957671957671957,-0.1009174311926605,"23320,101463","23320,25016"
0.8836477987421384,0.0754716981132075,"14245,118775","14245,126915"
0.0406238498343761,-0.2902097902097902,"20753,28827","15032,28827"
1.0,0.08130081300813,"27668,118782","27668,41022"
0.3245614035087719,-0.0862068965517241,"15680,28836","4617,15680"
-0.1280276816608996,-0.40625,"28840,118787","28840,123911"
0.0785108268962897,0.1226415094339622,"28858,51369","51369,80584"
0.8983050847457628,0.0720338983050847,"28098,28859","28098,62520"
-0.1968085106382978,0.1595744680851064,"28865,118815","28865,122289"
0.4597878921785241,0.136986301369863,"28870,81896","29050,81896"
-0.2434210526315789,0.0986842105263157,"28871,75005","70419,75005"
0.1813385826771653,-1.0,"12358,28876","12358,70481"
0.8944954128440367,-0.1123853211009174,"28878,36919","36750,36919"
-0.1355311355311355,-0.2040816326530612,"5780,118828","5780,10715"
-0.1468253968253968,0.0714285714285714,"28882,118830","28882,135547"
-0.5441176470588235,-0.1217948717948717,"28902,118844","23086,28902"
0.1510204081632653,0.0185185185185184,"28903,32679","32679,57756"
0.3737373737373737,0.2336448598130841,"28905,42010","42010,42393"
0.0553842504743832,0.1290322580645161,"20344,112456","36886,112456"
-0.1098765432098765,-0.3111111111111111,"17518,114969","29434,114969"
-0.1229235880398671,0.0398671096345514,"14518,45010","45010,153320"
0.4462463302111001,0.0546623794212218,"10751,118868","10751,65635"
-0.2102272727272727,-0.1153846153846153,"16986,28926","16986,39259"
0.2228915662650602,0.0231884057971014,"13606,14521","14521,66642"
-0.2371794871794871,0.0833333333333333,"28930,118872","28930,99192"
1.0,0.0661157024793388,"21793,28933","21793,57200"
0.2536732929991357,0.095505617977528,"28937,36954","28937,132235"
0.3775510204081632,0.1036585365853658,"11874,45068","11874,68434"
-0.2483221476510067,-0.6296296296296297,"28955,118887","28955,102713"
-0.3333333333333333,-1.0,"28962,56687","56687,62301"
0.480612577386771,0.1515151515151515,"28990,32676","32676,36058"
-0.3032786885245901,0.081967213114754,"28996,51671","28996,69956"
0.1970108695652174,-0.2444444444444444,"29000,30383","30383,31695"
-0.3737373737373737,-0.1477272727272727,"13482,29004","13482,85013"
0.6336633663366337,-0.4838709677419355,"15572,118912","15572,66275"
0.6265979381443298,0.0446735395189003,"5795,25701","25701,83838"
-0.3363636363636363,0.3,"29014,32689","32689,97962"
1.0,-0.4390243902439024,"29022,91869","2174,91869"
-0.0775058275058274,0.0833333333333333,"29026,113302","29026,159173"
0.2632190316885048,0.0805687203791469,"29027,54580","54580,63889"
-0.0782808697280094,0.1942446043165467,"14378,29034","29034,40288"
-0.2067039106145251,0.0558659217877094,"29038,118927","29038,165286"
-0.0492474757096589,0.1049723756906077,"6963,18353","6963,33543"
0.1039165237278444,-1.0,"29058,35328","35328,167166"
0.4933333333333333,0.1096774193548387,"28287,83597","64764,83597"
-0.2054158607350097,-0.3548387096774194,"29063,118936","29063,90258"
-0.1485943775100401,0.0401606425702811,"1533,118937","1533,23323"
-0.4391487192557665,-0.0961538461538461,"29076,118945","29076,33708"
-0.1434108527131783,0.0891472868217054,"29081,118949","29081,47358"
-0.1101190476190476,0.056547619047619,"29091,118952","29091,134386"
0.4461538461538462,0.0738461538461538,"29103,29104","29104,45432"
-0.1615720524017467,0.1179039301310043,"29107,118961","29107,124681"
0.3557692307692308,0.2222222222222222,"29108,118962","29108,41915"
-0.1770334928229665,0.0717703349282296,"20923,118967","20923,114605"
-0.2551724137931034,0.1793103448275862,"29116,40444","40444,64216"
1.0,0.425,"29117,118969","15983,29117"
-0.0846681922196796,0.05720823798627,"24136,29119","24136,43716"
-0.4683544303797468,0.2025316455696202,"10617,112887","10617,32466"
0.918859649122807,0.043859649122807,"16128,29132","16128,132743"
-0.2176470588235294,-1.0,"6022,29144","6022,103578"
0.1105002748763056,0.1512605042016806,"29147,39002","29147,88145"
-0.1426767676767676,-0.1326530612244898,"8490,8801","8801,30854"
1.0,0.0471698113207547,"29178,32365","32365,166415"
-0.0920398009950248,-0.9701492537313432,"28470,29179","28470,155030"
0.0879717621504208,0.0944881889763779,"25658,118987","25658,98580"
-0.1697247706422018,0.0779816513761468,"29182,64014","64014,138540"
0.1326164874551971,0.3039215686274509,"29184,117282","33089,117282"
-0.2126436781609195,0.057471264367816,"29187,35162","35162,97445"
-0.1401515151515151,0.0984848484848484,"28613,118990","28613,125610"
0.4352941176470588,-0.5263157894736842,"13357,115339","13357,35817"
0.6166666666666667,0.0833333333333333,"29205,47663","29205,57508"
0.2538461538461538,-0.15625,"29215,35727","29215,126799"
-0.2846153846153846,0.0923076923076923,"29216,119001","29216,116545"
0.1530033003300329,0.1133333333333333,"5161,112405","5161,42249"
0.7823529411764706,0.0647058823529411,"29222,113257","451,29222"
-0.4743589743589743,0.141025641025641,"29233,119004","29233,95957"
-0.5362318840579711,-0.217391304347826,"29241,119007","29241,129435"
-0.185,-0.1492537313432835,"29259,73492","61061,73492"
0.0291047136981967,-0.0857142857142857,"28453,29286","29286,32248"
-0.1390977443609022,-1.0,"23780,29291","23780,64118"
-0.2228915662650602,0.072289156626506,"29300,57788","57788,96506"
-0.1957671957671957,0.0793650793650793,"15901,29317","15901,17510"
0.0871448371448371,0.1153846153846153,"19260,29318","19260,69193"
0.7144770408163265,0.0375,"29330,119039","29330,80828"
0.2291666666666666,-0.1122448979591836,"29341,118550","31709,118550"
-0.0669077757685352,0.0198915009041591,"29343,37903","37903,160745"
-0.3663366336633663,-0.1621621621621621,"24347,29348","29348,48165"
0.7810650887573964,0.0925289572053572,"29354,119045","10808,29354"
-0.190721649484536,0.0927835051546391,"29371,119055","29371,43929"
-0.2868217054263566,0.1627906976744186,"29376,64759","52569,64759"
0.1796205630354957,0.1802325581395348,"27809,29393","27809,116412"
-0.3775510204081632,0.2142857142857142,"29404,119067","52657,119067"
-0.2176470588235294,0.1235294117647058,"29405,52665","8255,52665"
-0.2044930875576036,-0.03971119133574,"29407,113448","29407,34110"
-0.2138728323699422,0.1502890173410404,"29412,119070","29412,125752"
-0.0868544600938967,0.0234741784037558,"29415,42604","42604,167509"
-0.1407025582283314,0.1030927835051546,"29428,119074","31646,119074"
0.8229665071770335,0.0956937799043062,"29430,113598","29430,55423"
-0.0659536541889483,-0.1666666666666666,"29435,119076","29435,123432"
0.0237111725483818,-0.339374498797113,"14458,27233","14458,30142"
0.0202158505154639,-0.125,"29469,114162","29469,63133"
0.0038135867106198,0.0575916230366492,"29472,119088","45900,119088"
-0.151639344262295,0.1352459016393442,"29478,112367","33246,112367"
-0.1145510835913312,0.0681114551083591,"29485,112171","32232,112171"
-0.1340579710144927,-0.0313615447469143,"12847,112848","19208,112848"
-0.3936170212765957,-0.08,"29527,107684","107684,124939"
0.2569444444444444,0.0301624129930394,"29531,109244","3570,109244"
-0.5138888888888888,-0.3846153846153846,"29533,84433","67495,84433"
0.1947368421052631,0.5652173913043478,"11094,36867","11094,148227"
-0.2202380952380952,0.0714285714285714,"29558,33336","12720,33336"
-0.1307420494699646,0.0494699646643109,"29560,39655","39655,79032"
-0.3783257624918884,0.1940298507462686,"19799,84662","58920,84662"
0.3412238325281803,0.0851851851851851,"29567,111497","48497,111497"
-0.1968085106382978,0.0957446808510638,"13009,114211","61951,114211"
0.3627450980392157,0.5178571428571429,"22823,119122","22823,78235"
-0.2138728323699422,0.0635838150289017,"29641,99608","99607,99608"
0.4318783068783068,-0.1896551724137931,"13898,113768","13898,88893"
0.4450411743644826,0.1564625850340136,"13483,119124","13483,124799"
0.36,0.0657894736842105,"16108,29651","16108,143552"
0.2627737226277372,-0.0335731414868105,"26571,119135","40321,119135"
0.2181818181818181,0.4074074074074074,"29657,62435","34599,62435"
-0.2706766917293233,-0.7518796992481203,"10482,111194","10482,30524"
-0.1764705882352941,-0.3461538461538461,"22752,119148","22752,136885"
-0.2482758620689655,-1.0,"29668,119152","29668,44796"
-0.2465753424657534,0.1506849315068493,"18098,119164","18098,129129"
0.3564356435643564,0.0618279569892473,"17046,21726","17046,47283"
-0.1674418604651162,0.0930232558139534,"29689,64988","29689,61818"
-0.5662650602409638,-0.4324324324324324,"29694,46680","29694,51933"
0.6756756756756757,0.1531531531531531,"11746,42290","11746,137307"
0.6433159373745484,0.1132075471698113,"21343,29700","21343,153579"
-0.0068065796937039,0.08130081300813,"8547,113260","8547,67922"
-0.0291777188328912,-0.1428571428571428,"29707,53595","16945,29707"
-0.1153846153846153,0.048076923076923,"11372,93838","11372,18448"
-0.3673469387755102,0.1326530612244898,"29711,70282","5331,70282"
0.2150433944069431,0.087431693989071,"26896,117798","26896,139615"
0.3560606060606061,-0.3725490196078431,"29713,58237","58237,134833"
-0.2769230769230769,0.0769230769230769,"29719,59462","29719,132069"
-0.1142857142857142,0.0603174603174603,"29723,119213","3421,29723"
0.3236481033091202,0.0677966101694915,"27365,114403","27365,66280"
-0.1773399014778325,-0.2747592088816999,"29727,119219","29727,41483"
0.2748091603053435,0.4096774193548387,"4602,78648","78648,125505"
-0.1299638989169675,0.0577617328519855,"14259,92588","14259,139727"
0.1748566748566749,0.0141317788376611,"10449,113648","21371,113648"
0.4553571428571428,0.0982142857142857,"29741,109984","34059,109984"
-0.1065088757396449,0.044378698224852,"29744,39387","29744,44535"
0.2955197528139484,0.1015228426395939,"29764,90070","29764,132218"
0.0408898305084745,-0.2371134020618556,"29783,38582","38582,46902"
-0.127208480565371,0.0424028268551236,"29784,44413","29784,153335"
0.0685519560984245,-1.0,"9143,68807","9143,27972"
-0.2416107382550335,-0.3090909090909091,"9144,23741","23741,99063"
0.0743243243243243,-1.0,"16346,65447","16346,120185"
0.4857142857142857,0.1428571428571428,"13615,32405","10174,13615"
-0.1565217391304348,0.0869565217391304,"29792,35207","35207,132286"
1.0,-0.303030303030303,"20574,29794","20574,86403"
-0.321311475409836,-0.1136363636363636,"27742,115073","27742,69053"
0.3130434782608696,0.1648351648351648,"29815,43335","29815,73765"
-0.23841059602649,0.086092715231788,"29820,107516","29820,71962"
0.2416107382550335,-0.1210526315789473,"18278,47015","18278,41706"
-0.15,0.1166666666666666,"17708,29838","17708,123759"
0.1228228228228228,-0.2244208494208494,"17727,29844","17727,120194"
0.18,-0.1229508196721311,"4858,46137","27484,46137"
-0.23841059602649,0.119205298013245,"29861,119318","29861,135942"
-0.2553191489361702,0.0709219858156028,"2417,10013","2417,76829"
-0.1946552979099511,0.1186440677966101,"15755,93828","66252,93828"
0.1986129840107879,-0.0330578512396694,"29875,47149","32946,47149"
-0.4337349397590361,-0.1470588235294117,"29879,71128","62290,71128"
0.7551020408163265,0.1088435374149659,"1494,119327","1494,67035"
1.0,0.096,"28240,107337","51211,107337"
0.3015873015873015,0.0396825396825396,"29881,29882","29882,102045"
-0.1212121212121212,0.0336700336700336,"26064,34344","26064,165149"
-0.2045454545454545,0.1931818181818181,"29892,119337","29892,35512"
-0.109090909090909,0.1,"10699,119338","10699,120713"
-0.1578947368421052,0.0657894736842105,"24665,29920","24665,143262"
-0.1077844311377245,0.029940119760479,"9381,119360","9381,102348"
-0.1956521739130435,-0.8097826086956521,"29483,119370","29483,119799"
0.1629052765416402,0.1153846153846153,"29345,34971","21406,29345"
0.0276422764227642,-0.1333333333333333,"22200,29948","29084,29948"
0.173076923076923,0.1129032258064516,"29955,33823","29955,105442"
0.1906035141329259,-0.2033898305084746,"29964,33845","29964,104163"
0.3333333333333333,-0.3823529411764705,"29967,77899","29967,151269"
-0.1925133689839572,0.0588235294117647,"29974,119392","29974,94656"
0.2264150943396226,-0.25,"28932,119394","28932,45043"
-0.0869565217391304,0.0241545893719806,"29982,30910","30910,95863"
-0.1417322834645669,0.0472440944881889,"29985,63687","63687,154714"
-0.1153846153846153,0.0448717948717948,"9903,30017","9903,50100"
1.0,-0.3428571428571428,"30022,111151","45685,111151"
-0.1481481481481481,0.0781893004115226,"26966,30028","26966,35277"
-0.18,-0.3939393939393939,"30034,48570","30034,55460"
0.6428571428571429,0.1411764705882353,"20637,30036","20637,154993"
0.782608695652174,0.1136363636363636,"30042,39361","37317,39361"
0.6206896551724138,0.1551724137931034,"30048,95543","30048,79445"
-0.1914893617021276,-0.0396052294283517,"30079,119433","30079,79223"
-0.1782178217821782,0.099009900990099,"26237,118616","26237,54794"
0.75,-0.425,"30081,42922","33426,42922"
-0.2950819672131147,-0.2,"30084,43913","43913,47647"
-0.1487603305785124,0.0702479338842975,"30094,119436","30094,138627"
-0.3185840707964602,0.1769911504424778,"11763,50720","50720,54856"
-0.24,0.16,"30101,119438","30101,45724"
-0.3673469387755102,0.1020408163265306,"30103,119439","30103,166754"
-0.1290322580645161,0.068100358422939,"30119,32996","32996,134653"
-0.23841059602649,0.0794701986754966,"30121,37779","37779,88951"
0.4101449275362319,0.0869565217391304,"30127,118007","30127,132942"
0.3333333333333333,0.1062801932367149,"28474,40779","28474,86801"
0.2974400650142218,-0.1137440758293838,"30175,116206","31222,116206"
1.0,0.2462686567164179,"30179,52583","23424,52583"
-0.1409574468085106,0.1041666666666666,"30180,96567","55323,96567"
0.2589928057553957,0.1639344262295081,"30182,34127","30182,109702"
-0.3529411764705882,-0.8823529411764706,"30212,119466","30212,144146"
0.4235294117647059,0.1999999999999999,"30215,33210","30215,112344"
-0.1818181818181818,0.0555555555555555,"30216,83256","83256,96902"
-0.1698113207547169,0.1084905660377358,"24936,30219","24936,47979"
0.4232424677187948,-0.1914893617021276,"30220,119467","30220,74499"
-0.2666666666666666,-0.0774647887323943,"28621,112982","22631,28621"
0.7391304347826086,0.5,"30230,107976","10409,30230"
0.4448654793482379,0.0549450549450549,"30231,45986","45986,167300"
0.1223241590214067,0.000440366972477,"30093,33139","30093,35213"
-0.1545064377682403,0.1416309012875536,"30263,33144","33144,120883"
-0.1512605042016806,0.0588235294117647,"30265,90064","78140,90064"
-0.4556962025316455,-0.0479041916167664,"30275,68932","68932,110631"
0.2769230769230769,0.4444444444444444,"30288,33166","30288,73870"
-0.2748091603053435,0.2366412213740458,"30310,35498","35498,117991"
-0.1666666666666666,-0.4333333333333333,"30313,30314","30314,119493"
-0.2863636363636364,0.3125,"11780,30324","30324,44386"
-0.2906704172526957,-0.1067415730337078,"30352,111523","1524,30352"
0.9097744360902256,0.075187969924812,"30354,119501","107216,119501"
0.1727318045862413,0.1544117647058823,"30359,117417","30359,131359"
0.5217391304347826,-0.2,"3981,98439","3981,75036"
-0.48,-0.0340136054421768,"30384,108811","53329,108811"
0.094240837696335,0.11,"30400,34435","30400,36870"
0.7293233082706767,-1.0,"30401,119509","50265,119509"
-0.3583224115334206,0.3428571428571428,"30438,119522","46441,119522"
-0.4556962025316455,0.2278481012658227,"29802,62024","62024,108786"
-0.2142857142857142,0.0952380952380952,"30450,119528","32724,119528"
0.0082774049217002,0.1111111111111111,"30452,50826","30452,164822"
-0.1578947368421052,0.0657894736842105,"30458,117033","74356,117033"
0.3197755960729313,-0.0493827160493827,"30461,119530","30461,36247"
-0.1651376146788991,0.1422018348623853,"30465,119531","35737,119531"
0.0777310924369747,0.1470588235294117,"30467,119533","30467,108824"
0.18,-1.0,"30469,118727","30469,95098"
-0.220125786163522,0.1132075471698113,"4017,119540","4017,135048"
-0.1988636363636363,-0.1612903225806451,"27303,75401","27303,46825"
0.2845528455284553,0.6470588235294118,"30495,48830","30543,48830"
-0.2430555555555555,-0.5384615384615384,"30497,119576","30497,71865"
-0.0798341992448116,0.100502512562814,"6215,14012","14012,73583"
0.2258064516129032,1.0,"3965,119578","64021,119578"
-0.1548672566371681,0.1504424778761062,"17332,119579","17332,120021"
-0.196629213483146,0.0898876404494382,"29032,113275","29032,48941"
0.1296296296296296,-0.0692640692640692,"5422,9168","1715,9168"
-0.1509129967776584,0.1578947368421052,"30510,33267","28312,30510"
-0.1555555555555555,0.1288888888888889,"27571,40541","27571,85498"
-0.1151315789473684,0.0361842105263157,"27324,71222","27324,78950"
-0.2592592592592592,0.1407407407407407,"30519,119600","30519,105665"
-0.0691558441558441,0.125,"30523,65896","30523,78499"
0.5629017447199265,0.1074380165289256,"30528,42064","42064,148764"
-0.2892561983471074,-1.0,"19435,119610","19435,142103"
0.3181818181818182,0.2845528455284553,"23326,30532","23326,30533"
0.3571428571428571,-0.8863636363636364,"14693,67643","67643,159967"
0.0623979684382369,0.0805369127516778,"3786,119628","3786,85658"
-0.1019568151147098,0.0177944862155388,"12906,50756","31494,50756"
-0.2892561983471074,0.1570247933884297,"2301,44861","44861,93678"
-0.0469948849104859,-0.2950819672131147,"17444,30556","16070,30556"
-0.0991501416430594,0.0566572237960339,"832,119641","832,114319"
0.0164941217757501,-0.0926406415850925,"19709,119655","13234,19709"
-0.1988636363636363,-0.083743842364532,"15628,30578","10062,15628"
0.1832460732984293,-1.0,"16333,62765","2425,62765"
0.2617845117845118,-0.0684931506849315,"21779,57038","32696,57038"
-0.1933701657458563,0.0828729281767955,"30607,37196","30607,43210"
0.3387596899224806,0.127906976744186,"3345,45751","31021,45751"
-0.7280701754385965,-0.0578947368421052,"28008,86614","25593,86614"
1.0,0.1052631578947368,"30614,40068","40068,86280"
0.2991452991452991,0.0353356890459364,"30616,91456","31097,91456"
-0.220125786163522,0.10062893081761,"10495,119699","10495,139990"
0.3846153846153846,0.2323232323232323,"16444,48547","7154,48547"
-0.7,-1.0,"30639,119716","22714,30639"
-0.2382039573820396,-0.5,"24647,25212","24647,62772"
-0.3125,-1.0,"30650,117366","30650,80590"
0.5878181059657905,-0.235626453971419,"30651,64395","28259,64395"
-0.1459183673469387,0.1,"30662,72966","30662,78136"
-0.4861111111111111,-0.2205882352941176,"30666,119740","30666,32624"
-0.1170568561872909,0.1036789297658862,"6287,119744","6287,121799"
-0.2034883720930232,0.0755813953488372,"30674,119747","30674,149529"
-0.0688976377952756,-0.970472440944882,"29304,30675","30675,119787"
-0.1707317073170731,0.1365853658536585,"23427,30679","23427,123764"
-0.2317880794701986,-1.0,"30680,119752","30680,63042"
0.5932203389830508,0.2,"10735,30681","10735,45150"
0.7107438016528926,-0.5172413793103449,"30683,107858","30683,70155"
-0.1489361702127659,-0.0537974683544303,"2871,30685","2871,8371"
-0.1166666666666666,0.06,"25474,30699","25474,107559"
0.0931685215325737,0.2125984251968504,"6088,11787","11787,15711"
-0.1502145922746781,0.0429184549356223,"29854,82064","29854,164764"
-0.1804123711340206,0.0515463917525773,"30707,119763","30707,164800"
-0.4142028985507247,-1.0,"22923,83537","69834,83537"
0.1071428571428571,0.1857142857142857,"30724,54435","42022,54435"
-0.1944444444444444,-0.4848484848484848,"21096,119775","19054,21096"
-0.2966101694915254,-0.0336334745762711,"17999,43536","43536,87341"
-0.3398058252427184,0.1262135922330097,"30739,115752","30739,36464"
0.7865853658536586,-0.6206896551724138,"17821,119793","17821,84400"
-0.3181818181818182,0.1181818181818181,"15636,23781","15636,149957"
0.4348304560148565,-1.0,"19533,87192","19533,127760"
0.2175014907573047,0.0705128205128205,"30748,91481","30748,159213"
-0.1330798479087452,0.1026615969581749,"30749,40287","40287,124612"
-0.1583710407239819,0.0678733031674208,"30771,32758","32758,65611"
-0.3723404255319149,0.1170212765957446,"1460,30784","20625,30784"
-0.2108433734939759,0.0602409638554216,"30788,37474","37474,50152"
0.1581288563638972,-0.56,"25234,45365","25234,98112"
-0.1650943396226415,-1.0,"9073,30802","9073,65223"
-0.2991452991452991,0.2649572649572649,"30809,35008","35008,121898"
-0.4487179487179487,0.2692307692307692,"30810,57446","51790,57446"
-0.0848404255319149,0.1489361702127659,"18412,40462","18412,39627"
-0.1674641148325359,0.1148325358851674,"20878,45408","45408,127453"
0.196629213483146,0.2414397197005892,"30839,81765","28158,30839"
-0.2071005917159763,-0.1888888888888888,"30864,65903","65903,115787"
-0.1933701657458563,0.0552486187845303,"30865,119839","30865,103493"
0.252824427480916,-0.3819974554707379,"14549,38984","37003,38984"
0.2803030303030303,0.1742424242424242,"30105,30869","30869,128623"
0.2202304737516005,-0.4666666666666667,"25502,45741","45741,141415"
0.0071428571428571,0.269066366704162,"30881,103617","30881,44769"
-0.1051051051051051,0.042042042042042,"7724,119849","7724,107000"
0.5996318453750575,-0.1248185776487663,"7319,36896","7319,45590"
-0.1288505747126437,0.16,"30937,57848","57848,141275"
-0.1548672566371681,0.0442477876106194,"20643,30939","20643,157286"
-0.1188411509657075,-0.1401869158878504,"30944,82498","30944,64925"
0.2413793103448276,0.2280701754385964,"1436,6529","6529,22394"
-0.2573529411764705,0.0735294117647058,"30326,30956","30326,40868"
0.1871657754010695,0.2028985507246377,"30965,109516","30965,84073"
-0.3043478260869565,0.0956521739130434,"30975,119883","30975,160305"
-0.1023391812865497,-0.3111111111111111,"10515,119887","957,10515"
-0.3431372549019608,-0.1396648044692737,"31009,119891","19401,31009"
-0.4320987654320987,0.1234567901234567,"31017,72435","72435,104724"
1.0,0.0902527075812274,"17801,31041","17801,126605"
0.1903409090909091,0.0211309523809523,"25574,119905","9138,25574"
-0.3506244845057146,0.1739130434782608,"7501,68337","68337,117483"
-0.2364864864864864,0.1756756756756756,"31072,42413","42413,125679"
0.35,0.08,"31085,57838","31085,129105"
0.4929577464788732,-0.0902255639097744,"31088,90583","61565,90583"
-0.5147058823529411,-0.1415094339622641,"31103,119918","31103,62377"
-0.1590909090909091,0.0818181818181818,"31104,55146","55146,61037"
-0.2108433734939759,-0.0544554455445544,"31114,84203","41785,84203"
-0.5531914893617021,-0.087719298245614,"23798,26643","23798,57613"
0.1606334841628959,0.1263736263736263,"27932,119925","10348,27932"
0.6730769230769231,0.4118067978533094,"859,119928","859,33428"
0.2941176470588235,-0.0712143928035982,"31134,55203","20316,31134"
-0.2071005917159763,0.0650887573964497,"31138,90396","33536,90396"
0.4249108734402852,-0.079136690647482,"19344,27175","4478,27175"
-0.1066827697262479,0.1944444444444444,"31157,35419","35419,40692"
-0.1017441860465116,0.0726744186046511,"14891,26363","24100,26363"
0.2058029689608636,0.1929824561403508,"31162,108858","50306,108858"
0.3097345132743362,-0.3793103448275862,"31163,117981","31163,50213"
0.0568561872909699,0.1076923076923077,"31172,117607","31172,57119"
-0.238095238095238,0.0748299319727891,"31176,58121","58121,97361"
-0.2317880794701986,-1.0,"31185,52663","50350,52663"
0.1136363636363636,0.0991735537190082,"19937,36687","19937,51524"
-0.4375,0.125,"31193,119941","93647,119941"
-0.1489361702127659,0.0425531914893617,"31197,46084","46084,106456"
0.0644283121597096,-0.0847457627118644,"31213,117327","64162,117327"
0.2441471571906354,0.062111801242236,"25056,31224","25056,106848"
-0.3017241379310345,-0.1555555555555555,"31226,84788","31226,39212"
-0.2464788732394366,0.1126760563380281,"31232,48254","48254,114992"
0.7586206896551724,-0.2837837837837837,"31239,31240","16266,31240"
-0.6363636363636364,0.1818181818181818,"31246,55539","31246,42702"
-0.0789453688929412,0.08130081300813,"23201,98182","17861,98182"
-0.1776649746192893,0.1269035532994923,"7697,114645","44438,114645"
0.6862745098039216,-0.0797537619699042,"23886,119973","23886,83714"
-0.3888888888888889,0.1888888888888888,"31339,69505","51430,69505"
1.0,0.0543478260869565,"31363,84732","84732,99583"
-0.1282051282051282,0.0366300366300366,"31370,115145","13933,115145"
0.686545240893067,-0.1342281879194631,"31372,119981","18032,31372"
0.391304347826087,0.0372670807453416,"31390,36944","36944,91610"
-0.0739957716701902,0.0317124735729386,"29315,48594","48594,74289"
0.0760869565217391,-0.4166666666666667,"31395,114592","40873,114592"
-0.2916666666666667,0.1333333333333333,"31409,79400","56014,79400"
0.0408695652173913,0.2608695652173913,"31425,119999","31425,87656"
-0.1888888888888888,0.0722222222222222,"31443,120004","31443,147914"
-0.2,0.1352941176470588,"31446,61251","31446,97760"
0.8953488372093024,0.0891472868217054,"30596,41713","41713,68076"
0.311864406779661,0.211864406779661,"31449,120017","31449,43028"
-0.1847826086956521,0.0815217391304347,"31459,120025","31459,33650"
-0.5151515151515151,-0.2745098039215686,"8669,17970","17970,64189"
-0.1658536585365853,0.1073170731707317,"27659,120030","27659,129120"
0.2411347517730496,0.101010101010101,"19005,114968","89779,114968"
-0.1259259259259259,0.1185185185185185,"9213,120040","8289,9213"
-0.1231884057971014,0.0615942028985507,"20715,41246","20715,137235"
0.0870048954161104,0.1121495327102803,"17339,83157","12013,17339"
-0.1538461538461538,0.0678733031674208,"31490,120059","31490,37115"
-0.1122112211221122,0.0363036303630363,"24517,35830","24517,157224"
0.4927536231884058,0.3623188405797101,"31496,43102","31496,43024"
-0.2138364779874214,0.0880503144654088,"31509,120076","31509,73385"
-1.0,-0.2547169811320754,"7456,120079","7456,22382"
-0.1566820276497695,0.1013824884792626,"25911,58069","25911,127019"
-0.2575757575757575,0.0757575757575757,"31518,120088","31518,54464"
-0.3090909090909091,0.109090909090909,"22625,120093","22625,152811"
0.324074074074074,0.1064814814814814,"24551,31560","24551,34601"
-0.2,0.1235294117647058,"31562,110406","31562,130754"
-0.1376518218623481,-0.1300335205258804,"31573,86917","31573,51273"
-0.1312741312741312,0.1003861003861003,"666,95219","666,110512"
-0.7391304347826086,-0.180722891566265,"31587,33609","31587,139016"
-0.2635658914728682,0.1627906976744186,"28922,31595","28922,66598"
-0.425,-0.0566037735849056,"31596,34848","21215,34848"
-0.4096385542168674,-1.0,"7879,14068","7879,42174"
0.3270676691729323,0.1052631578947368,"25989,84250","25989,45045"
1.0,-0.0802469135802469,"31621,60917","28068,31621"
0.3008849557522124,0.1373390557939914,"19129,24813","19129,63479"
-0.2786885245901639,0.1393442622950819,"20909,89360","20909,137855"
-0.1307692307692307,0.0461538461538461,"17983,31627","17983,153590"
0.1899441340782122,-0.3113207547169811,"15778,31628","31628,39401"
0.0499999999999999,0.0833333333333333,"31639,120188","31639,68947"
-0.1524663677130044,0.0986547085201793,"16362,31651","16362,98685"
-0.1223021582733813,0.0539568345323741,"31653,34548","31653,115810"
-0.1619047619047619,0.0523809523809523,"31654,40178","40178,93673"
-0.1752577319587628,0.0618556701030927,"17998,63465","17998,133969"
-0.139917695473251,0.139917695473251,"28997,88605","28997,120209"
-0.1491228070175438,-0.0412605588044184,"9725,120216","9725,25130"
0.1888888888888888,0.0885416666666666,"5663,93857","63187,93857"
-0.5,0.1617647058823529,"5482,30262","27102,30262"
-0.4857142857142857,0.2428571428571428,"22994,35261","35261,41847"
-0.5,-0.0666666666666666,"31693,45210","45210,73616"
0.0242424242424242,0.0700794351279787,"31696,117475","31696,45216"
0.2059369202226345,0.0588235294117647,"31697,119364","31697,60600"
0.4592944369063771,0.0370646766169154,"23473,71511","23473,45200"
-0.10829307568438,0.2777777777777778,"31716,34943","34943,36150"
0.0748005319148936,0.15625,"14087,112986","14087,132568"
-0.1888888888888888,0.0777777777777777,"20541,31726","20541,76033"
0.1098129349422205,0.1013215859030837,"25912,26510","25912,85279"
-0.4096385542168674,-0.0010133993919603,"31732,120239","31732,41717"
-0.41,-0.0572916666666666,"31735,97492","96149,97492"
-0.1267237862097103,0.0852713178294573,"31746,32166","31746,159413"
0.2741935483870967,-0.087719298245614,"31757,108404","91613,108404"
-0.5074626865671642,-0.0738636363636363,"31760,71453","63734,71453"
-0.1691542288557214,0.0796019900497512,"31767,32795","32795,67378"
-0.3119266055045872,0.1009174311926605,"31784,49537","49537,94682"
0.8475336322869955,0.0807174887892376,"31798,60187","60187,136236"
-0.0823244552058111,0.0435835351089588,"18765,31806","18765,60204"
-0.0381165919282511,0.0246636771300448,"20735,98571","20735,49590"
-0.1538461538461538,0.090497737556561,"31821,113414","31821,105154"
-0.3953488372093023,0.1744186046511628,"31826,120279","31826,128598"
-0.2328767123287671,0.0684931506849315,"31832,120284","31832,166131"
-0.1172413793103448,0.1137931034482758,"31863,33955","32899,33955"
-0.3063063063063063,0.1801801801801801,"31881,120309","31881,132821"
-0.2312925170068027,-0.6433673469387755,"31889,37791","37791,68849"
-0.1743589743589743,0.0666666666666666,"4986,12229","4986,57817"
0.1893939393939394,-0.3113207547169811,"7076,120319","7076,120859"
-0.0634328358208955,0.0541044776119402,"28057,36413","36413,118659"
-0.1236363636363636,0.0981818181818181,"31932,40661","40660,40661"
0.036388140161725,0.090525893215576,"31935,120330","28959,31935"
-0.4096385542168674,-0.0134144826729598,"31944,88782","46622,88782"
-0.17,0.075,"31965,60730","60730,124102"
0.7301587301587302,0.0793650793650793,"31970,40961","40961,166819"
-0.2151898734177215,-0.5217391304347826,"21980,72574","21980,96398"
-0.576271186440678,0.1864406779661017,"31990,83567","31990,86423"
-0.6179775280898876,-0.3835616438356164,"32051,35329","32051,41642"
-0.1118421052631579,0.0625,"32063,105564","57928,105564"
-0.0918918918918919,0.0513513513513513,"32074,68583","37247,68583"
-0.2207792207792207,-0.2105263157894736,"18812,27081","27081,115627"
-0.2344827586206896,0.1724137931034483,"32087,120366","32087,126662"
0.5341522426949563,0.1407035175879397,"32104,55246","13102,32104"
-0.2615384615384615,0.0923076923076923,"32105,120372","51946,120372"
0.5964912280701754,0.6451612903225806,"21265,69265","21265,31559"
-0.1596244131455399,-0.1047619047619047,"17816,32119","17816,109976"
-0.320754716981132,0.0101826894279724,"32130,50324","32130,110122"
-0.2236842105263158,0.1184210526315789,"32138,109080","53500,109080"
0.2523809523809524,0.0714285714285714,"32152,36681","32152,150189"
0.1432839005654539,0.1428571428571428,"32153,120385","85205,120385"
-0.3462931659019561,-0.1972125435540069,"32157,106934","60727,106934"
-0.1988304093567251,-0.0698529411764705,"12870,32160","12870,84893"
1.0,0.0909090909090909,"30757,120387","30757,48532"
-0.3063063063063063,-1.0,"32172,73274","73274,99508"
0.3953488372093023,0.4651162790697674,"32173,36997","36997,55755"
0.6761904761904762,-1.0,"32190,106734","106734,160430"
0.1004761904761904,0.0571428571428571,"32194,44697","32194,167112"
0.0717647058823529,-0.1258139534883721,"32196,113660","32196,33676"
0.3633471984340591,0.1940298507462686,"26174,65389","26174,41155"
-0.1708542713567839,0.0753768844221105,"32203,120394","32203,128742"
-0.2098765432098765,-0.0672339005672339,"32204,114792","19661,32204"
0.2236842105263158,0.0693641618497109,"32215,84072","32215,47682"
-0.1511111111111111,0.0755555555555555,"6872,120411","6872,84716"
0.6946418499717992,-0.1745925728025648,"32280,115052","32280,33306"
-0.2048192771084337,0.108433734939759,"32283,120417","32283,61766"
-0.1046153846153846,0.043076923076923,"32288,61797","61797,78918"
-0.68,0.0497297297297297,"32289,69447","69447,78931"
-0.2809917355371901,0.140495867768595,"32303,120422","65544,120422"
0.1741877256317689,-0.1428571428571428,"18707,27259","18707,119515"
0.5466666666666666,-0.8533333333333333,"32323,120423","32323,37454"
0.173469387755102,-0.32,"32325,120425","32325,59264"
-0.1798941798941798,-0.2065217391304347,"32333,79157","39642,79157"
0.8376068376068376,0.2649572649572649,"32336,119377","32336,35386"
-0.3090909090909091,-0.4106382978723404,"32337,32391","29576,32391"
0.5239508653363166,0.0362116991643454,"32338,120430","32338,68103"
-0.1988304093567251,0.0701754385964912,"32355,48629","48629,91592"
0.3538732394366197,-0.3225806451612903,"32360,114842","32360,103120"
0.0729523116126683,-0.0331397599690282,"9564,25991","9564,14926"
1.0,-1.0,"32378,120438","32378,38554"
-0.2394366197183098,-0.3148148148148148,"21088,117174","49361,117174"
-0.2481751824817518,-0.0783191951075162,"32396,119994","25279,119994"
0.0163055617601072,-0.1038961038961038,"22961,116422","33547,116422"
-0.1941176470588235,0.0823529411764705,"32434,62262","32434,144612"
-0.2598425196850393,-0.0344827586206896,"32436,68909","18622,32436"
-0.275,0.0833333333333333,"32437,120467","32437,161812"
-0.2972972972972973,-0.0403458213256484,"31641,120483","31641,109621"
-0.2674418604651163,-0.2358490566037736,"29288,29289","15609,29289"
-0.0967741935483871,0.0586510263929618,"30499,120495","30499,124241"
0.1167247386759582,0.1530612244897959,"32453,47601","47601,119580"
0.5476190476190477,-1.0,"6727,102774","6727,131665"
-0.2149880414562848,0.1408450704225352,"22761,36679","36679,72581"
-0.237410071942446,0.1510791366906475,"28829,50295","28829,71008"
-0.175531914893617,0.101063829787234,"24317,31479","31479,116279"
-0.2150506789061006,0.2771084337349397,"13989,32483","32483,68482"
-0.2049689440993788,0.1428571428571428,"16623,32485","16623,92361"
0.3850174216027874,0.0592334494773519,"28847,120547","28847,135489"
-0.1864406779661017,0.1581920903954802,"32510,120566","32510,38499"
0.0284134248665141,-0.0269151138716355,"32511,61273","35364,61273"
0.7295081967213115,0.1311475409836065,"1805,21191","1805,106217"
-0.0337784760408483,-0.238095238095238,"32513,54550","47517,54550"
0.3267326732673267,1.0,"32516,36238","36238,94619"
-0.1126279863481228,0.0341296928327645,"27377,36497","27377,163232"
1.0,0.1360544217687075,"21759,32523","21759,132110"
0.1762137404580153,-0.3148148148148148,"2990,9842","2990,78644"
0.4459459459459459,0.3571428571428571,"25936,38063","38063,110755"
0.3113207547169811,-0.0568720379146919,"32535,60897","39222,60897"
-0.1183823529411764,-0.0675925925925925,"31431,32536","32536,124984"
0.2462686567164179,-0.3294117647058823,"32537,39277","39277,39278"
0.6666666666666667,0.2037037037037037,"32541,51332","32541,43658"
-0.2578125,-0.2156862745098039,"18392,120612","18392,79011"
-0.0017724211272598,0.1188811188811188,"10242,66532","62725,66532"
-0.2307692307692307,0.1538461538461538,"32549,114856","28081,32549"
1.0,-0.1069552761419704,"32550,83320","46732,83320"
-0.1103678929765886,0.060200668896321,"5839,48251","5839,14046"
0.113977613977614,0.0765765765765765,"30619,114659","17609,30619"
-0.1692307692307692,-0.0687285223367697,"10604,120626","10604,55564"
0.3548387096774194,0.4761904761904761,"25979,96529","9291,96529"
-0.25,-0.0952380952380952,"32563,76673","18821,76673"
-0.2408759124087591,0.0948905109489051,"21445,74125","21445,90619"
0.8081395348837209,0.1569767441860465,"16656,32583","16656,124478"
-0.2972972972972973,-0.8918918918918919,"28502,120647","28502,29850"
-0.1896551724137931,0.1551724137931034,"32589,120649","32589,40100"
0.6226415094339622,0.0609756097560975,"20592,32591","20592,105749"
0.6526315789473685,-0.5238095238095238,"14545,32595","3338,14545"
-0.1793275217932752,-1.0,"32596,40126","32596,38194"
-0.1793478260869565,0.092391304347826,"14785,45376","14785,36693"
-0.2773109243697479,0.0417055711173358,"32610,39154","5280,32610"
-0.1330645161290322,0.0725806451612903,"11419,20365","20365,135832"
0.7674418604651163,-0.1521739130434782,"32619,52857","46476,52857"
-0.6,-0.1121951219512195,"32623,71347","29604,32623"
-0.0361987818383167,0.1354166666666666,"27434,53903","27434,80493"
0.0098425196850393,0.0925925925925925,"9328,10329","9328,39526"
-0.1369294605809128,0.0497925311203319,"23592,29843","29843,153795"
-0.7021276595744681,-0.3720930232558139,"15569,75618","51806,75618"
-0.0877984084880636,-0.0753424657534246,"30820,97401","97401,114078"
-0.2260273972602739,0.0799044399827178,"16520,84239","16520,61633"
-0.2411260709914321,-0.2388059701492537,"32662,119126","14457,32662"
-0.2869565217391304,0.1130434782608695,"13067,32664","26001,32664"
-0.5,0.2424242424242424,"32666,57633","29111,32666"
-0.1294117647058823,-0.5217391304347826,"9788,120692","9788,95003"
-0.1330645161290322,0.1129032258064516,"31680,120695","31680,123808"
-0.282051282051282,-0.7948717948717949,"27504,79383","27504,45191"
0.6875,-0.45,"32695,69327","60595,69327"
-0.1094619666048237,0.2857142857142857,"32719,37969","32719,38790"
0.6597938144329897,-0.1461538461538461,"32720,41835","18739,41835"
0.4476190476190476,-0.1688311688311688,"32730,57285","46603,57285"
0.4714285714285714,-0.3090909090909091,"32732,45270","45270,56694"
-0.2185430463576159,0.1920529801324503,"32734,34952","34952,37432"
0.2333611807296017,0.1353383458646616,"28301,32735","28301,59945"
0.2345076400679117,-0.1538461538461538,"32747,54221","54221,77734"
0.7333333333333333,-0.5588235294117647,"24926,87359","24926,56006"
-0.0690376569037656,-0.4231647014073792,"13420,120742","13420,71282"
-0.2773109243697479,0.1092436974789916,"11181,120744","11181,30775"
-0.2621473354231975,0.2413793103448276,"32770,64686","32770,134824"
0.1385398893542215,0.0358306188925081,"32779,94407","94407,110111"
0.2651389066700806,-0.2363636363636363,"32785,60054","6841,32785"
-0.25,0.1439393939393939,"32788,90814","32788,77572"
0.308411214953271,0.1652386780905752,"26802,36832","26802,53007"
-0.2260273972602739,0.1027397260273972,"14807,32806","14807,35131"
-0.3288461538461539,-0.2339080459770115,"32809,33867","32809,36231"
0.0928270042194092,0.0774212540476891,"32810,36232","36232,36233"
-0.1563981042654028,0.0521327014218009,"32819,67489","67489,94757"
0.093484419263456,0.4084507042253521,"5174,9062","9062,37263"
0.0388621022179363,0.0459016393442622,"18400,57651","18400,74263"
-0.0951008645533141,0.0403458213256484,"26870,32841","26870,76526"
-0.0540098199672667,0.0360065466448445,"32850,120779","26187,32850"
-0.1633663366336633,0.1039603960396039,"15868,53143","15868,131259"
-0.1601941747572815,0.0631067961165048,"32856,96891","32856,81888"
-0.0985074626865671,0.0417910447761194,"32884,120794","32884,128662"
0.2920353982300885,-0.2282608695652173,"15716,30980","12145,15716"
0.8103448275862069,0.2068965517241379,"32904,120806","32904,117563"
-0.3402061855670103,0.1546391752577319,"25843,32915","15943,25843"
1.0,-0.2291666666666666,"32916,37660","37660,118986"
-1.0,-0.0251889168765743,"12128,32924","3397,12128"
0.1111111111111111,0.0728476821192053,"22039,32957","22039,49864"
1.0,-0.0944881889763779,"32964,120824","21086,32964"
0.0290963629546306,-0.3235294117647059,"32976,46287","46287,72212"
-0.2156862745098039,0.130718954248366,"32981,120830","32981,132919"
0.2546230440967283,-0.1157024793388429,"32989,120833","32989,76337"
1.0,-0.2151898734177215,"33008,108896","54273,108896"
-0.4097222222222222,-0.0774193548387096,"33018,58932","33018,49602"
-0.2156862745098039,0.1045751633986928,"17229,33020","17229,68292"
0.1701607267645003,0.1415094339622641,"33036,120029","35981,120029"
1.0,-0.16,"29901,120845","29901,58771"
0.5689655172413793,-0.2236842105263158,"28425,120846","26785,28425"
0.1163663663663663,0.1486486486486486,"33052,118904","98585,118904"
-0.12,-0.1043478260869565,"24898,120854","24898,48437"
0.3235294117647059,0.120253164556962,"27748,33061","33061,133601"
-0.2773109243697479,0.1176470588235294,"18599,106888","18599,77686"
-0.3267326732673267,0.1584158415841584,"33078,111357","68528,111357"
-0.3373180873180872,0.2388023369036027,"10203,33096","33096,111394"
0.1164705882352941,-0.2686567164179104,"33105,72969","31317,33105"
0.2714285714285714,-0.1775910364145658,"28346,119926","28346,45294"
-0.0258620689655172,0.0775862068965517,"33110,118702","33110,40908"
0.0637065637065637,-0.0159033078880407,"6076,18768","18768,19756"
-0.1513761467889908,0.0504587155963302,"33145,55347","55347,143448"
-0.33,0.17,"33146,42587","42587,138884"
0.229004329004329,0.25,"33150,110248","33248,110248"
-0.0569930661254862,0.1780821917808219,"33156,120886","61722,120886"
-0.16723519636141,-1.0,"21005,68904","31953,68904"
1.0,-1.0,"33172,120887","27703,120887"
0.2578125,0.1320754716981132,"33174,52718","33174,40284"
0.1825396825396826,-0.1587301587301587,"33194,110941","11623,33194"
-0.1823204419889502,-0.1671270718232044,"33196,120893","56173,120893"
-0.2444444444444444,0.074074074074074,"33197,91702","33197,167624"
-0.1269230769230769,-0.2733974358974359,"33244,120905","33244,119984"
-0.1416309012875536,0.0600858369098712,"29934,31270","31270,147651"
0.0541186603039011,0.0378250591016548,"11773,34363","11773,41826"
-0.2481203007518796,0.0977443609022556,"33261,84233","84233,148478"
0.135820895522388,-0.2222222222222222,"33271,38228","33271,63852"
-0.2156862745098039,0.0784313725490196,"33276,84295","84295,90859"
-1.0,-0.0967741935483871,"33284,120910","33284,35289"
-0.1827522935779816,0.1009174311926605,"33286,120912","98395,120912"
0.0137770200090148,0.0730593607305936,"8119,26479","8119,27041"
-0.1617647058823529,0.0784313725490196,"33299,73815","69367,73815"
0.1254525201893623,-1.0,"33320,120919","33320,39635"
0.1514161220043573,0.2962962962962963,"33323,91152","46349,91152"
-0.0772833723653395,0.0281030444964871,"33328,35644","35644,65011"
-0.1793478260869565,-0.0846153846153846,"14833,65558","12231,65558"
0.34375,0.1370311931059594,"28835,53307","28835,32940"
-0.1369294605809128,0.0456431535269709,"33354,55869","33354,98926"
-0.1513761467889908,0.091743119266055,"33373,85282","55916,85282"
-0.3212267958030669,-0.4288135593220338,"33382,55939","33382,39728"
-0.2661290322580645,-0.9193548387096774,"32879,120932","78903,120932"
0.66,0.1693989071038251,"33389,113549","35700,113549"
0.6272273699215966,0.1967213114754098,"25261,117276","25261,29749"
-0.3235294117647059,-0.0839694656488549,"33405,111112","41389,111112"
0.8745247148288974,0.0456273764258555,"33407,111598","91720,111598"
-0.275,-0.5098039215686274,"33409,120936","3494,120936"
0.0420197740112994,0.1180555555555555,"33425,56040","33425,136892"
0.2796610169491525,0.0783410138248847,"32115,34575","32115,59419"
0.0989010989010989,-0.0535714285714285,"21213,71651","21213,39079"
-0.3855421686746988,-1.0,"33447,120950","33447,51235"
-0.2807017543859649,0.1140350877192982,"29895,120951","29895,147896"
0.0991671004685059,-0.2916666666666667,"33451,58724","33451,62792"
-0.2735042735042735,-0.1384615384615384,"32240,33453","32240,48705"
0.3489278752436647,0.1140350877192982,"33465,120988","33465,148120"
0.2829629629629629,0.1037037037037037,"17500,120994","17500,27930"
0.4376068376068376,0.0722222222222222,"33474,121002","33474,88765"
0.4010892822408092,0.0515463917525773,"33483,46793","33483,128158"
-0.2077922077922078,0.0649350649350649,"3007,121018","3007,35954"
0.2406015037593984,0.2948717948717949,"25883,98365","39116,98365"
-0.1474654377880184,0.0921658986175115,"12553,121033","12553,16381"
-0.463768115942029,-0.2950310559006212,"29739,33504","33504,74516"
0.2831366577845451,0.0702702702702702,"33506,117873","84729,117873"
0.4868421052631578,0.037593984962406,"16627,121044","16627,127002"
-0.0006516780710329,-0.2804878048780488,"22545,46819","12729,46819"
-0.7619047619047619,-0.184981684981685,"25598,121056","11677,25598"
-0.2162162162162162,0.1148648648648648,"33528,121061","33528,62516"
0.7777777777777778,-0.3226495726495726,"29366,75459","29366,75523"
-0.128,-0.0827586206896551,"17192,33559","33559,63204"
0.2739035087719298,-0.1298701298701298,"33564,34040","34040,51323"
-0.1702127659574468,0.0744680851063829,"20634,121094","20634,85062"
-0.1221374045801526,0.0763358778625954,"3623,121102","3623,53669"
-0.2580645161290322,0.0887096774193548,"33578,121103","33578,92867"
0.8780487804878049,0.1951219512195122,"33579,34393","34393,66487"
0.3404255319148936,-0.0555555555555555,"33582,61945","34269,61945"
-0.3137254901960784,0.1470588235294117,"32272,33584","33584,42337"
-0.2191780821917808,0.0821917808219178,"18752,121114","18752,86124"
-0.1849710982658959,0.0578034682080924,"10241,20041","10241,58016"
-0.226950354609929,-0.3571428571428571,"33593,121121","33593,124899"
0.1920594479830148,0.0233545647558386,"14511,17795","14511,158096"
-0.237037037037037,0.1629629629629629,"33602,37217","37217,129480"
-0.1975308641975308,0.0802469135802469,"5781,121140","5781,80439"
-0.2689075630252101,0.0840336134453781,"13306,121144","13306,44840"
0.2996632996632996,0.0625,"33620,46923","27438,46923"
0.2460425146992311,-0.1976701856570804,"25983,112767","25983,37256"
0.6363636363636364,-0.5254237288135594,"33625,61492","33625,63059"
-0.463768115942029,0.144927536231884,"23404,32642","32642,100414"
-0.1939393939393939,0.0666666666666666,"33642,121169","33642,158466"
0.6444444444444444,-0.1538461538461538,"33651,90777","57696,90777"
-0.4444444444444444,-0.2394366197183098,"15178,58404","15178,27858"
-0.3018867924528302,0.0758886688210153,"33656,59614","59614,106110"
0.8120805369127517,0.0805369127516778,"137,33660","33660,112309"
0.6956521739130435,0.1176470588235294,"33664,81812","76435,81812"
-0.1142857142857142,0.0714285714285714,"17005,121199","17005,132393"
-0.4383561643835616,-1.0,"27592,33675","27592,80770"
-0.0067183462532299,-0.1078431372549019,"33678,71903","33678,124100"
0.7619047619047619,-0.0532786885245901,"33681,34926","33681,115628"
1.0,-0.5,"28982,59696","59696,96819"
0.1928610957387935,-0.4615384615384615,"33696,71679","71679,75627"
-0.2539682539682539,0.0952380952380952,"33699,121210","33699,87931"
0.9137055837563453,0.1218274111675127,"33701,114224","46495,114224"
-0.2176870748299319,-0.06,"22957,33711","6362,22957"
-0.2990654205607476,0.1401869158878504,"33717,74265","33717,56263"
-0.3555555555555555,0.1555555555555555,"33719,47095","33719,63998"
-0.188235294117647,0.1,"32241,37363","33807,37363"
-0.1306122448979592,0.0938775510204081,"29005,121222","19597,29005"
-0.1434977578475336,0.0896860986547085,"33729,33730","33730,54054"
-0.1787709497206704,0.0782122905027933,"4980,57805","4980,133735"
-0.1684210526315789,0.0736842105263157,"16716,121235","16716,75828"
-0.1361702127659574,0.0425531914893617,"12405,33741","12405,102299"
-0.4210526315789473,0.2368421052631578,"14164,33749","33749,109366"
0.7974683544303798,-0.4782608695652174,"33753,82417","33753,85642"
-0.1739130434782608,0.0760869565217391,"33755,121243","33755,75878"
-0.1415929203539823,-0.9469026548672568,"28414,31650","28414,140829"
0.6595744680851063,0.1489361702127659,"33759,56059","33759,146356"
-0.1666666666666666,0.078125,"32764,121248","32764,143203"
-0.1172161172161172,0.0439560439560439,"23500,90554","10080,23500"
0.2606132075471698,0.1509433962264151,"33820,121274","33820,67316"
0.3081627017003985,0.0503018108651911,"33824,106251","33824,43602"
0.229654403567447,0.0134323082361258,"5591,121278","5591,109887"
-0.2580645161290322,-0.2826086956521739,"33844,37491","37491,120915"
-0.3076923076923077,-0.110091743119266,"32422,33847","9902,32422"
-0.2539682539682539,0.1269841269841269,"31771,121287","31771,82519"
-0.1538461538461538,0.0528846153846153,"13947,33849","13947,159543"
0.265196342119419,0.059171597633136,"18221,54364","18221,134579"
0.5108510638297872,0.1,"33866,43662","43662,95796"
-0.0993788819875776,0.0403726708074534,"33868,121294","33868,81660"
0.4210526315789473,-0.1833333333333333,"33883,72372","37770,72372"
-0.1194029850746268,0.0671641791044776,"33891,121305","33891,136263"
-0.1509433962264151,0.070754716981132,"26133,121306","26133,143549"
0.3962264150943396,-1.0,"31333,39721","31333,81890"
-0.4102564102564102,0.1538461538461538,"33921,39653","18858,39653"
-0.2857142857142857,-0.2910714285714285,"33925,121317","33925,34990"
-0.1343984962406015,0.0630681818181818,"33931,60331","25981,33931"
0.2689075630252101,-0.1081081081081081,"26180,33941","6966,26180"
1.0,-0.696969696969697,"33972,79162","33972,128551"
-0.1939393939393939,0.0727272727272727,"33986,35425","35425,50734"
0.4923076923076923,-0.108433734939759,"33990,108666","23934,108666"
-0.1616161616161616,0.101010101010101,"33992,36377","36377,132840"
-0.2711864406779661,-0.3333333333333333,"33993,39076","39076,115278"
-0.4571428571428571,0.1428571428571428,"31403,41335","41335,104114"
0.2480620155038759,0.1794871794871795,"31931,34028","34028,63161"
0.5818181818181818,0.1020408163265306,"34038,121365","34038,79907"
-0.2465034965034965,0.2727272727272727,"34042,73877","73877,88805"
-0.2831858407079646,0.1592920353982301,"30152,121373","30152,136527"
-0.1103448275862069,0.0655172413793103,"34066,40710","40710,57658"
-0.3076923076923077,0.2980769230769231,"34087,121387","34087,122000"
0.1818181818181818,0.1612903225806451,"25571,26897","26897,57526"
-0.5423728813559322,-0.3421052631578947,"5536,34091","5536,113321"
-0.2622950819672131,-0.4054054054054054,"34119,44489","6148,44489"
1.0,-1.0,"14765,121403","14765,118874"
-0.2782608695652174,-0.1851851851851851,"7478,30851","7478,40104"
0.0639501980758347,0.0927419354838709,"29395,50154","47939,50154"
0.6808510638297872,-0.2676056338028169,"33161,89854","33161,36604"
-0.2424242424242424,-1.0,"34193,121422","34193,81804"
-0.1088435374149659,0.0340136054421768,"2135,26345","26345,53885"
-0.1509433962264151,0.0471698113207547,"10192,34215","10192,67543"
-0.1111111111111111,-0.0376243781094527,"19144,39659","16938,39659"
0.9,-0.0904255319148936,"21218,121443","8254,21218"
-0.1553398058252427,-0.9368932038834952,"25671,42859","25671,69394"
0.3846153846153846,-0.5384615384615384,"34258,121451","34258,75518"
0.2935924369747899,0.0840336134453781,"34299,121467","83764,121467"
-0.1185185185185185,0.1,"34382,113738","41125,113738"
0.2339380196523053,0.0925925925925925,"34387,121493","31244,34387"
0.2424242424242424,0.5454545454545454,"34404,121499","34404,86568"
-0.1893491124260355,-0.0564102564102564,"34408,84350","84350,107685"
0.3636363636363636,-0.4761904761904761,"34415,120382","19227,120382"
0.3168316831683168,0.8080808080808081,"29541,58619","58619,84909"
0.5566860465116279,0.125,"34439,119049","34439,83621"
0.3902439024390244,0.2325581395348837,"30217,91103","30217,77810"
1.0,-0.4137931034482758,"34443,111829","34443,82587"
-0.1871345029239766,0.1111111111111111,"34449,61832","58655,61832"
-0.1560975609756097,0.1024390243902439,"34451,121512","34451,53068"
0.1397379912663755,-1.0,"26085,109661","26085,44313"
0.3846575342465753,0.01875,"13549,23257","13549,73972"
-0.2622950819672131,0.0983606557377049,"34456,107816","91196,107816"
-0.1777777777777777,0.0722222222222222,"34465,111655","84640,111655"
-0.2689075630252101,0.0924369747899159,"34467,98829","65800,98829"
-0.3404245078692785,0.1772151898734177,"34471,121514","37895,121514"
0.2474025974025974,-0.0634920634920634,"34474,121516","11411,121516"
-0.367816091954023,-0.48,"34478,121518","44820,121518"
0.0314465408805031,0.1132075471698113,"34487,121311","24727,34487"
0.2162162162162162,-0.6054347826086957,"34490,121521","34490,121008"
-0.3764705882352941,-0.56,"34498,118013","38777,118013"
-0.2176870748299319,0.1292517006802721,"34499,58760","58760,134970"
-0.2038216560509554,-1.0,"34529,121526","34529,86267"
0.3168316831683168,0.1237113402061855,"22299,120440","22299,85604"
0.363150218765192,0.0909090909090909,"34572,114288","34572,94698"
-0.1693121693121693,0.1322751322751322,"34584,121537","44750,121537"
-0.1322314049586777,0.0495867768595041,"34586,121539","36786,121539"
0.7327586206896552,-0.3635057471264368,"4386,121550","4386,137547"
-0.0990430622009569,-0.0602836879432624,"34595,68764","2501,34595"
-0.369047619047619,-1.0,"8810,121552","8810,137623"
-0.1657754010695187,0.0748663101604278,"4765,34600","34600,144680"
-0.0699774266365688,0.0383747178329571,"7341,74109","7341,112611"
-0.3297872340425531,-1.0,"25869,121561","25869,46598"
0.7304347826086957,0.1304347826086956,"30808,34611","34611,141965"
-0.1006493506493506,0.0681818181818181,"5079,64862","5079,130445"
1.0,0.1515151515151515,"34619,41779","41779,162309"
-0.2739913826870348,-0.1408450704225352,"18053,121594","18053,38490"
-0.3131313131313131,-0.1944444444444444,"31707,121597","31707,108159"
-0.1462264150943396,0.0471698113207547,"7511,121613","7511,153870"
-0.1557788944723618,-1.0,"34633,121619","34633,135286"
-0.191358024691358,0.1543209876543209,"26595,101194","26595,121380"
-0.2844036697247706,0.1192660550458715,"34639,121625","34639,148423"
0.5,-0.0736842105263157,"30345,34361","9913,30345"
0.8368421052631578,0.0631578947368421,"25895,34647","12500,25895"
-0.19375,-0.0426136363636363,"34651,41482","34651,82009"
-0.1675675675675675,-0.2608695652173913,"34652,96795","34652,50515"
-0.0752427184466019,-1.0,"10882,29362","10882,100281"
-0.2583333333333333,-0.0584795321637426,"34667,81344","18494,34667"
1.0,0.0966183574879227,"32651,34680","32651,53986"
-0.1722222222222222,0.0555555555555555,"34686,55779","5841,34686"
-0.2605042016806723,0.0924369747899159,"34687,92945","32953,34687"
-0.2348484848484848,0.0909090909090909,"21820,121684","21820,62892"
-0.7560975609756098,0.1256228691319171,"14269,34696","14406,34696"
-0.0416616496086694,0.1324503311258278,"22452,34699","34699,132104"
-0.0711009174311926,-0.0828031875711511,"9770,78250","9770,73480"
0.2743362831858407,0.1470588235294117,"1791,52742","34179,52742"
0.6804123711340206,0.1855670103092783,"34721,121715","34721,135575"
-0.1802325581395348,0.0930232558139534,"6163,19293","6163,139873"
-0.2384615384615384,-0.3384615384615385,"34723,36412","36412,130728"
-0.2440944881889764,0.1417322834645669,"34737,40521","40521,135619"
0.8846153846153846,0.1089743589743589,"34742,54666","54666,63984"
-0.1923076923076923,0.1794871794871795,"34747,113315","34747,41017"
-0.3297872340425531,-1.0,"12492,120889","12492,18537"
0.246031746031746,0.0027777777777777,"32561,86515","86515,118641"
-0.1878787878787878,-0.1341463414634146,"17015,121749","17015,98119"
-0.1962025316455696,0.1265822784810126,"25257,32539","25257,53111"
0.8590909090909091,0.0636363636363636,"34786,121764","34786,54812"
0.3313008130081301,0.089430894308943,"34793,62883","62883,80544"
-0.041202229299363,0.0828025477707006,"7624,20290","7624,79690"
-0.3039215686274509,0.1274509803921568,"32744,34805","32744,149425"
1.0,0.1234567901234567,"34809,35990","35990,53864"
0.3263157894736842,0.0973830973830974,"24145,34810","24145,75423"
-0.11787072243346,-0.5833333333333334,"13708,34815","13708,39029"
-0.2137931034482758,0.1448275862068965,"34821,42495","34821,83243"
0.3342836778332145,-0.3939393939393939,"34823,38803","33345,34823"
-0.2083955223880597,0.125,"24791,34839","34839,83702"
-0.1127272727272727,0.0981818181818181,"21835,83929","14920,21835"
-0.2313432835820895,-0.3461538461538461,"34874,49240","49240,123324"
0.0375552282768777,-0.1227908689248895,"34878,121830","34878,84341"
-0.1731843575418994,0.0614525139664804,"34885,61213","34885,71051"
-0.0885714285714285,0.0714285714285714,"5154,77691","5154,7911"
-0.1741573033707865,0.0617977528089887,"26211,98076","26211,153422"
0.3654916512059368,-0.26,"34904,45207","45207,73454"
0.108791619902731,-0.1280487804878048,"2278,54080","11295,54080"
-0.1006493506493506,-0.4,"13404,34905","13404,79140"
0.1462264150943396,-0.1721014492753623,"10421,12407","12407,38776"
0.2421875,-0.3225806451612903,"18024,43490","18024,57917"
-0.2403100775193798,0.1317829457364341,"34924,112399","34924,103680"
-0.4492753623188406,-0.1958762886597938,"24343,121859","23307,24343"
0.1708333333333333,0.125,"34937,40826","40826,102548"
-0.1026490066225165,-0.1478260869565217,"34941,36149","36149,111734"
0.974820143884892,-0.0063775066902999,"2931,121878","2931,19199"
1.0,0.0826446280991735,"34977,43867","21424,43867"
-0.2052980132450331,0.0728476821192053,"34984,121890","34984,46005"
0.0525525803761697,0.0597609561752988,"2813,35011","35011,139793"
-0.0974842767295597,0.0377358490566037,"21657,35028","21657,87782"
-0.1448598130841121,0.0467289719626168,"35031,54393","23942,54393"
0.4396788092440266,0.1711711711711711,"28227,111437","28227,134164"
-0.1148148148148148,0.0666666666666666,"20020,121909","20020,136262"
-0.1428571428571428,-0.5471698113207547,"24716,121910","24716,29020"
0.8590909090909091,0.0909090909090909,"35065,121919","27818,35065"
0.0817941952506596,1.0,"30004,35080","3922,35080"
-0.2719298245614035,0.1666666666666666,"35081,35495","9614,35495"
-0.287037037037037,-0.3611111111111111,"35091,76683","76683,104752"
-0.4558823529411764,-0.3877551020408163,"35097,121931","35097,56793"
-0.0919881305637982,0.0415430267062314,"11034,35102","11034,146885"
0.015142021720969,0.0643274853801169,"35129,60439","35465,60439"
-0.0885714285714285,0.0685714285714285,"30044,121960","30044,45591"
-0.2198581560283688,0.1985815602836879,"31901,35169","31901,39090"
0.5254237288135594,-0.3478260869565217,"9427,19264","9427,116771"
-0.2403100775193798,-1.0,"5303,28550","5303,88589"
-0.2230215827338129,0.1726618705035971,"32411,48123","33767,48123"
-0.1771428571428571,0.0628571428571428,"35187,72215","72215,74997"
0.382455779514603,0.1357466063348416,"8103,35193","8103,114945"
-0.0488934637159032,-0.4807692307692308,"35240,64445","43621,64445"
-0.2066666666666666,0.08,"35259,35260","35260,89058"
-0.3131313131313131,0.1212121212121212,"20604,35265","20604,89095"
0.5961538461538461,0.1478873239436619,"35278,52350","35278,130819"
-0.2296296296296296,0.1037037037037037,"35286,72635","72635,147264"
-0.1623036649214659,0.1623036649214659,"23233,35294","23233,122015"
0.093880462928711,0.0787401574803149,"35305,60956","35305,132986"
0.0581509712318662,0.0602409638554216,"35356,55290","35356,47879"
-0.3163265306122449,0.1530612244897959,"35365,108895","14227,108895"
-0.2348484848484848,-0.1354166666666666,"20686,35369","32971,35369"
0.6727642276422764,0.1439393939393939,"35401,122042","18099,35401"
0.0984848484848485,-0.3658536585365853,"35418,122047","35418,56963"
-0.0789915966386554,-0.2348039215686274,"35450,58159","58159,84042"
-0.2230215827338129,-0.0533766535158969,"35456,36876","36876,44566"
-0.2167832167832167,-0.0517928286852589,"35459,50383","17237,50383"
0.1873040752351097,0.1551724137931034,"35464,73237","61348,73237"
0.1553571428571428,-1.0,"35475,91017","91016,91017"
-0.0813648293963254,0.0367454068241469,"24405,113043","78375,113043"
-0.1878787878787878,0.1151515151515151,"35525,122072","35525,58352"
-0.2026143790849673,0.065359477124183,"35533,122076","35533,69881"
-0.1435185185185185,0.074074074074074,"35539,55549","55549,69139"
0.3385674931129476,-0.2532598714416896,"35542,44410","34776,44410"
-0.111913357400722,0.0649819494584837,"17860,35566","17860,61652"
0.6630434782608696,0.1195652173913043,"17251,35583","17251,53038"
-0.2672413793103448,-0.9137931034482758,"18582,35595","18582,90893"
0.2627118644067797,-0.3372093023255814,"35599,42786","35599,125801"
1.0,0.1287128712871287,"35606,122094","42797,122094"
-0.1174242424242424,-0.8939393939393939,"35630,111999","39631,111999"
0.3563218390804598,-0.046692607003891,"18590,28706","28706,36590"
0.7560975609756098,0.0962962962962963,"35650,122114","84661,122114"
0.1163177135260883,-0.0105290190035952,"35670,122120","35670,38532"
-0.4305555555555556,0.1527777777777778,"35671,91757","35671,127844"
1.0,0.064516129032258,"35683,122123","108230,122123"
-0.3039215686274509,-0.1095481670929241,"35698,118506","83679,118506"
-0.3333333333333333,0.1182795698924731,"35735,122131","49971,122131"
-0.0778258872011917,0.0875576036866359,"20280,35764","35764,45696"
-0.1648351648351648,0.0824175824175824,"33448,35768","33448,107444"
-0.2752293577981651,0.091743119266055,"28109,122150","28109,161861"
-0.2325581395348837,0.1007751937984496,"32445,62790","32445,80868"
0.0897801302931596,0.0684039087947882,"14699,122162","14699,123409"
-0.1235080435910742,0.2978723404255319,"35778,45457","38592,45457"
-0.3333333333333333,0.2666666666666666,"17484,56399","17484,72894"
-0.2564102564102564,0.1196581196581196,"3203,11673","3203,38297"
0.2631578947368421,0.125,"25997,35791","6868,25997"
-0.3614457831325301,0.2455519753432334,"9255,62502","2427,9255"
0.8717948717948718,-0.905982905982906,"11220,35796","11220,129157"
-0.1744186046511628,0.1220930232558139,"35797,122204","35797,130458"
-0.217391304347826,0.0942028985507246,"35799,122206","35799,70154"
-0.0826446280991735,0.0440771349862259,"4846,122217","4846,127980"
0.3896103896103896,-1.0,"23199,35813","23199,63845"
-0.25,-0.0166666666666666,"35816,122219","34537,35816"
-0.1255230125523012,0.0585774058577405,"15597,89428","15597,145024"
0.5,0.2325581395348837,"35820,65838","63780,65838"
0.444416114227435,-0.8581081081081081,"35821,55085","52416,55085"
0.1039488966318234,-0.5357142857142857,"30547,35836","35836,118644"
-0.160427807486631,-1.0,"35840,122242","35840,43099"
-0.1282051282051282,0.1153846153846153,"26610,69957","26610,108427"
0.7142857142857143,0.0807453416149068,"20567,35848","20567,83123"
-0.4615384615384615,-0.1694915254237288,"17519,35853","35853,88513"
-0.2083333333333333,0.1736111111111111,"8840,76481","8840,81580"
-0.1796407185628742,0.0658682634730539,"9207,30090","30090,53039"
-0.4761904761904761,0.3492063492063492,"5532,35869","14826,35869"
-0.2290076335877862,0.0763358778625954,"13996,122276","13996,98856"
-0.0415115413253909,-0.0454545454545454,"35890,77924","11724,35890"
-0.1428571428571428,0.0619047619047619,"35894,122312","35894,80201"
0.8728813559322034,0.0889830508474576,"12379,35896","12379,54354"
-0.0184808271594887,-0.0303160742836059,"17525,33098","17525,52262"
0.7424242424242424,0.0613993336506425,"35897,39743","11283,35897"
0.1744186046511628,-0.1830985915492957,"33158,48976","13652,48976"
0.1192930780559646,0.1649484536082474,"15170,39563","15610,39563"
-0.1546391752577319,-0.0794492038139489,"35917,122326","35917,89777"
0.2838095238095238,-1.0,"29763,35931","29763,40041"
-0.2777777777777778,-0.296875,"31575,87741","31575,47204"
0.1098901098901098,0.3333333333333333,"2052,3688","3688,49515"
-0.25,-0.1808510638297872,"30895,93145","30895,109574"
-0.1935483870967742,-1.0,"35964,73954","35964,155331"
0.196078431372549,-0.144578313253012,"5254,35965","23167,35965"
0.2205882352941176,0.0691244239631336,"35968,43994","43994,59234"
0.5164399092970521,-0.1399515738498789,"21381,64036","21381,40380"
0.7457627118644068,-0.3333333333333333,"24594,122395","24594,28804"
-0.160427807486631,0.1443850267379679,"34825,47720","34825,40131"
-0.1463414634146341,0.0780487804878048,"36006,45902","45902,66762"
0.238095238095238,-0.2833333333333333,"25262,31633","25262,121429"
0.6976744186046512,0.1301775147928994,"17995,36007","17995,39749"
-0.1775147928994082,0.0710059171597633,"32939,122407","32939,67225"
0.1339285714285714,0.0773480662983425,"2388,11929","11929,147246"
0.2232142857142857,-0.0336700336700336,"36031,43963","19807,36031"
-0.2083333333333333,-0.2439024390243902,"19254,25305","25305,66413"
-0.1704545454545454,0.1534090909090909,"36037,36038","36038,123009"
-0.1522842639593908,0.0812182741116751,"36044,37330","36044,130557"
-0.1123595505617977,0.0861423220973782,"15516,78290","15516,26620"
-0.1287553648068669,0.0772532188841201,"36062,122446","36062,59760"
-0.2192982456140351,0.1574074074074074,"8942,51820","51820,63202"
-0.1666666666666666,0.1611111111111111,"36081,37795","35534,37795"
0.2411764705882352,0.1022132796780684,"36086,99233","28095,99233"
0.5064717162032598,0.0637583892617449,"36087,122457","36087,134182"
0.0622188905547226,0.4565217391304347,"36099,98690","39039,98690"
0.3257918552036199,0.0672268907563025,"36109,67583","67583,130247"
0.186335403726708,-0.1052631578947368,"10513,18938","18938,37677"
-0.5357142857142857,-0.1313131313131313,"34501,96271","26402,34501"
-0.109090909090909,0.08,"36119,49340","49340,129704"
-0.0567107750472589,0.0226843100189035,"10701,36126","10701,87157"
-0.3658536585365853,-0.1651376146788991,"36143,47585","47585,58209"
0.1,-0.2133333333333333,"36154,122492","36154,56233"
-0.1910828025477707,0.0828025477707006,"36155,54174","54174,149990"
0.3225806451612903,1.0,"36171,37448","36171,108574"
-0.2054794520547945,-0.1170212765957446,"36172,41871","17571,41871"
-0.0996488147497805,0.2058823529411764,"14444,57035","57035,63592"
0.4817073170731707,-0.8958333333333334,"31894,37952","11007,37952"
0.75,0.2894736842105263,"36179,67275","43738,67275"
-0.1239669421487603,0.0909090909090909,"20524,36182","20524,129767"
-0.2112676056338028,0.0774647887323943,"29244,122500","29244,159380"
-0.2027027027027027,0.1824324324324324,"19551,36184","19551,40330"
0.1485148514851485,0.4217391304347826,"30780,122505","47135,122505"
-0.379746835443038,-0.1929824561403508,"36189,122507","36189,125632"
-0.1798469387755102,0.1770833333333333,"36202,60065","22965,36202"
0.1744186046511628,-0.062111801242236,"30056,122517","70867,122517"
-0.2830188679245283,0.1037735849056603,"18755,45371","45371,94528"
-0.1639344262295081,0.1420765027322404,"11975,122525","11975,69733"
-0.1732881441034331,0.0973451327433628,"25422,81656","81656,94685"
0.4761904761904761,-0.0621468926553672,"36244,122533","52168,122533"
-0.0641025641025641,0.0576923076923076,"36246,122536","36246,40417"
-0.1570680628272251,0.0785340314136125,"34120,122539","34120,143560"
-0.0606060606060606,0.0343434343434343,"9519,103377","9519,103378"
-0.0589390962671905,0.0314341846758349,"7001,25190","7001,37636"
-0.0757575757575757,0.0479797979797979,"14586,36296","14586,134469"
0.625,-0.1293103448275862,"12532,57299","12532,47511"
-0.3061224489795918,0.2346938775510204,"36307,47518","47518,99558"
-0.196078431372549,0.065359477124183,"17798,36308","17798,166231"
0.3614457831325301,-1.0,"36341,52225","52225,69624"
0.0697674418604651,-0.217391304347826,"32912,36352","11468,36352"
0.5161290322580645,-0.5,"36361,78823","36361,43824"
0.2222972972972972,0.081081081081081,"36373,74244","36373,149277"
1.0,-0.2325581395348837,"36392,53355","52254,53355"
1.0,0.1015228426395939,"36396,52151","52151,132877"
-0.2348927875243665,-0.2826086956521739,"36400,49855","36400,79645"
-0.13215859030837,0.1145374449339207,"36402,45657","42222,45657"
-0.3168147641831852,-0.0666666666666666,"11317,61075","30134,61075"
-0.0564971751412429,0.0244821092278719,"36403,122606","36403,82369"
-0.1714285714285714,0.0628571428571428,"13686,122607","13686,95762"
0.2068965517241379,-0.0246376811594203,"7542,64182","7542,59639"
0.26,-1.0,"36435,98726","36435,68109"
-0.218978102189781,-0.0120053784095274,"36436,122616","36436,37754"
0.0851962682626298,0.0251716247139588,"2035,77182","2035,95990"
-0.3191489361702128,-0.1739876458476321,"22703,36438","22703,64223"
0.5882352941176471,-0.2033898305084746,"36450,52256","36450,54261"
0.0541684299619128,0.1870503597122302,"31382,36454","36454,42099"
-0.1818181818181818,0.0909090909090909,"36458,72439","72438,72439"
1.0,0.2777777777777778,"36469,122624","36469,153574"
-0.375,-0.3793103448275862,"36477,122628","36477,49277"
-0.1685393258426966,0.0617977528089887,"36496,44625","44625,96404"
-0.1657458563535911,-0.2710339384372534,"5220,36529","5220,45793"
0.8333333333333334,0.0666666666666666,"36544,122644","36544,62372"
-0.375,-0.4103658536585365,"12502,65318","17498,65318"
0.4545454545454545,0.3983097055616139,"36547,122647","36547,68282"
-0.2013422818791946,-0.070746150809317,"36551,69153","36551,45121"
1.0,-0.1963015647226174,"24895,114090","24895,43569"
0.2419354838709677,0.1094434021263289,"8183,122654","8183,44476"
-0.3529411764705882,-0.0627802690582959,"36582,65936","23978,65936"
-0.2912621359223301,0.145631067961165,"36594,61736","61736,144099"
-0.2,-1.0,"12338,122659","12338,63778"
-0.1234567901234567,0.0576131687242798,"36602,118612","1837,36602"
-0.1724137931034483,0.1436781609195402,"36607,44205","44205,52741"
-0.1003344481605351,0.0769230769230769,"11397,122665","11397,55255"
0.8369565217391304,-0.0634146341463414,"36626,118280","52404,118280"
0.3978978978978978,0.1666666666666666,"36639,114799","61248,114799"
-0.3191489361702128,-1.0,"36650,52633","52633,92158"
-0.1415094339622641,0.0471698113207547,"7502,36651","7502,167441"
-0.410958904109589,0.1780821917808219,"36658,55344","55344,91815"
1.0,-0.091743119266055,"5459,36669","5459,39328"
-0.1897926634768739,-0.7222222222222222,"36214,64937","20656,36214"
0.7087378640776699,0.1359223300970873,"36676,113117","21696,113117"
-0.3,0.16,"36688,83689","38097,83689"
0.2535714285714285,0.2125,"33932,78998","33932,137277"
1.0,0.0677966101694915,"36698,69050","69050,141475"
0.0288621262458471,0.0892857142857142,"36732,46345","36732,133119"
-0.2158273381294964,0.1007194244604316,"36742,99398","78445,99398"
-0.1333333333333333,0.0444444444444444,"36748,109788","8927,109788"
-0.2702702702702703,0.1621621621621621,"34326,36767","34326,39515"
0.0808823529411764,-0.4327731092436975,"36776,122711","36776,40957"
-0.1818181818181818,0.1454545454545454,"36793,55602","36793,127784"
-0.12,0.084,"36807,69251","12890,69251"
-0.1724137931034483,0.1379310344827586,"36828,122721","36828,46285"
-0.2459016393442623,0.1475409836065573,"36837,91007","61762,91007"
0.8898305084745762,-0.1646290636287857,"36847,41192","41192,124934"
0.6842105263157895,0.1368421052631579,"36848,122727","65219,122727"
-0.196078431372549,-0.3382352941176471,"36871,79226","47156,79226"
-0.186335403726708,0.0993788819875776,"36888,107959","69578,107959"
-0.12,0.04,"36911,91938","36911,108069"
-0.2040816326530612,0.1836734693877551,"36913,122737","41260,122737"
-0.1219512195121951,0.0772357723577235,"36916,111315","58761,111315"
0.3983453347632909,-0.2777777777777778,"36925,122738","36925,56636"
0.0708874458874458,0.2424242424242424,"36927,122739","36927,66718"
-0.3296703296703296,0.1098901098901098,"17695,114465","108238,114465"
-0.1704545454545454,0.0795454545454545,"36932,114589","79236,114589"
-0.256,0.1333333333333333,"28745,36934","36934,62950"
-0.1734104046242774,0.1329479768786127,"12000,117529","38059,117529"
0.0539568345323741,-0.1161616161616161,"36964,109120","33254,36964"
0.4,0.2903225806451613,"36973,122748","36973,124698"
0.3896103896103896,0.3142857142857143,"36975,122750","48649,122750"
0.4054054054054054,0.1111111111111111,"36976,122030","36976,47955"
-0.3658536585365853,-0.3157894736842105,"36992,122757","91825,122757"
0.0644812380397703,0.0840336134453781,"18617,20271","18617,94745"
0.4545454545454545,0.3529411764705882,"37018,122760","37018,99716"
-0.1376146788990825,0.0688073394495412,"37020,117506","74531,117506"
-0.3186813186813186,0.2417582417582417,"35767,87882","35767,129038"
-0.4754098360655737,-0.4035087719298245,"37023,50967","37023,46592"
-0.2871287128712871,0.1188118811881188,"37032,122783","37032,151805"
-0.2071428571428571,-0.1298701298701298,"32811,122788","32811,106463"
0.2119565217391304,0.3055555555555556,"8664,43928","43928,129214"
-0.1318181818181818,0.0545454545454545,"3348,60943","3348,124237"
0.3856163179180587,-0.1632653061224489,"37055,55883","55883,113773"
-0.1239316239316239,0.0982905982905982,"7444,54801","7444,38801"
-0.3118279569892473,0.1182795698924731,"20855,67689","20855,156861"
-0.1266375545851528,-0.4790554746886624,"37068,57840","37068,43565"
-0.1193415637860082,0.0452674897119341,"37073,122823","37073,156941"
-0.2521739130434782,0.1043478260869565,"7885,122826","7885,128422"
-0.3172727272727272,-0.2461538461538461,"37078,41786","37078,104801"
0.0692307692307692,0.1538461538461538,"37085,72257","72257,106330"
-0.1324200913242009,0.0547945205479452,"8416,89185","8416,55740"
-0.232,0.152,"14752,122844","14752,133574"
0.2446808510638298,0.0797872340425532,"37098,56784","56784,70044"
-0.3052631578947368,0.2526315789473684,"15875,18095","18095,115932"
0.2301587301587301,0.4615384615384615,"6358,46338","46338,127813"
-0.1119691119691119,0.054054054054054,"919,122871","919,145179"
0.2230769230769231,0.2333333333333333,"37127,51656","51656,131122"
-0.2735849056603773,-1.0,"31507,37130","31507,136905"
0.0830246913580246,-0.1954022988505747,"10991,22296","10991,37992"
-0.0633187772925764,0.037117903930131,"12389,60839","12389,31434"
1.0,0.2571428571428571,"27729,37138","23648,27729"
0.2113422447203986,-0.0577920172177656,"22861,37145","22861,42361"
-0.1907894736842105,-0.0198343079922027,"31527,95501","31527,39938"
-0.1394230769230769,0.1346153846153846,"37149,122901","37149,123624"
-0.136150234741784,-1.0,"6967,22460","22460,43272"
-0.1169444444444444,0.0694444444444444,"22650,24893","24893,163196"
-0.0812499999999999,0.13125,"19148,27037","19148,23696"
-0.1823899371069182,0.1257861635220125,"23956,119169","23315,23956"
0.1602209944751381,0.48,"7204,81066","41617,81066"
-0.2116788321167883,0.0802919708029197,"28115,55029","28115,35242"
-0.1472081218274111,-0.1571428571428571,"6490,43276","6490,63658"
0.6071428571428572,-0.3225806451612903,"22191,25109","22191,40037"
0.1655982905982905,-1.0,"37180,122931","37180,92633"
-0.1115384615384615,0.0769230769230769,"2017,37192","2017,78921"
0.1595345345345345,-0.0743243243243243,"14571,122951","49092,122951"
0.0769230769230769,-0.1348314606741573,"1671,6888","6888,120377"
-0.2230769230769231,0.0846153846153846,"37228,41272","41272,93122"
0.7803030303030303,0.1363636363636363,"37231,122976","37231,135703"
-0.2521739130434782,0.1043478260869565,"15555,37235","15555,63793"
-0.1695906432748538,0.0994152046783625,"37239,56555","56555,137764"
-0.2929292929292929,-0.234375,"37249,58439","37249,109542"
-0.0692124105011933,0.0286396181384248,"12214,26176","12214,153398"
-0.2788461538461538,0.2019230769230769,"24112,26834","24112,25695"
-0.2589285714285714,0.125,"37261,48261","37261,102268"
-0.2013888888888889,-0.1386138613861386,"37262,122995","37262,69024"
-0.1342592592592592,-0.048780487804878,"37268,123004","37268,42622"
1.0,0.1006711409395973,"37271,49568","37271,141987"
-0.2710280373831775,-0.4211838006230529,"8091,123011","8091,117245"
0.1883116883116883,0.1268292682926829,"3732,15384","3732,125820"
-0.1518324607329843,0.0523560209424083,"24033,123030","24033,101444"
-0.1847133757961783,0.0828025477707006,"37314,123046","37314,80767"
-0.1228813559322034,-0.0120023649980291,"13616,37332","13616,30154"
-0.2636363636363636,0.1454545454545454,"37351,123064","37351,66925"
-0.2248062015503876,0.1240310077519379,"30083,123069","30083,140411"
-0.2416666666666666,0.1166666666666666,"7392,26778","26778,75805"
0.0476896466518408,-0.2234042553191489,"3359,38918","38918,82279"
0.8962264150943396,0.2358490566037736,"12694,37389","12694,44040"
0.0825057295645531,-0.2096774193548387,"9978,15526","15526,99295"
-0.058,0.048,"6294,44474","6294,21350"
-0.4677419354838709,0.1774193548387097,"37410,123106","11308,37410"
-0.1715976331360946,0.0710059171597633,"37417,106432","37417,87179"
1.0,-0.1626016260162601,"37439,123127","42596,123127"
0.4754098360655737,-1.0,"5504,52615","5504,44630"
0.2968549422336328,-1.0,"32754,37458","32754,62507"
-0.1918168168168168,-0.1176470588235294,"37471,52601","37471,61238"
0.0546351395571499,-0.1021374927787406,"9512,12598","9512,28302"
1.0,0.0362116991643454,"29951,123155","29951,150128"
-0.3516419645451903,-0.1517857142857142,"37494,65308","65308,110414"
-0.2283464566929134,0.1259842519685039,"37496,123162","37496,113228"
0.0160708578733506,0.087248322147651,"34331,37511","34331,128579"
-0.1946308724832214,0.0805369127516778,"37539,123181","37539,87798"
0.3037067099567099,0.0572916666666666,"30832,37553","33995,37553"
-0.1300448430493273,0.1121076233183856,"37541,65355","37541,126470"
-0.1435643564356435,0.1188118811881188,"37542,76442","30727,76442"
-0.098976109215017,-0.2852332195676905,"37544,38926","38926,113747"
-0.29,0.21,"37545,111861","37545,72809"
-0.0267281105990783,-0.0041527623285131,"23528,37552","17623,23528"
0.5272727272727272,0.3703703703703703,"37562,46113","37562,108044"
1.0,1.0,"37540,123194","14401,37540"
-0.0840579710144927,0.0463768115942029,"24734,37564","24734,69306"
-0.0741687979539642,0.0409207161125319,"37572,58092","37572,67599"
-0.3603174603174602,-0.1744186046511628,"37586,73405","37586,90975"
0.4142857142857143,-0.5384615384615384,"33312,65444","33312,73868"
-0.1208333333333333,0.0416666666666666,"36348,63957","36348,103836"
-0.1213389121338912,0.0753138075313807,"3452,65016","3452,50933"
0.0419744190235993,0.1098901098901098,"37666,123228","37666,103771"
-0.1657142857142857,0.0742857142857142,"3453,123229","3453,142894"
-0.1193415637860082,0.1069958847736625,"3084,123233","3084,42171"
-0.1196232339089482,0.1692307692307692,"37681,88436","37681,64822"
-0.204225352112676,0.0845070422535211,"23812,27856","27856,51036"
0.2478632478632478,1.0,"33285,118861","49288,118861"
-0.1010452961672473,0.0418118466898954,"37729,77125","77125,155206"
0.1003460207612456,-1.0,"37734,84589","37734,68855"
-0.142156862745098,0.0490196078431372,"37782,57670","16464,57670"
-0.2929292929292929,-0.4,"23794,97917","23794,25401"
0.0558823529411764,0.1293103448275862,"37800,53224","24851,37800"
-0.2636363636363636,0.1272727272727272,"37813,61815","37813,77403"
0.7671232876712328,0.1917808219178082,"37840,77516","77516,119170"
0.5178571428571429,-0.4285714285714285,"20115,39341","7111,20115"
-0.3052631578947368,0.231578947368421,"37858,107392","48626,107392"
-0.1271929824561403,0.1228070175438596,"12643,37866","12643,39257"
-0.1986301369863013,-0.238095238095238,"37870,123298","37870,71666"
0.1278413378814863,0.1374407582938388,"34502,36920","36920,38009"
-0.2213740458015267,0.099236641221374,"37873,77613","28946,77613"
-0.1858974358974359,0.1089743589743589,"24631,41146","41146,83574"
-0.453125,-0.1833333333333333,"37909,73352","46129,73352"
0.5,0.1153846153846153,"37919,123314","37919,89321"
1.0,-0.1070460704607046,"32414,123319","32414,74093"
-0.1228813559322034,0.0762711864406779,"17911,37979","17911,61193"
-0.2338709677419354,-0.7983870967741935,"37982,123333","37982,39143"
-0.1526315789473684,-0.4871794871794871,"35416,37990","35416,38332"
-0.2357723577235772,0.1219512195121951,"36641,38003","36641,59817"
0.4529478458049886,0.2361111111111111,"19355,38007","38007,64553"
-0.11284046692607,-1.0,"38017,123340","38017,52640"
0.25,-0.4324324324324324,"12809,83635","12809,51018"
0.618421052631579,-0.2037037037037037,"33769,84536","73064,84536"
0.275,-0.3548387096774194,"26914,123346","43475,123346"
-0.3052631578947368,0.1578947368421052,"38043,123348","73222,123348"
-0.2377049180327868,0.0901639344262295,"38045,123349","38045,97532"
-0.3085106382978723,0.1489361702127659,"38048,107163","68744,107163"
-0.3766233766233766,0.1428571428571428,"38053,41002","41002,132905"
-0.0932475884244373,0.0707395498392283,"38060,106706","38060,130163"
0.4142857142857143,-0.2375,"38074,123359","38074,43243"
0.5485407066052227,0.0709677419354838,"38082,123361","38082,45766"
-0.1244635193133047,0.0944206008583691,"38084,73407","50457,73407"
-0.0863095238095238,0.0386904761904761,"38089,123365","38089,83958"
0.2056737588652482,-0.0615384615384615,"30330,38107","38107,115519"
0.4302673796791443,0.0588235294117647,"13080,106998","13080,159940"
-0.18125,0.06875,"38116,114910","24535,114910"
-0.1300448430493273,0.0798188657968231,"38139,116183","41110,116183"
-0.2612612612612612,0.1621621621621621,"38180,50600","50600,61707"
0.1455050973123262,0.0265060240963855,"32947,53014","53014,161307"
-0.1686046511627907,-0.0637659414853713,"38211,110820","41422,110820"
-0.1300448430493273,0.0762331838565022,"6742,38214","6742,65488"
-0.1355140186915887,0.0607476635514018,"38241,123407","38241,46416"
0.5918367346938775,-0.3939393939393939,"38279,121345","35802,38279"
-0.0480277273477471,-0.5185185185185185,"2627,28069","2627,9688"
0.2185365853658536,0.1024390243902439,"38288,65723","43430,65723"
0.5453915453915454,0.1621621621621621,"18234,38289","18234,60808"
-0.2761904761904762,-0.069047619047619,"38291,58810","48572,58810"
-0.1472081218274111,0.116751269035533,"38292,123417","38292,48561"
-0.2527629233511586,-0.45625,"29594,38300","38300,53219"
-0.2164179104477611,0.0895522388059701,"38311,123423","91621,123423"
-0.1629213483146067,-0.1587301587301587,"38329,109555","14474,109555"
-0.1835443037974683,-0.2083333333333333,"38343,123427","38343,103309"
-0.2959183673469387,0.1938775510204081,"38348,123430","38348,58933"
-0.5576923076923077,0.1923076923076923,"38374,43005","38374,108919"
-0.0891719745222929,0.0318471337579617,"31508,101278","31508,159222"
-0.3943661971830985,0.2816901408450704,"30595,96160","30595,33781"
-0.2121212121212121,-0.2495904995904996,"25145,123467","25145,86032"
-0.0478723404255319,0.1489361702127659,"10452,63360","10452,129236"
-0.2333333333333333,0.1083333333333333,"38400,49326","38400,148132"
-0.2592592592592592,-0.0738255033557047,"21911,38404","1589,21911"
-0.2372881355932203,-1.0,"38407,78586","38407,168023"
-0.2393162393162393,-0.4245014245014245,"38410,123506","38410,147809"
-0.1538461538461538,0.0604395604395604,"11450,38426","11450,156995"
0.2393822393822393,0.0675675675675675,"34640,66511","34640,162606"
-0.1794871794871795,0.0833333333333333,"38441,123553","38441,148447"
-0.2692307692307692,0.1153846153846153,"19170,123559","19170,87971"
0.2597402597402597,0.1530612244897959,"38452,49947","38452,88643"
-0.1465968586387434,0.0523560209424083,"16352,123568","16352,76532"
-0.1818181818181818,0.1038961038961039,"34086,123571","34086,139590"
-0.2772277227722772,0.1386138613861386,"11544,75985","11544,86216"
0.1290322580645161,-1.0,"20764,42206","27002,42206"
0.2947368421052631,-0.2916666666666667,"2559,112052","48527,112052"
-0.14,0.06,"23943,109518","23943,70382"
-0.1739130434782608,-0.4316770186335403,"8562,123607","8562,68373"
-0.1021897810218978,0.0656934306569343,"4383,123616","4383,135442"
0.1333333333333333,0.1285714285714285,"38512,46565","10029,38512"
0.0769230769230769,-0.0970149253731343,"12376,23804","23804,37797"
-0.1089494163424124,0.0583657587548638,"33561,123648","33561,78662"
-0.1239388794567062,-0.4102564102564102,"27395,87377","27395,66359"
-0.160919540229885,0.0919540229885057,"29746,63721","29746,35839"
0.4782608695652173,0.0739130434782608,"32089,123653","32089,62652"
0.1346153846153846,-0.1309523809523809,"579,84653","36095,84653"
0.7985611510791367,0.1007194244604316,"28235,38555","28235,145633"
-0.1740037950664136,0.1144181072892532,"12768,43594","41913,43594"
-0.1470442126179831,-0.1705426356589147,"21478,49554","21478,52209"
-0.5714285714285714,-1.0,"22298,77216","22298,121738"
0.0384615384615384,-0.3146067415730337,"21707,33857","33857,55437"
1.0,-0.8762886597938144,"38568,38583","38583,130028"
-0.2080808080808081,0.1714285714285714,"38578,66580","66580,74162"
-0.1489361702127659,-0.6046511627906976,"10984,18500","10984,41602"
-0.3636363636363636,-0.0846153846153846,"10922,50579","10922,60216"
-0.0933333333333333,0.0333333333333333,"21938,27495","21938,108564"
-0.096551724137931,0.0517241379310344,"16193,33613","33613,142731"
-0.1783439490445859,0.1210191082802547,"6323,37242","37242,56558"
-0.4666666666666667,-0.2857142857142857,"27271,108031","27271,131620"
0.2412955465587044,0.2,"36104,86338","36104,115891"
-0.0471380471380471,0.0336700336700336,"23394,123715","23394,53787"
-0.1339712918660287,-0.033003300330033,"38604,64286","16101,38604"
-0.2074074074074074,0.0888888888888888,"1925,30804","30804,127065"
0.5384615384615384,-1.0,"38611,41013","41013,43733"
-0.2295081967213114,0.1557377049180328,"16390,68316","16390,133975"
0.1731601731601731,0.3174603174603174,"34798,38615","38615,131805"
0.2745098039215686,0.0576923076923076,"4523,7922","7922,94842"
1.0,-0.2857142857142857,"32999,111542","14339,111542"
1.0,1.0,"4293,35021","4293,127326"
-0.2352941176470588,0.1008403361344537,"38653,114195","38653,61226"
0.2868150684931507,0.136986301369863,"38658,45391","45391,164620"
-0.1904761904761904,0.1020408163265306,"20727,38661","20727,142926"
-0.4057971014492754,-0.2536231884057971,"32691,40676","32691,63020"
-0.1014492753623188,0.036231884057971,"13191,38666","13191,164538"
-0.1818181818181818,-0.8441558441558441,"38680,45111","45111,127254"
-0.2978723404255319,0.1276595744680851,"37333,123773","37333,45856"
0.1269998350651492,-0.2307692307692307,"7725,16127","7725,112407"
-0.1365853658536585,0.048780487804878,"38701,63138","38701,52932"
0.2679394338380513,0.2244897959183673,"38709,49767","46473,49767"
-0.1555555555555555,0.0611111111111111,"38710,49258","13967,49258"
0.7647058823529411,0.0924369747899159,"27491,91036","10224,27491"
-0.3888888888888889,-0.4102564102564102,"38720,77602","38720,66915"
-0.124223602484472,-0.4583333333333333,"19605,38737","38737,57384"
-0.2545454545454545,0.1818181818181818,"15317,114033","15317,117934"
0.345679012345679,0.2272727272727272,"11503,71938","51975,71938"
0.8323353293413174,0.1197604790419161,"33752,38761","33752,72277"
-0.1818181818181818,0.0844155844155844,"38764,123645","38764,99141"
-0.1397099832682654,0.1287878787878787,"2356,17063","17063,42730"
-0.1473684210526315,-0.1070386810399492,"36127,38787","15518,36127"
-0.3544303797468354,0.1392405063291139,"30114,114444","30114,159178"
-0.2153846153846154,0.0769230769230769,"38791,39555","39555,165239"
-0.1186440677966101,0.0423728813559322,"12788,25365","25365,102236"
0.5095238095238095,0.1088435374149659,"38817,87347","38817,126458"
0.21524926686217,-0.1026194144838212,"38820,41856","40304,41856"
-0.1546811397557666,-0.218987908643081,"38823,123847","38823,45280"
-0.2692307692307692,-0.15,"36170,38830","17617,36170"
-0.1728395061728395,0.0679012345679012,"38858,123861","21025,38858"
-0.3181818181818182,0.1477272727272727,"38859,118139","20232,38859"
-0.1917808219178082,-0.1721854304635761,"15815,38860","7807,15815"
-0.5,0.1964285714285714,"22066,38866","22066,140590"
-0.1372549019607843,0.1078431372549019,"26699,49462","31825,49462"
0.5701754385964912,0.1428571428571428,"17070,110787","67126,110787"
0.1627906976744186,0.0607843137254902,"38887,52551","26637,52551"
0.2121212121212121,0.1846153846153846,"38905,60149","38905,39283"
-0.1414141414141414,0.0656565656565656,"7579,96928","7579,54231"
-0.358974358974359,-0.2203389830508474,"38908,53317","43016,53317"
-0.1481481481481481,0.0687830687830687,"13913,38941","13913,150370"
0.3783783783783784,0.4,"38942,49607","38942,134259"
-0.1142857142857142,0.0612244897959183,"38955,123905","38955,143583"
-0.1157024793388429,0.0702479338842975,"36272,49620","49620,88573"
0.3225574712643678,0.1724137931034483,"38979,46361","46361,73967"
-0.1842105263157894,0.1118421052631579,"20720,38989","20720,63822"
-0.1842105263157894,-0.9144736842105264,"38996,123927","38996,39604"
0.5460847240051349,0.1157894736842105,"38997,123928","38256,38997"
0.0463291612180085,-0.4130127298444129,"39010,123935","39010,140888"
-0.2466666666666666,-0.0756302521008403,"39015,91732","21486,39015"
-0.3684210526315789,-0.3703703703703703,"22472,88909","64237,88909"
-0.0821114369501466,0.032258064516129,"29164,123944","29164,160037"
-1.0,-0.0962343096234309,"39036,122354","6973,122354"
0.4285714285714286,0.2040816326530612,"39055,52727","14729,52727"
-0.0804597701149425,-1.0,"19626,65170","19626,88400"
1.0,0.1118421052631579,"39069,40705","38879,40705"
0.8313253012048193,0.1144578313253012,"39070,57455","57454,57455"
0.2014453477868112,-0.4615384615384615,"34515,49781","34515,89532"
0.1298169556840077,0.1445086705202312,"39099,77023","39099,126566"
1.0,0.3506493506493506,"39104,56044","41309,56044"
-0.1302325581395348,-1.0,"39108,55818","55818,141612"
-0.2666666666666666,0.2571428571428571,"39113,118120","37900,39113"
-0.0830860534124629,0.029673590504451,"39145,123981","39145,104505"
1.0,0.3823529411764705,"39151,98339","39151,87226"
-0.3255813953488372,-0.7058823529411765,"39158,60797","45721,60797"
-0.1618497109826589,0.0751445086705202,"31966,39169","31966,82597"
0.2666666666666666,-0.1376146788990825,"39176,110738","39176,124864"
-0.1115779645191409,0.2222222222222222,"28735,61964","28735,54892"
-0.2105263157894736,0.150375939849624,"31969,39182","31969,54906"
-0.2060151657152594,-0.0535051546391752,"39186,109894","12116,39186"
0.2889784946236559,-0.8541666666666666,"31974,38243","31974,60021"
1.0,0.1395348837209302,"14395,15616","14395,140669"
-0.1296296296296296,0.0694444444444444,"39250,124022","39250,72677"
0.1475057339449541,0.1640625,"20872,115701","20872,130599"
0.5,0.2321428571428571,"39273,44702","38657,44702"
-0.1359223300970873,0.116504854368932,"20144,39286","20144,45903"
0.7142857142857143,-1.0,"19380,39309","19082,19380"
-0.1312741312741313,-0.180327868852459,"39312,55804","17773,39312"
-0.2043795620437956,0.1751824817518248,"39326,50187","45955,50187"
-0.0433689503456945,0.4418604651162791,"39333,106011","28702,39333"
-0.2393162393162393,0.094017094017094,"19375,124046","19375,96940"
-0.193103448275862,0.1379310344827586,"25005,44170","7653,44170"
-0.1818181818181818,0.1233766233766233,"35367,39349","35367,57987"
-0.5254237288135593,-1.0,"25428,108522","25428,119396"
-0.1985815602836879,0.1205673758865248,"19700,106189","17851,106189"
-0.1783439490445859,-0.3888888888888889,"39422,118333","39422,74767"
-0.3255813953488372,-0.4642857142857143,"39432,90150","39432,83690"
-0.1327014218009478,0.0663507109004739,"24433,39441","24433,78226"
-0.0773480662983425,-0.1923076923076923,"11405,124081","11405,25697"
-0.1044776119402985,0.085820895522388,"39457,48190","48189,48190"
0.3710124826629681,0.0970873786407767,"39462,124083","39462,97680"
-0.2718446601941747,-0.0892857142857142,"39471,58268","58268,78925"
0.7368421052631579,0.1818181818181818,"39477,114808","6687,39477"
-0.2333333333333333,-0.2142857142857142,"12715,73858","40007,73858"
-0.4516129032258064,0.0538332635106828,"39507,84674","35520,84674"
1.0,0.175438596491228,"39511,124107","39511,105336"
0.3294117647058823,0.2941176470588235,"14565,124113","14565,141862"
-0.0769411212760966,-0.5,"39588,124124","69646,124124"
0.2465136236859043,0.120253164556962,"9558,124125","9558,58525"
-0.0936454849498327,0.0367892976588628,"35607,39603","35607,61733"
-0.2333333333333333,0.15,"6331,110702","61742,110702"
-0.1772151898734177,0.0822784810126582,"13310,39609","13310,84412"
0.3317369093231162,0.0393518518518518,"3036,39617","3036,65439"
-0.3373493975903614,0.1325301204819277,"22335,98708","98708,109466"
-0.0838323353293413,0.0359281437125748,"39640,73945","73945,91147"
-0.4117647058823529,-0.4761904761904761,"39662,98924","84521,98924"
-0.4590163934426229,-0.2264150943396226,"39676,79108","37787,79108"
0.2288135593220339,-0.4482758620689655,"39681,122930","39681,65622"
-0.2352941176470588,0.0840336134453781,"18542,121450","42351,121450"
0.1917808219178082,-0.3392857142857143,"39699,42969","28838,39699"
-0.1489361702127659,0.1329787234042553,"39702,91921","44627,91921"
-0.358974358974359,-0.1125356125356125,"39706,122122","48543,122122"
0.8541666666666666,-1.0,"39713,124154","39713,99135"
-0.4888969785220241,-0.7142857142857143,"34530,39727","39727,44649"
0.24088713219148,-0.4038461538461538,"39744,108632","35646,39744"
-0.2616822429906542,0.102803738317757,"39769,124164","99405,124164"
0.4439285714285714,0.1607142857142857,"39802,124176","39802,135352"
-0.2393162393162393,-0.1156603253377447,"39804,91844","65927,91844"
0.8418079096045198,-1.0,"39816,110666","70371,110666"
-0.3698630136986301,0.136986301369863,"5953,124191","5953,24411"
0.2571428571428571,-0.0817610062893081,"23891,124198","71768,124198"
-0.1560693641618497,-0.3225806451612903,"31545,64606","31545,52636"
0.490566037735849,-0.3829078801331854,"39851,91146","39851,130249"
-0.0859872611464968,0.0382165605095541,"12623,124213","12623,67424"
0.8755760368663594,0.0875576036866359,"1815,39854","1815,133365"
-0.1244239631336405,0.0552995391705069,"5503,16928","16928,151905"
-0.1134453781512605,0.042016806722689,"23304,124235","23304,162005"
-0.1542857142857142,0.0742857142857142,"36557,124238","36557,79709"
-0.0269723092998954,0.0625,"4520,33079","4520,7390"
-0.1449900199600798,-1.0,"39891,55135","52287,55135"
0.2,-0.3823529411764705,"19431,75348","51888,75348"
0.8524590163934427,-0.1875,"28820,89046","28820,59412"
-1.0,-0.5517241379310345,"39907,50126","39907,45430"
-0.1559934318555008,-0.1774193548387097,"39918,48502","39918,110562"
-0.2327586206896551,-0.0491803278688524,"11857,41457","29319,41457"
-0.6923076923076923,-0.0888888888888888,"1386,71251","1386,17526"
0.4708826205641493,0.0828025477707006,"22784,39946","22784,148608"
0.3571428571428571,-0.25,"14869,28558","17718,28558"
0.2443181818181818,-0.1145038167938931,"39962,63929","22801,63929"
-0.1788079470198675,0.0993377483443708,"26669,70402","26669,78661"
-0.1928571428571428,0.1357142857142857,"17839,39989","17839,56396"
-0.18,0.08,"17828,20329","20329,20791"
-0.2139989526968057,0.0790638836179633,"39999,85143","54008,85143"
-0.10546875,0.06640625,"15498,62028","15498,54852"
-0.1508379888268156,-1.0,"25591,40012","25591,59318"
-0.4029850746268656,-0.5357142857142857,"31188,44585","31188,118459"
-0.0277777777777777,0.1851851851851851,"40020,106291","106291,123904"
-0.4090909090909091,0.2121212121212121,"13849,124407","13849,145598"
1.0,0.0578947368421052,"40038,45014","45014,54128"
-0.132183908045977,-0.1594202898550724,"40051,124430","40051,42867"
-0.1336633663366336,-1.0,"5489,124441","5489,93079"
-0.1244239631336405,0.0506912442396313,"24255,124443","24255,158171"
-0.4156839622641509,-0.1447368421052631,"1116,46239","9325,46239"
0.050698886519782,-0.165631469979296,"40067,45009","45009,80738"
0.4138660399529965,0.0956521739130434,"40074,82332","40074,62167"
-0.216,0.152,"32570,40079","32570,51058"
-0.0388063524590164,0.1953125,"16434,43277","43277,87648"
-0.225,0.1166666666666666,"40091,64350","64350,145848"
0.9300518134715026,-0.0663301768804716,"4812,124480","4812,10230"
-0.1323529411764706,0.0637254901960784,"29505,34385","29505,69425"
0.1873713109128346,-0.1492537313432835,"40102,49168","18171,49168"
-0.1636363636363636,0.0909090909090909,"34224,50871","34224,142854"
-0.3176470588235294,-0.09009009009009,"40115,124499","40115,120863"
-0.1970802919708029,-0.8759124087591241,"40127,62961","62960,62961"
-0.1824324324324324,0.1621621621621621,"21806,42267","21806,61317"
0.2177419354838709,0.1388888888888889,"40144,48389","48389,72209"
0.1435523114355231,0.0802919708029197,"40150,87037","65012,87037"
0.8698224852071006,0.1242603550295858,"40155,105206","52387,105206"
-0.3648648648648648,0.3108108108108108,"40188,47073","47073,110499"
-0.09375,0.0555555555555555,"11608,124557","11608,39672"
-0.1179039301310043,0.0480349344978165,"17013,124561","17013,158898"
-0.2142857142857142,0.2063492063492063,"40202,86930","40202,41766"
-0.4736842105263157,0.3508771929824561,"40212,63733","21210,40212"
-0.1666666666666666,0.1049382716049382,"40222,77578","40222,41876"
0.1544328770984164,-0.953020134228188,"9741,36708","9506,36708"
0.3552231237322515,0.0955882352941176,"29801,34902","29801,79711"
-0.1227272727272727,0.0727272727272727,"14054,124595","14054,22904"
0.1178321678321678,0.1025641025641025,"3361,38827","3361,58112"
-0.1273584905660377,0.1132075471698113,"21856,124625","21856,45279"
-0.039787798408488,0.0977011494252873,"40372,40373","40373,138295"
-0.1666666666666666,0.1172839506172839,"40396,102869","57137,102869"
-0.2934782608695652,0.108695652173913,"40401,124672","35847,40401"
1.0,0.0851063829787234,"17776,40446","17776,31405"
-0.0683544303797468,0.0379746835443038,"32843,40453","32843,114850"
-0.0673316708229426,-0.6428571428571429,"29507,69754","29507,111973"
-1.0,-0.2702702702702703,"27015,38004","27015,72722"
-0.2109375,0.0859375,"7294,40467","7294,56139"
-0.0859872611464968,0.0350318471337579,"18427,40469","40469,103712"
-0.1616766467065868,0.0718562874251497,"3053,124712","3053,36869"
-0.2410714285714285,0.1071428571428571,"40492,88119","78761,88119"
-0.7297297297297297,-1.0,"40500,124717","40500,71333"
-0.2432432432432432,0.1531531531531531,"30020,124722","30020,63898"
-0.3698630136986301,0.136986301369863,"40535,88266","88266,106920"
1.0,-0.293103448275862,"40561,55534","55534,64642"
0.0778260869565217,0.13,"23480,76870","59930,76870"
1.0,0.101010101010101,"40586,82212","82212,103989"
-0.27029826014913,-0.1333333333333333,"39634,88449","14107,88449"
0.6923076923076923,0.2564102564102564,"40612,88521","40612,61875"
0.0046153846153846,-0.0475471698113207,"40617,72154","45639,72154"
0.3690629011553273,0.3157894736842105,"40626,77028","27408,40626"
0.1033468776732249,-0.0993788819875776,"14130,21295","5713,21295"
-0.2177419354838709,0.1209677419354838,"39302,40645","30303,39302"
-0.4821428571428571,-1.0,"9796,40651","9796,88705"
-0.1317073170731707,-0.5495934959349593,"15592,40663","15592,45693"
0.2368421052631578,0.1944444444444444,"40664,44746","44746,66886"
-0.15,0.0888888888888888,"40714,124793","33132,40714"
-0.0954063604240282,0.0565371024734982,"40725,124797","40725,68226"
0.002155172413793,0.1839080459770115,"40747,68293","68293,141231"
-0.2,0.0814814814814814,"40774,65514","65514,96504"
-0.2415730337078651,-0.0628930817610062,"26964,99083","90347,99083"
0.1960897067280046,-0.0502283105022831,"40783,124820","27019,40783"
-0.3552631578947368,-1.0,"30250,72703","72703,123047"
-0.1776315789473684,0.0723684210526315,"32026,55090","55090,108651"
0.104063971957498,0.0558659217877094,"32419,37007","32419,167094"
-0.135,0.095,"40812,42446","42446,123251"
0.1569767441860465,0.7920792079207921,"20568,124831","41487,124831"
0.5625,0.396969696969697,"31137,111228","53765,111228"
-0.28125,0.1458333333333333,"40844,105591","77789,105591"
0.4153846153846154,-0.2962962962962963,"17245,40877","40877,133640"
0.4845238095238096,0.238095238095238,"40878,83328","40878,54607"
0.0431519699812382,-0.2298850574712643,"40906,77923","30502,40906"
-0.0588235294117647,0.037037037037037,"40927,42577","42577,64815"
-0.014549811708319,0.0869565217391304,"5454,124876","5454,155739"
0.1468495934959349,0.0548780487804878,"20169,25727","10025,20169"
-0.2061068702290076,0.1297709923664122,"40992,98507","64999,98507"
-0.2621359223300971,0.1359223300970873,"40998,78258","78258,147516"
0.6585365853658537,0.3421052631578947,"41004,44372","35471,41004"
-0.1554169030062393,0.1395348837209302,"29422,90484","22847,29422"
-0.3506493506493506,-0.136986301369863,"35707,41006","30722,35707"
0.5094339622641509,1.0,"39448,124529","10209,39448"
-0.2903225806451613,0.2473118279569892,"41011,124503","41011,48178"
-0.110204081632653,0.0857142857142857,"41034,55477","52771,55477"
0.1823089700996678,0.0872093023255814,"41053,55510","55510,73438"
-0.4354838709677419,0.1612903225806451,"41056,124901","5885,124901"
-0.170886075949367,-0.1940298507462686,"41071,90560","82949,90560"
0.2702380952380953,0.3571428571428571,"41072,108715","41072,142628"
-0.0906040268456375,0.0704697986577181,"19291,52877","52876,52877"
-0.2195121951219512,0.1138211382113821,"7655,124909","36721,124909"
0.12,-0.3488372093023256,"5737,8031","5737,104594"
-0.149171270718232,0.0939226519337016,"41132,61688","61688,65338"
0.0673316708229426,0.0382165605095541,"30671,109203","30671,86313"
-0.5294117647058824,-1.0,"41136,124917","50141,124917"
-0.0501985252410663,-0.5151515151515151,"31305,41151","31305,63944"
0.1588235294117647,-0.5833333333333334,"34751,74354","34751,127157"
-0.2839687194525904,-1.0,"41225,113129","59058,113129"
-0.1597633136094674,0.1597633136094674,"39664,55811","39664,58696"
0.0652830188679245,0.1981132075471698,"41238,120926","41238,131678"
1.0,0.1049382716049382,"41243,120767","41243,63490"
-0.2142857142857142,0.1904761904761904,"41262,124948","46414,124948"
0.1273584905660377,0.3709677419354839,"41267,50761","4411,41267"
-0.1970802919708029,0.1386861313868613,"41269,74144","34743,74144"
-0.4029850746268656,-0.7761194029850746,"41274,108197","51505,108197"
-0.1597633136094674,0.1420118343195266,"23225,48551","23402,48551"
-0.117391304347826,0.1043478260869565,"41285,117398","46445,117398"
-0.28125,0.15625,"41291,124958","41291,74217"
0.0615226864906434,0.0709219858156028,"27993,41293","41293,109821"
-0.1184210526315789,0.0745614035087719,"23266,41294","23266,52967"
-0.3375,0.125,"41305,113913","53223,113913"
0.0479543930248155,-1.0,"28887,124961","58833,124961"
-0.2903225806451613,-1.0,"41321,46488","46488,48730"
-0.1776315789473684,0.0921052631578947,"41324,58856","58856,79332"
0.3282758620689655,0.0054918612880396,"38157,111464","16087,111464"
-0.1475409836065573,-1.0,"16757,117715","68238,117715"
0.444015444015444,-0.3,"13213,119395","13213,77715"
-0.2195121951219512,0.1056910569105691,"41334,122518","85059,122518"
0.4736842105263157,-0.1078431372549019,"41366,124975","41366,98962"
-0.4909090909090909,0.2909090909090909,"26858,121914","21760,121914"
-0.0484171322160148,-0.0784796356730645,"7860,125002","7860,21611"
0.3487578005416225,-0.25,"10392,41052","41052,106835"
0.4406779661016949,0.2178217821782178,"27721,114093","50197,114093"
-0.1843971631205673,0.1489361702127659,"18263,43339","18263,126772"
-0.0938628158844765,0.0794223826714801,"13601,125029","13601,13771"
-0.25,-1.0,"23997,34767","34767,69331"
0.2524271844660194,-1.0,"16461,39127","39127,135108"
-0.1925925925925926,-0.0764132553606237,"32452,125057","32452,38510"
-0.1911764705882352,-0.0802919708029197,"2000,41421","2000,2918"
0.7425742574257426,0.099009900990099,"3578,87070","3578,162162"
-0.1140350877192982,0.0921052631578947,"18579,41431","41431,130443"
-0.1520467836257309,0.0760233918128654,"41434,125086","41434,79786"
0.2416574990832416,-0.2653061224489796,"4574,7344","7344,93158"
0.2857142857142857,0.2292358803986711,"6262,24980","24980,79290"
0.2731530576175327,-0.2666666666666666,"16659,26596","26596,127758"
-0.1666666666666666,0.0833333333333333,"7474,125113","7474,148422"
-0.2653061224489796,0.1020408163265306,"41453,67033","41453,155354"
-0.1257575757575757,0.0916666666666666,"25171,38442","38442,119206"
0.2954545454545454,0.0765027322404371,"18401,49260","49260,69662"
-0.1933280798529025,0.1604938271604938,"35572,41466","35608,41466"
-1.0,-1.0,"1944,104710","1944,18727"
0.5,0.1827956989247312,"34046,123146","64971,123146"
0.1099505222649807,0.1401869158878504,"41472,85760","41472,106166"
-0.1097826086956521,-0.1926605504587156,"13524,52845","10504,52845"
0.6341463414634146,-0.1416666666666666,"30943,41478","30943,130150"
-0.0666666666666666,-0.1376146788990825,"26907,41484","26907,81285"
0.1514336917562724,0.0887096774193548,"41488,47801","41488,157402"
1.0,-0.0815047021943573,"29099,41496","10692,29099"
-0.3823529411764705,0.3022002694207454,"20368,21302","4863,21302"
-0.3291139240506329,-0.2272727272727272,"33143,38129","38129,49896"
-0.2148760330578512,0.1487603305785124,"35128,119841","35128,135454"
0.4814814814814814,-0.3928571428571428,"28408,41503","41503,48886"
-0.2570093457943925,0.238095238095238,"16395,93997","20322,93997"
-0.1818181818181818,-0.1025641025641025,"41507,48908","48908,122372"
-0.124401913875598,0.0526315789473684,"25333,41508","25333,34690"
0.1048193925457507,0.0680272108843537,"41509,82683","41509,100521"
0.2736842105263158,0.1785714285714285,"27046,30576","30576,62558"
0.8364779874213837,0.0628930817610062,"23974,125229","23974,73348"
0.3661971830985915,0.1307692307692307,"23975,33573","23975,62646"
0.2063492063492063,0.0495934959349593,"21771,37595","37595,39139"
-0.7222222222222222,-0.0577777777777777,"41570,125250","27763,41570"
0.0815047021943573,-0.1884057971014492,"5221,12182","5221,32297"
-0.1097046413502109,0.0886075949367088,"10160,125261","10160,130780"
-0.2166666666666666,-0.027008032128514,"19475,69546","11146,19475"
-0.3095238095238095,0.1513372472276581,"38600,55730","38600,50606"
-0.2260869565217391,0.1043478260869565,"30664,41622","41622,153413"
0.1925681255161024,0.1329479768786127,"32635,41660","32635,46958"
0.6338028169014085,-1.0,"29495,37926","29495,92242"
-0.1677419354838709,0.0838709677419354,"6553,41575","6553,26018"
0.6201814058956916,0.0952380952380952,"41696,117723","79528,117723"
-0.2954545454545454,0.1363636363636363,"41703,125361","41703,58155"
0.3823529411764705,-0.0847457627118644,"33809,86843","33809,133221"
1.0,0.1025641025641025,"41727,66870","66870,79783"
0.4262295081967213,0.2888888888888888,"41729,86765","41729,148440"
1.0,0.1235955056179775,"41730,63484","21744,63484"
0.75,0.1538461538461538,"21823,125388","21823,140383"
-0.0421348314606741,0.1797752808988764,"36177,47274","27541,36177"
0.3357142857142857,0.1619047619047619,"9158,125392","9158,138029"
-0.1857142857142857,-0.4259259259259259,"22967,125394","17725,22967"
-0.2574257425742574,0.099009900990099,"16283,41756","16283,99440"
-0.1,0.073076923076923,"33860,125406","33860,134167"
0.208,-0.24,"37303,56899","37303,62711"
-0.0166520595968448,0.0674846625766871,"12468,14154","12468,64239"
-0.0580286168521462,-0.3946078431372548,"28584,31190","31190,151547"
0.65,0.1132075471698113,"19064,76565","19064,68702"
-0.0897264437689969,0.0638297872340425,"28247,29052","28247,154169"
0.1710526315789473,0.087719298245614,"7820,41818","41818,94661"
-0.1368421052631579,0.0894736842105263,"41827,68797","41827,138138"
0.4193548387096774,0.2419354838709677,"5405,41836","41836,86999"
0.1452513966480447,0.2407407407407407,"33905,52352","52352,81203"
0.7222222222222222,0.0408163265306122,"1411,29255","1411,165405"
-0.1158594491927825,-0.3518518518518518,"34942,41848","25859,34942"
0.0819136121149543,-0.2657718120805369,"15307,124748","15307,54168"
-0.2363636363636363,0.1909090909090909,"41853,51645","51645,131113"
-0.1870503597122302,0.1007194244604316,"41872,71650","59611,71650"
-0.0580357142857143,-0.1034482758620689,"41886,125466","68448,125466"
-0.1468926553672316,-0.1057860900058445,"30773,125468","27835,30773"
-0.268041237113402,0.1134020618556701,"41905,64479","41905,150461"
1.0,0.0686274509803921,"14077,41944","14077,146616"
0.2015503875968992,0.3947368421052631,"26837,41946","41946,128785"
0.2131147540983606,0.3636363636363636,"41948,48137","28256,48137"
0.2476190476190476,-0.1857142857142857,"37509,119450","7809,119450"
0.26,0.0584795321637426,"30825,76388","76388,102990"
-0.1306532663316583,0.050251256281407,"41994,125521","41994,80039"
-0.1160714285714285,0.0580357142857142,"17726,115493","17726,150371"
-0.1793103448275862,0.0827586206896551,"42036,125539","42036,87962"
1.0,0.1194968553459119,"8032,8372","8032,57986"
-0.1768707482993197,0.0680272108843537,"20938,82554","20938,166180"
-0.2342342342342342,0.2252252252252252,"17096,88110","17096,91537"
-0.9078014184397164,-0.0654205607476635,"3753,28857","8079,28857"
-0.2954545454545454,-0.0753138075313807,"26842,27602","27602,112369"
0.7011494252873562,-0.238095238095238,"42089,63848","39315,63848"
-0.3376623376623376,0.2207792207792207,"27660,125568","27660,138469"
0.7614678899082569,0.091743119266055,"42107,82042","82042,122061"
0.4,0.109090909090909,"29170,42149","29170,136410"
0.2014913007456504,0.188235294117647,"39292,42159","42159,57473"
-0.2626262626262626,-0.219047619047619,"4357,52580","4357,111129"
0.008841732979664,-0.087416817906836,"42165,62034","62034,125847"
0.4347826086956522,0.4347826086956521,"35313,123440","35313,54705"
0.844311377245509,0.0718562874251497,"42182,47629","47629,88443"
1.0,-0.4613445378151261,"20531,30111","7309,20531"
-0.3823529411764705,0.2794117647058823,"880,42202","880,49250"
0.1780821917808219,0.0405797101449275,"5639,11537","5639,53195"
-0.1793103448275862,0.1448275862068965,"30067,52166","52166,117213"
-0.3132530120481928,-0.1555555555555555,"42256,77384","42256,46163"
-0.65,0.35,"23490,58198","49912,58198"
0.6941176470588235,0.1411764705882353,"42268,125634","42268,122623"
-0.1984732824427481,-1.0,"22504,42282","22504,99951"
1.0,-0.217391304347826,"18476,42284","18476,147583"
0.3661971830985915,0.2998165137614679,"42289,113011","24739,113011"
0.8721804511278195,0.0827067669172932,"42306,125653","42306,88235"
0.6486486486486487,-0.4444444444444444,"42332,54922","54922,144482"
-0.7222222222222222,-1.0,"42344,106047","40231,106047"
0.2241379310344827,0.0380931570705415,"23642,42350","18986,42350"
-0.1733333333333333,0.1466666666666666,"30254,42399","30254,130046"
-0.1511627906976744,0.0872093023255814,"42402,61044","61044,72619"
-0.2429906542056074,-1.0,"42452,125697","42452,92599"
0.1553945249597423,-0.0679611650485436,"30436,36195","36195,52172"
-0.0855263157894736,0.0822368421052631,"26444,125700","26444,44119"
-0.124401913875598,0.0526315789473684,"42475,111070","73902,111070"
-0.1502890173410404,0.0751445086705202,"42497,61111","61111,83310"
0.490566037735849,0.4782608695652174,"42513,125721","26263,125721"
0.26,0.2745098039215686,"42535,106962","77971,106962"
-0.3714285714285714,0.0769888793840889,"42547,97439","83644,97439"
-0.2574257425742574,0.1782178217821782,"24113,119604","61245,119604"
0.4597277368122519,0.1627906976744186,"42565,125737","16210,42565"
-0.1254564423578508,0.1690140845070422,"9204,42569","9204,89998"
0.2888888888888888,0.0912408759124087,"42575,44478","44478,120909"
0.2452830188679245,-1.0,"42584,125746","15138,125746"
-0.4814814814814814,0.2592592592592592,"42590,79341","34801,42590"
0.1666666666666666,-1.0,"41700,110062","13859,41700"
-0.2429906542056074,-0.4318181818181818,"35710,69806","57486,69806"
-0.2063492063492063,-0.2394366197183098,"42634,58230","57001,58230"
-0.1666666666666666,0.0897435897435897,"42640,58235","58235,78322"
-0.3714285714285714,0.1857142857142857,"42645,97666","43167,97666"
-0.5652173913043478,0.4347826086956521,"42653,125767","55468,125767"
0.2222222222222222,0.0605095541401273,"26685,125768","26685,133841"
1.0,0.3148148148148148,"42660,125770","42660,138928"
-0.1585365853658536,-0.6071428571428571,"42662,125773","42662,64145"
-0.0761904761904762,-0.0294294294294295,"42667,74212","42667,48224"
0.4262295081967213,0.3409090909090909,"42704,58910","58910,74365"
-0.3291139240506329,0.2658227848101265,"41722,84670","52853,84670"
-0.2166666666666666,0.125,"42716,52861","52861,116244"
-0.2241379310344827,-0.4203612479474549,"42743,120404","90704,120404"
-0.0863787375415282,0.0598006644518272,"42747,61636","61636,115288"
0.1897810218978102,0.125,"13097,42762","13097,101109"
0.0490249482514435,0.0802919708029197,"37058,111041","98277,111041"
0.25,0.1234567901234567,"35594,107396","107396,167862"
0.4727272727272727,-0.2542372881355932,"40349,125806","40349,58554"
0.2148760330578512,-0.1231884057971014,"31341,116491","14387,31341"
-0.6046511627906976,-1.0,"42809,123113","77205,123113"
0.8770491803278688,-0.3255813953488372,"42810,69883","65433,69883"
-0.1538461538461538,0.0769230769230769,"42846,84602","49666,84602"
-0.2015503875968992,0.1860465116279069,"32344,42849","32344,46373"
1.0,0.0691823899371069,"7473,125831","4158,7473"
1.0,0.0581395348837209,"42880,125833","108038,125833"
0.8774193548387097,-0.9225806451612903,"24345,125844","24345,47998"
-0.1214953271028037,0.0560747663551401,"19240,25813","25813,119346"
-0.0545073375262054,0.0461215932914046,"42920,109054","50808,109054"
-0.1125541125541125,0.0476190476190476,"42948,114226","99455,114226"
0.3376623376623376,0.1604938271604938,"42961,124170","42961,46645"
-0.1405405405405405,0.0864864864864864,"42978,111802","69921,111802"
-0.1453488372093023,0.1453488372093023,"34589,43012","34589,125887"
-0.0603864734299516,0.0458937198067632,"1618,125898","1618,119191"
-0.1572327044025157,0.0691823899371069,"16481,125942","16481,156652"
-0.2777777777777778,0.1888888888888888,"24190,125943","24190,137118"
0.810126582278481,0.2278481012658227,"13712,43048","13712,60675"
-0.3280659567159051,-0.0888888888888888,"20440,125961","20440,21875"
-0.1358695652173913,0.0760869565217391,"24798,125982","24798,144920"
-0.1497005988023952,-0.1052631578947368,"43078,126008","34511,43078"
-0.1436781609195402,-1.0,"22054,43080","22054,163257"
0.3289473684210526,-0.86,"27572,78799","48525,78799"
-0.2232142857142857,0.1875,"6083,126029","6083,52862"
0.7142857142857143,-0.4186046511627907,"20947,61764","61764,136881"
0.904109589041096,0.0730593607305936,"22781,43107","22781,30422"
-0.2100840336134453,0.1512605042016806,"14484,44875","44875,114691"
0.8677248677248677,0.0529100529100529,"10714,122472","9464,10714"
-0.2066115702479339,-1.0,"41736,43128","43128,53550"
-0.1984126984126984,0.119047619047619,"22796,23206","22796,86235"
-0.1851851851851851,-0.1111111111111111,"1903,126085","1903,44223"
-0.1373626373626373,-0.1276595744680851,"10599,39103","10599,76658"
0.1824817518248175,0.2941176470588235,"31495,85910","1529,31495"
0.0052083333333333,0.15625,"43160,123395","38203,43160"
-0.0219298245614034,-1.0,"43162,54525","43162,115024"
-0.032671629445823,-0.3064516129032258,"43163,126103","58079,126103"
-0.3246753246753247,0.2077922077922078,"15625,38366","38366,139796"
0.1470588235294117,-0.4074074074074074,"5371,22232","22232,66034"
0.8863636363636364,0.0863636363636363,"21257,43172","21257,116954"
-0.1623376623376623,0.1038961038961039,"43180,126125","43180,139827"
0.6578947368421053,0.3055555555555556,"43189,80214","43189,75548"
-0.1785714285714285,0.1571428571428571,"1857,126151","1857,129420"
-0.138996138996139,-0.096045197740113,"24545,113917","9015,24545"
-0.0932835820895522,0.0634328358208955,"7690,126153","7690,43298"
-0.1184834123222748,0.0521327014218009,"18819,41557","27207,41557"
0.8409090909090909,0.1590909090909091,"31890,43206","31890,145828"
-0.15625,0.0875,"22893,126162","22893,72413"
0.0175824175824175,0.1648351648351648,"32842,40408","32842,92896"
-0.0888704318936876,0.1395348837209302,"19133,37516","37516,120236"
-0.1582278481012658,0.0759493670886076,"43229,46871","46871,153209"
-0.2083333333333333,-0.2702702702702703,"39703,122642","39703,106233"
-0.1677852348993288,0.1543624161073825,"35472,93789","35472,128231"
-0.4034090909090909,-1.0,"43249,68132","43249,60463"
-0.2577319587628865,-0.7938144329896908,"26560,76433","26560,53747"
0.0964912280701754,0.2105263157894736,"13685,54912","13685,95424"
0.7142857142857143,0.1298701298701298,"38588,126219","73851,126219"
-0.0243204059441826,0.0561797752808988,"43273,90920","43273,68280"
-0.0586854460093896,0.0469483568075117,"14753,15146","14753,54586"
0.1269035532994923,0.2,"26053,28182","26053,140420"
0.6944444444444444,-0.1818181818181818,"42435,107714","65504,107714"
0.2728291316526611,0.0280112044817927,"9281,57950","9281,164452"
0.0875,-0.1739130434782608,"43368,126286","30060,43368"
-0.2252252252252252,-0.2142857142857142,"32634,81174","32634,76544"
-0.0759878419452887,-1.0,"17365,126292","1317,17365"
0.2288288288288288,-0.0223577235772357,"43388,84668","311,43388"
-0.0546033838716765,-0.027027027027027,"36054,70998","1266,36054"
-0.1428571428571428,0.1314285714285714,"43431,47106","47106,128394"
0.3652186020607073,0.150375939849624,"37711,43433","37711,40711"
-0.18796992481203,-0.4706766917293233,"43436,54338","43436,48716"
-0.2659574468085106,0.202127659574468,"43440,126324","43440,119559"
-0.1121076233183856,0.0762331838565022,"43446,126327","43446,63212"
-0.1623376623376623,0.0909090909090909,"22189,43449","43449,99349"
-0.4716981132075472,-0.3421052631578947,"31844,49792","31844,120986"
1.0,-0.1904761904761904,"43473,52154","7765,52154"
0.2098214285714285,0.1785714285714285,"37588,126363","37588,98694"
-0.2032520325203252,0.089430894308943,"43488,126367","43488,94028"
-0.1388888888888889,-0.4864864864864865,"15012,43489","15012,119915"
-0.3048780487804878,0.1219512195121951,"43500,75963","22129,75963"
-0.2475247524752475,0.1782178217821782,"19248,59954","59954,89916"
-0.2427184466019417,0.1067961165048543,"35462,126396","35462,111150"
1.0,0.1941747572815534,"43537,59968","54205,59968"
0.2604166666666667,-0.1666666666666666,"43562,91262","63445,91262"
-0.6944444444444444,0.3055555555555556,"43572,126419","8272,43572"
0.3378378378378378,0.2978723404255319,"7455,43601","43601,51163"
-0.0984251968503937,0.0393700787401574,"14331,43615","14331,97652"
-0.4098360655737705,0.180327868852459,"43622,126444","43622,60493"
-0.3246753246753247,-0.4310344827586206,"43624,65598","43624,49487"
0.5434782608695652,0.5416666666666666,"37905,46091","46091,67488"
-0.0809061488673139,0.0323624595469255,"43668,126460","43668,165776"
-0.1288659793814432,0.056701030927835,"2764,14830","14830,64300"
-0.1515151515151515,0.0727272727272727,"43673,126463","43673,154657"
0.1404494382022472,0.1538461538461538,"24129,31790","24129,152587"
-0.2717391304347826,0.1304347826086956,"43681,95008","87780,95008"
-0.0886524822695035,0.0744680851063829,"43688,126473","43688,51843"
-0.3048780487804878,-0.1428571428571428,"31227,43689","31227,107720"
-0.238095238095238,0.0952380952380952,"29565,43694","29565,103168"
-0.1033057851239669,0.0454545454545454,"36268,43706","36268,159763"
-0.2293577981651376,-0.2153264975715056,"37876,43708","37876,71717"
-0.2403846153846154,-0.3235294117647059,"38943,54969","38943,103292"
-0.1824817518248175,0.1094890510948905,"13409,54485","54485,89859"
-0.1893939393939394,-1.0,"17762,43746","11165,17762"
0.8226950354609929,0.0780141843971631,"23550,126506","23550,159939"
-0.1008064516129032,0.1008064516129032,"23737,43757","23737,33073"
-0.1582278481012658,0.1392405063291139,"35253,43760","43760,49675"
-0.2049180327868852,0.1147540983606557,"43776,74155","74155,76745"
0.2567857142857143,0.125,"15341,36994","15341,111169"
-0.0899280575539568,0.0359712230215827,"18066,43779","10134,18066"
-0.2659574468085106,-1.0,"43786,126524","43786,81808"
0.2659574468085106,-0.1709401709401709,"43813,82154","43813,75253"
-0.125,-0.2075471698113207,"18439,43818","18439,71564"
0.575,-0.5652173913043478,"42842,52729","42842,79692"
-0.1644736842105263,0.0921052631578947,"43851,109171","4240,43851"
0.2223110400568433,0.1007194244604316,"12262,24194","12262,35483"
0.1083191850594227,0.1483870967741935,"43898,65897","48660,65897"
-0.1037344398340249,0.0580912863070539,"22496,126576","22496,77108"
0.3467297084318361,0.2037037037037037,"25080,49970","49970,113316"
0.3125,-0.1538461538461538,"43911,111737","34141,111737"
0.7596153846153846,0.1346153846153846,"40689,83057","40689,135527"
0.8275862068965517,-0.8413793103448276,"43965,126595","43965,128740"
-0.2252252252252252,0.0990990990990991,"37780,37792","37780,116463"
-0.423728813559322,0.2542372881355932,"6457,19758","6457,38042"
0.8493975903614458,0.1024096385542168,"25581,33030","25581,52343"
0.0361393260386241,0.0591133004926108,"9541,21028","21028,32123"
0.7340425531914894,0.1063829787234042,"44058,91054","44058,76182"
-0.2777777777777777,-0.1511627906976744,"44081,52426","38196,44081"
0.1798561151079136,-0.0032299741602067,"44091,126639","59834,126639"
-0.0936329588014981,0.0823970037453183,"44094,55749","44094,130072"
-0.1141552511415525,-0.2935216894977169,"40827,44116","40827,92162"
-0.0778816199376947,0.043613707165109,"26334,121711","26334,53037"
-0.4098360655737705,-0.2075471698113207,"44186,119671","92716,119671"
0.6756756756756757,0.1884057971014492,"19281,34868","34868,54947"
0.4232456140350877,0.1403508771929824,"44201,126668","44201,66967"
-0.1302083333333333,0.0520833333333333,"13745,35237","13745,105992"
0.3182261208576998,0.131578947368421,"35647,44226","44226,79201"
0.0577575963333899,0.1167883211678832,"44240,115307","44240,67897"
-0.1908396946564885,0.0763358778625954,"44291,126691","44291,124496"
0.8792270531400966,-1.0,"44297,126693","44297,103979"
-0.0943396226415094,0.0641509433962264,"44301,126694","44301,65000"
-0.176056338028169,0.1056338028169014,"39479,44324","39479,132470"
-0.2252252252252252,0.1171171171171171,"32189,55451","55451,151306"
-0.1302083333333333,0.09375,"44345,50651","50651,61442"
0.2087256748273697,-0.3636363636363636,"44353,126714","44353,68999"
-0.1013314199154907,0.1711711711711711,"44361,83903","58296,83903"
-0.1602564102564102,0.1025641025641025,"2238,44376","2238,69055"
-0.1428571428571428,0.0857142857142857,"4079,74165","4079,73440"
0.3177173703489492,0.1208791208791208,"44382,120020","44382,90925"
-0.219298245614035,0.175438596491228,"23800,44397","23800,55544"
0.1655629139072847,-0.15,"44401,108486","71012,108486"
0.0949675324675324,-0.1056910569105691,"8020,44408","8020,12224"
-0.0950456053067993,0.1791044776119403,"38124,126725","88708,126725"
0.1198698698698698,0.1296296296296296,"15972,44467","15972,78727"
0.7596153846153846,0.125,"44492,84324","84323,84324"
0.1020408163265306,-0.5,"34333,110076","34333,125671"
-0.3164556962025316,-0.4761904761904761,"44502,107450","84360,107450"
-0.4310344827586206,0.1896551724137931,"44512,98537","26804,98537"
-0.1037344398340249,0.0414937759336099,"12911,44533","6325,12911"
-0.309433962264151,-0.4782608695652174,"39550,124940","22116,39550"
-0.1893939393939394,0.0833333333333333,"44557,123173","98764,123173"
-0.0354107648725212,0.0240793201133144,"2321,44561","2321,65554"
-0.1219512195121951,-0.1219512195121951,"44587,115329","44588,115329"
0.5102040816326531,0.1864406779661017,"44616,58990","45871,58990"
0.3125,-0.1052631578947368,"35679,35739","35739,108781"
-0.15527950310559,0.0869565217391304,"44726,114693","79470,114693"
-0.2427184466019417,0.0970873786407767,"37100,112393","108903,112393"
-0.1712328767123287,-0.6153846153846154,"44756,74517","67574,74517"
-0.1666666666666666,-0.4347826086956521,"18620,79982","18620,74195"
-0.0514705882352941,0.203125,"17782,44776","17782,48751"
-0.192,0.096,"5704,78563","5704,49811"
0.2696629213483146,0.2444444444444444,"12639,88795","88795,95999"
-0.125,-0.1763392857142857,"22745,126843","22745,27219"
0.4569993722536095,-0.282051282051282,"13428,44780","13428,119970"
-0.0056999544003648,0.1503267973856209,"19598,44782","14465,44782"
0.2201834862385321,-0.425,"43715,44794","44794,82696"
-0.2608695652173913,0.1413043478260869,"34745,44795","34745,79726"
0.2352941176470588,-0.1195652173913043,"44806,96503","96503,126557"
0.4705882352941176,0.0839694656488549,"39897,107471","98471,107471"
-0.1751824817518248,0.1021897810218978,"38913,126909","38913,137998"
-0.0610687022900763,-0.0772946859903381,"9124,126910","9124,46751"
0.1735146319834466,0.100502512562814,"14180,45225","14180,25731"
1.0,0.0097334726940161,"37093,44825","37093,54394"
-0.1437125748502994,0.0778443113772455,"44828,126923","44828,148405"
-0.1395348837209302,0.063953488372093,"44190,126935","44190,157111"
-0.110091743119266,0.0871559633027523,"43079,65561","43079,133559"
-0.1558441558441558,0.0714285714285714,"38451,46240","38451,45633"
-0.1935483870967742,0.1370967741935483,"36487,55067","36487,45859"
0.7708333333333334,-0.1398809523809523,"39734,44854","39734,44655"
0.0101440454453236,0.1132075471698113,"10580,37816","10580,85695"
0.3333333333333333,-0.2095238095238095,"31500,34226","34226,44414"
0.066699788846106,-0.2325581395348837,"26618,41236","32792,41236"
-0.2962962962962963,-1.0,"44876,58191","58191,140403"
-0.2376237623762376,-1.0,"19443,34558","19443,79938"
0.2651856994099271,0.0581395348837209,"44878,115990","82471,115990"
0.1678321678321678,-0.1265822784810126,"12748,61531","61531,82406"
-0.1558441558441558,0.0649350649350649,"38501,114205","38501,53578"
-0.1951219512195122,0.0975609756097561,"44903,52127","44903,85857"
-0.1490683229813664,0.0683229813664596,"44906,45496","37710,45496"
0.5454545454545454,-0.6,"23981,100580","23981,144491"
-0.2608695652173913,-0.2857142857142857,"5642,23047","23047,43061"
-0.2448979591836734,0.1224489795918367,"44935,66421","66421,114729"
-0.3,-0.0938775510204081,"33566,44510","33566,49869"
-0.24,0.1,"44940,127074","44940,100691"
1.0,0.0431893687707641,"21715,125236","10217,21715"
-0.009327442317133,0.1546391752577319,"44963,55595","42909,44963"
-0.2823529411764706,0.1647058823529411,"4324,44971","4324,145608"
-0.1348314606741573,0.1011235955056179,"37210,127131","32487,37210"
-0.0610687022900763,0.0356234096692111,"11202,55126","11202,32801"
0.8854166666666666,-0.180327868852459,"36746,71541","21530,36746"
0.0894974119218567,0.1415929203539823,"31594,45018","31594,67294"
-0.1818181818181818,0.1439393939393939,"37257,45032","37257,71628"
-0.6857142857142857,-0.0497512437810945,"7049,25118","7049,43640"
0.1582089552238805,0.125,"31029,45052","45052,109859"
-0.3157894736842105,0.1447368421052631,"32388,127216","32388,158498"
0.2285714285714285,-0.1219512195121951,"13503,42504","42504,107341"
0.0750372856077554,0.1342281879194631,"15366,53910","15366,80911"
-0.1596467391304347,0.203125,"4255,111487","76739,111487"
0.2821428571428571,-0.3,"26732,33303","26732,77264"
-0.1437125748502994,0.0958083832335329,"45114,127258","45114,53921"
-0.2448979591836734,0.1632653061224489,"28546,55418","28546,46655"
-0.208695652173913,0.1652173913043478,"17401,127302","17401,56798"
-0.7058823529411765,-0.4285714285714285,"10330,85263","10330,51234"
-0.192,-0.3655384615384616,"18725,45184","18725,76765"
0.7058823529411765,0.0902255639097744,"18355,45204","18355,154118"
-0.091254752851711,0.0456273764258555,"13411,127352","13411,82461"
-0.0979591836734693,-0.1785714285714285,"18490,127357","18490,56851"
-0.3934426229508196,-0.146551724137931,"20103,119790","20103,30743"
0.1256544502617801,-0.5862068965517241,"45254,45255","33067,45254"
-0.1403508771929824,0.1345029239766081,"24147,45290","24147,128476"
-0.1621621621621621,0.081081081081081,"45304,65391","65391,87336"
-0.1643835616438356,0.1232876712328767,"44005,127396","12171,44005"
-0.2142857142857142,-0.1633687258687259,"32892,81912","32892,49420"
-0.1904761904761904,-1.0,"45336,47307","47307,92127"
-0.0634920634920634,0.0423280423280423,"2349,127410","2349,22283"
-0.2790697674418604,0.1511627906976744,"45348,45606","45606,81474"
-0.116504854368932,-0.5238095238095238,"14073,38574","14073,103387"
-0.2526315789473684,0.1157894736842105,"6840,54294","42019,54294"
0.2264150943396226,0.1595744680851064,"6252,18503","18503,71020"
1.0,0.1684210526315789,"45358,60655","45683,60655"
-0.1043478260869565,0.0695652173913043,"45360,49482","49482,140725"
0.4,0.1376146788990825,"45403,65907","65907,74436"
-0.1791044776119403,0.1716417910447761,"45405,127452","45405,47410"
-0.2526315789473684,0.1368421052631579,"24715,127470","24715,150346"
-0.1490683229813664,0.0869565217391304,"29990,127473","29990,146749"
0.2139427693489533,-0.1013215859030837,"29136,45451","29136,46648"
-0.1643835616438356,0.0890410958904109,"45456,127482","45456,81836"
-0.1428571428571428,0.1011904761904761,"45462,127484","40484,45462"
-0.1048034934497816,0.0524017467248908,"31267,45479","24417,31267"
0.2142857142857142,-0.0427046263345195,"45488,51910","12828,45488"
0.3248175182481752,0.0875912408759124,"45501,60306","60306,88093"
0.3582089552238806,-0.3720930232558139,"45531,121143","45531,111329"
0.4285714285714285,1.0,"20478,43771","43771,57347"
0.3809523809523809,-0.4166666666666667,"42864,45541","42864,109430"
-0.1791044776119403,-0.8507462686567164,"45550,60401","53545,60401"
0.5454545454545454,0.3809523809523809,"23739,45558","19811,45558"
0.5581395348837209,0.135593220338983,"14173,57389","14173,24945"
0.7777777777777778,0.1296296296296296,"45569,52017","52017,146930"
0.4210526315789473,-1.0,"45611,114388","45611,149416"
-0.072289156626506,-0.5806451612903226,"45615,88445","60513,88445"
0.2161695447409733,0.1224489795918367,"42294,84119","41753,84119"
-0.1256544502617801,0.0732984293193717,"23021,45619","23021,25433"
-0.1263157894736842,0.0789473684210526,"7208,45632","7208,72135"
-0.1085972850678733,0.0588235294117647,"22494,49858","22494,139188"
-0.1043478260869565,-0.1527777777777778,"20992,127601","20992,63349"
-0.1610644257703081,0.196078431372549,"40707,45704","40707,54604"
0.1653679653679653,0.2,"45717,104910","45717,117588"
-0.2181818181818181,-0.9090909090909092,"22722,45770","22722,49906"
-0.091254752851711,0.0570342205323193,"30131,45773","30131,72498"
-0.1403508771929824,0.087719298245614,"13272,45781","13272,72513"
-0.100009083477155,0.1188118811881188,"3618,114530","3618,74243"
0.1354113438937148,0.0970873786407767,"45804,105014","55739,105014"
0.0266666666666666,-0.7638888888888888,"45805,78510","64379,78510"
0.8367346938775511,0.0952380952380952,"45813,60849","60849,75102"
-0.0385185185185185,-0.5185185185185185,"45353,96494","45353,72629"
-0.6857142857142857,-0.282051282051282,"45839,83111","83111,94095"
-0.2352941176470588,0.1078431372549019,"45875,68438","68438,75497"
-0.2162162162162162,0.1261261261261261,"17803,45887","17803,77661"
0.15,0.1081081081081081,"24289,33017","33017,89097"
-0.25,-1.0,"45913,127690","45913,100569"
0.0939476061427281,0.1234567901234567,"45914,105457","105457,167168"
0.2457545420837968,0.021505376344086,"5282,50162","5282,97154"
-0.5,-0.1011904761904761,"45972,77861","77861,83307"
1.0,0.2625,"3269,110727","3269,3330"
-0.1437125748502994,0.059880239520958,"44482,105916","105916,146666"
-0.2242990654205607,-0.1443298969072164,"20716,46031","20716,35688"
-0.1111111111111111,-1.0,"4067,6525","6525,75245"
-0.102747909199522,-0.0318388564002599,"46075,50850","48401,50850"
-0.1951219512195122,-0.368937482478273,"23157,83758","23157,78265"
-0.1558441558441558,0.0649350649350649,"46092,97577","97577,106486"
-0.1599407626804887,0.1621621621621621,"14787,127752","54244,127752"
-0.32,0.0809756097560975,"46128,65081","65081,78374"
-0.0879120879120879,0.0549450549450549,"40043,78383","73362,78383"
-0.0474226804123711,-0.0947918061320123,"32366,61984","32366,130275"
0.1846153846153846,0.3050847457627119,"20673,121486","20673,59904"
-0.1538461538461538,0.0961538461538461,"40887,112574","65237,112574"
-0.090566037735849,0.0415094339622641,"46270,110340","72909,110340"
-0.2264150943396226,0.1415094339622641,"46334,119972","13104,119972"
0.1583747927031509,-0.1955223880597014,"13690,111057","53076,111057"
0.6486486486486487,-0.9153846153846154,"9452,126767","9452,135018"
-0.5853658536585366,-0.2876712328767123,"46383,126663","51472,126663"
-0.1951219512195122,-0.125,"46391,112791","73220,112791"
0.3076923076923077,0.5416666666666666,"46401,127823","84735,127823"
0.2962962962962963,0.3214285714285714,"9589,125837","9589,129374"
-0.1764705882352941,0.1176470588235294,"46420,118709","69653,118709"
-0.1558441558441558,0.0779220779220779,"24457,127830","24457,29583"
-0.2790697674418604,-1.0,"46456,53208","46456,62016"
-0.6857142857142857,-0.6857142857142857,"46461,55941","46461,55940"
0.1936507936507936,-0.2,"19284,114223","105118,114223"
0.1287878787878787,0.1931818181818181,"46475,99254","46475,136840"
-0.5106382978723404,-0.1854838709677419,"23879,46521","23879,48252"
0.3349282296650717,0.2017543859649122,"46562,58961","21767,58961"
-0.0833333333333333,0.0486111111111111,"13582,46566","46566,79527"
-0.1038961038961039,0.0909090909090909,"18255,46573","18255,53342"
-0.0979591836734693,0.0489795918367346,"46579,122759","89084,122759"
0.32,0.2608695652173913,"46582,111385","91955,111385"
-0.2446808510638297,0.2446808510638297,"46591,127866","46591,127867"
-1.0,-0.1417322834645669,"46608,121837","46608,47896"
1.0,0.1065573770491803,"36166,46616","36166,150027"
0.4220606060606061,0.08,"46627,120127","46627,82713"
-0.1045454545454545,-1.0,"29336,89139","29336,96784"
-0.0821428571428571,0.0392857142857142,"11627,127560","11627,156828"
0.6571428571428571,0.1016949152542373,"35948,47194","47194,86721"
0.0588235294117647,0.0909090909090909,"16013,32031","32031,154144"
-0.1377245508982036,0.1317365269461078,"7698,77044","7698,48776"
-0.2,0.0956521739130434,"41906,67936","41906,155018"
-0.0600522193211488,0.0287206266318537,"15166,33556","15166,156999"
-0.2017543859649122,0.1929824561403508,"46662,128007","46662,48794"
-0.0670553935860058,0.0495626822157434,"16984,128019","16984,137275"
-0.085820895522388,0.0746268656716417,"13506,119694","13506,131958"
-0.0642458100558659,0.0363128491620111,"7159,85147","7159,73661"
0.0973684210526316,0.1710526315789473,"42926,46722","46722,148575"
-1.0,-0.1506849315068493,"20880,104720","20880,115037"
0.2830188679245283,0.160377358490566,"17820,88523","17820,66239"
0.2211538461538461,-0.0670731707317073,"21238,46734","46734,52829"
-0.1133004926108374,0.0591133004926108,"8346,128090","8346,152636"
-0.4791666666666667,-0.2289156626506024,"39537,63821","39537,56170"
0.2323232323232323,0.0341365461847389,"1552,15052","1552,53942"
-0.2395833333333333,-0.2708333333333333,"43135,57420","43135,47593"
-0.2371134020618556,0.1030927835051546,"34496,34682","34682,76715"
-0.219047619047619,0.1428571428571428,"46773,128133","46773,70388"
0.3026315789473684,-0.2272727272727272,"23838,32521","23838,107818"
-0.0751633986928104,0.0490196078431372,"11828,125142","11828,142445"
-0.0927419354838709,-0.2994805904866047,"6636,113880","6636,124228"
-0.2017543859649122,-0.5185185185185185,"8998,128149","8998,30480"
0.0311470500149745,0.2063492063492063,"43649,46789","46789,80168"
-0.0881226053639846,0.0498084291187739,"46791,128157","46791,138609"
0.0729969183359013,0.0847457627118644,"15826,25930","25930,94251"
-0.1782945736434108,0.0930232558139534,"32646,128163","32646,152958"
-0.1121951219512195,0.0634146341463414,"37200,46814","37200,148976"
0.2292869111897226,0.0687022900763358,"10250,30661","10250,135573"
-0.1284916201117318,-0.0990028993706244,"33580,46833","33580,38444"
0.4107142857142857,-0.0852272727272727,"32544,122345","14219,122345"
0.5111111111111111,-1.0,"43728,110620","51418,110620"
0.1543624161073825,0.3303769401330377,"2566,128207","53365,128207"
0.696969696969697,0.2714285714285714,"43283,46874","43283,91166"
-0.0367833587011669,0.1851851851851851,"32551,46875","32551,67709"
0.8160000000000001,0.112,"16759,128242","16759,24248"
0.2948717948717949,-0.5,"24641,55725","15936,55725"
1.0,0.3023255813953488,"23445,37243","23445,27638"
0.0650416462518373,0.0636942675159235,"32931,37670","37670,164059"
-0.264367816091954,0.1379310344827586,"25629,42913","42037,42913"
0.2149532710280373,-0.2448979591836734,"46933,51346","46933,125315"
0.0994965553789083,0.1486486486486486,"37264,39570","37264,119523"
-0.1243243243243243,-0.2352941176470588,"30188,128224","30188,52795"
-0.4181818181818181,0.4,"46944,105236","32554,46944"
-0.2804878048780488,-0.3428571428571428,"46945,98965","46945,154510"
-0.1208713272543059,0.1063829787234042,"20418,46950","46950,77419"
-0.1483870967741935,0.0903225806451612,"46957,75387","75385,75387"
0.2527472527472527,-0.6451612903225806,"46963,104572","53599,104572"
0.9125475285171104,-0.1626016260162601,"17155,126133","17155,114740"
-0.1854838709677419,0.0887096774193548,"46981,128314","46981,93408"
0.1461538461538461,-0.1166666666666666,"10291,46982","10291,72858"
-0.1090047393364928,0.0947867298578199,"37290,96854","37290,132362"
0.5161186331399098,0.1489361702127659,"22667,29538","29538,145492"
-0.1337209302325581,0.1104651162790697,"4577,110943","4577,44524"
-0.2446808510638297,-0.4117647058823529,"47017,128331","47017,138376"
-0.264367816091954,0.1149425287356321,"47022,128333","47022,101522"
-0.2211538461538461,0.1634615384615384,"26894,42385","40394,42385"
0.2254901960784313,-0.0649350649350649,"34846,47035","47035,76571"
0.3587344028520499,-0.0674157303370786,"9681,41135","9681,47399"
0.86,0.13,"47048,47370","47370,113423"
-0.2738095238095238,-0.1170212765957446,"27714,89008","27714,28119"
0.4802631578947368,0.125,"33957,54457","33957,76528"
-0.3898305084745763,0.2203389830508474,"47067,65816","23607,65816"
-0.1623733108108108,0.1351351351351351,"2958,109264","2958,84355"
-0.4107142857142857,0.2142857142857142,"47076,124078","47076,112463"
0.6764705882352942,-0.44,"47090,90885","63856,90885"
-0.0901960784313725,0.0627450980392156,"1378,47097","1378,140418"
0.4693877551020408,0.2,"41771,47729","47729,135968"
1.0,0.1136363636363636,"37757,47119","37757,142884"
0.1608391608391608,-0.1083333333333333,"47124,75792","44104,47124"
-0.2035398230088495,0.1238938053097345,"32681,47133","32681,112229"
0.0816666666666666,-0.1157894736842105,"44486,47144","44486,128903"
0.1642857142857142,-0.2926829268292683,"47150,51571","47150,64638"
-0.2473118279569892,-0.0376344086021505,"13840,47157","7877,13840"
0.323943661971831,0.0952380952380952,"47208,54145","47208,103495"
-0.3150684931506849,0.1917808219178082,"13338,89835","13338,76030"
0.4957430340557276,0.0789473684210526,"15192,47240","15192,26184"
0.6891891891891893,0.1486486486486486,"26473,35229","26473,159326"
-0.1493506493506493,0.0714285714285714,"47272,54229","17284,54229"
0.6216216216216216,0.4137931034482758,"47286,76616","43310,47286"
0.575,-0.59375,"8172,63463","8172,34997"
-0.1900826446280991,0.0826446280991735,"47321,128522","47321,165560"
-0.152317880794702,0.0794701986754966,"12671,128525","12671,87481"
-0.4339622641509434,-0.2553191489361702,"21394,43952","43952,119398"
0.1208239393318303,-0.0128261831048208,"47357,83907","47357,61693"
0.4509803921568627,-0.1392405063291139,"47371,49974","31118,47371"
0.1355724088118454,0.0871794871794871,"23605,90592","23605,63613"
-0.1678832116788321,-0.0226412543930792,"39882,112584","31701,112584"
-0.1337209302325581,0.0581395348837209,"3191,6777","2851,3191"
-0.1402439024390244,0.0914634146341463,"42042,47465","42042,71749"
0.696969696969697,0.1956521739130435,"47474,103422","47474,60275"
0.696969696969697,0.1074380165289256,"47488,60289","40266,47488"
0.365079365079365,-0.2631578947368421,"11301,69787","11301,61355"
0.6571428571428571,0.1855670103092783,"47500,47644","19111,47644"
0.1932773109243697,-0.1527777777777778,"20644,47503","18231,47503"
-0.3285714285714285,0.2285714285714285,"15657,47525","15657,140951"
-0.1742424242424242,-0.5833333333333334,"40508,40509","40509,51961"
0.5148148148148148,0.0444444444444444,"13457,47536","13457,23113"
0.4107142857142857,-0.2,"38689,50251","23108,38689"
0.2062656641604009,-1.0,"7116,41498","7116,66111"
-0.0745614035087719,0.2391304347826087,"47556,49704","49704,97985"
0.3382352941176471,-0.5454545454545454,"33965,60853","60853,115176"
0.3333333333333333,0.2321428571428571,"8271,103914","8271,80514"
0.0831458145814581,0.1485148514851485,"34407,47616","34407,41867"
-0.2323232323232323,0.1111111111111111,"29482,67955","67955,92103"
0.696969696969697,0.1532846715328467,"47643,65968","53350,65968"
0.1270718232044199,0.1056910569105691,"18815,24531","24531,124320"
-0.209090909090909,0.1181818181818181,"47672,82362","82361,82362"
-0.4259259259259259,-0.2528735632183908,"42550,47680","42550,136480"
-0.323943661971831,0.2816901408450704,"47697,124665","47697,54796"
-0.1513157894736842,0.0986842105263157,"36433,128719","36433,69001"
-0.1654676258992805,0.1510791366906475,"15162,47727","15162,52210"
1.0,-0.0380566801619433,"47743,116728","6603,116728"
0.0543672014260249,0.3529411764705882,"18539,61417","18539,44659"
-0.37,-0.1,"21053,55051","21053,68527"
-0.1263736263736263,0.0769230769230769,"31291,128737","31291,77267"
-0.0531045751633987,-0.2876712328767123,"47767,52261","38656,47767"
-0.1885245901639344,0.0901639344262295,"47779,128746","47779,160465"
0.1155778894472361,-0.054054054054054,"46499,47802","47802,64339"
0.2249999999999999,0.0869565217391304,"28335,50321","50321,104956"
-0.1554054054054054,-0.1589825119236884,"47849,128780","30645,47849"
0.323943661971831,0.1639344262295081,"18208,69475","69475,126615"
-0.1284916201117318,0.0893854748603352,"47921,65610","65610,68485"
0.2584269662921348,0.0892857142857142,"31133,47936","31133,167295"
0.0983709273182957,-0.1020408163265306,"33526,72822","33526,47437"
-0.1869918699186991,0.1138211382113821,"47970,128813","57364,128813"
0.2395833333333333,0.3103448275862069,"47982,53357","40549,47982"
-0.0657142857142857,0.0428571428571428,"48031,128825","48031,72984"
-0.2254901960784313,-0.1944444444444444,"40920,48054","24601,40920"
0.4423076923076923,0.1121495327102803,"48101,120241","86747,120241"
-0.264367816091954,-0.2678571428571428,"48107,69054","26196,69054"
0.374299779324393,0.1167883211678832,"8319,111261","8319,139947"
1.0,0.1130952380952381,"30353,48148","30353,58162"
-0.2738095238095238,0.1785714285714285,"36898,48203","48203,59257"
-0.1411042944785276,0.1042944785276073,"48250,90499","65140,90499"
-0.152317880794702,0.1324503311258278,"48263,90530","55524,90530"
1.0,-0.34375,"10363,48264","10363,97236"
-0.1932773109243697,-0.1666666666666666,"9787,48295","9787,66687"
0.0232008592910848,0.2105263157894736,"48356,55655","55655,127556"
0.3285714285714285,0.2631578947368421,"48364,107327","37384,48364"
-0.1100478468899521,-0.3235294117647059,"48443,48634","48634,107876"
-0.2771084337349397,-0.0556407447973713,"46061,73953","53174,73953"
-0.1782945736434108,0.1162790697674418,"38335,48463","38335,73964"
-0.3484848484848485,-0.4545454545454545,"36302,112864","106989,112864"
0.696969696969697,0.1526717557251908,"44547,128957","41798,44547"
0.4339622641509434,0.1515151515151515,"48578,125115","48578,104697"
0.3709677419354839,0.3478260869565217,"48469,110929","48469,127843"
0.1402439024390244,-0.0973451327433628,"33414,33481","30001,33481"
-0.0833333333333333,0.0688405797101449,"48647,129001","55293,129001"
0.4987668161434977,0.0986547085201793,"24183,129002","24183,49794"
0.5510204081632653,-1.0,"48654,129003","48654,80757"
0.6714285714285715,0.2714285714285714,"48690,118060","58987,118060"
0.3548387096774194,0.3114754098360656,"13353,46849","46849,123712"
1.0,0.2903225806451613,"48722,49746","49746,56531"
0.035548263604047,0.0880503144654088,"48724,59444","48724,144643"
-0.188034188034188,0.1282051282051282,"22865,44988","22865,69796"
-0.1428571428571428,0.0779220779220779,"27306,65880","27306,51759"
-0.0916666666666666,0.0416666666666666,"12361,129085","12361,161964"
-0.1089108910891089,0.0495049504950495,"26767,129091","26767,81002"
-0.1496598639455782,-0.3522297808012093,"35408,129102","11444,35408"
-0.1506849315068493,0.0753424657534246,"15017,129106","15017,31958"
0.4074074074074074,0.2888888888888888,"2065,20882","20882,73252"
-0.0528735632183908,0.1379310344827586,"43050,58064","25161,43050"
0.8275862068965517,-1.0,"36745,48767","36745,44203"
-0.0656716417910447,0.0417910447761194,"21226,48773","21226,39959"
0.55,-1.0,"45123,61893","61893,155432"
0.2650602409638554,0.1381578947368421,"30526,48799","30526,57757"
-0.1286549707602339,0.087719298245614,"46666,129190","46666,89723"
-0.231578947368421,-1.0,"20006,129194","20006,160614"
-0.0204991087344028,-0.0464895635673624,"43892,128705","18332,43892"
-0.1009174311926605,0.0596330275229357,"14953,129220","14953,148464"
-0.275,0.2375,"48825,129225","48825,81527"
-0.1774193548387097,-0.8467741935483871,"31498,129227","31498,133577"
0.8526315789473684,0.1473684210526315,"27162,48847","27162,42275"
-0.25,-0.1338028169014084,"31567,83195","3044,31567"
-0.1047619047619047,0.0761904761904762,"30557,48864","30557,139655"
0.2848861283643892,-0.4857142857142857,"48867,61987","48867,119117"
-0.1242937853107344,-0.5454545454545454,"18430,129292","18430,156099"
0.5145363408521303,-0.2702702702702703,"18486,27811","18486,124800"
-0.0928270042194092,-0.1111111111111111,"8216,112083","8216,50225"
-0.1122448979591836,-1.0,"16030,59589","16030,19875"
-0.1617647058823529,-0.2418300653594771,"38513,93089","38513,60508"
0.0992907801418439,-0.1293103448275862,"34103,103517","34103,34794"
-0.1447368421052631,-0.2888888888888888,"21255,129372","21255,96238"
0.2417582417582417,0.3157894736842105,"14330,25782","25782,61725"
-0.1629629629629629,-0.3225806451612903,"2888,48942","2888,115730"
-0.231578947368421,0.1263157894736842,"48946,53620","53620,72571"
-0.2115384615384615,0.1346153846153846,"48949,129384","40851,48949"
0.9257142857142856,0.0571428571428571,"48950,54006","54006,164853"
-0.0523809523809523,0.0309523809523809,"9958,21972","9958,62974"
0.1621621621621621,-0.15625,"18365,57169","57169,59619"
-0.0372250423011844,0.0253807106598984,"14005,48963","14005,70472"
-0.0545454545454545,0.0991735537190082,"22179,55900","22179,71675"
-0.3235294117647059,-0.3023255813953488,"48979,129422","39605,48979"
-0.176,-0.2727272727272727,"4717,101537","4717,109427"
-0.1913043478260869,-0.0106187290969899,"49059,129497","49059,129068"
0.2535612535612535,-0.5294117647058824,"33130,43687","33130,136761"
-0.1641791044776119,0.0895522388059701,"49065,80437","79981,80437"
-0.0749414519906323,0.2950819672131147,"39455,49079","49079,135723"
-0.1333333333333333,0.1333333333333333,"18004,49084","18004,64722"
-0.4313725490196078,-1.0,"18112,108913","18112,147250"
-0.2619047619047619,0.1547619047619047,"7464,20061","20061,111621"
0.029057406094968,0.0262478485370051,"23734,115414","23734,137895"
1.0,-0.1179923092491398,"31242,49203","31242,53841"
1.0,0.0873015873015873,"41715,49206","41715,158696"
-0.1325301204819277,-0.2592592592592592,"29745,66860","66860,118044"
-0.2716049382716049,0.2716049382716049,"14598,49226","14598,49227"
0.0894396551724138,0.1047349459598559,"21336,67848","67848,112276"
-0.1629629629629629,-0.837037037037037,"49247,54800","49247,68975"
-0.3548387096774194,0.1774193548387097,"39379,87308","39379,77056"
-0.1447368421052631,0.0657894736842105,"49275,49276","49276,164936"
-0.1078431372549019,0.0980392156862745,"13180,29595","13180,54042"
-0.1864406779661017,-1.0,"32970,55105","32970,100960"
-0.1560283687943262,-0.1971830985915492,"44647,49303","44647,71837"
-0.1964285714285714,0.125,"21952,117144","21952,79419"
0.3097844112769485,0.2388059701492537,"34005,72609","34005,67012"
-0.1309523809523809,0.0595238095238095,"24877,129716","24877,64624"
0.1072492552135054,-0.0706025562994522,"32376,112904","29011,112904"
1.0,0.1388888888888889,"40319,129748","40319,163066"
-0.06875,0.03125,"11706,129751","11706,125479"
0.6666666666666666,0.1121495327102803,"49424,49425","49425,105475"
-0.2156862745098039,0.1372549019607843,"11108,27006","23243,27006"
1.0,-0.141025641025641,"28400,129765","49436,129765"
-0.1833333333333333,0.0833333333333333,"19378,29067","29067,35677"
0.0324483775811209,0.0457142857142857,"6005,23501","6005,65640"
-0.0969162995594713,0.066079295154185,"12841,49475","12841,45396"
-0.1605839416058394,0.0802919708029197,"15320,20481","15320,24757"
-0.039426523297491,-0.4651162790697674,"16092,49481","16092,128622"
-1.0,-0.22,"45539,49491","49491,57100"
-0.1929824561403508,0.1666666666666666,"49496,54320","54320,123368"
-0.0901639344262295,0.0450819672131147,"14079,49511","14079,78221"
-0.0780141843971631,0.0354609929078014,"22740,38897","38897,53479"
-0.1111111111111111,0.0808080808080808,"49522,129813","49522,67454"
0.2156862745098039,-0.3125,"49543,67487","33040,49543"
-0.141025641025641,0.1025641025641025,"49558,129822","49558,140811"
-0.0774647887323943,0.0422535211267605,"19381,49603","19381,154754"
-0.1128205128205128,0.0564102564102564,"49610,87926","87926,94964"
-0.188034188034188,0.094017094017094,"49617,63752","63752,118970"
1.0,0.106060606060606,"49619,128605","49619,76445"
-0.4,-0.2115384615384615,"48172,90400","47501,48172"
0.2340425531914893,-0.0805369127516778,"22754,42077","3701,22754"
0.2716049382716049,0.1463414634146341,"49656,91913","91913,132887"
-0.2,-0.8909090909090909,"49673,54562","54562,154920"
0.8267716535433071,-0.5,"49678,88194","85878,88194"
-0.1594202898550724,0.1014492753623188,"5682,10758","10758,146887"
0.6875,-0.303030303030303,"49700,84364","49700,60621"
-0.2716049382716049,0.1358024691358024,"38408,41062","41062,95502"
0.8450704225352113,0.1267605633802817,"49766,129934","49766,60494"
0.6470588235294118,0.1940298507462686,"49768,115661","39208,115661"
-0.1383647798742138,0.1069182389937107,"44227,78560","64040,78560"
-0.6666666666666666,0.3333333333333333,"17940,129938","57147,129938"
-0.1271676300578034,0.0693641618497109,"7412,64090","64090,88534"
-0.5238095238095238,-0.0851063829787234,"22556,49826","22556,51896"
0.3188405797101449,0.0944881889763779,"1152,22492","1152,88593"
-0.1692307692307692,-0.2692307692307692,"11045,49831","11045,73739"
1.0,0.2631578947368421,"39593,129963","39593,103767"
0.3928571428571428,0.3454545454545454,"49832,69455","49832,52789"
-0.2291666666666666,0.1145833333333333,"49836,88619","88619,95488"
0.0772965708588026,-0.096,"6019,10059","3257,10059"
0.3980536659108087,-0.5,"49842,68212","68212,102506"
-0.4489795918367347,0.3469387755102041,"49877,119190","24509,49877"
-0.2340425531914893,0.1063829787234042,"49905,55836","49905,104524"
0.4261437908496732,0.088235294117647,"49908,50861","50861,143869"
0.1439543726235741,0.0456273764258555,"18529,18771","18771,87889"
-0.1466666666666666,0.0933333333333333,"24472,49925","24472,147141"
0.3333333333333333,0.1219512195121951,"49926,109965","49926,100675"
-0.1486486486486486,0.0675675675675675,"44516,74167","44516,92601"
0.275,0.0669291338582677,"8398,20563","8398,36893"
0.4782608695652174,0.2340425531914893,"50050,77456","48857,50050"
-0.1013824884792626,0.0552995391705069,"4552,50760","4552,89217"
0.3235294117647059,0.2363636363636363,"50077,130051","40564,130051"
0.4230769230769231,0.217391304347826,"50137,83121","40809,83121"
-0.2972972972972973,0.2972972972972973,"42473,64617","42473,130090"
-0.1366459627329192,0.0019409937888198,"21632,29192","21632,28166"
0.019702842377261,0.1944444444444444,"7443,130115","7443,30325"
0.7962962962962963,-0.1354838709677419,"50273,77966","13847,77966"
-0.2018348623853211,0.1559633027522936,"50279,64781","64781,138845"
-0.188034188034188,-1.0,"50280,64790","64790,89867"
-0.1629629629629629,0.1111111111111111,"50281,68728","68728,73040"
-0.1774193548387097,0.0887096774193548,"50290,74306","74306,75969"
1.0,0.1078767123287671,"8605,119454","8605,54693"
-0.1560283687943262,0.1063829787234042,"50382,119487","18497,50382"
0.4313725490196078,-0.6,"41304,50388","41304,70805"
-0.1629629629629629,0.1481481481481481,"34376,124616","55395,124616"
-0.2178217821782178,-0.2830518345952242,"50027,122688","53591,122688"
-0.176,0.08,"50406,65028","4733,50406"
0.1514285714285714,-0.0918918918918919,"28670,50419","6186,28670"
-0.0905349794238683,0.0864197530864197,"33206,50446","33206,33329"
0.3928571428571428,0.5454545454545454,"28341,48257","28341,61525"
0.3793103448275862,-0.6153846153846154,"19247,106915","19247,42583"
0.7777777777777778,-0.1444444444444444,"50488,65171","32677,65171"
-0.125,0.0852272727272727,"46176,52846","52846,73518"
0.6470588235294118,0.4146341463414634,"28752,50506","28752,116795"
-0.1946902654867256,0.1238938053097345,"50529,98150","78601,98150"
0.3492063492063492,0.0398406374501992,"18272,58428","18272,118418"
-0.1896551724137931,0.1034482758620689,"16966,39544","32409,39544"
0.4489795918367347,-1.0,"50590,119964","70047,119964"
-0.1605839416058394,0.0802919708029197,"50614,58549","58549,98472"
1.0,0.2941176470588235,"50617,130227","108953,130227"
-0.1333333333333333,0.0666666666666666,"50628,130233","50628,98553"
-0.5789473684210527,0.4210526315789473,"35935,112789","12005,112789"
-0.2784810126582278,-1.0,"29546,130243","29546,30165"
-0.1182795698924731,0.1021505376344086,"50675,109514","58664,109514"
0.4489795918367347,-0.1971830985915492,"50713,122026","48492,50713"
1.0,0.1052631578947368,"13759,50717","13759,61898"
-0.4074074074074074,-1.0,"50732,74089","70775,74089"
1.0,0.0944444444444444,"50733,130262","50733,63710"
-0.34375,0.15625,"50741,58744","58744,108022"
-0.3235294117647059,-1.0,"50771,130273","93895,130273"
0.0190476190476189,-0.0515873015873016,"50793,69722","50793,55936"
0.5,0.1176470588235294,"44651,50795","44651,53209"
0.2535714285714285,0.3035714285714285,"50797,55944","33383,55944"
-0.4,0.3818181818181818,"14512,114269","9361,114269"
-0.2716049382716049,-0.0222493555826889,"34527,120420","39159,120420"
-0.1347861178369653,-0.2978723404255319,"50944,109789","79368,109789"
0.1271676300578034,-1.0,"17977,114229","17977,59539"
-0.2134211735866401,0.180327868852459,"25136,37024","37024,156351"
-0.3387096774193548,0.1774193548387097,"33627,46043","33627,55057"
-0.1693548387096774,0.1209677419354838,"21413,130352","21413,44839"
-0.1,0.0761904761904762,"2396,130362","2396,139230"
-0.1826086956521739,0.0956521739130434,"22776,89661","22776,140217"
-0.0893617021276595,0.0425531914893617,"6356,93798","6356,44582"
-0.0958904109589041,0.0547945205479452,"8290,85851","8290,37160"
-0.071917808219178,0.0410958904109589,"21499,130403","21499,151974"
-0.1779661016949152,-0.847457627118644,"19422,130412","19422,45295"
-0.2658227848101265,0.2658227848101265,"13555,19808","14214,19808"
1.0,0.0869565217391304,"35795,51027","35795,62165"
-0.1578947368421052,0.150375939849624,"51029,89984","51029,62590"
-0.0670926517571885,0.0319488817891373,"9034,51037","9034,20029"
-0.1346153846153846,0.0833333333333333,"51042,130472","51042,59090"
0.2019230769230769,0.15,"21727,40897","40897,52614"
0.6440677966101696,0.2711864406779661,"19820,130494","19820,30164"
-0.3962264150943396,-0.1791044776119403,"2499,130510","2499,48129"
-0.201360544217687,-0.3142857142857143,"24095,62956","24095,40833"
-0.3181818181818182,0.1666666666666666,"51124,130591","51124,157433"
-0.2658227848101265,-0.7974683544303798,"37395,51132","37395,38665"
0.4883720930232558,-0.1910112359550561,"23543,63389","46174,63389"
-0.4772727272727273,-0.2127659574468085,"25251,51137","51137,74617"
-0.4468085106382978,-0.2926829268292683,"41501,71915","41501,138854"
-0.1590909090909091,0.0833333333333333,"46768,130636","46768,157568"
-0.1603053435114503,-0.1348059119701153,"30579,47303","20471,30579"
0.0301418439716311,0.057471264367816,"13370,31840","31840,83507"
1.0,0.1188118811881188,"51171,80250","80250,153043"
-0.1265060240963855,-0.1111111111111111,"18653,51650","18653,81412"
-0.1122994652406417,0.0802139037433155,"11390,51183","11390,142460"
0.1850574712643678,0.1954022988505747,"46811,121559","35346,121559"
0.13125,-1.0,"15245,115089","99489,115089"
-0.1004784688995215,0.0478468899521531,"25357,66945","25357,63336"
-0.5384615384615384,0.4615384615384615,"28645,38976","28645,77453"
0.3181818181818182,-0.0037749233614552,"20155,49014","10637,20155"
0.2067291596919986,0.0970873786407767,"43935,51276","43935,141617"
-0.1082474226804123,0.0670103092783505,"12386,130795","12386,149158"
-0.1926605504587156,0.1559633027522936,"39337,86750","39337,43266"
0.1891891891891892,-0.1578947368421052,"13265,18104","18104,26990"
-0.0734265734265734,0.0699300699300699,"972,130847","972,72756"
0.3,-0.6176470588235294,"42689,126206","51922,126206"
0.175,-1.0,"2830,10178","10178,13486"
-0.253012048192771,0.1686746987951807,"22340,51357","22340,49433"
0.1244059267542633,0.1632653061224489,"25287,46943","25287,28167"
0.1615384615384615,-0.0221774193548387,"19834,39729","39729,109321"
-0.1418918918918918,0.0743243243243243,"51376,83749","51376,79640"
0.2878681626928471,-0.8695652173913043,"31620,96520","31620,74431"
-0.1962616822429906,0.1121495327102803,"29402,95961","29402,58100"
1.0,0.2363636363636363,"51378,67855","27523,67855"
0.2079207920792079,0.2105263157894736,"51390,62948","51390,120980"
-0.21,0.18,"31731,37281","14188,37281"
-0.2307692307692307,-0.2608695652173913,"18326,70918","18326,27473"
-0.1721311475409836,0.1393442622950819,"49172,130932","49172,113385"
-0.0568181818181818,0.1136363636363636,"19788,51434","51434,101521"
1.0,-1.0,"51441,57407","57407,144347"
-0.1779661016949152,-0.0137264263547386,"34840,56737","15540,34840"
-0.3181818181818182,-0.2321428571428571,"32159,47049","16839,47049"
1.0,0.3333333333333333,"20676,51468","20676,143020"
0.4439189189189189,-0.0729432729432729,"16399,41744","16399,52003"
0.4038461538461538,-0.0641025641025641,"37244,39082","3226,37244"
-0.2876712328767123,-1.0,"34428,91044","55735,91044"
0.65625,0.0854519774011299,"8521,25379","25379,134388"
-0.2164948453608247,0.1030927835051546,"45465,51529","51529,164915"
-0.375,-0.1162790697674418,"49273,64604","17760,49273"
-0.0695043103448275,-0.1846153846153846,"28365,113846","9467,28365"
0.3442622950819672,0.0568181818181818,"8697,51536","51536,163734"
-0.0127450980392156,-0.2694444444444444,"16746,131065","16746,138113"
0.8245614035087719,-0.2711864406779661,"51583,130263","52299,130263"
0.6,-0.2075471698113207,"9232,55236","9232,124180"
-0.1603053435114503,-0.1206896551724138,"17528,51616","17528,21523"
-0.2625,0.1375,"51625,114052","47300,51625"
0.4763449580967829,0.072992700729927,"9404,126043","9404,157366"
0.3333333333333333,0.1857142857142857,"49411,120754","53624,120754"
-0.0857142857142857,0.1714285714285714,"51667,126315","51667,63550"
-0.1615384615384615,-0.9,"43586,131155","43586,150124"
-0.15,0.0785714285714285,"51815,131213","51815,94740"
-0.2470588235294117,0.1294117647058823,"27979,47412","47412,59912"
-0.203883495145631,-0.5360610263522886,"25702,60211","60211,115929"
-0.1794871794871795,0.094017094017094,"34934,36270","27200,36270"
0.9352941176470588,0.0823529411764705,"19760,51895","19760,66786"
-0.2333333333333333,0.1222222222222222,"50211,119272","24179,50211"
-0.1381578947368421,0.1052631578947368,"51948,131292","51948,67714"
-0.2019230769230769,0.1346153846153846,"15112,131293","15112,146878"
0.0174482006543075,-0.1971830985915492,"11596,51951","51951,73651"
-0.0917030567685589,-1.0,"33936,51957","33936,143667"
0.4453551912568306,-1.0,"13810,29157","13810,155575"
1.0,0.1111111111111111,"26532,131315","26532,132293"
-0.1363636363636363,0.0779220779220779,"16518,52000","10066,16518"
0.4772727272727273,-0.0861244019138756,"33258,49945","21342,33258"
-0.1510791366906475,0.1366906474820144,"19172,72032","14341,72032"
0.033596837944664,0.2391304347826087,"25081,45581","25081,92566"
-0.1458333333333333,0.0694444444444444,"52053,72053","72053,103957"
-0.1206896551724138,0.057471264367816,"6875,52075","6875,37148"
-0.2413793103448276,0.2068965517241379,"52096,131350","46470,52096"
1.0,0.2195121951219512,"52104,116564","61311,116564"
-0.0514705882352941,0.0441176470588235,"35170,52114","35170,60544"
-0.0623145400593471,0.029673590504451,"52135,109497","52135,107411"
-0.3962264150943396,-0.1260504201680672,"23104,52139","51803,52139"
0.1059561128526646,-0.1343283582089552,"33814,69571","10538,33814"
-0.1875,0.0982142857142857,"21836,60805","60805,160264"
0.7692307692307692,0.1758241758241758,"20089,131395","20089,47190"
1.0,-0.6170212765957447,"52239,57628","57628,136526"
-0.4285714285714285,-0.1692307692307692,"7383,64281","64281,71152"
-0.1390728476821192,0.0993377483443708,"52284,98213","72483,98213"
-0.168,0.104,"42865,52293","42865,82745"
-0.0291666666666666,0.0236111111111111,"6249,31083","6249,64336"
-0.3181818181818182,-1.0,"21675,52297","21675,81432"
0.3093112244897959,-0.4761904761904761,"19723,131438","19723,60441"
-0.0807692307692307,0.05,"9798,52332","9798,110842"
-0.1147540983606557,0.0546448087431694,"52339,89198","89198,104460"
-0.0967741935483871,0.0967741935483871,"49889,52412","52411,52412"
0.1858407079646017,-0.4761904761904761,"52424,115991","63990,115991"
-0.1228070175438596,0.0584795321637426,"52433,77656","77656,167109"
-0.253012048192771,0.1325301204819277,"39284,52443","39284,114859"
-0.203883495145631,0.1553398058252427,"28266,110092","62805,110092"
-0.1092592592592592,0.2333333333333333,"16925,52467","16925,139870"
0.3,-0.0758620689655172,"17272,52490","15808,17272"
-0.1372549019607843,-1.0,"23417,55162","1167,55162"
0.0860735009671179,-0.1212121212121211,"8387,10656","8387,9927"
-0.2957746478873239,0.2253521126760563,"52527,83330","68625,83330"
-0.2658227848101265,-0.42,"52571,131530","52571,117285"
0.0013108181047112,0.0916030534351145,"10622,23710","23710,155686"
-0.3230769230769231,-0.175438596491228,"52584,107101","107101,138978"
0.4375,0.0980392156862745,"39530,48162","39530,47407"
-0.1478873239436619,-1.0,"40939,52612","40939,106127"
-0.3230769230769231,0.1538461538461538,"52620,78080","44612,78080"
-0.1544117647058823,0.1102941176470588,"10506,52646","10506,73144"
-0.1842105263157894,0.0964912280701754,"52673,78164","78164,97446"
-0.1865671641791044,-0.25,"52691,123347","52691,59700"
-0.2333333333333333,0.1111111111111111,"52700,61347","39442,61347"
-0.3620689655172414,0.2413793103448276,"12871,52708","12871,25470"
0.1962616822429906,0.1068702290076335,"33184,52732","52732,130126"
1.0,0.1565217391304348,"52749,131598","61418,131598"
0.0180995475113122,-0.1294117647058823,"52773,106697","25424,52773"
-0.2058823529411764,-0.0721649484536082,"24800,58279","58279,65056"
-0.2307692307692307,0.1428571428571428,"33200,83881","33200,106713"
0.2837837837837837,-0.2564102564102564,"20645,47019","47019,91134"
-0.1039603960396039,0.094059405940594,"41676,84088","58387,84088"
0.1082474226804123,-0.074074074074074,"52878,122078","52776,52878"
-0.1721311475409836,-0.4452459016393443,"42760,47495","35577,42760"
0.2019230769230769,0.0847457627118644,"20683,52974","52974,66297"
0.1532846715328467,-0.1290322580645161,"32966,117258","32966,81674"
-0.2625,-0.5384615384615384,"53043,84493","53043,78930"
0.2019230769230769,0.2413793103448276,"39637,53060","53060,74898"
-0.1721311475409836,0.0901639344262295,"43544,117052","98772,117052"
-0.1468531468531468,0.0769230769230769,"44684,53101","27595,44684"
0.7341772151898734,0.1772151898734177,"53153,131687","53153,79147"
-0.0307917888563049,0.0146627565982404,"41061,109044","108198,109044"
-0.1288343558282208,-0.8773006134969326,"11959,119116","55907,119116"
-0.106060606060606,0.0808080808080808,"53194,128977","41219,128977"
0.0396323086196503,-0.2608695652173913,"53220,99216","53220,87184"
-0.0739473684210526,0.1578947368421052,"53279,126795","74371,126795"
-0.203883495145631,-1.0,"53304,108710","108708,108710"
0.7941176470588236,-0.2777777777777778,"53320,108885","108885,120641"
-0.0945945945945946,0.054054054054054,"53336,79535","79535,91894"
0.4545454545454545,0.5238095238095238,"48758,53379","48758,97369"
-0.2096530920060332,-0.2407407407407407,"22996,30486","30486,136305"
0.1694915254237288,0.24,"19919,52828","52828,154336"
-0.3846153846153846,0.0703564727954972,"40161,41495","24713,41495"
-0.1886792452830188,0.1037735849056603,"20283,65608","20283,156520"
-0.2272727272727272,-0.25,"33054,80027","21699,33054"
-0.1526717557251908,-0.5238095238095238,"8874,55657","8874,77272"
-0.2040816326530612,-1.0,"50997,53418","50997,101675"
-0.2857142857142857,-0.1596638655462184,"30644,53424","13889,53424"
-0.5,-0.5,"23468,90734","23468,110166"
0.0192307692307692,0.1923076923076923,"21332,80355","22484,80355"
-0.2,-0.0408450704225352,"19733,103203","14184,19733"
0.4353448275862069,0.1896551724137931,"10795,12909","12909,107632"
-0.1408450704225352,0.0915492957746478,"53440,131885","53440,53898"
-0.5027322404371585,0.3333333333333333,"11205,54428","11205,116164"
-0.1834862385321101,0.1376146788990825,"15147,131910","15147,49759"
1.0,-0.0679012345679012,"24699,53371","16256,53371"
-0.3125,-0.78125,"29612,34545","21678,29612"
0.1714285714285714,-0.0247058823529411,"32552,94841","32552,112187"
-0.3333333333333333,0.3,"48819,65765","48819,56812"
0.3174603174603174,-0.5714285714285714,"35826,45202","45202,141200"
-0.3125,0.296875,"19956,93366","19956,114334"
-0.1851851851851851,0.1203703703703703,"42727,44865","44865,140280"
-0.2083333333333333,0.1041666666666666,"27358,132028","27358,140472"
-0.1612903225806451,-0.0878378378378378,"20765,119804","20765,37061"
-0.1574803149606299,0.0944881889763779,"15394,34280","15394,152685"
-0.0985221674876847,0.064039408866995,"1770,132047","1770,80033"
-0.3846153846153846,-1.0,"2343,132051","2343,115470"
0.9035087719298246,0.087719298245614,"33768,56941","56941,165271"
0.8373983739837398,-0.1162790697674418,"53567,132056","53567,114494"
-1.0,-0.1785714285714285,"37764,109929","23082,37764"
0.0011195700850872,0.2758620689655172,"10971,43149","5638,43149"
-0.1851851851851851,0.1388888888888889,"53604,86693","53604,141236"
-0.1204819277108433,0.108433734939759,"4180,39912","4180,135516"
-0.1063829787234042,0.0904255319148936,"21256,65763","21256,56085"
0.3760262725779967,0.1494252873563218,"50744,53619","50744,81124"
-0.1869158878504672,0.1495327102803738,"51188,54624","51188,91223"
-0.0643086816720257,0.045016077170418,"12811,53634","12811,101378"
0.3507019829208279,0.1020408163265306,"36990,53641","36990,63539"
-0.0875653082549634,0.1637931034482758,"53646,57125","53646,124982"
0.8581560283687943,-0.3793103448275862,"43531,53654","43531,112586"
-0.2409638554216867,0.144578313253012,"53661,56439","56439,131739"
-0.1290322580645161,0.1225806451612903,"11466,124860","11466,62667"
-0.1904761904761904,0.1333333333333333,"42414,132180","42414,108411"
-0.1587301587301587,0.0793650793650793,"53674,132182","53674,100798"
1.0,0.1037735849056603,"36018,53677","36018,157963"
0.1260869565217391,0.1652173913043478,"19780,53759","19780,52189"
-0.4,0.32,"53717,55959","44422,55959"
-0.2941176470588235,0.2058823529411764,"53719,132226","53719,145660"
0.4761904761904761,-0.0238095238095238,"49026,122904","82030,122904"
0.2631578947368421,-0.0869565217391304,"26975,93031","26975,83911"
-0.1047120418848167,-0.1239669421487603,"16977,81086","16977,95302"
-0.1974358974358974,0.325,"13843,28274","10829,28274"
-1.0,-0.1956521739130435,"27054,53792","18374,53792"
1.0,-1.0,"18859,53805","18859,70500"
0.5714285714285714,0.5428571428571428,"53816,69807","58769,69807"
-0.099502487562189,0.0646766169154228,"34892,132309","34892,149341"
-0.2666666666666666,-1.0,"53873,129736","53873,135655"
1.0,0.3,"19958,70877","70877,123733"
0.3389830508474576,0.5,"30961,64779","53114,64779"
-0.3773584905660377,0.2452830188679245,"39167,132377","39167,144462"
-0.1694915254237288,0.1186440677966101,"40720,53912","40720,146064"
0.2666666666666666,-0.3673469387755102,"36198,47044","36198,59150"
-0.2898550724637681,-0.3157894736842105,"30126,53947","53947,74722"
0.1468354430379747,0.1518987341772152,"6189,132412","6189,29280"
-0.2272727272727272,-0.0818181818181818,"22877,115618","22877,49953"
-0.2469135802469135,0.2222222222222222,"7976,21325","21325,59729"
0.4444444444444444,0.3055555555555556,"54002,55903","39707,55903"
-0.238095238095238,0.1785714285714285,"11191,51514","11191,54647"
0.2443496801705756,-0.1382978723404255,"54037,68244","68244,75766"
1.0,0.14,"54053,76410","60610,76410"
-0.1492537313432835,-0.0671140939597315,"15799,115679","15799,71725"
-0.3101851851851852,-0.1969696969696969,"54094,67996","54094,112494"
-0.0417700578990901,0.0961538461538461,"25356,30694","6609,25356"
0.100502512562814,-0.2666666666666666,"47681,56934","29660,47681"
1.0,0.1092436974789916,"49380,54160","49380,81232"
-0.1149425287356321,0.0977011494252873,"43522,54180","54180,138187"
-0.1709401709401709,0.0854700854700854,"4880,49414","35984,49414"
-0.1680672268907563,-0.3423456339057362,"54269,94404","22820,94404"
-0.1769911504424778,-0.5238095238095238,"54314,87581","87581,93395"
-0.1041666666666666,0.0520833333333333,"21379,113829","21379,52961"
0.087719298245614,-0.1717171717171717,"12048,38770","38770,81843"
-0.1724137931034483,0.1293103448275862,"28356,132660","28356,105287"
-0.2631578947368421,0.2368421052631578,"13016,51858","13016,134656"
0.1694915254237288,-0.1266209000762776,"49301,51836","19453,49301"
-0.3636363636363636,-0.2972972972972973,"51842,54411","51842,66169"
-0.1550387596899224,0.1007751937984496,"54433,63715","42624,63715"
-0.1680672268907563,0.1092436974789916,"54449,132725","54449,150361"
0.1941747572815534,0.1368421052631579,"45463,54468","54468,55147"
-0.2247191011235955,0.1348314606741573,"54487,87989","87988,87989"
0.1818181818181818,-0.8181818181818181,"25445,44571","44571,146812"
1.0,-0.2075471698113207,"23138,54493","23138,97795"
-0.1801801801801801,0.1261261261261261,"54497,81909","76595,81909"
-0.0692041522491349,0.0415224913494809,"54520,67661","59059,67661"
1.0,0.0685714285714285,"45980,54526","45980,89709"
0.2564102564102564,-0.56,"52725,53180","24455,53180"
0.0681818181818181,0.1,"24005,120243","95322,120243"
0.5555555555555556,-0.3783783783783784,"54582,79357","79357,144571"
-0.2150537634408602,-0.1149425287356321,"32895,54589","32895,67914"
-0.2777777777777778,-1.0,"54617,132797","54617,160039"
-0.5882352941176471,0.4117647058823529,"30963,39033","30963,43789"
0.1176470588235294,-0.3,"26927,54655","43258,54655"
1.0,0.1037735849056603,"39853,132820","39853,68363"
-0.1652892561983471,-0.0677685950413223,"23207,111364","54992,111364"
-0.1428571428571428,0.1071428571428571,"54678,132830","72052,132830"
-0.0966183574879227,0.072463768115942,"41131,54709","28209,41131"
-0.144927536231884,0.1304347826086956,"54712,132842","54712,60520"
-0.1226993865030674,0.1165644171779141,"42216,132863","35822,42216"
-0.0876078814525321,-0.1208791208791208,"29217,30072","10163,29217"
-0.1273885350318471,0.0828025477707006,"46925,68016","68016,121187"
-0.5714285714285714,-0.1470588235294117,"54783,129970","60000,129970"
0.4545454545454545,-0.0191304347826086,"33249,54793","1075,33249"
-0.2,0.12,"34027,54795","19568,34027"
0.5405405405405406,0.1794871794871795,"8206,64181","8206,83118"
-0.119047619047619,0.0833333333333333,"39496,54835","39496,77168"
-0.2222222222222222,0.1777777777777777,"54849,89834","41789,89834"
-0.3448275862068966,0.2068965517241379,"22194,36977","21686,22194"
0.1785714285714285,-0.1,"46262,54862","18696,54862"
0.285163273592019,0.0121802679658952,"1953,6718","1953,166761"
-0.3278688524590163,-1.0,"29619,114820","29619,36252"
0.4545454545454545,-0.2916666666666667,"3034,41103","3034,48309"
-0.0430672268907563,0.0203081232492997,"15363,31034","31034,113127"
0.9061032863849764,0.0798122065727699,"11260,108504","11260,55878"
0.3076923076923077,0.0699300699300699,"31310,54937","8746,31310"
-0.2298850574712643,0.2183908045977011,"26443,54941","54941,57702"
-0.2197802197802197,-0.0237623762376237,"42354,89136","25417,42354"
-0.0806451612903225,0.0403225806451612,"54963,65165","65165,88024"
-0.1526717557251908,-1.0,"22375,25641","25641,37958"
-0.1694915254237288,0.1694915254237288,"38209,55106","38209,132993"
-0.1724137931034483,0.1724137931034483,"3776,5088","3776,61296"
-0.3448275862068966,0.1724137931034483,"18466,107917","20502,107917"
0.1680672268907563,-0.3142857142857143,"10902,23728","23728,29610"
-0.1923076923076923,0.1057692307692307,"29077,96847","96847,153037"
-0.130718954248366,0.0849673202614379,"55168,133019","55168,83250"
-0.1081081081081081,0.054054054054054,"21209,55235","21209,47719"
0.25,0.4722222222222222,"55288,85219","64930,85219"
1.0,-0.3703703703703703,"55319,133071","32285,55319"
-0.1941747572815534,0.145631067961165,"55354,133076","55354,73159"
-0.3448275862068966,-1.0,"55408,112870","95772,112870"
-0.1550387596899224,0.0930232558139534,"34260,55409","34260,53296"
0.6666666666666666,0.2363636363636363,"21105,78304","21105,82981"
-0.1234567901234567,0.0617283950617283,"39440,106591","106591,146405"
0.1363636363636363,-0.1886792452830188,"44338,97743","44338,78382"
-0.3225806451612903,-0.4814814814814814,"51381,133122","43153,133122"
-0.1333333333333333,0.0733333333333333,"55486,97777","97776,97777"
0.0411522633744856,0.1351351351351351,"48883,119080","48883,70340"
-0.4,-0.2037037037037037,"16134,128008","60018,128008"
-0.1169590643274853,0.0643274853801169,"55584,128909","44023,128909"
-0.175438596491228,0.1666666666666666,"55605,133167","58441,133167"
-0.1652892561983471,-0.1142191142191142,"55683,98420","23273,98420"
-0.3125,0.25,"55731,122834","57425,122834"
-0.125,0.09375,"55732,58589","58589,73856"
-0.1226993865030674,0.0981595092024539,"48504,55757","55757,69451"
-0.1818181818181818,0.1363636363636363,"48603,55820","48603,144421"
1.0,-0.2033898305084746,"55839,112629","59220,112629"
0.2352941176470588,-0.52,"55847,98954","55847,66460"
-0.1075268817204301,0.0806451612903225,"55870,65638","65638,74119"
-0.1587301587301587,0.0793650793650793,"55886,84844","54826,84844"
-0.3773584905660377,0.2830188679245283,"55895,74160","55895,55897"
-0.0778210116731517,0.046692607003891,"30439,55925","30439,91520"
0.6451612903225806,0.2777777777777778,"42914,55938","21666,42914"
0.2701612903225806,0.5721275824574121,"55942,55943","38296,55943"
0.1197604790419161,-0.1076923076923077,"55958,113618","44180,55958"
-0.1418439716312056,0.0709219858156028,"55967,133256","21106,55967"
-0.2857142857142857,-0.2807017543859649,"56031,65875","49524,65875"
-0.0289855072463768,-1.0,"14482,116516","65917,116516"
0.2325581395348837,-0.0416666666666666,"10253,127559","10253,71923"
-0.1418439716312056,0.0780141843971631,"56076,114371","99641,114371"
-0.2746400885935769,0.2325581395348837,"18025,133298","61169,133298"
-0.3174603174603174,-0.0648429584599797,"56099,133299","46247,133299"
1.0,0.1130434782608695,"56106,112738","85305,112738"
-0.2898550724637681,-0.2,"56108,115090","104506,115090"
1.0,-0.5,"33266,37750","37750,168248"
-0.1919191919191919,-1.0,"17955,133348","17955,114118"
0.4666666666666667,0.1354166666666666,"15551,56128","3367,15551"
-0.1652173913043478,-0.5238095238095238,"10226,22429","10226,55152"
-0.0984455958549222,0.0932642487046632,"4643,133393","4643,85266"
-0.1407407407407407,0.0962962962962963,"29679,133449","29679,98311"
0.5135135135135135,-0.282051282051282,"19004,56190","19004,60446"
-0.1258278145695364,-1.0,"17381,125745","17381,100022"
-0.4130434782608695,-1.0,"26621,133489","26621,160674"
0.1884057971014492,-1.0,"29301,31315","29301,152830"
-0.1376811594202898,-1.0,"20806,133490","20806,156168"
-0.1484375,0.1171875,"56225,133535","56225,70186"
-0.3166666666666666,0.2333333333333333,"56256,81699","56256,76453"
0.8560606060606061,0.0909090909090909,"56282,133606","34460,56282"
-0.3725490196078431,-0.1612903225806451,"35299,47013","21737,47013"
0.0867579908675799,-0.0787878787878787,"16325,46720","46720,71648"
-0.1386861313868613,0.0875912408759124,"43925,133614","40191,43925"
1.0,-1.0,"49691,56288","49691,85591"
1.0,-1.0,"19016,103833","19016,59187"
0.5428571428571428,0.1428571428571428,"56295,65582","65582,107927"
0.59375,0.1884057971014492,"56301,72193","72193,82370"
-0.1043956043956044,0.1043956043956044,"13360,56352","13360,37147"
-0.1283783783783783,0.1148648648648648,"56416,133762","56416,137564"
0.6551724137931034,-0.2093023255813953,"6141,60854","41207,60854"
0.475,1.0,"20452,24338","24338,68207"
-0.1696428571428571,0.0982142857142857,"56433,133787","56433,157825"
-0.0974358974358974,0.0871794871794871,"4827,29299","4827,137625"
-0.1366906474820144,-0.2941176470588235,"34730,56447","34730,75986"
-0.2159090909090909,0.1136363636363636,"27050,133847","27050,42235"
-0.1347517730496454,0.1134751773049645,"15421,133863","15421,73160"
-0.2065217391304347,0.108695652173913,"3439,133880","3439,47183"
-0.1217948717948717,0.0705128205128205,"32559,133902","8350,32559"
0.120253164556962,-0.1363636363636363,"2139,43503","38794,43503"
-0.004401942926533,0.2295081967213114,"15494,118552","59055,118552"
-0.2533333333333333,-0.1282051282051282,"27581,28498","23731,27581"
0.3392857142857143,-1.0,"56587,58110","58110,89083"
0.7246376811594203,0.1739130434782608,"11355,19256","19256,44733"
0.5,0.1111111111111111,"13619,56635","13619,101475"
-0.2923076923076923,-1.0,"49137,56637","49137,144506"
0.3653846153846153,-1.0,"24235,32606","24235,143664"
-0.19,-0.4453846153846154,"8316,128846","8316,51414"
0.4074074074074074,-0.1851851851851851,"26856,56650","53930,56650"
0.5277777777777778,-0.44,"12602,68796","12602,56172"
-0.1041898405635891,-0.1530612244897959,"18867,33687","18126,18867"
-0.1079545454545454,-0.1746031746031746,"9592,56742","9592,26020"
-0.1826923076923076,0.0961538461538461,"12387,29860","29860,81624"
-0.0384001161440185,-0.3111111111111111,"23396,29864","29864,74939"
-0.0459905660377358,-0.2533333333333333,"48117,57877","52785,57877"
-0.0844444444444444,0.0533333333333333,"20460,41393","20460,128787"
-0.1417910447761194,-0.238095238095238,"5846,128460","5846,128462"
-0.0368852459016393,-0.2037037037037037,"28019,40237","40237,83556"
-0.3584905660377358,0.2452830188679245,"56870,82444","56870,81093"
-0.0994192597729045,-0.4347826086956521,"32880,36762","31678,32880"
-0.1461538461538461,0.0923076923076923,"24726,56919","24726,87150"
0.1428571428571428,0.2857142857142857,"29913,91080","91080,91081"
0.2753623188405797,-0.1521739130434782,"6339,128078","30402,128078"
0.1428571428571428,-0.1573033707865168,"9783,49385","9783,51131"
0.2323232323232323,-0.0199600798403193,"11225,21709","1142,21709"
0.3877551020408163,0.4473684210526316,"14614,16482","16482,55299"
1.0,0.144578313253012,"56982,134287","56982,152017"
0.0336852689793866,-0.1351351351351351,"8388,26082","8388,66937"
-0.2638888888888889,0.2361111111111111,"35061,57012","35061,83044"
-0.1328671328671328,0.1258741258741259,"44749,134311","44749,104227"
-0.2209302325581395,0.1744186046511628,"30618,60015","60015,71389"
1.0,-0.1521739130434782,"34308,36213","34308,111203"
-0.38,-0.3611111111111111,"54415,134327","54415,88746"
-0.19,0.12,"28322,40846","40846,154491"
-0.1570247933884297,-0.9090909090909092,"29957,134338","29957,122044"
0.0745098039215686,-1.0,"11507,28628","28628,69047"
-0.0904761904761904,0.0666666666666666,"14131,20007","20007,99584"
-0.0822510822510822,0.0649350649350649,"57138,71552","71552,143465"
0.1570247933884297,-0.1851851851851851,"42625,45422","42625,118179"
0.1130952380952381,-0.1032258064516129,"16248,57219","16248,52898"
-0.0964467005076142,0.0812182741116751,"57234,134433","57234,67570"
-0.070110701107011,0.051660516605166,"32848,56490","14290,32848"
-0.1027027027027027,0.054054054054054,"54486,134444","54486,103399"
0.3012477718360071,0.2549019607843137,"25306,130979","25306,52686"
0.1743119266055046,0.0340136054421768,"10786,106866","10786,163516"
0.5588235294117647,-1.0,"29608,57358","29608,36991"
-0.1043956043956044,0.0604395604395604,"21050,114927","21050,95420"
1.0,0.1030927835051546,"52040,57428","52040,157965"
0.1241830065359477,-1.0,"57434,68233","68233,160489"
0.1919191919191919,0.293103448275862,"34026,34597","34597,135140"
-0.2638888888888889,-0.1964285714285714,"38077,57472","57472,65275"
-0.1792452830188679,0.1509433962264151,"57479,134575","43345,57479"
-0.0922330097087378,0.087378640776699,"57487,60543","60543,110232"
0.1366906474820144,0.1073825503355704,"17287,30065","17287,22138"
-0.1292517006802721,0.0748299319727891,"57520,88590","88590,141310"
-0.2289156626506024,0.1566265060240964,"32978,64513","21158,64513"
-0.1137724550898203,0.0658682634730539,"30332,51515","30332,95918"
-0.1124260355029585,0.1005917159763313,"57593,64917","57593,68844"
0.25,0.1650485436893204,"34131,104513","34131,137873"
-0.1557377049180328,0.081967213114754,"11723,15629","11723,166737"
1.0,0.1702127659574468,"55474,57609","55474,83861"
0.084070796460177,0.0376811594202898,"639,18841","639,793"
-0.1532258064516129,0.1370967741935483,"33228,57648","33228,64272"
0.4318181818181818,-1.0,"11882,77288","11882,92933"
0.0627293960627294,0.1234567901234567,"57701,73830","47866,73830"
-1.0,-0.25,"41384,134685","41384,81147"
0.4224724372507623,0.1292517006802721,"47947,57751","47947,134687"
-0.0716306775874907,-0.0588235294117647,"4928,113884","50015,113884"
1.0,0.0814814814814814,"36733,134720","36733,43832"
0.7741935483870968,-1.0,"57843,68475","68475,112428"
-0.2923076923076923,0.2461538461538461,"19085,110837","67537,110837"
-0.3877551020408163,-0.2291666666666666,"18970,25802","18970,60106"
-0.1233766233766233,0.0844155844155844,"50417,68944","26415,50417"
-0.1407407407407407,0.1111111111111111,"58078,134798","41497,58078"
0.1446428571428571,-0.3610248447204969,"58087,106100","58087,136737"
-0.2501742160278745,-1.0,"10054,24960","20876,24960"
-0.1532258064516129,0.1048387096774193,"26452,58183","26452,77366"
-0.2533333333333333,0.1333333333333333,"58187,84166","84166,106445"
0.6551724137931034,0.2692307692307692,"43196,124461","43196,70626"
-0.1557377049180328,0.081967213114754,"20667,39458","39458,101497"
-0.1775700934579439,0.1682242990654205,"58313,134859","58313,136816"
0.2714285714285714,0.1294117647058823,"58314,74247","58314,93246"
-0.1958762886597938,0.1237113402061855,"47942,134861","59168,134861"
-0.1005291005291005,0.0687830687830687,"9292,52801","52801,83957"
-0.1032608695652173,0.0652173913043478,"58325,73434","73434,90472"
-0.1310344827586207,0.1103448275862069,"37004,58328","37004,69065"
-0.1450381679389313,0.0916030534351145,"24020,120341","81194,120341"
-0.240506329113924,0.2278481012658227,"55588,69967","61537,69967"
-0.0822510822510822,0.0519480519480519,"10944,22094","22094,90545"
0.1792452830188679,-0.101010101010101,"38114,58382","58382,78542"
-0.0989583333333333,0.0625,"58420,122712","90663,122712"
-0.1472868217054263,0.0775193798449612,"3987,110715","16553,110715"
0.1310344827586207,1.0,"27147,52885","20607,27147"
0.2134831460674157,-0.1486486486486486,"58532,115348","44804,58532"
-1.0,-0.0887573964497041,"47542,127519","30225,127519"
-0.1021505376344086,-0.9086021505376344,"22147,55708","22147,65408"
-0.1172839506172839,0.074074074074074,"50639,58593","50639,91039"
-0.2835820895522388,-1.0,"58616,85188","66150,85188"
-0.1666666666666666,0.1578947368421052,"58646,114419","61830,114419"
-0.1979166666666666,0.125,"58684,110676","65556,110676"
-0.1596638655462184,-1.0,"58842,116483","97175,116483"
0.7978723404255319,0.1170212765957446,"58854,134996","58854,95985"
0.2375,0.2708333333333333,"58956,135016","58956,62229"
0.2435897435897435,0.2711864406779661,"16000,79490","16000,141142"
-0.2533333333333333,0.1333333333333333,"32752,118502","108886,118502"
-0.240506329113924,0.2278481012658227,"59004,109595","62231,109595"
0.8827586206896552,-0.5384615384615384,"25943,135029","25943,120489"
-0.1525423728813559,-0.8813559322033898,"33610,43022","43022,120013"
-0.0803571428571428,0.0491071428571428,"9920,59066","9920,156637"
-0.3157894736842105,0.2807017543859649,"18235,21500","18235,28679"
0.0627177700348432,-0.4166666666666667,"20058,31458","20058,147409"
0.391304347826087,0.1481481481481481,"38406,59079","59079,151781"
0.6428571428571429,0.1341463414634146,"27918,33269","27918,123968"
-0.0821917808219178,0.045662100456621,"6589,135196","6589,100001"
0.5142857142857142,0.0040567951318458,"3075,9108","3075,29972"
0.5,0.2954545454545454,"57023,59118","32005,57023"
-0.3103448275862069,-0.1935483870967742,"42407,73267","21251,42407"
-0.1077844311377245,-1.0,"23328,56765","23328,113619"
-0.0807174887892376,0.0672645739910313,"43077,115812","43077,77328"
0.3157894736842105,-0.1075268817204301,"59170,114794","43269,114794"
0.6428571428571429,0.2549019607843137,"4699,55295","55295,88562"
-0.2117647058823529,-0.1923076923076923,"53509,79915","13610,53509"
0.6206896551724138,-0.4102564102564102,"28255,30623","30623,46808"
-0.1276595744680851,-1.0,"9701,34191","9701,25747"
-0.1855670103092783,-0.1354166666666666,"3692,135393","3692,124932"
-0.2647058823529412,0.1764705882352941,"48109,119323","48109,114779"
-0.2045454545454545,0.1477272727272727,"30259,135418","30259,121436"
1.0,-1.0,"24111,59238","24111,36084"
-0.1353383458646616,0.1052631578947368,"23444,135504","23444,52936"
0.3103448275862069,0.1294117647058823,"13539,16818","16818,42229"
-0.1894736842105263,0.1263157894736842,"57924,59321","43656,57924"
-0.1935483870967742,0.1290322580645161,"53664,59332","53664,86760"
-0.2222222222222222,-0.2391304347826087,"53225,135582","53225,108271"
0.45,-0.1923076923076923,"42935,108507","108507,125851"
-0.12,0.12,"40032,59358","40032,93536"
-0.1714285714285714,0.1238095238095238,"42588,43212","43212,112499"
0.3829787234042553,-0.3191489361702128,"43897,122610","52499,122610"
-0.3103448275862069,-0.1896551724137931,"42773,59455","42773,61551"
0.48,-0.1574074074074074,"52275,57681","15226,57681"
-0.2195121951219512,-1.0,"31667,34550","34550,77958"
-0.173076923076923,0.1153846153846153,"32156,59480","59480,112406"
-0.24,0.2266666666666666,"3104,135728","3104,137777"
-0.2045454545454545,0.2045454545454545,"59533,135749","59533,135750"
-0.0489130434782608,0.029891304347826,"12845,135754","12845,93254"
1.0,-0.1470588235294117,"59551,106814","89450,106814"
1.0,-0.5,"59557,76936","76936,80278"
0.2081307998232435,0.0753424657534246,"24016,30815","30815,51838"
0.6428571428571429,0.2790697674418604,"24101,86821","30071,86821"
-0.3050847457627119,0.1694915254237288,"23964,101405","62351,101405"
0.1782178217821782,-0.1489361702127659,"19072,79035","79035,113601"
-0.072289156626506,0.0642570281124498,"24032,43707","24032,140249"
0.2068965517241379,0.1666666666666666,"59627,70840","30738,59627"
-0.4765432098765432,-0.1666666666666666,"56706,60320","56706,63843"
-0.0659340659340659,0.0512820512820512,"11158,135907","11158,102403"
0.5556776556776557,0.082051282051282,"20033,59717","20033,67361"
-0.1184210526315789,0.0657894736842105,"34230,91751","34230,157828"
-0.2571428571428571,-0.6071428571428571,"18295,19232","18101,19232"
0.5341614906832298,0.1304347826086956,"13178,21496","21496,153789"
0.7692307692307692,0.1666666666666666,"42594,61297","42594,77729"
-0.225,0.15,"30704,39695","39695,86913"
-0.1363636363636363,0.0833333333333333,"29120,59812","5763,29120"
0.2037175515436385,0.0513833992094861,"5054,81041","5054,65528"
-0.1463414634146341,0.1056910569105691,"54470,136011","8297,54470"
-0.1875,-0.5,"49382,136013","49382,150274"
-0.216867469879518,0.180722891566265,"43914,59845","43914,71156"
0.1153846153846153,-0.1842105263157894,"20930,78812","78812,91635"
-0.0837209302325581,0.0697674418604651,"7364,51354","7364,143206"
-0.2608695652173913,-0.1265822784810126,"20596,114526","20596,42912"
0.3151969981238274,0.1585365853658536,"59982,136108","81755,136108"
0.6206896551724138,0.5,"24664,30233","24664,67886"
-0.0559205500381971,0.1294117647058823,"13855,81371","81371,94294"
0.3396226415094339,0.2262931034482758,"7093,71542","7093,67406"
-0.225,0.1375,"15633,42218","15633,40457"
0.1487603305785124,-0.2857142857142857,"40366,58145","58145,80237"
-0.2727272727272727,0.1969696969696969,"39608,56791","39608,42794"
-0.12,0.0733333333333333,"60181,136232","60181,94789"
-0.1565217391304348,0.0956521739130434,"51845,135997","34051,51845"
0.0902777777777777,0.1041666666666666,"34310,60222","34310,157790"
-0.0983606557377049,0.0710382513661202,"51873,60232","51873,81816"
-0.1384615384615384,0.0769230769230769,"25507,39568","39568,156377"
-0.0654545454545454,-0.3720930232558139,"18775,136295","18775,61932"
-0.125,0.0763888888888889,"60199,87990","87990,159841"
-0.15,0.125,"22974,60268","22974,71783"
-0.1621621621621621,0.0990990990990991,"47475,60276","19803,47475"
-0.3829787234042553,0.2765957446808511,"39038,60279","39038,150424"
-0.0895522388059701,0.0646766169154228,"2995,60308","2995,81957"
-0.1168831168831168,0.0649350649350649,"60346,136352","60346,138018"
-0.1636363636363636,0.1181818181818181,"36338,60410","36338,150546"
-0.2022471910112359,-1.0,"43788,60420","43788,137807"
0.119205298013245,-0.1481481481481481,"19487,52021","19487,51716"
0.4186046511627907,-0.5416666666666666,"60442,105701","24557,105701"
1.0,0.34375,"32399,60466","20941,32399"
-0.2307692307692307,-0.2077922077922078,"60604,112211","60604,60605"
-0.4090909090909091,-0.0806451612903225,"42252,51394","23601,42252"
-0.1417322834645669,-0.905511811023622,"60673,60674","60674,88808"
-0.1651376146788991,0.1009174311926605,"21996,60695","21996,99096"
-1.0,-0.2179487179487179,"60748,84917","62460,84917"
0.5294117647058824,-0.2912513842746401,"15729,91726","15729,65833"
-0.3272727272727272,0.2,"60777,136561","60777,65363"
0.4090909090909091,0.234375,"60858,96644","72716,96644"
-0.144,0.104,"57764,118729","57764,82895"
-0.1304347826086956,0.1304347826086956,"44398,50089","50089,136621"
0.4864864864864865,-0.3703703703703703,"57874,89454","89454,137812"
-0.1551724137931034,0.1034482758620689,"8533,11611","11611,89620"
1.0,0.1408450704225352,"61076,106173","61076,87755"
-0.1636363636363636,0.1,"61139,98624","21485,98624"
0.2278481012658227,0.0486725663716814,"41338,61142","40056,41338"
-0.1088362068965517,0.15625,"15978,97098","97096,97098"
1.0,0.3714285714285714,"19829,136752","19829,151043"
0.2727272727272727,-0.1594202898550724,"18957,55056","55056,57064"
-0.0921428571428571,-1.0,"61373,65570","65570,86736"
-0.3214285714285714,0.1785714285714285,"61388,126174","43216,126174"
-0.2608695652173913,0.1594202898550724,"61393,65039","65039,97634"
-0.3214285714285714,0.1964285714285714,"61429,118831","13928,118831"
-0.2432432432432432,-0.21875,"61470,121463","20154,121463"
-0.1836734693877551,0.1020408163265306,"47192,78421","78421,96333"
0.5806451612903226,-0.4347826086956521,"61519,108023","61931,108023"
-0.0445544554455445,0.0247524752475247,"4297,61599","4297,107081"
-0.1125,0.0875,"58447,119800","78701,119800"
0.4186046511627907,0.078125,"20877,118744","20877,35147"
-0.072,0.02650622406639,"25976,118703","808,118703"
1.0,0.1294117647058823,"61817,136897","61817,95013"
-0.2465753424657534,0.1506849315068493,"60967,123658","35929,123658"
-0.2337662337662337,0.1558441558441558,"61863,112720","91209,112720"
-0.1475409836065573,0.081967213114754,"23286,61914","23286,42483"
0.375,0.1833333333333333,"55840,125396","62665,125396"
0.2337662337662337,0.1587301587301587,"61947,108081","61947,94993"
0.2117647058823529,-0.3714285714285714,"5502,117019","5502,79736"
-0.2093023255813953,0.127906976744186,"61981,61982","61982,99120"
-0.1065088757396449,-0.1648351648351648,"45349,84959","72422,84959"
0.9108910891089108,0.0643564356435643,"62023,136945","62023,84965"
-0.28125,0.28125,"62030,62031","62031,116962"
0.2117647058823529,-0.5833333333333334,"9551,113644","9551,147661"
-0.09,0.06,"10949,45071","10949,32380"
0.3333333333333333,0.2295081967213114,"62182,69941","62182,76463"
0.1256432246998285,0.1132075471698113,"62212,116518","9428,116518"
0.5151515151515151,0.1940298507462686,"49774,62247","30850,49774"
0.34,0.3555555555555555,"21772,62282","21772,28376"
-0.103030303030303,0.0909090909090909,"21189,79705","21189,141890"
-0.425,-1.0,"38663,137115","38663,162059"
-0.1148648648648648,0.0743243243243243,"24050,95106","24050,51921"
-0.2741935483870967,-1.0,"60898,62330","62330,66133"
0.080188679245283,-0.0833333333333333,"10539,131986","25370,131986"
-0.2023809523809523,-0.5161290322580645,"2733,76620","2733,66105"
0.2048192771084337,0.1923076923076923,"27511,63447","63447,71372"
-0.17,-0.134020618556701,"56203,137214","56203,125723"
-0.1393442622950819,0.1147540983606557,"24503,102867","24503,144911"
-0.1588785046728972,-0.5925925925925926,"9696,137245","9696,141634"
-0.2328767123287671,0.1643835616438356,"52471,137252","52471,152279"
-0.5,-0.1571428571428571,"35753,44748","35753,63641"
-1.0,-0.3478260869565217,"62399,73684","62399,120023"
-0.0913978494623656,0.0913978494623656,"33922,137360","33922,137361"
-0.1049382716049382,0.0617283950617283,"39934,81830","39934,162786"
-0.1478260869565217,0.0956521739130434,"46725,137390","3213,46725"
-0.0994152046783625,0.0584795321637426,"30420,137401","30420,55905"
0.17,0.1724137931034483,"20248,28465","28465,39351"
-0.1847826086956521,0.1413043478260869,"61025,62531","8320,62531"
-0.0876288659793814,0.0515463917525773,"1340,37223","1340,37499"
-0.1868131868131868,-0.8791208791208791,"14714,23801","23801,145439"
-0.1428571428571428,0.0924369747899159,"27096,62554","62554,73065"
-0.1452991452991453,0.1111111111111111,"19390,137523","19390,121651"
-0.3333333333333333,0.2549019607843137,"17857,26848","26848,148832"
-0.2,0.188235294117647,"62580,65974","44754,62580"
-0.1666666666666666,0.1372549019607843,"5899,62583","5899,145400"
-0.3269230769230769,0.1365248226950354,"62623,110230","5965,62623"
0.513558201058201,-0.4137931034482758,"40158,62627","40158,62392"
0.1338119427742069,0.0269541778975741,"4903,21959","4903,101348"
-0.6296296296296297,-0.3061224489795918,"14288,50841","14288,57445"
1.0,0.1940298507462686,"47575,62697","44961,47575"
-0.0108556832694763,0.0925925925925925,"4521,73528","62104,73528"
-0.10625,0.0625,"15623,111185","15623,105320"
0.0781151170145477,0.2941176470588235,"62744,64672","64672,89346"
-0.1096774193548387,0.0903225806451612,"40289,62745","62745,118683"
0.4594594594594595,0.1351351351351351,"14934,25040","25040,73828"
-0.3333333333333333,-0.0737874097007224,"16775,22310","22310,49070"
0.159438775510204,-0.2181818181818181,"62815,115426","27022,115426"
1.0,-1.0,"14417,62906","14417,135239"
0.2463768115942029,0.0909090909090909,"11251,75452","11251,70474"
1.0,0.0701754385964912,"14350,16168","16168,119311"
-0.1042944785276073,0.0981595092024539,"33659,47140","33659,73737"
-0.1827956989247312,0.1075268817204301,"63052,132472","63052,141225"
0.1156462585034013,-0.2115384615384615,"10693,63055","57565,63055"
0.0748898678414096,-0.1176470588235294,"3515,68800","11647,68800"
-0.1328125,0.1171875,"7227,138019","7227,132462"
0.5,-0.3225806451612903,"63156,72975","51162,72975"
-0.0735930735930736,0.0649350649350649,"33716,39807","33716,117341"
-0.1393442622950819,0.1229508196721311,"43108,59832","59832,71136"
0.3469387755102041,0.1764705882352941,"42392,63255","42392,88131"
-0.3695652173913043,0.217391304347826,"33766,74111","33766,102055"
-0.0636704119850187,0.0374531835205992,"1639,122571","1639,38833"
0.88,0.1,"16448,88545","8528,16448"
0.4146341463414634,-0.1015625,"57253,85180","20445,85180"
0.2125,-0.1690140845070422,"63387,138203","55025,138203"
-0.1370967741935483,0.1129032258064516,"34958,63393","34958,135351"
-0.3469387755102041,-1.0,"55827,55856","55856,86947"
1.0,0.1176470588235294,"63396,87299","55420,87299"
-0.1338582677165354,-0.2439024390243902,"19137,63417","19137,62308"
-0.1545454545454545,0.1545454545454545,"30464,63433","28021,30464"
-0.1440677966101695,-0.2459016393442623,"41239,129633","41239,121888"
-0.1504424778761062,-1.0,"38861,71581","38861,52935"
-0.0779066309842402,0.2807017543859649,"63531,116205","54330,63531"
0.3333333333333333,-0.2580645161290322,"25631,57985","18513,25631"
0.293103448275862,0.5862068965517241,"56107,63596","56107,65116"
0.17,-0.1948051948051948,"1938,9491","9491,70392"
0.095505617977528,0.0945945945945946,"10090,111380","10090,28434"
-0.125,0.0735294117647058,"51835,138371","18097,51835"
0.1349206349206349,-1.0,"30125,33878","30125,88978"
-0.0880829015544041,0.0569948186528497,"51855,125527","9746,51855"
-0.1148648648648648,0.081081081081081,"52331,63716","52331,87870"
0.1188811188811188,0.1549295774647887,"51887,63757","63757,95011"
-0.5862068965517241,-0.2619047619047619,"63771,117919","94813,117919"
0.3159014898145332,0.0699300699300699,"42401,63788","42401,103437"
1.0,0.0753424657534246,"38971,63805","38971,95120"
0.320754716981132,-0.3043478260869565,"63820,125559","63820,120269"
-0.1428571428571428,0.134453781512605,"63968,67809","67809,140995"
-0.0890052356020942,0.0837696335078534,"1640,64015","1640,67858"
-0.1931818181818181,-0.5862068965517241,"61752,136343","61752,89826"
-0.2,0.188235294117647,"64073,114332","14815,64073"
1.0,0.1746031746031746,"34761,138603","34761,72388"
-0.34,-0.1395348837209302,"64153,73679","42008,73679"
-0.0401891252955082,0.0283687943262411,"248,64217","248,30097"
-0.2073170731707317,-0.2558139534883721,"40679,64220","40679,130071"
0.3777777777777777,0.1641791044776119,"52362,55176","55176,151013"
-0.3333333333333333,0.2549019607843137,"61354,64226","61354,82531"
1.0,0.0738461538461538,"64265,124509","17337,124509"
-0.2,0.1294117647058823,"23186,64303","23186,96184"
-0.1214285714285714,0.0857142857142857,"33397,64340","33397,89065"
-0.1827956989247312,-0.8817204301075269,"64382,138703","45767,64382"
0.1037037037037036,0.3111111111111111,"43775,91022","71851,91022"
-0.1789473684210526,0.1473684210526315,"44209,77492","77492,142384"
-0.1531531531531531,-0.2268150503444621,"64467,116679","40792,116679"
-0.2048192771084337,0.1204819277108433,"44061,72682","23659,72682"
-0.1180555555555555,0.1041666666666666,"64519,138762","64519,144017"
0.1491228070175438,-0.1666666666666666,"64549,73784","73784,98110"
-0.0977011494252873,0.057471264367816,"57955,64665","57955,105655"
-0.3333333333333333,0.196078431372549,"22666,97821","97821,105675"
1.0,-1.0,"30135,69841","30135,82754"
-0.0723404255319148,0.051063829787234,"64713,138827","64713,155644"
-0.1545454545454545,0.109090909090909,"64720,138828","64720,155646"
-0.1531531531531531,0.1261261261261261,"64725,138829","64725,147402"
-0.1036585365853658,0.0853658536585365,"64831,138863","64831,78042"
0.3848484848484848,-1.0,"53237,64842","53237,77836"
-0.1278195488721804,0.075187969924812,"55982,138866","55982,106102"
-0.0726495726495726,0.0683760683760683,"41320,64850","41320,68776"
0.8095238095238095,-0.0908521303258145,"64890,136332","38928,64890"
-0.066869300911854,0.2857142857142857,"64903,134813","20017,64903"
-0.1223021582733813,-1.0,"13336,55156","13336,20505"
0.1827956989247312,-0.1506849315068493,"28024,125751","28024,66262"
-0.1868131868131868,0.1758241758241758,"64943,119843","68865,119843"
-0.6296296296296297,-0.2954545454545454,"63638,98451","83410,98451"
1.0,0.15,"65127,65489","65489,91116"
-0.1619047619047619,0.1333333333333333,"65194,131056","78535,131056"
1.0,0.0684931506849315,"32577,138970","32577,71438"
0.2073170731707317,-0.2222222222222222,"65404,137131","98504,137131"
-0.0858585858585858,0.0505050505050505,"28687,99649","10806,28687"
-0.1808510638297872,0.1170212765957446,"65646,137387","99027,137387"
-0.3863636363636363,-0.1298701298701298,"65690,118305","108195,118305"
-0.1164383561643835,0.0753424657534246,"65729,121525","99174,121525"
0.6071428571428571,-0.1555555555555555,"44650,65730","44650,48571"
-0.2537313432835821,0.1791044776119403,"65766,114870","65649,114870"
-0.1531531531531531,0.09009009009009,"65777,124963","18684,124963"
0.4138471177944862,-0.1208791208791208,"65881,110195","99093,110195"
-0.085,0.055,"20732,120268","99550,120268"
-0.1287878787878787,-1.0,"41270,114196","108764,114196"
-0.3863636363636363,0.2954545454545454,"60392,126607","85316,126607"
0.5517241379310345,0.2564102564102564,"32398,34553","34553,39869"
-0.1616161616161616,0.101010101010101,"53408,139284","53408,102461"
1.0,-0.1639344262295081,"37550,45233","45233,109835"
-0.1019108280254777,0.0636942675159235,"62305,139326","62305,162067"
1.0,-0.4,"45663,81672","74745,81672"
-0.3478260869565217,-1.0,"18239,139367","18239,164501"
-0.1391304347826087,0.1130434782608695,"51016,139390","51016,148239"
-0.2909090909090909,-0.110091743119266,"34716,54140","34716,88644"
0.1118881118881118,-0.1558441558441558,"38418,61516","1972,61516"
0.134453781512605,0.127906976744186,"29795,45338","45338,93968"
-0.0808695652173913,0.2,"39750,92330","38149,92330"
-0.3076923076923077,-0.0544554455445544,"55738,64149","55738,73207"
-0.1818181818181818,0.1363636363636363,"14971,63355","14971,152257"
-0.1797752808988764,-1.0,"29021,139492","29021,42938"
0.1666666666666666,-0.48,"36122,66157","36122,150211"
-0.5714285714285714,-1.0,"52775,82994","20547,52775"
0.346938775510204,0.2244897959183673,"46222,47376","46222,92865"
1.0,1.0,"36922,66201","36922,105090"
-0.6153846153846154,-0.217391304347826,"38735,66205","18879,66205"
-0.0580296896086369,-0.2222222222222222,"9132,46736","46736,120478"
0.6153846153846154,0.26,"38106,66305","38106,80783"
-0.5517241379310345,-0.4545454545454545,"15831,66333","15831,40431"
-0.1,0.0625,"38552,139825","38552,70212"
-0.1666666666666666,0.125,"12179,139844","12179,152980"
-0.2285714285714285,-1.0,"19252,139852","19252,58714"
-0.1379310344827586,0.0862068965517241,"51207,66450","44442,51207"
-0.1212121212121212,0.1212121212121212,"56475,66474","56475,66475"
-0.146788990825688,0.1009174311926605,"34738,55336","34738,157990"
0.9292035398230089,-0.145631067961165,"36515,66528","29910,36515"
-0.2191780821917808,-0.1587301587301587,"54843,84841","3339,54843"
-0.065040650406504,-0.2666666666666666,"7434,140005","7434,33226"
-0.0893854748603352,-0.9329608938547486,"2132,21273","21273,153302"
0.2087191358024691,0.1358024691358024,"56532,66578","41459,66578"
-0.188235294117647,-0.5,"43652,66594","66594,101471"
-0.2133333333333333,-0.2,"41621,54162","41621,68305"
-0.0772946859903381,0.0483091787439613,"22678,37514","22678,41975"
-0.1032258064516129,0.0903225806451612,"66664,131345","66664,75352"
0.32,-1.0,"22502,36836","36836,72336"
1.0,0.1153846153846153,"66696,94797","71640,94797"
-0.0893854748603352,0.0558659217877094,"16094,140192","16094,117960"
0.4102564102564102,-0.5769230769230769,"40565,58701","58701,71096"
-0.1052631578947368,-0.1923076923076923,"35997,53152","35997,46753"
-0.1038961038961039,0.0714285714285714,"29819,140246","29819,32581"
-0.125,0.1015625,"37655,41685","38036,41685"
-0.1818181818181818,0.1136363636363636,"18575,66777","18575,121498"
-0.1739130434782608,0.1195652173913043,"25155,27736","27736,106121"
-0.10062893081761,0.0943396226415094,"1799,22475","1799,142995"
-0.3720930232558139,-0.4545454545454545,"41331,140331","41331,131393"
-0.2622950819672131,-0.0901639344262295,"66869,140344","20822,66869"
0.1702127659574468,-0.3666666666666666,"16674,29007","29007,129670"
-0.2051282051282051,0.1282051282051282,"9385,63171","47096,63171"
-0.3018867924528302,0.2452830188679245,"62175,140424","62175,80959"
-0.6153846153846154,-0.1830985915492957,"67003,111782","22294,67003"
-0.4571428571428571,-0.3555555555555555,"33307,58607","33307,136969"
-0.2622950819672131,0.180327868852459,"29329,102116","29329,97918"
-0.3265306122448979,-0.3125,"35734,136218","35734,159675"
0.3333333333333333,-0.0769230769230769,"23767,67169","60200,67169"
-0.2077922077922078,0.1818181818181818,"42592,67208","42592,76026"
-0.2318840579710145,0.0167701863354037,"25035,67242","25035,38556"
-0.2622950819672131,-0.0418943533697631,"45325,67282","12941,45325"
0.3137254901960784,0.2147435897435897,"13200,140658","63972,140658"
0.2909090909090909,-0.1017576318223867,"2206,72903","72903,130101"
-0.1151079136690647,0.079136690647482,"49488,140736","49488,72747"
1.0,0.2115384615384615,"10457,49989","10457,102483"
-0.146788990825688,0.091743119266055,"25438,32685","25438,147473"
-0.1203007518796992,0.0902255639097744,"48782,122529","87679,122529"
0.3809523809523809,-0.375,"42004,71665","71665,143524"
0.7808219178082192,0.1917808219178082,"15321,35982","15321,49388"
-0.3137254901960784,-0.2068965517241379,"25576,121482","25576,45030"
-0.125,0.109375,"31834,140912","31834,146840"
-0.2105263157894736,0.0709316394434361,"3512,109443","3309,3512"
1.0,-0.5555555555555556,"67693,140936","67693,143649"
-0.2077922077922078,-1.0,"26298,115788","26298,61790"
0.6595744680851063,0.2127659574468085,"44737,67769","44737,103749"
-0.0842105263157894,0.0578947368421052,"22005,27621","27621,49722"
-0.25,-1.0,"67872,79195","78389,79195"
0.1103448275862069,-0.1221374045801526,"25516,67932","57832,67932"
-0.2051282051282051,-0.3149038461538461,"52379,67954","15617,52379"
-0.1240310077519379,0.0852713178294573,"15985,67976","15985,95741"
-0.1616161616161616,0.1414141414141414,"58749,67980","58749,77034"
0.4324324324324324,0.1549295774647887,"13691,74277","13691,54506"
-0.1088435374149659,-0.9319727891156464,"49923,114287","49923,132406"
0.1951219512195122,-0.2083333333333333,"68197,127728","18404,127728"
-0.2580645161290322,0.2419354838709677,"45625,119869","60119,119869"
-0.5925925925925926,-1.0,"63088,83316","83316,85889"
0.9628647214854112,0.039787798408488,"7127,141267","7127,144000"
-0.146788990825688,0.110091743119266,"68429,105280","89368,105280"
-0.2461538461538461,-0.0653846153846153,"6642,10039","10039,48964"
0.84,0.1,"50278,68516","50278,105477"
-0.2025316455696202,0.2025316455696202,"30317,68599","30317,133223"
-0.3137254901960784,-1.0,"19074,83309","83309,142030"
-0.1523809523809524,-0.3111111111111111,"3699,4014","4014,15651"
-0.1797752808988764,0.1348314606741573,"68803,73930","73930,89996"
-0.1553398058252427,0.145631067961165,"68834,90917","73152,90917"
-0.2318840579710145,0.1884057971014492,"65014,79007","35244,65014"
0.5897435897435898,-1.0,"68938,137657","89819,137657"
-0.1684210526315789,-0.5,"69012,69013","69013,101274"
-0.060377358490566,0.0415094339622641,"3705,69099","3705,97982"
-0.0769230769230769,0.048076923076923,"55530,84027","84027,88680"
0.1025641025641025,-0.2037037037037037,"44506,69137","44506,62564"
1.0,0.0958904109589041,"61212,141533","61212,78012"
0.4,-0.3793103448275862,"8848,69581","8848,54723"
-0.1088435374149659,0.0748299319727891,"69393,107570","49784,107570"
-0.3018867924528302,0.2452830188679245,"69531,69532","69532,84617"
0.5161290322580645,0.145631067961165,"15594,125787","15594,118548"
-0.0559440559440559,0.0489510489510489,"6876,65468","6876,13320"
-0.1481481481481481,0.1296296296296296,"39822,69679","39822,79194"
-0.1523809523809524,-0.1063829787234042,"69705,112669","74187,112669"
-0.1720430107526881,-0.4545454545454545,"14468,69715","14468,108301"
-0.2622950819672131,-0.3032786885245901,"69752,91851","90902,91851"
-0.1203007518796992,0.0902255639097744,"69766,126786","59772,126786"
-0.1739130434782608,-0.1805555555555555,"69774,91642","48694,91642"
-0.082901554404145,0.0725388601036269,"67669,114883","79320,114883"
0.3129943502824859,-0.3846153846153846,"55532,141669","55532,103870"
0.3636363636363636,0.0869565217391304,"69809,124965","43974,124965"
0.2758620689655172,-0.0646551724137931,"28894,135008","15747,28894"
-0.4210526315789473,-1.0,"27487,117558","97325,117558"
0.2238805970149253,0.2340425531914893,"52977,80778","23856,80778"
-0.145631067961165,0.1359223300970873,"9284,12320","9284,13121"
-0.12,0.112,"62273,141823","62273,136082"
0.8623853211009174,-0.3106611831698829,"56152,85768","56152,141705"
-0.1829268292682926,0.1463414634146341,"30754,47224","30754,136079"
0.3191489361702128,-0.4285714285714285,"33466,37044","37044,142158"
-0.1470588235294117,-0.3529411764705882,"18792,135466","16125,18792"
-0.1071428571428571,0.0928571428571428,"66074,141964","49027,66074"
1.0,0.1875,"52342,70118","52342,89194"
0.3947368421052631,0.1182795698924731,"15627,32532","15627,158773"
-0.0684931506849315,0.0593607305936073,"6616,142008","6616,40841"
-0.1515151515151515,0.101010101010101,"30032,142031","18071,30032"
-0.15,-0.3513513513513513,"30624,95542","30624,147668"
-0.0993377483443708,0.0728476821192053,"46762,142107","46762,92283"
-0.1851851851851851,0.1234567901234567,"17694,61527","17694,75587"
-0.1875,-0.875,"25258,46718","46718,111845"
-0.0385604113110539,0.0257069408740359,"2940,35866","2940,162711"
-0.12,0.088,"19298,142182","19298,157201"
0.1401869158878504,-0.303030303030303,"23002,107962","72054,107962"
-0.1612903225806451,0.1182795698924731,"61229,142238","61229,157279"
0.3125,-0.2857142857142857,"70344,107405","107405,147836"
-0.1415094339622641,0.1320754716981132,"5917,7619","5917,73082"
-0.5357142857142857,-0.52,"17159,70383","64305,70383"
-0.0738916256157635,0.0689655172413793,"28117,142472","28117,31394"
-0.1363636363636363,0.1,"21625,38523","28789,38523"
0.1274509803921568,-0.275,"10239,16337","10239,117329"
-0.180722891566265,0.144578313253012,"70458,108835","70458,110622"
-0.1260504201680672,-0.1896551724137931,"59357,142565","22568,59357"
-0.2941176470588235,-1.0,"26034,98357","26034,36614"
0.1388888888888889,0.1688311688311688,"16912,54827","11613,54827"
0.2830188679245283,0.2156862745098039,"34450,59364","4018,34450"
-0.125,0.125,"57095,70528","57095,142595"
-0.1595744680851064,0.1595744680851064,"70533,80304","26223,80304"
-0.2307692307692307,0.1538461538461538,"12904,15314","12904,106905"
-0.2586206896551724,0.1724137931034483,"1108,70593","3779,70593"
-0.051131221719457,-0.1833333333333333,"50196,76157","50196,56379"
0.375,0.1287128712871287,"65462,73890","73890,146785"
0.6,0.4193548387096774,"58620,59467","59467,84492"
-0.1327433628318584,0.0973451327433628,"66602,70659","66602,158249"
-0.180722891566265,0.1686746987951807,"31364,33795","31364,119892"
-0.2,0.1333333333333333,"51425,98816","51425,164133"
-0.1304347826086956,0.0869565217391304,"51761,70718","17894,51761"
0.1415094339622641,-0.1935483870967742,"45042,70727","8671,70727"
0.2586206896551724,0.56,"13763,45965","45965,58757"
0.2678571428571428,-0.2941176470588235,"67501,70766","67501,146859"
0.3571428571428571,-0.2333333333333333,"19694,20795","20795,53247"
-0.1829268292682926,-1.0,"70777,70778","70778,103882"
0.2631578947368421,0.0977443609022556,"32604,52987","23487,52987"
1.0,0.087719298245614,"19931,35373","19931,164390"
-0.2142857142857142,0.1714285714285714,"14150,36017","36017,61268"
0.1415094339622641,-0.3421052631578947,"7821,107221","66314,107221"
-0.3571428571428571,0.3333333333333333,"70948,73837","15781,70948"
-0.1948051948051948,-1.0,"11750,20147","11750,95360"
0.0454545454545454,0.48,"3438,73569","73569,89988"
-0.1785714285714285,-0.3125,"45715,71092","45715,62177"
0.2296858071505959,0.1690140845070422,"23684,36555","23684,115384"
-0.1685393258426966,0.1348314606741573,"2044,43691","2044,50799"
-0.1463210702341137,-0.1666666666666666,"56926,143222","40338,143222"
-0.1376146788990825,0.091743119266055,"6257,57529","6257,102290"
-0.1304347826086956,0.0869565217391304,"26806,143271","26806,107060"
-0.1034482758620689,0.0827586206896551,"27534,143273","27534,154324"
0.1111111111111111,-0.079136690647482,"19165,91210","9391,91210"
0.5555555555555556,0.2222222222222222,"60847,72579","26100,60847"
-0.131578947368421,0.0964912280701754,"71490,123832","71490,94529"
1.0,0.1287128712871287,"43829,71531","43829,61096"
-0.1948051948051948,0.1818181818181818,"37084,76344","73988,76344"
-0.1102941176470588,0.0735294117647058,"71555,143466","41597,71555"
-0.1071428571428571,0.0785714285714285,"71571,71572","71572,94695"
-0.1442307692307692,0.1153846153846153,"31324,60151","60151,97189"
-0.2083333333333333,0.1527777777777778,"30949,45438","31800,45438"
-0.0872093023255814,0.063953488372093,"12866,67593","42194,67593"
1.0,-0.3170731707317073,"36495,44151","36495,38613"
0.3409090909090909,0.15625,"26414,124783","72387,124783"
0.8235294117647058,0.1764705882352941,"21846,31357","31357,51632"
-0.1145038167938931,0.0839694656488549,"61629,72068","61629,95544"
-0.3658536585365853,-0.0266768292682926,"72096,82238","82238,120903"
-0.25,-0.2040816326530612,"17488,57482","18010,57482"
-0.1595744680851064,-0.1288416075650118,"33864,43858","43858,75743"
0.3150266971777269,0.0869565217391304,"72146,113161","24257,113161"
-0.217391304347826,0.1594202898550724,"28413,45664","45664,72225"
-0.1612903225806451,0.1397849462365591,"72240,111007","72240,82422"
1.0,0.1142857142857142,"57561,72255","31780,57561"
0.1435711040436165,-0.4230769230769231,"72260,133105","72260,94622"
0.2205882352941176,0.2456140350877192,"38561,85283","36421,38561"
0.189873417721519,-0.2033898305084746,"15941,112937","90662,112937"
-0.1785714285714285,0.1666666666666666,"63656,77166","77166,127049"
-0.145631067961165,0.1067961165048543,"72320,129290","26164,72320"
-0.1063829787234042,0.0709219858156028,"21002,127919","21002,166739"
0.3260869565217391,-1.0,"60739,117719","91808,117719"
-0.119047619047619,0.0873015873015873,"64308,143913","64308,96201"
1.0,-0.0827067669172932,"28401,126236","28401,75309"
-0.119047619047619,-0.0560344827586206,"72839,83231","12370,83231"
0.1630434782608695,0.2068965517241379,"59036,120367","59036,83014"
-0.1948051948051948,0.1558441558441558,"32093,72957","32093,42512"
-0.1020408163265306,-0.1111111111111111,"72960,114573","27224,72960"
-0.112781954887218,0.075187969924812,"73186,106324","106324,108648"
-0.1056338028169014,0.0845070422535211,"73199,97479","48142,97479"
-0.1304347826086956,-0.112,"20724,55993","12524,20724"
-0.1973684210526315,0.1447368421052631,"25060,73278","25060,97609"
-0.2542372881355932,0.1694915254237288,"73285,144213","73285,158961"
-0.1351351351351351,0.09009009009009,"68996,73359","68996,106688"
1.0,0.1444444444444444,"47031,97734","47031,137126"
-0.0867052023121387,0.0809248554913294,"73452,114347","12294,114347"
-0.0867052023121387,0.0635838150289017,"73470,97959","97957,97959"
0.1595744680851064,0.0787401574803149,"54344,136827","54344,98907"
-0.1612903225806451,-0.2222222222222222,"73493,127851","73493,106477"
0.1239669421487603,-0.0998837059051556,"20671,124118","20671,98290"
-0.2205882352941176,0.1617647058823529,"65323,73680","65323,98299"
0.5357142857142857,0.1566265060240964,"49429,84371","49429,115048"
0.5769230769230769,-0.5,"73816,116980","69795,116980"
-0.25,0.2,"73842,131654","24818,131654"
-0.0251256281407035,0.016750418760469,"2380,73864","2380,107612"
-0.2205882352941176,-0.4583333333333333,"73956,109515","82970,109515"
1.0,0.1444444444444444,"65613,73957","65613,84575"
-0.1162790697674418,0.1085271317829457,"4172,11257","11257,58722"
0.125,-0.1694915254237288,"63418,123408","16435,63418"
-1.0,-0.3571428571428571,"74029,116632","15871,116632"
0.4054054054054054,0.3636363636363636,"8750,116618","8750,123473"
-0.1282051282051282,0.1025641025641025,"41113,111403","91628,111403"
-0.4285714285714285,-0.1325301204819277,"74336,108567","36963,108567"
-0.1515151515151515,0.1111111111111111,"74400,139133","68542,139133"
1.0,0.1864406779661017,"57357,144220","57357,93820"
-0.1686746987951807,-0.2241379310344827,"17277,22742","17277,33456"
-0.1029411764705882,0.1029411764705882,"36606,144593","36606,144594"
0.2131661442006269,0.1896551724137931,"38902,87513","38902,156447"
-0.0903225806451612,0.0774193548387096,"2013,4868","2013,151906"
-0.1068702290076335,0.099236641221374,"46614,144697","46614,119514"
-0.2153846153846154,0.1846153846153846,"13984,116916","2354,13984"
1.0,0.0637254901960784,"18833,74666","18833,82502"
0.2058823529411764,0.08,"1506,1518","1518,120541"
0.2058823529411764,-0.2777777777777778,"21407,51024","21407,82937"
-0.1346153846153846,0.0961538461538461,"28237,32019","28237,162413"
-0.2978723404255319,0.2553191489361702,"17489,44834","44834,51257"
-0.0773480662983425,0.0718232044198895,"20425,74742","20425,46371"
-0.2,0.1714285714285714,"56504,145051","56504,152422"
0.5384615384615384,-0.0617152333570243,"44764,84544","84544,119352"
0.2222222222222222,-0.1969696969696969,"66112,115358","19424,66112"
-0.1098484848484848,0.25,"41873,62451","41873,85845"
-0.1,0.0785714285714285,"41479,145189","8181,41479"
-0.0833333333333333,0.0595238095238095,"38486,78878","38486,72369"
-0.208955223880597,0.208955223880597,"3378,52333","50645,52333"
0.1627906976744186,0.1204819277108433,"22255,80093","22255,137410"
0.9119496855345912,-0.9245283018867924,"28868,74972","28868,152825"
-0.208955223880597,-0.275,"48695,75008","48695,123265"
-0.358974358974359,-0.3255813953488372,"51236,139643","51236,115996"
-0.3684210526315789,-1.0,"25959,30247","30247,131542"
-0.1176470588235294,0.0924369747899159,"13374,75156","13374,158055"
-0.2745098039215686,-1.0,"17163,46867","46867,92287"
-0.1333333333333333,-1.0,"26275,145750","26275,166678"
-0.2153846153846154,-0.1612903225806451,"41637,76567","22014,41637"
-0.2545454545454545,0.1818181818181818,"32804,74689","32804,38981"
-0.08,0.0571428571428571,"14028,19073","14028,77608"
0.1261261261261261,-0.1694915254237288,"24029,131209","65446,131209"
-0.1686746987951807,0.1204819277108433,"49174,141503","49174,118939"
0.5833333333333334,0.0696202531645569,"35543,75484","35543,94307"
-0.1505376344086021,0.1075268817204301,"43976,146015","43976,164462"
-0.1555555555555555,0.1333333333333333,"75526,117214","17562,75526"
-0.0880503144654088,0.0817610062893081,"19500,66398","19500,89500"
1.0,0.0577777777777777,"75614,110795","84967,110795"
-0.2153846153846154,-1.0,"56810,75637","56810,117230"
-0.0979020979020979,0.0909090909090909,"9398,39066","9398,34248"
-0.1386138613861386,0.1287128712871287,"75731,80964","80963,80964"
-0.3181818181818182,0.2272727272727272,"50399,71937","12410,50399"
-0.3888888888888889,0.2777777777777778,"35107,37113","7918,35107"
0.6451612903225806,-0.0786516853932584,"8329,46572","8329,30425"
-0.1573033707865168,0.1235955056179775,"75889,130199","75889,121949"
-0.1772151898734177,0.1265822784810126,"30742,88486","30742,81678"
-0.3783783783783784,0.2702702702702703,"6392,37622","37622,146141"
-0.1555555555555555,0.1444444444444444,"32783,76050","32783,81304"
-0.1228070175438596,0.1228070175438596,"48740,76110","68299,76110"
-0.1296296296296296,0.1018518518518518,"67325,76178","21489,67325"
-0.2592592592592592,0.2592592592592592,"21542,47335","21542,132876"
-0.0619469026548672,0.0530973451327433,"14374,76366","14374,21471"
1.0,0.1846153846153846,"37684,76671","37684,150393"
-0.1728395061728395,0.1234567901234567,"39325,63890","52495,63890"
-0.0281303602058318,0.2,"76851,95487","95487,123907"
0.096551724137931,-0.4545454545454545,"21682,146978","60913,146978"
-0.1842105263157894,0.131578947368421,"76903,88419","22439,88419"
0.5,0.1192660550458715,"3371,76934","3371,65319"
0.3684210526315789,-0.4444444444444444,"44334,115463","44334,69617"
-0.5185185185185185,-0.0639730639730639,"76960,123193","76960,82291"
0.2689210950080515,0.1014492753623188,"47887,138686","47887,147033"
-0.1686746987951807,-0.1833333333333333,"36520,77192","36520,71718"
-0.0263157894736842,0.018796992481203,"3272,113317","3272,25319"
-0.074074074074074,0.0582010582010582,"18229,77271","18229,120000"
-0.1129032258064516,0.0967741935483871,"60833,77421","60833,89146"
0.7846153846153846,0.1692307692307692,"44521,117530","31287,117530"
1.0,-0.2033898305084746,"61088,61487","22435,61487"
-1.0,-0.1864406779661017,"77566,116943","77566,96561"
0.3144768856447689,0.072992700729927,"19707,77908","19707,105817"
-0.4242424242424242,-1.0,"46440,136157","46440,120802"
0.0881578947368421,0.1625,"39719,65719","39719,83437"
-0.1217391304347826,0.0869565217391304,"78018,89919","89919,106032"
-0.0992907801418439,0.0780141843971631,"23181,78091","23181,27138"
-0.1320754716981132,0.1320754716981132,"52715,78260","52715,147517"
-0.1707317073170731,0.1463414634146341,"78345,146676","54367,78345"
-0.08,0.0685714285714285,"78351,78353","78353,90334"
1.0,0.1298701298701298,"78360,147559","78360,105156"
-0.1443298969072164,0.1134020618556701,"53088,78380","78380,97730"
-0.075268817204301,0.064516129032258,"73390,78414","73390,90417"
-0.2258064516129032,0.2258064516129032,"54627,78420","78420,115009"
0.4242424242424242,0.1578947368421052,"34893,114972","34893,97172"
0.5384615384615384,0.0862068965517241,"78690,128136","78690,107218"
-0.1842105263157894,0.1447368421052631,"78707,125703","98280,125703"
-0.1647058823529411,0.1529411764705882,"78857,147695","78857,84424"
0.56,0.3,"78864,117958","91011,117958"
-0.2,-0.3243243243243243,"71584,78891","78891,91049"
-0.1,0.0928571428571428,"78939,115985","11839,115985"
-0.5,-0.0728476821192053,"38221,78964","14015,78964"
0.4827586206896552,0.1527777777777778,"9197,144394","9197,96041"
-0.2153846153846154,0.1846153846153846,"36071,115266","63175,115266"
-0.2,0.1428571428571428,"44576,61885","44576,51537"
-0.1489361702127659,0.1382978723404255,"79238,147788","84894,147788"
-0.1386138613861386,-0.163796814464055,"79343,91777","84200,91777"
-0.1772151898734177,0.1392405063291139,"3704,114508","91817,114508"
0.5833333333333334,-1.0,"33441,79563","79563,113075"
-0.2241379310344827,0.2068965517241379,"37422,86852","37422,82710"
-0.1511627906976744,0.127906976744186,"11698,21526","11698,118978"
-0.0128779395296752,-0.1031746031746031,"48721,68784","68784,86845"
-0.5652173913043478,-0.2941176470588235,"21962,43100","4589,43100"
-0.1413043478260869,0.108695652173913,"18142,42518","18142,55311"
0.3170731707317073,0.0537190082644628,"15215,59053","15215,148233"
-0.1756756756756756,0.1351351351351351,"31335,35783","35783,113546"
-0.1287128712871287,0.1089108910891089,"24193,56159","56159,108052"
-0.0849673202614379,0.0849673202614379,"16679,80518","16679,20866"
-0.0305164319248826,0.0258215962441314,"1103,115321","1103,129160"
1.0,-0.4230769230769231,"48412,79816","48412,93890"
0.5416666666666666,-1.0,"11099,12504","11098,11099"
-0.3714285714285714,0.3142857142857143,"52248,60710","27690,60710"
1.0,0.1411764705882353,"24733,79848","24733,117621"
-0.0539682539682539,0.0854700854700854,"13351,18651","13351,77708"
1.0,0.1212121212121212,"74008,79865","74008,91238"
-0.1940298507462686,0.0392537313432835,"74769,109441","74769,109181"
-0.1354166666666666,0.1041666666666666,"46706,148512","46706,91914"
-0.1181818181818181,0.0909090909090909,"19303,28854","28854,41711"
-0.0503875968992248,0.0387596899224806,"7433,80068","7433,52966"
-0.2407407407407407,0.1851851851851851,"38514,142444","38514,125931"
0.4642857142857143,-0.5,"7212,45347","7212,17323"
1.0,-0.1527777777777778,"18178,109532","31603,109532"
0.2708333333333333,-0.12,"20775,85879","20775,71737"
0.2782608695652174,-1.0,"48919,80126","48919,124140"
-0.1477272727272727,0.1136363636363636,"24384,59311","42356,59311"
-0.1214953271028037,0.1121495327102803,"53659,121604","17160,53659"
0.2,0.1238095238095238,"56448,99004","57616,99004"
-0.1625,0.15,"9448,21596","9448,90646"
-0.2407407407407407,0.0134680134680134,"13392,71870","13392,42092"
-0.0890410958904109,-0.1739130434782608,"13907,61807","13907,75148"
-0.3714285714285714,-0.5,"24478,127432","24478,121176"
0.4193548387096774,0.1264367816091954,"1393,54358","1393,7924"
-0.2363636363636363,-0.1486486486486486,"22254,93308","42621,93308"
-0.1710526315789473,0.131578947368421,"43316,60916","43316,53663"
-0.1015625,-0.5238095238095238,"2563,58182","2563,84471"
0.203125,-0.1264367816091954,"6117,21296","6117,23678"
-0.1625,0.15,"62986,90302","33476,62986"
-0.1326530612244898,0.1224489795918367,"3270,80701","3270,138333"
-0.2826086956521739,0.2391304347826087,"42997,114044","42997,58310"
0.1780821917808219,-0.1341463414634146,"10711,37915","10711,55268"
0.3421052631578947,-0.2941176470588235,"28027,62217","58999,62217"
-1.0,-1.0,"48625,133328","48625,115255"
0.2063492063492063,-0.9029850746268656,"57160,111020","83211,111020"
-0.2708333333333333,0.2083333333333333,"65076,123180","34190,65076"
0.2452830188679245,1.0,"23647,78855","22265,78855"
0.125,-0.1884057971014492,"43445,62864","62864,65310"
0.3513513513513513,0.5217391304347826,"68761,75782","19872,68761"
-0.1214953271028037,0.0934579439252336,"75908,81059","81059,102001"
-0.1604938271604938,-0.1428571428571428,"30270,70829","30270,65306"
-0.1511627906976744,0.1162790697674418,"1550,10071","1550,48550"
-0.3650704225352112,-0.0806451612903225,"26604,32252","15497,32252"
0.3333333333333333,0.0328947368421052,"3353,24720","3353,162752"
-0.2549019607843137,0.196078431372549,"58544,81382","58544,151592"
-0.2203389830508474,-0.2894736842105263,"81390,150079","25088,81390"
0.5,0.1287128712871287,"81404,84985","68005,84985"
0.3421052631578947,-0.1043478260869565,"32568,71450","32568,115855"
1.0,-1.0,"40343,81452","40343,94403"
-0.2363636363636363,0.1818181818181818,"9772,81484","9772,102641"
-0.1444444444444444,0.1111111111111111,"81531,117177","102719,117177"
0.1150442477876106,-0.0757575757575757,"63554,81540","41939,81540"
-0.1688311688311688,-0.1388888888888889,"54537,72500","20870,54537"
-0.1214953271028037,0.102803738317757,"28553,143496","28553,83534"
-0.1130434782608695,0.1043478260869565,"82072,150530","82072,88242"
1.0,-1.0,"35122,76974","76974,85847"
-0.0656565656565656,0.0555555555555555,"31864,73861","31864,160029"
-0.3714285714285714,-1.0,"82184,150606","82184,97899"
-0.1733333333333333,0.16,"25628,47656","47656,59642"
0.1585365853658536,-0.2444444444444444,"7138,32070","32070,53872"
-0.1171171171171171,0.09009009009009,"19337,104334","95828,104334"
-0.1382978723404255,0.1170212765957446,"24445,84442","84442,95970"
-0.104,0.096,"72409,150818","47160,72409"
-0.3421052631578947,0.3421052631578947,"65864,82646","56083,65864"
0.2612741589119542,0.0866141732283464,"82919,110321","96470,110321"
-0.1756756756756756,0.1621621621621621,"82930,150956","82930,89257"
0.2241379310344827,0.081967213114754,"37397,72755","21062,37397"
-0.0680628272251308,0.0523560209424083,"83254,97815","68175,83254"
0.1494252873563218,-0.3142857142857143,"52559,83391","24663,83391"
-0.0550847457627118,0.0466101694915254,"9437,117362","97335,117362"
-0.08125,0.0625,"62169,68845","68845,106271"
-0.1666666666666666,0.1538461538461538,"46101,54950","46101,90251"
-0.1645569620253164,0.1518987341772152,"66473,122062","42459,122062"
-0.1666666666666666,0.1538461538461538,"48205,61437","48205,90340"
-0.1150442477876106,0.1061946902654867,"83855,97718","90356,97718"
0.3950966525223951,-0.8811881188118812,"83980,125778","85790,125778"
-0.2,0.1538461538461538,"84107,84108","84108,107036"
0.8686868686868687,0.1313131313131313,"84292,119195","84293,119195"
0.1785714285714285,0.1309523809523809,"65403,107502","65403,74103"
-0.1111111111111111,0.094017094017094,"79483,84434","40677,79483"
-0.1529411764705882,-0.5,"84555,123343","104426,123343"
1.0,-0.4782608695652174,"62959,151531","62959,86135"
-0.1354166666666666,0.1145833333333333,"58758,128965","58758,117393"
-0.2131147540983606,0.1967213114754098,"84839,141566","91429,141566"
-0.2708333333333333,-0.7916666666666666,"84939,113737","84939,108338"
-0.0446735395189003,-1.0,"85074,110203","85692,110203"
-0.0921985815602836,0.0780141843971631,"12351,41951","12351,86255"
-0.13,0.1,"85102,131709","108604,131709"
-0.1940298507462686,0.1791044776119403,"85267,123892","56088,123892"
0.4444444444444444,-0.5,"22085,67147","22085,160479"
0.6666666666666667,-0.1428571428571428,"36757,151909","36757,52794"
-0.1904761904761904,0.1587301587301587,"7557,25875","25875,26547"
-0.1558441558441558,0.1558441558441558,"20523,152024","20523,146780"
0.2378430428502648,-0.3142857142857143,"56210,72820","61713,72820"
0.2857142857142857,0.0714285714285714,"46805,50259","46805,81211"
0.25,-0.1692307692307692,"79880,113781","27992,113781"
0.1791044776119403,-1.0,"30128,107360","107360,167854"
0.5454545454545454,0.1351351351351351,"60791,80097","38491,60791"
-0.0816326530612244,0.0748299319727891,"10970,111141","10970,157340"
0.2553191489361702,-1.0,"24970,98888","98888,121591"
-0.4285714285714285,-0.0952380952380952,"28964,76062","28964,123437"
1.0,-0.1724137931034483,"10915,47997","10915,30150"
-0.25,-0.0769230769230769,"20579,75435","20579,25157"
1.0,0.238095238095238,"16146,39629","39629,118739"
-0.0839160839160839,0.0699300699300699,"37168,65485","37168,81330"
-0.0975609756097561,0.08130081300813,"2672,53616","14931,53616"
-0.1176470588235294,0.0980392156862745,"30459,86033","30459,65416"
0.3333333333333333,-1.0,"42580,68880","58989,68880"
0.3,-0.3225806451612903,"8270,62675","8270,61287"
-0.5,-1.0,"25770,86084","86084,103679"
-0.1379310344827586,0.1264367816091954,"70524,122224","70524,127836"
-0.2352941176470588,0.2156862745098039,"47425,121694","47425,80383"
-0.1967213114754098,0.180327868852459,"37512,86133","37512,158021"
1.0,-0.1470588235294117,"10303,86195","10303,18396"
-0.16,0.1333333333333333,"82391,86298","86298,163979"
0.4285714285714285,0.1375,"66606,114217","5813,114217"
-0.0662983425414364,0.0607734806629834,"10289,16665","10289,93354"
0.1428571428571428,-0.2222222222222222,"14347,50220","50220,59099"
-0.1121495327102803,0.1121495327102803,"66713,86509","62778,66713"
-0.12,0.12,"53927,86711","53927,136521"
-0.1967213114754098,0.180327868852459,"43989,134843","43989,90929"
-0.0736196319018405,0.0613496932515337,"65032,117198","65032,93036"
1.0,0.1018518518518518,"24295,87076","24295,96804"
1.0,0.0505050505050505,"40494,46254","46254,166161"
-0.0851063829787234,-0.5,"10853,21637","21637,102101"
1.0,0.1666666666666666,"629,91333","629,48524"
1.0,0.1408450704225352,"87126,117539","108100,117539"
-0.375,-1.0,"31204,42129","31204,65602"
-0.110091743119266,0.1009174311926605,"59925,87237","37427,59925"
-0.2,0.2,"45283,87287","45283,154350"
0.1263157894736842,-0.34375,"47242,118522","10917,118522"
-0.0574162679425837,0.0526315789473684,"49402,87290","24171,49402"
-0.110091743119266,-1.0,"54216,87325","54216,94243"
1.0,-1.0,"49850,87440","49850,153093"
-0.1791044776119403,-0.1219512195121951,"81485,132992","76136,81485"
-0.0909090909090909,0.0757575757575757,"47395,87518","47395,102659"
-0.1846153846153846,0.1538461538461538,"21435,37568","21435,102696"
0.3157894736842105,0.2037037037037037,"44735,71587","44735,93401"
0.0923076923076923,0.108695652173913,"14498,63680","14498,85852"
-0.073170731707317,0.0670731707317073,"63004,76443","74316,76443"
0.1363636363636363,-0.5238095238095238,"76472,90861","90861,94749"
-0.1621621621621621,0.1351351351351351,"53735,103323","103322,103323"
-0.144578313253012,0.1325301204819277,"57284,136184","57284,103674"
-0.1290322580645161,0.0104395030796534,"51944,61991","51944,53198"
-0.1212121212121212,-0.4166666666666667,"33013,126335","33013,140279"
-0.2142857142857142,0.1785714285714285,"23777,66407","1578,23777"
-0.1967213114754098,0.180327868852459,"52649,88391","88391,119473"
0.3870967741935484,-0.1515151515151515,"41159,118701","45654,118701"
-0.1276595744680851,0.1063829787234042,"74571,77030","77030,102293"
-0.1121495327102803,0.102803738317757,"88602,109488","81233,109488"
-0.0223048327137546,-0.1428571428571428,"1361,55795","1361,27867"
-0.1121495327102803,0.1121495327102803,"55231,96187","88971,96187"
-0.048780487804878,0.0447154471544715,"12475,89478","12475,96732"
-0.2142857142857142,-0.4761904761904761,"37924,40976","40976,55752"
1.0,-1.0,"55140,155582","55140,160732"
0.2666666666666666,-0.2127659574468085,"37574,84346","37574,77610"
-0.125,0.1041666666666666,"12047,127718","38229,127718"
-0.1111111111111111,-0.4347826086956521,"4517,73047","37880,73047"
0.4615384615384615,0.303030303030303,"21506,111097","21506,26279"
-0.1935483870967742,-0.2272727272727272,"44286,53523","27577,44286"
0.109090909090909,0.8958333333333334,"52697,61334","61334,131580"
-0.2105263157894736,0.1929824561403508,"90196,155807","90196,95591"
0.1111111111111111,-0.0952380952380952,"6909,120890","6909,7845"
-0.3157894736842105,-0.1447368421052631,"51250,99717","99717,123158"
-0.0560747663551401,0.0514018691588785,"33388,91614","33388,99253"
-0.0489795918367346,0.0408163265306122,"35530,111994","42311,111994"
0.4230769230769231,0.2972972972972973,"11977,70039","11977,99029"
0.1466666666666666,-0.1785714285714285,"41631,65526","65526,88213"
-0.1428571428571428,0.1428571428571428,"41653,54431","54431,86218"
-0.4230769230769231,-0.4761904761904761,"28657,79477","28657,92270"
0.1506849315068493,0.3125,"92416,108336","108336,118468"
0.0909090909090909,0.3333333333333333,"2331,28914","28914,49472"
-0.5238095238095238,0.4761904761904761,"40643,74246","39107,74246"
-0.127906976744186,0.1162790697674418,"8944,157979","8944,138021"
0.5238095238095238,0.0948275862068965,"36503,78214","36503,96430"
-0.2291666666666666,-1.0,"57836,93065","57836,160719"
0.1466666666666666,-0.0753424657534246,"42793,66623","42793,59962"
0.5238095238095238,0.1886792452830188,"68022,71057","71057,146239"
0.2075471698113207,-1.0,"17383,66907","17383,100672"
0.44,-0.2470238095238095,"30367,95516","50816,95516"
1.0,0.0808823529411764,"24782,93868","24782,159027"
-0.1641791044776119,0.1641791044776119,"13278,40232","40232,126039"
-0.2340425531914893,-0.1851851851851851,"27609,54038","6270,27609"
-0.1549295774647887,0.1408450704225352,"76408,80639","15232,76408"
-0.0916666666666666,0.0916666666666666,"43683,94820","43683,112440"
-0.0348101265822784,0.0348101265822784,"7978,95123","7978,84082"
-0.3548387096774194,-0.0862068965517241,"22719,95426","3029,22719"
-0.1641791044776119,0.1641791044776119,"42185,54710","54710,61074"
-1.0,-0.108695652173913,"58770,114760","51649,114760"
-0.1057692307692307,0.0961538461538461,"27959,104468","104468,166695"
0.2340425531914893,0.0840336134453781,"16904,30096","16904,57280"
-0.2619047619047619,0.238095238095238,"46296,96862","96862,125001"
0.1571428571428571,-0.2325581395348837,"51307,58011","51307,89613"
0.2,0.3571428571428571,"48352,97505","48352,66901"
1.0,-0.0869565217391304,"97526,99173","1333,99173"
-0.1446886446886446,0.2857142857142857,"28646,72789","11173,72789"
-0.1078431372549019,0.1078431372549019,"41067,97977","41067,161152"
-0.0814814814814814,0.0814814814814814,"75390,97995","97994,97995"
-0.1392405063291139,0.1265822784810126,"98122,118396","107051,118396"
-0.1392405063291139,0.1392405063291139,"11878,98190","98190,109787"
0.8113207547169812,0.1886792452830188,"25821,98392","25821,89564"
-0.1358024691358024,0.1358024691358024,"98911,98913","98912,98913"
0.5,-1.0,"69002,147773","69002,104060"
0.2325581395348837,0.2040816326530612,"85415,139311","32263,139311"
-0.1111111111111111,0.1111111111111111,"24465,99931","24465,99285"
0.4761904761904761,-0.4761904761904761,"35469,84010","35469,100990"
0.2941176470588235,-0.054054054054054,"16408,123500","103954,123500"
-1.0,-0.4,"33655,58763","30981,33655"
-0.2272727272727272,-0.5,"24696,89396","24696,114323"
-0.1041666666666666,-0.5,"25951,52947","25951,60325"
0.2941176470588235,-0.0220750551876379,"64682,101014","64682,109736"
-0.054054054054054,0.054054054054054,"15863,101529","15863,164552"
0.136986301369863,0.2564102564102564,"42169,138967","107008,138967"
-0.4545454545454545,-0.303030303030303,"27919,147672","27919,86857"
0.0719424460431654,0.1123595505617977,"7882,104976","91716,104976"
-0.1818181818181818,-0.1333333333333333,"39468,102783","39468,50219"
-0.119047619047619,0.119047619047619,"87813,103109","32504,87813"
-0.2127659574468085,0.2127659574468085,"25455,81898","81898,122456"
0.05,-0.3448275862068966,"3951,36799","36799,134924"
-0.1428571428571428,0.1428571428571428,"29323,80678","16554,29323"
-0.1041666666666666,0.1041666666666666,"49138,104728","104728,159451"
0.1111111111111111,-0.2439024390243902,"5790,45984","5790,35581"
-0.1149425287356321,0.1149425287356321,"39763,105291","39763,105292"
-0.1818181818181818,0.1818181818181818,"55167,105596","55167,125772"
-0.0833333333333333,0.0833333333333333,"61702,105703","105703,130102"
-0.1219512195121951,-0.1219512195121951,"42610,64705","64705,84525"
-0.1052631578947368,0.1052631578947368,"91123,107698","36859,91123"
