{
    "KS_statistic": 0.13671861330471602,
    "p_value": 4.737603045424607e-07
}