{
    "KS_statistic": 0.13241092803830445,
    "p_value": 0.0015610981746718797
}