{
    "KS_statistic": 0.2171163241188582,
    "p_value": 1.0201424768622982e-16
}