{
    "observed_skl": 0.3009117315765945,
    "p_value": 0.22077922077922077,
    "optimal_k": 10,
    "k_candidates": [
        8,
        9,
        10,
        11,
        12,
        13,
        14,
        15,
        16
    ],
    "#class1": 126,
    "#class2": 159
}