{
    "observed_skl": 0.5323044875826021,
    "p_value": 0.000999000999000999,
    "optimal_k": 34,
    "k_candidates": [
        8,
        9,
        10,
        11,
        12,
        13,
        14,
        15,
        16,
        17,
        18,
        20,
        22,
        23,
        25,
        27,
        29,
        32,
        34
    ],
    "#class1": 501,
    "#class2": 663
}