{
    "KS_statistic": 0.09537271239398899,
    "p_value": 0.05341030331283525
}