{
    "KS_statistic": 0.20306160987317406,
    "p_value": 1.1484763496054737e-14
}