{
    "KS_statistic": 0.062304916113928986,
    "p_value": 0.8002853153104508
}