{
    "KS_statistic": 0.04408333442364137,
    "p_value": 0.3981050093542753
}