{
    "KS_statistic": 0.059530818646884115,
    "p_value": 0.10872797126645882
}