{
    "observed_skl": 0.3317717985867103,
    "p_value": 0.3156843156843157,
    "optimal_k": 8,
    "k_candidates": [
        8,
        9,
        10,
        11,
        12,
        13,
        14,
        15,
        16
    ],
    "#class1": 126,
    "#class2": 159
}