{
    "KS_statistic": 0.03374549201442555,
    "p_value": 0.737459424134263
}