{
    "observed_skl": 0.21678640410365577,
    "p_value": 0.06893106893106893,
    "optimal_k": 14,
    "k_candidates": [
        8,
        9,
        10,
        11,
        12,
        13,
        14,
        15,
        16,
        17,
        18,
        19,
        20,
        21,
        23,
        24
    ],
    "#class1": 253,
    "#class2": 331
}