{
    "KS_statistic": 0.1235154673050744,
    "p_value": 0.003933496089486113
}