{
    "KS_statistic": 0.14672816035300193,
    "p_value": 0.0003076614342687013
}