{
    "observed_skl": 0.407956248654803,
    "p_value": 0.13186813186813187,
    "optimal_k": 8,
    "k_candidates": [
        8,
        9,
        10,
        11,
        12,
        13,
        14,
        15,
        16
    ],
    "#class1": 126,
    "#class2": 159
}