{
    "observed_skl": 0.24068352234246332,
    "p_value": 0.2837162837162837,
    "optimal_k": 11,
    "k_candidates": [
        8,
        9,
        10,
        11,
        12,
        13,
        14,
        15,
        16
    ],
    "#class1": 126,
    "#class2": 159
}