{
    "observed_skl": 0.37785749658056467,
    "p_value": 0.15884115884115885,
    "optimal_k": 8,
    "k_candidates": [
        8,
        9,
        10,
        11,
        12,
        13,
        14,
        15,
        16
    ],
    "#class1": 126,
    "#class2": 159
}