{
    "KS_statistic": 0.04598964242851995,
    "p_value": 0.35442037310664853
}