{
    "KS_statistic": 0.05101769351877292,
    "p_value": 0.2338771839395748
}