{
    "KS_statistic": 0.05872024970737417,
    "p_value": 0.8531097512988512
}