{
    "KS_statistic": 0.08173570019723866,
    "p_value": 0.13257314939135925
}