{
    "KS_statistic": 0.1283404682196223,
    "p_value": 2.8984127207450854e-06
}