{
    "KS_statistic": 0.12297600468201327,
    "p_value": 0.08661853052641394
}