{
    "KS_statistic": 0.026686083390660316,
    "p_value": 0.9295319326927073
}