{
    "KS_statistic": 0.0467592381997708,
    "p_value": 0.3288423832689396
}