{
    "KS_statistic": 0.11603424745418703,
    "p_value": 3.360623569353583e-05
}