{
    "observed_skl": 0.4380397374730455,
    "p_value": 0.03996003996003996,
    "optimal_k": 8,
    "k_candidates": [
        8,
        9,
        10,
        11,
        12,
        13,
        14,
        15,
        16
    ],
    "#class1": 126,
    "#class2": 159
}