{
    "observed_skl": 0.21580083270892617,
    "p_value": 0.17382617382617382,
    "optimal_k": 14,
    "k_candidates": [
        8,
        9,
        10,
        11,
        12,
        13,
        14,
        15,
        16
    ],
    "#class1": 126,
    "#class2": 159
}