{
    "observed_skl": 0.4063619708464547,
    "p_value": 0.04395604395604396,
    "optimal_k": 8,
    "k_candidates": [
        8,
        9,
        10,
        11,
        12,
        13,
        14,
        15,
        16,
        17,
        18,
        19,
        20,
        21,
        23,
        24
    ],
    "#class1": 254,
    "#class2": 326
}