{
    "KS_statistic": 0.0362113104194197,
    "p_value": 0.647569653997081
}