{
    "KS_statistic": 0.1093416463507098,
    "p_value": 0.00011484929209897467
}