{
    "KS_statistic": 0.08578338839075035,
    "p_value": 0.09737783589671219
}