{
    "KS_statistic": 0.0429065615235828,
    "p_value": 0.8463288360555131
}