{
    "KS_statistic": 0.05214990138067061,
    "p_value": 0.630330121141318
}