{
    "KS_statistic": 0.06152004359828823,
    "p_value": 0.09288621024456209
}