{
    "KS_statistic": 0.05048076923076923,
    "p_value": 0.9494787678263376
}