{
    "KS_statistic": 0.08631163708086785,
    "p_value": 0.09737742264536332
}