{
    "KS_statistic": 0.12181700474751835,
    "p_value": 1.0962690625882298e-05
}