{
    "KS_statistic": 0.2384858812074002,
    "p_value": 2.626272275444456e-10
}