{
    "observed_skl": 0.2824855408299736,
    "p_value": 0.3646353646353646,
    "optimal_k": 9,
    "k_candidates": [
        8,
        9,
        10,
        11,
        12,
        13,
        14,
        15,
        16
    ],
    "#class1": 126,
    "#class2": 159
}