{
    "observed_skl": 0.13170246518792622,
    "p_value": 0.8981018981018981,
    "optimal_k": 12,
    "k_candidates": [
        8,
        9,
        10,
        11,
        12,
        13,
        14,
        15,
        16
    ],
    "#class1": 126,
    "#class2": 159
}