{
    "KS_statistic": 0.06009615384615385,
    "p_value": 0.8422109465500444
}