{
    "observed_skl": 0.4118052276155513,
    "p_value": 0.16083916083916083,
    "optimal_k": 8,
    "k_candidates": [
        8,
        9,
        10,
        11,
        12,
        13,
        14,
        15,
        16
    ],
    "#class1": 126,
    "#class2": 159
}