{
    "KS_statistic": 0.14762005351358964,
    "p_value": 0.0002766616463108707
}