{
    "KS_statistic": 0.23288885369330295,
    "p_value": 3.4570813168959763e-19
}