{
    "KS_statistic": 0.053648915187376724,
    "p_value": 0.5949134556345761
}