{
    "KS_statistic": 0.04773175542406312,
    "p_value": 0.7345429971027174
}