{
    "observed_skl": 0.2637435247224611,
    "p_value": 0.33166833166833165,
    "optimal_k": 10,
    "k_candidates": [
        8,
        9,
        10,
        11,
        12,
        13,
        14,
        15,
        16,
        17,
        18,
        19,
        20,
        21,
        23,
        24
    ],
    "#class1": 246,
    "#class2": 332
}