{
    "KS_statistic": 0.043605474280320904,
    "p_value": 0.8196853735899652
}