{
    "KS_statistic": 0.19829497691304931,
    "p_value": 5.2876324387045374e-14
}