{
    "KS_statistic": 0.03323922773851748,
    "p_value": 0.7539134440640574
}