{
    "KS_statistic": 0.08605897085406783,
    "p_value": 0.0050522832682496
}