{
    "KS_statistic": 0.06452029447197395,
    "p_value": 0.06614913568813219
}