{
    "KS_statistic": 0.04810792044834598,
    "p_value": 0.7347036972679076
}