{
    "color": 1,
    "n_samples": 450,
    "observed_kl": 0.1323204994529318,
    "p_value": 0.8261738261738262,
    "optimal_k_marginal": 8,
    "optimal_k_joint": 8,
    "k_candidates_marginal": [
        8,
        9,
        11,
        13,
        15,
        17,
        20,
        23,
        27,
        32,
        37,
        43,
        51,
        59,
        69,
        81,
        94,
        110,
        128,
        149
    ],
    "k_candidates_joint": [
        8,
        9,
        10,
        11,
        12,
        13,
        14,
        15,
        16,
        17,
        18,
        19,
        20,
        21
    ]
}