{
    "KS_statistic": 0.15383983476505655,
    "p_value": 0.00012905599352526758
}