{
    "KS_statistic": 0.06020475692268863,
    "p_value": 0.1024711584747173
}