{
    "KS_statistic": 0.05972573525765015,
    "p_value": 0.46829963772041233
}