{
    "KS_statistic": 0.13231811872295257,
    "p_value": 1.2440479486308343e-06
}