{
    "KS_statistic": 0.12061846049761457,
    "p_value": 1.3889067004829984e-05
}