{
    "KS_statistic": 0.05419000397657489,
    "p_value": 0.1792287457799763
}