{
    "KS_statistic": 0.1147093250097542,
    "p_value": 0.12940227891339198
}