{
    "KS_statistic": 0.2631207400194742,
    "p_value": 1.8041425575847576e-12
}