{
    "KS_statistic": 0.06589476254716448,
    "p_value": 0.05933142091312114
}