{
    "KS_statistic": 0.2194189276446437,
    "p_value": 4.5631440303374187e-17
}