{
    "KS_statistic": 0.09373780725712057,
    "p_value": 0.31592471771683917
}