{
    "KS_statistic": 0.06768632273990048,
    "p_value": 0.04670265511678315
}