{
    "observed_skl": 0.08617371531490918,
    "p_value": 0.6033966033966034,
    "optimal_k": 23,
    "k_candidates": [
        8,
        9,
        10,
        11,
        12,
        13,
        14,
        15,
        16,
        17,
        18,
        19,
        20,
        21,
        23,
        24
    ],
    "#class1": 253,
    "#class2": 331
}