{
    "KS_statistic": 0.08790967616074913,
    "p_value": 0.39133366513577017
}