{
    "KS_statistic": 0.1217615975924133,
    "p_value": 1.1081553782927013e-05
}