{
    "KS_statistic": 0.05273437213404139,
    "p_value": 0.20333567882577142
}