{
    "KS_statistic": 0.025347461084656322,
    "p_value": 0.9524707219603279
}