{
    "KS_statistic": 0.10792899408284023,
    "p_value": 0.01807148084304855
}