{
    "KS_statistic": 0.1810851637135625,
    "p_value": 4.692638098304939e-12
}