{
    "KS_statistic": 0.036734658275656036,
    "p_value": 0.6297815700487025
}