{
    "KS_statistic": 0.04891518737672584,
    "p_value": 0.7069571317352181
}