{
    "KS_statistic": 0.030414620840152756,
    "p_value": 0.9905930695228778
}