{
    "KS_statistic": 0.05573522973975038,
    "p_value": 0.1602690709221484
}