{
    "KS_statistic": 0.2670487079835772,
    "p_value": 3.718376712787435e-25
}