{
    "KS_statistic": 0.03368890953652995,
    "p_value": 0.7393219289255708
}