{
    "KS_statistic": 0.0429188854435155,
    "p_value": 0.4314746643277266
}