{
    "KS_statistic": 0.05988165680473373,
    "p_value": 0.45475912466498464
}