{
    "KS_statistic": 0.04307613746916687,
    "p_value": 0.4282279218929283
}