{
    "observed_skl": 0.22861299867304297,
    "p_value": 0.8051948051948052,
    "optimal_k": 9,
    "k_candidates": [
        8,
        9,
        10,
        11,
        12,
        13,
        14,
        15,
        16,
        17
    ],
    "#class1": 124,
    "#class2": 168
}