{
    "KS_statistic": 0.14341876730976857,
    "p_value": 0.0004544690725209679
}