{
    "KS_statistic": 0.06798475695203605,
    "p_value": 0.045554952936315236
}