{
    "KS_statistic": 0.21453261927945472,
    "p_value": 2.0502352160508393e-08
}