{
    "KS_statistic": 0.18743914313534565,
    "p_value": 1.6036633862128384e-06
}