{
    "KS_statistic": 0.23114514930373656,
    "p_value": 6.611537873399803e-19
}