{
    "KS_statistic": 0.04217628122087119,
    "p_value": 0.4615617237024179
}