{
    "observed_skl": 0.16425238564106526,
    "p_value": 0.7012987012987013,
    "optimal_k": 12,
    "k_candidates": [
        8,
        9,
        10,
        11,
        12,
        13,
        14,
        15,
        16,
        17
    ],
    "#class1": 124,
    "#class2": 168
}