{
    "KS_statistic": 0.038269112220921817,
    "p_value": 0.586183706738589
}