{
    "KS_statistic": 0.04066855130684918,
    "p_value": 0.8871562886120073
}