{
    "KS_statistic": 0.07100591715976332,
    "p_value": 0.25565607220403785
}