{
    "KS_statistic": 0.06696254389387436,
    "p_value": 0.7258945937857152
}