{
    "KS_statistic": 0.08266379011059861,
    "p_value": 0.13039385283595822
}