{
    "KS_statistic": 0.14043796648359386,
    "p_value": 0.0006415256297710608
}