{
    "KS_statistic": 0.23244888023369037,
    "p_value": 8.226607563352147e-10
}