{
    "KS_statistic": 0.2084038937147452,
    "p_value": 1.9808792429295376e-15
}