{
    "KS_statistic": 0.10850179052595971,
    "p_value": 0.0001333066207097117
}