{
    "observed_skl": 0.10144883951635382,
    "p_value": 0.3076923076923077,
    "optimal_k": 24,
    "k_candidates": [
        8,
        9,
        10,
        11,
        12,
        13,
        14,
        15,
        16,
        17,
        18,
        19,
        20,
        21,
        23,
        24
    ],
    "#class1": 254,
    "#class2": 326
}