{
    "KS_statistic": 0.05067303940694499,
    "p_value": 0.9432509200216191
}