{
    "observed_skl": 0.2111371750295557,
    "p_value": 0.060939060939060936,
    "optimal_k": 16,
    "k_candidates": [
        8,
        9,
        10,
        11,
        12,
        13,
        14,
        15,
        16
    ],
    "#class1": 126,
    "#class2": 159
}