{
    "KS_statistic": 0.06394230769230769,
    "p_value": 0.7850582475519061
}