{
    "KS_statistic": 0.045112585207572845,
    "p_value": 0.3699486011389604
}