{
    "KS_statistic": 0.2501460564751704,
    "p_value": 2.6481023488154084e-11
}