{
    "observed_skl": 0.2907315382784641,
    "p_value": 0.7302697302697303,
    "optimal_k": 8,
    "k_candidates": [
        8,
        9,
        10,
        11,
        12,
        13,
        14,
        15,
        16,
        17,
        18,
        19,
        20,
        21,
        23,
        24
    ],
    "#class1": 246,
    "#class2": 332
}