{
    "KS_statistic": 0.19445617988076797,
    "p_value": 4.0648151692362947e-07
}