{
    "KS_statistic": 0.03946436998584238,
    "p_value": 0.8977175530647176
}