{
    "KS_statistic": 0.06422655358825571,
    "p_value": 0.37811151536398585
}