{
    "KS_statistic": 0.17712294043092522,
    "p_value": 5.6116319506248975e-06
}