{
    "KS_statistic": 0.0882051282051282,
    "p_value": 0.08528566874694511
}