{
    "KS_statistic": 0.051063036782584066,
    "p_value": 0.2340453040740708
}