{
    "KS_statistic": 0.05367245415528677,
    "p_value": 0.9144034116526244
}