{
    "KS_statistic": 0.1361441285912585,
    "p_value": 5.38578816092381e-07
}