{
    "KS_statistic": 0.05911818677776125,
    "p_value": 0.4813060360029293
}