{
    "KS_statistic": 0.02650889089409249,
    "p_value": 0.9328604926294576
}