{
    "observed_skl": 0.2624628863316129,
    "p_value": 0.001998001998001998,
    "optimal_k": 18,
    "k_candidates": [
        8,
        9,
        10,
        11,
        12,
        13,
        14,
        15,
        16,
        17,
        18,
        19,
        20,
        21,
        23,
        24
    ],
    "#class1": 251,
    "#class2": 335
}