{
    "KS_statistic": 0.15361779561175332,
    "p_value": 8.643670226221363e-09
}