{
    "KS_statistic": 0.2245738965168553,
    "p_value": 7.296355483192605e-18
}