{
    "KS_statistic": 0.09107978930940304,
    "p_value": 0.34892360857634885
}