{
    "KS_statistic": 0.046873525247758376,
    "p_value": 0.7473583200173264
}