{
    "KS_statistic": 0.2184031158714703,
    "p_value": 1.0466994629859048e-08
}