{
    "KS_statistic": 0.07067307692307692,
    "p_value": 0.6751432817219996
}