{
    "KS_statistic": 0.12124463519313304,
    "p_value": 0.09435433127388537
}