{
    "KS_statistic": 0.07788461538461539,
    "p_value": 0.5549337475806759
}