{
    "KS_statistic": 0.08078911431915724,
    "p_value": 0.4965044594242897
}