{
    "KS_statistic": 0.05336538461538461,
    "p_value": 0.923766352861268
}