{
    "KS_statistic": 0.05303843152555599,
    "p_value": 0.9215201809952697
}