{
    "KS_statistic": 0.1288216356192187,
    "p_value": 2.6197281835307876e-06
}