{
    "KS_statistic": 0.04999657527107474,
    "p_value": 0.26082347434611003
}