{
    "KS_statistic": 0.14307843965638642,
    "p_value": 0.00047321080883467627
}