{
    "KS_statistic": 0.12876039613199733,
    "p_value": 2.6541994194581123e-06
}