{
    "KS_statistic": 0.14968549030652958,
    "p_value": 0.00021546922439794958
}