{
    "KS_statistic": 0.2761684518013632,
    "p_value": 1.0461882176348231e-13
}