{
    "observed_skl": 0.18438024319771215,
    "p_value": 0.05194805194805195,
    "optimal_k": 17,
    "k_candidates": [
        8,
        9,
        10,
        11,
        12,
        13,
        14,
        15,
        16,
        17,
        18,
        19,
        20,
        21,
        23,
        24
    ],
    "#class1": 254,
    "#class2": 326
}