{
    "observed_skl": 0.31862928708600136,
    "p_value": 0.5444555444555444,
    "optimal_k": 8,
    "k_candidates": [
        8,
        9,
        10,
        11,
        12,
        13,
        14,
        15,
        16,
        17,
        18,
        20,
        22,
        23,
        25,
        27,
        29,
        32,
        34
    ],
    "#class1": 512,
    "#class2": 674
}