{
    "KS_statistic": 0.09100663285212642,
    "p_value": 0.3498579604731835
}