{
    "KS_statistic": 0.23157254138266797,
    "p_value": 9.685034065168219e-10
}