{
    "observed_skl": 0.28159576435546885,
    "p_value": 0.07492507492507493,
    "optimal_k": 12,
    "k_candidates": [
        8,
        9,
        10,
        11,
        12,
        13,
        14,
        15,
        16
    ],
    "#class1": 126,
    "#class2": 159
}