{
    "KS_statistic": 0.06513363246195865,
    "p_value": 0.7555574922170373
}