{
    "KS_statistic": 0.14729783037475344,
    "p_value": 0.00032110585433822297
}