{
    "observed_skl": 0.36469943884998,
    "p_value": 0.13186813186813187,
    "optimal_k": 8,
    "k_candidates": [
        8,
        9,
        10,
        11,
        12,
        13,
        14,
        15,
        16,
        17,
        18,
        20,
        22,
        23,
        25,
        27,
        29,
        32,
        34
    ],
    "#class1": 511,
    "#class2": 665
}