{
    "KS_statistic": 0.04923568984463643,
    "p_value": 0.2770439668227134
}