{
    "KS_statistic": 0.20878156942532378,
    "p_value": 1.7454111727253834e-15
}