{
    "KS_statistic": 0.04848671651880772,
    "p_value": 0.29373235350228016
}