{
    "KS_statistic": 0.11569966671360842,
    "p_value": 0.008407628288281241
}