{
    "observed_skl": 0.23620952872755122,
    "p_value": 0.052947052947052944,
    "optimal_k": 16,
    "k_candidates": [
        8,
        9,
        10,
        11,
        12,
        13,
        14,
        15,
        16
    ],
    "#class1": 126,
    "#class2": 159
}