{
    "KS_statistic": 0.2675024342745862,
    "p_value": 7.03261752186842e-13
}