flow1,flow2,edge1,edge2
1.0,1.0,"17305,22373","17305,23938"
1.0,0.6388888888888888,"10221,17983","10221,24744"
-1.0,-0.4545454545454545,"14475,17978","17649,17978"
-1.0,-0.8529411764705882,"4097,8472","3784,4097"
1.0,0.5,"16152,17959","16152,33562"
1.0,1.0,"11257,22260","22260,30412"
-1.0,-1.0,"7135,11260","10032,11260"
-1.0,-1.0,"17991,35700","17991,18136"
-1.0,-1.0,"18012,18013","18011,18012"
1.0,-1.0,"18002,29786","20188,29786"
1.0,1.0,"11249,11250","6990,11250"
1.0,1.0,"8063,21087","21087,39398"
-1.0,-0.26,"18004,35710","9995,18004"
1.0,1.0,"18003,20033","18770,20033"
1.0,-0.4888888888888889,"18001,27881","10489,27881"
1.0,-0.2926829268292683,"17999,20832","8112,20832"
-1.0,-0.6153846153846154,"17997,35705","13649,17997"
-1.0,-0.5333333333333333,"4105,23409","4105,7186"
-1.0,-1.0,"17953,35656","17953,20969"
1.0,-1.0,"11286,12197","12197,16459"
-1.0,-0.22,"11278,28564","5768,11278"
1.0,1.0,"17923,20340","20340,23165"
1.0,1.0,"4130,22077","20952,22077"
1.0,0.6216216216216216,"10323,17921","10323,27734"
1.0,0.2238805970149253,"5703,11285","5703,31506"
1.0,1.0,"14743,17920","14654,14743"
1.0,1.0,"4137,4360","4360,4857"
1.0,1.0,"16675,17952","16675,19367"
1.0,-1.0,"11289,28573","21599,28573"
-1.0,-0.3181818181818182,"17934,33759","15038,17934"
1.0,1.0,"17575,17951","17575,35212"
-1.0,-0.4615384615384615,"17946,30979","15371,17946"
1.0,-1.0,"17942,32619","15284,32619"
1.0,0.303030303030303,"11265,11920","11920,16486"
1.0,-0.1564039408866995,"12660,17939","12660,15262"
1.0,-1.0,"17938,19357","19357,19780"
1.0,0.3111111111111111,"6370,11268","6370,26135"
1.0,0.1951219512195122,"4915,17936","4915,14858"
1.0,1.0,"16635,17911","12841,16635"
-1.0,-0.5116279069767442,"11222,17213","10460,11222"
1.0,-0.5483870967741935,"11227,23218","12856,23218"
1.0,1.0,"8078,10114","6522,10114"
-1.0,-1.0,"18078,35777","18078,19641"
-1.0,-0.4054054054054054,"11231,18174","11231,15058"
1.0,1.0,"18072,21127","21127,21128"
-1.0,-1.0,"18014,35722","16739,18014"
-1.0,-1.0,"18101,35803","18101,20907"
-1.0,-1.0,"18111,35813","18111,21973"
1.0,1.0,"12035,18099","12035,29271"
1.0,1.0,"18071,21123","19485,21123"
-1.0,-0.5526315789473685,"18065,35765","11026,18065"
-1.0,-0.3333333333333333,"18040,35740","18029,18040"
1.0,0.5217391304347826,"18034,18037","18037,35738"
-1.0,-1.0,"18030,35735","13738,18030"
1.0,1.0,"8028,18063","8028,25838"
1.0,0.4074074074074074,"13513,18026","13513,37069"
1.0,-1.0,"18024,29641","12406,29641"
1.0,-1.0,"18020,18780","18780,19007"
1.0,1.0,"14525,18015","14525,14526"
1.0,-1.0,"18041,28036","10663,28036"
-1.0,-0.3703703703703703,"18046,35745","12828,18046"
1.0,1.0,"18059,21109","21109,39415"
-1.0,-0.5652173913043478,"18056,30311","16684,18056"
-1.0,-0.2741935483870967,"18051,35751","10877,18051"
-1.0,-1.0,"11240,28535","11240,11241"
-1.0,-0.3928571428571428,"18050,20586","13069,18050"
1.0,1.0,"13612,17910","13612,19312"
1.0,1.0,"10932,17782","10932,28278"
1.0,1.0,"7876,17788","7876,25726"
1.0,0.4461538461538462,"7948,11338","7948,14899"
1.0,-0.5217391304347826,"17786,35459","18018,35459"
1.0,1.0,"14360,17784","14360,31660"
1.0,1.0,"17759,17783","17759,35431"
1.0,1.0,"16521,17790","16521,17791"
-1.0,-0.4615384615384615,"17780,19762","7652,17780"
1.0,-0.0,"17352,17778","10176,17352"
1.0,-1.0,"336,17777","336,486"
1.0,1.0,"17776,22232","17550,22232"
1.0,-0.4285714285714285,"17775,35451","13548,35451"
1.0,1.0,"17812,20823","20823,39083"
1.0,-1.0,"17806,29669","21219,29669"
1.0,0.1351351351351351,"2899,17799","2899,31986"
-1.0,-1.0,"17792,35464","14382,17792"
1.0,0.3846153846153846,"15411,17798","9588,15411"
1.0,1.0,"13539,17797","13539,19187"
-1.0,-1.0,"15409,17796","17795,17796"
-1.0,-1.0,"17793,19185","16522,17793"
1.0,-0.52,"17774,34920","17329,34920"
1.0,0.4081632653061224,"7943,11370","7943,28875"
-1.0,-1.0,"17751,35424","13755,17751"
-1.0,-0.4615384615384615,"17750,35422","12307,17750"
1.0,0.4583333333333333,"11366,17603","1815,17603"
-1.0,-0.1447368421052631,"17746,35419","6292,17746"
1.0,1.0,"11372,13852","13852,19702"
1.0,0.1929824561403508,"12038,17772","12038,37098"
1.0,-1.0,"17744,29982","12722,29982"
-1.0,-0.6527777777777778,"17740,35411","4741,17740"
-1.0,-0.1555555555555555,"11363,28639","6417,11363"
1.0,1.0,"17756,19811","8074,19811"
1.0,-1.0,"17771,35448","19058,35448"
-1.0,-1.0,"17770,35446","7709,17770"
-1.0,-1.0,"11357,28629","11357,15807"
1.0,1.0,"10524,17764","10524,27904"
-1.0,-1.0,"17763,35436","17763,22132"
-1.0,-1.0,"17757,35429","17757,18618"
-1.0,-1.0,"11299,11868","7805,11299"
1.0,1.0,"12979,17882","12979,23040"
1.0,-0.3478260869565217,"17875,31270","11794,31270"
-1.0,-1.0,"17883,35566","13511,17883"
1.0,0.5,"17869,21418","21418,39824"
1.0,1.0,"17866,19650","19650,33235"
1.0,0.0895522388059701,"13727,17864","1464,13727"
1.0,-0.0924369747899159,"11312,28595","4502,28595"
-1.0,-0.696969696969697,"7019,11301","10315,11301"
1.0,0.5,"11302,12553","12553,18754"
-1.0,-1.0,"3393,4155","4155,4524"
1.0,1.0,"16743,17885","16743,34280"
-1.0,-0.3571428571428571,"17893,35570","9412,17893"
1.0,0.6410256410256411,"9543,17892","9543,18990"
-1.0,-0.6153846153846154,"13503,17890","13599,17890"
1.0,1.0,"12635,17889","12635,29885"
1.0,-0.3571428571428571,"4186,23361","3995,23361"
1.0,0.3548387096774194,"17835,19463","19463,37482"
1.0,0.2564102564102564,"12323,17832","12323,39892"
1.0,1.0,"8024,13157","13157,30420"
1.0,-1.0,"17860,32561","15220,32561"
-1.0,-0.3658536585365853,"17818,29787","14687,17818"
-1.0,-0.7272727272727273,"17816,35495","4568,17816"
-1.0,-0.1929824561403508,"17814,35494","4361,17814"
1.0,1.0,"12823,17842","12823,14625"
-1.0,-0.5227272727272727,"11318,28598","10326,11318"
1.0,1.0,"14553,17851","14553,31883"
-1.0,-0.2280701754385964,"4194,23447","4194,5114"
-1.0,-1.0,"11322,19127","11322,22332"
-1.0,-1.0,"17848,35525","12799,17848"
1.0,1.0,"17844,19636","14386,19636"
-1.0,-0.358974358974359,"18399,36170","5347,18399"
1.0,-0.1889763779527559,"11095,27396","6824,27396"
1.0,1.0,"17458,18400","9814,17458"
-1.0,-0.1612903225806451,"18392,36160","6818,18392"
-1.0,-1.0,"11093,28423","11093,15623"
-1.0,-0.5652173913043478,"11092,23315","11092,16818"
1.0,1.0,"18426,19117","19117,37039"
-1.0,-1.0,"11085,28413","11085,18317"
-1.0,-0.2777777777777778,"3787,15066","3787,16112"
-1.0,-0.7073170731707317,"18423,36200","7919,18423"
1.0,1.0,"11086,12431","12431,29666"
-1.0,-0.5925925925925926,"18422,19895","14243,18422"
1.0,0.4545454545454545,"18418,18775","18775,40615"
1.0,1.0,"18410,19531","19531,37546"
-1.0,-1.0,"11088,28416","11088,19881"
1.0,1.0,"17584,18415","17584,35225"
1.0,-1.0,"18413,30934","13858,30934"
1.0,1.0,"3796,21091","13147,21091"
-1.0,-1.0,"18390,21530","18389,18390"
-1.0,-1.0,"17058,18388","18387,18388"
1.0,-1.0,"14233,18363","13842,14233"
-1.0,-1.0,"18361,19816","17022,18361"
-1.0,-0.2666666666666666,"8153,19100","8153,17841"
1.0,1.0,"11708,18359","9747,11708"
-1.0,-1.0,"18358,36123","17105,18358"
1.0,0.3333333333333333,"18356,19524","19524,27271"
1.0,1.0,"10378,18348","10378,27780"
-1.0,-0.3225806451612903,"18345,36109","18345,20593"
1.0,1.0,"17057,18385","17057,34626"
-1.0,-1.0,"18383,18384","18382,18383"
1.0,1.0,"18378,19837","15874,19837"
-1.0,-0.74,"18375,23431","6098,18375"
1.0,0.1004464285714286,"5265,18374","4230,5265"
1.0,1.0,"7668,18373","7668,25543"
1.0,1.0,"3783,8834","8834,12796"
1.0,-1.0,"18343,32752","15404,32752"
1.0,0.3285714285714285,"10140,11054","10140,27561"
1.0,1.0,"8450,11055","8450,26152"
1.0,0.56,"15669,18496","15669,33023"
-1.0,-0.4193548387096774,"18487,36282","12246,18487"
-1.0,-1.0,"3704,3859","3571,3704"
-1.0,-1.0,"18534,36323","18534,18744"
-1.0,-0.5348837209302325,"9560,18531","10273,18531"
1.0,1.0,"18530,19247","19247,37219"
-1.0,-0.1604938271604938,"18528,36317","6461,18528"
-1.0,-0.3055555555555556,"18524,36314","14982,18524"
1.0,0.575,"11046,11599","10103,11599"
-1.0,-0.4505494505494505,"18514,36309","5448,18514"
1.0,-0.4166666666666666,"16135,18512","16135,21740"
1.0,-1.0,"18473,34585","17016,34585"
-1.0,-0.375,"8174,25949","8174,11454"
-1.0,-0.5238095238095238,"18446,36236","18446,19382"
-1.0,-0.1447368421052631,"8172,10204","4744,8172"
-1.0,-0.4583333333333333,"11064,28397","9045,11064"
1.0,1.0,"18440,19668","8875,19668"
1.0,1.0,"7671,18437","7671,25546"
1.0,1.0,"14363,18432","14363,31663"
1.0,0.1411764705882353,"6314,18431","6314,36210"
-1.0,-1.0,"18454,36242","15870,18454"
-1.0,-0.3968253968253968,"12391,18455","9073,18455"
1.0,-1.0,"8176,25951","9981,25951"
1.0,-0.5,"18470,30846","13598,30846"
1.0,1.0,"18461,20773","20773,39022"
-1.0,-0.5333333333333333,"18460,36251","13791,18460"
1.0,0.3333333333333333,"11918,18199","11918,40756"
-1.0,-0.1529411764705882,"18195,35915","2897,18195"
1.0,1.0,"18193,19627","19627,37668"
1.0,0.0,"16083,18180","15913,16083"
1.0,0.4583333333333333,"17254,18207","17254,38233"
1.0,-0.3333333333333333,"18236,35957","10550,35957"
1.0,0.5862068965517241,"13246,18235","13246,30501"
1.0,-0.0,"18228,18503","18503,21670"
-1.0,-1.0,"18177,35895","13238,18177"
-1.0,-0.3777777777777777,"11468,18175","12998,18175"
-1.0,-0.4551282051282051,"11206,28510","2371,11206"
1.0,0.3076923076923077,"7147,18134","7147,28868"
1.0,0.5641025641025641,"8782,18129","8782,13111"
-1.0,-1.0,"4007,23364","4007,19658"
-1.0,-0.3421052631578947,"4009,6779","4009,16066"
-1.0,-1.0,"18119,19551","18119,21190"
1.0,0.7222222222222222,"18118,19498","9056,19498"
1.0,0.34375,"11324,18140","11324,38541"
-1.0,-1.0,"18169,29806","14378,18169"
1.0,-1.0,"3962,23350","8389,23350"
1.0,1.0,"15714,18167","15714,16865"
-1.0,-0.5555555555555556,"8097,25883","8097,15164"
-1.0,-0.3947368421052631,"18163,35879","14769,18163"
-1.0,-0.4,"18158,35868","14293,18158"
1.0,-0.5833333333333334,"18085,18154","16351,18085"
-1.0,-1.0,"18152,20575","18152,21371"
1.0,1.0,"18151,20570","20570,21364"
1.0,-0.5454545454545454,"12140,18148","12140,14955"
-1.0,-0.2307692307692307,"18146,35853","10113,18146"
-1.0,-1.0,"12205,18341","8924,18341"
1.0,-1.0,"18318,36075","21780,36075"
1.0,-0.5238095238095238,"10788,18315","10788,19363"
1.0,1.0,"18313,21874","21874,40414"
1.0,0.5454545454545454,"9964,18306","9964,27392"
1.0,-1.0,"18305,23651","4580,23651"
1.0,0.5,"15250,18304","15250,29913"
-1.0,-1.0,"7043,8110","7251,8110"
1.0,-0.7307692307692307,"8145,11414","5873,11414"
-1.0,-0.6944444444444444,"18339,36097","9550,18339"
-1.0,-0.1179775280898876,"18335,36093","2427,18335"
-1.0,-1.0,"18331,36089","18331,19876"
1.0,1.0,"15975,18327","5455,15975"
1.0,1.0,"17452,18324","15873,17452"
1.0,0.25,"16980,18299","16980,37825"
1.0,1.0,"11146,11713","11147,11713"
1.0,0.35,"14138,18265","14138,33661"
1.0,0.4761904761904761,"18261,19546","19546,23491"
1.0,1.0,"11134,11137","11137,12358"
-1.0,-0.4285714285714285,"3908,23323","3908,5590"
-1.0,-1.0,"18255,19710","18255,21231"
-1.0,-1.0,"18254,35975","10950,18254"
-1.0,-1.0,"18271,36000","18271,19542"
-1.0,-1.0,"18275,36006","18275,20604"
-1.0,-0.5272727272727272,"8131,25909","8019,8131"
1.0,-1.0,"8130,12052","12052,21573"
1.0,-1.0,"18284,31943","14614,31943"
1.0,-1.0,"8125,25905","13409,25905"
1.0,1.0,"17731,21550","21550,40031"
-1.0,-1.0,"18543,33593","17234,18543"
-1.0,-1.0,"17173,34740","14901,17173"
1.0,-0.3142857142857143,"17179,34749","9760,34749"
1.0,-1.0,"17177,24685","17625,24685"
1.0,-1.0,"2230,4652","2230,6673"
1.0,-0.2653061224489796,"17165,34445","10567,34445"
1.0,-0.5405405405405406,"17158,28741","11458,28741"
-1.0,-0.6428571428571429,"11631,28896","11631,12138"
-1.0,-0.2711864406779661,"17154,34722","8553,17154"
1.0,-0.2745098039215686,"17153,31404","9437,31404"
-1.0,-0.1944444444444444,"11594,23863","11489,11594"
1.0,0.5862068965517241,"13170,17207","13170,30428"
1.0,-0.3170731707317073,"11598,28878","8211,28878"
1.0,0.4516129032258065,"10670,11605","10670,13154"
-1.0,-0.3571428571428571,"11607,20160","11607,12097"
-1.0,-0.5142857142857142,"17196,34766","12637,17196"
1.0,1.0,"17147,18889","18889,36755"
1.0,1.0,"16571,17118","16571,23404"
1.0,-1.0,"4691,23696","17652,23696"
1.0,-0.5,"17103,34682","18429,34682"
-1.0,-0.2580645161290322,"16933,17098","6234,17098"
1.0,1.0,"2900,11647","2900,7205"
1.0,0.3076923076923077,"4684,15399","15399,32080"
-1.0,-1.0,"4670,5443","4670,16896"
1.0,1.0,"11639,21297","21297,39653"
1.0,0.5925925925925926,"11643,13788","13788,14659"
1.0,-0.0228571428571428,"11645,11998","11998,16433"
1.0,1.0,"16343,17134","16343,33796"
1.0,-1.0,"17126,20797","20797,21736"
-1.0,-1.0,"17270,34851","17270,22046"
1.0,0.3703703703703703,"13572,17276","13149,13572"
-1.0,-0.2,"11555,28839","5596,11555"
1.0,1.0,"11556,18789","18789,33619"
-1.0,-1.0,"11558,28841","11558,22240"
1.0,0.3809523809523809,"8838,17300","8838,30774"
1.0,-1.0,"14234,17307","13693,14234"
1.0,1.0,"8258,17306","8258,26015"
-1.0,-1.0,"17301,30718","17301,20025"
-1.0,-1.0,"17297,34889","11978,17297"
-1.0,-0.4761904761904761,"17292,34880","17292,19934"
1.0,-0.0,"7918,19129","19129,20573"
-1.0,-1.0,"17257,33512","14343,17257"
-1.0,-0.4583333333333333,"17256,23795","16890,17256"
-1.0,-1.0,"11560,28847","11560,20124"
-1.0,-0.0604395604395604,"17228,34801","1028,17228"
1.0,-1.0,"17226,21383","19307,21383"
-1.0,-1.0,"17224,34799","17040,17224"
-1.0,-1.0,"7904,13903","7904,12550"
1.0,0.75,"6894,11561","6894,25018"
-1.0,-1.0,"7903,25749","7903,16979"
-1.0,-0.2745098039215686,"11593,16040","11593,15627"
1.0,1.0,"17214,20367","20367,38552"
1.0,1.0,"11582,15240","15240,32572"
-1.0,-0.1733333333333333,"11577,28857","7581,11577"
-1.0,-0.3170731707317073,"4581,8420","4581,8214"
-1.0,-0.4705882352941176,"17247,34828","8710,17247"
1.0,1.0,"4588,5815","5266,5815"
-1.0,-1.0,"17237,34816","12365,17237"
-1.0,-1.0,"11576,13711","11030,11576"
-1.0,-0.4019607843137255,"17097,34669","3562,17097"
1.0,-0.48,"17094,34666","16707,34666"
-1.0,-1.0,"17311,17312","17311,17313"
-1.0,-1.0,"16945,34479","12489,16945"
-1.0,-0.3111111111111111,"11723,15930","11478,11723"
1.0,1.0,"12080,16947","12080,19579"
1.0,0.0,"5143,16940","3907,5143"
-1.0,-0.0787401574803149,"16928,34455","3663,16928"
-1.0,-1.0,"10611,11707","9350,11707"
1.0,1.0,"11710,12661","11706,12661"
1.0,-0.3793103448275862,"14964,16964","12093,14964"
-1.0,-1.0,"11714,24069","10627,11714"
1.0,0.4545454545454545,"16969,18138","18138,31181"
1.0,-1.0,"11718,27797","21854,27797"
1.0,-0.303030303030303,"16967,34509","18643,34509"
-1.0,-1.0,"16965,34506","12304,16965"
1.0,1.0,"12989,16893","12989,30250"
1.0,0.2523364485981308,"7774,11750","7774,26362"
-1.0,-0.5833333333333334,"16894,34417","15637,16894"
-1.0,-0.5925925925925926,"16891,34414","13783,16891"
1.0,-0.7297297297297297,"4475,11760","4475,8659"
1.0,1.0,"5783,16881","5783,24330"
-1.0,-1.0,"16904,34427","16904,19655"
1.0,0.3863636363636363,"8685,16922","8685,30422"
1.0,1.0,"14894,16919","14894,32242"
1.0,-0.2894736842105263,"16918,34449","15986,34449"
1.0,-0.3,"16915,19520","7971,19520"
-1.0,-1.0,"11738,28991","11738,14711"
-1.0,-0.5,"17053,28973","17053,19840"
-1.0,-1.0,"13091,17051","17050,17051"
-1.0,-1.0,"17048,34623","17048,20043"
1.0,0.6909090909090909,"5947,17046","5947,24423"
1.0,-0.1309523809523809,"16986,34564","7360,34564"
1.0,-0.0520833333333333,"17088,34653","1871,34653"
1.0,1.0,"11658,16395","16395,16665"
1.0,-0.5238095238095238,"11661,11690","11690,20024"
1.0,-0.3333333333333333,"17075,29190","11961,29190"
1.0,1.0,"4730,5605","5605,13872"
-1.0,-1.0,"17070,34635","17070,22243"
1.0,1.0,"17004,20457","18495,20457"
-1.0,-1.0,"17012,34584","17012,20902"
1.0,1.0,"2687,7856","2687,22864"
1.0,0.5483870967741935,"13034,16996","13034,15662"
1.0,0.3142857142857143,"16325,17019","16325,38696"
1.0,0.6071428571428571,"13284,17034","13284,25377"
-1.0,-1.0,"13875,17033","15857,17033"
-1.0,-1.0,"17032,34603","14784,17032"
1.0,1.0,"17027,17031","17025,17027"
1.0,0.35,"15778,17030","15778,33144"
-1.0,-1.0,"17026,17029","17029,19817"
-1.0,-1.0,"15862,17028","14786,17028"
-1.0,-1.0,"11415,16332","11415,21613"
-1.0,-1.0,"11408,28678","11408,19041"
1.0,1.0,"17598,22076","16231,22076"
-1.0,-0.375,"14411,17594","11923,17594"
-1.0,-1.0,"4362,5027","4336,4362"
-1.0,-0.3278688524590163,"17590,35232","11623,17590"
-1.0,-1.0,"17631,20630","11982,17631"
-1.0,-1.0,"15285,17629","16406,17629"
1.0,1.0,"15259,17619","15259,15275"
-1.0,-1.0,"17618,19719","17618,22360"
1.0,0.375,"11883,17616","11883,22788"
-1.0,-0.2083333333333333,"10977,11406","5987,11406"
-1.0,-1.0,"7988,8456","7988,8986"
1.0,1.0,"4396,14613","14613,31942"
-1.0,-0.5818181818181818,"8294,17561","7279,17561"
-1.0,-0.3238095238095238,"10419,11437","6642,11437"
-1.0,-0.2037037037037037,"11439,28716","5161,11439"
-1.0,-1.0,"12387,17554","13264,17554"
-1.0,-1.0,"17551,28307","17551,20516"
1.0,0.5,"11440,17714","17714,35388"
1.0,1.0,"10220,11442","10220,11155"
1.0,1.0,"17542,18883","17824,18883"
-1.0,-0.4827586206896552,"17564,22710","14973,17564"
1.0,1.0,"14546,17576","14546,21896"
1.0,-0.2777777777777778,"11428,28702","9064,28702"
-1.0,-0.2058823529411764,"4382,4532","4382,8208"
-1.0,-1.0,"17571,35207","17571,19626"
1.0,-1.0,"17569,35206","18991,35206"
1.0,-0.4375,"11435,25930","8154,25930"
1.0,-0.2682926829268293,"17633,19036","19035,19036"
1.0,1.0,"17636,20639","17635,20639"
-1.0,-0.4545454545454545,"4307,18998","4307,18350"
1.0,-1.0,"17697,35366","17698,35366"
-1.0,-1.0,"17695,35360","16424,17695"
1.0,0.6388888888888888,"9976,17693","9976,24977"
1.0,1.0,"17691,19092","19092,36998"
1.0,0.0,"8811,17689","8811,17658"
1.0,1.0,"17683,19073","19073,36975"
-1.0,-0.1777777777777777,"17682,35342","3688,17682"
1.0,0.5714285714285714,"13460,17638","13460,20640"
1.0,-0.2608695652173913,"17721,25550","6693,25550"
-1.0,-0.2619047619047619,"17719,25308","7347,17719"
-1.0,-1.0,"11381,28653","9139,11381"
-1.0,-0.1929824561403508,"17710,35385","16451,17710"
-1.0,-1.0,"11386,12751","11386,11878"
1.0,0.7307692307692307,"5886,11387","5886,24386"
-1.0,-0.4166666666666667,"7994,12204","7994,15822"
1.0,-0.3243243243243243,"11400,25696","9549,25696"
1.0,1.0,"7992,8651","6941,8651"
-1.0,-1.0,"17648,35306","17648,20658"
1.0,-0.5,"9969,17647","9969,20649"
-1.0,-0.5,"15290,17646","16404,17646"
1.0,-1.0,"16402,17642","16402,20646"
1.0,-0.5,"17639,35289","20641,35289"
-1.0,-1.0,"17657,35326","15300,17657"
1.0,1.0,"17675,19059","10894,19059"
-1.0,-1.0,"11396,28665","11396,15200"
-1.0,-0.2826086956521739,"17541,35169","13307,17541"
1.0,0.3023255813953488,"12732,17539","9230,12732"
-1.0,-0.696969696969697,"10972,11515","10052,11515"
-1.0,-0.5454545454545454,"17388,35006","17388,18758"
-1.0,-1.0,"17387,35005","17387,18752"
-1.0,-1.0,"17386,30552","16178,17386"
-1.0,-1.0,"17384,20276","14108,17384"
1.0,1.0,"17380,18740","14098,18740"
-1.0,-1.0,"11514,16637","11514,12843"
-1.0,-1.0,"11513,28799","11513,19378"
1.0,0.3333333333333333,"10756,17375","10756,38427"
-1.0,-1.0,"15064,17371","14090,17371"
-1.0,-0.3125,"12653,17389","17389,18116"
1.0,-1.0,"17410,24350","19747,24350"
1.0,0.0,"17413,20480","4190,20480"
1.0,1.0,"11499,20300","20300,28027"
-1.0,-1.0,"17395,28317","17395,21632"
1.0,1.0,"11502,13925","13925,31209"
-1.0,-0.4651162790697674,"11505,28792","11504,11505"
1.0,1.0,"10022,11507","10022,27457"
1.0,0.6585365853658536,"16570,17362","15453,16570"
-1.0,-1.0,"13255,17324","17323,17324"
1.0,0.4545454545454545,"11538,17937","17937,39221"
1.0,1.0,"16109,17325","16109,16110"
1.0,0.293103448275862,"5529,17321","5529,30530"
-1.0,-0.4285714285714285,"17316,34910","8213,17316"
-1.0,-1.0,"17314,34907","17314,19708"
-1.0,-0.2604166666666667,"4529,23622","3898,4529"
1.0,1.0,"17334,19150","19150,37090"
1.0,0.4516129032258064,"11532,13146","13146,33340"
-1.0,-0.2083333333333333,"17360,34973","11203,17360"
1.0,0.5,"17358,21304","21304,28047"
-1.0,-1.0,"6662,17356","17356,18811"
1.0,1.0,"14544,17354","14544,31872"
1.0,-1.0,"17420,21862","9042,21862"
-1.0,-0.3298429319371728,"17497,35117","1762,17497"
-1.0,-1.0,"17511,35132","16204,17511"
1.0,0.2777777777777778,"14178,17489","14178,29897"
-1.0,-0.1196581196581196,"17507,35126","1830,17507"
1.0,-1.0,"11451,26484","8842,26484"
1.0,-0.4761904761904761,"17532,28041","19115,28041"
1.0,0.5384615384615384,"4406,5309","5309,24039"
1.0,1.0,"11448,19124","19124,37051"
1.0,1.0,"10227,17523","10227,27645"
1.0,1.0,"7960,15207","15207,32551"
1.0,-0.5555555555555556,"4625,17444","4625,11519"
1.0,1.0,"17436,19438","19438,37457"
1.0,-1.0,"17430,18864","14236,18864"
-1.0,-0.6,"17456,35082","12319,17456"
-1.0,-0.4545454545454545,"17476,35102","17476,18632"
1.0,-1.0,"17473,35099","21138,35099"
1.0,1.0,"17462,21196","21196,39542"
-1.0,-0.2916666666666667,"17460,35086","16272,17460"
-1.0,-0.2037037037037037,"9035,20081","5229,20081"
1.0,-1.0,"19569,33353","15967,33353"
1.0,1.0,"13235,19573","13235,30492"
1.0,0.3673469387755102,"7466,19570","7466,29615"
-1.0,-0.1617647058823529,"19565,37600","18708,19565"
1.0,1.0,"14895,19562","14895,32243"
1.0,0.325,"10571,12826","12826,34130"
1.0,1.0,"19290,19594","19290,37274"
1.0,1.0,"12190,19591","12190,29409"
-1.0,-0.48,"10580,27953","10580,16975"
1.0,-0.134453781512605,"19590,31347","5407,31347"
1.0,1.0,"19588,19589","19588,32833"
-1.0,-1.0,"16173,19583","13285,19583"
1.0,0.5,"19532,20932","13508,20932"
-1.0,-1.0,"16821,19538","19504,19538"
1.0,-0.4175824175824176,"8392,14702","6019,14702"
1.0,1.0,"10607,18711","18711,36561"
1.0,-1.0,"13537,19533","13537,21085"
-1.0,-0.75,"19557,37590","7786,19557"
-1.0,-0.2650602409638554,"10609,27981","10609,10673"
-1.0,-0.48,"19530,24272","17335,19530"
-1.0,-1.0,"10180,10610","9353,10610"
1.0,-0.3023255813953488,"6511,10612","6511,11600"
1.0,1.0,"9352,10613","8652,9352"
1.0,-0.84375,"19541,23381","4052,23381"
1.0,-1.0,"19555,30841","13747,30841"
1.0,0.3777777777777777,"10598,12755","12755,21031"
1.0,-1.0,"10599,27273","9800,27273"
-1.0,-0.282051282051282,"2908,21564","2908,14988"
-1.0,-1.0,"10615,10617","9744,10615"
1.0,0.2727272727272727,"13295,19666","13295,36600"
1.0,0.5833333333333334,"16200,19675","16200,33621"
1.0,0.3793103448275862,"12430,19671","12430,38113"
-1.0,-0.6956521739130435,"14863,19662","4608,19662"
1.0,0.56,"15621,19694","15621,32993"
-1.0,-1.0,"2794,2989","2794,2976"
1.0,1.0,"19699,19976","19976,33226"
1.0,-0.5652173913043478,"19695,34210","16682,34210"
1.0,0.2682926829268293,"7699,19691","7699,37731"
-1.0,-0.0909090909090909,"9797,19687","5906,19687"
1.0,0.3333333333333333,"18803,19685","18803,36661"
1.0,0.5,"18212,19653","16901,18212"
1.0,-0.3142857142857143,"19647,37142","9589,37142"
-1.0,-1.0,"19616,37657","19616,21284"
-1.0,-0.6666666666666666,"19622,37665","10502,19622"
1.0,-0.4761904761904761,"19621,37662","19208,37662"
1.0,-0.4772727272727273,"10558,13195","10003,13195"
1.0,-1.0,"19610,37648","20766,37648"
-1.0,-0.5,"10565,27938","10565,20130"
1.0,1.0,"19606,21624","21624,29431"
1.0,0.3461538461538461,"2831,12072","12072,29310"
1.0,1.0,"10649,19633","10649,28013"
-1.0,-1.0,"19632,28600","19632,21976"
-1.0,-1.0,"19630,37670","4906,19630"
-1.0,-1.0,"10616,13084","10616,12356"
1.0,0.5714285714285714,"11837,19390","11837,19886"
-1.0,-1.0,"19393,21039","12966,19393"
1.0,-0.3928571428571428,"19388,37387","12881,37387"
1.0,-0.4761904761904761,"13954,19387","13954,19529"
1.0,0.5,"18171,19381","18171,35885"
1.0,-0.2142857142857142,"19424,35899","12251,35899"
1.0,0.35,"10653,13922","13922,33301"
1.0,0.3611111111111111,"10109,19416","10109,34366"
-1.0,-1.0,"19415,37432","18877,19415"
1.0,-0.5217391304347826,"10657,28028","18319,28028"
1.0,-1.0,"19412,30382","13125,30382"
1.0,0.3513513513513513,"16526,19409","16526,34049"
-1.0,-1.0,"10706,28077","10706,16724"
1.0,1.0,"13071,19345","13071,27930"
1.0,-0.575,"19339,27709","10286,27709"
-1.0,-0.4583333333333333,"19330,29371","17478,19330"
1.0,-1.0,"8349,22145","21724,22145"
-1.0,-0.6829268292682927,"10696,28067","8202,10696"
1.0,1.0,"19346,19706","19706,37754"
1.0,0.3,"8356,12865","12865,35629"
1.0,1.0,"19369,20970","20970,39248"
1.0,1.0,"14491,19368","14491,31805"
1.0,1.0,"19364,21595","20772,21595"
1.0,-1.0,"15598,19360","15598,20904"
-1.0,-0.45,"19355,37334","7059,19355"
1.0,1.0,"9755,10628","9755,10192"
1.0,-0.2352941176470588,"19491,28708","6835,28708"
1.0,1.0,"15633,19489","15633,21126"
1.0,-0.4782608695652174,"16786,19488","16786,18352"
1.0,1.0,"16783,19487","16783,16784"
-1.0,-0.3066666666666666,"2952,22949","2952,7123"
1.0,1.0,"10621,12349","10622,12349"
1.0,1.0,"9355,10618","6306,9355"
-1.0,-1.0,"10619,27985","10182,10619"
-1.0,-1.0,"10183,10620","9743,10620"
-1.0,-1.0,"19518,37524","16646,19518"
-1.0,-0.3928571428571428,"19515,19516","12944,19516"
1.0,1.0,"10190,10626","10190,13092"
1.0,-0.4583333333333333,"19440,19743","17431,19743"
-1.0,-0.25,"3003,22971","3003,6395"
1.0,0.8765432098765432,"2962,19433","2962,13682"
-1.0,-0.2894736842105263,"19458,37473","8602,19458"
1.0,0.2626262626262626,"7813,10639","7813,26689"
1.0,-0.3928571428571428,"19474,21855","13225,21855"
1.0,0.0,"18214,19472","18214,19534"
1.0,-0.275,"19465,34053","12108,34053"
1.0,0.3692307692307692,"9866,19464","9866,27318"
1.0,0.375,"17826,19461","17826,21113"
1.0,0.15625,"5918,19460","5918,39399"
-1.0,-1.0,"19960,38089","19960,20034"
-1.0,-0.5714285714285714,"13162,19983","11655,19983"
1.0,0.2448979591836734,"6195,10412","6195,36791"
1.0,-1.0,"18500,19980","18500,21328"
-1.0,-0.449438202247191,"9333,19978","5640,19978"
1.0,-0.4545454545454545,"19977,31357","18492,31357"
-1.0,-0.2745098039215686,"19975,38110","2815,19975"
1.0,-0.3529411764705882,"10414,27228","8629,27228"
1.0,0.5106382978723405,"2253,10415","2253,9664"
1.0,0.0183333333333334,"10417,15589","15589,17115"
1.0,-0.5172413793103449,"14723,19968","14723,14724"
-1.0,-1.0,"19910,27880","14448,19910"
1.0,-0.5098039215686274,"6390,19917","6390,8942"
-1.0,-0.5833333333333334,"9614,19915","16008,19915"
-1.0,-0.5769230769230769,"19913,21038","15022,19913"
1.0,-1.0,"19909,37083","19147,37083"
1.0,0.2037037037037037,"8094,10432","8094,21213"
1.0,0.5,"2603,10976","10976,28313"
1.0,0.4545454545454545,"17993,19919","17993,39325"
1.0,-0.0,"19940,20478","9905,20478"
1.0,-1.0,"19939,38065","21036,38065"
-1.0,-0.4814814814814814,"10429,27826","10429,15979"
1.0,0.6,"11091,19929","11091,28418"
-1.0,-1.0,"19921,38048","14573,19921"
1.0,-1.0,"7124,20041","7124,16681"
-1.0,-1.0,"10365,27771","1170,10365"
1.0,-0.4074074074074074,"14189,20071","14189,15799"
1.0,0.1506849315068493,"3458,10367","3458,37073"
1.0,-0.4347826086956521,"16127,20054","16127,17383"
1.0,1.0,"18578,20063","18578,36374"
1.0,-1.0,"20057,32772","15421,32772"
-1.0,-0.4230769230769231,"20030,38153","15111,20030"
-1.0,-0.1282051282051282,"19997,38127","6313,19997"
1.0,-0.4848484848484848,"10396,12793","11675,12793"
1.0,1.0,"15982,19996","15982,33368"
-1.0,-0.2962962962962963,"19986,38121","4515,19986"
1.0,1.0,"7614,10386","7614,25508"
-1.0,-1.0,"20027,35614","16492,20027"
1.0,-0.1923076923076923,"20023,38144","12808,38144"
-1.0,-1.0,"20020,38143","20020,21647"
1.0,0.5238095238095238,"20015,20277","20277,38454"
1.0,-0.4782608695652174,"19230,20012","18105,19230"
1.0,1.0,"10382,21181","21181,39517"
1.0,0.2272727272727272,"18314,19764","18314,39884"
1.0,-1.0,"19771,37872","20847,37872"
1.0,0.3170731707317073,"8466,19769","8466,35244"
1.0,1.0,"19768,21226","21226,29580"
-1.0,-0.375,"19765,37865","18198,19765"
1.0,-1.0,"19782,33809","16354,33809"
-1.0,-0.3529411764705882,"19778,37885","10603,19778"
1.0,-0.0,"14575,19777","12425,14575"
1.0,-0.3193277310924369,"2522,19776","2522,6177"
1.0,1.0,"19750,21425","21425,39839"
-1.0,-0.4307692307692308,"8444,26149","8151,8444"
1.0,-1.0,"19722,24546","14348,24546"
1.0,1.0,"19720,22304","21871,22304"
-1.0,-1.0,"19718,37771","19718,19740"
1.0,1.0,"14882,19717","7768,14882"
-1.0,-1.0,"19714,37765","16628,19714"
1.0,1.0,"9657,19745","9657,27162"
1.0,-0.4142857142857143,"19737,25862","8055,25862"
-1.0,-0.3962264150943396,"19734,37793","11013,19734"
-1.0,-0.4444444444444444,"19731,37786","14602,19731"
1.0,1.0,"19798,21480","21480,39942"
1.0,0.5409836065573771,"6880,19868","6880,25000"
1.0,1.0,"16370,19867","16370,33830"
1.0,-1.0,"19866,37996","21974,37996"
-1.0,-0.4827586206896552,"19596,19861","14966,19861"
1.0,1.0,"19857,20239","20239,21214"
1.0,-1.0,"10453,27860","14621,27860"
1.0,-1.0,"19871,24760","6496,24760"
1.0,1.0,"19169,19893","19169,19892"
1.0,-1.0,"19889,34205","16678,34205"
1.0,0.5,"19883,21679","20391,21679"
-1.0,-1.0,"19875,20289","13116,19875"
-1.0,-0.6388888888888888,"15689,19849","10234,19849"
-1.0,-1.0,"19818,19819","19818,21500"
-1.0,-0.3333333333333333,"19814,21499","8300,19814"
1.0,-0.3636363636363636,"10459,23405","11069,23405"
1.0,0.159090909090909,"18820,19809","3489,18820"
1.0,0.3333333333333333,"19807,19808","19808,32342"
1.0,-0.5769230769230769,"19802,31759","14440,31759"
1.0,-1.0,"19800,36691","18829,36691"
1.0,1.0,"10461,20843","20843,39100"
1.0,1.0,"15881,19841","15881,28270"
-1.0,-0.5,"17052,19838","19838,21524"
1.0,0.6578947368421053,"2675,9534","9534,27051"
1.0,-1.0,"12681,19829","12681,14486"
-1.0,-1.0,"19323,34162","19159,19323"
1.0,-1.0,"18545,31375","14059,31375"
-1.0,-1.0,"18816,36670","18816,20374"
1.0,0.56,"15505,18817","15505,32858"
-1.0,-0.4,"18810,36664","9724,18810"
1.0,-0.5,"10939,27835","10433,27835"
1.0,0.5652173913043478,"17488,18846","17488,35108"
1.0,-1.0,"18854,36704","18851,36704"
-1.0,-0.3055555555555556,"18850,36701","9462,18850"
-1.0,-0.4545454545454545,"18842,36699","18842,18917"
1.0,1.0,"18841,20768","20768,39010"
1.0,-0.6571428571428571,"18836,27612","10179,27612"
1.0,-0.1666666666666666,"18794,30927","8894,30927"
-1.0,-1.0,"18755,36594","14109,18755"
1.0,1.0,"13996,18768","13996,21360"
-1.0,-0.5,"18765,36601","16770,18765"
1.0,1.0,"18759,20770","20770,39014"
1.0,1.0,"18753,22000","22000,40583"
-1.0,-1.0,"18751,21997","18751,21996"
1.0,1.0,"16176,18750","16176,33597"
-1.0,-1.0,"18747,36591","12770,18747"
1.0,0.4347826086956521,"17363,18746","17363,40551"
1.0,1.0,"10166,10960","10166,27593"
-1.0,-0.2241379310344827,"18772,36610","9274,18772"
1.0,0.45,"6961,18776","6162,6961"
1.0,1.0,"18777,19095","19095,27474"
1.0,0.3428571428571428,"10093,18792","10093,35771"
1.0,0.5151515151515151,"13439,18791","13439,30674"
1.0,1.0,"8239,20861","20861,39124"
-1.0,-1.0,"18781,36627","18781,21342"
1.0,1.0,"8785,10958","8785,12049"
-1.0,-0.0584795321637426,"18856,23929","1603,18856"
1.0,1.0,"10969,10970","10970,12846"
1.0,1.0,"18911,20168","20168,38298"
1.0,0.0826446280991735,"3410,3643","3643,40679"
1.0,0.2371134020618556,"3335,3415","3335,14270"
1.0,-1.0,"18922,22235","7053,22235"
1.0,1.0,"3388,12564","12564,29817"
1.0,0.1976744186046511,"7217,18938","7217,30413"
1.0,0.3150684931506849,"5693,18933","5693,27753"
-1.0,-1.0,"10883,28239","10883,19082"
1.0,1.0,"18932,21509","21509,39988"
-1.0,-0.6666666666666666,"18902,22606","8382,18902"
-1.0,-0.3846153846153846,"18900,36770","14377,18900"
-1.0,-0.1746031746031746,"10909,28263","10909,14030"
-1.0,-1.0,"18876,36746","10851,18876"
-1.0,-1.0,"18875,32988","6957,18875"
1.0,-1.0,"18899,36769","20338,36769"
1.0,1.0,"3449,13232","13232,30490"
1.0,1.0,"10919,21215","21215,39560"
1.0,-0.2321428571428571,"18879,35140","11930,35140"
1.0,0.5238095238095238,"18898,20181","20181,38325"
1.0,1.0,"18888,20502","5797,20502"
1.0,-0.4576271186440678,"13198,18887","8771,13198"
1.0,0.4038461538461538,"7480,18745","7480,28501"
-1.0,-1.0,"10878,13467","10878,11986"
1.0,0.3783783783783784,"3092,11005","3092,24089"
1.0,1.0,"18612,20122","9841,20122"
-1.0,-1.0,"11011,13684","8903,11011"
1.0,0.2,"4746,18607","4746,30415"
1.0,-0.0,"14015,18604","14015,17787"
-1.0,-0.375,"18624,36425","9424,18624"
1.0,1.0,"12932,18656","12932,18587"
1.0,1.0,"18653,21928","18273,21928"
-1.0,-0.5862068965517241,"18644,36449","12870,18644"
-1.0,-0.5483870967741935,"18626,36427","13166,18626"
-1.0,-0.625,"2949,8210","8210,9431"
1.0,0.3636363636363636,"11169,18627","11169,12303"
-1.0,-0.0508982035928143,"18569,36368","544,18569"
-1.0,-0.5,"17393,18566","10547,18566"
-1.0,-1.0,"18565,36363","18565,20183"
1.0,0.5238095238095238,"18553,20301","20301,33138"
1.0,1.0,"14096,18599","14096,16371"
-1.0,-0.087719298245614,"18551,31812","4731,18551"
-1.0,-0.2592592592592592,"18548,19660","4976,18548"
1.0,-1.0,"18546,36341","22141,36341"
-1.0,-1.0,"11032,28368","10301,11032"
1.0,0.4499999999999999,"16776,18571","6922,16776"
-1.0,-1.0,"8200,25967","8200,20900"
1.0,0.0,"18591,19104","16052,19104"
1.0,1.0,"18586,21270","21270,39632"
-1.0,-0.6206896551724138,"18585,36386","12555,18585"
1.0,-0.5416666666666666,"18584,35053","17432,35053"
1.0,-0.2222222222222222,"18579,36376","16970,36376"
1.0,-1.0,"18577,25520","7641,25520"
1.0,0.4848484848484848,"12864,18575","12864,30895"
1.0,1.0,"18657,22265","22265,40604"
1.0,1.0,"8231,20272","16730,20272"
1.0,-0.4583333333333333,"18721,36571","17175,36571"
-1.0,-0.3333333333333333,"18720,34580","18720,21877"
1.0,0.872093023255814,"3572,3639","2784,3639"
-1.0,-0.5244299674267101,"10973,22475","976,10973"
-1.0,-1.0,"18738,18739","16168,18739"
1.0,1.0,"18736,18737","18736,20267"
1.0,1.0,"18733,19188","16164,19188"
1.0,-0.3414634146341463,"18732,33143","14704,33143"
1.0,1.0,"18731,22004","22004,40591"
1.0,1.0,"15474,18706","15474,32824"
1.0,0.4482758620689655,"7113,18671","7113,13906"
1.0,1.0,"12760,18670","12760,30026"
-1.0,-0.1789473684210526,"10994,28337","6501,10994"
-1.0,-1.0,"18663,36475","9367,18663"
1.0,1.0,"18681,20186","20186,34914"
1.0,1.0,"5349,18684","5349,24060"
1.0,0.5,"17903,18702","17903,35588"
1.0,-0.275,"18694,28172","4659,28172"
-1.0,-0.2419354838709677,"10984,28324","6159,10984"
1.0,-0.2063492063492063,"10986,28326","7798,28326"
-1.0,-1.0,"10987,28327","6064,10987"
1.0,1.0,"14460,19322","14460,20971"
1.0,0.3142857142857143,"10768,16672","16672,37355"
-1.0,-1.0,"13945,19215","7669,19215"
1.0,1.0,"13695,19198","13695,16632"
-1.0,-1.0,"10775,28143","10775,13309"
1.0,0.6521739130434783,"7720,19216","7720,25585"
-1.0,-1.0,"10761,26681","10760,10761"
1.0,1.0,"10762,11870","9884,11870"
1.0,1.0,"7264,10764","7264,15075"
-1.0,-1.0,"9093,10763","9461,10763"
1.0,-1.0,"19223,36962","19063,36962"
1.0,0.4166666666666666,"9373,19222","9373,16153"
1.0,-0.1176470588235294,"19166,35866","4157,35866"
-1.0,-1.0,"19161,37101","15497,19161"
1.0,-1.0,"19155,31351","14035,31351"
-1.0,-1.0,"19151,37091","14379,19151"
1.0,1.0,"16504,19168","16504,19142"
1.0,-0.4615384615384615,"10786,28153","15963,28153"
1.0,1.0,"15410,19186","14383,15410"
-1.0,-0.7727272727272727,"10781,28150","4312,10781"
1.0,1.0,"3202,10350","10350,11667"
1.0,0.1466666666666666,"5727,19183","5727,37124"
1.0,0.3142857142857143,"9781,19180","9781,38054"
-1.0,-1.0,"19179,37120","14399,19179"
-1.0,-1.0,"19177,37118","19177,21746"
1.0,0.4074074074074074,"7203,19240","7203,27992"
-1.0,-1.0,"19297,37280","16118,19297"
1.0,1.0,"16393,19302","16393,33860"
1.0,1.0,"19299,21704","21704,40196"
1.0,0.0,"4084,8345","4084,5245"
-1.0,-0.4444444444444444,"19287,19288","14610,19288"
1.0,0.5652173913043478,"16817,19303","16817,20869"
-1.0,-1.0,"19315,37298","12116,19315"
-1.0,-1.0,"12844,19318","15514,19318"
1.0,1.0,"16636,19317","12842,16636"
-1.0,-0.5,"19316,37299","19316,20897"
-1.0,-1.0,"19314,37297","19314,20895"
1.0,0.5652173913043478,"17132,19310","8893,17132"
-1.0,-0.4677419354838709,"19306,23130","8132,19306"
1.0,1.0,"10735,14965","14965,32304"
1.0,0.7659574468085106,"6249,19258","6249,24621"
1.0,-1.0,"19252,33050","15691,33050"
1.0,0.5517241379310345,"10739,13571","13571,30822"
1.0,0.3793103448275862,"12590,19246","12590,38573"
1.0,0.3225806451612903,"10755,20436","20436,29889"
-1.0,-0.1587301587301587,"19260,37235","9055,19260"
1.0,-0.0,"11259,19261","6959,11259"
-1.0,-0.1764705882352941,"19278,37251","10546,19278"
-1.0,-0.4583333333333333,"19275,37244","16869,19275"
1.0,-0.8125,"19273,22857","2669,22857"
-1.0,-0.2954545454545454,"19267,21563","17000,19267"
1.0,1.0,"19022,22284","22284,24242"
-1.0,-1.0,"19029,36902","9554,19029"
1.0,-0.0,"8279,14530","13500,14530"
1.0,1.0,"19030,19031","19031,19032"
1.0,0.34,"6847,19016","6847,19496"
1.0,1.0,"14277,19043","13461,14277"
1.0,-0.5454545454545454,"16403,19049","16403,17644"
-1.0,-0.3225806451612903,"19047,36922","10876,19047"
-1.0,-1.0,"19044,36917","19044,20643"
-1.0,-1.0,"19039,36916","19038,19039"
1.0,0.3928571428571428,"12704,19034","12704,36915"
-1.0,-1.0,"19004,31567","13012,19004"
1.0,-0.4193548387096774,"14709,18960","12291,14709"
1.0,0.0,"1476,18968","1476,4179"
1.0,-1.0,"14039,18967","8718,14039"
1.0,1.0,"13352,18956","8122,13352"
-1.0,-1.0,"18955,23387","18955,21898"
1.0,-0.0,"18977,20177","20177,22250"
-1.0,-0.1612903225806451,"18995,36872","8263,18995"
1.0,1.0,"10853,15917","15917,33290"
-1.0,-1.0,"19051,36924","19051,20650"
-1.0,-0.5454545454545454,"19053,36941","18021,19053"
1.0,-0.375,"19118,31823","9253,31823"
1.0,1.0,"19112,20740","20740,38981"
1.0,0.6486486486486487,"9593,19103","9593,27103"
1.0,-1.0,"8296,26042","9628,26042"
1.0,-0.4054054054054054,"19126,31679","10431,31679"
1.0,1.0,"16401,19054","16401,20655"
1.0,0.1379310344827586,"6967,19145","6967,36265"
1.0,1.0,"6728,8303","6728,7192"
-1.0,-1.0,"8301,8650","7447,8301"
-1.0,-1.0,"15829,19131","16808,19131"
1.0,-0.0675675675675675,"19099,37012","1431,37012"
1.0,-0.4137931034482758,"17681,19064","12736,17681"
1.0,-0.3157894736842105,"19066,35862","14623,35862"
1.0,0.3939393939393939,"16408,19060","16408,33898"
1.0,1.0,"10833,15465","15465,32814"
1.0,1.0,"19087,20731","20731,38969"
-1.0,-1.0,"10814,28173","10814,16362"
1.0,0.7659574468085106,"17680,19080","16429,17680"
-1.0,-1.0,"19076,36979","13476,19076"
1.0,0.4285714285714285,"14642,16880","14642,31971"
-1.0,-1.0,"11769,29019","11769,12275"
-1.0,-0.2702702702702703,"14533,26375","12897,14533"
-1.0,-0.5769230769230769,"12744,30006","12744,15153"
-1.0,-0.2391304347826087,"12745,30007","9894,12745"
-1.0,-1.0,"7335,25299","7335,15068"
1.0,1.0,"14523,16738","14524,16738"
-1.0,-1.0,"14522,31863","14522,21053"
-1.0,-0.2708333333333333,"7333,25297","7333,11313"
1.0,1.0,"6303,13667","13667,30936"
-1.0,-0.53125,"6280,18202","6280,12766"
1.0,1.0,"7339,21369","19479,21369"
1.0,1.0,"14564,15636","14565,15636"
-1.0,-1.0,"14561,14562","14560,14561"
1.0,1.0,"6287,20240","20240,38409"
-1.0,-1.0,"7340,25301","7340,20104"
1.0,-1.0,"14517,20111","20084,20111"
1.0,1.0,"509,7328","500,509"
1.0,1.0,"14485,15186","15186,32531"
-1.0,-0.2974683544303797,"14493,31813","1914,14493"
1.0,-0.7058823529411765,"14490,22558","9860,22558"
1.0,1.0,"11795,12771","11795,20865"
-1.0,-0.5714285714285714,"14497,31819","13628,14497"
-1.0,-0.3703703703703703,"14500,15531","12891,14500"
1.0,1.0,"7326,7611","7380,7611"
-1.0,-1.0,"12759,14740","12759,13248"
1.0,-0.3571428571428571,"6330,24656","12448,24656"
1.0,1.0,"13613,14459","12845,13613"
-1.0,-1.0,"6231,9066","6231,16774"
-1.0,-1.0,"14646,31976","14646,21261"
-1.0,-0.1553398058252427,"14640,31967","2729,14640"
-1.0,-0.303030303030303,"14635,31964","14635,16910"
1.0,0.2727272727272727,"6246,7103","7103,35125"
1.0,1.0,"14658,15732","15732,33090"
-1.0,-0.7590361445783133,"14680,15755","3408,14680"
1.0,1.0,"14677,16086","16086,33474"
1.0,-1.0,"12710,29963","14261,29963"
1.0,-1.0,"14674,30571","13314,30571"
1.0,1.0,"14673,16823","16823,34338"
1.0,-1.0,"12711,26460","8816,26460"
-1.0,-1.0,"14667,31994","13857,14667"
1.0,-0.4,"14664,31990","16310,31990"
1.0,-0.3243243243243243,"14119,14624","9238,14119"
-1.0,-1.0,"14583,31904","14583,20985"
-1.0,-0.2876712328767123,"14580,31900","9043,14580"
-1.0,-0.3714285714285714,"14622,26386","14622,16855"
1.0,-1.0,"14576,17400","17400,21463"
-1.0,-1.0,"14599,31914","12034,14599"
1.0,1.0,"12731,16449","16449,33949"
1.0,1.0,"14620,20795","20795,39045"
1.0,1.0,"13748,14607","13748,31006"
1.0,-1.0,"7026,14308","1144,7026"
-1.0,-0.3,"14305,16417","6409,14305"
1.0,0.1634615384615384,"6042,7276","6042,30681"
1.0,-1.0,"3956,14283","3956,14282"
1.0,-1.0,"14331,31631","20743,31631"
1.0,0.6216216216216216,"6433,10002","10002,27431"
1.0,-0.524390243902439,"14323,23947","5163,23947"
1.0,-0.4615384615384615,"12862,30122","15524,30122"
1.0,-0.6666666666666666,"14226,29010","11758,29010"
1.0,1.0,"14218,20414","20414,38599"
1.0,0.0,"12878,19197","14297,19197"
-1.0,-1.0,"14251,19135","6069,14251"
1.0,0.5217391304347826,"14252,18561","17127,18561"
-1.0,-0.4852941176470588,"7265,11303","7021,7265"
1.0,-0.303030303030303,"14268,16189","16189,18726"
1.0,-1.0,"13025,14264","12287,13025"
-1.0,-0.1964285714285714,"14335,31635","9758,14335"
1.0,1.0,"6373,21786","21786,40301"
-1.0,-0.5666666666666667,"12783,30047","12783,12815"
-1.0,-0.0653266331658291,"14416,23699","1099,14416"
1.0,0.5454545454545454,"14421,18833","18833,36694"
1.0,0.2407407407407407,"4959,14402","4959,26617"
-1.0,-0.5652173913043478,"14398,31701","14398,16645"
-1.0,-0.5714285714285714,"14392,31691","11670,14392"
1.0,1.0,"14422,16006","16006,33386"
1.0,-0.28,"14337,31637","10568,31637"
-1.0,-0.6170212765957447,"14441,31761","7899,14441"
1.0,0.6296296296296297,"6875,14451","6875,12837"
1.0,-0.8333333333333334,"12773,22110","3978,22110"
-1.0,-1.0,"14436,31753","12257,14436"
1.0,0.3333333333333333,"12779,21490","21490,39955"
1.0,0.7297297297297297,"8600,12795","8600,20425"
1.0,0.7843137254901961,"12662,12809","10790,12662"
1.0,1.0,"6412,9648","9648,27153"
-1.0,-0.5,"6418,24707","6418,17715"
1.0,-1.0,"14381,17377","13512,17377"
-1.0,-0.5806451612903226,"12797,29246","12647,12797"
1.0,-1.0,"14372,31676","21237,31676"
-1.0,-1.0,"1391,12803","12803,14046"
1.0,1.0,"12434,14682","12434,29667"
1.0,0.4772727272727273,"5338,15020","5338,24052"
1.0,1.0,"15016,22162","22162,40759"
1.0,0.5,"6048,21437","21437,39875"
1.0,-0.6578947368421053,"12575,26878","9331,26878"
1.0,1.0,"7417,12529","12529,24514"
1.0,0.3947368421052631,"10298,15055","10298,32411"
-1.0,-0.3888888888888889,"6017,8462","6017,11402"
-1.0,-0.6097560975609756,"15042,32401","9445,15042"
-1.0,-0.7843137254901961,"15026,29303","5666,15026"
-1.0,-1.0,"15041,21940","15041,16663"
-1.0,-1.0,"15036,16435","15036,15264"
-1.0,-0.6153846153846154,"11270,15034","14187,15034"
1.0,0.5862068965517241,"13260,15032","13260,23538"
1.0,-0.1549295774647887,"7424,25370","3619,25370"
1.0,-0.32,"12596,14094","6762,14094"
-1.0,-0.6764705882352942,"14960,32301","10017,14960"
1.0,-0.2857142857142857,"14958,18244","6438,18244"
1.0,0.648936170212766,"3526,14954","3526,23144"
1.0,-0.0,"4762,14947","4762,5715"
1.0,1.0,"12344,12582","12344,29583"
1.0,-0.6666666666666666,"12589,27370","9932,27370"
-1.0,-0.2828282828282828,"12592,29849","4460,12592"
-1.0,-0.6,"15132,32495","14415,15132"
-1.0,-0.2264150943396226,"15140,32507","6801,15140"
-1.0,-0.6206896551724138,"15139,15936","12636,15139"
1.0,-1.0,"15137,30162","12892,30162"
-1.0,-0.1686746987951807,"15134,32498","3080,15134"
1.0,1.0,"7449,7733","7733,7991"
-1.0,-0.5217391304347826,"15129,32494","15129,18216"
1.0,-1.0,"15125,32490","21009,32490"
-1.0,-0.4761904761904761,"9605,15124","15124,20432"
-1.0,-0.2857142857142857,"15118,31165","9237,15118"
1.0,-1.0,"15155,32514","15336,32514"
1.0,1.0,"15154,21084","21084,39389"
1.0,-1.0,"12523,29763","22338,29763"
1.0,-1.0,"15112,32473","15485,32473"
-1.0,-1.0,"15082,16177","15082,21995"
1.0,1.0,"13286,15077","13286,13287"
-1.0,-0.425,"12543,29791","12543,12858"
-1.0,-1.0,"5762,5983","5763,5983"
-1.0,-1.0,"15063,32421","7740,15063"
-1.0,-1.0,"15060,32416","14788,15060"
-1.0,-0.5308641975308642,"15102,32462","5166,15102"
1.0,0.5666666666666667,"13441,15101","13441,30675"
1.0,0.2439024390243902,"14116,15093","14116,40603"
-1.0,-0.4482758620689655,"7440,14764","7440,13831"
1.0,-0.4186046511627907,"14757,29616","12380,29616"
-1.0,-1.0,"14776,32116","13866,14776"
-1.0,-0.4313725490196078,"7375,25334","7375,10591"
-1.0,-0.3144329896907216,"14759,32096","1451,14759"
1.0,1.0,"14779,15860","15858,15860"
1.0,0.4761904761904761,"14755,20489","20489,40824"
1.0,1.0,"13385,14749","13385,30639"
1.0,1.0,"12468,12674","12468,29696"
1.0,1.0,"14780,14785","14785,32121"
-1.0,-0.6153846153846154,"14797,31438","13885,14797"
-1.0,-0.5454545454545454,"14789,16578","12500,14789"
1.0,-0.4285714285714286,"14122,14745","14122,21614"
1.0,0.0,"14707,14763","14763,21758"
1.0,-0.5806451612903226,"14708,29524","12288,29524"
1.0,1.0,"14700,15703","15703,33065"
-1.0,-0.3720930232558139,"14698,21313","14221,14698"
1.0,0.4666666666666667,"14129,14731","14129,33639"
1.0,0.5714285714285714,"13664,14725","13664,30931"
-1.0,-0.5454545454545454,"14889,19298","14889,18133"
-1.0,-1.0,"6107,24524","6107,22247"
-1.0,-1.0,"14897,32245","13805,14897"
1.0,0.3103448275862069,"8123,14880","8123,26442"
-1.0,-1.0,"14879,20067","14879,21938"
-1.0,-0.6388888888888888,"12629,25418","10132,12629"
-1.0,-1.0,"12663,29905","12663,15233"
1.0,0.48,"14928,17355","17355,36559"
-1.0,-1.0,"12613,27581","9739,12613"
1.0,1.0,"2111,6087","2111,22681"
1.0,-1.0,"14920,32259","21652,32259"
1.0,1.0,"12621,20975","20975,39253"
1.0,0.15,"3740,14906","3740,31755"
1.0,0.2439024390243902,"7571,12632","7571,40243"
1.0,0.391304347826087,"12505,12633","12505,29736"
-1.0,-0.238095238095238,"11107,14821","11568,14821"
1.0,1.0,"12456,14837","12456,29682"
1.0,-0.4230769230769231,"12652,21811","14971,21811"
1.0,0.4583333333333333,"14818,17090","17090,21890"
1.0,0.1818181818181818,"7389,9737","9737,39943"
-1.0,-1.0,"14842,32174","14842,22346"
1.0,-0.6428571428571429,"6123,24131","12184,24131"
1.0,-0.2619047619047619,"14852,28022","10652,28022"
1.0,-0.3488372093023256,"14850,20085","8333,20085"
1.0,1.0,"6129,6729","6729,7188"
1.0,1.0,"14847,16656","16656,34178"
-1.0,-0.7401129943502824,"14845,24978","1327,14845"
1.0,-1.0,"14208,22457","1001,22457"
1.0,0.5,"13594,21033","21033,39328"
1.0,-0.4615384615384615,"13136,30397","15833,30397"
1.0,0.5555555555555556,"11722,13142","11722,28979"
-1.0,-0.3421052631578947,"13577,30828","13577,15887"
1.0,1.0,"7129,20987","20987,21867"
1.0,0.5,"13609,18222","6070,18222"
1.0,1.0,"6820,6928","6819,6928"
-1.0,-0.3658536585365853,"13614,30873","13614,14224"
1.0,1.0,"6834,22221","22221,40819"
-1.0,-0.3555555555555555,"10847,13601","7101,13601"
1.0,0.4761904761904761,"6839,19692","19692,33527"
-1.0,-1.0,"13131,30392","13131,21993"
-1.0,-0.6571428571428571,"13525,30764","3093,13525"
-1.0,-0.3720930232558139,"13174,30431","13174,13175"
1.0,1.0,"13532,20523","10267,20523"
1.0,0.5555555555555556,"13562,20485","9338,20485"
-1.0,-1.0,"13543,30795","12125,13543"
-1.0,-1.0,"13542,30790","13542,13723"
-1.0,-0.5,"13506,30749","13506,14480"
-1.0,-1.0,"12347,13082","13082,13877"
1.0,-0.6153846153846154,"13708,30958","13692,30958"
1.0,-1.0,"6771,24940","20785,24940"
1.0,-0.5666666666666667,"13089,30348","13153,30348"
1.0,1.0,"13678,21714","21714,40203"
1.0,-0.2325581395348837,"13078,14781","13079,14781"
1.0,0.3389830508474576,"11749,13710","11749,29003"
1.0,-1.0,"13112,30368","21479,30368"
-1.0,-0.6296296296296297,"13638,17916","12869,13638"
-1.0,-1.0,"13618,30878","9809,13618"
1.0,-0.6666666666666667,"10491,13641","10491,19469"
1.0,0.2941176470588235,"13102,15462","15462,39061"
-1.0,-0.4230769230769231,"13507,30750","13507,15245"
1.0,0.6774193548387096,"10968,13736","5315,10968"
1.0,1.0,"6995,16367","16367,33828"
-1.0,-1.0,"13324,30580","2160,13324"
1.0,-0.1428571428571428,"13316,30574","8704,30574"
-1.0,-0.4133333333333333,"6993,25070","5061,6993"
-1.0,-0.3333333333333333,"13369,30616","12426,13369"
1.0,0.282051282051282,"13377,14365","14365,33049"
1.0,-0.0,"13376,21578","20771,21578"
1.0,-0.5384615384615384,"13356,23331","16082,23331"
-1.0,-0.5666666666666667,"7034,22275","7034,13169"
-1.0,-1.0,"13254,30511","13253,13254"
-1.0,-1.0,"13289,14110","13289,20252"
1.0,1.0,"7035,21439","21439,21442"
1.0,-0.3846153846153846,"13277,30537","14076,30537"
1.0,0.8253968253968254,"4251,13275","4251,23476"
-1.0,-0.2295081967213114,"13290,30555","7834,13290"
1.0,1.0,"13011,13292","13011,30271"
1.0,-0.2203389830508474,"13303,27504","4866,27504"
1.0,-1.0,"13300,14117","12951,14117"
-1.0,-1.0,"13297,30558","13297,20870"
1.0,-0.5238095238095238,"13378,30623","20167,30623"
1.0,1.0,"11907,13179","11907,29150"
1.0,0.4761904761904761,"10392,13464","10392,28331"
1.0,-1.0,"6924,8025","8025,21217"
-1.0,-1.0,"13462,20654","13462,20657"
1.0,0.2708333333333333,"13485,15009","15009,34900"
1.0,1.0,"4963,6916","4963,23839"
1.0,-0.3953488372093023,"13186,30327","13063,30327"
1.0,0.1643835616438356,"6197,13445","6197,36817"
1.0,0.234375,"6037,13390","6037,32601"
1.0,1.0,"13399,16009","16009,33392"
-1.0,-0.3333333333333333,"9410,13392","7049,13392"
1.0,0.3333333333333333,"10661,13387","10661,38093"
1.0,1.0,"6968,7575","5883,7575"
1.0,-1.0,"13402,30650","22039,30650"
1.0,1.0,"6940,8987","7990,8987"
-1.0,-0.56,"13420,30662","13420,16101"
1.0,0.4210526315789473,"10767,13418","10767,13299"
-1.0,-1.0,"13074,13076","12350,13074"
1.0,1.0,"14207,20463","10351,20463"
-1.0,-0.65625,"13256,14053","11275,14053"
-1.0,-1.0,"12935,21130","12935,21129"
1.0,-0.7692307692307692,"7942,12937","7942,18095"
-1.0,-0.391304347826087,"14045,31359","12076,14045"
-1.0,-0.5185185185185185,"12942,30195","12942,15645"
1.0,0.5185185185185185,"14056,15931","15931,33304"
1.0,1.0,"6567,21925","21925,40486"
1.0,-0.4583333333333333,"14040,17202","17202,20458"
-1.0,-1.0,"14012,31312","14012,21718"
-1.0,-0.5641025641025641,"14000,31296","10873,14000"
1.0,0.4782608695652174,"13991,17838","17838,37199"
1.0,1.0,"8970,14016","8970,26592"
1.0,-0.56,"7228,24605","15358,24605"
-1.0,-0.2427184466019417,"14021,31332","2651,14021"
-1.0,-1.0,"6553,6607","6607,21685"
-1.0,-0.288135593220339,"7250,14089","12983,14089"
1.0,-0.71900826446281,"14168,22731","2295,22731"
1.0,0.53125,"13429,14164","13429,21082"
-1.0,-0.5227272727272727,"5951,6517","6517,10200"
1.0,-0.0,"6521,21716","12154,21716"
-1.0,-1.0,"6509,6718","6509,6633"
1.0,-1.0,"14191,26811","11799,26811"
1.0,1.0,"14199,21322","21322,25792"
-1.0,-1.0,"14192,31489","14192,21872"
1.0,-0.3909090909090909,"3189,12889","2789,3189"
-1.0,-0.3770491803278688,"14186,17854","4806,14186"
-1.0,-0.3125,"14185,31484","14185,18761"
1.0,-0.7435897435897436,"6505,24764","8120,24764"
1.0,-0.7142857142857143,"9503,14152","1978,9503"
-1.0,-0.7111111111111111,"14151,31468","7148,14151"
-1.0,-1.0,"11869,14106","14105,14106"
1.0,1.0,"12922,21361","21361,32851"
1.0,-0.0,"7241,20108","8739,20108"
-1.0,-1.0,"14099,14100","11865,14100"
1.0,1.0,"12921,16737","16737,21404"
-1.0,-1.0,"6537,24774","6537,15538"
1.0,-0.2777777777777778,"10438,14139","9161,10438"
1.0,1.0,"9446,14125","9446,26985"
1.0,0.5111111111111111,"3075,14123","3075,16555"
-1.0,-0.4117647058823529,"12959,30221","7605,12959"
1.0,-1.0,"5461,13987","5461,21941"
1.0,-0.3448275862068966,"6722,24884","12008,24884"
1.0,-1.0,"13017,17769","13016,17769"
1.0,-0.375,"13037,21534","14807,21534"
-1.0,-0.1515151515151515,"13041,30297","7679,13041"
1.0,-0.0,"13803,20319","20319,22043"
1.0,-0.4583333333333333,"13013,24299","16953,24299"
1.0,0.3125,"7165,10583","10583,22273"
-1.0,-1.0,"13761,31020","13761,20439"
-1.0,-1.0,"13763,31023","13763,20361"
1.0,0.2830188679245283,"8374,13766","8374,32340"
-1.0,-0.5185185185185185,"13795,22014","13795,15743"
-1.0,-1.0,"12954,13784","13784,21453"
1.0,-0.0,"13060,20576","17161,20576"
-1.0,-0.2745098039215686,"13862,26937","13862,15853"
1.0,-0.6,"13868,25689","7837,25689"
1.0,-0.5151515151515151,"13948,30008","12747,30008"
-1.0,-0.6071428571428571,"6654,24848","6654,12986"
-1.0,-0.4594594594594595,"13941,22498","11453,13941"
-1.0,-1.0,"12436,13953","12432,13953"
1.0,0.5862068965517241,"13262,13929","13262,30521"
-1.0,-1.0,"13928,31210","13928,20905"
-1.0,-1.0,"12167,13927","13927,21627"
1.0,1.0,"13923,22153","22153,28370"
-1.0,-0.5,"12962,30224","12962,19249"
1.0,0.5517241379310345,"12977,13499","13499,30738"
1.0,0.3166666666666666,"2468,13919","2468,24388"
-1.0,-1.0,"13876,15859","13876,15861"
-1.0,-0.3529411764705882,"3650,13005","13005,19005"
-1.0,-0.3676470588235294,"13913,31189","9463,13913"
-1.0,-1.0,"13912,31188","13912,20618"
1.0,1.0,"13909,20834","20834,39092"
-1.0,-0.6153846153846154,"13904,31176","13848,13904"
1.0,0.2790697674418604,"6676,7546","7546,13589"
-1.0,-1.0,"13902,31174","13902,21902"
1.0,0.6666666666666666,"5314,12987","5314,16355"
-1.0,-0.175438596491228,"12993,30253","6044,12993"
1.0,1.0,"12023,15522","15522,32873"
-1.0,-0.2558139534883721,"12016,29248","8575,12016"
-1.0,-0.52,"12019,29254","12019,16465"
-1.0,-1.0,"16339,33793","16020,16339"
-1.0,-0.5,"16363,33824","14253,16363"
1.0,-1.0,"16376,33837","20325,33837"
1.0,0.0,"12009,18354","11413,18354"
1.0,-0.4038461538461538,"5209,23973","10907,23973"
1.0,-0.5454545454545454,"16359,19006","13354,19006"
-1.0,-1.0,"16333,33784","16333,21722"
-1.0,-1.0,"16304,33742","9704,16304"
1.0,-0.5666666666666667,"16303,25238","13098,25238"
1.0,0.0,"7708,11716","11716,17868"
1.0,-0.2722222222222222,"16330,22643","1679,22643"
-1.0,-0.4,"12044,29277","12040,12044"
-1.0,-1.0,"16311,33754","10079,16311"
-1.0,-0.4347826086956521,"5235,23992","5235,7588"
-1.0,-0.6857142857142857,"10364,16321","9740,16321"
-1.0,-1.0,"12033,14358","12033,21160"
-1.0,-0.4155844155844156,"16377,33840","7072,16377"
-1.0,-0.2666666666666666,"9870,16284","7131,16284"
1.0,1.0,"16438,22200","4775,22200"
-1.0,-0.1746031746031746,"16436,33932","4208,16436"
1.0,-0.0821917808219178,"5136,23934","1956,23934"
1.0,-0.1102941176470588,"16434,32347","7245,32347"
-1.0,-0.6451612903225806,"11974,11975","11975,11976"
1.0,1.0,"16425,16431","16425,33919"
-1.0,-0.325,"16426,33921","8605,16426"
-1.0,-0.5,"9234,16446","16446,17708"
-1.0,-0.75,"11964,29195","3105,11964"
1.0,1.0,"12442,16447","12442,29671"
-1.0,-0.5555555555555556,"16450,33951","14291,16450"
1.0,1.0,"16400,20633","19037,20633"
-1.0,-0.6060606060606061,"16391,33858","11668,16391"
1.0,-0.1549295774647887,"16390,33857","4418,33857"
-1.0,-1.0,"13950,16384","15273,16384"
1.0,0.6451612903225806,"16423,19077","11421,19077"
-1.0,-1.0,"16421,33915","15352,16421"
1.0,-0.4354838709677419,"16416,26439","6618,26439"
1.0,1.0,"16160,20260","5680,20260"
-1.0,-1.0,"4671,5355","5311,5355"
1.0,0.4333333333333333,"13279,16159","13279,34983"
1.0,1.0,"16080,16147","14908,16080"
-1.0,-0.7619047619047619,"12123,29353","7294,12123"
-1.0,-1.0,"16131,33543","16130,16131"
-1.0,-0.2307692307692307,"12114,29346","7900,12114"
1.0,0.1388888888888889,"5099,12141","5099,40092"
1.0,0.3488372093023256,"8413,16098","8413,13039"
-1.0,-0.6190476190476191,"12144,29370","8882,12144"
1.0,-0.2840909090909091,"16088,23584","1411,23584"
1.0,-0.44,"7664,22020","15521,22020"
1.0,-1.0,"16100,21200","21200,22029"
1.0,1.0,"16106,22361","22361,40948"
1.0,0.4791666666666667,"5390,10363","10363,27770"
1.0,1.0,"16184,21122","21122,39429"
1.0,-1.0,"12059,29294","15258,29294"
-1.0,-1.0,"16246,33686","9170,16246"
1.0,-0.5,"16245,33683","18425,33683"
1.0,1.0,"5294,9547","9547,17580"
1.0,-0.5833333333333334,"15612,16242","15612,16055"
1.0,1.0,"16238,22283","22283,40886"
1.0,1.0,"5300,5711","5711,7578"
1.0,1.0,"12104,16621","16621,16622"
-1.0,-0.3888888888888889,"16270,33710","16035,16270"
-1.0,-0.8333333333333334,"5261,5672","4453,5261"
1.0,1.0,"9474,16271","9474,27009"
1.0,1.0,"5273,21826","21826,27144"
1.0,-0.52,"16268,22167","17121,22167"
-1.0,-0.4285714285714285,"12075,29312","12075,14194"
1.0,-0.5454545454545454,"12092,29331","17717,29331"
-1.0,-0.3125,"5333,24050","5333,10795"
1.0,-0.4,"1188,12085","1188,12290"
-1.0,-0.5,"16216,20827","9898,16216"
1.0,-0.4833333333333333,"16214,25867","7515,25867"
1.0,-0.4761904761904761,"16728,34260","20083,34260"
1.0,-1.0,"11841,27743","21285,27743"
1.0,0.4651162790697674,"2141,16720","2141,22816"
1.0,-0.4791666666666667,"9365,16719","9365,10353"
1.0,-0.2452830188679245,"16717,26530","7916,26530"
1.0,-0.1666666666666666,"16709,34239","3989,34239"
1.0,-0.4848484848484848,"4943,23831","12789,23831"
1.0,-1.0,"16762,34288","20964,34288"
1.0,-0.5,"16747,23105","16221,23105"
1.0,0.1916167664670658,"3012,16736","3012,25177"
1.0,0.2622950819672131,"11562,16740","11562,25989"
1.0,-0.0,"16673,20455","14814,20455"
-1.0,-0.3513513513513513,"16671,34195","9833,16671"
1.0,-0.358974358974359,"11861,25968","8201,25968"
1.0,0.5,"11847,20550","20550,38725"
-1.0,-0.2352941176470588,"16694,21719","10266,16694"
1.0,0.1720328282828283,"11378,11859","3343,11378"
-1.0,-0.4,"4842,16765","14854,16765"
-1.0,-1.0,"16837,34371","16837,20291"
-1.0,-0.6428571428571429,"14528,16853","12654,16853"
1.0,0.3541666666666667,"4325,16851","4325,23522"
1.0,1.0,"4872,21094","21094,33029"
-1.0,-1.0,"16845,34376","16845,20840"
1.0,1.0,"15831,16839","15831,27739"
-1.0,-1.0,"11786,29036","11786,21804"
1.0,0.3783783783783784,"10211,16771","10211,25357"
1.0,-0.3548387096774194,"11774,29024","20543,29024"
-1.0,-0.5454545454545454,"12244,16866","16866,18168"
1.0,-0.5151515151515151,"4910,23817","13234,23817"
1.0,1.0,"15630,16785","15630,15631"
1.0,-0.22,"8232,16792","8232,10811"
1.0,-0.4,"4900,23808","10922,23808"
1.0,1.0,"15440,16805","15440,20820"
-1.0,-0.2553191489361702,"7806,18666","7806,16984"
1.0,-0.3439153439153439,"13108,16799","5646,13108"
-1.0,-0.217391304347826,"16796,34314","15644,16796"
-1.0,-0.4782608695652174,"16533,34054","16533,18298"
1.0,-1.0,"16537,27660","10248,27660"
1.0,-0.3061224489795918,"11932,29172","14816,29172"
1.0,0.2156862745098039,"12322,16530","12322,37863"
1.0,0.5384615384615384,"11938,15927","15927,33303"
-1.0,-0.4827586206896552,"16525,34047","5395,16525"
1.0,1.0,"5558,16524","5558,24177"
1.0,1.0,"5067,9991","9991,27420"
1.0,-0.3235294117647059,"16573,30193","10226,30193"
-1.0,-0.4,"16572,18240","12067,16572"
-1.0,-0.6666666666666666,"16569,34084","11651,16569"
-1.0,-0.5208333333333334,"16563,34075","9362,16563"
1.0,0.52,"16518,16519","16519,34042"
-1.0,-1.0,"11956,29189","11956,20557"
1.0,-0.4509803921568627,"16483,27751","10346,27751"
1.0,-0.0,"16516,19015","19015,21072"
-1.0,-0.7547169811320755,"7760,25614","5573,7760"
1.0,-0.5151515151515151,"16511,30455","13194,30455"
1.0,0.4285714285714285,"11947,15001","15001,24171"
-1.0,-0.5657894736842105,"11951,16386","5282,11951"
1.0,1.0,"16640,20357","20357,38544"
1.0,0.5357142857142857,"5028,14551","14551,17479"
1.0,-0.2542372881355932,"16633,31782","12859,31782"
-1.0,-0.4166666666666667,"5036,23872","5036,15328"
-1.0,-1.0,"16625,17089","16625,21478"
-1.0,-0.5555555555555556,"16642,34158","15216,16642"
-1.0,-0.4047619047619047,"7784,25635","7784,9417"
1.0,-1.0,"16657,27674","10256,27674"
1.0,-0.5357142857142857,"16650,19344","15057,19344"
1.0,0.5,"11879,21376","21376,39771"
1.0,0.1379310344827586,"11882,12567","1909,12567"
-1.0,-1.0,"16624,28880","16624,22271"
1.0,0.0,"7775,16476","12177,16476"
1.0,-0.2777777777777778,"5054,23883","14922,23883"
1.0,0.5,"16597,17858","17858,35534"
-1.0,-0.5833333333333334,"15475,16594","16217,16594"
1.0,0.3658536585365853,"11913,14174","8810,14174"
1.0,1.0,"11914,21459","21459,39924"
-1.0,-1.0,"16582,34093","16582,20420"
1.0,0.2307692307692307,"14037,16602","14037,36473"
1.0,1.0,"11905,21687","21687,33763"
1.0,1.0,"16606,21443","21443,39899"
1.0,0.627906976744186,"10929,11906","10929,13104"
1.0,0.908256880733945,"1952,5417","1952,2175"
1.0,-0.3235294117647059,"15464,24338","17965,24338"
1.0,1.0,"15460,22173","22173,23662"
-1.0,-1.0,"15458,32808","12420,15458"
-1.0,-1.0,"12353,12357","12348,12353"
1.0,1.0,"12346,12355","12346,13081"
1.0,-0.238095238095238,"7634,15482","7634,10533"
-1.0,-0.6666666666666666,"15417,32770","9750,15417"
1.0,-1.0,"15416,32769","15715,32769"
1.0,-0.0,"12384,16752","11284,16752"
1.0,1.0,"15407,16013","16013,33398"
-1.0,-1.0,"12390,29624","9476,12390"
1.0,0.3421052631578947,"7511,15692","15692,34372"
1.0,-0.0884353741496598,"15422,27580","3891,27580"
1.0,1.0,"7514,15190","15190,32533"
1.0,0.7884615384615384,"5477,15553","5477,24127"
1.0,-1.0,"14710,15547","14710,21379"
1.0,-1.0,"12325,29564","21784,29564"
1.0,0.2666666666666666,"7051,12314","7051,36785"
-1.0,-1.0,"15593,32973","15385,15593"
-1.0,-1.0,"15577,32951","15577,20812"
-1.0,-0.3833333333333333,"15576,32946","4850,15576"
-1.0,-0.9069767441860463,"15545,32911","1557,15545"
-1.0,-1.0,"15511,32865","15511,20894"
1.0,0.1333333333333333,"5129,7533","5129,32775"
-1.0,-0.5357142857142857,"15542,32904","14891,15542"
-1.0,-1.0,"5751,15958","5751,20379"
-1.0,-0.4545454545454545,"12343,29581","12252,12343"
1.0,-0.2916666666666667,"15534,32895","9900,32895"
1.0,-0.3442622950819672,"12341,28356","9653,28356"
-1.0,-0.5598290598290598,"15530,32889","1341,15530"
1.0,0.4848484848484848,"12981,15529","12981,20554"
-1.0,-0.5416666666666666,"15528,32887","15528,17438"
1.0,-0.2790697674418604,"15527,20764","7427,20764"
-1.0,-0.1351351351351351,"15403,28042","8623,15403"
-1.0,-0.5185185185185185,"12467,29694","12467,16215"
1.0,1.0,"7482,8619","8619,26292"
-1.0,-0.1298701298701298,"12461,25017","9563,12461"
-1.0,-0.7560975609756098,"15271,32606","7573,15271"
-1.0,-1.0,"12460,29686","12460,21734"
-1.0,-0.4761904761904761,"15267,32599","15267,19836"
1.0,1.0,"12474,20831","20831,39089"
-1.0,-0.4573643410852713,"15196,24737","3676,15196"
-1.0,-0.4827586206896552,"15230,32568","8371,15230"
1.0,-0.3469387755102041,"15218,30603","7277,30603"
1.0,-1.0,"5885,24384","21759,24384"
1.0,-1.0,"15367,29405","12180,29405"
-1.0,-0.3829787234042553,"15364,24348","6318,15364"
-1.0,-0.2258064516129032,"15360,32709","9005,15360"
-1.0,-0.7931034482758621,"12399,29635","4838,12399"
1.0,0.6428571428571429,"12393,12695","12695,29939"
1.0,0.1842105263157894,"4141,15376","4141,28318"
1.0,0.2619047619047619,"7502,12495","12495,38245"
-1.0,-0.4666666666666667,"15345,32687","8288,15345"
1.0,0.1237113402061855,"3431,15344","3431,36394"
1.0,1.0,"12435,21696","21696,40187"
-1.0,-0.6136363636363636,"15306,28583","4045,15306"
1.0,-0.2857142857142857,"15286,32621","14294,32621"
1.0,0.4838709677419355,"13483,15325","13483,24189"
1.0,0.4936708860759493,"13481,15322","5567,13481"
1.0,0.2032520325203252,"2450,15316","2450,26949"
1.0,-0.3333333333333333,"15918,31757","12103,31757"
-1.0,-1.0,"15915,32168","15915,21492"
-1.0,-1.0,"15900,33277","15900,16054"
-1.0,-0.4230769230769231,"14556,15899","14697,15899"
1.0,0.5853658536585366,"9774,15922","9774,25392"
1.0,-0.3428571428571428,"15925,33302","10217,33302"
1.0,-1.0,"15949,33327","21589,33327"
-1.0,-0.53125,"15934,33312","13137,15934"
-1.0,-1.0,"7632,12102","7632,10288"
1.0,0.1911764705882352,"8412,15893","8412,35084"
1.0,-0.0,"5539,10934","10934,12283"
1.0,1.0,"12230,20152","20152,38283"
-1.0,-0.4814814814814814,"15849,33233","15849,16145"
1.0,0.3846153846153846,"13881,15864","13881,35599"
1.0,0.3195876288659793,"5038,15882","5038,25291"
-1.0,-1.0,"5262,5528","5528,5673"
-1.0,-0.4782608695652174,"15869,33251","15869,17926"
-1.0,-0.4057971014492754,"15867,33248","5544,15867"
1.0,-0.1594202898550724,"15609,32981","4576,32981"
1.0,-0.5,"12166,26019","14644,26019"
-1.0,-0.2954545454545454,"16039,33430","16039,16985"
-1.0,-0.8461538461538461,"16017,33404","3238,16017"
1.0,0.3333333333333333,"7684,12169","7684,26560"
-1.0,-0.325,"16062,33454","13273,16062"
-1.0,-0.5652173913043478,"16050,33438","16050,16420"
1.0,-0.7017543859649122,"5433,24101","5575,24101"
-1.0,-0.4,"16047,33435","7069,16047"
1.0,-0.3333333333333333,"15976,33357","13957,33357"
1.0,-0.6451612903225806,"15969,29018","11768,29018"
-1.0,-0.5,"15959,33344","14088,15959"
1.0,-0.6097560975609756,"15981,22627","1910,22627"
-1.0,-0.3928571428571428,"15996,33375","6670,15996"
-1.0,-0.4482758620689655,"15840,33223","13975,15840"
-1.0,-0.5,"15688,33046","10075,15688"
-1.0,-0.2075471698113207,"15686,33045","9301,15686"
-1.0,-0.6774193548387096,"15685,33043","11347,15685"
1.0,0.5652173913043478,"12286,17434","17434,35060"
1.0,-0.5057471264367817,"15663,22628","5104,22628"
1.0,-0.2291666666666666,"12267,29501","10469,29501"
-1.0,-0.2941176470588235,"12268,29502","12268,17391"
1.0,0.5,"10678,15707","10678,28048"
-1.0,-0.48,"15706,19715","15706,16542"
1.0,-0.3703703703703703,"9888,15618","9888,13261"
-1.0,-0.392156862745098,"15611,32983","5641,15611"
1.0,0.2857142857142857,"12306,15029","15029,40484"
1.0,1.0,"5675,9342","9342,26892"
-1.0,-1.0,"12292,12967","9955,12292"
1.0,0.0,"15638,15700","7993,15700"
-1.0,-1.0,"15725,33084","9707,15725"
-1.0,-1.0,"12241,29472","10120,12241"
1.0,0.4313725490196078,"7601,8013","8013,28024"
1.0,1.0,"7608,20825","20825,31674"
-1.0,-0.625,"15834,33219","11490,15834"
-1.0,-0.6451612903225806,"5554,24175","5554,11937"
-1.0,-0.6071428571428571,"5556,24176","5556,12743"
1.0,0.6,"15085,15826","15085,32443"
1.0,-0.5238095238095238,"6753,12235","6753,19756"
1.0,0.5154639175257731,"4432,12236","4432,23575"
1.0,-0.108695652173913,"12243,27126","5589,27126"
1.0,-1.0,"15761,33122","21699,33122"
-1.0,-0.3846153846153846,"15747,32118","13744,15747"
1.0,1.0,"12247,21266","21266,27035"
-1.0,-0.5,"7599,25501","4505,7599"
1.0,-0.1195652173913043,"15763,33124","3082,33124"
-1.0,-1.0,"21070,39372","21070,22071"
1.0,1.0,"21076,21403","21403,39802"
-1.0,-0.7058823529411765,"8741,9886","8741,9885"
-1.0,-0.1354838709677419,"21086,39396","1529,21086"
1.0,-0.4761904761904761,"9861,27315","19090,27315"
-1.0,-0.6285714285714286,"21040,39339","10758,21040"
-1.0,-0.1650943396226415,"21045,39347","846,21045"
1.0,-0.2765957446808511,"21046,25253","11941,25253"
-1.0,-0.717948717948718,"15642,21047","8180,21047"
1.0,0.4545454545454545,"18521,21088","18521,40222"
1.0,1.0,"21124,21125","21125,39433"
-1.0,-0.1964285714285714,"21132,34887","12685,21132"
1.0,-0.196078431372549,"21134,39444","12612,39444"
1.0,0.3243243243243243,"9268,21136","9268,22476"
-1.0,-1.0,"21120,39427","21120,21497"
1.0,-0.3428571428571428,"21096,36802","10366,36802"
1.0,0.3111111111111111,"9827,12666","12666,33798"
-1.0,-1.0,"9112,9821","8613,9821"
1.0,-0.3472222222222222,"20939,26965","8052,26965"
1.0,1.0,"20944,22151","22151,39954"
1.0,-0.5,"20945,39217","21592,39217"
-1.0,-0.2886597938144329,"20957,39233","4868,20957"
1.0,1.0,"20234,20958","20234,38387"
-1.0,-0.4782608695652174,"20963,28683","18547,20963"
1.0,0.1413043478260869,"6198,20908","6198,35218"
-1.0,-0.2,"20912,39173","15674,20912"
1.0,-0.4545454545454545,"20922,26871","11630,26871"
1.0,1.0,"20966,20967","20967,39247"
1.0,-0.5,"1573,9385","9385,17304"
1.0,-1.0,"21004,39298","21952,39298"
-1.0,-0.3902439024390244,"21005,37336","14145,21005"
1.0,-0.675,"21010,23384","4054,23384"
-1.0,-0.1884057971014492,"20993,39289","5649,20993"
1.0,-0.7027027027027027,"9432,20972","9163,9432"
-1.0,-0.3157894736842105,"6852,8717","8717,9615"
-1.0,-0.4782608695652174,"9702,26045","9702,18529"
-1.0,-0.2682926829268293,"9700,27203","7780,9700"
1.0,0.4583333333333333,"8802,17597","17597,38760"
-1.0,-1.0,"17164,21327","21327,21727"
-1.0,-1.0,"21282,33926","21282,21464"
-1.0,-0.3333333333333333,"6905,21288","9145,21288"
1.0,-0.3333333333333333,"13176,21291","10413,13176"
1.0,0.1746031746031746,"16306,21293","4271,16306"
1.0,1.0,"21300,22241","22241,40852"
1.0,-0.0,"17167,21331","17167,18502"
1.0,-0.2181818181818181,"7067,9672","5196,7067"
1.0,-0.2857142857142857,"9312,21370","4694,9312"
-1.0,-0.3478260869565217,"21362,26029","7702,21362"
1.0,0.5,"18221,21332","18221,35948"
1.0,0.5555555555555556,"9296,9695","9296,26851"
-1.0,-0.1964285714285714,"21343,39722","13651,21343"
1.0,-0.4528301886792453,"21350,27169","7931,27169"
1.0,0.3170731707317073,"5781,21353","5781,24329"
-1.0,-0.490566037735849,"21354,39742","8562,21354"
1.0,0.2972972972972973,"13595,21198","13595,37257"
-1.0,-0.2413793103448276,"14069,21180","9726,21180"
1.0,0.369047619047619,"5602,21163","5602,25349"
1.0,0.6666666666666666,"8928,21152","8928,26545"
-1.0,-0.3541666666666667,"21159,39479","7327,21159"
1.0,0.3095238095238095,"13771,21161","13771,34392"
-1.0,-0.4126984126984127,"21165,39490","9062,21165"
1.0,-0.3617021276595745,"21169,30449","13185,30449"
-1.0,-0.1587301587301587,"8761,26413","5329,8761"
1.0,0.5573770491803278,"6805,21208","6805,24963"
-1.0,-0.3066666666666666,"21249,39608","7385,21249"
1.0,-0.5769230769230769,"21252,31641","14341,31641"
-1.0,-0.5,"21254,39614","9083,21254"
1.0,0.2413793103448276,"5111,21257","5111,10780"
-1.0,-0.6285714285714286,"21263,24474","5153,21263"
1.0,0.1929824561403508,"7968,21241","7968,37711"
1.0,0.5652173913043478,"17390,21218","17390,35007"
1.0,-0.3473684210526316,"21227,25108","7058,25108"
-1.0,-1.0,"9754,23440","9754,10191"
-1.0,-0.3529411764705882,"21235,29555","18125,21235"
1.0,0.2464403066812704,"1915,20596","1915,3990"
1.0,1.0,"20597,20622","20622,38801"
1.0,-1.0,"20603,26727","9167,26727"
1.0,0.45,"5119,20607","5119,24673"
-1.0,-0.4368932038834951,"20608,32834","4951,20608"
-1.0,-0.2666666666666666,"20620,38796","12735,20620"
-1.0,-0.1739130434782608,"20591,38778","5440,20591"
-1.0,-0.4927536231884058,"8631,26309","6715,8631"
1.0,0.5,"16313,20566","16313,33756"
-1.0,-1.0,"20587,29427","9425,20587"
-1.0,-0.4782608695652174,"20588,38771","18664,20588"
-1.0,-1.0,"1708,1933","1849,1933"
1.0,-0.375,"20664,26724","18537,26724"
1.0,-0.5806451612903226,"20665,29291","12056,29291"
1.0,-0.3911439114391143,"20670,22588","931,22588"
1.0,0.5,"1911,16097","16097,33494"
1.0,0.4571428571428571,"11995,20673","11995,30712"
1.0,1.0,"20644,20645","14278,20645"
1.0,0.1774193548387097,"7678,10099","7678,37495"
1.0,-0.5641025641025641,"20466,28009","10645,28009"
-1.0,-0.2839506172839506,"20468,38643","10161,20468"
-1.0,-0.1018518518518518,"20473,38658","4449,20473"
1.0,0.3372093023255814,"5661,20479","5661,25848"
1.0,-0.6282051282051282,"20484,23629","4544,23629"
-1.0,-0.2903225806451613,"2743,20447","5101,20447"
1.0,0.2241379310344827,"3857,20415","3857,26676"
1.0,0.6853932584269663,"3579,20423","3579,23172"
-1.0,-0.5833333333333334,"10155,27574","10155,15503"
1.0,0.0,"9849,20440","9849,21860"
1.0,-0.2,"20441,29478","8948,29478"
1.0,0.276595744680851,"15675,20442","6705,15675"
1.0,-1.0,"13897,20526","13897,22321"
1.0,0.3225806451612903,"11384,20540","11384,40882"
1.0,0.1204819277108433,"5128,20553","5128,40680"
-1.0,-0.1851851851851851,"20555,38727","11757,20555"
1.0,-1.0,"20560,23479","20874,23479"
1.0,-0.5681818181818181,"9178,20562","9178,13617"
-1.0,-0.2786885245901639,"20521,38700","10862,20521"
1.0,0.3414634146341463,"14634,20498","14634,20469"
1.0,-1.0,"20509,38688","20712,38688"
1.0,0.5217391304347826,"18821,20511","18821,36675"
-1.0,-0.4347826086956521,"20821,39076","16813,20821"
-1.0,-0.1538461538461538,"1742,22585","1742,10056"
-1.0,-0.3953488372093023,"20837,39098","13048,20837"
1.0,-0.4230769230769231,"15183,20842","15183,20213"
-1.0,-0.2045454545454545,"20844,38331","2849,20844"
1.0,-0.275,"20846,37047","13502,37047"
1.0,-0.2745098039215686,"20801,22081","9723,22081"
-1.0,-0.6666666666666666,"20807,26700","10688,20807"
1.0,-0.3092783505154639,"9979,23184","2772,23184"
1.0,0.4074074074074074,"14241,20815","14241,38720"
-1.0,-0.3793103448275862,"20848,39103","12037,20848"
-1.0,-0.3235294117647059,"8663,20879","17021,20879"
1.0,0.1182795698924731,"7057,20884","7057,38713"
1.0,1.0,"1677,1680","1677,1725"
1.0,0.2807017543859649,"8531,20864","8531,30851"
-1.0,-1.0,"20866,34959","2202,20866"
1.0,-0.65,"12105,20872","9059,12105"
1.0,-1.0,"20790,38481","20307,38481"
1.0,1.0,"9182,20719","9182,14566"
1.0,1.0,"20722,22199","13187,22199"
-1.0,-0.2553191489361702,"20723,26747","9188,20723"
1.0,1.0,"20725,22105","22105,40706"
1.0,0.7142857142857143,"9207,10009","7613,9207"
-1.0,-0.072992700729927,"20697,38910","3320,20697"
-1.0,-0.325,"20684,38894","8588,20684"
-1.0,-0.2558139534883721,"20690,25129","4895,20690"
1.0,-0.0,"13916,20691","6863,13916"
1.0,-0.1590909090909091,"20692,27164","3850,27164"
1.0,0.1325301204819277,"8835,20703","2918,8835"
-1.0,-0.6052631578947368,"20706,38929","10071,20706"
-1.0,-0.6451612903225806,"20735,38973","11436,20735"
-1.0,-0.1739130434782608,"20736,38976","9337,20736"
-1.0,-0.6,"20767,39007","14403,20767"
1.0,0.0,"9990,16302","16302,17252"
1.0,-0.3472222222222222,"20761,26945","9409,26945"
-1.0,-0.56,"17891,20756","15652,20756"
1.0,-0.141025641025641,"22034,38150","5515,38150"
-1.0,-0.1851851851851851,"22040,40635","7553,22040"
1.0,0.5227272727272727,"10087,22045","10087,27513"
-1.0,-0.7368421052631579,"22052,40640","5406,22052"
1.0,0.75,"6939,8984","6939,7729"
-1.0,-0.5185185185185185,"22008,40594","15964,22008"
1.0,0.2329749103942652,"442,632","632,3834"
-1.0,-0.3421052631578947,"22028,40624","9216,22028"
1.0,-0.2153846153846154,"22060,24035","3524,24035"
-1.0,-0.5,"22099,40702","21873,22099"
-1.0,-0.34375,"22100,40703","19827,22100"
1.0,-0.7770491803278688,"22106,22402","545,22402"
1.0,0.0,"20327,22111","20327,21712"
1.0,0.3333333333333333,"9210,18411","18411,36188"
1.0,-0.3953488372093023,"22124,30638","13384,30638"
1.0,0.2307692307692307,"8409,22089","8409,29833"
-1.0,-0.1456953642384106,"9227,9444","3547,9227"
1.0,0.4545454545454546,"11473,21918","9594,11473"
-1.0,-0.6,"8960,21093","8960,14550"
-1.0,-1.0,"9330,26877","9330,21772"
-1.0,-0.625,"21895,40443","5569,21895"
-1.0,-0.6923076923076923,"9354,9741","8647,9354"
1.0,-0.391304347826087,"9347,26899","8277,26899"
-1.0,-0.4285714285714285,"9336,26887","8290,9336"
1.0,0.5769230769230769,"14914,21912","14914,32253"
-1.0,-0.3333333333333333,"21913,40469","17516,21913"
-1.0,-0.0714285714285714,"21950,40521","2856,21950"
1.0,-0.4516129032258065,"12958,21975","12958,16512"
1.0,0.0958904109589041,"2187,21984","2187,33842"
1.0,0.4,"16347,21991","16347,33801"
1.0,0.4642857142857143,"14366,21992","14366,34012"
-1.0,-0.6666666666666666,"1987,9288","9288,11548"
1.0,1.0,"21998,21999","16180,21999"
1.0,0.2575757575757575,"13272,21961","13272,30534"
1.0,-0.5294117647058824,"21954,26306","8627,26306"
1.0,0.5641025641025641,"9317,10863","10863,28227"
-1.0,-0.5416666666666666,"21957,40538","17077,21957"
-1.0,-0.4583333333333333,"9315,26863","9315,17166"
1.0,-0.5,"21347,21964","10554,21347"
-1.0,-1.0,"21396,22291","21458,22291"
1.0,1.0,"21841,22310","21841,40372"
1.0,0.2033898305084746,"15573,22311","15573,35687"
-1.0,-0.2,"20611,22313","11755,22313"
-1.0,-0.2241379310344827,"9209,26765","7221,9209"
1.0,0.4328358208955224,"14648,22263","2748,14648"
-1.0,-0.2272727272727272,"9116,26694","9116,18867"
1.0,0.5,"18941,22272","18941,31518"
1.0,0.125,"7867,22276","7867,35427"
1.0,-0.1323076923076923,"4743,22314","450,4743"
1.0,0.5,"21035,22315","21035,39330"
-1.0,-0.144927536231884,"22365,27094","5462,22365"
1.0,-0.3571428571428571,"22368,32613","15279,32613"
1.0,-0.5,"22369,33680","16243,33680"
-1.0,-0.4782608695652174,"22371,40959","18970,22371"
1.0,0.0,"9079,18696","18696,20662"
1.0,0.6,"10947,22329","9435,10947"
1.0,0.603448275862069,"6453,22342","6453,24730"
-1.0,-0.282051282051282,"22336,40929","12394,22336"
-1.0,-0.3896103896103896,"22257,40868","7655,22257"
1.0,0.5454545454545454,"17833,22187","17833,35513"
-1.0,-0.6296296296296297,"9184,26743","9184,12925"
1.0,0.5652173913043478,"17101,22180","17101,34676"
1.0,0.5151515151515151,"13024,22155","13024,18398"
-1.0,-0.6071428571428571,"22244,40856","4366,22244"
-1.0,-0.4642857142857143,"22245,40857","14652,22245"
-1.0,-0.1746031746031746,"9122,26698","9122,11746"
1.0,-0.5294117647058824,"22198,29608","12375,29608"
-1.0,-0.59375,"22203,33955","12013,22203"
1.0,-0.6666666666666666,"22211,29052","11818,29052"
1.0,0.2083333333333333,"10354,22220","10354,40785"
-1.0,-0.2765957446808511,"9573,27086","9573,11984"
1.0,0.2702702702702703,"8570,21567","8570,39333"
1.0,-0.6086956521739131,"8256,21583","5327,8256"
-1.0,-0.7123287671232876,"21520,40002","4250,21520"
1.0,0.5652173913043478,"5766,9585","5766,24318"
1.0,1.0,"21532,21533","21533,30633"
-1.0,-0.5,"21536,35690","17977,21536"
1.0,1.0,"20176,21537","20176,38309"
1.0,0.5862068965517241,"6817,21545","6817,24972"
-1.0,-0.1363636363636363,"21546,23398","4081,21546"
-1.0,-0.4,"9579,27096","9579,9606"
1.0,0.4722222222222222,"9567,15334","12004,15334"
1.0,0.4583333333333333,"17107,21630","17107,38052"
1.0,-0.0630252100840336,"21635,31585","1601,31585"
-1.0,-0.1976744186046511,"21642,40133","5191,21642"
1.0,-0.2159090909090909,"21590,24398","2801,24398"
1.0,0.3333333333333333,"21346,21619","21346,39728"
1.0,-0.3090909090909091,"5871,9555","5871,11410"
-1.0,-0.4375,"21427,39847","12189,21427"
1.0,-0.48,"21431,36883","17610,36883"
1.0,-0.3333333333333333,"21435,39872","11727,39872"
1.0,-0.0,"6793,21438","6793,8468"
-1.0,-0.5,"21441,28157","21351,21441"
1.0,-0.160919540229885,"21444,27320","9021,27320"
1.0,-0.1408450704225352,"21446,39903","5141,39903"
1.0,0.3571428571428571,"4941,21424","4941,20254"
1.0,0.4782608695652174,"18439,21395","18439,38036"
1.0,-0.6571428571428571,"16115,21400","10177,16115"
-1.0,-0.3225806451612903,"21416,39820","20529,21416"
1.0,-0.3636363636363636,"8219,21419","8219,15434"
-1.0,-0.2631578947368421,"21488,39953","8298,21488"
1.0,1.0,"9607,20306","20306,38480"
1.0,0.4,"8696,21506","8696,29703"
1.0,0.5294117647058824,"8684,21512","8684,26347"
1.0,-0.3636363636363636,"12868,21461","12868,18252"
1.0,-0.5416666666666666,"21470,34872","17284,34872"
-1.0,-0.3235294117647059,"21809,40326","10078,21809"
1.0,0.0,"19343,21815","14190,19343"
1.0,-0.1489361702127659,"21776,32705","7597,32705"
1.0,1.0,"8525,21781","8525,26223"
-1.0,-0.1594202898550724,"21787,40303","1583,21787"
-1.0,-0.4782608695652174,"21798,40317","18573,21798"
-1.0,-0.4,"21868,40408","9942,21868"
1.0,-0.7333333333333333,"9375,25032","6913,25032"
1.0,-0.4328358208955223,"21845,25766","7930,25766"
-1.0,-0.2127659574468085,"21839,40370","10695,21839"
-1.0,-0.144927536231884,"16078,21843","8638,21843"
1.0,0.1351351351351351,"1382,21849","1382,29176"
-1.0,-0.3823529411764705,"21857,40395","10995,21857"
-1.0,-0.5,"21693,40185","21692,21693"
1.0,-0.3968253968253968,"21694,26929","9397,26929"
-1.0,-0.3613138686131387,"21705,40198","1926,21705"
1.0,0.4583333333333333,"16654,21708","16654,37324"
1.0,0.6206896551724138,"12021,21713","12021,29255"
1.0,-0.0873015873015873,"9481,27014","1771,27014"
-1.0,-0.2127659574468085,"9516,27030","9516,13263"
-1.0,-0.7073170731707317,"21669,40179","8098,21669"
-1.0,-0.2727272727272727,"14721,21674","14246,21674"
-1.0,-0.3333333333333333,"21680,40181","21477,21680"
-1.0,-0.5384615384615384,"21682,40182","16149,21682"
1.0,-0.0,"14943,21715","14943,22348"
-1.0,-0.1764705882352941,"21750,40237","14978,21750"
1.0,-0.0,"8919,14492","14492,15965"
-1.0,-0.1530612244897959,"21752,40246","2462,21752"
-1.0,-0.2641509433962264,"21763,40258","10285,21763"
1.0,-0.5384615384615384,"8925,26543","11356,26543"
1.0,-0.1349206349206349,"21720,29952","5158,29952"
-1.0,-0.3947368421052631,"21723,29479","10290,21723"
1.0,0.4399999999999999,"9478,22224","15998,22224"
-1.0,-0.4761904761904761,"21729,40219","19725,21729"
-1.0,-0.44,"21731,40220","15990,21731"
-1.0,-0.5652173913043478,"9100,9465","9465,17403"
-1.0,-0.3513513513513513,"21735,40223","17157,21735"
-1.0,-0.6271186440677966,"13266,30523","6090,13266"
-1.0,-0.3939393939393939,"20204,38359","11840,20204"
-1.0,-0.4545454545454545,"10287,27711","10287,11612"
1.0,-0.2333333333333333,"20145,33465","9843,33465"
1.0,0.1875,"3902,20293","3902,29480"
1.0,0.2615894039735099,"2091,20150","2091,22842"
1.0,0.0,"5115,20400","5115,16027"
1.0,-0.3298969072164948,"20317,25142","6848,25142"
-1.0,-0.5925925925925926,"10332,25566","10332,13864"
-1.0,-0.5,"20326,29259","16664,20326"
1.0,-0.2790697674418604,"20248,33557","7439,33557"
-1.0,-0.3636363636363636,"20333,22058","10897,20333"
1.0,0.1318681318681318,"10206,20246","10206,36208"
-1.0,-0.2708333333333333,"20384,26095","9096,20384"
-1.0,-0.5151515151515151,"20250,38418","13106,20250"
1.0,0.6382978723404256,"10224,18170","7624,18170"
-1.0,-0.5,"20134,27762","20134,21529"
-1.0,-0.6382978723404256,"8022,10222","7759,10222"
-1.0,-0.48,"20127,38256","17548,20127"
1.0,0.4074074074074074,"10308,10848","10848,28204"
1.0,-0.3,"20269,31764","11509,31764"
1.0,0.5,"20185,20190","20190,33579"
-1.0,-0.7045454545454546,"10249,27662","7486,10249"
-1.0,-0.5511811023622047,"20396,38591","2999,20396"
1.0,0.5,"20281,20311","20311,38484"
-1.0,-0.2619047619047619,"20172,38307","11887,20172"
1.0,1.0,"10302,20227","20227,38379"
1.0,0.44,"15888,20394","15888,31989"
-1.0,-0.5483870967741935,"10304,27723","10304,12813"
1.0,0.7111111111111111,"8649,10184","7187,8649"
-1.0,-0.3508771929824561,"20393,38590","11803,20393"
1.0,-0.2112676056338028,"15855,20171","12199,15855"
-1.0,-0.7093023255813954,"10320,27732","3584,10320"
-1.0,-0.18,"10322,27733","4528,10322"
1.0,-0.5217391304347826,"20163,21189","4584,21189"
1.0,0.6206896551724138,"12700,20263","12280,12700"
1.0,0.5333333333333333,"9080,20224","9080,14071"
1.0,0.4583333333333333,"16644,20106","16644,37318"
1.0,0.2222222222222222,"9320,10207","9320,38764"
-1.0,-0.660377358490566,"20088,38210","6430,20088"
-1.0,-0.5666666666666667,"20219,35121","13367,20219"
1.0,-0.1363636363636363,"8592,26274","7419,26274"
-1.0,-0.7,"20221,38375","8171,20221"
1.0,0.3142857142857143,"9902,20362","9902,10383"
-1.0,-0.3571428571428571,"20347,38531","15135,20347"
1.0,-0.5517241379310345,"20345,30276","13863,30276"
1.0,-0.7209302325581395,"20368,25415","7495,25415"
-1.0,-0.3272727272727272,"20117,38251","8709,20117"
-1.0,-0.3,"20118,38252","13220,20118"
-1.0,-0.3636363636363636,"20243,38412","11349,20243"
-0.9590443686006824,-0.9036697247706422,"432,438","432,724"
-0.935483870967742,0.935483870967742,"2311,6156","2311,6156"
-0.9349112426035504,0.0650887573964497,"1013,22460","1013,38739"
-0.9230769230769232,0.0769230769230769,"494,22395","494,28638"
-0.916030534351145,0.0839694656488549,"1506,22526","1506,37016"
0.912087912087912,0.4025974025974026,"923,7562","7562,25469"
0.9112903225806452,-0.2444444444444444,"1953,20708","1953,6685"
-0.9069767441860466,0.9069767441860466,"1558,13778","1558,13778"
0.9019607843137256,0.071301247771836,"127,174","174,24214"
0.8992805755395683,-0.8992805755395683,"1735,19407","1735,19407"
-0.8705882352941177,-0.6,"2799,22900","2799,14510"
-0.8671875,0.8671875,"2787,6504","2787,6504"
-0.8666666666666667,0.1333333333333333,"2159,22693","2159,32748"
0.8660714285714286,0.0892857142857142,"5186,19291","5186,39122"
-0.8631578947368421,0.1368421052631579,"2491,7300","2491,34778"
-0.863013698630137,0.136986301369863,"3386,23099","3386,36947"
0.8623853211009174,0.146788990825688,"7070,15339","7070,30709"
-0.8571428571428571,0.1428571428571428,"3627,23188","3627,40242"
-0.8555555555555556,0.8555555555555556,"7381,21280","7381,21280"
0.8535031847133758,-0.3627450980392157,"1293,22497","3261,22497"
0.8493150684931507,-0.8493150684931507,"5299,10391","5299,10391"
-0.8488372093023255,0.8488372093023255,"5405,12506","5405,12506"
-0.8472222222222222,-0.3174603174603174,"3529,15471","3529,7145"
0.8461538461538461,0.2051282051282051,"7821,9735","7821,31486"
-0.8461538461538461,0.1538461538461538,"3965,23351","3965,39096"
0.845360824742268,0.4329896907216495,"5306,15570","5306,24038"
0.8432835820895522,0.3358208955223881,"4905,21761","4905,14932"
-0.8421052631578947,0.1578947368421052,"2026,19812","2026,29705"
-0.8412698412698413,0.8412698412698413,"4173,17931","4173,17931"
0.84,-0.0,"3445,6907","6907,7115"
0.835820895522388,0.6617647058823529,"3953,4983","4983,23848"
-0.835820895522388,0.1641791044776119,"3900,23318","3900,25450"
-0.8356164383561644,0.1643835616438356,"3539,23152","3539,23426"
0.8305084745762712,-0.8305084745762712,"1130,5285","1130,5285"
0.8305084745762712,0.423728813559322,"3629,9538","9538,27055"
-0.8275862068965517,0.1724137931034483,"4614,23664","4614,39896"
0.8266666666666667,0.3333333333333333,"9459,17781","9459,27002"
0.826530612244898,-0.45,"2552,22813","10528,22813"
-0.8255813953488372,0.1744186046511628,"2950,22948","2950,30179"
-0.8225806451612904,0.1774193548387097,"4319,23516","4319,37408"
-0.8174603174603174,-0.2244897959183673,"1855,22616","1855,5894"
-0.8135593220338984,0.1864406779661017,"4648,23675","4648,17319"
0.8135593220338984,-0.253731343283582,"4427,4668","4427,8111"
-0.8130841121495327,0.1869158878504672,"2304,22736","2304,29041"
-0.8115942028985508,0.8115942028985508,"3947,12514","3947,12514"
-0.8108108108108107,0.8108108108108107,"3622,21484","3622,21484"
0.8076923076923077,-0.4230769230769231,"6837,7587","7587,9146"
-0.806930693069307,0.0495049504950495,"956,22452","956,35732"
0.8064516129032258,-0.8064516129032258,"7753,21482","7753,21482"
-0.8051948051948052,0.1948051948051948,"3515,23139","3515,32505"
-0.803921568627451,0.803921568627451,"5557,20539","5557,20539"
0.8,-0.8,"4283,5439","4283,5439"
-0.8,-0.3818181818181818,"5155,9293","5155,7283"
0.8,0.1714285714285714,"9003,20765","9003,36191"
-0.8,0.2,"2571,22821","2571,20208"
-0.8,0.2,"5068,23892","5068,14812"
-0.797752808988764,0.2022471910112359,"2964,22953","2964,29418"
-0.7972972972972973,0.2027027027027027,"3722,23223","3722,32608"
0.7971014492753623,0.463768115942029,"7208,10289","7208,25221"
-0.796875,0.796875,"4332,4795","4332,4795"
0.7966101694915254,0.2682926829268293,"4776,13205","13205,38216"
0.7961432506887052,0.2867092884245543,"418,22286","418,8757"
0.7959183673469388,0.7959183673469388,"5820,11626","5820,24346"
-0.7924528301886793,0.7924528301886793,"18756,18962","18756,18962"
0.7924528301886793,-0.7924528301886793,"7796,22301","7796,22301"
-0.7916666666666666,0.7916666666666666,"5870,9971","5870,9971"
0.7903225806451613,-0.7560975609756098,"4494,22950","7364,22950"
-0.7884615384615384,0.7884615384615384,"7934,18251","7934,18251"
0.7872340425531915,-0.4255319148936169,"7751,8633","6915,8633"
0.7857142857142857,0.4107142857142857,"10205,19721","10205,27628"
-0.7857142857142857,0.2142857142857142,"5097,10436","5097,36186"
-0.7857142857142857,0.0892857142857142,"2256,22716","2256,38975"
-0.7846153846153846,-0.2391304347826087,"4315,10536","4315,9844"
0.782608695652174,0.1617647058823529,"6211,8146","8146,36977"
0.782608695652174,-0.0331491712707182,"6277,24631","305,24631"
-0.7818181818181819,0.2181818181818181,"5174,23953","5174,35488"
0.7777777777777778,-0.7777777777777778,"6407,6597","6407,6597"
-0.7755102040816326,0.7755102040816326,"5933,15730","5933,15730"
0.7744360902255639,0.4883720930232558,"1824,6408","6408,10428"
0.7727272727272727,-0.4347826086956521,"6660,24850","17509,24850"
-0.7727272727272727,0.2272727272727272,"6682,16237","6682,39306"
0.7708333333333334,0.7708333333333334,"6176,11175","6176,23118"
-0.7708333333333334,0.2291666666666666,"6206,23376","6206,31380"
-0.7692307692307693,-0.5384615384615384,"4387,23549","4387,15342"
0.7692307692307693,0.5,"5698,12896","12896,22529"
0.7674418604651163,-0.7674418604651163,"10455,15231","10455,15231"
-0.7674418604651163,0.2325581395348837,"6866,13835","6866,18596"
0.7666666666666667,0.5,"3058,10374","10374,16545"
-0.7647058823529411,0.2352941176470588,"5747,24307","5747,22424"
-0.7636363636363637,-0.375,"8381,9531","9470,9531"
-0.7623762376237624,0.1287128712871287,"2680,22860","2680,33626"
-0.7619047619047619,0.7619047619047619,"10845,19888","10845,19888"
-0.7619047619047619,0.238095238095238,"3357,23080","3357,29031"
0.7608695652173914,-0.7608695652173914,"9583,21167","9583,21167"
0.7608695652173914,-0.7608695652173914,"3664,18066","3664,18066"
-0.76,0.12,"2066,3523","2066,32593"
0.7592592592592593,0.4259259259259259,"10259,11365","10259,27679"
-0.7589285714285714,0.1517857142857142,"2368,18237","2368,6464"
-0.7572815533980582,0.1067961165048543,"2635,22845","2635,32666"
-0.7568807339449541,0.1009174311926605,"938,22448","938,28186"
-0.7560975609756098,-0.4005420054200542,"7445,11133","7445,7989"
0.7551020408163265,-0.6082474226804123,"6063,23217","3715,23217"
-0.7534246575342466,0.2465753424657534,"4013,16616","4013,29659"
-0.7532467532467533,0.2467532467532467,"3727,23224","3727,8108"
-0.7515151515151515,0.7515151515151515,"1743,14857","1743,14857"
-0.75,0.25,"7032,16236","7032,18818"
-0.75,0.25,"6331,24657","6331,36308"
-0.75,0.75,"10778,18760","10778,18760"
-0.75,0.25,"5735,24301","5735,17905"
-0.75,0.25,"6217,24601","6217,35359"
-0.75,0.25,"6392,24692","6392,36808"
0.75,0.2083333333333333,"5730,5898","5898,27848"
-0.75,0.25,"7016,25085","7016,38410"
-0.7471264367816092,0.2528735632183908,"3307,23066","3307,28134"
-0.7457627118644068,0.7457627118644068,"4386,5151","4386,5151"
0.7457627118644068,-0.7457627118644068,"9061,22101","9061,22101"
-0.7450980392156863,0.2549019607843137,"5911,24361","5911,34176"
0.7441860465116279,0.4883720930232558,"11198,15762","11198,28503"
0.7435897435897436,-0.7435897435897436,"10500,14400","10500,14400"
-0.7435897435897436,0.2564102564102564,"7908,25754","7908,39262"
-0.7413793103448276,0.2586206896551724,"5173,23951","5173,31680"
-0.7407407407407407,0.2592592592592592,"5638,24248","5638,33350"
-0.74,0.26,"6193,24580","6193,35165"
-0.7384615384615385,0.2615384615384615,"4565,23645","4565,30029"
-0.7380952380952381,0.2619047619047619,"7545,25458","7545,38627"
0.7380952380952381,-0.52,"7569,25472","17285,25472"
-0.7380952380952381,0.7380952380952381,"7212,11205","7212,11205"
-0.7380952380952381,0.7380952380952381,"7446,7448","7446,7448"
-0.7380952380952381,0.2619047619047619,"7520,25443","7520,38441"
0.736842105263158,-0.736842105263158,"8157,10895","8157,10895"
0.736842105263158,0.543859649122807,"7382,9243","7382,25302"
-0.7368421052631579,0.2631578947368421,"8332,26056","8332,14824"
0.7333333333333333,-0.5,"6854,24989","15940,24989"
-0.7317073170731707,0.2682926829268293,"7675,25548","7675,37391"
-0.7317073170731707,0.2682926829268293,"7689,25567","7689,37628"
-0.7313432835820896,0.2686567164179104,"4559,23639","4559,29941"
-0.7307692307692307,0.2692307692307692,"3815,23268","3815,28292"
-0.7297297297297297,0.2702702702702703,"8682,26345","8682,40169"
-0.7297297297297297,0.2702702702702703,"8486,26189","8486,38931"
-0.7297297297297297,0.2702702702702703,"8509,26214","8509,38994"
-0.7294117647058823,0.1529411764705882,"3463,20220","3463,34141"
-0.7289719626168225,-0.3725490196078431,"7852,20395","10887,20395"
-0.7272727272727273,0.2727272727272727,"5613,24231","5613,20475"
0.7272727272727273,0.3571428571428571,"7164,12464","12464,27371"
-0.7272727272727273,0.2727272727272727,"7084,25136","7084,28574"
0.7272727272727273,-0.2727272727272727,"2266,3724","770,2266"
-0.7258064516129032,0.2741935483870967,"5000,11325","5000,30565"
-0.7254901960784313,0.7254901960784313,"9535,16652","9535,16652"
-0.725,-0.421969696969697,"7907,9246","7907,10063"
-0.725,0.275,"8073,25870","8073,38424"
-0.723404255319149,-0.1900709219858156,"6653,24844","6653,13533"
-0.723404255319149,0.2765957446808511,"6755,24927","6755,10690"
0.7222222222222222,-0.7222222222222222,"14600,18031","14600,18031"
0.7222222222222222,-0.7222222222222222,"6598,8931","6598,8931"
-0.7222222222222222,-0.7222222222222222,"5804,22914","5804,18476"
-0.7222222222222222,0.2777777777777778,"8956,26575","8956,39662"
0.7222222222222222,0.4166666666666667,"11957,14900","14900,32249"
-0.7209302325581395,0.7209302325581395,"9961,11361","9961,11361"
-0.7209302325581395,0.2790697674418604,"7433,25375","7433,36019"
0.72,0.3,"14916,18513","14916,32255"
0.71875,-0.71875,"3066,9901","3066,9901"
0.717948717948718,0.303030303030303,"8330,18583","18583,40318"
-0.7176470588235294,-0.5151515151515151,"3550,23159","3550,12852"
0.7176470588235294,-0.4268292682926829,"3536,23149","6519,23149"
0.7173913043478262,-0.7173913043478262,"6886,13999","6886,13999"
0.7162162162162162,-0.7162162162162162,"3031,4154","3031,4154"
-0.7142857142857143,0.7142857142857143,"9452,11954","9452,11954"
0.7142857142857143,-0.3125,"9183,26741","18123,26741"
-0.7142857142857143,0.2857142857142857,"6619,24818","6619,7128"
-0.7128712871287128,-0.5185185185185185,"4365,15333","15315,15333"
0.7111111111111111,-0.7111111111111111,"7106,16690","7106,16690"
0.7111111111111111,0.2666666666666666,"8828,21577","8828,27093"
-0.7105263157894737,-0.4819277108433735,"8691,26353","5253,8691"
0.7083333333333333,-0.7083333333333333,"10409,15126","10409,15126"
-0.708130081300813,0.708130081300813,"3076,3286","3076,3286"
-0.7066666666666667,0.1466666666666666,"4138,23423","4138,37309"
-0.7058823529411765,0.2941176470588235,"9751,27248","9751,39997"
-0.7054176072234764,0.0417607223476298,"104,22376","104,24569"
-0.7045454545454546,0.2954545454545454,"7422,25369","7422,34474"
-0.7045454545454546,-0.2115384615384615,"7391,25345","7391,8580"
-0.7027027027027027,-0.7027027027027026,"8938,26562","8938,15651"
-0.7021276595744681,0.2978723404255319,"6853,24988","6853,32767"
0.6976744186046512,-0.6976744186046512,"12330,15938","12330,15938"
-0.6976744186046512,0.3023255813953488,"7686,25565","7686,34378"
-0.6976744186046512,0.3023255813953488,"7785,25641","7785,26032"
-0.696969696969697,0.303030303030303,"10105,27530","10105,39533"
0.6956521739130435,0.4833333333333333,"4651,7488","3710,7488"
-0.6956521739130435,0.3043478260869565,"4607,23661","4607,13956"
-0.6956521739130435,0.6956521739130435,"7182,12212","7182,12212"
0.6944444444444444,-0.3055555555555556,"9523,20514","9523,20316"
-0.6944444444444444,0.3055555555555556,"9322,26873","9322,37778"
-0.6944444444444444,0.6944444444444444,"8152,9533","8152,9533"
-0.6944444444444444,0.3055555555555556,"9318,26869","9318,14696"
0.6938775510204082,0.2040816326530612,"9780,16163","9780,40106"
-0.6938775510204082,0.6938775510204082,"6726,14349","6726,14349"
0.6923076923076923,-0.6923076923076923,"13030,20095","13030,20095"
0.6923076923076923,-0.6923076923076923,"7667,11251","7667,11251"
0.6904761904761905,-0.3703703703703703,"7839,8129","8129,13141"
0.6904761904761905,-0.6511627906976745,"8100,25885","8459,25885"
0.6888888888888889,-0.6888888888888889,"7376,19973","7376,19973"
-0.6888888888888889,-0.2941176470588235,"7512,18141","7512,9407"
0.6875,-0.6875,"13501,20218","13501,20218"
0.6875,-0.6875,"18597,19810","18597,19810"
-0.6875,-0.6071428571428571,"10841,28200","10841,13209"
-0.6875,0.0625,"1481,22522","1481,36974"
-0.6875,-0.2826086956521739,"10581,27954","6971,10581"
0.6875,-0.4,"10590,27960","14985,27960"
0.6875,-0.6875,"6698,18478","6698,18478"
0.6862745098039216,-0.6862745098039216,"5197,6460","5197,6460"
0.6857142857142857,0.3428571428571428,"9627,12118","9627,10050"
-0.6851851851851852,0.3148148148148148,"6205,24593","6205,30679"
0.6842105263157895,-0.6842105263157895,"5795,12955","5795,12955"
0.6842105263157895,-0.6097560975609756,"8920,16226","2779,8920"
0.6842105263157895,-0.1923076923076923,"8980,25604","3922,25604"
0.6829268292682926,-0.6829268292682926,"12609,15727","12609,15727"
-0.6818181818181818,0.3181818181818182,"7649,25527","7649,32899"
-0.6818181818181818,0.3181818181818182,"7700,25576","7700,13259"
-0.6810344827586207,0.3189655172413793,"2600,22835","2600,24494"
0.6808510638297872,-0.6808510638297872,"6213,7080","6213,7080"
0.6808510638297872,-0.2941176470588235,"7100,15989","7100,9831"
-0.68,0.32,"4301,23503","4301,27074"
0.6788321167883211,0.3503649635036496,"4633,12047","4633,23669"
-0.6781609195402298,0.0459770114942528,"845,22429","845,36175"
-0.6774193548387096,0.3225806451612903,"11355,28628","11355,40778"
-0.6774193548387096,0.3225806451612903,"375,10904","3169,10904"
-0.6774193548387096,0.3225806451612903,"1086,11067","11067,39625"
0.6774193548387096,0.6153846153846154,"9689,11379","9689,9738"
-0.6774193548387096,0.3225806451612903,"11127,28455","11127,39933"
-0.6774193548387096,-0.48,"11216,28515","11216,17582"
-0.6774193548387096,0.3225806451612903,"10980,28319","10980,39215"
0.6766917293233083,-0.6766917293233083,"4124,9127","4124,9127"
-0.6764705882352942,0.6764705882352942,"10010,12048","10010,12048"
-0.6756756756756757,0.3243243243243243,"9211,9241","9211,35502"
-0.6756756756756757,0.3243243243243243,"9313,26862","9313,35949"
-0.675,-0.3529411764705882,"8506,26210","8506,18434"
0.675,0.325,"16348,18954","16348,35215"
-0.675,0.325,"8769,26424","8769,35142"
-0.675,0.675,"11815,13135","11815,13135"
0.675,0.5961538461538461,"8653,8654","7450,8654"
-0.6744186046511628,-0.3555780249410178,"8060,25864","4771,8060"
-0.6744186046511628,0.3255813953488372,"7935,25769","7935,24068"
0.6744186046511628,-0.1612903225806451,"7860,25710","10787,25710"
-0.6739130434782609,0.6739130434782609,"11161,14135","11161,14135"
-0.6739130434782609,-0.4878048780487805,"7565,25470","7565,11207"
-0.673469387755102,0.3265306122448979,"6831,20503","6831,30716"
-0.6730769230769231,-0.6296296296296297,"6467,24740","6467,13070"
0.6701030927835052,-0.6701030927835052,"5242,14637","5242,14637"
0.6694214876033058,-0.6694214876033058,"5633,10557","5633,10557"
0.6666666666666667,0.2916666666666667,"3559,12073","12073,32812"
0.6666666666666667,-0.6666666666666667,"13010,17245","13010,17245"
0.6666666666666667,-0.6666666666666667,"11498,14430","11498,14430"
0.6666666666666667,-0.6666666666666667,"6349,21375","6349,21375"
0.6666666666666667,0.4583333333333333,"10703,12045","10703,28073"
-0.6666666666666666,0.3333333333333333,"11806,29050","11806,40314"
-0.6666666666666666,0.3333333333333333,"11553,28838","11553,21034"
-0.6666666666666666,0.3333333333333333,"11563,28848","11563,14570"
-0.6666666666666666,-0.2051282051282051,"11672,28935","10991,11672"
0.6666666666666666,0.5,"11656,19204","19204,32103"
-0.6666666666666666,-0.4285714285714285,"8241,26000","8241,12249"
-0.6666666666666666,0.3333333333333333,"10729,28105","10729,35297"
-0.6666666666666666,0.3333333333333333,"9829,27296","9829,32298"
-0.6666666666666666,0.3333333333333333,"9006,26619","9006,13177"
-0.6666666666666666,0.3333333333333333,"10585,27955","10585,37780"
-0.6666666666666666,0.3333333333333333,"9832,27298","9832,36399"
-0.6666666666666666,0.3333333333333333,"5654,24254","5654,29048"
-0.6666666666666666,0.3333333333333333,"11412,28682","11412,31265"
0.6666666666666666,-0.5,"10484,25827","19404,25827"
0.6603773584905661,-0.6603773584905661,"6476,14350","6476,14350"
0.6590909090909091,-0.2040816326530612,"7897,25744","5835,25744"
0.6588235294117647,0.4482758620689655,"3934,17954","7116,17954"
-0.6578947368421053,0.3421052631578947,"9430,26968","9430,34888"
-0.6571428571428571,-0.3321428571428572,"7002,10274","8721,10274"
0.6571428571428571,0.2906976744186046,"3537,10001","3537,26813"
0.6571428571428571,0.3714285714285714,"11294,16758","16758,34287"
0.6571428571428571,-0.1538461538461538,"9973,27404","6379,27404"
-0.6563106796116505,0.6563106796116505,"359,14668","359,14668"
-0.65625,0.34375,"11125,28454","11125,37892"
0.65625,0.1694915254237288,"6104,11376","6104,37395"
-0.65625,0.34375,"11220,17843","11220,38161"
-0.65625,0.34375,"11407,28675","11407,38798"
0.65625,-0.65625,"11106,14540","11106,14540"
0.65625,-0.3125,"11194,28502","18483,28502"
-0.6551724137931034,0.3448275862068966,"7311,12003","12003,38947"
0.6534653465346535,0.3762376237623762,"4837,6009","6009,24464"
-0.6511627906976745,0.6511627906976745,"8386,18929","8386,18929"
-0.6507936507936508,-0.4901960784313725,"5542,6767","6767,9027"
-0.65,0.35,"8977,11528","8977,33215"
0.65,0.0,"5708,9019","5708,12225"
-0.6491228070175439,0.3508771929824561,"6180,24568","6180,29140"
-0.6486486486486487,-0.6486486486486487,"9565,27075","9565,12723"
-0.6486486486486487,0.3513513513513513,"9768,25980","9768,34646"
-0.6486486486486487,0.3513513513513513,"9892,27339","9892,35033"
0.6486486486486487,-0.282051282051282,"9803,27274","8328,27274"
-0.6486486486486487,0.3513513513513513,"9889,27330","9889,35011"
0.6470588235294117,-0.6470588235294117,"11606,19943","11606,19943"
-0.6470588235294117,0.6470588235294117,"16014,18047","16014,18047"
0.6470588235294117,0.3235294117647059,"18621,21744","13824,18621"
0.6461538461538461,0.3384615384615385,"10340,22107","10340,28165"
-0.6451612903225806,0.3548387096774194,"11897,29145","11897,38549"
-0.6451612903225806,0.6451612903225806,"11771,13640","11771,13640"
-0.6451612903225806,0.6451612903225806,"11218,11884","11218,11884"
0.6451612903225806,0.5555555555555556,"7747,11542","7747,25598"
-0.6451612903225806,0.2258064516129032,"3610,23180","3610,24795"
-0.6451612903225806,0.3548387096774194,"3614,23182","3614,14273"
-0.6447368421052632,0.6447368421052632,"8747,20128","8747,20128"
0.6444444444444445,0.5833333333333333,"3723,10923","10923,15327"
0.6428571428571429,0.56,"12273,15974","15974,33356"
-0.6428571428571429,0.3571428571428571,"12513,29749","12513,40409"
0.6428571428571429,-0.5238095238095238,"12437,20003","20003,20199"
-0.6428571428571429,0.3571428571428571,"12525,29764","12525,40461"
-0.6428571428571429,0.3571428571428571,"12155,29382","12155,39284"
0.6428571428571429,0.0,"7758,12682","7758,8679"
0.6428571428571429,-0.180327868852459,"4931,11162","7802,11162"
-0.6428571428571429,0.3571428571428571,"12631,29884","12631,40815"
0.6428571428571429,0.4814814814814814,"12301,15566","15566,34230"
0.6428571428571429,-0.4347826086956521,"8571,26261","17555,26261"
0.6428571428571429,0.1833333333333333,"5942,8479","5942,37877"
-0.6428571428571429,0.3571428571428571,"12326,29566","12326,39907"
-0.6428571428571428,0.6428571428571428,"12254,20453","12254,20453"
-0.640625,0.359375,"5502,24138","5502,25376"
0.64,0.5,"7122,21211","21211,28357"
0.64,0.328125,"4606,5252","5252,28529"
-0.639344262295082,-0.6296296296296297,"5860,24369","5860,13026"
-0.6388888888888888,0.3611111111111111,"10007,27439","10007,34038"
0.6388888888888888,0.6388888888888888,"10108,18436","10108,27537"
-0.6385542168674698,0.3614457831325301,"4139,23424","4139,25523"
0.6382978723404256,0.6153846153846154,"7596,13787","13787,31049"
-0.6379310344827587,0.6379310344827587,"4057,10517","4057,10517"
-0.6370370370370371,-0.3125,"2335,22745","2335,12904"
0.6363636363636364,-0.56,"6544,13699","13699,15800"
0.6363636363636364,0.6363636363636364,"11394,19601","11394,28663"
0.6363636363636364,-0.6363636363636364,"11892,18433","11892,18433"
0.6363636363636364,0.3421052631578947,"5342,9254","9254,34224"
-0.6363636363636364,0.1818181818181818,"6507,24766","6507,31694"
0.6363636363636364,0.55,"10481,10983","10481,27874"
-0.635265893642543,0.635265893642543,"794,14131","794,14131"
0.6338797814207651,-0.6338797814207651,"1565,6541","1565,6541"
0.6326530612244898,-0.0,"7574,20482","15130,20482"
-0.631578947368421,0.3684210526315789,"9637,27143","9637,32918"
-0.631578947368421,0.3684210526315789,"9960,27390","9960,33847"
0.631578947368421,-0.631578947368421,"9883,15079","9883,15079"
-0.6304347826086957,0.3695652173913043,"8084,25874","8084,15261"
-0.6304347826086957,-0.2727272727272727,"7858,25707","7214,7858"
-0.6296296296296297,0.3703703703703703,"12886,30151","12886,39295"
-0.6296296296296297,-0.2941176470588235,"12876,30140","6290,12876"
0.6296296296296297,-0.2244897959183673,"12879,27824","5925,27824"
-0.6296296296296297,0.3703703703703703,"13049,30308","13049,39845"
-0.6296296296296297,-0.6296296296296297,"13308,17418","12901,13308"
-0.6296296296296297,0.3703703703703703,"12726,29985","12726,38935"
-0.6296296296296297,0.3703703703703703,"12724,29984","12724,38928"
-0.6296296296296297,0.3703703703703703,"12982,30241","12982,39631"
-0.6296296296296297,-0.4827586206896552,"13282,30548","13282,14762"
-0.6296296296296297,0.3703703703703703,"12985,30245","12985,39643"
0.6296296296296297,0.2711864406779661,"7047,13408","7047,25746"
-0.6285714285714286,0.3714285714285714,"10510,27897","10510,34279"
-0.6285714285714286,0.3714285714285714,"10752,28127","10752,34980"
-0.6282051282051282,-0.2068965517241379,"4557,23635","3471,4557"
-0.627906976744186,0.3720930232558139,"8505,26208","8505,30786"
-0.625,0.375,"11476,28758","11476,20006"
-0.625,0.625,"7830,22067","7830,22067"
-0.625,0.375,"11460,28297","11460,35452"
-0.625,0.375,"11834,29076","11834,36476"
-0.625,0.375,"11459,28742","11459,29081"
0.625,-0.3018867924528302,"4980,23846","9324,23846"
0.625,0.4074074074074074,"11900,16136","14072,16136"
-0.6226415094339622,-0.3513513513513513,"11232,11909","11909,16811"
-0.6226415094339622,0.6226415094339622,"6911,14592","6911,14592"
-0.6213592233009708,0.116504854368932,"3324,7091","3324,26739"
-0.6212121212121212,0.1818181818181818,"5501,14794","5501,36132"
0.6206896551724138,-0.25,"12516,29754","14741,29754"
-0.6206896551724138,0.3793103448275862,"12110,29340","12110,37287"
0.6206896551724138,-0.35,"12207,29424","8969,29424"
-0.6206896551724138,0.3793103448275862,"12480,16757","12480,38186"
-0.6206896551724138,0.043103448275862,"1161,22478","1161,40280"
-0.6206896551724138,-0.3636363636363636,"12345,29586","11782,12345"
-0.6206896551724138,0.3793103448275862,"12232,24345","12232,37595"
-0.6206896551724138,0.3793103448275862,"12424,29663","12424,38109"
-0.6206896551724138,0.3793103448275862,"12644,23253","12644,20399"
-0.6206896551724138,0.3793103448275862,"12096,29333","12096,37269"
-0.6181818181818182,0.3818181818181818,"6719,24879","6719,28426"
0.6176470588235294,-0.2222222222222222,"11154,25234","1653,25234"
-0.6176470588235294,-0.52,"11243,22102","11243,17426"
-0.6176470588235294,0.3823529411764705,"11074,23638","11074,28305"
-0.6176470588235294,0.6176470588235294,"11070,16373","11070,16373"
-0.6176470588235294,0.3823529411764705,"11000,28345","11000,34238"
-0.6164383561643836,0.1643835616438356,"4982,23847","4982,36397"
-0.6163522012578616,0.0880503144654088,"1973,22647","1973,33216"
0.6153846153846154,0.6153846153846154,"3927,12929","3927,23332"
0.6153846153846154,-0.5483870967741935,"14249,29149","13143,29149"
-0.6153846153846154,0.6153846153846154,"7261,9289","7261,9289"
-0.6153846153846154,-0.1578947368421052,"15165,20377","8589,20377"
-0.6153846153846154,0.6153846153846154,"9887,16179","9887,16179"
0.6153846153846154,-0.6,"13475,14050","14050,14457"
-0.6153846153846154,0.3846153846153846,"13901,31171","13901,21544"
-0.6153846153846154,0.3846153846153846,"13812,31076","13812,39747"
-0.6153846153846154,0.3846153846153846,"9680,27179","9680,22916"
-0.6143790849673203,-0.0285204991087343,"2067,22669","2067,3728"
0.6142857142857143,-0.1492537313432835,"5241,23999","9839,23999"
-0.6140350877192983,0.1052631578947368,"3009,22973","3009,23750"
0.6136363636363636,-0.6136363636363636,"5624,13811","5624,13811"
-0.6136363636363636,0.3863636363636363,"8698,26363","8698,30457"
-0.6125,0.6125,"4471,16418","4471,16418"
-0.6111111111111112,0.3888888888888889,"10665,28039","10665,33338"
-0.6111111111111112,0.1851851851851851,"6836,24979","6836,38965"
-0.6111111111111112,-0.6111111111111112,"10796,25122","10796,17742"
0.6111111111111112,0.6111111111111112,"7920,10692","10692,28065"
0.6111111111111112,0.1851851851851851,"11191,19860","11191,40170"
-0.6097560975609756,0.3902439024390244,"9515,27029","9515,31500"
-0.609375,0.609375,"9292,11057","9292,11057"
-0.6086956521739131,0.391304347826087,"5396,24081","5396,26360"
-0.6086956521739131,0.391304347826087,"8162,25938","8162,29250"
-0.6073619631901841,-0.1586801525451832,"1942,11380","1942,16182"
-0.6071428571428571,0.3928571428571428,"12895,30163","12895,37430"
-0.6071428571428571,0.3928571428571428,"9986,12709","12709,36966"
0.6071428571428571,-0.5,"13347,23334","21617,23334"
-0.6071428571428571,0.3928571428571428,"13323,30579","13323,38526"
0.6071428571428571,-0.2444444444444444,"13357,23786","9854,23786"
-0.6071428571428571,-0.0871428571428571,"13223,29037","13223,17277"
-0.6071428571428571,-0.5294117647058824,"13426,16938","12668,13426"
-0.6071428571428571,0.3928571428571428,"12804,30072","12804,32204"
-0.6071428571428571,0.0693277310924369,"12786,30050","10237,12786"
-0.6060606060606061,0.6060606060606061,"6337,11417","6337,11417"
-0.6060606060606061,0.3939393939393939,"11797,25115","11797,34791"
-0.6060606060606061,0.3939393939393939,"11788,27042","11788,34773"
-0.6060606060606061,0.3939393939393939,"11522,19453","11522,34166"
-0.6060606060606061,0.3939393939393939,"11979,29202","11979,35266"
-0.6060606060606061,0.3939393939393939,"11772,14826","5481,11772"
-0.6052631578947368,0.6052631578947368,"4892,20762","4892,20762"
-0.6043956043956044,-0.1377289377289377,"4033,23375","4033,9784"
-0.6037735849056604,0.3962264150943396,"7077,25128","7077,28253"
-0.6025641025641025,-0.4918032786885246,"4779,23743","4779,7536"
-0.6024096385542168,0.6024096385542168,"4405,9984","4405,9984"
0.6,0.2869565217391304,"3120,12269","3120,25030"
-0.6,0.4,"7801,25653","7801,29104"
0.6,0.4814814814814814,"14276,15287","15287,33877"
-0.6,0.6,"9911,17342","9911,17342"
-0.6,0.4,"7604,25503","7604,28734"
-0.6,0.4,"15119,24801","15119,40682"
-0.6,0.4,"14443,31762","14443,39139"
-0.6,0.4,"15006,32361","15006,40411"
-0.6,0.4,"8770,26426","8770,29878"
0.6,-0.56,"12623,29871","15540,29871"
-0.6,0.4,"12022,29256","12022,35400"
0.6,0.5238095238095238,"15011,20417","20417,38604"
0.6,0.5,"8723,21894","21894,40442"
-0.6,0.4,"11310,25045","11310,33627"
-0.6,0.4,"14923,32263","14923,40226"
-0.6,0.4,"14313,31612","14313,38924"
-0.6,-0.55,"12168,29394","10842,12168"
-0.6,0.4,"14619,31947","14619,39576"
-0.6,-0.5,"15143,15852","15143,20732"
-0.6,-0.2296296296296296,"15176,32526","12854,15176"
-0.6,0.4,"12675,29914","12675,36849"
-0.6,0.4,"15215,32558","15215,40834"
-0.5970149253731343,0.2238805970149253,"5625,24240","5625,32132"
-0.5967741935483871,0.4032258064516129,"6077,24505","6077,26804"
-0.5961538461538461,0.2115384615384615,"7399,25352","7399,37548"
0.5954198473282443,0.099236641221374,"3318,8411","3318,35243"
-0.5945945945945946,0.4054054054054054,"10544,27919","10544,31952"
-0.5945945945945946,0.4054054054054054,"10770,28138","10770,32457"
-0.59375,0.1145833333333333,"3811,23266","3811,37193"
0.5930232558139534,0.127906976744186,"1254,5609","5609,37649"
-0.5925925925925926,0.4074074074074074,"13489,23096","10898,13489"
-0.5925925925925926,-0.3055555555555556,"14143,16712","14143,16071"
-0.5925925925925926,0.4074074074074074,"13798,31057","13798,37702"
0.5925925925925926,-0.5833333333333334,"11983,13477","13477,15293"
-0.5925925925925926,0.4074074074074074,"7185,25214","7185,27982"
0.5925925925925926,0.0,"13180,13722","13180,19523"
0.5925925925925926,-0.4782608695652174,"13463,15289","15289,17640"
-0.5925925925925926,0.4074074074074074,"13634,30898","13634,37332"
0.5921052631578947,-0.5921052631578947,"7332,8414","7332,8414"
-0.5918367346938775,0.4081632653061224,"7891,25742","7891,26229"
-0.5909090909090909,0.4090909090909091,"9072,23882","9072,29765"
-0.5897435897435898,0.4102564102564102,"10127,21274","10127,31044"
-0.5897435897435898,0.4102564102564102,"10241,27657","10241,31255"
-0.5892857142857143,0.2321428571428571,"6985,25068","6985,31459"
-0.5892857142857143,0.2142857142857142,"6906,25024","6906,35823"
-0.5882352941176471,0.4117647058823529,"11446,15549","11446,18966"
0.5882352941176471,-0.5483870967741935,"11917,29163","13350,29163"
0.5862068965517242,0.5862068965517241,"13160,21335","13160,30421"
-0.5862068965517241,0.4137931034482758,"12831,30097","12831,35581"
-0.5862068965517241,-0.5,"13064,14507","11212,13064"
0.5862068965517241,0.5384615384615384,"8331,13330","8331,26055"
-0.5862068965517241,0.4137931034482758,"6785,24950","6785,27361"
0.5857142857142856,-0.5857142857142856,"7392,10522","7392,10522"
0.5853658536585367,-0.5853658536585367,"9810,20021","9810,20021"
-0.5853658536585366,0.4146341463414634,"9808,27280","9808,30434"
-0.5846153846153846,0.2615384615384615,"5988,24454","5988,30502"
-0.5833333333333334,0.4166666666666667,"11025,28365","11025,31885"
0.5833333333333334,0.0,"16312,22223","12043,22223"
-0.5833333333333334,0.4166666666666667,"16223,24643","16223,40673"
-0.5833333333333334,0.4166666666666667,"16114,33519","16114,40462"
-0.5833333333333334,-0.3181818181818182,"15348,32690","7645,15348"
-0.5833333333333334,0.4166666666666667,"16157,33564","16157,40557"
-0.5833333333333334,-0.2196969696969696,"15682,33039","11050,15682"
-0.5833333333333334,0.4166666666666667,"15892,33272","15892,40036"
-0.5833333333333334,0.4166666666666667,"15312,32661","15312,38911"
-0.5833333333333334,0.4166666666666667,"16239,33676","16239,31864"
-0.5833333333333334,0.4166666666666667,"15933,33311","15933,40132"
-0.5833333333333334,0.4166666666666667,"15797,33162","15797,39787"
-0.5833333333333334,-0.2499999999999999,"15591,32972","11559,15591"
-0.5833333333333334,0.4166666666666667,"15585,32956","15585,39332"
0.5833333333333334,-0.0,"7850,8149","4374,7850"
-0.5833333333333334,0.4166666666666667,"11377,28649","11377,32564"
-0.5833333333333334,0.4166666666666667,"15783,33149","15783,33285"
-0.5833333333333334,0.0745614035087719,"16108,33515","9063,16108"
-0.5833333333333334,0.4166666666666667,"15839,33221","15839,39916"
-0.5833333333333334,0.4166666666666667,"10910,16316","16316,30003"
-0.5833333333333334,0.4166666666666667,"15457,32806","15457,39050"
-0.5833333333333334,0.4166666666666667,"16128,33541","16128,40500"
-0.5833333333333334,0.4166666666666667,"15897,17151","15897,40043"
0.5833333333333334,0.0,"8936,15558","4901,8936"
-0.5833333333333334,0.4166666666666667,"16191,33611","16191,40611"
-0.5833333333333334,0.4166666666666667,"15820,33182","15820,39836"
0.5833333333333333,-0.5833333333333333,"15430,18807","15430,18807"
0.5833333333333333,0.2777777777777778,"14534,21397","14534,39367"
-0.5818181818181818,0.1818181818181818,"7204,25218","7204,30188"
-0.5806451612903226,0.4193548387096774,"12678,27142","12678,34330"
-0.5806451612903226,0.4193548387096774,"12193,24811","12193,13696"
-0.5806451612903226,0.4193548387096774,"12324,18320","12324,34568"
0.5800000000000001,-0.5800000000000001,"11036,20796","11036,20796"
-0.58,0.22,"8091,25880","8091,38501"
0.5797101449275363,0.5797101449275363,"5607,6237","5607,24226"
-0.5795454545454546,0.5795454545454546,"6092,8731","6092,8731"
-0.5789473684210527,0.4210526315789473,"10738,28115","10738,31393"
0.5789473684210527,0.0977443609022556,"3889,7615","3889,34132"
-0.5769230769230769,0.4230769230769231,"7713,10693","7713,27966"
-0.5769230769230769,0.4230769230769231,"14628,15092","15092,38463"
0.5769230769230769,0.5769230769230769,"11652,14893","14893,32241"
-0.5769230769230769,0.4230769230769231,"15015,32371","15015,38322"
-0.5769230769230769,0.4230769230769231,"14772,32110","14772,37906"
-0.5769230769230769,0.4230769230769231,"14292,31595","14292,36970"
-0.5769230769230769,0.4230769230769231,"14414,31729","14414,37208"
-0.5769230769230769,0.4230769230769231,"14418,31737","14418,37232"
0.5769230769230769,0.5769230769230769,"14563,15634","14563,15635"
-0.5769230769230769,0.4230769230769231,"14463,31777","14463,37304"
0.5769230769230769,-0.2424242424242424,"4446,14572","3797,4446"
-0.5769230769230769,-0.5769230769230769,"14874,32227","14874,18401"
-0.5769230769230769,0.4230769230769231,"15004,32359","15004,38295"
-0.5769230769230769,0.4230769230769231,"15048,32407","15048,38388"
-0.5769230769230769,0.4230769230769231,"14956,32295","10487,14956"
-0.5769230769230769,0.4230769230769231,"14855,32209","14855,38062"
-0.5769230769230769,0.4230769230769231,"14736,32075","14736,28947"
0.5769230769230769,0.3333333333333333,"11569,15175","11569,39385"
-0.5769230769230769,-0.011705685618729,"14479,31787","14479,17184"
0.5769230769230769,0.0,"7814,11619","8469,11619"
-0.5757575757575758,0.4242424242424242,"5880,7298","5880,25940"
0.574468085106383,0.3617021276595745,"11792,21762","11792,30443"
-0.574468085106383,0.425531914893617,"8608,9996","8608,28899"
-0.5740740740740741,0.4259259259259259,"7441,25381","7441,27605"
0.5737704918032787,0.3770491803278688,"7367,8870","8870,27486"
-0.5735294117647058,0.5735294117647058,"4339,7875","4339,7875"
-0.5729166666666666,0.1666666666666666,"3996,23362","3996,31098"
-0.5714285714285714,0.4285714285714285,"13574,30824","13574,35529"
-0.5714285714285714,0.4285714285714285,"11725,28983","11725,32154"
-0.5714285714285714,0.4285714285714285,"11691,28955","11691,32090"
-0.5714285714285714,0.4285714285714285,"9909,27353","9909,21365"
-0.5714285714285714,0.4285714285714285,"6163,13817","13817,35981"
-0.5714285714285714,0.4285714285714285,"13686,30951","13686,35731"
-0.5714285714285714,0.4285714285714285,"13607,30858","13607,35590"
-0.5714285714285714,0.4285714285714285,"14230,31524","14230,36796"
-0.5714285714285714,0.4285714285714285,"13968,31245","13968,36307"
-0.5714285714285714,0.4285714285714285,"13936,31218","13936,17522"
-0.5714285714285714,0.4285714285714285,"14027,31338","14027,36438"
0.5675675675675675,-0.5675675675675675,"11081,16857","11081,16857"
-0.5675675675675675,0.4324324324324324,"10885,28240","10885,30704"
-0.5675675675675675,0.4324324324324324,"10900,28256","10900,30731"
-0.5675675675675675,0.4324324324324324,"11053,28387","11053,31016"
-0.5675675675675675,0.4324324324324324,"11023,28364","11023,30966"
-0.5666666666666667,0.4333333333333333,"13414,24475","11764,13414"
-0.5666666666666667,0.4333333333333333,"13004,30262","13004,21308"
-0.5666666666666667,0.4333333333333333,"13417,30661","13417,27401"
-0.5666666666666667,0.4333333333333333,"13440,28803","13440,35253"
-0.5666666666666667,0.4333333333333333,"12788,29864","12788,34059"
0.5666666666666667,0.3688524590163934,"4923,6821","4923,23821"
-0.5660377358490566,0.2075471698113207,"7629,15948","7629,13963"
-0.5652173913043479,-0.3461538461538461,"13731,16820","12221,13731"
0.5652173913043479,0.217391304347826,"8707,11635","11635,28088"
0.5652173913043479,-0.5652173913043479,"17055,21527","17055,21527"
-0.5652173913043478,0.4347826086956521,"9129,26703","9129,29164"
-0.5652173913043478,0.4347826086956521,"16600,30717","16600,27081"
-0.5652173913043478,0.4347826086956521,"17146,34716","17146,40166"
-0.5652173913043478,0.4347826086956521,"17168,34735","17168,40192"
-0.5652173913043478,0.4347826086956521,"17209,34780","17209,40252"
-0.5652173913043478,0.4347826086956521,"17416,22918","17416,40633"
-0.5652173913043478,0.4347826086956521,"17419,21338","17419,40637"
0.5652173913043478,0.25,"8058,16557","8058,34911"
-0.5652173913043478,0.4347826086956521,"17216,34786","17216,40266"
0.5652173913043478,-0.4186046511627907,"13473,17218","9492,13473"
0.5652173913043478,0.3214285714285714,"657,16889","657,10773"
-0.5652173913043478,0.4347826086956521,"17083,34152","10049,17083"
-0.5652173913043478,0.4347826086956521,"17142,34714","15721,17142"
0.5652173913043478,-0.26,"16815,27197","17559,27197"
-0.5652173913043478,0.4347826086956521,"17433,35056","17433,40667"
-0.5652173913043478,0.4347826086956521,"17543,35170","17543,40817"
-0.5652173913043478,0.4347826086956521,"17288,34875","17288,23542"
-0.5652173913043478,0.4347826086956521,"16840,34373","16840,39568"
-0.5652173913043478,0.4347826086956521,"16413,33908","16413,38879"
-0.5652173913043478,0.4347826086956521,"17544,35175","17544,40823"
-0.5652173913043478,0.4347826086956521,"16963,17727","16963,39792"
-0.5652173913043478,0.4347826086956521,"17624,35271","17624,40957"
-0.5652173913043478,0.4347826086956521,"9153,26717","9153,29183"
-0.5652173913043478,-0.0267558528428094,"16951,34492","11258,16951"
0.5652173913043478,-0.4883720930232558,"12419,16754","10751,12419"
-0.5652173913043478,0.4347826086956521,"17041,34617","17041,39992"
-0.5652173913043478,0.4347826086956521,"16609,34122","16609,39115"
-0.5652173913043478,0.4347826086956521,"16430,29958","16430,38919"
-0.5652173913043478,0.4347826086956521,"16612,34125","16612,39117"
0.5641025641025641,0.5319148936170213,"6605,10807","6605,9499"
0.5638297872340425,-0.5638297872340425,"5249,17596","5249,17596"
0.5635915808329601,-0.3793103448275862,"3726,6369","6369,13980"
0.5625,-0.5625,"12107,13557","12107,13557"
-0.5625,-0.2291666666666666,"12170,29396","11966,12170"
-0.5625,0.4375,"8536,26243","8536,28309"
0.5625,-0.4375,"12459,19611","12459,14442"
-0.5625,0.4375,"12526,24061","12526,33520"
-0.5614035087719298,0.2631578947368421,"3369,23083","3369,25652"
0.5609756097560976,-0.1569731081926203,"10243,17995","8406,10243"
-0.5604395604395604,0.4395604395604395,"4313,23514","4313,24207"
-0.56,0.44,"16113,33517","16113,38338"
-0.56,0.44,"16298,33736","16298,38655"
-0.56,0.44,"15960,33345","15960,38106"
-0.56,0.44,"16058,33448","16058,38244"
-0.56,0.44,"16096,33490","16096,38300"
-0.56,0.44,"16172,33582","4546,16172"
-0.56,-0.5,"16389,33856","16389,20953"
0.56,-0.4354838709677419,"6518,15886","3028,6518"
-0.56,0.44,"16116,33522","16116,38346"
0.56,-0.4399999999999999,"15909,20786","15909,17948"
-0.56,0.56,"14803,15879","14803,15879"
-0.56,0.44,"16032,33423","16032,38188"
-0.56,0.44,"16224,33659","16224,38530"
0.56,-0.2888888888888888,"15952,26627","5961,26627"
0.56,0.5217391304347826,"16186,18068","12810,18068"
-0.56,0.44,"16095,33489","16095,17811"
-0.56,0.44,"15361,32710","15361,37053"
0.56,-0.56,"16291,22191","16291,22191"
-0.56,0.44,"15739,33104","15739,37693"
0.56,-0.56,"4780,5049","4780,5049"
0.56,0.3513513513513513,"15354,15595","9616,15354"
0.56,-0.5217391304347826,"15774,33136","17909,33136"
-0.56,0.44,"15709,33069","15709,37629"
-0.56,0.44,"15617,32990","15617,30356"
-0.56,0.44,"15394,32741","15394,17261"
-0.559322033898305,0.2542372881355932,"6865,24993","6865,31727"
-0.5588235294117647,0.4411764705882353,"11994,29225","11994,31598"
-0.5584415584415584,0.4415584415584415,"5247,24003","5247,24917"
-0.5576923076923077,-0.1927710843373494,"7987,25809","7987,8156"
0.5573770491803278,-0.1964285714285714,"6814,24970","11181,24970"
0.5569620253164558,0.310126582278481,"3034,18300","3034,17482"
0.5569620253164557,-0.4565217391304347,"5070,23893","11343,23893"
-0.5555555555555556,0.4444444444444444,"14805,32139","14805,36153"
-0.5555555555555556,0.4444444444444444,"14645,31975","14645,35901"
0.5555555555555556,-0.5555555555555556,"11946,16998","11946,16998"
-0.5555555555555556,0.4444444444444444,"15170,32525","15170,36719"
-0.5555555555555556,0.4444444444444444,"14302,31597","14302,32654"
-0.5555555555555556,0.4444444444444444,"11541,28819","11541,30909"
-0.5555555555555556,0.4444444444444444,"14394,31692","14394,35477"
-0.5555555555555556,0.4444444444444444,"14627,31955","14627,35871"
0.5555555555555556,-0.5555555555555556,"14778,14783","14778,14783"
-0.5555555555555556,0.4444444444444444,"15252,32585","15252,36844"
-0.5555555555555556,0.4444444444444444,"15084,32442","15084,36597"
-0.5555555555555556,0.4444444444444444,"14811,32146","14811,36165"
0.5555555555555556,-0.1034482758620689,"11429,20584","4853,20584"
0.5533980582524272,-0.4466019417475728,"1612,3657","1612,6424"
0.5531914893617021,-0.5531914893617021,"9124,20428","9124,20428"
-0.5531914893617021,0.2127659574468085,"9166,26726","9166,38430"
-0.5531914893617021,0.4468085106382978,"8827,26475","8827,28264"
-0.5526315789473685,-0.5,"11020,21953","11020,19648"
-0.5526315789473685,0.4473684210526316,"11255,28545","11255,30484"
-0.5526315789473685,-0.5416666666666666,"11256,28546","11256,16561"
-0.5526315789473685,0.4473684210526316,"10916,28273","10916,30021"
0.5526315789473684,0.1973684210526315,"6645,21726","6645,31636"
-0.5517241379310345,0.1379310344827586,"3382,23089","3382,31537"
-0.5517241379310345,0.160919540229885,"4658,23680","4658,22161"
0.5517241379310345,-0.5517241379310345,"8975,13896","8975,13896"
0.5517241379310345,-0.5517241379310345,"7160,14424","7160,14424"
0.5517241379310345,0.5161290322580645,"13893,13990","13990,31289"
-0.5517241379310345,0.4482758620689655,"13583,30835","13583,34104"
-0.5517241379310345,0.4482758620689655,"13998,31295","13998,34822"
-0.5510204081632653,0.2040816326530612,"8792,26108","8792,40926"
0.5504587155963303,0.128440366972477,"1983,13974","1983,26124"
0.55,0.25,"12308,21409","12308,39809"
0.55,-0.0,"5152,20411","12765,20411"
-0.55,0.55,"10741,12658","10741,12658"
0.55,0.55,"6381,10656","10656,23254"
-0.55,0.45,"10640,28003","10640,29606"
-0.55,0.45,"10479,22772","10479,20388"
-0.55,0.45,"10850,28209","7909,10850"
-0.55,0.45,"10829,16936","10829,28051"
-0.5486111111111112,0.3541666666666667,"2592,22827","2592,23506"
-0.5483870967741935,0.5483870967741935,"9102,13422","9102,13422"
-0.5483870967741935,0.4516129032258064,"12961,14020","12961,33047"
-0.5483870967741935,-0.2,"1154,12919","2473,12919"
-0.5466666666666666,0.1333333333333333,"5560,24178","5560,40893"
-0.5458823529411765,0.16,"576,22404","576,13661"
0.5454545454545454,-0.4,"12082,18518","6780,12082"
0.5454545454545454,-0.52,"18296,25797","16997,25797"
0.5454545454545454,0.2857142857142857,"6485,16276","6485,27922"
-0.5454545454545454,0.4545454545454545,"18288,36017","18288,39817"
-0.5454545454545454,0.4545454545454545,"18511,36297","9438,18511"
-0.5454545454545454,-0.5185185185185185,"18874,36744","15756,18874"
-0.5454545454545454,0.5454545454545454,"5571,17114","5571,17114"
-0.5454545454545454,0.4545454545454545,"17904,35591","17904,34375"
-0.5454545454545454,0.4545454545454545,"17928,35622","17928,25628"
-0.5454545454545454,0.4545454545454545,"18310,25273","18310,24473"
-0.5454545454545454,0.4545454545454545,"18891,36757","18891,40799"
-0.5454545454545454,0.4545454545454545,"12317,29553","12317,32071"
-0.5454545454545454,0.4545454545454545,"18110,23767","18110,39514"
-0.5454545454545454,0.4545454545454545,"18457,36248","18457,40138"
-0.5454545454545454,0.4545454545454545,"12522,12978","12522,31850"
0.5454545454545454,-0.2929292929292929,"3052,12234","3052,11775"
-0.5454545454545454,0.4545454545454545,"18852,36705","18852,39145"
-0.5454545454545454,0.4545454545454545,"17668,35334","17668,38895"
-0.5454545454545454,0.4545454545454545,"18974,36843","18974,19164"
-0.5454545454545454,0.4545454545454545,"18843,23048","18843,30396"
0.5454545454545454,-0.5454545454545454,"12111,18362","12111,18362"
-0.5454545454545454,0.4545454545454545,"18823,36679","18823,40708"
-0.5454545454545454,0.4545454545454545,"18581,36379","18581,34685"
-0.5454545454545454,0.4545454545454545,"18536,31983","18536,38808"
-0.5454545454545454,0.4545454545454545,"18555,36351","18555,40269"
-0.5454545454545454,-0.3548387096774194,"18861,36722","11493,18861"
-0.5454545454545454,0.4545454545454545,"18130,35838","18130,39552"
-0.5454545454545454,0.4545454545454545,"12174,29402","12174,31862"
0.5454545454545454,-0.3636363636363636,"18549,35317","17651,35317"
0.5454545454545454,0.4137931034482758,"12683,13058","13058,27594"
-0.5454545454545454,0.4545454545454545,"17853,18520","17853,36140"
0.543859649122807,0.0,"7316,9766","9766,15304"
-0.5434782608695652,0.4565217391304347,"944,9469","9469,28588"
-0.5416666666666667,0.5416666666666667,"16902,16903","16902,16903"
-0.5416666666666666,0.4583333333333333,"17138,22362","17138,38085"
-0.5416666666666666,0.4583333333333333,"17372,34982","17372,32753"
-0.5416666666666666,0.4583333333333333,"17365,34976","17365,38421"
-0.5416666666666666,0.4583333333333333,"17463,35088","17463,26265"
0.5416666666666666,-0.4137931034482758,"17613,24618","6245,24618"
-0.5416666666666666,0.4583333333333333,"17535,35162","17535,20178"
-0.5416666666666666,-0.2587064676616915,"5769,24322","2093,5769"
-0.5416666666666666,0.4583333333333333,"16860,34385","16860,37621"
-0.5416666666666666,-0.5238095238095238,"16760,29099","16760,20155"
-0.5416666666666666,0.4583333333333333,"16744,28385","16744,27120"
-0.5416666666666666,0.4583333333333333,"16564,34077","16564,37185"
-0.5416666666666666,0.4583333333333333,"16541,34063","16541,37157"
-0.5416666666666666,0.4583333333333333,"15445,16814","16814,37551"
-0.5416666666666666,-0.2804878048780488,"16906,31079","5169,16906"
0.5416666666666666,0.2,"5511,16983","5511,28218"
-0.5416666666666666,0.4583333333333333,"16952,34494","16952,37770"
0.5413595413595413,-0.5413595413595413,"2305,2781","2305,2781"
-0.5405405405405406,-0.5405405405405406,"11737,28989","11625,11737"
-0.5398230088495575,0.0412979351032448,"803,22425","803,25113"
-0.5396825396825397,0.4603174603174603,"6681,24860","6681,25759"
0.5392156862745098,-0.2459016393442623,"3958,23347","10258,23347"
-0.5384615384615384,0.4615384615384615,"16137,32408","16137,36534"
-0.5384615384615384,0.3076923076923077,"6411,24705","6411,28703"
-0.5384615384615384,0.4615384615384615,"15693,33055","15693,35844"
0.5384615384615384,0.5384615384615384,"5921,15624","15624,32995"
-0.5384615384615384,0.4615384615384615,"16198,33616","16198,36620"
-0.5384615384615384,-0.0384615384615384,"11113,28440","11113,18660"
0.5384615384615384,-0.5384615384615384,"10861,16364","10861,16364"
-0.5384615384615384,0.4615384615384615,"16336,33787","16336,36815"
-0.5384615384615384,0.4615384615384615,"15733,33091","15733,35920"
-0.5384615384615384,0.4615384615384615,"15519,32869","15519,35605"
-0.5384615384615384,0.4615384615384615,"15746,33107","7082,15746"
-0.5384615384615384,0.4615384615384615,"15387,32737","15387,28405"
-0.5384615384615384,0.4615384615384615,"15616,32989","15616,35759"
0.5384615384615384,-0.34375,"8461,26164","10974,26164"
-0.5384615384615384,0.4615384615384615,"15330,32674","15330,35363"
-0.5384615384615384,0.4615384615384615,"16041,33431","16041,36387"
-0.5375,0.3375,"5272,24017","5272,26403"
-0.5365853658536586,0.2195121951219512,"5107,23918","5107,26023"
-0.5362318840579711,-0.2297297297297297,"6191,24577","5485,6191"
-0.5357142857142857,0.4642857142857143,"15257,32591","11382,15257"
-0.5357142857142857,0.4642857142857143,"14590,31908","14590,34332"
-0.5357142857142857,0.4642857142857143,"14796,32131","14796,34618"
-0.5357142857142857,0.4642857142857143,"11108,15172","15172,19386"
-0.5357142857142857,0.4642857142857143,"14285,31590","14285,33902"
-0.5357142857142857,-0.3201970443349753,"13133,14841","3104,14841"
0.5357142857142857,-0.4814814814814815,"7800,16287","16287,20005"
0.5348837209302326,0.5348837209302325,"4882,11145","4882,23796"
0.5348837209302326,-0.5348837209302326,"10094,18935","10094,18935"
0.5348837209302326,-0.5348837209302326,"11688,21440","11688,21440"
-0.5348837209302325,0.2325581395348837,"10048,27483","10048,39162"
-0.5348837209302325,0.2325581395348837,"9968,27398","9968,38811"
-0.5344827586206896,0.1724137931034483,"7405,25362","7405,39586"
-0.5344827586206896,0.0862068965517241,"3509,23137","3509,40520"
-0.5333333333333333,0.4666666666666667,"14017,31318","14017,33453"
-0.5333333333333333,0.4666666666666667,"13938,29138","13938,33320"
-0.5333333333333333,0.4666666666666667,"9820,27290","9820,28530"
-0.5333333333333333,0.4666666666666667,"7087,25138","7087,25947"
-0.5333333333333333,0.4666666666666667,"13745,24300","13745,33036"
-0.5333333333333333,0.5333333333333333,"8501,14245","8501,14245"
-0.5333333333333333,0.4666666666666667,"13834,31094","13834,33168"
-0.5333333333333333,0.4666666666666667,"9811,27281","9811,28517"
-0.5333333333333333,0.4666666666666667,"13493,30733","13493,32691"
-0.5333333333333333,0.4666666666666667,"14061,31376","14061,33523"
0.5333333333333333,-0.3688524590163934,"14216,23861","3255,23861"
-0.532,0.108,"969,1311","1311,26337"
0.5319148936170213,-0.5,"9403,26940","20241,26940"
-0.53125,0.46875,"12762,30033","12762,31673"
-0.53125,-0.03125,"6613,13435","13435,14976"
0.53125,0.4516129032258064,"13213,13241","13213,33449"
0.5308641975308642,0.18359375,"656,5226","656,22919"
-0.5306122448979592,0.1224489795918367,"4254,23480","4254,36209"
-0.5306122448979592,0.4693877551020408,"8808,26454","8808,18901"
-0.5303030303030303,0.4696969696969697,"6406,24702","6406,25283"
-0.5294117647058824,0.4705882352941176,"12646,29893","12646,31521"
-0.5294117647058824,0.5294117647058824,"8595,10106","8595,10106"
-0.5285714285714286,0.3714285714285714,"2823,22912","2823,23496"
-0.5277777777777778,0.1388888888888889,"5875,10884","5875,38915"
-0.5263157894736842,0.4736842105263157,"4162,11663","4791,11663"
-0.5263157894736842,0.4736842105263157,"7848,25699","7848,26449"
-0.5263157894736842,0.4736842105263157,"11457,28739","11457,29275"
-0.5254237288135594,0.3050847457627119,"7343,25305","7343,22635"
-0.5245901639344263,0.5245901639344263,"7102,15420","7102,15420"
-0.5238095238095238,0.4761904761904761,"19826,37936","18725,19826"
0.5238095238095238,0.5238095238095238,"20451,21450","20451,38638"
-0.5238095238095238,0.4761904761904761,"19896,38014","12549,19896"
-0.5238095238095238,0.4761904761904761,"19250,37222","19250,39062"
-0.5238095238095238,0.4761904761904761,"19277,37248","19277,39099"
-0.5238095238095238,0.2161904761904761,"19825,37934","6130,19825"
-0.5238095238095238,0.4761904761904761,"19475,37491","19475,39418"
-0.5238095238095238,0.4761904761904761,"19467,37487","19467,39408"
-0.5238095238095238,0.4761904761904761,"10523,27903","10523,28862"
-0.5238095238095238,0.4761904761904761,"19925,36392","19925,40120"
-0.5238095238095238,0.4761904761904761,"20268,38437","20268,38809"
-0.5238095238095238,0.4761904761904761,"19512,37521","19512,39462"
-0.5238095238095238,0.4761904761904761,"20429,38617","20429,40770"
-0.5238095238095238,0.4761904761904761,"20616,38792","20616,40949"
-0.5238095238095238,0.4761904761904761,"20107,38238","20107,40351"
-0.5238095238095238,0.4761904761904761,"20076,38194","20076,40309"
0.5238095238095238,0.2941176470588235,"18333,20552","18333,39919"
-0.5238095238095238,0.4761904761904761,"19361,37350","19361,39235"
-0.5238095238095238,0.4761904761904761,"19669,37715","19669,39703"
-0.5238095238095238,0.4761904761904761,"10443,27847","10443,28774"
-0.5238095238095238,0.4761904761904761,"19820,37931","19820,39976"
-0.5238095238095238,0.4761904761904761,"19682,37724","19682,39709"
0.5238095238095238,-0.5208333333333334,"8193,19670","8193,9285"
-0.5238095238095238,0.4761904761904761,"19448,37469","19448,39374"
0.5238095238095238,-0.0,"19377,20019","16843,20019"
-0.5238095238095238,0.4761904761904761,"20080,38199","20080,37490"
-0.5238095238095238,0.4761904761904761,"19571,30643","19571,39573"
-0.5238095238095238,-0.0410509031198687,"19493,28607","5007,19493"
-0.5238095238095238,0.4761904761904761,"19062,36961","19062,38880"
0.5238095238095238,-0.375,"20066,26667","18316,26667"
0.5232558139534884,-0.5232558139534884,"5031,6903","5031,6903"
-0.5230769230769231,0.2769230769230769,"6778,24944","6778,29821"
-0.5217391304347826,-0.5217391304347826,"9630,27130","5165,9630"
0.5217391304347826,0.3157894736842105,"7108,9934","7108,8857"
0.5217391304347826,0.2,"3966,8637","3966,27478"
-0.5217391304347826,0.4782608695652174,"18800,36656","18800,38539"
0.5217391304347826,-0.5217391304347826,"18985,20613","18985,20613"
-0.5217391304347826,0.4782608695652174,"12146,18927","18927,38694"
0.5217391304347826,-0.5217391304347826,"17705,17706","17705,17706"
0.5217391304347826,0.5217391304347826,"18283,19219","18283,36014"
-0.5217391304347826,0.4782608695652174,"18797,36651","18797,38525"
-0.5217391304347826,0.4782608695652174,"819,17713","17713,37035"
-0.5217391304347826,0.4782608695652174,"18322,36079","18322,37871"
-0.5217391304347826,0.4782608695652174,"18159,35869","18159,37625"
-0.5217391304347826,0.4782608695652174,"18263,31799","18263,37769"
-0.5217391304347826,0.4782608695652174,"18668,36482","18668,38314"
-0.5217391304347826,0.4782608695652174,"18479,36273","18479,38104"
0.5217391304347826,-0.125,"18728,34519","6569,34519"
-0.5210084033613445,0.5210084033613445,"3812,20371","3812,20371"
-0.5208333333333333,0.5208333333333333,"9283,20418","9283,20418"
-0.52,0.48,"2399,16432","16432,35350"
0.52,0.4848484848484848,"13118,17135","13118,31185"
-0.52,0.52,"11952,17401","11952,17401"
0.52,0.1511111111111111,"1726,9217","1726,24955"
-0.52,0.24,"8823,26470","8823,25491"
-0.52,0.48,"17249,34830","17249,36393"
-0.52,-0.5,"13062,17398","17398,21455"
0.52,-0.471042471042471,"16711,19856","1458,16711"
-0.52,0.48,"16990,34569","16990,36080"
0.52,0.4,"14065,17010","14065,24976"
-0.52,0.48,"16749,34283","16749,27167"
-0.52,-0.4166666666666667,"16734,34269","15687,16734"
-0.5192307692307693,0.25,"2548,22811","2548,24365"
0.5185185185185186,-0.5185185185185186,"16002,21605","16002,21605"
0.5185185185185186,-0.5185185185185186,"15729,19631","15729,19631"
0.5185185185185185,0.0901639344262295,"2122,15297","2122,38649"
-0.5185185185185185,-0.4205298013245033,"16000,33377","1389,16000"
-0.5185185185185185,0.4814814814814814,"15658,33013","15658,34323"
-0.5185185185185185,0.4814814814814814,"15613,23601","15613,24506"
-0.5185185185185185,0.4814814814814814,"15380,32731","15380,34006"
-0.5185185185185185,0.4814814814814814,"15784,33150","15784,34487"
-0.5185185185185185,0.4814814814814814,"16155,21216","16155,34979"
-0.5185185185185185,0.4814814814814814,"15648,33009","11195,15648"
-0.5185185185185185,0.4814814814814814,"15442,32793","15442,34076"
-0.5185185185185185,0.1358024691358024,"5374,24071","5374,37985"
0.5185185185185185,0.5,"14945,16146","14945,32284"
-0.5180722891566265,0.4819277108433735,"5268,24014","5268,24270"
-0.5172413793103449,0.4827586206896552,"14942,18038","14942,33396"
-0.5172413793103449,0.4827586206896552,"14977,32312","14977,33443"
-0.5172413793103449,0.4827586206896552,"14409,27389","14409,32798"
-0.5172413793103449,0.4827586206896552,"14516,30408","14516,32958"
0.5172413793103449,-0.4285714285714285,"15182,31901","11587,31901"
-0.5172413793103449,0.4827586206896552,"14871,32226","14871,33333"
-0.5172413793103449,0.4827586206896552,"15152,17037","15152,33694"
-0.5166666666666667,0.2833333333333333,"3456,23121","3456,24833"
0.5166666666666666,0.3166666666666666,"3734,16256","3734,24393"
-0.5161290322580645,0.4838709677419355,"13807,31066","13807,32017"
-0.5161290322580645,-0.303030303030303,"13538,30781","10036,13538"
-0.5161290322580645,0.4838709677419355,"13531,15395","6876,13531"
-0.5161290322580645,0.4838709677419355,"13660,30727","13660,16398"
-0.5161290322580645,0.1075268817204301,"4622,23665","4622,40071"
-0.5161290322580645,0.4838709677419355,"14064,29087","14064,27314"
-0.5161290322580645,0.4838709677419355,"14092,31407","14092,28382"
0.5160818713450293,-0.5160818713450293,"1903,10361","1903,10361"
-0.5151515151515151,0.4848484848484848,"13438,30673","13438,31552"
-0.5151515151515151,0.4848484848484848,"12781,30046","12781,30793"
0.5142857142857142,0.3793103448275862,"12649,22242","6389,22242"
-0.5142857142857142,-0.1967213114754098,"3402,12359","10426,12359"
-0.5142857142857142,0.4857142857142857,"12374,29605","12374,30365"
0.5142857142857142,-0.5142857142857142,"6795,7567","6795,7567"
0.5131578947368421,-0.3928571428571429,"3150,5821","3150,8445"
0.5125,-0.5125,"939,9029","939,9029"
0.5121951219512195,0.0,"584,10903","584,3481"
-0.5121951219512195,0.2439024390243902,"11019,11090","11090,31879"
-0.5121951219512195,0.4878048780487805,"11217,28519","11217,23981"
-0.5119047619047619,0.25,"5251,24007","5251,28527"
-0.5116279069767442,-0.5116279069767442,"10707,28078","10707,11729"
0.5112781954887218,-0.4358974358974359,"3149,5700","5700,13345"
-0.51,0.49,"4302,23505","4302,23592"
-0.5098039215686274,0.196078431372549,"8895,26528","8895,39312"
-0.5094339622641509,0.2452830188679245,"8569,26258","8569,34258"
-0.5094339622641509,0.2830188679245283,"8683,26346","8683,27449"
-0.5094339622641509,0.3018867924528302,"1637,8616","8616,26084"
-0.509090909090909,0.2,"8139,25917","8139,36897"
0.509090909090909,0.2545454545454545,"8491,22202","8491,32694"
-0.509090909090909,0.3090909090909091,"8308,26046","8308,30349"
0.5087719298245614,0.2631578947368421,"8310,21521","8310,32138"
-0.5087719298245614,0.4912280701754385,"7982,25804","7982,24934"
-0.5087719298245614,0.4912280701754385,"7927,25765","7927,25995"
0.5084745762711864,-0.5084745762711864,"4037,7819","4037,7819"
-0.5081967213114754,0.3114754098360656,"7320,25290","7320,29245"
-0.5079365079365079,0.2698412698412698,"7239,25235","7239,30468"
0.5065359477124183,0.4313725490196078,"8907,10584","9264,10584"
-0.501466275659824,0.501466275659824,"2887,3349","2887,3349"
-0.5012491903395947,0.5012491903395947,"2646,2662","2646,2662"
0.5,-0.5,"8700,12362","8700,12362"
-0.5,0.0,"22160,38607","20419,22160"
-0.5,0.5,"18976,36848","18976,36847"
0.5,-0.4390243902439024,"19701,29639","12404,29639"
-0.5,0.5,"19359,37348","19359,37347"
-0.5,0.5,"19283,37263","11138,19283"
-0.5,0.5,"22196,40806","22196,26154"
-0.5,0.5,"19908,38028","19908,35547"
-0.5,-0.2586206896551724,"19349,37323","9443,19349"
-0.5,0.5,"22337,40934","3699,22337"
-0.5,0.5,"12721,29981","12721,13668"
-0.5,0.5,"19865,37994","19865,37993"
-0.5,0.2291666666666666,"9644,27149","9644,37407"
0.5,0.238095238095238,"11160,16292","11160,28155"
0.5,0.2777777777777778,"5887,8545","8545,31795"
0.5,0.5,"11422,15307","11422,28693"
-0.5,0.5,"8724,26381","8724,26380"
-0.5,0.5,"20965,39246","19374,20965"
-0.5,0.5,"13955,19981","13955,19981"
-0.5,0.5,"20564,38731","20564,38732"
0.5,0.5,"6713,19300","19300,37283"
-0.5,0.5,"17663,35332","17663,22322"
-0.5,0.5,"20211,22287","20211,22287"
0.5,0.5,"20636,20637","20637,38828"
-0.5,0.5,"21792,40306","21792,40307"
-0.5,0.5,"5431,18474","5431,18474"
-0.5,0.5,"5335,21771","21771,29758"
-0.5,-0.4583333333333333,"18381,21525","17054,21525"
0.5,0.5,"17466,19342","19342,26767"
-0.5,0.5,"19391,37394","19391,23909"
-0.5,0.5,"19410,37423","19410,37422"
-0.5,0.5,"21539,40022","21539,36347"
0.5,-0.5,"18685,20803","18685,20803"
-0.5,0.5,"15235,17035","15235,17035"
0.5,-0.5,"8603,9693","8603,9693"
-0.5,0.5,"18109,35811","18109,35810"
0.5,-0.48,"16033,32454","16544,32454"
-0.5,-0.2192982456140351,"20369,38553","2493,20369"
0.5,-0.5,"17069,19328","10920,17069"
0.5,0.5,"20541,22277","20541,30321"
-0.5,0.5,"12409,25525","12409,29648"
-0.5,0.5,"18485,36277","18485,34770"
-0.5,0.5,"20688,38901","20688,38902"
-0.5,0.5,"20096,38220","20096,38221"
0.5,-0.4473684210526316,"21574,30549","13283,30549"
-0.5,0.5,"17810,35482","17810,35483"
-0.5,0.2258064516129032,"19175,37115","12175,19175"
-0.5,0.1666666666666666,"3398,23104","3398,28362"
-0.5,0.5,"13751,31012","13751,31011"
-0.5,0.5,"13750,31010","5827,13750"
-0.5,0.5,"20909,39168","20909,39167"
0.5,0.0,"10697,18928","6752,10697"
0.5,0.2586206896551724,"7410,14770","7410,31963"
0.5,0.3846153846153846,"13816,14790","13816,39757"
0.5,0.3170731707317073,"10890,15310","15310,33920"
0.5,-0.5,"13691,21858","13691,21858"
-0.5,-0.5,"17111,34692","17111,19522"
-0.5,0.5,"14214,31508","14214,31509"
-0.5,0.5,"16605,18766","16605,34116"
-0.5,0.5,"6003,20075","6003,20075"
-0.5,0.5,"8498,26199","8498,17469"
-0.5,0.5,"18292,36036","18292,36035"
-0.5,0.5,"19212,37168","19212,37167"
-0.5,0.5,"21666,40171","21666,40172"
-0.5,-0.5,"21133,39442","20598,21133"
-0.5,0.5,"20685,38897","20685,38898"
0.5,0.2727272727272727,"7140,19970","7140,35746"
-0.5,0.5,"17195,21387","17195,21387"
-0.5,0.5,"19614,37202","19614,37654"
0.5,-0.3369565217391304,"16701,25336","4583,25336"
0.5,0.2608695652173913,"10330,12734","10330,36646"
-0.5,0.2083333333333333,"9721,27231","9721,39794"
0.5,-0.3857142857142857,"16858,16909","7031,16858"
-0.5,0.5,"20133,38260","20133,38259"
-0.5,0.5,"15003,23497","15003,32354"
-0.5,0.5,"19597,20257","20257,22932"
-0.5,0.25,"10732,16773","10732,38361"
-0.5,0.5,"21281,39641","21281,39642"
-0.5,-0.4603174603174603,"14263,31556","7913,14263"
-0.5,0.25,"11702,26906","11702,39949"
-0.5,0.0384615384615384,"17009,34582","6495,17009"
-0.5,0.3035714285714285,"8410,26130","8410,30590"
-0.5,0.2,"18805,34810","14951,18805"
-0.5,0.5,"21866,40403","21866,40402"
-0.5,0.0147058823529411,"19982,30228","6923,19982"
-0.5,-0.1325301204819277,"18270,23357","2934,18270"
-0.5,-0.3125,"21043,39346","10816,21043"
-0.5,0.2857142857142857,"8457,26157","8457,31539"
-0.5,0.5,"22152,40750","22152,40749"
-0.5,0.5,"21061,39359","21061,39360"
-0.5,0.5,"17414,35027","17414,35026"
-0.5,-0.0454545454545454,"19537,37554","18103,19537"
-0.4977272727272727,0.4977272727272727,"6720,7873","6720,7873"
-0.4939759036144578,0.1325301204819277,"5512,24151","5512,38122"
0.492063492063492,0.3488372093023256,"7400,13372","13372,22390"
-0.4909090909090909,0.2181818181818181,"8533,26237","8533,35589"
-0.490566037735849,0.2264150943396226,"9140,18206","9140,36745"
0.4899135446685879,0.0787878787878787,"844,1065","1065,34956"
0.4888888888888889,-0.4888888888888889,"10337,12627","10337,12627"
0.4888888888888889,-0.3153153153153153,"10077,24751","6487,24751"
-0.4888888888888889,0.2444444444444444,"10488,27878","10488,37346"
-0.4888888888888889,0.2888888888888888,"6616,10535","10535,34362"
-0.488,0.248,"3573,23167","3573,25436"
-0.4875,0.1488636363636363,"5495,23103","2893,5495"
0.4869565217391304,0.1304347826086956,"3705,15827","3705,32271"
-0.4852915037326697,0.0301724137931034,"185,1084","185,22633"
0.4848484848484848,-0.4848484848484848,"5845,13379","5845,13379"
0.4833333333333333,0.3,"7406,19421","7406,29466"
-0.4829059829059829,0.452991452991453,"1625,22551","1625,22586"
0.4827586206896552,0.3170731707317073,"8142,14359","8142,33900"
-0.4827586206896552,-0.4827586206896551,"14732,33189","14732,18247"
-0.4814814814814814,-0.0676883780332056,"15971,34734","13159,15971"
-0.4814814814814814,-0.1266427718040621,"15393,34014","11571,15393"
0.4814814814814814,0.3928571428571428,"13008,15759","13008,37717"
0.4814814814814814,-0.2608695652173913,"15736,24693","6740,24693"
-0.4814814814814814,-0.2064814814814815,"15537,34180","7865,15537"
-0.4807692307692308,0.2692307692307692,"9552,24898","9552,33853"
-0.4807692307692308,0.1923076923076923,"9390,26925","9390,40159"
-0.48,0.48,"11977,16759","11977,16759"
-0.48,0.48,"7763,17591","7763,17591"
0.48,-0.48,"8993,13746","8993,13746"
-0.48,0.0776923076923077,"9128,12697","8113,9128"
0.4796380090497737,0.0588235294117647,"1590,3112","1590,34594"
-0.4782608695652174,0.4782608695652174,"7289,17739","7289,17739"
0.4782608695652174,-0.4782608695652174,"10119,18741","10119,18741"
-0.4782608695652174,0.0402576489533011,"18880,25633","15369,18880"
-0.4782608695652174,0.4782608695652174,"18489,18490","18489,18490"
-0.4772727272727273,0.25,"11230,28528","11230,38185"
-0.4772727272727273,0.25,"10915,28221","10915,24008"
0.476805356288857,-0.476805356288857,"7703,9947","7703,9947"
-0.4761904761904761,-0.375,"19974,34823","9358,19974"
-0.4761904761904761,0.4761904761904761,"13480,19091","13480,19091"
-0.4761904761904761,-0.4761904761904761,"19657,39681","17013,19657"
0.4761904761904761,-0.4761904761904761,"17684,19096","17684,19096"
-0.4761904761904761,-0.4761904761904761,"20201,40472","19470,20201"
-0.4761904761904761,-0.3157894736842105,"20346,40674","14867,20346"
0.4736842105263158,0.4736842105263157,"11740,21816","11740,29622"
-0.4736842105263158,0.4736842105263158,"10025,11721","10025,11721"
-0.4736842105263157,0.2631578947368421,"12381,16565","12381,35029"
-0.4729729729729729,0.1621621621621621,"6556,24782","6556,36436"
0.4716981132075472,-0.4259259259259259,"8443,27032","7560,27032"
-0.4705882352941176,-0.2941176470588235,"12332,31133","12332,16187"
0.4705882352941176,0.2549019607843137,"8697,21112","8697,34804"
0.4705882352941176,-0.4,"12576,31452","14477,31452"
-0.4693877551020408,0.2040816326530612,"10016,25855","10016,38997"
-0.4693877551020408,0.4693877551020408,"8923,21937","8923,21937"
0.46875,-0.46875,"12778,16043","12778,16043"
-0.46875,0.171875,"7727,25587","7727,37907"
-0.4683544303797468,0.189873417721519,"6171,24559","6171,32366"
-0.4680851063829787,0.2340425531914893,"10398,27799","10398,36960"
-0.4680851063829787,0.3617021276595745,"5100,23910","5100,24909"
-0.4680851063829787,0.2127659574468085,"10625,27989","10625,40003"
-0.4677419354838709,0.2473118279569892,"2286,22727","2286,15007"
-0.4666666666666667,0.2666666666666666,"11311,28594","11311,36635"
-0.4666666666666667,0.2,"8226,21050","8226,19624"
-0.4666666666666667,0.2222222222222222,"10880,25934","10880,38867"
-0.4666666666666667,0.16,"6458,24734","6458,35674"
-0.4666666666666667,0.2444444444444444,"11288,28572","11288,38415"
0.4666666666666666,-0.4666666666666666,"3593,10444","3593,10444"
-0.4662921348314607,0.4662921348314607,"2053,18266","2053,18266"
-0.4659090909090909,0.1477272727272727,"5506,24140","5506,34661"
-0.4651162790697674,0.2325581395348837,"10175,11939","11939,40820"
-0.4647887323943662,0.1971830985915492,"6966,25061","6966,29091"
-0.4642857142857143,0.4642857142857143,"14295,20681","14295,20681"
-0.4642857142857143,-0.4038461538461538,"14798,34621","11156,14798"
0.4642857142857143,-0.4642857142857143,"14969,20558","14969,20558"
-0.4642857142857143,0.3214285714285714,"8887,26524","8887,29383"
-0.4629629629629629,0.2592592592592592,"9456,26999","9456,33581"
-0.4626865671641791,0.1343283582089552,"3507,23134","3507,29750"
0.4615384615384615,0.4615384615384615,"12866,15847","15847,36104"
0.4615384615384615,0.4615384615384615,"11844,16151","16151,36566"
-0.4615384615384615,-0.4615384615384615,"15600,35737","12537,15600"
-0.4608695652173913,-0.4608695652173913,"3457,23420","3457,9933"
-0.4604651162790698,0.0883720930232558,"1921,22632","1921,29242"
-0.4603174603174603,0.1587301587301587,"8027,25836","8027,40212"
-0.46,0.24,"10281,27705","10281,36517"
0.4594594594594594,-0.4594594594594594,"3644,17510","3644,17510"
-0.4583333333333333,0.4583333333333333,"6614,17454","6614,17454"
0.4583333333333333,-0.4583333333333333,"10966,16629","10966,16629"
-0.4583333333333333,-0.0416666666666667,"16699,24667","15467,16699"
-0.4583333333333333,0.2916666666666667,"10393,27524","10393,32634"
0.4583333333333333,-0.0,"6927,16718","6927,17439"
0.4583333333333333,-0.4,"17038,24414","5928,24414"
-0.4576271186440678,0.3559322033898305,"8703,26365","8703,28536"
-0.4551282051282051,0.1282051282051282,"2997,22968","2997,29175"
0.4545454545454546,-0.4545454545454546,"6383,18983","6383,18983"
-0.4545454545454546,0.4545454545454546,"18798,19928","18798,19928"
0.4545454545454546,-0.4545454545454546,"18380,19839","18380,19839"
0.4545454545454546,0.4545454545454545,"18516,19389","18516,40218"
0.4545454545454545,-0.3548387096774194,"18196,37682","19638,37682"
-0.4545454545454545,-0.2909090909090909,"17963,39280","10992,17963"
-0.4545454545454545,0.3181818181818182,"11833,29075","11833,33495"
0.4545454545454545,-0.1153846153846153,"17979,35663","4492,35663"
-0.4545454545454545,0.2954545454545454,"11971,29199","11971,35258"
-0.453781512605042,0.3025210084033613,"4118,23415","4118,24697"
0.4528301886792453,-0.4528301886792453,"3597,8034","3597,8034"
-0.4518518518518518,0.1111111111111111,"3530,23147","3530,31768"
0.4516129032258065,0.4516129032258064,"5132,12756","12756,32726"
-0.4516129032258064,0.3741935483870968,"3020,22977","3020,23055"
-0.45,0.275,"12690,29932","12690,38772"
-0.45,0.275,"12036,29272","12036,37089"
0.4482758620689655,0.4482758620689655,"12481,13840","13840,34515"
0.4482758620689655,0.4482758620689655,"14242,21548","14242,35213"
0.4482758620689655,0.4482758620689655,"11911,13549","13549,34062"
-0.4473684210526315,0.4473684210526315,"10490,10989","10490,10989"
-0.4468085106382978,0.3191489361702128,"11392,28662","11392,32580"
-0.4468085106382978,0.1170212765957446,"5362,24067","5362,37905"
0.4464285714285714,-0.4464285714285714,"7408,15701","7408,15701"
-0.446181132912094,0.446181132912094,"4121,4598","4121,4598"
-0.4461538461538462,0.3384615384615385,"7956,25784","7956,27928"
0.4444444444444444,0.4444444444444444,"4318,14397","14397,35492"
0.4444444444444444,-0.4444444444444444,"15069,20351","15069,20351"
-0.4444444444444444,0.2666666666666666,"11820,29060","11820,36418"
-0.4444444444444444,0.3333333333333333,"11748,28999","11748,32201"
-0.4444444444444444,-0.0213675213675212,"15123,36665","14678,15123"
-0.4421052631578947,0.1578947368421052,"5380,20853","5380,32217"
-0.4411764705882353,-0.1368286445012787,"11989,31593","4621,11989"
-0.4411764705882353,0.1470588235294117,"7666,25541","7666,39319"
-0.4411764705882353,0.0588235294117647,"2206,21555","2206,36333"
-0.44,0.34,"10753,15695","10753,30539"
0.4395604395604395,-0.4395604395604395,"4303,21551","4303,21551"
-0.4392523364485981,0.1121495327102803,"4750,23726","4750,36419"
-0.4382022471910112,0.1123595505617977,"5866,24374","5866,27312"
-0.4382022471910112,0.1685393258426966,"5793,24333","5793,32152"
0.4375,-0.4324324324324324,"10944,28287","11001,28287"
-0.4375,0.2291666666666666,"10908,28260","10908,37038"
-0.4375,0.4375,"8559,13251","8559,13251"
0.4375,0.0,"1711,14471","13535,14471"
-0.4358974358974359,0.4358974358974359,"10827,19930","10827,19930"
0.4358974358974359,-0.0783882783882783,"4079,5040","5040,12565"
-0.4357366771159874,0.0846394984326018,"1229,9440","1229,26318"
-0.4354838709677419,0.014516129032258,"6410,26188","2255,6410"
0.4347826086956522,0.217391304347826,"5836,21610","5836,12261"
0.4347826086956521,-0.3333333333333333,"17474,28784","20624,28784"
-0.4347826086956521,0.2391304347826087,"11950,29186","11950,38698"
-0.4347826086956521,0.3260869565217391,"11694,28959","11694,32093"
-0.4337349397590361,0.1566265060240964,"6374,24684","6374,21760"
-0.4333333333333333,0.4333333333333333,"8845,13158","8845,13158"
0.4324324324324324,0.4324324324324324,"6315,11186","11186,31221"
0.4324324324324324,-0.4324324324324324,"11261,16093","11261,16093"
-0.4324324324324324,0.3243243243243243,"7156,25193","7156,27196"
-0.4324324324324324,0.2702702702702703,"13719,30980","13719,39461"
-0.4324324324324324,0.4324324324324324,"11157,12051","11157,12051"
-0.4318181818181818,0.25,"12006,29236","12006,37010"
0.4313725490196078,0.1359223300970874,"6450,8064","2239,6450"
0.430379746835443,-0.0,"1272,8305","8305,16275"
0.4285714285714286,-0.4285714285714286,"11632,17348","11632,17348"
0.4285714285714286,0.4285714285714285,"13395,13519","13519,35423"
-0.4285714285714285,0.25,"9729,27241","9729,33217"
-0.4285714285714285,0.2857142857142857,"14483,31791","14483,39211"
-0.4285714285714285,0.2857142857142857,"14315,31619","14315,38937"
-0.4285714285714285,0.2857142857142857,"14991,32341","14991,40383"
-0.4285714285714285,0.1714285714285713,"13792,16899","12264,13792"
-0.4285714285714285,0.2619047619047619,"12372,29598","12372,37976"
-0.4285714285714285,-0.0061576354679803,"11901,14142","3196,11901"
-0.4285714285714285,0.2653061224489796,"11244,28538","11244,34832"
-0.4285714285714285,0.2678571428571428,"9791,27268","9791,32230"
-0.4262295081967213,0.1147540983606557,"4282,23494","4282,33692"
-0.4259259259259259,0.3888888888888889,"10072,27502","10072,28346"
-0.4259259259259259,0.2777777777777778,"9974,27405","9974,31592"
-0.425531914893617,0.2553191489361702,"11872,29115","11872,36598"
0.4252873563218391,-0.4252873563218391,"1080,8917","1080,8917"
-0.425,0.125,"6738,24900","6738,40039"
0.4244732165524244,-0.4244732165524244,"420,3546","420,3546"
-0.4242424242424242,0.1590909090909091,"3892,23310","3892,28308"
0.4230769230769231,-0.4230769230769231,"15027,21356","15027,21356"
0.4230769230769231,-0.4230769230769231,"13492,14330","13492,14330"
-0.4230769230769231,0.3269230769230769,"3412,10527","10527,30212"
-0.4225352112676056,0.2957746478873239,"7651,25531","7651,28328"
-0.4215686274509804,0.1568627450980392,"5278,24021","5278,31481"
-0.4215686274509804,0.1176470588235294,"5164,23948","5164,35369"
0.4210526315789473,-0.4210526315789473,"10844,21222","10844,21222"
0.4210526315789473,0.3225806451612903,"13989,19748","19748,39830"
-0.4210526315789473,0.3157894736842105,"14023,31334","14023,30065"
-0.4210526315789473,0.1929824561403508,"9853,27311","9853,24584"
-0.4210526315789473,0.2631578947368421,"13844,19311","8587,13844"
-0.4210526315789473,0.3508771929824561,"9765,27254","9765,28985"
-0.4202898550724637,0.2028985507246377,"7861,25712","7861,32703"
-0.4193548387096774,0.1774193548387097,"9010,26626","9010,38067"
0.4193548387096774,-0.4193548387096774,"12032,15656","12032,15656"
-0.4186046511627907,0.2558139534883721,"12492,29714","12492,28602"
-0.4186046511627907,0.2790697674418604,"12028,24359","12028,35413"
-0.4166666666666667,0.2777777777777778,"15120,32483","15120,16317"
0.4166666666666667,-0.1710526315789473,"15500,34356","10107,34356"
-0.4166666666666667,0.1666666666666666,"9267,26821","9267,36558"
-0.4166666666666667,-0.4166666666666666,"15781,39759","15781,19519"
-0.4166666666666667,0.3055555555555556,"14726,32045","14726,37803"
0.4166666666666667,-0.4166666666666667,"6219,11434","6219,11434"
-0.4166666666666667,-0.1041666666666666,"16346,40884","10561,16346"
-0.4166666666666667,0.3095238095238095,"6617,24815","6617,26718"
-0.4166666666666667,0.196969696969697,"15298,38876","8481,15298"
0.4150943396226415,0.3132075471698113,"1039,6748","1039,22774"
-0.4148936170212766,0.4148936170212766,"1614,4023","1614,4023"
-0.4146341463414634,0.2682926829268293,"12938,30192","12938,37509"
-0.4146341463414634,0.1585365853658536,"6689,24863","6689,34290"
-0.4144736842105263,0.1907894736842105,"3394,23102","3394,25761"
-0.4140786749482401,0.4140786749482401,"7193,7734","7193,7734"
0.4137931034482758,-0.3783783783783784,"13270,32811","15461,32811"
-0.4137931034482758,0.1293103448275862,"4562,23644","4562,31651"
-0.4133333333333333,0.2133333333333333,"7401,25356","7401,31003"
0.4132290184921763,0.3902027027027027,"8477,8804","8804,10394"
0.4117647058823529,0.4117647058823529,"11981,21399","11981,33862"
-0.4117647058823529,0.1470588235294117,"8155,20305","8155,38955"
-0.411214953271028,0.1308411214953271,"5108,23919","5108,33418"
-0.4107142857142857,0.4107142857142857,"7045,17421","7045,17421"
-0.4102564102564102,0.3333333333333333,"13573,30823","13573,34094"
-0.4102564102564102,0.282051282051282,"13820,31080","13820,37763"
-0.4098360655737705,0.180327868852459,"9236,26795","9236,37306"
0.4094488188976378,-0.1833333333333333,"2776,23477","5938,23477"
-0.4090909090909091,0.2727272727272727,"12538,29785","12538,36539"
-0.4090909090909091,0.1666666666666666,"8463,26447","8463,38756"
-0.4090909090909091,0.25,"12339,29573","12339,37894"
-0.4090909090909091,0.1969696969696969,"8774,26433","8774,35176"
-0.4090909090909091,0.2272727272727272,"8690,26350","8690,32256"
-0.4081632653061224,0.2448979591836734,"11447,28728","11447,35399"
-0.4081632653061224,0.2653061224489796,"5684,24271","5684,26677"
0.4074074074074074,-0.4074074074074074,"14073,21292","14073,21292"
-0.4074074074074074,0.4074074074074074,"7301,10188","7301,10188"
-0.4067796610169492,0.2203389830508474,"9792,27270","9792,34720"
-0.4064171122994652,-0.2635599694423223,"1663,22879","683,1663"
0.4054054054054054,-0.2777777777777778,"10602,25549","4809,25549"
0.4054054054054054,-0.0,"8259,14286","8259,20686"
-0.4050632911392405,0.2658227848101265,"7159,25194","7159,28399"
-0.4047619047619047,0.3333333333333333,"12806,30073","12806,32813"
-0.4047619047619047,0.1714285714285714,"2373,22193","2373,24666"
-0.4047619047619047,0.3095238095238095,"12913,30180","12913,34278"
-0.4047619047619047,0.2857142857142857,"13047,22991","13047,26335"
0.4038461538461538,-0.4038461538461538,"7330,18179","7330,18179"
-0.4032258064516129,0.1935483870967742,"9291,26847","9291,30536"
-0.4028776978417266,0.3597122302158273,"3890,23308","3890,23560"
-0.4027777777777778,0.1388888888888889,"8008,25822","8008,39664"
0.4024767801857585,-0.4024767801857585,"2363,3178","2363,3178"
-0.4,0.32,"11596,28877","11596,30991"
0.4,-0.0399999999999999,"11102,22345","8373,11102"
-0.4,0.2857142857142857,"15323,32670","15323,38930"
0.4,-0.4,"14467,20915","14467,20915"
0.4,0.4,"15067,16742","15067,27049"
-0.4,0.4,"4619,14808","4619,14808"
0.4,-0.4,"12142,18127","12142,18127"
-0.4,0.2,"9686,27189","9686,35834"
-0.4,0.35,"13581,30834","13581,32823"
-0.4,0.2857142857142857,"16140,33548","16140,40512"
-0.4,0.3333333333333333,"12265,29499","12265,32001"
-0.4,-0.1608695652173913,"12065,35518","6591,12065"
-0.4,0.325,"14022,31333","14022,34868"
0.4,-0.4,"14432,18806","14432,18806"
0.3991507430997877,0.0,"452,4797","4797,12655"
-0.3974358974358974,0.1794871794871795,"7318,25287","7318,32684"
-0.3970588235294117,0.25,"8646,26324","8646,30341"
-0.3963963963963964,0.1621621621621621,"5047,23881","5047,29317"
-0.3962264150943396,0.1886792452830188,"11159,28476","11159,37990"
-0.3962264150943396,0.1651770936775902,"7238,28537","7238,9501"
-0.3958436417615041,0.3958436417615041,"6443,8292","6443,8292"
-0.3953488372093023,0.3023255813953488,"13022,30277","13022,34485"
-0.3953488372093023,0.3023255813953488,"12888,30155","12888,34235"
-0.3950617283950617,0.2469135802469135,"7137,25182","7137,28850"
-0.3947368421052631,0.2894736842105263,"15270,32605","15270,38779"
-0.3947368421052631,0.3421052631578947,"15100,32461","15100,35024"
-0.3939393939393939,-0.3939393939393939,"11940,35182","5856,11940"
-0.3939393939393939,0.303030303030303,"17255,34839","17255,40344"
-0.3928571428571429,0.3928571428571429,"13165,14589","13165,14589"
-0.392156862745098,0.1666666666666666,"5595,24216","5595,30166"
-0.392,0.144,"4512,23612","4512,29614"
-0.391304347826087,0.217391304347826,"12554,22815","12554,40588"
-0.391304347826087,0.2391304347826087,"12507,29738","12507,38278"
-0.391304347826087,0.2826086956521739,"12411,29650","12411,29200"
-0.3909836065573771,0.0655737704918032,"743,9728","743,30732"
-0.3902439024390244,0.2682926829268293,"13882,31150","13882,37939"
-0.3902439024390244,0.2926829268292683,"13674,30939","13674,34647"
-0.3902439024390244,0.1463414634146341,"7074,25121","7074,24472"
-0.3902439024390244,0.2439024390243902,"14124,31440","14124,40636"
-0.3902439024390244,0.2439024390243902,"14115,31426","14115,40601"
-0.39,0.17,"5742,24304","5742,30127"
-0.39,0.13,"5758,7281","5758,34387"
-0.3898305084745763,0.2033898305084746,"9987,27417","9987,35380"
-0.3894230769230769,0.0673076923076923,"2524,22803","2524,33059"
-0.3888888888888889,0.3333333333333333,"15347,32689","15347,35386"
-0.3888888888888889,0.2777777777777778,"15650,33010","15650,39465"
-0.3888888888888889,0.2777777777777778,"15999,33376","15999,40229"
-0.3888888888888889,0.1851851851851851,"10985,28325","10985,39231"
-0.3888888888888889,0.2777777777777778,"15309,32656","15309,38904"
-0.3879310344827586,0.0373563218390804,"1287,22495","1287,35031"
-0.3874999999999999,0.3874999999999999,"4470,12443","4470,12443"
-0.3870967741935484,0.2580645161290322,"9698,27201","9698,31042"
-0.3866666666666666,0.2,"7517,25871","7517,32423"
-0.3866666666666666,0.2933333333333333,"8069,25866","8069,28118"
-0.3863636363636363,0.3181818181818182,"13190,30451","13190,33410"
-0.3859649122807017,0.175438596491228,"10587,27958","10587,39788"
-0.3859649122807017,0.3684210526315789,"10702,28072","10702,17969"
-0.3857142857142857,0.2,"7921,26262","7921,32965"
-0.3852459016393442,0.1475409836065573,"4753,23728","4753,29741"
-0.3846153846153846,0.3333333333333333,"14768,32106","14768,18144"
0.3846153846153846,0.0,"11423,19148","14859,19148"
-0.3846153846153846,-0.0274725274725274,"14067,40487","12530,14067"
-0.3846153846153846,0.2615384615384615,"9249,15033","9249,30139"
-0.3833333333333333,0.1666666666666666,"9983,27416","9983,38961"
-0.3833333333333333,0.1333333333333333,"4879,23792","4879,31460"
0.3823529411764705,-0.3823529411764705,"11328,13971","11328,13971"
-0.3823529411764705,0.2941176470588235,"17039,34614","17039,39987"
0.3823529411764705,0.3428571428571428,"17459,18679","9977,18679"
-0.3818181818181818,0.1818181818181818,"9855,28561","9855,40452"
0.3809523809523809,-0.3809523809523809,"8856,18205","8856,18205"
-0.3809523809523809,0.3809523809523809,"3173,3269","3173,3269"
-0.38,0.38,"11991,29219","11991,29220"
0.3793103448275862,-0.3793103448275862,"11068,12379","11068,12379"
-0.3783783783783784,0.3513513513513513,"15884,33262","15884,22607"
-0.3783783783783784,0.3513513513513513,"16329,33777","10318,16329"
0.3783783783783784,-0.2307692307692307,"10359,33744","9508,33744"
-0.3783783783783784,0.3243243243243243,"16220,33652","16220,36649"
-0.3783783783783784,0.3513513513513513,"15907,33284","15907,16955"
-0.3780487804878049,0.1463414634146341,"7465,25390","7465,36194"
-0.3780487804878049,0.2926829268292683,"7377,25337","7377,27151"
-0.3777777777777777,0.2444444444444444,"13035,30291","13035,37796"
-0.3773584905660377,0.1886792452830188,"11531,28811","11531,39220"
-0.3773584905660377,0.2830188679245283,"11608,28885","11608,23631"
-0.3773584905660377,0.320754716981132,"11765,29017","11765,30419"
-0.3773584905660377,0.320754716981132,"11791,29038","11791,30441"
-0.3770491803278688,0.2295081967213114,"10086,27512","10086,32987"
0.3766233766233766,-0.2142857142857142,"8053,25858","7273,25858"
0.375,-0.375,"7951,11462","7951,11462"
-0.375,0.375,"14319,31622","14319,16439"
0.375,0.375,"7710,11924","7710,29537"
-0.375,0.35,"14777,32117","14777,33238"
0.375,-0.1627906976744186,"12187,26126","2280,26126"
-0.3738738738738739,0.2837837837837837,"2442,22773","2442,23106"
0.3734939759036144,-0.3734939759036144,"4231,19879","4231,19879"
-0.3733333333333333,0.24,"8297,26043","8297,29575"
-0.373134328358209,0.3283582089552239,"9527,27039","9527,28192"
-0.373134328358209,0.208955223880597,"4419,23568","4419,26005"
-0.3720930232558139,0.3720930232558139,"13555,30807","13555,30808"
-0.3714285714285714,0.2857142857142857,"16879,34405","16879,26885"
-0.3714285714285714,0.3142857142857143,"16885,34409","16885,25933"
-0.3714285714285714,0.3142857142857143,"16764,30794","16764,37479"
-0.3714285714285714,0.3428571428571428,"17232,34806","17232,36366"
-0.3714285714285714,0.3428571428571428,"5842,17568","17568,36814"
-0.3714285714285714,0.3142857142857143,"16535,34057","16535,37146"
0.3709677419354839,-0.2894736842105263,"9731,27601","15487,27601"
-0.3703703703703703,0.1851851851851851,"11742,28993","11742,40076"
-0.3703703703703703,0.3703703703703703,"3194,13202","3194,13202"
0.3703703703703703,0.2702702702702703,"12997,15734","15734,39669"
-0.3695652173913043,0.1195652173913043,"6641,24839","6641,37020"
-0.3695652173913043,0.2391304347826087,"12587,30595","12587,38567"
-0.3693693693693693,0.0990990990990991,"5535,24167","5535,38529"
-0.3693693693693693,0.3693693693693693,"8805,10395","8805,10395"
0.368421052631579,-0.368421052631579,"6317,19902","6317,19902"
-0.3684210526315789,0.219298245614035,"5304,24036","5304,26752"
-0.3684210526315789,0.3157894736842105,"16207,33629","16207,28408"
-0.3676470588235294,0.25,"9195,26753","9195,29996"
-0.3674698795180723,0.2349397590361445,"3252,23169","3252,24358"
-0.3673469387755102,-0.3673469387755101,"7421,29513","7421,21298"
-0.3670886075949367,0.0822784810126582,"3735,23226","3735,34058"
-0.3661971830985915,0.2957746478873239,"8890,26525","8890,28340"
-0.3658536585365853,0.2439024390243902,"13799,32002","13799,39687"
-0.3658536585365853,0.2926829268292683,"14542,31869","14542,35739"
0.3648648648648649,0.1756756756756756,"2726,4687","4269,4687"
-0.3644067796610169,0.1525423728813559,"5193,23961","5193,29380"
-0.3636363636363636,0.303030303030303,"18268,35996","18268,39779"
-0.3636363636363636,0.303030303030303,"17962,35670","17962,39279"
0.3636363636363636,0.3636363636363636,"8229,13045","8229,30955"
-0.3629032258064516,0.3387096774193548,"4894,23801","4894,24030"
-0.3617021276595745,0.2765957446808511,"13317,30575","13317,35050"
-0.3611111111111111,0.2777777777777778,"16801,34320","16801,39470"
-0.3611111111111111,0.3055555555555556,"2369,17382","17382,38440"
-0.3602305475504322,0.3198847262247838,"1433,22518","1433,22565"
-0.36,0.27,"6367,24681","6367,26405"
-0.36,0.34,"12527,29766","12527,30513"
-0.36,0.28,"12687,29930","12687,33846"
-0.36,0.2,"8758,26307","8758,28923"
-0.358974358974359,0.2179487179487179,"8393,26106","8393,30019"
0.358974358974359,-0.09009009009009,"14288,32643","6602,32643"
-0.358974358974359,0.2564102564102564,"14873,33334","14873,40157"
-0.358974358974359,0.358974358974359,"15349,32692","15349,32693"
-0.358974358974359,0.3076923076923077,"16301,33739","16301,36768"
-0.3571428571428571,-0.3571428571428571,"12152,39266","12152,17957"
-0.3571428571428571,0.3095238095238095,"14513,31845","14513,34255"
-0.3571428571428571,0.1785714285714285,"11745,27967","11745,37587"
-0.3571428571428571,0.1530612244897959,"6582,24802","6582,29807"
-0.3571428571428571,0.3571428571428571,"12479,14952","12479,14952"
-0.3559322033898305,0.3389830508474576,"10961,24075","10961,28791"
-0.3555555555555555,0.3555555555555555,"8135,21833","8135,21833"
-0.3552631578947368,0.1447368421052631,"8485,26187","8485,36995"
0.3548387096774194,-0.3548387096774194,"5525,11419","5525,11419"
-0.3548387096774194,0.3225806451612903,"19949,38075","19949,23556"
-0.3548387096774194,-0.3548387096774194,"11728,37991","11566,11728"
-0.3548387096774194,0.3225806451612903,"20537,38714","20537,40877"
-0.3548387096774194,0.3225806451612903,"19335,35461","19335,39192"
-0.3548387096774194,0.3225806451612903,"19605,37640","19605,39621"
-0.3538461538461538,0.2769230769230769,"9621,27481","9621,29344"
-0.3529411764705882,0.3529411764705882,"18866,36735","18866,25954"
-0.3529411764705882,0.2549019607843137,"11902,29838","11902,35079"
-0.3529411764705882,0.1764705882352941,"7705,25578","7705,32036"
-0.3529411764705882,0.3193277310924369,"5332,24049","5332,24406"
-0.3529411764705882,0.2941176470588235,"5449,18145","18145,39574"
-0.352059925093633,0.0786516853932584,"2069,22670","2069,28255"
-0.3516483516483517,0.1868131868131868,"7110,25163","7110,30092"
-0.3513513513513513,0.2972972972972973,"17457,35083","17457,38563"
-0.3513513513513513,0.3243243243243243,"17425,35037","17425,36640"
-0.3513513513513513,0.2972972972972973,"17396,25438","17396,38461"
-0.3513513513513513,0.3513513513513513,"16604,29576","16604,34113"
-0.3513513513513513,0.2702702702702703,"15956,34710","15956,40152"
-0.3513513513513513,0.2702702702702703,"16368,35238","16368,18795"
-0.3513513513513513,0.3513513513513513,"7296,9899","7296,9899"
-0.351063829787234,0.1170212765957446,"6846,24983","6846,37081"
0.35,0.1833333333333333,"5760,11627","5760,37643"
-0.35,0.1833333333333333,"11360,28631","11360,27038"
-0.35,0.25,"14228,33766","14228,40849"
-0.3495934959349593,0.3495934959349593,"7105,8190","7105,8190"
-0.3492063492063492,0.2222222222222222,"8497,27818","8497,32716"
-0.3488372093023256,0.3255813953488372,"15071,32428","15071,33580"
-0.3488372093023256,0.1395348837209302,"7302,25700","7302,33599"
-0.3478260869565217,0.2608695652173913,"12640,31519","12640,36781"
-0.3478260869565217,0.2826086956521739,"12934,30973","12934,15764"
-0.3466666666666667,0.1866666666666666,"9041,19327","9041,33436"
-0.3466666666666667,0.24,"8901,26534","8901,29398"
0.3461538461538461,-0.3461538461538461,"4030,19480","4030,19480"
-0.3461538461538461,0.1923076923076923,"12619,29867","12619,40771"
-0.3448275862068966,0.2586206896551724,"11536,28813","11536,31800"
-0.3448275862068966,0.1264367816091954,"4873,7556","7556,38671"
-0.34375,0.3125,"19749,37822","19749,36609"
0.34375,-0.0,"8738,20614","8738,14244"
-0.34375,0.34375,"9039,20577","20577,38752"
-0.34375,0.34375,"20103,38232","20103,38231"
-0.34375,0.34375,"11142,17709","11142,17709"
-0.34375,0.34375,"20097,38222","20097,38223"
0.34375,0.0,"8868,19070","8868,19862"
-0.34375,0.3125,"19509,32332","19509,39457"
-0.34375,0.3125,"20001,28995","20001,23642"
-0.3434343434343434,0.1111111111111111,"6634,24832","6634,24182"
-0.3424657534246575,0.3150684931506849,"9387,26921","9387,27640"
0.3421052631578947,-0.2280701754385964,"17193,26474","6220,26474"
-0.3421052631578947,0.3157894736842105,"16778,25506","16778,27567"
-0.3421052631578947,0.3421052631578947,"16914,34440","16914,34439"
-0.3421052631578947,0.1842105263157894,"8867,26512","8867,32874"
-0.3417721518987341,0.2531645569620253,"8706,26367","8706,23683"
-0.3414634146341463,0.2804878048780488,"8165,25944","8165,27425"
-0.3409090909090909,0.3409090909090909,"14694,32018","14694,32019"
-0.3404255319148936,0.3404255319148936,"7462,16283","7462,16283"
-0.34,0.3,"12670,30665","12670,32575"
-0.34,0.24,"13338,30591","13338,36666"
-0.3389830508474576,0.288135593220339,"11644,23463","11644,30254"
-0.3389830508474576,0.2033898305084746,"8725,29083","8725,36496"
-0.3382352941176471,0.2352941176470588,"10210,27636","10210,31205"
-0.3375,0.24375,"4088,23402","4088,24344"
-0.3372781065088757,0.1242603550295858,"3841,23288","3841,28481"
-0.3370786516853932,0.146067415730337,"7832,25679","7832,35178"
0.3364485981308411,0.102803738317757,"2990,3778","2990,38514"
-0.3355704697986577,0.2013422818791946,"4465,23587","4465,25678"
-0.3353658536585366,0.1036585365853658,"2593,3490","2593,29988"
-0.3333333333333333,0.3333333333333333,"10806,22144","10806,22144"
0.3333333333333333,-0.3333333333333333,"11416,20090","11416,20090"
0.3333333333333333,-0.3333333333333333,"9785,14066","9785,14066"
-0.3333333333333333,0.3055555555555556,"16501,35441","16501,37104"
-0.3333333333333333,0.3333333333333333,"22056,40650","22056,40651"
-0.3333333333333333,0.2857142857142857,"14248,33812","14248,36834"
0.3333333333333333,-0.1948051948051948,"9047,32126","3504,32126"
-0.3333333333333333,0.238095238095238,"12176,32971","12176,13332"
-0.3333333333333333,0.3333333333333333,"5310,9587","5310,9587"
-0.3333333333333333,0.2777777777777778,"16205,36629","16205,40631"
-0.3333333333333333,-0.3222222222222222,"9569,35375","5878,9569"
-0.3333333333333333,0.303030303030303,"18652,38297","18652,24360"
-0.3333333333333333,0.1884057971014492,"10129,27555","10129,34415"
-0.3333333333333333,0.3333333333333333,"16772,30353","16772,34297"
-0.3333333333333333,0.2272727272727272,"10725,28097","10725,32352"
-0.3333333333333333,0.2666666666666666,"12153,31818","12153,33220"
-0.3333333333333333,0.303030303030303,"18715,38414","18715,35184"
0.3329228243021346,0.3155235569028672,"3679,4041","3679,3745"
-0.33,0.22,"4909,24998","4909,27867"
0.3296089385474861,0.0670391061452514,"1513,6807","1513,36177"
-0.3289473684210526,0.2236842105263158,"9477,27013","9477,30578"
-0.3289473684210526,0.2631578947368421,"9464,27005","9464,29118"
-0.3287671232876712,0.1643835616438356,"9304,27204","9304,35903"
-0.3285714285714286,0.3285714285714286,"4772,15481","4772,15481"
-0.3277310924369747,0.3277310924369747,"2561,17720","2561,17720"
0.3272727272727272,0.3272727272727272,"6143,17537","6143,23658"
-0.3265306122448979,0.2653061224489796,"13825,31084","13825,34497"
-0.325,-0.3249999999999999,"8775,35177","8109,8775"
-0.325,0.275,"14002,28160","14002,38200"
-0.325,0.275,"13596,34119","13596,37260"
-0.325,0.3125,"7853,26455","7853,23532"
0.3246753246753247,-0.3246753246753247,"4241,18802","4241,18802"
0.3243243243243243,-0.22,"15386,35438","8175,35438"
-0.3243243243243243,0.2850506756756756,"9300,35888","8796,9300"
-0.3243243243243243,0.2702702702702703,"15133,36677","15133,40707"
0.3235294117647059,-0.0,"10233,16974","16974,17189"
-0.3235294117647059,0.3235294117647059,"18667,34921","18667,38311"
-0.3235294117647059,0.2941176470588235,"17215,38170","10808,17215"
-0.3235294117647059,0.2647058823529412,"10643,28006","10643,29613"
0.3235294117647058,-0.3235294117647058,"9992,14336","9992,14336"
-0.3232323232323232,0.2525252525252525,"7109,25159","7109,26783"
-0.3229166666666667,0.2083333333333333,"7351,25315","7351,28780"
-0.3225806451612903,0.3225806451612903,"19923,40107","19923,24390"
-0.3225806451612903,0.1075268817204301,"7754,25607","7754,40109"
-0.3220338983050847,0.288135593220339,"12001,29234","12001,29987"
-0.3209876543209876,0.1975308641975308,"7962,26569","7962,31045"
-0.320754716981132,0.2075471698113207,"12714,29966","12714,33485"
-0.3205128205128205,0.1923076923076923,"9177,26737","9177,31594"
0.32,-0.0,"10930,11165","2392,11165"
-0.3199999999999999,0.3199999999999999,"6737,16696","6737,16696"
0.3199999999999999,-0.3199999999999999,"6769,16170","6769,16170"
-0.3191489361702128,0.2765957446808511,"7594,25493","7594,26471"
-0.3191489361702128,0.1170212765957446,"7612,25507","7612,37131"
-0.3191489361702128,0.2127659574468085,"10857,32584","10857,40905"
-0.3181818181818182,0.1666666666666666,"11006,28350","11006,37418"
-0.3170731707317073,0.2926829268292683,"13854,34570","13854,36081"
-0.316546762589928,0.0863309352517985,"5148,23937","5148,36823"
-0.3164556962025316,-0.3164556962025316,"4053,26810","4053,8460"
-0.3157894736842105,0.3157894736842105,"8966,14353","8966,14353"
-0.3157894736842105,0.2105263157894736,"7584,25480","7584,28688"
-0.3146067415730337,0.2584269662921348,"5952,26050","5952,27625"
0.3142857142857143,-0.3142857142857143,"4653,11863","4653,11863"
-0.3142857142857143,-0.3142857142857143,"9836,17343","8385,9836"
-0.3142857142857143,0.2857142857142857,"15838,37882","15838,39912"
-0.3142857142857143,0.3142857142857143,"16562,37178","16562,37177"
-0.3139931740614334,0.3139931740614334,"702,11804","702,11804"
-0.3137254901960784,0.196078431372549,"9282,20899","9282,39494"
-0.3131313131313131,0.1616161616161616,"6142,25396","6142,31201"
-0.3125,-0.3125,"10513,39368","10513,14661"
0.3125,-0.3125,"4798,10468","4798,10468"
-0.3125,0.3125,"17930,39208","17930,39209"
0.3125,-0.3125,"10715,15198","10715,15198"
-0.3125,-0.3125,"10531,39510","10531,11669"
0.3125,0.2153846153846154,"7564,10856","7564,33810"
-0.3118899733806566,0.2391304347826087,"6513,8642","6513,22856"
-0.3115942028985507,0.1304347826086956,"5275,24019","5275,29852"
-0.3111111111111111,0.1444444444444444,"8467,26168","8467,35245"
0.3111111111111111,-0.3111111111111111,"7498,20341","7498,20341"
-0.3109756097560975,0.0609756097560975,"4305,23508","4305,38985"
0.3109243697478991,-0.3109243697478991,"2488,16586","2488,16586"
-0.3108108108108108,0.1081081081081081,"4767,23793","4767,31471"
-0.3108108108108108,0.2297297297297297,"10169,27597","10169,22323"
-0.3091482649842271,0.0410094637223974,"1957,22642","1957,33942"
-0.3090909090909091,0.2545454545454545,"12867,30130","12867,32898"
-0.3076923076923077,0.282051282051282,"13741,35815","13741,37562"
-0.3076923076923077,0.2692307692307692,"10726,31361","10726,33502"
-0.3076923076923077,0.282051282051282,"13610,35600","13610,13931"
-0.3076923076923077,0.282051282051282,"13895,36163","13895,37977"
-0.3073593073593073,0.3073593073593073,"11183,18944","11183,18944"
-0.3061224489795918,0.2653061224489796,"14846,32186","14846,34677"
-0.3055555555555556,0.2777777777777778,"15249,21788","15249,25919"
-0.3055555555555556,0.2777777777777778,"15051,38395","15051,40525"
0.3043478260869565,0.3043478260869565,"3350,16484","1132,3350"
-0.3043478260869565,0.2391304347826087,"15767,33125","15767,37733"
-0.3043478260869565,0.2391304347826087,"11290,23459","11290,38423"
-0.3043478260869565,0.2010869565217391,"3159,23301","3159,24489"
-0.3043478260869565,-0.010230179028133,"7295,33815","7295,9840"
0.3043478260869565,-0.25,"9650,28352","6140,28352"
0.303030303030303,-0.2037037037037037,"17846,37285","7358,37285"
-0.303030303030303,-0.303030303030303,"10055,39189","10055,11860"
-0.303030303030303,0.303030303030303,"17534,40810","17534,27050"
-0.303030303030303,0.303030303030303,"9610,10358","9610,10358"
-0.3023255813953488,0.3023255813953488,"7718,13700","7718,13700"
-0.3023255813953488,0.3023255813953488,"12882,30599","12882,32508"
-0.3,0.22,"9570,31625","9570,37014"
-0.3,0.22,"14435,19613","14435,36728"
-0.3,0.22,"15280,32614","15280,38799"
-0.3,0.22,"14431,31747","14431,37261"
-0.3,-0.1552631578947368,"8194,35580","3282,8194"
-0.3,0.1571428571428571,"5920,28366","5920,24420"
-0.3,0.24,"10309,32420","10309,36574"
-0.2982456140350877,0.175438596491228,"11622,30236","11622,39612"
-0.2982456140350877,0.1929824561403508,"12084,30081","12084,37245"
-0.2981072555205047,0.2981072555205047,"489,11200","489,11200"
-0.2972972972972973,0.2972972972972973,"15157,38596","15157,25987"
-0.2972972972972973,0.2702702702702703,"13631,36907","13631,13754"
-0.2957746478873239,0.1408450704225352,"8425,28624","8425,31411"
-0.2957746478873239,0.1971830985915492,"11158,28475","11158,23446"
-0.2954545454545454,0.0165847665847665,"12602,14097","9235,14097"
-0.2941176470588235,0.2941176470588235,"15578,39322","15578,39323"
0.2941176470588235,-0.0,"8289,9701","3655,8289"
-0.2941176470588235,0.2156862745098039,"9475,12483","9475,38493"
-0.2941176470588235,-0.0696278511404561,"6225,31659","5930,6225"
-0.2941176470588235,0.1470588235294117,"10148,28922","10148,39775"
-0.2933333333333333,0.1733333333333333,"7807,28136","7807,35016"
-0.2916666666666667,0.25,"10475,32867","10475,35076"
-0.2916666666666667,0.2083333333333333,"16154,33563","16154,26561"
-0.2914572864321608,0.2160804020100502,"3793,23252","3793,24022"
-0.2911392405063291,0.2658227848101265,"10356,27760","10356,28633"
-0.2905405405405405,0.1148648648648648,"5175,23954","5175,30053"
-0.2903225806451613,0.2258064516129032,"7752,23615","7752,32197"
-0.29,0.13,"8079,25873","8079,35004"
-0.2898550724637681,0.1884057971014492,"5436,6360","6360,34975"
0.289855072463768,-0.289855072463768,"730,20110","730,20110"
-0.2888888888888888,0.2444444444444444,"16410,33901","16410,36955"
-0.2884615384615384,0.25,"14597,31912","14597,34340"
-0.288135593220339,0.2542372881355932,"13311,30567","13311,32466"
-0.2875,0.125,"10091,27514","10091,39412"
-0.2857142857142857,0.2857142857142857,"12656,27332","12656,24090"
0.2857142857142857,-0.2857142857142857,"3295,12031","3295,12031"
-0.2857142857142857,0.1428571428571428,"5063,27893","5063,37433"
-0.2857142857142857,0.1587301587301587,"12272,29505","12272,34211"
-0.2857142857142857,0.2244897959183673,"9677,33027","9677,37552"
-0.2857142857142857,0.2244897959183673,"15980,27064","15980,31274"
-0.2857142857142857,0.2761904761904762,"7723,25586","7723,25805"
-0.284313725490196,0.0980392156862745,"8126,25906","8126,27699"
-0.2842105263157894,0.1578947368421052,"7696,26297","7696,32008"
-0.2840909090909091,0.1477272727272727,"7681,26833","7681,34321"
-0.2837837837837837,0.1891891891891892,"11114,28442","11114,33196"
-0.2833333333333333,0.2,"7476,30398","7476,36243"
-0.2833333333333333,0.1666666666666666,"13066,30330","13066,35561"
-0.2830188679245283,0.1886792452830188,"13630,31792","13630,39212"
-0.2830188679245283,0.2075471698113207,"14357,31658","14357,37080"
0.2826530612244898,-0.2826530612244898,"7357,8858","7357,8858"
-0.2826086956521739,0.2391304347826087,"17602,35254","17602,38769"
-0.2826086956521739,0.1413043478260869,"9169,26728","9169,35246"
-0.2826086956521739,0.2608695652173913,"11326,35066","11326,36660"
-0.2826086956521739,0.2391304347826087,"17464,35089","17464,38574"
-0.2818181818181818,0.209090909090909,"7404,25359","7404,27542"
0.28,-0.28,"829,14413","829,14413"
-0.28,0.24,"15302,32649","15302,35328"
-0.28,0.22,"15515,32868","15515,37302"
-0.2794117647058823,0.0808823529411764,"4493,24405","4493,37399"
-0.2790697674418604,0.1165346281625351,"7458,36157","4015,7458"
-0.2786885245901639,0.2295081967213114,"12911,30176","12911,32974"
-0.2786885245901639,0.1967213114754098,"12616,30612","12616,36718"
-0.2777777777777778,0.2129629629629629,"7790,25644","7790,27702"
-0.2777777777777778,-0.0224586288416075,"9013,40150","6535,9013"
-0.2777777777777778,0.1851851851851851,"8011,32199","8011,40113"
-0.2777777777777778,0.1527777777777778,"11426,28697","11426,36983"
-0.2777777777777778,0.1388888888888889,"5142,24284","5142,29177"
-0.2765957446808511,0.2340425531914893,"16934,34463","16934,37744"
-0.275,0.1625,"10638,28001","10638,34640"
-0.2745098039215686,0.2352941176470588,"15607,32979","15607,35742"
-0.2734375,0.1015625,"3147,24798","3147,35032"
-0.2733812949640288,0.2446043165467626,"5893,24391","5893,24846"
0.2727272727272727,-0.2727272727272727,"5568,20302","5568,20302"
-0.2727272727272727,0.25,"18471,36267","18471,38091"
0.2727272727272727,-0.2727272727272727,"5086,5594","5086,5594"
-0.272108843537415,0.0884353741496598,"2092,24275","2092,35063"
-0.2719298245614035,0.2719298245614035,"7548,25461","7548,25462"
-0.2711864406779661,0.2372881355932203,"14133,31453","14133,33656"
-0.2710280373831775,0.1308411214953271,"4886,13413","4886,33757"
-0.2708333333333333,0.25,"9152,26716","9152,27374"
-0.2708333333333333,0.2708333333333333,"16515,34037","16515,34036"
-0.2708333333333333,0.2708333333333333,"16999,34575","16999,34574"
-0.2708333333333333,0.2291666666666666,"9578,33978","9578,13553"
0.270594653573377,0.1914893617021276,"7602,9997","7602,29263"
0.2702702702702703,0.2702702702702703,"6028,8609","8609,39646"
-0.2698412698412698,0.2063492063492063,"11862,30546","11862,34987"
-0.2698412698412698,0.2698412698412698,"5671,5990","5671,5990"
-0.2698412698412698,0.1587301587301587,"13368,30613","13368,40763"
-0.2696629213483146,0.1573033707865168,"9095,27327","9095,33600"
-0.2692307692307692,0.2692307692307692,"15740,33105","8720,15740"
-0.2692307692307692,0.2692307692307692,"16195,33613","16195,33612"
-0.2678571428571428,0.2410714285714285,"6053,25498","6053,26198"
-0.2674418604651162,0.1860465116279069,"10110,27539","10110,31013"
-0.2674418604651162,0.1162790697674418,"4126,27419","4126,29922"
-0.2666666666666667,0.2666666666666667,"6965,15265","6965,15265"
-0.2666666666666666,0.1833333333333333,"13997,31292","13997,30857"
-0.2666666666666666,0.2666666666666666,"18659,36463","18659,36462"
-0.2659574468085106,0.1276595744680851,"4949,26897","4949,36112"
-0.265625,0.234375,"10736,30522","10736,32397"
-0.265625,0.171875,"13003,30260","13003,37708"
-0.2654320987654321,0.1049382716049382,"5221,23984","5221,30282"
-0.2653061224489796,0.2040816326530612,"15588,34261","15588,39340"
-0.2649006622516556,0.2649006622516556,"1662,6635","1662,6635"
-0.2647058823529412,0.088235294117647,"4966,23840","4966,32216"
-0.264367816091954,0.1839080459770115,"9221,27464","9221,30826"
-0.2641509433962264,0.2075471698113207,"8251,26006","8251,27915"
-0.2641509433962264,0.2452830188679245,"13600,32846","13600,34133"
-0.2641509433962264,0.2264150943396226,"8526,32825","8526,35546"
0.2637362637362637,-0.2637362637362637,"693,3177","693,3177"
-0.2631578947368421,-0.189873417721519,"8339,40160","3322,8339"
-0.2619047619047619,0.2023809523809523,"10864,28229","10864,30672"
-0.2608695652173913,0.217391304347826,"9717,35994","9717,39776"
0.2608695652173913,-0.0,"11491,21467","19663,21467"
-0.2601626016260163,0.08130081300813,"7076,25124","7076,38918"
-0.2597402597402597,0.1688311688311688,"6996,29063","6996,34870"
-0.2592592592592592,0.2222222222222222,"8261,33081","8261,24674"
-0.2580645161290322,0.2096774193548387,"13050,31112","13050,17468"
-0.2571428571428571,0.2571428571428571,"6712,29493","6712,29494"
-0.2571428571428571,0.1714285714285714,"12216,29429","12216,35791"
-0.2560975609756097,0.2195121951219512,"11339,28619","11339,29858"
0.2558139534883721,-0.2558139534883721,"3371,15116","3371,15116"
-0.2558139534883721,0.1511627906976744,"10779,28146","10779,35048"
-0.2553191489361702,0.2127659574468085,"9506,36737","9506,38285"
-0.2553191489361702,0.2340425531914893,"16536,35475","16536,37147"
-0.2553191489361702,0.2446808510638297,"9925,27366","9925,27759"
-0.2553191489361702,0.2340425531914893,"16193,36611","16193,38472"
-0.2549019607843137,0.2352941176470588,"13488,33939","13488,35372"
-0.2549019607843137,0.2058823529411764,"9065,26659","9065,28558"
-0.2545454545454545,0.2363636363636363,"15178,33713","15178,35136"
-0.2542372881355932,0.2203389830508474,"7505,32377","7505,29835"
-0.2521739130434782,0.2347826086956521,"4903,25723","4903,26205"
-0.25,0.171875,"9624,23360","9624,37292"
-0.25,0.2083333333333333,"14018,36414","14018,40365"
0.25,-0.25,"6400,13830","6400,13830"
-0.25,0.2307692307692307,"8639,34555","8639,36059"
-0.25,-0.25,"6979,38148","6979,12821"
0.25,-0.15,"8235,31618","2345,31618"
-0.25,0.1666666666666666,"11171,28485","11171,33296"
-0.25,0.2272727272727272,"17940,37343","17940,39228"
-0.25,0.25,"19392,37397","19392,37398"
-0.25,0.2205882352941176,"11724,26969","11724,32153"
0.25,0.0,"3387,11685","3387,16775"
-0.25,0.2115384615384615,"8388,34916","8388,38341"
-0.25,0.2291666666666666,"9294,35878","9294,27329"
0.2486187845303867,-0.2486187845303867,"1266,18539","1266,18539"
-0.2480620155038759,0.1317829457364341,"7210,25222","7210,30377"
-0.2479674796747967,0.0853658536585365,"1261,23171","1261,28608"
-0.2475247524752475,0.1089108910891089,"9392,26926","9392,38102"
-0.2461538461538461,0.0769230769230769,"7282,25267","7282,40774"
-0.2461538461538461,0.1846153846153846,"10921,25985","10921,28859"
-0.2461538461538461,0.2307692307692307,"10681,31246","10681,32257"
-0.2456140350877192,0.2456140350877192,"5215,17163","5215,17163"
-0.2448979591836734,0.2244897959183673,"8949,35889","8949,37642"
-0.2444444444444444,0.2222222222222222,"17200,38151","17200,40241"
-0.2441860465116279,0.2093023255813953,"8583,28371","8583,29423"
-0.2439024390243902,0.2439024390243902,"19309,39161","19309,36435"
-0.2419354838709677,0.1935483870967742,"10054,31780","10054,33403"
-0.2419354838709677,0.1774193548387097,"14326,31627","14326,37017"
-0.2417582417582417,0.1098901098901098,"3718,28193","3718,40840"
-0.2413793103448276,0.1896551724137931,"6972,33354","6972,38114"
-0.2413793103448276,0.1810344827586207,"8283,26039","8283,28449"
-0.2413793103448276,0.1896551724137931,"8365,26081","8365,28084"
-0.2413793103448276,0.1954022988505747,"11390,28659","11390,30666"
-0.2410958904109589,0.0273972602739726,"1730,22715","1730,38953"
-0.2407407407407407,0.2222222222222222,"7871,34018","7871,35447"
-0.24,0.2266666666666666,"12320,20729","12320,30317"
-0.2388059701492537,0.208955223880597,"13681,30942","13681,32961"
-0.2385486361296963,0.1226792864943575,"5006,6212","6212,9801"
-0.238095238095238,0.238095238095238,"10519,39402","10519,39403"
-0.2372227579556413,0.2372227579556413,"6307,6944","6307,6944"
-0.2363636363636363,0.2181818181818181,"14926,34771","14926,36327"
-0.2363636363636363,0.1818181818181818,"16763,34292","16763,39392"
-0.2363636363636363,0.2,"7355,34117","7355,30989"
-0.2352941176470588,0.2205882352941176,"13737,30992","13737,31913"
-0.2352941176470588,0.2352941176470588,"13632,35630","13632,35631"
-0.2340425531914893,0.2127659574468085,"14975,38219","14975,40331"
-0.2340425531914893,0.2340425531914893,"15854,37916","15854,37915"
-0.233508956796628,0.233508956796628,"5134,5547","5134,5547"
-0.2328767123287671,0.136986301369863,"12816,13302","13302,40608"
0.2325581395348837,-0.0,"10440,20999","20999,21510"
-0.2321428571428571,0.2321428571428571,"5271,13129","5271,13129"
-0.2318840579710145,0.1739130434782608,"13325,31456","13325,36654"
-0.2318840579710144,0.2318840579710144,"7811,8990","7811,8990"
-0.2307692307692307,0.141025641025641,"12508,29740","12508,38282"
-0.2307692307692307,0.2307692307692307,"11224,32281","11224,32280"
-0.2307692307692307,0.1758241758241758,"7270,28604","7270,15910"
-0.2295081967213114,0.1475409836065573,"6000,26117","6000,29818"
-0.2295081967213114,0.180327868852459,"16046,33434","16046,38207"
-0.2295081967213114,0.180327868852459,"6268,24395","6268,37591"
-0.2291666666666666,0.2291666666666666,"15402,37119","15402,33500"
-0.2290502793296089,0.1675977653631284,"2001,24157","2001,25631"
-0.2280701754385964,0.2105263157894736,"16566,32399","16566,35512"
-0.2277227722772277,0.1089108910891089,"9988,27418","9988,37030"
0.2276422764227643,-0.2276422764227643,"8343,10223","8343,10223"
-0.2264150943396226,0.1886792452830188,"12397,36238","12397,40114"
-0.2260869565217391,0.1217391304347826,"2760,26478","2760,32720"
-0.2258064516129032,0.1774193548387097,"16065,33458","16065,38255"
-0.2244897959183673,0.2244897959183673,"8750,38504","8750,38503"
-0.2244897959183673,0.2040816326530612,"14254,38751","14254,40913"
-0.2241992882562277,0.1174377224199288,"2273,23114","2273,25069"
-0.2241379310344827,0.1896551724137931,"11857,26451","11857,26173"
-0.2241379310344827,0.2068965517241379,"10047,34145","10047,35595"
-0.2241379310344827,0.2241379310344827,"7209,34663","7209,34664"
-0.224,0.144,"4611,26034","4611,29544"
0.2239467849223946,-0.2239467849223946,"4930,6700","4930,6700"
-0.2238805970149253,0.1492537313432835,"11933,32535","11933,40797"
-0.2203389830508474,0.1694915254237288,"16314,35180","16314,40828"
-0.22,0.18,"10837,28194","10837,29895"
-0.22,0.2,"14980,38228","14980,40335"
-0.219298245614035,0.1403508771929824,"3690,26874","3690,26041"
-0.217391304347826,0.217391304347826,"5467,6343","5467,6343"
-0.216867469879518,0.1325301204819277,"10280,29771","10280,38349"
0.2162849872773536,-0.097323600973236,"589,22751","366,22751"
-0.2153846153846154,0.1538461538461538,"14904,33363","14904,40205"
-0.2153846153846154,0.1692307692307692,"9174,33864","9174,38807"
-0.2148760330578512,0.1322314049586777,"2016,23465","2016,25186"
-0.2142857142857142,0.1964285714285714,"18070,35770","18070,37501"
-0.2142857142857142,0.1309523809523809,"8504,29279","8504,37133"
0.2141372141372141,-0.2141372141372141,"9316,15802","9316,15802"
-0.2133333333333333,0.1733333333333333,"9639,30912","9639,25382"
-0.2131147540983606,0.180327868852459,"6076,34167","6076,37316"
-0.2131147540983606,0.180327868852459,"8563,25165","8563,36354"
-0.2131147540983606,0.1639344262295081,"9467,35023","9467,40616"
-0.2127659574468085,0.2127659574468085,"15080,40582","15080,31030"
-0.2127659574468085,0.2127659574468085,"15146,40729","15146,40728"
-0.2127659574468084,0.2127659574468084,"6167,12400","6167,12400"
-0.2116788321167883,-0.0065693430656933,"2038,25714","2038,5387"
-0.2113821138211382,0.089430894308943,"7845,26729","7845,38774"
-0.2112676056338028,0.1830985915492957,"14760,32098","14760,34578"
-0.2105263157894736,0.175438596491228,"12572,36643","12572,40652"
-0.2105263157894736,0.0956937799043062,"1873,23898","1873,28921"
-0.2100840336134453,0.1512605042016806,"7639,26791","7639,29345"
-0.2098765432098765,0.1358024691358024,"8166,30013","8166,37063"
-0.2096774193548387,0.1774193548387097,"9001,34649","9001,38006"
-0.2085889570552147,0.147239263803681,"6638,24835","6638,27077"
-0.2073170731707317,0.1707317073170731,"7975,30290","7975,33163"
-0.2068965517241379,0.1724137931034483,"6342,36385","6342,40320"
-0.2067307692307692,0.0099992687920443,"935,24012","675,935"
-0.2063492063492063,0.2063492063492063,"9109,35068","9109,35067"
-0.2061855670103092,0.1030927835051546,"11680,28943","11680,39848"
-0.205607476635514,0.1121495327102803,"5900,27855","5900,35532"
0.2041666666666667,-0.2041666666666667,"7402,10497","7402,10497"
0.2040816326530612,-0.2040816326530612,"5849,9314","5849,9314"
-0.2028985507246377,0.1884057971014492,"11549,32947","11549,34252"
-0.2019230769230769,0.1153846153846153,"5503,28474","5503,36178"
-0.2012987012987013,0.0779220779220779,"2228,25328","2228,35633"
-0.2,0.1846153846153846,"9074,34919","9074,36503"
0.2,-0.1969696969696969,"5648,29687","9026,29687"
0.1999999999999999,-0.1999999999999999,"4284,9597","4284,9597"
-0.1964285714285714,0.1964285714285714,"10948,37217","10948,37216"
-0.1964285714285714,0.1964285714285714,"4954,21017","4954,21017"
-0.196078431372549,0.196078431372549,"5543,12158","5543,12158"
0.1959798994974874,-0.1959798994974874,"992,1191","992,1191"
0.1956521739130434,-0.1956521739130434,"2563,7544","2563,7544"
-0.1944444444444444,0.1805555555555555,"10574,33139","10574,34471"
-0.1944444444444444,0.1666666666666666,"15337,32680","15337,35374"
-0.1940298507462686,0.1791044776119403,"12712,21657","12712,31320"
-0.1935483870967742,0.1612903225806451,"8265,35916","8265,39660"
-0.1925925925925926,0.1629629629629629,"7724,26598","7724,27979"
-0.1923076923076923,0.1923076923076923,"12871,39240","12871,39239"
-0.1923076923076923,0.1923076923076923,"5414,6580","5414,6580"
-0.1904761904761904,0.1746031746031746,"7831,36779","7831,38670"
-0.1896551724137931,0.1724137931034483,"6164,29881","6164,38674"
-0.1891891891891892,0.1756756756756756,"8585,33015","8585,34324"
-0.1886792452830188,0.1886792452830188,"11530,35265","11530,39216"
-0.1886792452830188,-0.1886792452830188,"5258,40407","5258,12160"
-0.188235294117647,0.1529411764705882,"10719,31319","10719,34850"
-0.188235294117647,0.1529411764705882,"11168,31183","11168,34654"
-0.188034188034188,0.188034188034188,"2054,5553","2054,5553"
-0.1875,0.1875,"4244,10769","4244,10769"
-0.1864406779661017,0.1694915254237288,"13315,38513","13315,28411"
-0.1864406779661017,0.1694915254237288,"10797,38594","10797,40732"
-0.1851851851851851,0.1851851851851851,"5716,31604","5716,31605"
-0.1846153846153846,0.1538461538461538,"14161,36684","14161,40714"
-0.1839080459770115,0.1494252873563218,"4912,30864","4912,34147"
-0.180722891566265,0.1204819277108433,"11047,31920","11047,39526"
-0.1805555555555555,0.1388888888888889,"11099,34488","11099,39769"
0.180327868852459,-0.1641791044776119,"5966,28044","7171,28044"
-0.1794871794871795,0.1538461538461538,"8902,32969","8902,35720"
0.1791044776119402,-0.1791044776119402,"4040,22299","4040,22299"
-0.1785714285714285,0.119047619047619,"7176,32043","7176,9521"
-0.1764705882352941,0.1764705882352941,"3901,16867","3901,16867"
-0.1764705882352941,0.1764705882352941,"11449,35406","11449,35407"
-0.1763636363636362,0.1763636363636362,"2147,6942","2147,6942"
-0.1757575757575757,0.1393939393939394,"7855,25703","7855,27403"
-0.1751824817518248,0.1167883211678832,"7055,27376","7055,31531"
-0.175,0.1375,"4942,33141","4942,37758"
-0.174757281553398,0.145631067961165,"4630,29640","4630,32218"
-0.1710526315789473,0.131578947368421,"14461,34156","14461,39166"
-0.1704545454545454,-0.1200159489633173,"3459,31671","3459,4721"
-0.1692307692307691,0.1692307692307691,"4111,14150","4111,14150"
-0.1686746987951807,0.1204819277108433,"11679,30219","11679,35827"
-0.1666666666666666,0.1666666666666666,"8881,39249","8881,39250"
-0.1655629139072847,0.1059602649006622,"5076,26853","5076,31038"
-0.1647058823529411,0.1294117647058823,"5912,32921","5912,37386"
-0.1645569620253164,0.1645569620253164,"10596,34558","10596,34559"
0.1641791044776119,-0.1641791044776119,"3905,11196","3905,11196"
0.1621621621621621,-0.0,"6335,14641","14641,20094"
-0.1617647058823529,0.1617647058823529,"6394,38719","6394,38718"
-0.1612903225806451,0.1075268817204301,"8561,31834","8561,39302"
-0.1594202898550724,0.1594202898550724,"10160,37841","10160,37840"
-0.1590909090909091,0.1590909090909091,"12980,33076","12980,33077"
-0.1578947368421052,0.0684210526315789,"3274,25545","3274,34272"
-0.15625,0.109375,"6498,28931","6498,33169"
-0.1558441558441558,0.1298701298701298,"5381,36260","5381,40143"
-0.1550387596899224,0.1007751937984496,"3329,28786","3329,34109"
-0.1546526867627785,0.0642201834862385,"135,22536","135,23620"
-0.1543624161073825,0.1342281879194631,"3420,27626","3420,28988"
-0.1538461538461538,0.1538461538461538,"13591,35558","13591,35557"
-0.1538461538461538,0.1025641025641025,"3654,29921","3654,36863"
0.1522281639928699,-0.1522281639928699,"3855,4538","3855,4538"
-0.1517241379310344,0.096551724137931,"2883,5171","2883,21791"
-0.1511627906976744,0.1511627906976744,"6008,35065","6008,35064"
-0.1506849315068493,0.1506849315068493,"3516,15587","3516,15587"
-0.15,0.15,"1525,7267","1525,7267"
0.1486486486486486,-0.1486486486486486,"3432,7945","3432,7945"
-0.146067415730337,0.1235955056179775,"3309,35072","3309,38550"
0.1458837772397094,-0.1458837772397094,"6378,7820","6378,7820"
0.1454979129397733,-0.1454979129397733,"9370,10754","9370,10754"
0.1428571428571429,0.1428571428571428,"2418,7379","2418,25758"
-0.1428571428571428,0.1020408163265306,"7304,33861","7304,40961"
-0.1428571428571428,0.1428571428571428,"9629,37313","9629,37312"
-0.1413043478260869,0.108695652173913,"6338,34789","6338,40273"
-0.1413043478260869,0.108695652173913,"8432,35131","8432,40773"
-0.141025641025641,0.1282051282051282,"8695,38173","8695,40265"
0.1405405405405405,-0.1405405405405405,"9684,11601","9684,11601"
-0.1397849462365591,0.1397849462365591,"11179,17472","11179,34691"
-0.1395348837209302,0.1395348837209302,"2811,17408","2811,17408"
-0.1390728476821192,0.0496688741721854,"698,24080","698,32287"
-0.1386554621848739,0.1386554621848739,"220,273","220,273"
-0.1382978723404255,0.1170212765957446,"4090,34835","4090,38227"
0.1379310344827586,-0.1379310344827586,"1535,1907","1535,1907"
0.1363636363636363,0.0,"3332,6981","6190,6981"
-0.1359223300970873,0.0106293940408436,"2249,33698","1939,2249"
-0.1351351351351351,0.1351351351351351,"3365,21620","3365,21620"
-0.1322314049586777,0.0909090909090909,"2969,31019","2969,37607"
-0.1320754716981132,0.1037735849056603,"3027,33322","3027,26946"
0.1305444607946184,-0.1305444607946184,"5694,6014","5694,6014"
-0.1304347826086956,0.1195652173913043,"5343,35858","5343,37612"
-0.1304347826086956,0.1217391304347826,"4201,32532","4201,33728"
-0.13,0.12,"5991,34927","5991,36513"
-0.13,0.1,"3601,34317","3601,39464"
-0.1288737717309145,0.1288737717309145,"7946,7947","7946,7947"
-0.1282051282051282,-0.1282051282051282,"1268,22881","1268,6423"
-0.1271186440677966,0.0466101694915254,"2814,25634","2814,38257"
-0.1270718232044199,0.1215469613259668,"2746,27665","2746,28074"
-0.1261261261261261,0.0990990990990991,"4586,32950","4586,37426"
0.125,-0.125,"1484,3051","1484,3051"
0.125,0.125,"1783,6955","1783,22539"
-0.125,0.1145833333333333,"5772,36012","5772,36537"
-0.1242603550295858,0.1124260355029585,"3260,28245","3260,29227"
-0.1232876712328767,0.1164383561643835,"4085,29690","4085,30438"
0.1214553237025146,-0.1214553237025146,"3865,4601","3865,4601"
-0.1208333333333333,0.1208333333333333,"651,1859","651,1859"
-0.12,0.1,"8767,36750","8767,40790"
-0.1196581196581196,0.1025641025641025,"3096,33648","3096,36647"
0.1167484997272231,-0.1167484997272231,"3362,10458","3362,10458"
-0.116504854368932,0.1067961165048543,"4801,35628","4801,37325"
-0.1142857142857142,0.1047619047619047,"5774,36042","5774,32602"
-0.1133333333333333,0.08,"3452,30671","3452,36867"
0.111111111111111,-0.111111111111111,"11578,11838","11578,11838"
-0.11,0.1,"7286,38673","7286,40826"
-0.1075268817204301,0.0591397849462365,"3606,28888","3606,37597"
-0.1069182389937107,0.0628930817610062,"2149,30347","2149,39989"
-0.1042471042471042,-0.0728281853281852,"648,26273","639,648"
-0.1016949152542373,0.0932203389830508,"2055,36390","2055,38211"
-0.101010101010101,0.101010101010101,"11726,12608","11726,12608"
-0.1005586592178771,0.0614525139664804,"2642,29304","2642,37196"
-0.0992396958783513,0.0992396958783513,"8104,9130","8104,9130"
-0.0983333333333333,0.0983333333333333,"11807,17186","11807,17186"
-0.0972762645914396,0.0778210116731517,"2098,27037","2098,29180"
0.0959276018099547,0.0734817813765181,"5623,6943","5231,6943"
-0.0958083832335329,0.0838323353293413,"2096,31503","2096,33730"
-0.0920245398773006,0.0920245398773006,"1068,1108","1068,1108"
-0.090962441314554,0.090962441314554,"5851,5852","5851,5852"
-0.0878661087866108,0.0460251046025104,"1098,28540","1098,38248"
-0.0858895705521472,0.0797546012269938,"3377,33747","3377,35164"
-0.0761904761904761,0.0761904761904761,"741,6524","741,6524"
-0.075,0.0625,"3067,35820","3067,39529"
-0.0728155339805825,0.0533980582524271,"827,32385","827,24793"
0.0720798541126787,-0.0720798541126787,"1212,3672","1212,3672"
0.0713119216113227,-0.0713119216113227,"1850,6300","1850,6300"
-0.0702702702702702,0.0594594594594594,"2246,25664","2246,38473"
-0.0691823899371069,0.0628930817610062,"4012,38084","4012,40148"
-0.0689655172413793,0.0632183908045977,"1588,35625","1588,37322"
0.0646900269541779,-0.0646900269541779,"309,11711","309,11711"
-0.0612244897959183,0.0561224489795918,"1116,36875","1116,38766"
0.0582010582010582,0.0,"634,18058","18058,20512"
-0.0572916666666666,0.0572916666666666,"2928,38520","2928,38521"
0.0555555555555555,-0.0555555555555555,"6606,8430","6606,8430"
-0.0483870967741935,0.032258064516129,"967,32175","967,40085"
0.0405405405405405,-0.0405405405405405,"9618,11506","9618,11506"
0.0384615384615384,-0.0384615384615384,"9939,14582","9939,14582"
-0.0273752012882447,0.0273752012882447,"7073,17291","7073,17291"
-0.0238095238095238,0.0238095238095238,"8665,8839","8665,8839"
0.0233009708737864,-0.0,"167,19162","1712,19162"
-0.0194109772423025,0.0080321285140562,"29,25778","29,32315"
-0.0139751552795031,0.0139751552795031,"15169,18858","15169,18858"
-0.0027337342810278,0.0027337342810278,"3816,6279","3816,6279"
-0.0,-0.0,"15222,22098","15222,22098"
0.0,0.0,"11836,21337","11836,21337"
-0.0,-0.0,"3709,14464","3709,14464"
0.0,0.0,"18482,20237","18482,20237"
0.0,0.0,"5507,9772","5507,9772"
-0.0,-0.0,"21850,22326","21850,22326"
-0.0,-0.0,"11078,19654","11078,19654"
-0.0,-0.0,"9171,18278","9171,18278"
0.0,0.0,"18560,20903","18560,20903"
-0.0,-0.0,"10798,16233","10798,16233"
-0.0,-0.0,"11056,13653","11056,13653"
0.0,0.0,"16498,18769","16498,18769"
0.0,0.0,"6570,21030","6570,21030"
-0.0,-0.0,"4536,16576","4536,16576"
0.0,0.0,"8905,13790","8905,13790"
-0.0,-0.0,"15199,16308","15199,16308"
0.0,0.0,"1844,3652","1844,3652"
0.0,0.0,"15098,18912","15098,18912"
0.0,0.0,"6980,9000","6980,9000"
0.0,0.0,"18370,20924","18370,20924"
0.0,0.0,"13333,21901","13333,21901"
0.0,0.0,"11852,22065","11852,22065"
-0.0,-0.0,"6920,20935","6920,20935"
-0.0,-0.0,"9147,22282","9147,22282"
-0.0,-0.0,"5089,13494","5089,13494"
0.0,0.0,"9500,15173","9500,15173"
-0.0,-0.0,"16669,19019","16669,19019"
0.0,0.0,"9794,18992","9794,18992"
0.0,0.0,"9685,19075","9685,19075"
0.0,0.0,"21936,22074","21936,22074"
0.0,0.0,"15037,20877","15037,20877"
0.0,0.0,"6252,21934","6252,21934"
-0.0,-0.0,"11781,20014","11781,20014"
-0.0,-0.0,"13239,14033","13239,14033"
-0.0,-0.0,"5404,6328","5404,6328"
0.0,0.0,"8906,15392","8906,15392"
0.0,0.0,"8916,13099","8916,13099"
0.0,0.0,"15204,22092","15204,22092"
-0.0,-0.0,"3435,17412","3435,17412"
-0.0,-0.0,"9028,11816","9028,11816"
-0.0,-0.0,"4682,14425","4682,14425"
0.0,0.0,"3667,5452","3667,5452"
-0.0,-0.0,"19990,20996","19990,20996"
0.0,0.0,"16259,21911","16259,21911"
-0.0,-0.0,"16538,18075","16538,18075"
0.0,0.0,"6365,11188","6365,11188"
0.0,0.0,"6532,22309","6532,22309"
-0.0,-0.0,"7965,21915","7965,21915"
-0.0,-0.0,"6988,12302","6988,12302"
-0.0,-0.0,"15506,16946","15506,16946"
-0.0,-0.0,"9712,19979","9712,19979"
0.0,0.0,"623,1862","623,1862"
0.0,0.0,"11925,17392","11925,17392"
0.0,0.0,"3846,10408","3846,10408"
-0.0,-0.0,"17748,22096","17748,22096"
0.0,0.0,"11915,20410","11915,20410"
-0.0,-0.0,"355,4421","355,4421"
-0.0,-0.0,"7771,17622","7771,17622"
-0.0,-0.0,"8686,18264","8686,18264"
-0.0,-0.0,"4086,6455","4086,6455"
0.0,0.0,"5201,21859","5201,21859"
0.0,0.0,"13401,18930","13401,18930"
-0.0,-0.0,"7725,22149","7725,22149"
-0.0,-0.0,"13534,14488","13534,14488"
-0.0,-0.0,"9602,15104","9602,15104"
-0.0,-0.0,"9087,10946","9087,10946"
0.0,0.0,"11958,22024","11958,22024"
-0.0,-0.0,"597,871","597,871"
0.0,0.0,"8813,16222","8813,16222"
0.0,0.0,"9400,15131","9400,15131"
-0.0,-0.0,"6002,6543","6002,6543"
0.0,0.0,"10569,15518","10569,15518"
0.0,0.0,"6657,6982","6657,6982"
0.0,0.0,"5514,6978","5514,6978"
-0.0,-0.0,"8535,15512","8535,15512"
-0.0,-0.0,"17002,19730","17002,19730"
0.0,0.0,"18245,19443","18245,19443"
0.0,0.0,"5973,17155","5973,17155"
-0.0,-0.0,"9449,13101","9449,13101"
0.0,0.0,"7233,8195","7233,8195"
0.0,0.0,"20048,21003","20048,21003"
-0.0,-0.0,"18049,19000","18049,19000"
0.0,0.0,"7600,10937","7600,10937"
0.0,0.0,"4643,13383","4643,13383"
0.0,0.0,"16076,20135","16076,20135"
-0.0,-0.0,"9660,16993","9660,16993"
-0.0,-0.0,"2533,11024","2533,11024"
-0.0,-0.0,"3969,15208","3969,15208"
0.0,0.0,"2086,4378","2086,4378"
0.0,0.0,"7068,20727","7068,20727"
-0.0,-0.0,"7501,22356","7501,22356"
-0.0,-0.0,"11534,21423","11534,21423"
-0.0,-0.0,"2064,11340","2064,11340"
-0.0,-0.0,"8645,13690","8645,13690"
0.0,0.0,"11300,13288","11300,13288"
0.0,0.0,"14369,17102","14369,17102"
0.0,0.0,"8560,20530","8560,20530"
0.0,0.0,"9640,18700","9640,18700"
-0.0,-0.0,"8877,13633","8877,13633"
-0.0,-0.0,"18044,18112","18044,18112"
-0.0,-0.0,"9678,11592","9678,11592"
-0.0,-0.0,"11586,13237","11586,13237"
-0.0,-0.0,"6554,20472","6554,20472"
-0.0,-0.0,"11572,21796","11572,21796"
0.0,0.0,"3566,7885","3566,7885"
-0.0,-0.0,"17518,20481","17518,20481"
0.0,0.0,"5591,5799","5591,5799"
-0.0,-0.0,"5800,15040","5800,15040"
-0.0,-0.0,"7914,11611","7914,11611"
0.0,0.0,"14339,17722","14339,17722"
-0.0,-0.0,"16409,19097","16409,19097"
0.0,0.0,"1986,17144","1986,17144"
0.0,0.0,"11388,15745","11388,15745"
0.0,0.0,"20628,21083","20628,21083"
-0.0,-0.0,"9341,16252","9341,16252"
0.0,0.0,"9551,19644","9551,19644"
0.0,0.0,"10264,17160","10264,17160"
0.0,0.0,"9046,15013","9046,15013"
-0.0,-0.0,"15313,19111","15313,19111"
-0.0,-0.0,"8020,21069","8020,21069"
0.0,0.0,"20386,20559","20386,20559"
-0.0,-0.0,"11483,12135","11483,12135"
-0.0,-0.0,"4649,7585","4649,7585"
0.0,0.0,"8015,8355","8015,8355"
0.0,0.0,"6415,14304","6415,14304"
0.0,0.0,"20013,20695","20013,20695"
-0.0,-0.0,"14299,15353","14299,15353"
0.0,0.0,"10694,20583","10694,20583"
-0.0,-0.0,"11609,22166","11609,22166"
0.0,0.0,"9120,15476","9120,15476"
-0.0,-0.0,"2205,10407","2205,10407"
0.0,0.0,"15568,20839","15568,20839"
0.0,0.0,"9949,14406","9949,14406"
0.0,0.0,"519,1106","519,1106"
0.0,0.0,"13520,18069","13520,18069"
-0.0,-0.0,"9334,13524","9334,13524"
-0.0,-0.0,"16026,17061","16026,17061"
-0.0,-0.0,"5658,20304","5658,20304"
0.0,0.0,"11763,22130","11763,22130"
-0.0,-0.0,"11762,12767","11762,12767"
-0.0,-0.0,"9223,9676","9223,9676"
0.0,0.0,"11743,21278","11743,21278"
0.0,0.0,"8973,9143","8973,9143"
0.0,0.0,"9142,12570","9142,12570"
-0.0,-0.0,"8511,16477","8511,16477"
-0.0,-0.0,"11129,12466","11129,12466"
0.0,0.0,"2185,12392","2185,12392"
-0.0,-0.0,"15244,21388","15244,21388"
0.0,0.0,"11659,16929","11659,16929"
0.0,0.0,"15699,18790","15699,18790"
-0.0,-0.0,"3631,17073","3631,17073"
0.0,0.0,"6120,11223","6120,11223"
0.0,0.0,"7337,13620","7337,13620"
0.0,0.0,"19603,20782","19603,20782"
0.0,0.0,"2944,11634","2944,11634"
0.0,0.0,"7892,12371","7892,12371"
-0.0,-0.0,"11248,19481","11248,19481"
0.0,0.0,"15236,18368","15236,18368"
0.0,0.0,"16961,18039","16961,18039"
0.0,0.0,"8829,19851","8829,19851"
-0.0,-0.0,"2644,9123","2644,9123"
-0.0,-0.0,"6874,21210","6874,21210"
0.0,0.0,"14713,18036","14713,18036"
0.0,0.0,"10509,13566","10509,13566"
0.0,0.0,"9108,17747","9108,17747"
0.0,0.0,"8664,20818","8664,20818"
0.0,0.0,"7352,18642","7352,18642"
-0.0,-0.0,"13276,17248","13276,17248"
-0.0,-0.0,"15776,19705","15776,19705"
-0.0,-0.0,"2476,4964","2476,4964"
-0.0,-0.0,"3070,8440","3070,8440"
-0.0,-0.0,"10759,13730","10759,13730"
0.0,0.0,"18443,21834","18443,21834"
-0.0,-0.0,"5371,5565","5371,5565"
-0.0,-0.0,"6126,10686","6126,10686"
-0.0,-0.0,"2975,3766","2975,3766"
0.0,0.0,"13044,19784","13044,19784"
0.0,0.0,"17480,17595","17480,17595"
0.0,0.0,"2562,19667","2562,19667"
-0.0,-0.0,"14917,19689","14917,19689"
0.0,0.0,"6248,7229","6248,7229"
-0.0,-0.0,"2786,3157","2786,3157"
0.0,0.0,"6479,14703","6479,14703"
0.0,0.0,"10545,18156","10545,18156"
0.0,0.0,"18155,18232","18155,18232"
-0.0,-0.0,"2636,10137","2636,10137"
-0.0,-0.0,"10465,19995","10465,19995"
0.0,0.0,"4849,21673","4849,21673"
0.0,0.0,"2913,5636","2913,5636"
0.0,0.0,"19620,22213","19620,22213"
-0.0,-0.0,"21272,21770","21272,21770"
0.0,0.0,"7114,22214","7114,22214"
-0.0,-0.0,"18223,21690","18223,21690"
-0.0,-0.0,"12433,18499","12433,18499"
-0.0,-0.0,"4860,6508","4860,6508"
-0.0,-0.0,"10644,17520","10644,17520"
0.0,0.0,"16954,21667","16954,21667"
-0.0,-0.0,"3319,15832","3319,15832"
0.0,0.0,"10556,10792","10556,10792"
0.0,0.0,"4136,12471","4136,12471"
0.0,0.0,"12098,18526","12098,18526"
0.0,0.0,"8568,21295","8568,21295"
-0.0,-0.0,"13837,19280","13837,19280"
0.0,0.0,"2920,8643","2920,8643"
0.0,0.0,"15830,17461","15830,17461"
-0.0,-0.0,"20039,21377","20039,21377"
0.0,0.0,"14722,16788","14722,16788"
-0.0,-0.0,"10260,13966","10260,13966"
-0.0,-0.0,"19823,21501","19823,21501"
0.0,0.0,"13152,19452","13152,19452"
0.0,0.0,"8558,17840","8558,17840"
-0.0,-0.0,"12818,17879","12818,17879"
-0.0,-0.0,"7323,10854","7323,10854"
0.0,0.0,"16968,21448","16968,21448"
-0.0,-0.0,"10344,12270","10344,12270"
0.0,0.0,"9895,16703","9895,16703"
0.0,0.0,"1141,12328","1141,12328"
-0.0,-0.0,"5359,8494","5359,8494"
0.0,0.0,"4450,8490","4450,8490"
-0.0,-0.0,"3751,10450","3751,10450"
-0.0,-0.0,"14959,17723","14959,17723"
-0.0,-0.0,"7388,9263","7388,9263"
0.0,0.0,"7619,12106","7619,12106"
-0.0,-0.0,"14166,16556","14166,16556"
0.0,0.0,"10801,21184","10801,21184"
0.0,0.0,"2497,19801","2497,19801"
0.0,0.0,"8674,10713","8674,10713"
0.0,0.0,"19796,21749","19796,21749"
-0.0,-0.0,"6270,13139","6270,13139"
0.0,0.0,"6644,7554","6644,7554"
0.0,0.0,"8660,20018","8660,20018"
0.0,0.0,"7096,16120","7096,16120"
0.0,0.0,"8705,18559","8705,18559"
-0.0,-0.0,"15641,18402","15641,18402"
-0.0,-0.0,"3803,19855","3803,19855"
0.0,0.0,"3215,17496","3215,17496"
