flow1,flow2,edge1,edge2
1.0,1.0,"17305,22373","17305,23938"
1.0,-0.1216216216216216,"17973,19331","5175,19331"
1.0,-0.0092336103416435,"8968,17987","833,8968"
1.0,0.3611111111111111,"10221,17983","1649,10221"
-1.0,-0.0390070921985815,"17982,35695","4454,17982"
-1.0,-0.4545454545454545,"14475,17978","17649,17978"
-1.0,-0.5416666666666666,"17974,19309","17171,17974"
-1.0,-0.1134969325153374,"17990,35698","2876,17990"
1.0,0.4285714285714285,"4097,8472","2128,8472"
-1.0,-0.0301810865191146,"16152,17959","1620,17959"
1.0,-0.0734463276836158,"17958,35179","1768,35179"
1.0,1.0,"11257,22260","22260,30412"
-1.0,-1.0,"7135,11260","10032,11260"
1.0,0.0469235156200494,"8776,17956","1968,8776"
-1.0,-0.074074074074074,"17955,35658","2804,17955"
1.0,-0.0714285714285714,"3750,17988","1116,3750"
-1.0,-1.0,"17991,35700","17991,18136"
-1.0,-1.0,"18012,18013","18011,18012"
1.0,-1.0,"18002,29786","20188,29786"
1.0,1.0,"11249,11250","6990,11250"
1.0,-0.0091638029782359,"8063,21087","876,21087"
-1.0,-0.26,"18004,35710","9995,18004"
-1.0,-0.0395604395604395,"18003,20033","2921,18003"
1.0,-0.4888888888888889,"18001,27881","10489,27881"
-1.0,-0.1709401709401709,"17992,35701","6850,17992"
1.0,-0.0542452830188679,"5614,18000","2578,5614"
1.0,-1.0,"17999,20832","13442,20832"
-1.0,-0.6153846153846154,"17997,35705","13649,17997"
-1.0,-0.0095774647887323,"4104,23408","660,4104"
-1.0,-0.19,"4105,23409","4105,6045"
-1.0,-1.0,"17953,35656","17953,20969"
1.0,-1.0,"11286,12197","12197,16459"
-1.0,-0.0133603238866396,"11278,28564","123,11278"
1.0,1.0,"17923,20340","20340,23165"
1.0,1.0,"4130,22077","20952,22077"
1.0,-0.2244897959183673,"5033,17922","5033,8923"
1.0,0.3783783783783784,"10323,17921","2504,10323"
1.0,0.1791044776119403,"5703,11285","5703,14162"
1.0,1.0,"14743,17920","14654,14743"
-1.0,-0.559322033898305,"4137,4360","3207,4137"
1.0,1.0,"16675,17952","16675,19367"
1.0,0.141025641025641,"4274,17918","4274,38310"
1.0,-0.293103448275862,"8045,25846","12727,25846"
1.0,-1.0,"11289,28573","21599,28573"
1.0,0.0537216828478964,"6999,17916","5055,6999"
1.0,-0.2873563218390804,"4128,23421","6416,23421"
-1.0,-1.0,"8051,15441","8051,9435"
-1.0,-0.0724381625441696,"17934,33759","3379,17934"
1.0,-0.0125457396759017,"17575,17951","63,17575"
1.0,0.0289473684210526,"2541,17949","2541,18023"
1.0,-0.081967213114754,"17946,30979","2443,30979"
1.0,0.0743243243243243,"7716,17945","7716,14211"
1.0,-0.2711864406779661,"5806,17944","5806,13806"
1.0,-0.1473684210526315,"11695,17943","6235,11695"
1.0,-1.0,"17942,32619","15284,32619"
1.0,0.2424242424242424,"11265,11920","9421,11920"
1.0,-0.1564039408866995,"12660,17939","12660,15262"
-1.0,-0.0249221183800623,"17938,19357","1062,17938"
1.0,0.1333333333333333,"6370,11268","6370,18823"
-1.0,-0.0607638888888888,"4915,17936","289,17936"
1.0,1.0,"16635,17911","12841,16635"
1.0,0.0961538461538461,"7393,18081","7393,39454"
-1.0,-0.0384615384615384,"11222,17213","4466,11222"
1.0,-0.0932203389830508,"18087,35787","11671,35787"
1.0,-0.0074475287745429,"11227,23218","2444,23218"
1.0,0.8444444444444444,"4031,7232","6857,7232"
1.0,-0.0845590754758122,"1800,18085","758,1800"
-1.0,-0.08,"18083,23305","2469,18083"
-1.0,-0.0406032482598607,"8078,10114","70,8078"
-1.0,-1.0,"18078,35777","18078,19641"
-1.0,-0.3714285714285714,"18077,35776","16791,18077"
1.0,0.5454545454545454,"11231,18174","17038,18174"
1.0,-0.2941176470588235,"8564,18076","8564,15486"
1.0,-0.1310344827586207,"1300,18074","762,1300"
1.0,-0.0691823899371069,"8072,25869","3897,25869"
1.0,1.0,"18072,21127","21127,21128"
-1.0,-1.0,"18014,35722","16739,18014"
-1.0,-0.1264367816091954,"18101,35803","11642,18101"
-1.0,-0.032069970845481,"18111,35813","1837,18111"
1.0,-0.0237264480111653,"5322,18107","528,5322"
-1.0,-0.0174180327868852,"18106,35808","1204,18106"
1.0,-0.2,"4016,8116","7371,8116"
-1.0,-0.0569620253164556,"18100,35802","1586,18100"
-1.0,-0.1639344262295081,"18091,31249","5840,18091"
-1.0,-0.1243243243243243,"12035,18099","2664,18099"
-1.0,-0.0196779964221824,"18098,35800","4612,18098"
-1.0,-0.0157273918741808,"18097,35799","1364,18097"
1.0,0.1790780141843971,"839,18094","839,4205"
1.0,0.1515151515151515,"4500,18093","4500,20397"
-1.0,-0.0187713310580204,"18092,35797","5184,18092"
1.0,1.0,"18071,21123","19485,21123"
-1.0,-0.5526315789473685,"18065,35765","11026,18065"
-1.0,-0.1666666666666666,"18028,23150","9655,18028"
-1.0,-0.3333333333333333,"18040,35740","18029,18040"
1.0,-0.0346620450606585,"18038,28683","1918,28683"
1.0,-0.087248322147651,"12305,18035","5133,12305"
1.0,0.4782608695652174,"18034,18037","18037,37467"
-1.0,-1.0,"18030,35735","13738,18030"
1.0,-0.0125,"18027,35733","605,35733"
1.0,-0.0142671854734111,"8028,18063","3250,8028"
-1.0,-0.0942760942760942,"13513,18026","5264,18026"
1.0,-1.0,"18024,29641","12406,29641"
-1.0,-0.0869565217391304,"18022,35728","4759,18022"
-1.0,-0.0395256916996047,"18020,18780","4507,18020"
1.0,1.0,"14525,18015","14525,14526"
1.0,-0.0723684210526315,"4062,10549","3930,10549"
1.0,-1.0,"18041,28036","10663,28036"
-1.0,-0.0859375,"18043,35741","5082,18043"
-1.0,-0.3703703703703703,"18046,35745","12828,18046"
1.0,0.0406779661016949,"5620,8071","5620,36096"
1.0,1.0,"18059,21109","21109,39415"
-1.0,-0.0344827586206896,"18056,30311","1229,18056"
1.0,0.1561181434599156,"4255,18054","4255,18445"
1.0,0.0734463276836158,"2146,11236","2146,4698"
-1.0,-0.2280701754385964,"11237,28533","10858,11237"
1.0,0.0242701371790362,"841,11238","841,7799"
-1.0,-0.2741935483870967,"18051,35751","10877,18051"
-1.0,-1.0,"11240,28535","11240,11241"
-1.0,-0.3928571428571428,"18050,20586","13069,18050"
1.0,0.7049180327868853,"17601,18048","4117,17601"
1.0,1.0,"13612,17910","13612,19312"
1.0,-0.0017691287041132,"10932,17782","101,10932"
1.0,1.0,"7876,17788","7876,25726"
1.0,0.2307692307692307,"7948,11338","7948,8236"
1.0,-0.4166666666666667,"10473,11341","10473,15594"
-1.0,-0.0552486187845303,"17786,35459","5059,17786"
-1.0,-0.3333333333333333,"17785,35458","12772,17785"
1.0,-0.0187074829931972,"14360,17784","3954,14360"
1.0,1.0,"17759,17783","17759,35431"
1.0,1.0,"16521,17790","16521,17791"
1.0,0.8169014084507042,"17780,19762","11686,19762"
1.0,-0.0060271220492214,"11810,17779","773,11810"
1.0,-0.0,"17352,17778","10176,17352"
1.0,0.4277108433734939,"2967,4239","2967,3249"
1.0,1.0,"336,17777","336,456"
-1.0,-0.1322314049586777,"17776,22232","8752,17776"
-1.0,-0.2564102564102564,"17775,35451","13038,17775"
1.0,1.0,"17812,20823","20823,39083"
1.0,-0.1764705882352941,"11331,21245","5468,21245"
-1.0,-0.1597222222222222,"17808,35478","4825,17808"
1.0,0.5528846153846154,"14205,17807","8998,14205"
1.0,-0.08,"17806,29669","7761,29669"
-1.0,-0.1686746987951807,"17805,35470","6189,17805"
1.0,-0.0564102564102564,"11352,17803","7836,11352"
-1.0,-0.2166666666666666,"17802,35469","6858,17802"
1.0,-0.3513513513513513,"2899,17799","2899,13947"
-1.0,-1.0,"17792,35464","14382,17792"
1.0,0.3846153846153846,"15411,17798","9588,15411"
1.0,1.0,"13539,17797","13539,19187"
-1.0,-1.0,"15409,17796","17795,17796"
-1.0,-0.1432432432432432,"4227,23466","2351,4227"
-1.0,-1.0,"17793,19185","16522,17793"
1.0,-0.52,"17774,34920","17329,34920"
1.0,-0.018369690011481,"17773,25400","2288,25400"
1.0,-0.101010101010101,"7943,11370","7943,11267"
1.0,0.0343018563357546,"249,4262","249,22748"
1.0,-0.2364344596430836,"1703,17752","1281,1703"
-1.0,-1.0,"17751,35424","13755,17751"
-1.0,-0.4615384615384615,"17750,35422","12307,17750"
1.0,-0.1527777777777778,"14312,17749","2200,14312"
1.0,0.4583333333333333,"11366,17603","1815,17603"
-1.0,-0.1447368421052631,"17746,35419","6292,17746"
1.0,1.0,"11372,13852","13852,19702"
-1.0,-0.1171171171171171,"12038,17772","6103,17772"
1.0,0.1388888888888889,"9396,17745","9396,22100"
1.0,-1.0,"17744,29982","12722,29982"
-1.0,-0.1329479768786127,"17743,35416","3154,17743"
1.0,-0.0643274853801169,"17740,35411","4673,35411"
-1.0,-0.1094890510948905,"9034,17734","3937,17734"
1.0,-0.1611721611721611,"8521,17753","4854,8521"
-1.0,-0.1555555555555555,"11363,28639","6417,11363"
1.0,-0.0782122905027933,"17756,19811","5577,19811"
-1.0,-0.1464435146443514,"17771,35448","5016,17771"
-1.0,-1.0,"17770,35446","7709,17770"
1.0,0.6071428571428571,"12741,17769","8841,12741"
-1.0,-0.2558139534883721,"2663,17768","12380,17768"
-1.0,-0.0320284697508896,"11357,28629","357,11357"
1.0,0.174863387978142,"5385,11358","5385,12689"
-1.0,-0.0526315789473684,"17766,35439","1564,17766"
1.0,0.0443548387096774,"1744,17765","1744,20522"
1.0,1.0,"10524,17764","10524,27904"
-1.0,-1.0,"17763,35436","17763,22132"
-1.0,-0.0141206675224646,"8004,25820","700,8004"
-1.0,-1.0,"17757,35429","17757,18618"
1.0,-0.1322751322751322,"1674,4218","1674,3111"
-1.0,-1.0,"11299,11868","7805,11299"
1.0,-0.0436241610738255,"17871,34876","3244,34876"
1.0,1.0,"12979,17882","12979,23040"
-1.0,-0.1559633027522936,"17881,35563","4573,17881"
1.0,-0.627906976744186,"13867,17880","13867,21325"
-1.0,-0.217391304347826,"17875,31270","11794,17875"
-1.0,-0.0846560846560846,"17873,35555","5853,17873"
1.0,-0.3885086455331412,"1278,17872","1278,6452"
1.0,0.0279898218829516,"2188,17870","2188,27808"
-1.0,-0.1886792452830188,"17883,35566","13899,17883"
1.0,0.5,"17869,21418","21418,39824"
-1.0,-0.0457746478873239,"17867,35550","766,17867"
1.0,1.0,"17866,19650","19650,33235"
1.0,-0.0988372093023255,"15239,17865","3741,15239"
1.0,0.0548387096774193,"2326,11317","2326,30338"
1.0,0.0895522388059701,"13727,17864","1464,13727"
1.0,-0.0924369747899159,"11312,28595","4502,28595"
1.0,-0.2469135802469135,"12094,17884","7431,12094"
-1.0,-0.0284974093264248,"17906,35596","1526,17906"
-1.0,-0.696969696969697,"7019,11301","10315,11301"
-1.0,-0.0884615384615384,"3770,8038","624,8038"
1.0,0.4648484848484848,"11302,12553","1673,12553"
-1.0,-1.0,"3393,4155","4155,4524"
1.0,0.3020713463751438,"4501,17905","4501,5008"
1.0,-0.0204081632653061,"17901,35586","820,35586"
1.0,-0.7945205479452055,"2076,17897","2076,20948"
1.0,-0.087431693989071,"16743,17885","10297,16743"
-1.0,-0.3571428571428571,"17893,35570","9412,17893"
1.0,0.6410256410256411,"9543,17892","9543,18990"
1.0,-0.574468085106383,"7227,17891","7227,8628"
-1.0,-0.6153846153846154,"13503,17890","13599,17890"
1.0,1.0,"12635,17889","12635,29885"
1.0,0.1689189189189189,"4627,17888","4627,26922"
1.0,-0.3571428571428571,"4186,23361","3995,23361"
1.0,-0.1294117647058823,"17861,35540","5912,35540"
-1.0,-0.0544959128065395,"17836,35515","1548,17836"
1.0,-0.3689320388349514,"17835,19463","5907,19463"
1.0,0.0529801324503311,"4275,17834","4275,4328"
1.0,0.282051282051282,"12323,17832","4981,12323"
1.0,0.0434782608695652,"2294,17831","2294,19069"
1.0,0.0826446280991735,"3390,8025","3390,15973"
-1.0,-0.009847806624888,"8024,13157","8024,8636"
-1.0,-0.05,"17824,19210","4486,17824"
1.0,-1.0,"17860,32561","15220,32561"
1.0,0.0491283676703645,"1468,17823","1468,20375"
-1.0,-0.1149425287356321,"17822,35499","6245,17822"
1.0,-0.1025641025641025,"17821,35498","5383,35498"
1.0,-0.0962566844919786,"17818,29787","11282,29787"
1.0,1.0,"17817,18598","18598,36398"
-1.0,-0.0045610034207525,"17816,35495","705,17816"
-1.0,-0.1929824561403508,"17814,35494","4361,17814"
1.0,-0.1300813008130081,"11280,17837","6656,11280"
1.0,-0.1764705882352941,"17839,27573","13847,27573"
1.0,1.0,"12823,17842","12823,14625"
1.0,-0.0080482897384305,"13087,17859","865,13087"
-1.0,-0.1905405405405405,"17855,35530","1196,17855"
-1.0,-0.5227272727272727,"11318,28598","10326,11318"
1.0,-0.5714285714285714,"14553,17851","13984,14553"
-1.0,-0.0229759299781181,"17850,35526","3230,17850"
-1.0,-0.1666666666666666,"11320,28599","10247,11320"
-1.0,-0.2280701754385964,"4194,23447","4194,5114"
-1.0,-1.0,"11322,19127","11322,22332"
-1.0,-0.0348258706467661,"11323,28603","2413,11323"
-1.0,-0.102127659574468,"17848,35525","7153,17848"
1.0,-0.081967213114754,"8043,17847","3856,8043"
1.0,-0.0643564356435643,"17845,34729","1545,34729"
1.0,1.0,"17844,19636","14386,19636"
-1.0,-0.1254480286738351,"18113,24200","1628,18113"
1.0,0.1211337882112477,"5290,18114","1324,5290"
1.0,0.0190735694822888,"832,17728","832,19270"
-1.0,-0.358974358974359,"18399,36170","5347,18399"
1.0,-0.2826277955271565,"1912,11094","1912,2309"
1.0,-0.092,"18405,27717","4869,27717"
-1.0,-0.0782608695652174,"18404,23007","4357,18404"
-1.0,-0.1690140845070422,"11095,27396","4655,11095"
-1.0,-0.0248275862068965,"8163,25941","7018,8163"
1.0,1.0,"17458,18400","9814,17458"
1.0,-0.6086956521739131,"8225,11097","8225,13672"
1.0,-0.1123595505617977,"18396,26436","7967,26436"
-1.0,-0.0089153046062407,"18394,36161","1219,18394"
1.0,0.0143735933983495,"3400,18393","1993,3400"
-1.0,-0.1612903225806451,"18392,36160","6818,18392"
-1.0,-0.0904255319148936,"11098,28427","2717,11098"
-1.0,-0.1769911504424778,"11100,28429","5688,11100"
-1.0,-1.0,"11093,28423","11093,15623"
-1.0,-0.0338266384778012,"11092,23315","2384,11092"
1.0,1.0,"18426,19117","19117,37039"
-1.0,-0.0711974110032362,"18419,36196","4046,18419"
-1.0,-1.0,"11085,28413","11085,18317"
-1.0,-0.2777777777777778,"3787,15066","3787,16112"
-1.0,-0.7073170731707317,"18423,36200","7919,18423"
1.0,1.0,"11086,12431","12431,29666"
-1.0,-0.5925925925925926,"18422,19895","14243,18422"
-1.0,-0.0071731333550701,"3789,23250","521,3789"
1.0,0.4545454545454545,"18418,18775","18775,40615"
1.0,-0.095137420718816,"18410,19531","790,19531"
-1.0,-1.0,"11088,28416","11088,19881"
-1.0,-0.0176211453744493,"18416,36190","3935,18416"
-1.0,-0.2580645161290322,"17584,18415","7151,18415"
1.0,0.0380116959064327,"15726,18414","8272,15726"
-1.0,-0.0042492917847025,"18413,30934","423,18413"
1.0,-0.0478260869565217,"5802,18412","5802,6294"
1.0,1.0,"3796,21091","13147,21091"
-1.0,-1.0,"18390,21530","18389,18390"
-1.0,-1.0,"17058,18388","18387,18388"
1.0,0.043261231281198,"2169,18364","2169,26547"
1.0,-1.0,"14233,18363","13842,14233"
-1.0,-1.0,"18361,19816","17022,18361"
-1.0,-0.2666666666666666,"8153,19100","8153,17841"
1.0,1.0,"11708,18359","9747,11708"
-1.0,-1.0,"18358,36123","17105,18358"
1.0,0.3333333333333333,"18356,19524","19524,27271"
1.0,-0.3421052631578947,"18241,18355","14498,18241"
-1.0,-0.1746031746031746,"8150,25927","8150,15350"
1.0,1.0,"10378,18348","10378,27780"
1.0,0.2264150943396226,"8526,18346","8526,35546"
-1.0,-0.3225806451612903,"18345,36109","18345,20593"
-1.0,-0.0253424657534246,"18386,36155","1894,18386"
1.0,-0.00880195599022,"17057,18385","1392,17057"
1.0,0.2941176470588235,"17056,18384","11024,17056"
1.0,-0.0018647228343787,"18382,18383","260,18383"
1.0,1.0,"18378,19837","15874,19837"
-1.0,-0.2058823529411764,"11104,18112","11104,12976"
-1.0,-0.0673684210526315,"6457,11105","1157,11105"
1.0,-0.1413333333333333,"18375,23431","2364,23431"
1.0,0.1004464285714286,"5265,18374","4230,5265"
1.0,-1.0,"7668,18373","7668,8676"
1.0,1.0,"3783,8834","8834,12796"
1.0,-1.0,"18343,32752","15404,32752"
1.0,-0.1206896551724138,"17162,18493","9816,17162"
-1.0,-0.2857142857142857,"18498,36289","14892,18498"
1.0,-1.0,"10140,11054","10140,15571"
1.0,1.0,"8450,11055","8450,26152"
1.0,0.44,"15669,18496","6227,15669"
-1.0,-0.094017094017094,"12649,18495","3102,18495"
-1.0,-0.0218470705064548,"18508,36294","242,18508"
1.0,-0.1236559139784946,"354,3737","354,3606"
-1.0,-0.4193548387096774,"18487,36282","12246,18487"
1.0,0.1428571428571428,"7237,11060","7237,15104"
-1.0,-0.0917197452229299,"18484,36275","929,18484"
-1.0,-0.011417697431018,"18506,21909","1836,18506"
1.0,0.2998345740281224,"11043,15614","2596,15614"
-1.0,-0.5087719298245614,"18541,36332","8136,18541"
-1.0,-0.1025641025641025,"3704,3859","3704,4257"
-1.0,-0.0659574468085106,"18534,36323","2558,18534"
1.0,-0.5278396436525612,"9560,18531","168,9560"
-1.0,-0.0751582278481012,"18530,19247","886,18530"
-1.0,-0.2095238095238095,"8186,25960","8186,10672"
-1.0,-0.1604938271604938,"18528,36317","6461,18528"
-1.0,-0.0323383084577114,"18510,36296","1860,18510"
1.0,-0.0048148148148148,"2204,18527","27,2204"
-1.0,-0.3055555555555556,"18524,36314","14982,18524"
1.0,0.575,"11046,11599","10103,11599"
1.0,-0.1206293706293706,"18517,22998","2915,22998"
-1.0,-0.4505494505494505,"18514,36309","5448,18514"
1.0,-0.4166666666666666,"16135,18512","16135,21740"
1.0,0.2277227722772277,"6366,18480","6366,7284"
-1.0,-0.018796992481203,"18475,36268","2109,18475"
1.0,-1.0,"18473,34585","17016,34585"
-1.0,-0.375,"8174,25949","8174,11454"
1.0,0.0460829493087557,"3061,18451","3061,8397"
1.0,-0.0128108515448379,"13930,18450","1807,13930"
1.0,1.0,"3768,5145","3615,5145"
-1.0,-0.5238095238095238,"18446,36236","18446,19382"
-1.0,-0.1447368421052631,"8172,10204","4744,8172"
-1.0,-0.4583333333333333,"11064,28397","9045,11064"
1.0,0.1358024691358024,"4957,18441","4957,25056"
1.0,1.0,"18440,19668","8875,19668"
1.0,1.0,"7671,18437","7671,25546"
1.0,0.2631578947368421,"11083,14693","11614,14693"
1.0,1.0,"14363,18432","14363,31663"
1.0,0.1411764705882353,"6314,18431","6314,36210"
1.0,0.1857142857142857,"11314,18430","11314,35040"
-1.0,-1.0,"18454,36242","15870,18454"
1.0,-0.1789473684210526,"12391,18455","12391,12890"
1.0,-1.0,"8176,25951","9981,25951"
1.0,-0.1694915254237288,"18458,28886","6269,28886"
1.0,-0.4782608695652174,"18470,30846","18580,30846"
1.0,-0.0132874015748031,"3756,23231","47,23231"
1.0,0.2087745218747435,"8007,18466","1617,8007"
1.0,-0.0434782608695652,"18465,25346","11681,25346"
1.0,-0.0121951219512195,"9497,18464","2423,9497"
1.0,-0.0403726708074534,"7257,18463","2420,7257"
1.0,0.1442307692307692,"7656,18462","7656,21513"
-1.0,-0.0725388601036269,"18461,20773","2643,18461"
-1.0,-0.5333333333333333,"18460,36251","13791,18460"
1.0,-0.0753246753246753,"18459,19447","3641,19447"
1.0,-0.1257346118156511,"7299,18342","2252,7299"
-1.0,-0.029143897996357,"18115,35821","1490,18115"
1.0,-0.0218978102189781,"11187,18190","858,11187"
1.0,0.1533923303834808,"4240,18203","4240,10539"
1.0,0.3333333333333333,"11918,18199","11918,40756"
1.0,-0.0023925489190805,"3038,18197","2891,3038"
-1.0,-0.1529411764705882,"18195,35915","2897,18195"
1.0,1.0,"18193,19627","19627,37668"
1.0,-0.0043103448275862,"18191,18200","52,18200"
1.0,-0.0335120643431635,"18186,26958","997,26958"
1.0,0.0388349514563106,"2758,3956","2758,35293"
-1.0,-0.0083160083160083,"18184,35902","1036,18184"
1.0,-0.5866666666666667,"3128,18181","3128,11886"
1.0,0.0,"16083,18180","15913,16083"
-1.0,-0.0229166666666666,"11184,28498","2189,11184"
1.0,0.4583333333333333,"17254,18207","17254,38233"
1.0,0.0766283524904214,"2474,18248","2407,2474"
1.0,-0.0716216216216216,"775,18244","775,1200"
-1.0,-0.3243243243243243,"9701,18243","14449,18243"
1.0,-0.3333333333333333,"18236,35957","10550,35957"
1.0,0.4137931034482758,"13246,18235","2034,13246"
1.0,-0.0,"18228,18503","18503,21670"
1.0,-0.0652173913043478,"11164,22372","3914,22372"
1.0,-0.0951086956521739,"4845,11162","4677,4845"
1.0,0.4663189917427205,"2917,18217","2652,2917"
-1.0,-1.0,"18177,35895","13238,18177"
-1.0,-0.3777777777777777,"11468,18175","12998,18175"
-1.0,-0.5294117647058824,"12365,18128","12122,18128"
-1.0,-0.160919540229885,"18137,35846","7685,18137"
-1.0,-0.4551282051282051,"11206,28510","2371,11206"
1.0,0.3076923076923077,"7147,18134","7147,28868"
-1.0,-0.0269541778975741,"18131,35840","2707,18131"
1.0,0.5641025641025641,"8782,18129","8782,13111"
-1.0,-0.2181818181818181,"5217,18172","8394,18172"
-1.0,-0.2083333333333333,"4007,23364","4007,9276"
1.0,-0.0032598274209012,"3046,18124","1511,3046"
1.0,0.7555555555555555,"4009,6779","6779,13897"
-1.0,-0.0783034257748776,"18120,35830","579,18120"
-1.0,-1.0,"18119,19551","18119,21190"
1.0,0.7222222222222222,"18118,19498","9056,19498"
1.0,0.34375,"11324,18140","11324,38541"
1.0,-0.0238663484486873,"18142,35849","1479,35849"
-1.0,-0.1070336391437308,"18169,29806","1455,18169"
-1.0,-0.0056610056610056,"3962,23350","736,3962"
1.0,1.0,"15714,18167","15714,16865"
-1.0,-0.5555555555555556,"8097,25883","8097,15164"
-1.0,-0.3947368421052631,"18163,35879","14769,18163"
-1.0,-0.0332136445242369,"18158,35868","3101,18158"
-1.0,-0.0837209302325581,"18153,35861","5305,18153"
-1.0,-1.0,"18152,20575","18152,21371"
1.0,1.0,"18151,20570","20570,21364"
1.0,-0.5454545454545454,"12140,18148","12140,14955"
1.0,-0.2050732404430153,"2031,18147","691,2031"
-1.0,-0.2307692307692307,"18146,35853","10113,18146"
1.0,0.1470588235294117,"3784,18246","3784,40501"
1.0,-0.0563165905631659,"11315,18249","1789,11315"
1.0,-0.0413625304136253,"12205,18341","664,12205"
1.0,-0.3131672597864768,"3228,3871","2273,3228"
1.0,-1.0,"18318,36075","21780,36075"
1.0,0.2909090909090909,"10788,18315","10788,18536"
1.0,1.0,"18313,21874","21874,40414"
1.0,-0.0688622754491018,"5563,8138","3251,5563"
1.0,0.0475206611570247,"1781,18312","1519,1781"
1.0,-0.073394495412844,"18309,27351","2501,27351"
1.0,-0.1728395061728395,"18321,33760","8114,33760"
1.0,-0.0736196319018405,"18307,36058","5360,36058"
1.0,-0.2375946173254836,"6128,11132","3396,6128"
1.0,-0.2012987012987012,"9964,18306","7287,9964"
1.0,-0.0086720867208672,"18305,23651","2517,23651"
1.0,-0.0050154890101784,"15250,18304","69,15250"
1.0,0.2475247524752475,"9392,18320","9392,26926"
-1.0,-1.0,"7043,8110","7251,8110"
1.0,0.0982142857142857,"6121,11119","6121,12324"
1.0,-0.7307692307692307,"8145,11414","5873,11414"
1.0,0.3448275862068966,"9343,18340","8851,9343"
-1.0,-0.0088924818108326,"18339,36097","1825,18339"
1.0,0.0093749999999999,"8988,18338","6254,8988"
-1.0,-0.1179775280898876,"18335,36093","2427,18335"
1.0,0.2894736842105263,"15912,18334","3373,15912"
-1.0,-1.0,"18331,36089","18331,19876"
1.0,1.0,"15975,18327","5455,15975"
1.0,1.0,"17452,18324","15873,17452"
1.0,0.0136239782016348,"3182,18302","3182,5619"
1.0,-0.366412213740458,"4720,18301","4600,4720"
1.0,0.25,"16980,18299","16980,37825"
1.0,-0.024330900243309,"3602,18260","1870,3602"
1.0,1.0,"11146,11713","11147,11713"
1.0,0.35,"14138,18265","14138,33661"
-1.0,-0.1481481481481481,"18261,19546","2250,18261"
1.0,1.0,"11134,11137","11137,12358"
-1.0,-0.4285714285714285,"3908,23323","3908,5590"
-1.0,-1.0,"18255,19710","18255,21231"
-1.0,-0.0934579439252336,"18254,35975","9658,18254"
-1.0,-1.0,"18271,36000","18271,19542"
-1.0,-0.0535714285714285,"18272,36001","326,18272"
-1.0,-1.0,"18273,21929","18273,21928"
-1.0,-1.0,"18275,36006","18275,20604"
1.0,0.0094154570419772,"248,18295","248,3310"
1.0,-0.0067620971283042,"3884,6078","13,6078"
-1.0,-0.5272727272727272,"8131,25909","8019,8131"
1.0,-0.1721854304635761,"18290,26523","7125,26523"
-1.0,-0.0346715328467153,"8130,12052","4228,8130"
1.0,-1.0,"18284,31943","14614,31943"
1.0,-0.8947368421052632,"6062,18282","6062,19564"
1.0,0.1818181818181818,"11140,11584","11584,20949"
1.0,-1.0,"8125,25905","13409,25905"
1.0,0.0271903323262839,"2267,18279","2267,4917"
1.0,1.0,"17731,21550","21550,40031"
-1.0,-1.0,"18543,33593","17234,18543"
-1.0,-1.0,"17173,34740","14901,17173"
1.0,0.1652542372881356,"4276,17180","4129,4276"
1.0,-0.3142857142857143,"17179,34749","9760,34749"
1.0,-1.0,"17177,24685","17625,24685"
1.0,-1.0,"2230,4652","2230,6673"
1.0,1.0,"4656,19301","1425,19301"
-1.0,-0.3425605536332179,"17170,34737","1936,17170"
1.0,-0.2653061224489796,"17165,34445","10567,34445"
1.0,-0.5405405405405406,"17158,28741","11458,28741"
1.0,-0.0456852791878172,"11631,28896","2489,28896"
-1.0,-0.2711864406779661,"17154,34722","8553,17154"
1.0,-0.2745098039215686,"17153,31404","9437,31404"
-1.0,-0.0897920604914933,"17150,21340","1117,17150"
1.0,0.423728813559322,"9232,17181","9232,26788"
1.0,-0.0297619047619047,"8539,17183","2483,8539"
-1.0,-0.1944444444444444,"11594,23863","11489,11594"
1.0,-0.1693200049364432,"7898,10042","6734,10042"
1.0,0.5862068965517241,"13170,17207","13170,30428"
1.0,-0.3170731707317073,"11598,28878","8211,28878"
1.0,-0.059171597633136,"11603,28884","3998,28884"
1.0,-0.0091911764705882,"10670,11605","24,10670"
-1.0,-0.3571428571428571,"11607,20160","11607,12097"
1.0,0.2758620689655172,"7118,17197","7118,25224"
-1.0,-0.5142857142857142,"17196,34766","12637,17196"
1.0,-0.0892193308550185,"13424,17191","551,13424"
1.0,0.2546546546546546,"7236,7883","2985,7236"
1.0,-0.4602272727272727,"11481,17149","10721,11481"
1.0,-0.075,"17147,18889","3115,18889"
1.0,1.0,"16571,17118","16571,23404"
1.0,-1.0,"4691,23696","17652,23696"
1.0,0.858974358974359,"10250,17145","6326,10250"
1.0,0.1171171171171171,"10153,17104","4027,10153"
-1.0,-0.0598591549295774,"17103,34682","5124,17103"
-1.0,-0.2580645161290322,"16933,17098","6234,17098"
-1.0,-0.0299295774647887,"4705,23700","1105,4705"
1.0,-0.2297297297297297,"2900,11647","2900,4350"
1.0,-0.0432692307692307,"17119,29748","6170,29748"
1.0,0.3333333333333333,"4684,15399","6645,15399"
-1.0,-0.3768115942028985,"17123,30137","9068,17123"
-1.0,-1.0,"4670,5443","4670,16896"
1.0,1.0,"11639,21297","21297,39653"
-1.0,-0.0582959641255605,"11643,13788","1088,11643"
1.0,-0.0228571428571428,"11645,11998","11998,16433"
1.0,1.0,"16343,17134","16343,33796"
1.0,0.1523809523809524,"2229,17133","2229,5048"
-1.0,-0.0330275229357798,"17130,34704","804,17130"
1.0,-0.0040444893832153,"12900,17129","1335,12900"
1.0,-0.018491124260355,"7778,17127","529,7778"
1.0,-1.0,"17126,20797","20797,21736"
1.0,-0.1848739495798319,"17208,17212","5580,17208"
1.0,-0.0139935414424111,"17270,34851","257,34851"
1.0,-0.0588235294117647,"3505,17278","3301,3505"
1.0,-0.0802469135802469,"13572,17276","4188,13572"
1.0,-0.0892857142857142,"17273,34854","7181,34854"
-1.0,-0.0275689223057644,"17272,34853","3651,17272"
-1.0,-0.2,"11555,28839","5596,11555"
1.0,1.0,"11556,18789","18789,33619"
1.0,-0.4516129032258064,"2892,4560","2892,8196"
-1.0,-0.1538461538461538,"17265,34848","9369,17265"
1.0,-0.0372148859543817,"17264,25420","1737,25420"
-1.0,-1.0,"11558,28841","11558,22240"
1.0,0.2268518518518518,"3519,17258","3519,3907"
1.0,0.2674942556175584,"4574,7363","934,7363"
-1.0,-0.0657894736842105,"11546,28831","4714,11546"
1.0,-0.1853932584269663,"4558,23033","2321,23033"
1.0,0.550865800865801,"8838,17300","2272,8838"
1.0,-0.03003003003003,"17309,34902","611,34902"
1.0,1.0,"14234,17307","14234,31526"
-1.0,-0.0997375328083989,"8258,17306","3589,17306"
1.0,-0.3828464419475655,"752,4547","752,1925"
1.0,1.0,"17303,21879","13242,21879"
1.0,-0.0280210157618213,"17301,30718","629,30718"
1.0,0.3595505617977528,"7127,11543","7127,25170"
1.0,-0.0361247947454844,"1118,11544","684,1118"
1.0,-0.0744680851063829,"14013,17299","4292,14013"
-1.0,-0.0409448818897637,"17298,34891","2312,17298"
-1.0,-1.0,"17297,34889","11978,17297"
1.0,-0.0806845965770171,"17294,24785","951,24785"
-1.0,-0.4761904761904761,"17292,34880","17292,19934"
1.0,-0.0,"7918,19129","19129,20573"
-1.0,-1.0,"17257,33512","14343,17257"
-1.0,-0.4583333333333333,"17256,23795","16890,17256"
-1.0,-1.0,"11560,28847","11560,20124"
-1.0,-0.146788990825688,"17228,34801","11150,17228"
1.0,-0.0594594594594594,"17226,21383","4650,21383"
-1.0,-1.0,"17224,34799","17040,17224"
-1.0,-0.0638888888888888,"17223,34798","5695,17223"
-1.0,-0.10625,"3671,17222","8751,17222"
-1.0,-1.0,"7904,13903","7904,12550"
1.0,0.75,"6894,11561","6894,25018"
1.0,0.1293103448275862,"2611,17220","2611,32046"
-1.0,-1.0,"7903,25749","7903,16979"
1.0,0.013458162668227,"460,11590","460,27566"
1.0,-0.0557620817843866,"11591,28873","6783,28873"
-1.0,-0.0691823899371069,"17217,32856","5904,17217"
1.0,1.0,"11593,16040","8048,16040"
1.0,-0.4247787610619469,"17214,20367","4657,20367"
1.0,-0.041049030786773,"16930,17230","1343,16930"
1.0,1.0,"11582,15240","15240,32572"
-1.0,-0.1733333333333333,"11577,28857","7581,11577"
1.0,-0.0413747080413746,"4581,8420","3121,8420"
-1.0,-0.126865671641791,"17251,34834","1563,17251"
1.0,-0.1477272727272727,"8850,11564","8326,8850"
-1.0,-0.4705882352941176,"17247,34828","8710,17247"
1.0,-0.3783783783783784,"10236,17242","10236,19545"
1.0,1.0,"4588,5815","5266,5815"
-1.0,-0.0275080906148867,"17239,34819","3303,17239"
1.0,-0.0371352785145888,"2648,4590","2648,6296"
-1.0,-0.0227272727272727,"17238,34818","1698,17238"
-1.0,-0.0159235668789808,"17237,34816","1779,17237"
-1.0,-0.1152542372881356,"17235,34813","4936,17235"
-1.0,-0.0609243697478991,"11576,13711","220,11576"
-1.0,-0.4019607843137255,"17097,34669","3562,17097"
1.0,-0.48,"17094,34666","16707,34666"
-1.0,-1.0,"17311,17312","17311,17313"
-1.0,-1.0,"16945,34479","12489,16945"
1.0,0.0149850149850149,"2018,16958","2018,25202"
-1.0,-0.3111111111111111,"11723,15930","11478,11723"
-1.0,-0.070528967254408,"16948,19190","3246,16948"
-1.0,-0.2727272727272727,"12080,16947","9953,16947"
-1.0,-0.1290322580645161,"4794,23753","4058,4794"
1.0,0.0448717948717948,"6281,16941","6281,18854"
1.0,-0.2664359861591695,"5143,16940","2690,5143"
1.0,-0.2686868686868687,"7489,16936","7489,15117"
-1.0,-0.0787401574803149,"16928,34455","3663,16928"
-1.0,-0.3775185577942735,"7847,25697","291,7847"
1.0,0.1142857142857142,"9770,16962","9770,36195"
-1.0,-1.0,"10611,11707","9350,11707"
1.0,0.4583333333333333,"6954,16972","6954,12766"
1.0,-0.0577777777777777,"16982,24311","2896,24311"
1.0,-0.0051136363636363,"16981,29783","66,29783"
1.0,1.0,"11710,12661","11706,12661"
1.0,-0.0235934664246823,"16977,34520","1876,34520"
1.0,0.0550314465408805,"5246,16976","765,5246"
1.0,-0.3793103448275862,"14964,16964","12093,14964"
-1.0,-1.0,"11714,24069","10627,11714"
-1.0,-0.0318054256314312,"16971,29873","1167,16971"
1.0,0.4545454545454545,"16969,18138","18138,31181"
1.0,-0.1848739495798319,"11718,27797","8807,27797"
1.0,-0.303030303030303,"16967,34509","18643,34509"
-1.0,-1.0,"16965,34506","12304,16965"
-1.0,-0.2131147540983606,"16927,34453","11633,16927"
1.0,-0.3131348027361293,"1989,11732","1989,15665"
1.0,0.0441767068273092,"3289,16926","3289,37941"
1.0,1.0,"12989,16893","12989,30250"
-1.0,-0.052,"11747,28997","1995,11747"
-1.0,-0.0210016155088853,"7829,8831","1059,7829"
1.0,0.2523364485981308,"7774,11750","7774,26362"
-1.0,-0.5833333333333334,"16894,34417","15637,16894"
1.0,-0.0304287690179806,"11752,28094","2209,28094"
-1.0,-0.0282574568288854,"4814,23761","82,4814"
1.0,-0.019543973941368,"16891,34414","961,34414"
1.0,-0.7297297297297297,"4475,11760","4475,8659"
1.0,0.1526717557251908,"2825,16888","2825,15721"
-1.0,-0.0759493670886076,"16884,34408","2163,16884"
1.0,-0.4482758620689655,"1812,4851","1812,8852"
1.0,1.0,"5783,16881","5783,24330"
1.0,0.2045454545454545,"4831,7428","7428,7432"
1.0,0.1105458399576047,"3429,16898","1207,3429"
-1.0,-1.0,"16904,34427","16904,19655"
1.0,-0.0839694656488549,"16924,17289","5408,17289"
-1.0,-0.0178837555886736,"10742,11736","1584,11736"
1.0,0.3863636363636363,"8685,16922","8685,30422"
1.0,1.0,"14894,16919","14894,32242"
1.0,-0.2894736842105263,"16918,34449","15986,34449"
-1.0,-0.0902255639097744,"16916,34446","8630,16916"
1.0,-0.3,"16915,19520","7971,19520"
-1.0,-1.0,"11738,28991","11738,14711"
-1.0,-0.2285714285714285,"16911,34435","9709,16911"
-1.0,-0.2372881355932203,"6531,17089","9401,17089"
-1.0,-0.5,"17053,28973","17053,19840"
-1.0,-0.0248138957816377,"17063,34628","513,17063"
1.0,-0.0098665118978525,"7862,15698","338,15698"
-1.0,-0.0067567567567567,"17059,34627","206,17059"
1.0,0.1386138613861386,"8285,11676","8285,18082"
1.0,0.0802919708029197,"3293,17065","3293,23909"
-1.0,-1.0,"13091,17051","17050,17051"
-1.0,-1.0,"17048,34623","17048,20043"
1.0,-0.2125,"5947,17046","5947,8692"
-1.0,-0.029094321914594,"17066,23213","928,17066"
1.0,-0.1309523809523809,"16986,34564","7360,34564"
1.0,0.0278372591006423,"2842,17078","2842,4109"
1.0,-0.0520833333333333,"17088,34653","1871,34653"
-1.0,-0.1122881355932203,"11658,16395","1890,11658"
1.0,0.4922480620155038,"11661,11690","3584,11690"
1.0,-0.3333333333333333,"17075,29190","11961,29190"
1.0,1.0,"4730,5605","5605,13872"
1.0,-0.1198224852071005,"5045,17074","3700,5045"
-1.0,-0.061515748031496,"11662,28914","1280,11662"
-1.0,-1.0,"17070,34635","17070,22243"
1.0,-0.0499108734402852,"11123,17068","11123,14258"
1.0,0.3008130081300812,"11667,14188","3759,14188"
1.0,-0.0993377483443708,"17044,32206","3623,32206"
1.0,0.0518518518518518,"577,17042","265,577"
-1.0,-1.0,"17012,34584","17012,20902"
-1.0,-0.0609756097560975,"11698,28961","2376,11698"
-1.0,-0.5454545454545454,"17011,34583","17011,18491"
-1.0,-0.1287553648068669,"17006,23736","4768,17006"
1.0,0.1929824561403508,"9793,17005","9793,13638"
-1.0,-0.0401416765053128,"17003,34577","2528,17003"
-1.0,-0.1071428571428571,"17001,34576","3772,17001"
1.0,1.0,"2687,7856","2687,22864"
1.0,0.5483870967741935,"13034,16996","13034,15662"
-1.0,-0.0418410041841004,"4663,11704","1267,11704"
1.0,-0.1444444444444444,"17015,23809","4293,23809"
1.0,0.3142857142857143,"16325,17019","16325,38696"
1.0,-0.0732484076433121,"4001,17037","2777,4001"
1.0,0.6071428571428571,"13284,17034","13284,25377"
-1.0,-1.0,"13875,17033","15857,17033"
-1.0,-0.0309050772626931,"17032,34603","2796,17032"
1.0,1.0,"17027,17031","17025,17027"
1.0,0.3,"15778,17030","13020,15778"
-1.0,-1.0,"17026,17029","17029,19817"
-1.0,-1.0,"15862,17028","14786,17028"
-1.0,-0.0735294117647058,"17310,22481","8873,17310"
-1.0,-0.0429594272076372,"17725,35396","919,17725"
-1.0,-1.0,"11415,16332","11415,21613"
-1.0,-1.0,"11408,28678","11408,19041"
-1.0,-0.0481099656357388,"4356,23531","4356,5170"
-1.0,-0.0527065527065527,"17599,35251","1854,17599"
1.0,-0.1068702290076335,"17598,22076","7291,22076"
-1.0,-0.375,"14411,17594","11923,17594"
1.0,-0.2074262139003491,"1187,11420","1187,1642"
-1.0,-1.0,"4362,5027","4336,4362"
-1.0,-0.3278688524590163,"17590,35232","11623,17590"
1.0,0.0563204114477643,"3283,17608","2557,3283"
-1.0,-1.0,"17631,20630","11982,17631"
-1.0,-1.0,"15285,17629","16406,17629"
1.0,-0.1020408163265306,"17627,35273","10874,35273"
1.0,1.0,"15259,17619","15259,15275"
-1.0,-1.0,"17618,19719","17618,22360"
-1.0,-0.0143229166666666,"17617,29377","1042,17617"
1.0,0.625,"11883,17616","9311,11883"
1.0,-0.056768558951965,"10977,11406","3125,10977"
-1.0,-1.0,"7988,8456","7988,8986"
1.0,0.7717391304347826,"10064,17586","2819,10064"
-1.0,-0.2857142857142857,"4396,14613","4396,5949"
1.0,-0.0586666666666666,"8294,17561","7434,8294"
-1.0,-0.3238095238095238,"10419,11437","6642,11437"
-1.0,-0.2037037037037037,"11439,28716","5161,11439"
-1.0,-0.2352941176470588,"17557,35199","4688,17557"
-1.0,-1.0,"12387,17554","13264,17554"
-1.0,-1.0,"17551,28307","17551,20516"
1.0,0.5,"11440,17714","17714,35388"
1.0,0.0833333333333333,"5260,17581","5260,20365"
-1.0,-0.09375,"17547,26984","2785,17547"
1.0,-0.099236641221374,"11441,28718","7749,28718"
1.0,1.0,"10220,11442","10220,11155"
-1.0,-0.0423892100192678,"17542,18883","722,17542"
1.0,-0.1147540983606557,"17562,24551","3832,24551"
-1.0,-0.4827586206896552,"17564,22710","14973,17564"
1.0,1.0,"14546,17576","14546,21896"
1.0,-0.2777777777777778,"11428,28702","9064,28702"
1.0,0.0221729490022172,"2665,17574","2665,40374"
-1.0,-0.2058823529411764,"4382,4532","4382,8208"
-1.0,-0.1011904761904761,"17571,35207","4398,17571"
1.0,-1.0,"17569,35206","18991,35206"
1.0,-0.4375,"11435,25930","8154,25930"
1.0,-0.2682926829268293,"17633,19036","19035,19036"
1.0,1.0,"17636,20639","17635,20639"
-1.0,-0.3217391304347826,"17540,35168","6165,17540"
1.0,1.0,"4307,18998","18998,36873"
1.0,-1.0,"17697,35366","17698,35366"
1.0,1.0,"4300,12493","12493,12801"
-1.0,-1.0,"17695,35360","16424,17695"
1.0,0.6388888888888888,"9976,17693","9976,24977"
1.0,1.0,"17691,19092","19092,36998"
1.0,0.102803738317757,"4298,5520","5520,24218"
-1.0,-0.335,"17690,35353","451,17690"
-1.0,-0.144578313253012,"8811,17689","2942,17689"
-1.0,-0.0104961832061068,"17687,35349","128,17687"
1.0,1.0,"17683,19073","19073,36975"
-1.0,-0.1777777777777777,"17682,35342","3688,17682"
1.0,0.5714285714285714,"13460,17638","13460,20640"
1.0,-0.0768856447688564,"17711,22459","229,22459"
1.0,0.4904761904761904,"4169,17724","4169,9344"
1.0,-0.2608695652173913,"17721,25550","6693,25550"
-1.0,-0.2619047619047619,"17719,25308","7347,17719"
1.0,0.0754716981132075,"4207,17718","4207,26172"
1.0,-0.2269938650306748,"2788,11380","1942,2788"
-1.0,-1.0,"11381,28653","9139,11381"
-1.0,-0.1929824561403508,"17710,35385","16451,17710"
-1.0,-0.1037735849056603,"4291,23499","4291,5460"
-1.0,-1.0,"11386,12751","11386,11878"
1.0,0.11875,"9036,17703","431,9036"
1.0,0.7307692307692307,"5886,11387","5886,24386"
-1.0,-0.2023809523809523,"17677,24191","2287,17677"
-1.0,-0.0296391752577319,"4327,23523","978,4327"
-1.0,-0.4545454545454545,"7994,12204","7994,18650"
1.0,-0.0111069974083672,"11400,25696","219,25696"
1.0,0.4259621656881931,"4972,17653","4288,4972"
1.0,-0.7017543859649122,"7893,17650","7893,17630"
1.0,-0.5833333333333334,"4326,5237","5237,16117"
1.0,1.0,"7992,8651","6941,8651"
1.0,-0.0555555555555555,"1450,17676","1450,4164"
-1.0,-1.0,"17648,35306","17648,20658"
1.0,-0.5,"9969,17647","9969,20649"
1.0,0.44,"15290,17646","8475,15290"
1.0,0.0564814814814814,"16250,17643","6723,16250"
1.0,-1.0,"16402,17642","16402,20646"
1.0,-0.5,"17639,35289","20641,35289"
-1.0,-1.0,"17657,35326","15300,17657"
1.0,1.0,"17675,19059","10894,19059"
-1.0,-1.0,"11396,28665","11396,15200"
1.0,-0.028391167192429,"17672,29607","595,29607"
1.0,-0.3787878787878788,"9181,17671","8765,9181"
1.0,0.2295081967213114,"10683,17670","10683,19101"
-1.0,-0.0175808720112517,"17669,30075","1291,17669"
1.0,-0.6363636363636364,"11741,17667","11741,17148"
1.0,0.4197054197054197,"16212,17666","4299,16212"
-1.0,-0.0315581854043392,"17665,35333","673,17665"
1.0,-0.0236087689713322,"17664,32620","1985,32620"
1.0,-0.0241596638655462,"246,11398","246,814"
1.0,-0.0031576390575661,"7561,7995","233,7561"
-1.0,-0.1298701298701298,"17541,35169","9408,17541"
1.0,0.3023255813953488,"12732,17539","9230,12732"
-1.0,-0.696969696969697,"10972,11515","10052,11515"
-1.0,-0.5454545454545454,"17388,35006","17388,18758"
-1.0,-1.0,"17387,35005","17387,18752"
-1.0,-1.0,"17386,30552","16178,17386"
-1.0,-1.0,"17384,20276","14108,17384"
1.0,1.0,"17380,18740","14098,18740"
-1.0,-1.0,"11514,16637","11514,12843"
-1.0,-0.4150943396226415,"11513,28799","10504,11513"
1.0,0.3666666666666666,"10756,17375","5740,10756"
1.0,0.0347826086956521,"2378,17374","2378,36752"
-1.0,-0.0546697038724373,"15064,17371","2542,17371"
-1.0,-0.2626262626262626,"17370,21983","9089,17370"
-1.0,-0.3125,"12653,17389","17389,18116"
1.0,0.4,"15436,17424","15436,18262"
-1.0,-0.1307339449541284,"17410,24350","1429,17410"
1.0,-0.3783400809716599,"1531,11497","1531,14728"
1.0,-0.0148957298907646,"17417,31715","739,31715"
1.0,-0.6153846153846154,"4473,15501","9777,15501"
1.0,0.0,"17413,20480","4190,20480"
1.0,-0.0283553875236294,"11499,20300","390,20300"
1.0,-0.0399239543726235,"17395,28317","1866,28317"
1.0,-0.0092764378478664,"2867,17409","392,2867"
1.0,1.0,"11502,13925","13925,31209"
-1.0,-0.4651162790697674,"11505,28792","11504,11505"
1.0,1.0,"10022,11507","10022,27457"
-1.0,-0.059375,"11510,28793","3304,11510"
-1.0,-0.1329787234042553,"16570,17362","4322,17362"
-1.0,-1.0,"13255,17324","17323,17324"
1.0,-1.0,"4316,17333","4316,5889"
1.0,0.4545454545454545,"11538,17937","17937,39221"
1.0,-0.4380952380952381,"4533,17935","4877,17935"
1.0,-0.0629629629629629,"12906,17331","7470,12906"
-1.0,-1.0,"16109,17325","17325,20187"
1.0,-0.0109289617486338,"17361,34974","162,34974"
1.0,0.2299734748010609,"5529,17321","5529,7564"
1.0,-0.0534883720930232,"17317,27563","3483,27563"
-1.0,-0.5357142857142857,"17316,34910","14455,17316"
-1.0,-0.1273885350318471,"17315,34469","8786,17315"
-1.0,-1.0,"17314,34907","17314,19708"
-1.0,-0.2604166666666667,"4529,23622","3898,4529"
1.0,1.0,"17334,19150","19150,37090"
1.0,-0.0620155038759689,"4527,9928","3721,9928"
1.0,-0.0406779661016949,"11532,13146","5709,13146"
-1.0,-0.2083333333333333,"17360,34973","11203,17360"
1.0,0.1003584229390681,"5729,17359","5729,11038"
1.0,0.5,"17358,21304","3608,21304"
1.0,-0.064516129032258,"6022,17357","4072,6022"
1.0,-0.261038961038961,"6662,17356","6662,12464"
1.0,-0.0557768924302788,"14544,17354","8070,14544"
-1.0,-0.1234567901234567,"17351,31086","15053,17351"
-1.0,-0.0062052505966587,"11525,28806","642,11525"
1.0,-0.0619469026548672,"11526,28807","3186,28807"
-1.0,-0.0532544378698224,"17339,23079","2830,17339"
1.0,0.0207939508506616,"2540,17336","2540,4219"
1.0,-1.0,"17420,21862","9042,21862"
-1.0,-0.0924369747899159,"17427,35049","8035,17427"
1.0,0.7857142857142857,"17492,19716","8457,19716"
-1.0,-0.4615384615384615,"17503,35123","15845,17503"
1.0,-0.053763440860215,"7185,17502","4192,7185"
-1.0,-0.0476190476190476,"11463,28745","1705,11463"
1.0,-0.1639344262295081,"3007,17501","3007,9150"
-1.0,-0.3298429319371728,"17497,35117","1762,17497"
1.0,0.0188679245283018,"2210,17490","2210,5210"
-1.0,-1.0,"17511,35132","16204,17511"
1.0,0.2777777777777778,"14178,17489","14178,29897"
1.0,-1.0,"10268,17487","10268,16227"
1.0,0.0328130024802889,"2165,17485","379,2165"
1.0,-0.9483568075117372,"254,17482","254,688"
-1.0,-0.1196581196581196,"17507,35126","1830,17507"
1.0,-1.0,"11451,26484","8842,26484"
1.0,-0.4761904761904761,"17532,28041","19115,28041"
1.0,0.141025641025641,"4406,5309","5309,19180"
1.0,1.0,"11448,19124","19124,37051"
1.0,0.0035829451809387,"74,17527","74,2543"
1.0,-0.4166666666666667,"4320,17524","4320,15785"
1.0,1.0,"10227,17523","10227,27645"
1.0,0.0291545189504373,"498,11456","498,4071"
-1.0,-0.0389105058365758,"17446,35074","7436,17446"
1.0,1.0,"7960,15207","15207,32551"
-1.0,-0.0617977528089887,"17448,35075","4766,17448"
1.0,-0.1428571428571428,"17447,20366","11512,20366"
1.0,0.8170731707317074,"4625,17444","4146,4625"
1.0,-0.2946428571428571,"1115,17477","1115,3221"
1.0,0.0421052631578947,"6933,7957","6933,9179"
1.0,-0.0964912280701754,"17436,19438","11581,19438"
1.0,0.21875,"9484,17435","9484,21903"
-1.0,-0.0622775800711743,"7004,11485","2120,11485"
1.0,-1.0,"17430,18864","14236,18864"
1.0,-0.2195121951219512,"1504,17453","1504,8543"
1.0,0.175438596491228,"11904,17455","11904,28579"
-1.0,-0.6,"17456,35082","12319,17456"
1.0,0.3333333333333333,"11470,12265","12265,32001"
-1.0,-0.4545454545454545,"17476,35102","17476,18632"
-1.0,-0.6818181818181818,"17475,35101","7603,17475"
1.0,-1.0,"17473,35099","21138,35099"
1.0,0.141025641025641,"9625,17472","9625,11751"
-1.0,-0.0038705835649067,"11472,28753","17,11472"
-1.0,-0.0632911392405063,"1026,17468","3470,17468"
1.0,0.0714285714285714,"2357,17465","2357,35754"
1.0,1.0,"17462,21196","21196,39542"
-1.0,-0.2916666666666667,"17460,35086","16272,17460"
-1.0,-0.106060606060606,"18542,36337","5809,18542"
1.0,-0.0590163934426229,"5211,18544","955,5211"
-1.0,-0.2037037037037037,"9035,20081","5229,20081"
1.0,-1.0,"19569,33353","15967,33353"
-1.0,-0.104602510460251,"8336,19578","4393,19578"
1.0,-0.126865671641791,"19574,22505","4195,22505"
1.0,-0.1205673758865248,"13235,19573","8006,13235"
1.0,0.2040816326530612,"7466,19570","7466,10962"
1.0,-0.5517241379310345,"5858,19568","5858,14227"
-1.0,-0.53125,"14456,19566","13134,19566"
-1.0,-0.1617647058823529,"19565,37600","18708,19565"
1.0,-0.3170731707317073,"14895,19562","14687,14895"
-1.0,-0.078125,"19561,37596","6498,19561"
1.0,-1.0,"1952,8399","1952,5417"
-1.0,-0.1805555555555555,"19581,37619","11893,19581"
1.0,0.325,"10571,12826","12826,34130"
1.0,-0.2,"16704,19592","4966,16704"
1.0,0.3378378378378378,"9297,19600","9297,24408"
-1.0,-0.0094302554027504,"6474,19599","173,19599"
-1.0,-0.0118790496760259,"19597,25782","2143,19597"
1.0,0.0784313725490196,"2855,4133","4133,30825"
1.0,1.0,"19290,19594","19290,37274"
-1.0,-0.0279589934762348,"18427,19593","1456,19593"
-1.0,-0.0543875685557586,"12190,19591","621,19591"
-1.0,-0.0129259694477085,"10580,27953","1867,10580"
1.0,-0.134453781512605,"19590,31347","5407,31347"
1.0,1.0,"19588,19589","19588,32833"
1.0,0.1538461538461538,"19025,19586","19025,40963"
-1.0,-1.0,"16173,19583","13285,19583"
1.0,0.7928388746803069,"10593,15710","2535,15710"
1.0,0.5,"19532,20932","13508,20932"
-1.0,-1.0,"16821,19538","19504,19538"
1.0,-0.4175824175824176,"8392,14702","6019,14702"
1.0,-0.078125,"10607,18711","2787,18711"
1.0,-0.102803738317757,"10608,13396","8972,13396"
1.0,0.4482758620689655,"13537,19533","6034,13537"
-1.0,-0.75,"19557,37590","7786,19557"
-1.0,-0.2650602409638554,"10609,27981","10609,10673"
-1.0,-0.48,"19530,24272","17335,19530"
-1.0,-0.0057142857142857,"10180,10610","288,10610"
1.0,-0.3023255813953488,"6511,10612","6511,11600"
1.0,1.0,"9352,10613","8652,9352"
1.0,-0.2045977011494253,"2516,19540","1567,2516"
1.0,-0.84375,"19541,23381","4052,23381"
1.0,0.0030407459963511,"31,10606","31,10945"
1.0,-1.0,"19555,30841","13747,30841"
1.0,-0.1481481481481481,"10594,27968","7216,27968"
1.0,0.3777777777777777,"10598,12755","12755,21031"
1.0,0.1737451737451737,"4971,19554","4971,15046"
1.0,-0.0460251046025104,"10599,27273","3880,27273"
1.0,0.8676236044657097,"2908,21564","1303,21564"
-1.0,-0.1153846153846153,"10600,27975","3587,10600"
1.0,-0.1904761904761904,"10316,19550","7683,10316"
-1.0,-0.125,"19547,32963","5323,19547"
-1.0,-0.1739130434782608,"10573,27943","9229,10573"
1.0,-0.375,"19602,26305","8626,26305"
-1.0,-1.0,"10615,10617","9744,10615"
1.0,0.2727272727272727,"13295,19666","13295,36600"
1.0,0.5833333333333334,"16200,19675","16200,33621"
-1.0,-0.0174825174825174,"19673,37718","1596,19673"
1.0,0.3793103448275862,"12430,19671","12430,38113"
-1.0,-0.6956521739130435,"14863,19662","4608,19662"
1.0,-0.1171171171171171,"5927,19661","5927,8713"
-1.0,-0.1324324324324324,"19604,37638","4518,19604"
1.0,-0.609375,"15621,19694","5741,15621"
1.0,-0.0,"8598,10540","8598,14612"
1.0,0.0217750257997936,"3831,10542","3831,7525"
-1.0,-1.0,"2794,2989","2794,2976"
1.0,1.0,"19699,19976","19976,33226"
-1.0,-0.1076923076923077,"19695,34210","7282,19695"
1.0,-0.0047008547008547,"7699,19691","558,7699"
-1.0,-0.0909090909090909,"9797,19687","5906,19687"
1.0,-0.1226993865030674,"18803,19685","7104,18803"
-1.0,-0.0030971738288811,"18212,19653","35,19653"
1.0,-0.3142857142857143,"19647,37142","9589,37142"
-1.0,-1.0,"19616,37657","19616,21284"
-1.0,-0.1069182389937107,"19625,37667","4414,19625"
-1.0,-0.0092753623188405,"19612,19623","157,19623"
-1.0,-0.6666666666666666,"19622,37665","10502,19622"
1.0,-0.4761904761904761,"19621,37662","19208,37662"
1.0,0.4210526315789473,"10586,19618","9317,10586"
1.0,-0.4772727272727273,"10558,13195","10003,13195"
1.0,-1.0,"19610,37648","20766,37648"
-1.0,-0.2334630350194552,"10565,27938","2098,10565"
-1.0,-0.0156626506024096,"19607,21286","511,19607"
1.0,-0.105,"19606,21624","5122,21624"
1.0,-0.0260416666666666,"2831,12072","1173,12072"
1.0,-0.0367454068241469,"10917,19628","396,10917"
1.0,-0.1148648648648648,"10551,24853","5051,24853"
-1.0,-0.1300448430493273,"19642,37684","4437,19642"
1.0,-0.0580474934036939,"8415,26131","3180,26131"
1.0,0.5666666666666667,"9633,19635","6617,9633"
1.0,1.0,"10649,19633","10649,28013"
-1.0,-0.3157894736842105,"2827,22913","2827,3294"
1.0,-0.15,"19632,28600","9896,28600"
-1.0,-1.0,"19630,37670","4906,19630"
1.0,-0.3243243243243243,"10616,13084","13084,14925"
1.0,-1.0,"2647,19704","2647,3217"
1.0,0.5714285714285714,"11837,19390","11837,19886"
-1.0,-0.0863309352517985,"19401,37411","2094,19401"
-1.0,-1.0,"19393,21039","12966,19393"
1.0,0.2020988396283112,"828,10671","828,954"
1.0,-0.3928571428571428,"19388,37387","12881,37387"
1.0,-0.4761904761904761,"13954,19387","13954,19529"
1.0,-0.2962962962962963,"19384,22212","9935,22212"
1.0,0.5,"18171,19381","18171,35885"
1.0,-0.0590551181102362,"19380,27088","2631,27088"
-1.0,-0.0682819383259911,"17385,19379","1386,19379"
-1.0,-0.0497737556561085,"19428,37445","2179,19428"
-1.0,-0.0325480471171729,"19417,37434","46,19417"
-1.0,-0.1037463976945245,"19426,21042","3438,19426"
1.0,-0.2142857142857142,"19424,35899","12251,35899"
1.0,-0.008254716981132,"19423,33203","2568,33203"
1.0,0.35,"10653,13922","13922,33301"
1.0,0.0849420849420849,"2079,19420","2079,27895"
1.0,-0.0709677419354838,"10655,11455","6665,11455"
-1.0,-0.1679389312977099,"10109,19416","8421,19416"
-1.0,-1.0,"19415,37432","18877,19415"
1.0,-0.5217391304347826,"10657,28028","18319,28028"
1.0,-1.0,"19412,30382","13125,30382"
1.0,-0.0440744368266405,"16526,19409","226,16526"
1.0,0.0347826086956521,"848,19408","848,1025"
-1.0,-0.0385487528344671,"19375,37370","1631,19375"
-1.0,-1.0,"10706,28077","10706,16724"
1.0,1.0,"13071,19345","13071,27930"
-1.0,-0.4418604651162791,"19341,37321","6027,19341"
-1.0,-0.1841432225063938,"19339,27709","1056,19339"
1.0,0.0400527865591239,"2318,19338","540,2318"
1.0,0.123015873015873,"11126,19337","7374,11126"
1.0,-0.0759493670886076,"19336,36659","6589,36659"
1.0,0.2417582417582417,"5062,19333","5062,12819"
-1.0,-0.0150234741784037,"10712,28082","1323,10712"
-1.0,-0.0146341463414634,"19330,29371","262,19330"
-1.0,-0.1390593047034765,"19325,37307","1818,19325"
1.0,-1.0,"8349,22145","21724,22145"
-1.0,-0.6829268292682927,"10696,28067","8202,10696"
1.0,1.0,"19346,19706","19706,37754"
-1.0,-0.1437125748502994,"8356,12865","6255,8356"
1.0,0.0491071428571428,"4243,19351","4243,7177"
1.0,1.0,"19369,20970","20970,39248"
1.0,1.0,"14491,19368","14491,31805"
1.0,0.0160092341664157,"2498,10682","176,2498"
1.0,1.0,"19364,21595","20772,21595"
1.0,-1.0,"15598,19360","15598,20904"
-1.0,-0.0149659863945578,"19358,25856","2960,19358"
1.0,-0.0183767228177641,"4497,8359","228,4497"
-1.0,-0.45,"19355,37334","7059,19355"
1.0,0.3571428571428571,"12208,19354","1488,12208"
-1.0,-0.0808823529411764,"19353,37333","11359,19353"
1.0,1.0,"8380,19430","3124,8380"
1.0,-0.2111553784860557,"17820,19525","1763,17820"
1.0,-0.10625,"19499,30020","5723,30020"
-1.0,-0.0059055118110236,"19505,37513","307,19505"
-1.0,-0.0249056603773584,"9755,10628","687,10628"
-1.0,-0.1244979919678714,"19503,37508","5523,19503"
1.0,-0.0680272108843537,"19502,27305","5559,27305"
1.0,0.0675675675675675,"4729,19500","4729,13985"
-1.0,-1.0,"19507,37516","15535,19507"
-1.0,-0.290467050543826,"10632,27990","180,10632"
1.0,-0.2352941176470588,"19491,28708","6835,28708"
1.0,1.0,"15633,19489","15633,21126"
1.0,-0.0116988809766022,"16786,19488","878,16786"
1.0,1.0,"16783,19487","16783,16784"
-1.0,-0.0776255707762557,"2952,22949","2952,3843"
-1.0,-0.0727272727272727,"10621,12349","5616,10621"
1.0,1.0,"9355,10618","6306,9355"
-1.0,-0.008551881413911,"10619,27985","59,10619"
-1.0,-1.0,"10183,10620","9743,10620"
-1.0,-1.0,"19518,37524","16646,19518"
-1.0,-0.1564625850340136,"19517,24128","10097,19517"
1.0,-0.2222222222222222,"19515,19516","10362,19515"
1.0,1.0,"10184,10622","8649,10184"
1.0,0.0333858267716535,"4624,19511","4624,5080"
1.0,1.0,"19510,20431","20431,38619"
1.0,1.0,"10190,10626","10190,13092"
1.0,-0.4583333333333333,"19440,19743","17431,19743"
1.0,0.2272727272727272,"9880,19454","9880,40565"
-1.0,-0.1428571428571428,"19451,37472","9868,19451"
-1.0,-0.0546448087431694,"19445,37468","5833,19445"
-1.0,-0.062111801242236,"19441,37462","5980,19441"
-1.0,-0.25,"3003,22971","3003,6395"
1.0,0.42,"7937,19439","7937,11955"
1.0,0.1234567901234567,"2962,19433","2962,39349"
-1.0,-0.026431718061674,"19432,37449","3817,19432"
1.0,0.1207246376811594,"5293,19431","4526,5293"
-1.0,-0.2894736842105263,"19458,37473","8602,19458"
1.0,0.2626262626262626,"7813,10639","7813,26688"
1.0,-0.0940026954177897,"5446,19479","285,5446"
1.0,0.0532786885245901,"5561,19477","5561,35227"
1.0,1.0,"19474,21855","5822,21855"
1.0,0.0,"18214,19472","18214,19534"
1.0,-0.016750418760469,"19465,34053","1947,34053"
1.0,0.3692307692307692,"9866,19464","9866,27318"
1.0,0.375,"17826,19461","17826,21113"
1.0,0.25,"5918,19460","5376,5918"
1.0,0.1017341040462427,"14,19703","14,237"
1.0,0.1151284490960989,"170,19956","170,7463"
1.0,-0.0465587044534413,"19965,22861","348,22861"
1.0,0.6,"8780,10422","1736,8780"
-1.0,-1.0,"19960,38089","19960,20034"
-1.0,-0.1371681415929203,"19959,38088","5903,19959"
1.0,0.1209756097560976,"8342,19966","8342,10223"
1.0,0.6195652173913043,"19952,21561","6539,21561"
-1.0,-0.1642857142857142,"19951,25298","4990,19951"
1.0,-0.0494845360824742,"8492,26194","2156,26194"
-1.0,-0.0483870967741935,"19948,38074","3617,19948"
1.0,0.0121457489878542,"3632,10405","3392,3632"
-1.0,-0.5714285714285714,"13162,19983","11655,19983"
1.0,0.5292955892034232,"6195,10412","6195,10825"
1.0,0.736842105263158,"18500,19980","5965,18500"
1.0,0.6944444444444444,"9333,19978","2402,9333"
1.0,-1.0,"19977,31357","14042,31357"
-1.0,-0.0961538461538461,"19975,38110","1924,19975"
1.0,-0.2465753424657534,"19967,24659","5394,24659"
1.0,-0.0484261501210653,"19972,29124","1847,29124"
1.0,-0.3529411764705882,"10414,27228","8629,27228"
1.0,0.5106382978723405,"2253,10415","2253,9664"
1.0,0.0183333333333334,"10417,15589","15589,17115"
1.0,-0.5172413793103449,"14723,19968","14723,14724"
1.0,-0.6767123287671233,"1544,19946","1544,3609"
1.0,0.1052631578947368,"8515,19945","8515,15182"
1.0,-0.0138713745271122,"19944,37264","505,37264"
-1.0,-1.0,"19910,27880","14448,19910"
1.0,-0.5098039215686274,"6390,19917","6390,8942"
1.0,-0.106782065012881,"894,19916","894,5138"
-1.0,-0.5833333333333334,"9614,19915","16008,19915"
-1.0,-0.5769230769230769,"19913,21038","15022,19913"
1.0,-0.0697674418604651,"19912,36272","6970,36272"
1.0,-1.0,"19909,37083","19147,37083"
1.0,0.2037037037037037,"8094,10432","8094,21213"
-1.0,-0.0909090909090909,"19905,38026","9557,19905"
-1.0,-0.0251196172248803,"19903,38021","1486,19903"
1.0,0.238095238095238,"2603,10976","10976,39195"
1.0,-0.0308370044052863,"17993,19919","6298,17993"
1.0,-0.0,"19940,20478","9905,20478"
1.0,-1.0,"19939,38065","21036,38065"
1.0,-0.0259067357512953,"19937,23229","376,23229"
-1.0,-0.0845588235294117,"19935,38063","3497,19935"
1.0,0.1860465116279069,"9873,19933","9873,31402"
-1.0,-0.4814814814814814,"10429,27826","10429,15979"
1.0,0.6,"11091,19929","11091,28418"
-1.0,-0.0464071856287425,"2594,22832","2594,6484"
1.0,0.0462633451957295,"1697,19924","1697,11177"
-1.0,-1.0,"19921,38048","14573,19921"
1.0,0.0757431330741251,"3980,20049","1194,3980"
1.0,-1.0,"2954,8512","2954,7336"
1.0,-0.119047619047619,"20042,22739","7519,22739"
1.0,1.0,"7124,20041","2449,7124"
-1.0,-0.56,"20038,38165","8441,20038"
1.0,1.0,"20051,21773","4725,21773"
1.0,0.0230547550432276,"1169,20037","1169,13370"
1.0,-0.0200384066098098,"2331,20036","2033,2331"
-1.0,-0.1407035175879397,"16590,20035","8245,20035"
1.0,0.1415174765558397,"10375,10711","10129,10711"
1.0,-0.0181657066902968,"1395,20050","1395,2666"
-1.0,-0.0467625899280575,"20052,38178","1633,20052"
1.0,-0.0803571428571428,"20078,29298","2884,29298"
-1.0,-0.1521739130434782,"20073,38193","12877,20073"
-1.0,-0.0583333333333333,"10365,27771","639,10365"
-1.0,-0.0025870646766169,"14189,20071","11,20071"
1.0,0.282051282051282,"10875,20069","10875,28234"
-1.0,-0.0598006644518272,"20068,36100","6149,20068"
1.0,0.1506849315068493,"3458,10367","3458,37073"
1.0,1.0,"16127,20054","16127,33539"
-1.0,-0.0902255639097744,"20064,24308","3476,20064"
1.0,1.0,"18578,20063","18578,36374"
1.0,-0.4615384615384615,"1923,20060","1923,16192"
1.0,-1.0,"20057,32772","15421,32772"
1.0,-1.0,"8963,20056","8963,20452"
1.0,-0.0078784468204839,"20055,32866","1644,32866"
-1.0,-0.4230769230769231,"20030,38153","15111,20030"
-1.0,-0.1896551724137931,"20029,38152","12501,20029"
-1.0,-0.1282051282051282,"19997,38127","6313,19997"
-1.0,-0.0474452554744525,"20007,38132","6694,20007"
1.0,0.3414634146341463,"12965,20006","12965,33063"
1.0,-1.0,"4989,20004","4989,22154"
1.0,-0.0273224043715847,"7973,19999","4215,7973"
1.0,0.5,"19582,19998","7473,19582"
1.0,-0.4848484848484848,"10396,12793","11675,12793"
1.0,-0.0267538644470868,"15982,19996","1782,15982"
1.0,-0.3829787234042553,"14204,19993","12015,14204"
-1.0,-0.1682242990654205,"19992,38124","7743,19992"
1.0,0.0224630588909312,"774,19991","774,1017"
1.0,0.0725388601036269,"5968,19989","5968,33364"
-1.0,-0.0797101449275362,"10401,27801","5339,10401"
1.0,0.3214285714285714,"12334,19988","12334,15896"
-1.0,-0.2962962962962963,"19986,38121","4515,19986"
1.0,0.1604779411764705,"5773,20009","2780,5773"
1.0,1.0,"7614,10386","7614,25508"
-1.0,-0.0666666666666666,"20027,35614","3270,20027"
1.0,-0.1923076923076923,"20023,38144","12808,38144"
-1.0,-1.0,"20020,38143","20020,21647"
-1.0,-0.1771523178807947,"10381,27784","924,10381"
1.0,0.5336118699448283,"1006,20017","1006,1514"
1.0,0.5238095238095238,"20015,20277","20277,38454"
1.0,-0.4782608695652174,"19230,20012","18105,19230"
1.0,1.0,"10382,21181","21181,39517"
1.0,-0.0611240257076439,"2519,7023","7023,8744"
1.0,0.1122448979591836,"10384,11368","11368,38664"
-1.0,-0.0317460317460317,"8037,20010","4189,20010"
1.0,-0.04296875,"8694,19899","4416,8694"
1.0,0.09375,"10111,19897","10111,33004"
1.0,0.2272727272727272,"18314,19764","18314,39884"
1.0,-1.0,"19771,37872","20847,37872"
-1.0,-0.0194029850746268,"18705,19770","880,19770"
1.0,-0.2752293577981651,"8466,19769","7566,8466"
1.0,1.0,"19768,21226","21226,29580"
-1.0,-0.375,"19765,37865","18198,19765"
-1.0,-0.0899470899470899,"19773,37878","1406,19773"
-1.0,-1.0,"10505,10785","9914,10505"
1.0,-0.0060168471720818,"8895,19759","1030,8895"
-1.0,-0.1041666666666666,"19755,37844","5516,19755"
1.0,0.0738916256157635,"5402,19753","5402,15289"
-1.0,-0.0839694656488549,"19797,37903","5634,19797"
1.0,0.8818181818181818,"9502,19783","5685,9502"
1.0,-0.3615023474178404,"19792,22867","1438,22867"
-1.0,-0.0104493207941483,"19791,37893","1423,19791"
1.0,-0.0355029585798816,"2742,19790","2742,4599"
1.0,-0.0456140350877193,"19787,34172","4051,34172"
-1.0,-1.0,"7439,19786","7054,19786"
1.0,-1.0,"19782,33809","16354,33809"
1.0,-0.9644970414201184,"761,10495","761,10317"
-1.0,-0.0274725274725274,"19781,37888","316,19781"
-1.0,-0.3529411764705882,"19778,37885","10603,19778"
1.0,-0.0,"14575,19777","12425,14575"
1.0,-0.0734463276836158,"2522,19776","2522,8433"
1.0,-0.2622950819672131,"19775,31478","8103,31478"
1.0,1.0,"19750,21425","21425,39839"
-1.0,-0.0480295566502463,"8444,26149","1313,8444"
1.0,-0.0377906976744186,"10512,27898","3640,27898"
-1.0,-0.0398009950248756,"10526,27905","3190,10526"
1.0,-0.1340579710144927,"19722,24546","4525,24546"
1.0,1.0,"19720,22304","21871,22304"
-1.0,-1.0,"19718,37771","19718,19740"
1.0,1.0,"14882,19717","7768,14882"
-1.0,-1.0,"4337,19715","15706,19715"
-1.0,-1.0,"19714,37765","16628,19714"
1.0,0.2702702702702703,"8426,13914","4904,13914"
1.0,0.1553398058252427,"6291,19726","6291,13762"
1.0,0.2203389830508474,"16957,19727","16957,18924"
1.0,-0.011608623548922,"19728,28499","251,28499"
1.0,0.0445205479452054,"2708,19729","2708,9966"
1.0,1.0,"9657,19745","9657,27162"
1.0,-0.6857142857142857,"9548,10516","9548,9869"
1.0,-0.4680851063829787,"6061,19742","6061,10695"
1.0,-0.2978723404255319,"8437,26145","16193,26145"
1.0,0.2142888780617442,"6898,10518","4790,6898"
1.0,-0.4142857142857143,"19737,25862","8055,25862"
-1.0,-0.0940140845070422,"19736,37797","166,19736"
-1.0,-0.3962264150943396,"19734,37793","11013,19734"
-1.0,-0.1037037037037037,"19731,37786","8067,19731"
1.0,1.0,"19798,21480","21480,39942"
1.0,-0.5416666666666666,"19869,19870","17440,19869"
1.0,0.5409836065573771,"6880,19868","6880,25000"
1.0,-0.4137931034482758,"16370,19867","12868,16370"
1.0,-1.0,"19866,37996","21974,37996"
1.0,-0.0760233918128654,"2653,22849","5458,22849"
1.0,-0.0205479452054794,"10448,27852","1857,27852"
1.0,-0.0251479289940828,"19596,19861","1336,19596"
1.0,1.0,"19857,20239","20239,21214"
-1.0,-0.2096774193548387,"19854,37983","15805,19854"
1.0,-1.0,"10453,27860","14621,27860"
1.0,-0.0853658536585365,"19871,24760","6910,24760"
1.0,1.0,"19169,19893","19169,19892"
1.0,-1.0,"19889,34205","16678,34205"
1.0,-0.0121722846441947,"19887,29102","493,29102"
-1.0,-0.1034482758620689,"10439,26410","4260,10439"
1.0,0.5,"19883,21679","20391,21679"
1.0,0.797752808988764,"19882,21847","8077,21847"
-1.0,-1.0,"19875,20289","13116,19875"
-1.0,-0.0597609561752988,"19850,37978","1432,19850"
1.0,0.7663551401869159,"15689,19849","4096,15689"
1.0,-0.0263340263340263,"19812,24409","110,24409"
-1.0,-1.0,"19818,19819","19818,21500"
-1.0,-0.3333333333333333,"19814,21499","8300,19814"
1.0,-0.3636363636363636,"10459,23405","11069,23405"
1.0,0.159090909090909,"18820,19809","3489,18820"
1.0,0.3333333333333333,"19807,19808","19808,32342"
-1.0,-0.0111111111111111,"19804,31269","1344,19804"
-1.0,-0.0235655737704918,"19803,37912","6114,19803"
1.0,-0.5769230769230769,"19802,31759","14440,31759"
1.0,-1.0,"19800,36691","18829,36691"
1.0,-0.0176916596461668,"1704,19821","177,1704"
1.0,0.3377483443708609,"4094,19822","4094,21661"
1.0,0.2884615384615384,"8473,14761","14761,18659"
1.0,1.0,"10461,20843","20843,39100"
1.0,1.0,"15881,19841","15881,28270"
1.0,0.2373927958833619,"8209,10464","5831,8209"
1.0,0.0638297872340425,"3389,10466","3389,12825"
-1.0,-0.5,"17052,19838","19838,21524"
1.0,0.6578947368421053,"2675,9534","9534,27051"
1.0,-0.082051282051282,"19830,31053","2735,31053"
1.0,-1.0,"12681,19829","12681,14486"
1.0,0.047008547008547,"2614,19324","2614,27105"
1.0,-0.1733333333333333,"19323,34162","15523,34162"
1.0,-1.0,"18545,31375","14059,31375"
-1.0,-1.0,"18816,36670","18816,20374"
-1.0,-0.1065989847715736,"3485,23129","3485,3754"
1.0,0.4719626168224299,"6588,18824","2116,6588"
1.0,0.0647058823529411,"2712,18819","2632,2712"
1.0,0.56,"15505,18817","15505,32858"
-1.0,-0.4,"18810,36664","9724,18810"
1.0,-0.5,"10939,27835","10433,27835"
1.0,0.935533384497314,"3513,5844","835,5844"
-1.0,-0.1590909090909091,"18825,36682","7610,18825"
1.0,0.2722298221614227,"530,18859","452,530"
1.0,-0.0180245133381398,"17488,18846","1225,17488"
1.0,-0.0969696969696969,"18853,31322","6348,31322"
1.0,-0.2777777777777778,"18851,36704","8899,36704"
-1.0,-0.3055555555555556,"18850,36701","9462,18850"
1.0,-0.1329113924050632,"10926,22578","5019,22578"
1.0,0.4501362834696167,"10927,18872","837,18872"
-1.0,-0.1729323308270676,"18842,36699","3149,18842"
1.0,1.0,"18841,20768","20768,39010"
1.0,-0.0227272727272727,"18840,36698","710,36698"
1.0,0.0134600158353127,"556,18837","556,7455"
1.0,-0.6571428571428571,"18836,27612","10179,27612"
1.0,0.0088105726872246,"638,18835","638,40102"
1.0,-0.1171113023522661,"4646,18831","2389,4646"
1.0,-0.1666666666666666,"18794,30927","8894,30927"
-1.0,-1.0,"18755,36594","14109,18755"
-1.0,-0.5789473684210527,"13996,18768","10767,18768"
-1.0,-0.5,"18765,36601","16770,18765"
1.0,-0.1013824884792626,"2575,8233","2575,10525"
1.0,-0.037037037037037,"8246,18763","417,8246"
1.0,-0.5,"10766,18762","10766,16683"
1.0,1.0,"18759,20770","20770,39014"
1.0,1.0,"18753,22000","22000,40583"
-1.0,-1.0,"18751,21997","18751,21996"
1.0,1.0,"16176,18750","16176,33597"
1.0,-0.007162823200559,"18748,18749","318,18749"
-1.0,-1.0,"18747,36591","12770,18747"
1.0,0.4347826086956521,"17363,18746","17363,40551"
1.0,-0.2857142857142857,"10166,10960","5186,10166"
-1.0,-0.2241379310344827,"18772,36610","9274,18772"
1.0,0.55,"6961,18776","6961,16097"
1.0,1.0,"18777,19095","19095,27474"
1.0,0.6571428571428571,"10093,18792","8921,10093"
1.0,0.5151515151515151,"13439,18791","13439,30674"
-1.0,-0.1764705882352941,"18786,36633","4290,18786"
-1.0,-0.006563245823389,"18784,36632","1452,18784"
-1.0,-0.1386138613861386,"18782,36631","8803,18782"
1.0,0.1039085091381147,"274,8240","215,274"
1.0,1.0,"8239,20861","20861,39124"
-1.0,-1.0,"18781,36627","18781,21342"
1.0,0.8313253012048193,"9326,18779","3560,9326"
1.0,1.0,"8785,10958","8785,12049"
-1.0,-0.0584795321637426,"18856,23929","1603,18856"
-1.0,-0.0117531831537708,"18860,36720","3122,18860"
1.0,1.0,"10969,10970","10970,12846"
1.0,1.0,"18911,20168","20168,38298"
1.0,-0.1643835616438356,"18919,31261","4310,31261"
1.0,-0.9173553719008264,"3410,3643","3643,20262"
-1.0,-0.0546075085324232,"10893,28247","4026,10893"
1.0,-0.3340047840866171,"2839,18914","2839,2903"
1.0,-0.0470588235294117,"18910,35362","3662,35362"
1.0,0.4186046511627907,"12648,18921","2284,12648"
1.0,0.1030927835051546,"3335,3415","3335,39615"
-1.0,-0.0284090909090909,"18904,36774","670,18904"
1.0,-1.0,"18922,22235","7053,22235"
1.0,1.0,"3388,12564","12564,29817"
1.0,0.1788461538461538,"6692,10881","2010,6692"
1.0,-0.0303030303030303,"18942,30869","8865,30869"
1.0,0.1162790697674418,"7217,18938","6914,7217"
-1.0,-0.1156462585034013,"18937,21584","8360,18937"
1.0,0.0985915492957746,"6527,18934","6527,14088"
1.0,0.3150684931506849,"5693,18933","5693,27753"
-1.0,-1.0,"10883,28239","10883,19082"
1.0,1.0,"18932,21509","21509,39988"
1.0,0.0030082727500626,"434,18926","434,36509"
1.0,0.0292553191489361,"1413,18903","1413,31512"
-1.0,-0.6666666666666666,"18902,22606","8382,18902"
-1.0,-0.3846153846153846,"18900,36770","14377,18900"
-1.0,-1.0,"18878,36747","18878,22319"
-1.0,-0.1746031746031746,"10909,28263","10909,14030"
-1.0,-1.0,"18876,36746","10851,18876"
1.0,-0.0457516339869281,"18875,32988","3979,32988"
-1.0,-0.0769230769230769,"18871,36740","6448,18871"
-1.0,-0.0387409200968523,"10911,28267","1613,10911"
1.0,-1.0,"18899,36769","20338,36769"
-1.0,-0.082901554404145,"10913,28269","1676,10913"
1.0,-0.4642857142857143,"3449,13232","13232,14812"
1.0,1.0,"10919,21215","21215,39560"
1.0,-0.2321428571428571,"18879,35140","11930,35140"
1.0,0.2222222222222222,"9807,18881","8951,9807"
1.0,0.5238095238095238,"18898,20181","20181,38325"
1.0,-0.0272572402044293,"10689,18897","3203,10689"
-1.0,-0.0869565217391304,"18896,36765","3585,18896"
-1.0,-0.0157618213660245,"18894,36762","2529,18894"
-1.0,-0.0751173708920187,"18890,36756","5384,18890"
1.0,1.0,"18888,20502","5797,20502"
1.0,-0.4576271186440678,"13198,18887","8771,13198"
1.0,0.4038461538461538,"7480,18745","7480,28501"
-1.0,-1.0,"10878,13467","10878,11986"
1.0,0.0063191153238546,"34,8207","34,12062"
1.0,0.3783783783783784,"3092,11005","3092,24089"
1.0,-0.0649501661129567,"2336,8205","2336,4579"
1.0,0.2474747474747475,"3649,4516","4516,23617"
1.0,-0.1466666666666666,"18612,20122","14019,20122"
1.0,0.1317829457364341,"4513,18609","4513,15733"
1.0,0.5952380952380952,"11011,13684","9266,13684"
1.0,0.1298713235294117,"4746,18607","4746,11395"
-1.0,-0.0891472868217054,"18606,36410","3114,18606"
-1.0,-0.0730538922155688,"18605,36409","1100,18605"
1.0,-0.0,"14015,18604","14015,17787"
-1.0,-0.0252365930599369,"3358,18622","187,18622"
-1.0,-0.375,"18624,36425","9424,18624"
1.0,0.004304546677428,"99,18641","99,30849"
1.0,1.0,"12932,18656","12932,18587"
1.0,-0.0333333333333333,"18648,32076","4430,32076"
1.0,-0.1297709923664122,"16722,18645","6643,16722"
-1.0,-0.5862068965517241,"18644,36449","12870,18644"
-1.0,-0.5483870967741935,"18626,36427","13166,18626"
1.0,0.0276008492569002,"3944,18635","3781,3944"
-1.0,-0.625,"2949,8210","8210,9431"
1.0,0.5661016949152542,"2045,18631","478,2045"
1.0,-0.1373626373626373,"18629,19494","4428,19494"
-1.0,-0.1141141141141141,"2349,18628","3626,18628"
1.0,0.3636363636363636,"11169,18627","11169,12303"
1.0,-0.0413223140495867,"6869,18603","4131,6869"
-1.0,-0.1020408163265306,"18558,36357","6983,18558"
-1.0,-0.0508982035928143,"18569,36368","544,18569"
1.0,-0.0204918032786885,"17393,18566","3241,17393"
-1.0,-1.0,"18565,36363","18565,20183"
-1.0,-0.4655172413793103,"18562,36361","8715,18562"
1.0,0.5238095238095238,"18553,20301","20301,33138"
1.0,1.0,"14096,18599","14096,16371"
1.0,-0.1428571428571428,"18551,31812","3598,31812"
1.0,-0.1355555555555556,"11225,18550","11225,14435"
1.0,0.7428571428571429,"18548,19660","5578,19660"
1.0,-1.0,"18546,36341","22141,36341"
-1.0,-1.0,"11032,28368","10301,11032"
1.0,-0.0314769975786924,"16776,18571","1579,16776"
1.0,0.2795698924731182,"4551,8197","4551,26706"
1.0,0.1203703703703703,"1745,18594","1745,20733"
1.0,-0.1671974522292993,"18593,22597","663,22597"
-1.0,-1.0,"8200,25967","8200,20900"
1.0,0.0,"18591,19104","16052,19104"
1.0,-0.0152768936982813,"12017,18588","32,12017"
1.0,1.0,"18586,21270","21270,39632"
-1.0,-0.6206896551724138,"18585,36386","12555,18585"
-1.0,-0.0365392692146157,"18584,35053","154,18584"
-1.0,-0.2436363636363636,"18582,36383","3019,18582"
1.0,-0.2222222222222222,"18579,36376","16970,36376"
1.0,-1.0,"18577,25520","7641,25520"
1.0,0.4848484848484848,"12864,18575","12864,30895"
1.0,1.0,"18657,22265","22265,40604"
1.0,1.0,"8231,20272","16730,20272"
1.0,-0.4583333333333333,"18721,36571","17175,36571"
-1.0,-0.3333333333333333,"18720,34580","18720,21877"
1.0,0.872093023255814,"3572,3639","2784,3639"
1.0,0.3896103896103896,"3612,18719","3612,21582"
1.0,0.8875,"8228,8519","6551,8519"
-1.0,-0.5244299674267101,"10973,22475","976,10973"
1.0,-0.3127272727272727,"8212,8888","4196,8888"
-1.0,-1.0,"18738,18739","16168,18739"
1.0,1.0,"18736,18737","18736,20267"
1.0,1.0,"18733,19188","16164,19188"
1.0,-0.3414634146341463,"18732,33143","14704,33143"
-1.0,-0.0134969325153374,"18731,22004","469,18731"
1.0,-0.2340425531914893,"18730,27862","15851,27862"
-1.0,-0.4761904761904761,"279,18725","18725,19826"
1.0,1.0,"15474,18706","15474,32824"
-1.0,-0.2241379310344827,"18673,36490","12132,18673"
1.0,0.0481400437636761,"2987,3611","2987,21645"
1.0,0.0963855421686747,"1865,18680","1865,14376"
1.0,-0.0095419847328244,"18678,19276","537,19276"
1.0,-0.3866666666666666,"18677,25849","8050,25849"
1.0,0.0294117647058823,"1279,18676","1000,1279"
1.0,0.4482758620689655,"7113,18671","7113,13906"
1.0,-0.5,"11039,18703","11039,15668"
1.0,1.0,"12760,18670","12760,30026"
-1.0,-0.1789473684210526,"10994,28337","6501,10994"
-1.0,-1.0,"18663,36475","9367,18663"
-1.0,-0.0101317122593718,"10996,28343","903,10996"
1.0,-0.1071428571428571,"1832,18662","830,1832"
1.0,1.0,"18681,20186","20186,34914"
-1.0,-0.0192926045016077,"18682,36498","868,18682"
-1.0,-0.1572327044025157,"5349,18684","5050,18684"
1.0,0.5,"17903,18702","17903,35588"
1.0,-0.1362831858407079,"9847,18701","477,9847"
1.0,-0.0108695652173913,"18699,36532","1615,36532"
-1.0,-0.0428015564202334,"18697,36530","3806,18697"
-1.0,-0.0246913580246913,"18695,36529","3618,18695"
-1.0,-0.1822033898305084,"18694,28172","989,18694"
-1.0,-0.0577777777777777,"18691,36521","5531,18691"
-1.0,-0.2419354838709677,"10984,28324","6159,10984"
1.0,0.4814814814814814,"16194,18689","3588,16194"
-1.0,-0.0116618075801749,"18687,36515","2212,18687"
-1.0,-0.0879478827361563,"10986,28326","1304,10986"
1.0,0.0396600566572237,"3005,18686","3005,20618"
-1.0,-1.0,"10987,28327","6064,10987"
1.0,-0.6,"5011,18948","5011,14609"
1.0,1.0,"14460,19322","14460,20971"
1.0,0.3142857142857143,"10768,16672","16672,37355"
1.0,0.5925925925925926,"13945,19215","5510,13945"
1.0,0.291970802919708,"5635,19214","5635,24246"
-1.0,-0.4313725490196078,"3065,19211","10435,19211"
-1.0,-0.5454545454545454,"19218,24916","18080,19218"
1.0,-0.1102941176470588,"14095,19200","5378,14095"
1.0,1.0,"13695,19198","13695,16632"
1.0,-0.0164917541229385,"1691,10773","296,1691"
-1.0,-1.0,"10775,28143","10775,13309"
1.0,-0.0321637426900584,"19195,30027","1333,30027"
1.0,0.3478260869565217,"7720,19216","7720,31134"
1.0,-0.0893470790378006,"19239,26487","1387,26487"
1.0,-0.0484103534906761,"252,19229","252,627"
-1.0,-1.0,"10761,26681","10760,10761"
1.0,1.0,"10762,11870","9884,11870"
1.0,1.0,"7264,10764","7264,15075"
-1.0,-1.0,"9093,10763","9461,10763"
-1.0,-0.1019283746556473,"19225,37192","3713,19225"
1.0,-1.0,"19223,36962","19063,36962"
1.0,0.4166666666666666,"9373,19222","9373,16153"
-1.0,-0.006731488406881,"5735,19193","138,19193"
1.0,0.0058997050147492,"308,19192","308,16334"
1.0,-0.1176470588235294,"19166,35866","4157,35866"
-1.0,-0.0094295143800094,"3219,23034","625,3219"
-1.0,-0.0471698113207547,"19165,37107","1459,19165"
1.0,0.45,"10579,19164","10579,29520"
-1.0,-0.1875,"19161,37101","8269,19161"
-1.0,-0.1111111111111111,"19160,37099","5144,19160"
1.0,0.1666666666666666,"8187,19189","8187,10835"
1.0,0.320754716981132,"12909,19156","5808,12909"
1.0,-1.0,"19155,31351","14035,31351"
1.0,0.2151898734177215,"6434,19153","6125,6434"
-1.0,-0.5867768595041323,"10271,19152","2969,19152"
-1.0,-1.0,"19151,37091","14379,19151"
1.0,1.0,"16504,19168","16504,19142"
1.0,-0.4615384615384615,"10786,28153","15963,28153"
1.0,1.0,"15410,19186","14383,15410"
-1.0,-0.0260989010989011,"10781,28150","1856,10781"
-1.0,-0.1621621621621621,"3202,10350","3202,9252"
1.0,0.1466666666666666,"5727,19183","5727,37124"
1.0,0.4923076923076923,"7089,19181","7089,13524"
-1.0,-1.0,"19179,37120","14399,19179"
-1.0,-1.0,"19177,37118","19177,21746"
-1.0,-0.0148725212464589,"16667,19176","75,19176"
1.0,0.4074074074074074,"7203,19240","7203,27992"
-1.0,-1.0,"19297,37280","16118,19297"
1.0,1.0,"16393,19302","16393,33860"
1.0,1.0,"19299,21704","21704,40196"
1.0,0.0596745027124773,"569,19298","569,6714"
1.0,0.0,"4084,8345","4084,5245"
-1.0,-0.0935251798561151,"19292,37276","3890,19292"
1.0,-0.2564102564102564,"10092,19289","10092,13319"
1.0,0.4444444444444444,"19287,19288","14610,19287"
1.0,0.0893371757925072,"2027,10723","2027,25414"
1.0,0.5652173913043478,"16817,19303","16817,20869"
-1.0,-1.0,"19315,37298","12116,19315"
1.0,-0.0844155844155844,"10716,13450","6385,13450"
-1.0,-1.0,"12844,19318","15514,19318"
1.0,1.0,"16636,19317","12842,16636"
-1.0,-0.5,"19316,37299","19316,20897"
-1.0,-1.0,"19314,37297","19314,20895"
1.0,-0.2580645161290322,"11692,19304","11692,13103"
1.0,0.5652173913043478,"17132,19310","8893,17132"
-1.0,-0.2142857142857142,"3106,23004","3106,5572"
-1.0,-0.1011673151750972,"19306,23130","3486,19306"
-1.0,-0.0330396475770925,"10733,28111","268,10733"
-1.0,-0.3253012048192771,"10735,14965","5117,10735"
-1.0,-0.0685579196217494,"6249,19258","6117,19258"
1.0,-0.6325581395348837,"4149,19254","4149,7051"
1.0,-1.0,"19252,33050","15691,33050"
1.0,0.5517241379310345,"10739,13571","13571,30822"
1.0,0.4757621189405298,"12590,19246","3813,12590"
-1.0,-0.0628930817610062,"19245,37218","6115,19245"
-1.0,-0.3134328358208955,"19243,37215","6361,19243"
-1.0,-0.0837359098228663,"8323,26051","306,8323"
1.0,-0.09009009009009,"12807,19242","12807,13579"
1.0,0.3225806451612903,"10755,20436","17556,20436"
-1.0,-0.1587301587301587,"19260,37235","9055,19260"
1.0,-0.0,"11259,19261","6959,11259"
-1.0,-0.1764705882352941,"19278,37251","10546,19278"
-1.0,-0.4583333333333333,"19275,37244","16869,19275"
1.0,-0.8125,"19273,22857","2669,22857"
1.0,-0.0342465753424657,"7589,19271","980,7589"
1.0,-0.3786407766990292,"3351,19269","3351,7407"
-1.0,-0.2954545454545454,"19267,21563","17000,19267"
1.0,-0.8328173374613004,"3139,18951","3139,12182"
1.0,-0.1016949152542373,"19022,22284","8276,22284"
-1.0,-1.0,"19029,36902","9554,19029"
1.0,-0.0,"8279,14530","13500,14530"
1.0,-0.0878378378378378,"19021,34702","7756,34702"
1.0,1.0,"19030,19031","19031,19032"
1.0,0.2787013356067064,"2624,19020","571,2624"
1.0,0.34,"6847,19016","6847,19496"
-1.0,-0.0285234899328859,"19014,36888","1500,19014"
-1.0,-0.1276595744680851,"19011,36886","2668,19011"
1.0,-0.2432432432432432,"10843,28201","9078,28201"
1.0,1.0,"14277,19043","13461,14277"
1.0,-0.4166666666666667,"2538,19050","2538,15719"
1.0,-0.5454545454545454,"16403,19049","16403,17644"
-1.0,-0.3225806451612903,"19047,36922","10876,19047"
1.0,-0.0219594594594594,"62,10839","62,1208"
-1.0,-1.0,"19044,36917","19044,20643"
-1.0,-1.0,"19039,36916","19038,19039"
1.0,0.3928571428571428,"12704,19034","12704,36915"
-1.0,-1.0,"19004,31567","13012,19004"
-1.0,-0.3448275862068966,"14709,18960","7840,18960"
1.0,-0.1881720430107526,"11215,18969","5224,11215"
1.0,0.0,"1476,18968","1476,4179"
1.0,-1.0,"14039,18967","8718,14039"
1.0,-0.0261584454409566,"2058,10871","606,2058"
1.0,-0.150375939849624,"8601,19002","5807,8601"
-1.0,-0.0458015267175572,"10872,28233","3940,10872"
1.0,0.0765027322404371,"6931,18957","6931,12312"
1.0,1.0,"13352,18956","8122,13352"
1.0,-0.072,"18955,23387","874,23387"
1.0,0.0588235294117647,"4102,10859","4102,27887"
-1.0,-0.0341296928327645,"18975,36846","2049,18975"
1.0,-0.0,"18977,20177","20177,22250"
-1.0,-0.1612903225806451,"18995,36872","8263,18995"
1.0,-0.0659025787965616,"8274,26030","2982,26030"
1.0,0.1805555555555555,"8273,11099","11099,34488"
-1.0,-0.1178217821782178,"18984,36858","893,18984"
1.0,1.0,"10853,15917","15917,33290"
-1.0,-0.4285714285714285,"18979,36850","14754,18979"
-1.0,-1.0,"19051,36924","19051,20650"
-1.0,-0.5454545454545454,"19053,36941","18021,19053"
-1.0,-0.0085470085470085,"5982,19146","3340,19146"
-1.0,-0.0973451327433628,"19120,37041","3970,19120"
-1.0,-0.0153846153846153,"19118,31823","2634,19118"
1.0,0.4802879291251384,"13394,19116","1416,13394"
1.0,0.0157593123209169,"2512,19125","2512,32308"
1.0,1.0,"19112,20740","20740,38981"
1.0,-0.7307692307692308,"15401,19108","10004,15401"
1.0,0.6486486486486487,"9593,19103","9593,27103"
1.0,-1.0,"8296,26042","9628,26042"
-1.0,-0.017379679144385,"19126,31679","155,19126"
1.0,1.0,"16401,19054","16401,20655"
1.0,0.2988505747126437,"6967,19145","6967,10400"
1.0,1.0,"6728,8303","6728,7192"
-1.0,-1.0,"8301,8650","7447,8301"
-1.0,-0.0553633217993079,"19138,37061","2792,19138"
-1.0,-0.2475247524752475,"2570,19136","6804,19136"
1.0,0.0559523809523809,"7191,8299","7191,8648"
1.0,0.5384615384615384,"15829,19131","10334,15829"
1.0,-0.0675675675675675,"19099,37012","1431,37012"
1.0,-0.4137931034482758,"17681,19064","12736,17681"
1.0,-0.2560975609756097,"10818,28178","9156,28178"
1.0,0.8,"19068,19785","8047,19785"
1.0,-0.3157894736842105,"19066,35862","14623,35862"
-1.0,-0.1176470588235294,"10824,28181","1556,10824"
1.0,0.3939393939393939,"16408,19060","16408,33898"
1.0,-0.0980392156862745,"10833,15465","14091,15465"
-1.0,-0.0801526717557251,"3330,19072","2192,19072"
1.0,-0.6470588235294118,"1428,19088","1428,6989"
1.0,1.0,"19087,20731","20731,38969"
-1.0,-1.0,"10814,28173","10814,16362"
1.0,-0.3214285714285714,"5317,19085","5317,12585"
-1.0,-0.4029126213592233,"19081,36988","2438,19081"
1.0,0.7659574468085106,"17680,19080","16429,17680"
-1.0,-0.0617647058823529,"19079,36986","5956,19079"
1.0,-0.1437274368231046,"1578,19078","1578,12638"
-1.0,-1.0,"19076,36979","13476,19076"
1.0,0.4285714285714285,"14642,16880","14642,31971"
-1.0,-1.0,"11769,29019","11769,12275"
1.0,-0.5862502710908697,"1373,16877","1373,2835"
-1.0,-0.2702702702702703,"14533,26375","12897,14533"
-1.0,-0.1666666666666666,"12744,30006","4850,12744"
-1.0,-0.026595744680851,"12745,30007","1693,12745"
1.0,0.052801724137931,"9379,14527","7507,9379"
-1.0,-0.1651376146788991,"7335,25299","7335,8009"
1.0,1.0,"14523,16738","14524,16738"
-1.0,-1.0,"14522,31863","14522,21053"
-1.0,-0.2708333333333333,"7333,25297","7333,11313"
1.0,1.0,"6303,13667","13667,30936"
1.0,0.5454545454545454,"6280,18202","18202,35922"
1.0,-0.0093390804597701,"7339,21369","598,21369"
1.0,1.0,"14564,15636","14565,15636"
-1.0,-1.0,"14561,14562","14560,14561"
1.0,1.0,"6287,20240","20240,38409"
-1.0,-0.3162055335968379,"7340,25301","1757,7340"
-1.0,-0.0256410256410256,"14554,31886","3870,14554"
-1.0,-0.1132075471698113,"14541,21398","8576,14541"
1.0,0.1276595744680851,"1713,14548","1713,24062"
1.0,-1.0,"14517,20111","20084,20111"
1.0,-0.1481481481481481,"509,7328","509,3091"
1.0,-0.143646408839779,"14485,15186","3976,15186"
-1.0,-0.2974683544303797,"14493,31813","1914,14493"
1.0,-0.2141491395793499,"14490,22558","526,22558"
-1.0,-0.2571428571428571,"8275,12768","6794,12768"
1.0,1.0,"11795,12771","11795,20865"
1.0,-0.202755905511811,"14496,22611","1838,22611"
-1.0,-0.5714285714285714,"14497,31819","13628,14497"
-1.0,-0.0159509202453987,"14500,15531","1043,14500"
1.0,1.0,"7326,7611","7380,7611"
-1.0,-0.1282051282051282,"14512,31844","4011,14512"
1.0,-0.205607476635514,"12757,23878","5042,23878"
-1.0,-0.0655737704918032,"14506,31837","4832,14506"
-1.0,-0.0702087286527514,"14504,31836","2276,14504"
-1.0,-1.0,"12759,14740","12759,13248"
-1.0,-0.160919540229885,"14503,31833","8123,14503"
1.0,-0.3571428571428571,"6330,24656","12448,24656"
1.0,1.0,"13613,14459","12845,13613"
1.0,-0.0588235294117647,"12717,29970","1357,29970"
-1.0,-1.0,"6231,9066","6231,16774"
-1.0,-1.0,"14646,31976","14646,21261"
-1.0,-0.1553398058252427,"14640,31967","2729,14640"
-1.0,-0.0289156626506024,"14639,31966","4567,14639"
1.0,-0.0647058823529411,"6106,14657","5655,6106"
-1.0,-0.303030303030303,"14635,31964","14635,16910"
1.0,-0.1061946902654867,"14633,31962","3863,31962"
1.0,0.7079801227711195,"6246,7103","1471,7103"
1.0,0.1204819277108433,"5128,14656","5128,40680"
1.0,1.0,"14658,15732","15732,33090"
1.0,-0.0462633451957295,"9269,14569","9269,11112"
-1.0,-0.7590361445783133,"14680,15755","3408,14680"
-1.0,-0.038647342995169,"14679,32004","2110,14679"
1.0,1.0,"14677,16086","16086,33474"
1.0,-0.0956848030018761,"14676,23509","1252,23509"
1.0,-1.0,"12710,29963","14261,29963"
1.0,-1.0,"14674,30571","13314,30571"
1.0,1.0,"14673,16823","16823,34338"
1.0,-1.0,"12711,26460","8816,26460"
-1.0,-1.0,"14667,31994","13857,14667"
1.0,-0.0884955752212389,"14664,31990","5483,31990"
-1.0,-0.0164257555847569,"14626,31954","461,14626"
1.0,-0.3243243243243243,"14119,14624","9238,14119"
1.0,-1.0,"2017,14581","2017,16185"
1.0,0.031221072803157,"2144,6264","1798,2144"
1.0,-0.11892177589852,"5583,14585","5583,16942"
-1.0,-0.0894736842105263,"14584,31906","2812,14584"
-1.0,-1.0,"14583,31904","14583,20985"
1.0,0.0049661399548532,"148,6271","148,37790"
-1.0,-0.2876712328767123,"14580,31900","9043,14580"
1.0,-1.0,"14622,26386","8730,26386"
-1.0,-0.2181818181818181,"14578,31899","12867,14578"
-1.0,-0.7368421052631579,"12737,29998","5401,12737"
1.0,-1.0,"14576,17400","14182,17400"
1.0,-0.2978723404255319,"12738,30000","10202,30000"
1.0,0.7089947089947091,"3826,14571","3826,3986"
1.0,-0.160377358490566,"14595,21195","5248,21195"
-1.0,-0.1141868512110726,"14599,31914","2530,14599"
1.0,1.0,"12731,16449","16449,33949"
1.0,1.0,"14620,20795","20795,39045"
1.0,-0.3103448275862069,"1133,12725","1133,12388"
1.0,-0.0611111111111111,"7178,14618","2117,7178"
1.0,1.0,"13748,14607","13748,31006"
1.0,-1.0,"1235,12729","1235,16858"
1.0,0.5416666666666666,"14604,16520","16520,34043"
1.0,-0.6666666666666666,"7026,14308","6757,7026"
-1.0,-0.0926640926640926,"14305,16417","1958,14305"
1.0,-0.1229050279329608,"14303,28035","2914,28035"
1.0,0.2596153846153846,"6042,7276","329,6042"
-1.0,-0.1192660550458715,"12834,30098","4757,12834"
1.0,-0.119560019129603,"8922,14311","8922,9273"
1.0,0.0445205479452054,"6075,14287","5026,6075"
1.0,0.609375,"9601,14284","9265,9601"
-1.0,-0.1698113207547169,"12838,30102","8270,12838"
-1.0,-0.1527777777777778,"12839,30105","12839,15408"
1.0,-0.0777777777777777,"6454,24731","2121,24731"
1.0,-0.017913593256059,"3648,14327","100,3648"
1.0,-1.0,"14331,31631","20743,31631"
1.0,0.08,"6565,14329","6565,11434"
1.0,-0.2903225806451613,"6433,10002","8507,10002"
1.0,-0.5905511811023622,"83,14328","83,2769"
1.0,0.0,"12824,14433","14433,17758"
-1.0,-0.099009900990099,"14325,31626","3945,14325"
1.0,-0.144927536231884,"7012,14324","7012,8638"
1.0,-0.524390243902439,"14323,23947","5163,23947"
1.0,0.0666496750350452,"8489,14322","4272,8489"
1.0,-0.1262135922330097,"6921,14320","1074,6921"
1.0,0.3085943085943086,"11660,14247","2479,11660"
-1.0,-1.0,"14238,14782","13080,14238"
1.0,-0.4615384615384615,"12862,30122","15524,30122"
-1.0,-0.0412844036697247,"14235,31528","1618,14235"
-1.0,-0.0808080808080808,"915,6483","5090,6483"
1.0,0.0928571428571428,"8779,14229","8779,11848"
1.0,-0.6666666666666666,"14226,29010","11758,29010"
-1.0,-0.0437710437710437,"14223,31513","1316,14223"
1.0,1.0,"14218,20414","20414,38599"
1.0,0.4519230769230769,"4690,14215","4690,23695"
1.0,0.0,"12878,19197","14297,19197"
-1.0,-1.0,"14251,19135","6069,14251"
1.0,0.4782608695652174,"14252,18561","18561,25364"
1.0,0.4473684210526316,"7265,11303","11303,21455"
1.0,-0.3846153846153846,"1534,12840","1534,14988"
1.0,-0.303030303030303,"14268,16189","16189,18726"
1.0,-1.0,"13025,14264","12287,13025"
-1.0,-0.1322314049586777,"14333,31632","9240,14333"
-1.0,-0.1964285714285714,"14335,31635","9758,14335"
1.0,1.0,"6373,21786","21786,40301"
-1.0,-0.5666666666666667,"12783,30047","12783,12815"
1.0,-0.0220338983050847,"14416,23699","3763,23699"
1.0,-0.1818181818181818,"12785,30049","12535,30049"
1.0,-0.0967741935483871,"12787,30051","4523,30051"
1.0,-0.042016806722689,"14412,31724","4467,31724"
-1.0,-0.04,"14407,31718","4946,14407"
1.0,0.5454545454545454,"14421,18833","18833,36694"
1.0,0.1018518518518518,"4959,14402","4959,9084"
-1.0,-0.5652173913043478,"14398,31701","14398,16645"
1.0,-0.2303571428571428,"8754,14393","3853,8754"
-1.0,-0.5714285714285714,"14392,31691","11670,14392"
-1.0,-0.380281690140845,"7405,12794","7711,12794"
1.0,1.0,"14422,16006","16006,33386"
-1.0,-0.0261096605744125,"14337,31637","2036,14337"
-1.0,-0.6170212765957447,"14441,31761","7899,14441"
1.0,-0.1894736842105263,"6875,14451","6875,8781"
1.0,-0.8333333333333334,"12773,22110","3978,22110"
1.0,-0.1111111111111111,"14446,25397","2654,25397"
1.0,-0.2426470588235294,"12774,25058","3425,25058"
1.0,-0.1022727272727272,"10474,12775","5109,10474"
-1.0,-0.134020618556701,"12777,30044","3041,12777"
-1.0,-1.0,"14436,31753","12257,14436"
1.0,0.3333333333333333,"12779,21490","21490,39955"
1.0,0.4047619047619047,"9204,12782","4212,9204"
1.0,1.0,"6065,14429","6065,21669"
1.0,0.7297297297297297,"8600,12795","8600,20425"
1.0,0.1313131313131313,"6648,14352","6648,20578"
1.0,0.7843137254901961,"12662,12809","10790,12662"
1.0,-0.1782608695652174,"7721,14358","7721,18808"
1.0,0.1122448979591836,"5292,12810","5292,20827"
1.0,1.0,"6412,9648","9648,27153"
1.0,0.0980392156862745,"5176,14356","5176,28768"
1.0,0.0085414420888729,"1051,14345","26,1051"
-1.0,-0.1226415094339622,"6418,24707","6418,13470"
1.0,-0.125,"14340,31640","16598,31640"
1.0,0.0638297872340425,"4483,14338","4483,35562"
1.0,-0.1382289416846652,"2365,12816","1962,2365"
-1.0,-0.2781954887218045,"14361,31661","3805,14361"
1.0,-0.4516129032258064,"14381,17377","8265,17377"
-1.0,-0.21875,"14380,21958","7259,14380"
-1.0,-0.2268041237113402,"12797,29246","8115,12797"
1.0,0.46875,"13123,14374","11041,13123"
1.0,-0.1839080459770115,"7288,8552","8552,14006"
1.0,-1.0,"14372,31676","21237,31676"
-1.0,-1.0,"1391,12803","12803,14046"
-1.0,-0.2025316455696202,"14367,29114","8668,14367"
-1.0,-0.5135135135135135,"14364,31664","5891,14364"
-1.0,-0.0180623973727422,"12434,14682","2359,14682"
1.0,0.3977272727272727,"5338,15020","3200,5338"
-1.0,-0.0188679245283018,"15019,27173","760,15019"
1.0,1.0,"15016,22162","22162,40759"
1.0,0.5,"6048,21437","21437,39875"
1.0,-0.1923076923076923,"12568,29823","9245,29823"
1.0,-0.6578947368421053,"12575,26878","9331,26878"
1.0,0.1702127659574468,"8964,12577","8964,31083"
1.0,-0.1064814814814814,"7417,12529","1721,12529"
1.0,0.6052631578947368,"10298,15055","9279,10298"
-1.0,-0.3888888888888889,"6017,8462","6017,11402"
-1.0,-0.1105263157894736,"6020,24469","2052,6020"
-1.0,-0.1386138613861386,"12552,29800","10704,12552"
-1.0,-0.6097560975609756,"15042,32401","9445,15042"
-1.0,-0.7843137254901961,"15026,29303","5666,15026"
-1.0,-1.0,"15041,21940","15041,16663"
-1.0,-1.0,"15036,16435","15036,15264"
-1.0,-0.6153846153846154,"11270,15034","14187,15034"
1.0,0.5862068965517241,"13260,15032","13260,23538"
1.0,-0.1549295774647887,"7424,25370","3619,25370"
-1.0,-0.1587301587301587,"6035,24479","3398,6035"
-1.0,-0.0905172413793103,"12579,29831","4609,12579"
1.0,-0.2045454545454545,"2992,6060","2992,12454"
-1.0,-0.1556776556776556,"14963,32303","2348,14963"
1.0,-0.0246913580246913,"1349,14962","826,1349"
1.0,-0.32,"12596,14094","6762,14094"
-1.0,-0.6764705882352942,"14960,32301","10017,14960"
1.0,0.648936170212766,"3526,14954","3526,23144"
-1.0,-0.1269349845201238,"14995,32346","3366,14995"
1.0,-0.0,"4762,14947","4762,5715"
1.0,0.1762452107279694,"11648,14946","6282,11648"
-1.0,-0.0849673202614379,"14968,32305","6299,14968"
1.0,-0.937888198757764,"4061,7416","4061,18964"
1.0,1.0,"12344,12582","12344,29583"
-1.0,-0.0292134831460674,"12589,27370","472,12589"
1.0,0.2246376811594203,"5239,12591","5239,25392"
1.0,-0.0546623794212218,"12592,29849","5679,29849"
1.0,0.1022458628841607,"8254,14979","6859,8254"
-1.0,-0.6,"15132,32495","14415,15132"
-1.0,-0.2264150943396226,"15140,32507","6801,15140"
-1.0,-0.6206896551724138,"15139,15936","12636,15139"
-1.0,-0.0863309352517985,"15137,30162","5021,15137"
-1.0,-0.1686746987951807,"15134,32498","3080,15134"
1.0,1.0,"7449,7733","7733,7991"
-1.0,-0.0305498981670061,"15144,32510","7508,15144"
-1.0,-0.2,"15129,32494","6795,15129"
-1.0,-0.2833333333333333,"15125,32490","4879,15125"
-1.0,-0.4761904761904761,"9605,15124","15124,20432"
-1.0,-0.0857142857142857,"15118,31165","8994,15118"
-1.0,-0.0233463035019455,"15142,31988","105,15142"
-1.0,-0.0036467830164105,"12547,16155","80,12547"
1.0,0.1096774193548387,"10803,15166","10803,26543"
1.0,0.2037037037037037,"10817,15179","10817,36707"
1.0,-0.658861944013061,"2073,15177","2073,10036"
-1.0,-0.1194029850746268,"12496,21829","11247,12496"
1.0,0.2518473282442748,"3971,5941","3543,3971"
1.0,0.0848484848484848,"3451,12498","3451,25840"
1.0,0.3111111111111111,"15163,16353","16353,30638"
1.0,-0.6263736263736264,"6659,15162","6659,9259"
1.0,-1.0,"15155,32514","15336,32514"
1.0,-0.072,"15154,21084","3544,21084"
1.0,-1.0,"12523,29763","22338,29763"
-1.0,-0.3382352941176471,"15113,32474","3073,15113"
1.0,-1.0,"15112,32473","15485,32473"
-1.0,-1.0,"15082,16177","15082,21995"
1.0,1.0,"13286,15077","13286,13287"
-1.0,-0.425,"12543,29791","12543,12858"
1.0,1.0,"5762,5983","3878,5762"
-1.0,-1.0,"15063,32421","7740,15063"
-1.0,-0.2429667519181585,"15060,32416","1766,15060"
1.0,0.5,"12531,21179","16133,21179"
1.0,-0.75,"9295,15087","9295,17139"
-1.0,-0.5308641975308642,"15102,32462","5166,15102"
1.0,0.5666666666666667,"13441,15101","13441,30675"
-1.0,-0.1102362204724409,"15096,32453","6824,15096"
1.0,0.108695652173913,"12201,15094","12081,12201"
-1.0,-0.1574344023323615,"12528,29770","3083,12528"
1.0,-0.1923076923076923,"14116,15093","14037,14116"
-1.0,-0.4482758620689655,"7440,14764","7440,13831"
1.0,-0.0132450331125827,"14934,31156","152,31156"
-1.0,-0.0997150997150997,"14933,32274","4209,14933"
-1.0,-0.0204841713221601,"7361,25323","3245,7361"
-1.0,-0.0323275862068965,"14757,29616","1430,14757"
-1.0,-1.0,"14776,32116","13866,14776"
-1.0,-0.4313725490196078,"7375,25334","7375,10591"
-1.0,-0.1509433962264151,"14767,32105","6683,14767"
-1.0,-0.3144329896907216,"14759,32096","1451,14759"
1.0,-0.34375,"5361,6175","5361,19749"
1.0,1.0,"14779,15860","15858,15860"
1.0,0.4761904761904761,"14755,20489","20489,40824"
-1.0,-0.1208881578947368,"14751,16995","280,14751"
1.0,-0.0572916666666666,"13385,14749","4692,13385"
-1.0,-0.1846153846153846,"14747,23469","10454,14747"
1.0,1.0,"12468,12674","12468,29696"
1.0,1.0,"14780,14785","14785,32121"
1.0,0.7125506072874495,"4441,14791","2771,4441"
1.0,0.2068965517241379,"9017,12665","9017,19747"
1.0,-0.0156402737047898,"14797,31438","601,31438"
1.0,0.2033898305084746,"4375,6163","2840,4375"
1.0,0.0975609756097561,"6363,12667","6363,31433"
-1.0,-0.5454545454545454,"14789,16578","12500,14789"
1.0,-0.0232067510548523,"8617,12671","2089,8617"
1.0,-0.4285714285714286,"14122,14745","14122,21614"
1.0,0.0,"14707,14763","14763,21758"
1.0,-0.5806451612903226,"14708,29524","12288,29524"
-1.0,-0.1553398058252427,"12699,29942","8321,12699"
-1.0,-0.0496453900709219,"14700,15703","953,14700"
1.0,-0.116504854368932,"14698,21313","4951,21313"
1.0,0.131578947368421,"5611,14692","5611,39664"
1.0,0.1561971307924019,"3153,14717","58,3153"
-1.0,-0.2028985507246377,"14719,25593","13325,14719"
-1.0,-0.0726495726495726,"943,14739","2484,14739"
-1.0,-0.1666666666666666,"6188,24574","6188,11604"
-1.0,-0.2580645161290322,"12694,29936","5701,12694"
1.0,-0.0413223140495867,"10059,14735","713,10059"
-1.0,-0.2372881355932203,"1399,14733","4929,14733"
1.0,0.4666666666666667,"14129,14731","14129,33639"
1.0,-0.0068783068783068,"14727,32048","473,32048"
1.0,0.5714285714285714,"13664,14725","13664,30931"
1.0,0.2290076335877862,"4348,14932","4348,25601"
-1.0,-0.116504854368932,"12626,29872","6372,12626"
1.0,-0.0754716981132075,"14890,27177","3682,27177"
1.0,-0.2727272727272727,"2689,14887","2689,18893"
-1.0,-1.0,"6107,24524","6107,22247"
-1.0,-1.0,"14897,32245","13805,14897"
-1.0,-0.2764976958525346,"14884,32237","3514,14884"
-1.0,-0.0936329588014981,"14881,32234","2434,14881"
1.0,0.905982905982906,"14879,20067","11934,20067"
-1.0,-0.6388888888888888,"12629,25418","10132,12629"
-1.0,-0.0289575289575289,"14876,32229","8766,14876"
-1.0,-0.2539682539682539,"14896,32244","9397,14896"
-1.0,-1.0,"12663,29905","12663,15233"
1.0,0.0532915360501567,"7403,7640","7640,16027"
1.0,0.48,"14928,17355","17355,36559"
-1.0,-1.0,"12613,27581","9739,12613"
1.0,1.0,"2111,6087","2111,22681"
1.0,-1.0,"14920,32259","21652,32259"
-1.0,-0.0338983050847457,"14919,32258","2700,14919"
-1.0,-0.8450704225352113,"14899,32247","3586,14899"
1.0,1.0,"12621,20975","20975,39253"
1.0,-0.0939597315436241,"14907,32250","7189,32250"
1.0,0.4085714285714285,"3740,14906","3740,5581"
1.0,-0.1547619047619047,"7475,14903","6420,7475"
1.0,0.2439024390243902,"7571,12632","7571,40243"
1.0,0.391304347826087,"12505,12633","12505,29736"
1.0,0.5238095238095238,"11107,14821","11107,11568"
1.0,1.0,"12456,14837","12456,29682"
1.0,-0.1470528578962314,"1954,14836","1954,13115"
-1.0,-0.3076923076923077,"14835,32168","8657,14835"
-1.0,-0.04,"14832,32166","4638,14832"
1.0,-0.4230769230769231,"12652,21811","14971,21811"
1.0,-0.127906976744186,"14829,32164","8719,32164"
-1.0,-0.1886792452830188,"6144,24539","3757,6144"
-1.0,-0.0682730923694779,"14818,17090","4703,14818"
-1.0,-0.036697247706422,"14868,32220","1569,14868"
1.0,0.0261072261072261,"7389,9737","9737,14272"
-1.0,-0.0236966824644549,"6152,24547","6152,6480"
-1.0,-0.0293501048218029,"14809,32143","1661,14809"
1.0,0.074074074074074,"3436,14840","3436,40495"
-1.0,-1.0,"14842,32174","14842,22346"
1.0,0.1571428571428571,"5411,14860","5411,14029"
1.0,1.0,"14858,20297","20297,38476"
1.0,0.7058823529411764,"4534,14856","2208,4534"
1.0,-0.0208333333333333,"12641,16025","2452,16025"
1.0,-0.3596491228070175,"6123,24131","3616,24131"
-1.0,-0.0642201834862385,"14852,28022","3906,14852"
1.0,0.082051282051282,"4409,7398","4409,30930"
1.0,-0.2807017543859649,"14850,20085","10933,20085"
1.0,1.0,"6129,6729","6729,7188"
1.0,-0.0524344569288389,"14847,16656","2315,16656"
-1.0,-0.7401129943502824,"14845,24978","1327,14845"
1.0,0.1948051948051948,"6784,14843","6784,27415"
1.0,-1.0,"14208,22457","1001,22457"
1.0,-0.3255813953488372,"13540,16876","12492,13540"
1.0,0.5,"13594,21033","18157,21033"
1.0,-0.4615384615384615,"13136,30397","15833,30397"
1.0,-1.0,"6522,13589","6522,13728"
-1.0,-0.2179487179487179,"11722,13142","11962,13142"
1.0,-0.104631217838765,"13144,23141","2133,23141"
1.0,0.2469135802469135,"6856,11208","11208,29030"
-1.0,-0.3421052631578947,"13577,30828","13577,15887"
1.0,-0.7142857142857143,"8965,13145","2743,8965"
-1.0,-0.1358024691358024,"9164,13575","12673,13575"
-1.0,-0.5357142857142857,"6244,13133","13133,14841"
1.0,-0.1428571428571428,"7129,20987","10749,20987"
1.0,0.4173553719008264,"13609,18222","7262,18222"
1.0,1.0,"6820,6928","6819,6928"
-1.0,-0.3658536585365853,"13614,30873","13614,14224"
1.0,-0.125,"13126,30386","9248,30386"
1.0,0.0977443609022556,"8242,13130","8242,9671"
1.0,-0.1063829787234042,"1114,13604","1114,6868"
1.0,1.0,"6834,22221","22221,40819"
-1.0,-0.3555555555555555,"10847,13601","7101,13601"
1.0,0.5238095238095238,"6839,19692","19692,20851"
-1.0,-0.1232492997198879,"13131,30392","2166,13131"
-1.0,-0.1739130434782608,"13568,30817","4569,13568"
-1.0,-0.2857142857142857,"13564,30814","11316,13564"
1.0,0.0643274853801169,"6895,7013","7013,10186"
-1.0,-0.0233545647558386,"6891,25016","1035,6891"
-1.0,-0.144927536231884,"13528,30768","1426,13528"
-1.0,-0.6571428571428571,"13525,30764","3093,13525"
1.0,0.0775577557755775,"458,13522","458,23711"
1.0,0.0577617328519855,"6124,13563","6124,23879"
-1.0,-0.1510791366906475,"13510,30754","4620,13510"
-1.0,-0.1153846153846153,"13174,30431","10501,13174"
1.0,1.0,"13532,20523","10267,20523"
-1.0,-0.146067415730337,"13536,30779","10597,13536"
1.0,0.5555555555555556,"13562,20485","9338,20485"
1.0,-0.5,"5335,13560","5335,21771"
-1.0,-0.1139705882352941,"13547,30799","557,13547"
-1.0,-0.136986301369863,"13546,30797","3454,13546"
-1.0,-1.0,"13543,30795","12125,13543"
-1.0,-1.0,"13542,30790","13542,13723"
-1.0,-0.5652173913043478,"13541,30789","13541,17383"
-1.0,-0.5,"13506,30749","13506,14480"
1.0,-0.32,"13705,23316","3118,23316"
-1.0,-1.0,"12347,13082","13082,13877"
1.0,0.1186440677966101,"3095,13701","3095,8344"
1.0,-0.6153846153846154,"13708,30958","13692,30958"
1.0,-0.0101351351351351,"13085,30343","849,30343"
1.0,-1.0,"6771,24940","20785,24940"
-1.0,-0.0273402674591381,"3176,7150","221,7150"
1.0,-0.5666666666666667,"13089,30348","13153,30348"
1.0,-0.0738916256157635,"13680,21819","9192,21819"
1.0,1.0,"13678,21714","21714,40203"
1.0,-0.0483091787439613,"13721,30983","7168,30983"
1.0,-0.2325581395348837,"13078,14781","13079,14781"
1.0,0.1774193548387097,"8132,13717","8132,38728"
1.0,0.2314814814814814,"9415,13716","9415,18974"
1.0,0.2282549860515468,"881,13714","881,2994"
1.0,-1.0,"6147,6761","6147,12960"
1.0,0.3389830508474576,"11749,13710","11749,29003"
1.0,-1.0,"13112,30368","21479,30368"
-1.0,-0.0538461538461538,"13114,30369","2241,13114"
1.0,-0.0141591215565402,"6800,13226","3987,13226"
-1.0,-0.1063829787234042,"13622,30885","5488,13622"
-1.0,-1.0,"13618,30878","9809,13618"
1.0,-0.6666666666666667,"10491,13641","10491,19469"
1.0,-0.0742857142857142,"13642,23462","681,23462"
-1.0,-0.1272727272727272,"13671,30938","6758,13671"
1.0,0.152317880794702,"4666,13669","4666,27779"
-1.0,-0.0702247191011236,"13665,30932","3011,13665"
-1.0,-0.0445026178010471,"13663,30929","1788,13663"
1.0,0.2941176470588235,"13102,15462","1937,15462"
1.0,-0.0127952755905511,"1943,13657","131,1943"
1.0,0.04296875,"1140,13105","1140,4934"
1.0,-1.0,"6792,23479","20874,23479"
-1.0,-0.0629539951573849,"13507,30750","1841,13507"
-1.0,-0.0023359028264424,"13505,30748","36,13505"
1.0,0.6774193548387096,"10968,13736","5315,10968"
1.0,-0.0916666666666666,"13326,30584","5538,30584"
1.0,1.0,"6995,16367","16367,33828"
1.0,0.5862068965517241,"12873,13342","12873,30138"
-1.0,-0.0089430894308943,"13236,30493","852,13236"
-1.0,-1.0,"13324,30580","2160,13324"
-1.0,-0.025691699604743,"7006,25080","1966,7006"
1.0,-0.1428571428571428,"13316,30574","8704,30574"
-1.0,-0.7368421052631579,"4647,7008","7008,8390"
-1.0,-0.4133333333333333,"6993,25070","5061,6993"
-1.0,-0.3333333333333333,"13369,30616","12426,13369"
1.0,0.282051282051282,"13377,14365","14365,33049"
1.0,-0.0,"13376,21578","20771,21578"
-1.0,-0.0091896407685881,"13371,30618","413,13371"
1.0,0.1964285714285714,"13222,18007","18007,37447"
1.0,-0.0768175582990397,"13356,23331","2916,23331"
1.0,-0.1683309557774607,"13355,22535","823,22535"
-1.0,-0.5666666666666667,"7034,22275","7034,13169"
-1.0,-1.0,"13254,30511","13253,13254"
-1.0,-1.0,"13289,14110","13289,20252"
-1.0,-0.0312989045383411,"13280,30547","1368,13280"
-1.0,-0.107361963190184,"13244,30499","2978,13244"
1.0,0.0956521739130434,"8929,13278","8929,11180"
1.0,1.0,"7035,21439","21439,21442"
1.0,-0.3846153846153846,"13277,30537","14076,30537"
1.0,-0.2837209302325581,"4251,13275","3574,4251"
1.0,0.1818181818181818,"11233,13274","1420,11233"
-1.0,-0.2295081967213114,"13290,30555","7834,13290"
1.0,1.0,"13011,13292","13011,30271"
-1.0,-0.0352941176470588,"13310,30566","2838,13310"
1.0,-0.3214285714285714,"13247,26207","8504,26207"
1.0,-0.136986301369863,"7048,25105","9705,25105"
1.0,-0.3333333333333333,"13303,27504","8223,27504"
1.0,0.5161290322580645,"13300,14117","8127,14117"
1.0,-0.5625,"10789,13298","10789,12477"
-1.0,-1.0,"13297,30558","13297,20870"
1.0,-0.5238095238095238,"13378,30623","20167,30623"
1.0,1.0,"11907,13179","11907,29150"
1.0,0.4761904761904761,"10392,13464","10392,28331"
1.0,0.1875,"8327,13466","8327,28487"
-1.0,-1.0,"13462,20654","13462,20657"
1.0,0.1122448979591836,"6210,13459","76,6210"
1.0,-0.3472222222222222,"13453,26761","9202,26761"
-1.0,-0.134453781512605,"13448,30680","4221,13448"
-1.0,-0.5652173913043478,"1858,13473","13473,17218"
-1.0,-0.0964912280701754,"13381,30629","7777,13381"
1.0,0.1422222222222222,"8042,13487","5029,8042"
-1.0,-1.0,"2451,6905","6905,21288"
1.0,-0.0231316725978647,"13495,30734","1415,30734"
-1.0,-0.2466666666666666,"13490,30729","3376,13490"
1.0,-0.1878453038674033,"13183,24862","1266,24862"
1.0,-0.087890625,"6909,7738","388,7738"
1.0,0.2708333333333333,"13485,15009","15009,34900"
1.0,-0.865979381443299,"3660,13484","3660,21345"
1.0,1.0,"4963,6916","4963,23839"
1.0,-0.3953488372093023,"13186,30327","13063,30327"
-1.0,-0.180327868852459,"13447,30676","13447,16046"
1.0,0.136986301369863,"6197,13445","6197,35960"
1.0,0.234375,"6037,13390","6037,32601"
1.0,0.1778846153846154,"6094,6953","6094,16539"
1.0,1.0,"13399,16009","16009,33392"
-1.0,-0.0591133004926108,"13204,30462","5127,13204"
1.0,0.1732142857142857,"1752,6958","1752,2236"
1.0,0.4864048338368579,"9410,13392","896,9410"
-1.0,-0.0529100529100529,"13207,30465","2573,13207"
-1.0,-0.171945701357466,"13208,30466","6041,13208"
1.0,-0.1348314606741573,"10661,13387","8885,10661"
1.0,1.0,"6968,7575","5883,7575"
1.0,-1.0,"13402,30650","22039,30650"
-1.0,-0.0278422273781902,"13407,22743","455,13407"
1.0,-0.1883333333333333,"6986,13201","2973,6986"
1.0,1.0,"6940,8987","7990,8987"
1.0,-0.1235514351934391,"6899,13421","6899,10356"
-1.0,-0.56,"13420,30662","13420,16101"
-1.0,-0.0948275862068965,"13416,30660","4562,13416"
1.0,-0.7945205479452055,"3653,13413","3653,11764"
-1.0,-1.0,"13074,13076","12350,13074"
1.0,1.0,"14207,20463","10351,20463"
1.0,0.6285714285714286,"13256,14053","10731,13256"
-1.0,-1.0,"12935,21130","12935,21129"
1.0,0.2115384615384615,"7942,12937","7942,17396"
1.0,0.8184523809523809,"14049,19143","1457,19143"
1.0,-0.1904761904761904,"12939,23204","3984,23204"
1.0,-0.21,"10251,12940","5399,10251"
-1.0,-0.1513761467889908,"6581,24799","1515,6581"
-1.0,-0.391304347826087,"14045,31359","12076,14045"
-1.0,-0.5185185185185185,"12942,30195","12942,15645"
1.0,0.0524296675191815,"151,14043","151,24106"
-1.0,-0.1296296296296296,"14054,31370","7790,14054"
1.0,0.5185185185185185,"14056,15931","15931,33304"
-1.0,-0.0375335120643431,"14087,31406","2828,14087"
-1.0,-0.0461538461538461,"6566,24792","3701,6566"
1.0,1.0,"6567,21925","21925,40486"
-1.0,-0.2689075630252101,"14081,17293","7121,14081"
1.0,-0.3221594918842625,"5416,14063","5416,10726"
-1.0,-0.0382653061224489,"14062,31378","1549,14062"
1.0,-0.4583333333333333,"14040,17202","17202,20458"
-1.0,-0.0507246376811594,"4933,12946","3380,12946"
1.0,0.0219560878243512,"5149,14003","1218,5149"
-1.0,-1.0,"14012,31312","14012,21718"
1.0,-0.2631578947368421,"4142,14010","4142,7816"
1.0,0.7112860892388451,"8832,14004","1689,8832"
1.0,0.1509433962264151,"1741,14001","1741,27342"
-1.0,-0.5641025641025641,"14000,31296","10873,14000"
-1.0,-0.0887096774193548,"12956,30213","8309,12956"
1.0,0.2217391304347826,"13991,17838","8357,17838"
1.0,-0.1315243415802074,"2380,14014","1533,2380"
1.0,1.0,"8970,14016","8970,26592"
-1.0,-0.1290322580645161,"12953,30211","5958,12953"
1.0,-0.1374407582938388,"6609,24810","5350,24810"
-1.0,-0.2015306122448979,"10377,14031","1122,14031"
1.0,0.1486486486486486,"3506,14028","3506,10725"
1.0,0.0546448087431694,"5228,12949","5228,30095"
1.0,-0.56,"7228,24605","15358,24605"
1.0,-0.013690105787181,"12950,24515","1061,24515"
-1.0,-0.2427184466019417,"14021,31332","2651,14021"
-1.0,-1.0,"6553,6607","6607,21685"
1.0,-0.0305466237942122,"6608,24394","368,24394"
1.0,-1.0,"7250,14089","7250,20164"
1.0,-0.71900826446281,"14168,22731","2295,22731"
1.0,1.0,"14167,15567","8930,15567"
1.0,0.53125,"13429,14164","13429,21082"
1.0,-0.1375,"6514,24770","6658,24770"
-1.0,-0.08,"14163,31476","6500,14163"
-1.0,-0.5227272727272727,"5951,6517","6517,10200"
1.0,-0.0588235294117647,"14172,24251","4676,24251"
1.0,0.0,"6521,21716","12154,21716"
-1.0,-0.1846153846153846,"6523,18084","6523,14904"
-1.0,-0.0491803278688524,"14156,31472","3665,14156"
-1.0,-0.5833333333333334,"14155,29133","11178,14155"
1.0,-0.2,"2911,14154","2911,5683"
-1.0,-1.0,"6509,6718","6509,6633"
1.0,-1.0,"14191,26811","11799,26811"
1.0,1.0,"14199,21322","21322,25792"
1.0,-0.2658246225319396,"4891,14198","4891,8101"
1.0,-0.0335570469798657,"14192,31489","6364,31489"
1.0,-0.3909090909090909,"3189,12889","2789,3189"
1.0,-0.0378787878787878,"14186,17854","547,17854"
-1.0,-0.3125,"14185,31484","14185,18761"
1.0,-0.7435897435897436,"6505,24764","8120,24764"
1.0,-0.7142857142857143,"9503,14152","1978,9503"
-1.0,-0.0195058517555266,"14151,31468","1046,14151"
-1.0,-1.0,"11869,14106","14105,14106"
1.0,1.0,"12922,21361","21361,32851"
1.0,-0.0,"7241,20108","8739,20108"
1.0,-0.1516587677725118,"14113,25237","6344,25237"
1.0,-0.4834758000426431,"2062,14149","2062,3893"
1.0,0.4230769230769231,"14104,15078","1550,15078"
-1.0,-1.0,"14099,14100","11865,14100"
1.0,0.081081081081081,"11881,12924","5734,11881"
1.0,1.0,"12921,16737","16737,21404"
-1.0,-0.0327510917030567,"12903,30170","2207,12903"
1.0,-0.0733333333333333,"12907,30174","6687,30174"
1.0,-0.7419354838709677,"13874,14144","11705,13874"
-1.0,-1.0,"6537,24774","6537,15538"
1.0,0.0201612903225806,"1289,14141","1289,40861"
1.0,0.3125,"10438,14139","5533,10438"
-1.0,-0.0125,"14134,31455","1754,14134"
-1.0,-0.1161825726141078,"14128,31444","1319,14128"
1.0,1.0,"9446,14125","9446,26985"
1.0,0.1037037037037037,"3075,14123","3075,12892"
-1.0,-0.4117647058823529,"12959,30221","7605,12959"
1.0,-1.0,"5461,13987","5461,21941"
1.0,-0.6621621621621622,"8932,13029","8932,16994"
1.0,-0.3448275862068966,"6722,24884","12008,24884"
1.0,0.2307692307692307,"12850,13031","12850,31132"
1.0,-0.4615384615384615,"13128,13818","12394,13128"
-1.0,-0.1764705882352941,"13037,21534","6310,13037"
1.0,0.0747663551401869,"2264,13040","2264,30978"
-1.0,-0.1515151515151515,"13041,30297","7679,13041"
1.0,-0.0,"13803,20319","20319,22043"
1.0,-0.10625,"13802,30276","5937,30276"
1.0,0.9148936170212766,"6727,22172","2281,22172"
1.0,0.0769230769230769,"6301,13861","6301,37891"
1.0,-0.4583333333333333,"13013,24299","16953,24299"
1.0,0.125,"10777,13838","10777,27536"
1.0,-0.0464135021097046,"3284,13797","3049,3284"
1.0,0.1224489795918367,"5566,13042","5566,8809"
-1.0,-0.1266233766233766,"13753,26061","620,13753"
1.0,0.6875,"7165,10583","2048,10583"
-1.0,-0.0259319286871961,"10456,13757","2248,13757"
-1.0,-0.0016100702576112,"13756,31017","25,13756"
-1.0,-0.0699152542372881,"13743,30999","2217,13743"
-1.0,-1.0,"13761,31020","13761,20439"
-1.0,-1.0,"13763,31023","13763,20361"
1.0,0.2191780821917808,"9023,13764","2436,9023"
1.0,0.2830188679245283,"8374,13766","8374,32340"
1.0,0.9310344827586208,"13795,22014","11511,22014"
1.0,-0.0753246753246753,"13051,21135","2002,21135"
1.0,-0.0200364298724954,"3510,13052","2655,3510"
-1.0,-0.0276381909547738,"13789,23241","3777,13789"
1.0,0.6842105263157895,"12954,13784","12544,12954"
-1.0,-0.15,"13055,16988","5222,13055"
1.0,-0.25,"13057,27000","9458,27000"
1.0,-0.0,"13060,20576","17161,20576"
1.0,-0.2016129032258064,"13862,26937","5647,26937"
1.0,-0.6,"13868,25689","7837,25689"
1.0,-0.5151515151515151,"13948,30008","12747,30008"
-1.0,-0.6071428571428571,"6654,24848","6654,12986"
1.0,-0.1818181818181818,"5481,13942","5481,11597"
-1.0,-0.0454545454545454,"13941,22498","2539,13941"
1.0,-0.0337711069418386,"13940,23390","750,23390"
1.0,0.0177842416819759,"887,13939","887,971"
-1.0,-1.0,"12436,13953","12432,13953"
1.0,0.5862068965517241,"13262,13929","13262,30521"
-1.0,-0.1265822784810126,"6663,24851","6663,12219"
-1.0,-1.0,"13928,31210","13928,20905"
-1.0,-1.0,"12167,13927","13927,21627"
1.0,1.0,"13923,22153","22153,28370"
-1.0,-0.0928961748633879,"13869,31140","6782,13869"
-1.0,-0.2647058823529412,"12962,30224","4056,12962"
1.0,0.5517241379310345,"12977,13499","13499,30738"
-1.0,-0.0351437699680511,"8687,13962","949,13962"
-1.0,-0.0310734463276836,"6650,15390","5412,6650"
1.0,-0.0419161676646706,"2468,13919","1085,2468"
-1.0,-0.109090909090909,"13889,30200","5023,13889"
-1.0,-0.2631578947368421,"13884,31154","9918,13884"
1.0,-0.0745920745920745,"13917,25195","1872,25195"
1.0,0.2396694214876033,"6699,7149","5786,7149"
-1.0,-1.0,"13876,15859","13876,15861"
-1.0,-0.3529411764705882,"3650,13005","13005,19005"
1.0,-0.0167224080267558,"12995,16021","1031,16021"
1.0,0.0188302124973701,"3167,12994","3167,11051"
-1.0,-0.3676470588235294,"13913,31189","9463,13913"
1.0,0.1231527093596059,"1186,6672","1186,27060"
1.0,1.0,"13909,20834","20834,39092"
-1.0,-0.6153846153846154,"13904,31176","13848,13904"
-1.0,-0.0794824399260628,"6676,7546","322,6676"
-1.0,-1.0,"13902,31174","13902,21902"
1.0,0.6666666666666666,"5314,12987","5314,16355"
-1.0,-0.175438596491228,"12993,30253","6044,12993"
1.0,1.0,"12023,15522","15522,32873"
-1.0,-0.2558139534883721,"12016,29248","8575,12016"
-1.0,-0.125,"16349,33803","6274,16349"
-1.0,-0.52,"12019,29254","12019,16465"
-1.0,-0.0193885160328113,"12024,29258","483,12024"
1.0,0.1538461538461538,"7745,12026","7745,31028"
-1.0,-1.0,"16339,33793","16020,16339"
1.0,-0.346058091286307,"3084,16379","3084,10947"
-1.0,-0.5,"16363,33824","14253,16363"
1.0,-0.2222222222222222,"16376,33837","15446,33837"
-1.0,-0.0662251655629139,"16375,33833","4182,16375"
1.0,-0.2653061224489796,"3267,16358","3267,9205"
1.0,-0.0,"12009,18354","11413,18354"
1.0,-0.4038461538461538,"5209,23973","10907,23973"
1.0,-0.1882882882882882,"15386,16360","13250,15386"
1.0,-0.0155728587319243,"16359,19006","445,19006"
-1.0,-1.0,"16333,33784","16333,21722"
1.0,0.301988354105618,"14872,16305","95,14872"
-1.0,-1.0,"16304,33742","9704,16304"
1.0,-0.5666666666666667,"16303,25238","13098,25238"
1.0,0.0,"7708,11716","11716,17868"
1.0,-0.2722222222222222,"16330,22643","1679,22643"
-1.0,-0.0530612244897959,"16294,33733","2126,16294"
1.0,0.0129443464341237,"1283,16290","1072,1283"
-1.0,-0.4,"12044,29277","12040,12044"
1.0,0.040983606557377,"1580,16309","1580,40334"
-1.0,-1.0,"16311,33754","10079,16311"
1.0,0.0292134831460674,"1288,16326","1288,3867"
-1.0,-0.4347826086956521,"5235,23992","5235,7588"
-1.0,-0.6857142857142857,"10364,16321","9740,16321"
-1.0,-0.4155844155844156,"16377,33840","7072,16377"
-1.0,-0.3527131782945736,"16380,33843","2174,16380"
1.0,0.5,"9870,16284","9870,21089"
1.0,0.5172413793103448,"12005,16437","12005,14826"
1.0,-0.337037037037037,"2621,16439","2621,11800"
1.0,1.0,"16438,22200","4775,22200"
-1.0,-0.1746031746031746,"16436,33932","4208,16436"
1.0,-0.0821917808219178,"5136,23934","1956,23934"
1.0,-0.1102941176470588,"16434,32347","7245,32347"
-1.0,-0.6451612903225806,"11974,11975","11975,11976"
1.0,1.0,"16425,16431","16425,33919"
-1.0,-0.325,"16426,33921","8605,16426"
1.0,-0.021108179419525,"16445,31315","3851,31315"
1.0,0.348314606741573,"9234,16446","862,9234"
1.0,-0.0444444444444444,"16381,33845","2379,33845"
1.0,-0.1038961038961039,"16456,27070","2759,27070"
-1.0,-0.05,"16464,33967","1315,16464"
-1.0,-0.75,"11964,29195","3105,11964"
-1.0,-0.2933333333333333,"16463,33964","10666,16463"
-1.0,-0.0794701986754966,"12442,16447","1145,16447"
1.0,0.0624236874236874,"3248,16455","2406,3248"
1.0,0.1428571428571428,"5281,11972","5281,28176"
-1.0,-0.0345963756177924,"16453,33956","1136,16453"
1.0,-0.3386243386243386,"1497,16452","1497,8967"
-1.0,-0.5555555555555556,"16450,33951","14291,16450"
1.0,1.0,"16400,20633","19037,20633"
-1.0,-0.0215633423180593,"7190,7730","400,7730"
-1.0,-0.6060606060606061,"16391,33858","11668,16391"
1.0,-0.1549295774647887,"16390,33857","4418,33857"
-1.0,-1.0,"13950,16384","15273,16384"
1.0,0.6451612903225806,"16423,19077","11421,19077"
-1.0,-0.0792291220556745,"16422,33917","2224,16422"
-1.0,-1.0,"16421,33915","15352,16421"
1.0,-0.4354838709677419,"16416,26439","6618,26439"
1.0,0.4230769230769231,"3223,16412","3223,9141"
1.0,0.1466666666666666,"4469,11987","4469,9286"
-1.0,-0.1006711409395973,"16143,33553","5657,16143"
-1.0,-0.2736318407960199,"12121,29350","3439,12121"
-1.0,-0.0415094339622641,"16160,20260","4306,16160"
-1.0,-1.0,"4671,5355","5311,5355"
1.0,-0.3602941176470588,"13279,16159","4493,13279"
1.0,1.0,"16080,16147","14908,16080"
-1.0,-0.2843601895734597,"12123,29353","3656,12123"
1.0,0.1142857142857142,"4341,5367","4341,14060"
-1.0,-0.1926605504587156,"12128,26571","10559,12128"
1.0,0.0174708818635607,"1809,16139","1809,2476"
-1.0,-1.0,"16131,33543","16130,16131"
-1.0,-0.2307692307692307,"12114,29346","7900,12114"
-1.0,-0.2170542635658914,"16167,33577","1657,16167"
-1.0,-0.1341463414634146,"16089,33479","7465,16089"
1.0,0.25,"5099,12141","2863,5099"
1.0,-0.1338582677165354,"8413,16098","7183,8413"
-1.0,-0.6190476190476191,"12144,29370","8882,12144"
-1.0,-0.081967213114754,"12145,29373","3711,12145"
1.0,0.1276089088107578,"320,5410","320,2071"
1.0,-0.2840909090909091,"16088,23584","1411,23584"
1.0,1.0,"7664,22020","10713,22020"
1.0,-0.1155778894472361,"3242,16077","3242,4911"
1.0,-1.0,"16100,21200","21200,22029"
1.0,-0.032520325203252,"16106,22361","4993,22361"
-1.0,-0.102803738317757,"16123,33534","7007,16123"
1.0,-0.0694626474442988,"5379,8795","135,8795"
-1.0,-0.0227272727272727,"5382,24074","2832,5382"
-1.0,-0.0226500566251415,"14052,16110","1142,16110"
-1.0,-0.0466666666666666,"5388,24076","3285,5388"
1.0,0.4791666666666667,"5390,10363","10363,27770"
-1.0,-0.1464646464646464,"5391,24077","4167,5391"
1.0,1.0,"16184,21122","21122,39429"
1.0,-0.1351351351351351,"5707,16282","5707,8585"
-1.0,-0.2625,"12066,29305","10091,12066"
1.0,-1.0,"12059,29294","15258,29294"
-1.0,-0.4342105263157895,"16251,33693","6951,16251"
1.0,0.2372881355932203,"8075,16248","8075,26110"
-1.0,-1.0,"16246,33686","9170,16246"
1.0,-0.5,"16245,33683","18425,33683"
1.0,0.2,"10743,12068","10510,10743"
1.0,0.0569620253164556,"4187,12057","4187,23327"
1.0,0.3953488372093023,"12069,13175","13175,16596"
1.0,1.0,"5294,9547","9547,17580"
1.0,-0.5833333333333334,"15612,16242","15612,16055"
1.0,1.0,"16238,22283","22283,40886"
1.0,1.0,"5300,5711","5711,7578"
1.0,0.2972972972972973,"15157,16255","15157,25987"
-1.0,-0.3,"12104,16621","12104,12105"
-1.0,-0.3888888888888889,"16270,33710","16035,16270"
-1.0,-0.8333333333333334,"5261,5672","4453,5261"
-1.0,-0.4,"4134,16281","14568,16281"
1.0,-0.0713153724247226,"4368,16273","491,4368"
-1.0,-0.2105263157894736,"9474,16271","11921,16271"
1.0,0.2,"6671,16269","6671,10810"
1.0,-0.0524590163934426,"5273,21826","5463,21826"
1.0,0.3571428571428571,"16268,22167","12617,22167"
1.0,-0.0634648370497427,"12053,24496","1090,24496"
-1.0,-0.15625,"16262,33700","13436,16262"
-1.0,-0.0407673860911271,"12075,29312","2108,12075"
1.0,-0.5454545454545454,"12092,29331","17717,29331"
-1.0,-0.3125,"5333,24050","5333,10795"
-1.0,-1.0,"7141,12102","7632,12102"
1.0,-0.6,"5334,8912","8912,11019"
1.0,0.0232558139534883,"3779,7691","3779,8379"
1.0,-0.1304347826086956,"16225,23096","3385,23096"
1.0,0.2592592592592593,"1188,12085","1188,2567"
1.0,-0.0552995391705069,"12087,25890","3795,25890"
1.0,-0.4833333333333333,"16214,25867","7515,25867"
1.0,-0.4761904761904761,"16728,34260","20083,34260"
1.0,-1.0,"11841,27743","21285,27743"
1.0,0.4651162790697674,"2141,16720","2141,22816"
-1.0,-0.093167701863354,"16732,22480","7071,16732"
1.0,0.5434782608695652,"9365,16719","9365,14798"
1.0,-0.2452830188679245,"16717,26530","7916,26530"
1.0,-0.0284974093264248,"16716,21824","311,21824"
1.0,0.0546448087431694,"3991,16715","3991,39659"
1.0,-0.1666666666666666,"16709,34239","3989,34239"
1.0,-0.4848484848484848,"4943,23831","12789,23831"
1.0,-1.0,"16762,34288","20964,34288"
1.0,0.1774193548387097,"9001,16756","9001,38006"
-1.0,-0.2439024390243902,"16750,34284","6948,16750"
-1.0,-0.0328358208955223,"16747,23105","3677,16747"
-1.0,-0.1375,"16745,34281","5678,16745"
1.0,0.2275449101796407,"3012,16736","3012,7108"
1.0,0.2622950819672131,"11562,16740","11562,25989"
-1.0,-0.1085271317829457,"16706,34233","11369,16706"
1.0,0.0785714285714285,"1360,16705","539,1360"
-1.0,-0.0186418109187749,"16680,34207","1509,16680"
-1.0,-0.1489361702127659,"16674,34198","7890,16674"
1.0,-0.0,"16673,20455","14814,20455"
-1.0,-0.3513513513513513,"16671,34195","9833,16671"
-1.0,-0.0396270396270396,"11866,29107","3931,11866"
1.0,-0.358974358974359,"11861,25968","8201,25968"
-1.0,-1.0,"11847,20550","11847,21953"
1.0,1.0,"504,11850","486,504"
1.0,0.1413043478260869,"9169,16695","9169,35246"
-1.0,-0.2352941176470588,"16694,21719","10266,16694"
1.0,0.0967590732556581,"2145,16693","2145,2363"
1.0,-0.1746031746031746,"12571,16692","9109,12571"
1.0,0.1720328282828283,"11378,11859","3343,11378"
1.0,0.2310924369747899,"16687,19744","4861,19744"
1.0,0.5054945054945055,"4842,16765","2122,4842"
-1.0,-1.0,"16837,34371","16837,20291"
-1.0,-0.6428571428571429,"14528,16853","12654,16853"
1.0,0.3541666666666667,"4325,16851","4325,23522"
1.0,1.0,"4872,21094","21094,33029"
-1.0,-0.020440251572327,"16848,34379","1350,16848"
-1.0,-1.0,"16845,34376","16845,20840"
1.0,-0.408695652173913,"16842,22671","2075,22671"
1.0,1.0,"15831,16839","15831,27739"
1.0,0.0230695104715405,"3764,16835","186,3764"
-1.0,-0.3696969696969697,"16826,23708","3549,16826"
-1.0,-0.1463414634146341,"11786,29036","5781,11786"
-1.0,-0.1120689655172413,"10211,16771","9427,16771"
-1.0,-0.0116648992576882,"10074,11773","485,11773"
1.0,-0.3548387096774194,"11774,29024","20543,29024"
1.0,-0.1197183098591549,"16361,16856","3184,16361"
1.0,-0.2096774193548387,"12244,16866","8255,12244"
1.0,-0.3028169014084507,"9104,16863","5206,9104"
-1.0,-0.4078947368421052,"14499,16859","7368,16859"
1.0,-0.5151515151515151,"4910,23817","13234,23817"
1.0,1.0,"15630,16785","15630,15631"
1.0,0.2535211267605634,"8979,16779","8979,13554"
-1.0,-0.0862068965517241,"16777,34303","9862,16777"
-1.0,-0.0746268656716417,"4919,23820","4919,6883"
-1.0,-0.0480961923847695,"11814,23747","1334,11814"
1.0,-0.22,"8232,16792","8232,10811"
1.0,0.0365448504983388,"1916,11812","1916,28231"
1.0,-0.4,"4900,23808","10922,23808"
1.0,0.074074074074074,"3220,16809","3220,15565"
-1.0,-0.0165229885057471,"15440,16805","38,16805"
-1.0,-0.1012658227848101,"7806,18666","5670,7806"
1.0,0.1587301587301587,"7938,16800","7938,10954"
1.0,-0.3439153439153439,"13108,16799","5646,13108"
-1.0,-0.0377113133940182,"16796,34314","930,16796"
1.0,1.0,"16665,22082","18564,22082"
-1.0,-0.4782608695652174,"16533,34054","16533,18298"
-1.0,-0.1515151515151515,"16549,34066","12262,16549"
1.0,-1.0,"16537,27660","10248,27660"
-1.0,-0.0735294117647058,"5092,10181","3409,5092"
-1.0,-0.0446428571428571,"11932,29172","4464,11932"
1.0,-0.9329608938547486,"3127,16531","3127,22053"
1.0,0.2596059113300493,"7170,11928","2953,7170"
-1.0,-0.1354166666666666,"12322,16530","11445,16530"
1.0,-0.56,"6437,16528","6437,8175"
1.0,0.5384615384615384,"11938,15927","15927,33303"
-1.0,-0.4827586206896552,"16525,34047","5395,16525"
1.0,1.0,"5558,16524","5558,24177"
1.0,-0.0416666666666666,"2738,16550","1686,2738"
1.0,1.0,"5067,9991","9991,27420"
1.0,-0.3235294117647059,"16573,30193","10226,30193"
1.0,0.303030303030303,"16572,18240","18240,39739"
-1.0,-0.6666666666666666,"16569,34084","11651,16569"
1.0,-0.0755208333333333,"11919,25857","2243,25857"
-1.0,-0.5208333333333334,"16563,34075","9362,16563"
-1.0,-0.0193181818181818,"7766,25618","188,7766"
1.0,0.52,"16518,16519","16519,34042"
-1.0,-0.2125,"16482,33990","12750,16482"
1.0,-0.0795444752231455,"2703,16488","2703,5681"
-1.0,-0.1584158415841584,"16487,33994","5976,16487"
1.0,1.0,"16486,20944","20944,22151"
-1.0,-1.0,"11956,29189","11956,20557"
1.0,-0.4509803921568627,"16483,27751","10346,27751"
1.0,0.2456140350877192,"8886,16479","8886,32920"
-1.0,-0.0545454545454545,"16473,33975","4429,16473"
1.0,-0.0,"16516,19015","19015,21072"
-1.0,-0.7547169811320755,"7760,25614","5573,7760"
-1.0,-0.1152542372881356,"16511,30455","1566,16511"
1.0,-0.4973161567364466,"1217,16510","1217,16577"
1.0,0.4285714285714285,"11947,15001","15001,24171"
-1.0,-0.5657894736842105,"11951,16386","5282,11951"
-1.0,-0.0654761904761904,"16499,34013","3419,16499"
1.0,0.2118055555555555,"11877,14849","5857,14849"
1.0,-0.0571428571428571,"16641,31400","3437,31400"
1.0,1.0,"16640,20357","20357,38544"
1.0,0.5357142857142857,"5028,14551","14551,17479"
1.0,-0.2542372881355932,"16633,31782","12859,31782"
1.0,-0.25,"11890,27265","9779,27265"
-1.0,-0.4166666666666667,"5036,23872","5036,15328"
-1.0,-0.5555555555555556,"16642,34158","15216,16642"
-1.0,-0.4047619047619047,"7784,25635","7784,9417"
-1.0,-0.0815217391304347,"16661,34183","11063,16661"
1.0,0.6496350364963503,"2247,16659","432,2247"
1.0,-1.0,"16657,27674","10256,27674"
-1.0,-0.1289682539682539,"5012,23859","2966,5012"
1.0,0.5364238410596026,"972,5020","972,2447"
1.0,0.8513513513513513,"16650,19344","13836,19344"
-1.0,-0.05,"16649,34170","1492,16649"
1.0,0.5,"11879,21376","2195,21376"
1.0,0.1379310344827586,"11882,12567","1909,12567"
-1.0,-1.0,"16624,28880","16624,22271"
-1.0,-0.0050571679859278,"4372,16623","102,16623"
1.0,0.0,"7775,16476","12177,16476"
1.0,-0.2777777777777778,"5054,23883","14922,23883"
1.0,0.5,"16597,17858","17858,35534"
-1.0,-0.5833333333333334,"15475,16594","16217,16594"
1.0,-0.0635838150289017,"5039,23875","5375,23875"
1.0,0.3658536585365853,"11913,14174","8810,14174"
1.0,0.04296875,"199,16583","199,28144"
1.0,1.0,"11914,21459","21459,39924"
-1.0,-1.0,"16582,34093","16582,20420"
1.0,-0.1764705882352941,"16603,34112","6578,34112"
-1.0,-0.2439024390243902,"11898,18006","5422,11898"
-1.0,-0.0721649484536082,"16617,34131","6056,16617"
-1.0,-0.7534246575342466,"3179,16616","4013,16616"
1.0,-0.1120689655172413,"16615,34128","5318,34128"
-1.0,-0.0379746835443038,"16610,34123","10159,16610"
1.0,-0.3703703703703703,"8522,16608","8522,12802"
-1.0,-0.0627615062761506,"11905,21687","9529,11905"
1.0,1.0,"16606,21443","21443,39899"
1.0,0.627906976744186,"10929,11906","10929,13104"
1.0,-0.0706521739130434,"15470,30892","3159,30892"
1.0,-0.3235294117647059,"15464,24338","17965,24338"
1.0,-0.5272727272727272,"3774,15463","3774,7887"
1.0,1.0,"15460,22173","22173,23662"
-1.0,-1.0,"15458,32808","12420,15458"
1.0,-0.014388489208633,"5776,24327","799,24327"
1.0,0.1064275495605968,"3556,15496","1206,3556"
-1.0,-0.0580474934036939,"15490,32836","6872,15490"
-1.0,-1.0,"12353,12357","12348,12353"
1.0,1.0,"12346,12355","12346,13081"
1.0,-0.0263157894736842,"15484,32828","756,32828"
1.0,-1.0,"2167,5765","2167,9694"
1.0,-0.3929292929292929,"7634,15482","7112,7634"
1.0,0.234375,"9225,15480","9225,17637"
1.0,0.8604651162790697,"785,5764","15,785"
-1.0,-0.0515463917525773,"15451,32800","2714,15451"
-1.0,-0.6666666666666666,"15417,32770","9750,15417"
1.0,-0.0943396226415094,"15416,32769","6093,32769"
1.0,-0.0,"12384,16752","11284,16752"
1.0,0.4230769230769231,"14401,15412","14401,37166"
1.0,-0.3055555555555556,"15448,25969","14742,25969"
1.0,1.0,"15407,16013","16013,33398"
-1.0,-1.0,"12390,29624","9476,12390"
1.0,-0.2395543175487465,"5814,7483","609,7483"
1.0,0.3684210526315789,"7511,15692","15692,33054"
1.0,-0.0884353741496598,"15422,27580","3891,27580"
1.0,0.0205047318611987,"3810,15443","3810,34078"
1.0,-0.0242290748898678,"15435,19468","1731,19468"
1.0,-0.0524475524475524,"7516,25437","3628,25437"
1.0,1.0,"7514,15190","15190,32533"
1.0,-0.1585365853658536,"15400,31331","4660,31331"
1.0,0.1408450704225352,"5712,5713","5712,26196"
1.0,-0.1612090680100755,"4248,15561","2077,4248"
1.0,-0.0884455032757594,"11037,15556","9583,11037"
-1.0,-0.0837696335078534,"15569,26044","1262,15569"
-1.0,-0.2025316455696202,"5477,15553","6960,15553"
1.0,0.0220588235294117,"10515,15551","9358,10515"
-1.0,-0.1527777777777778,"3324,15548","10165,15548"
1.0,-1.0,"14710,15547","14710,21379"
1.0,-1.0,"12325,29564","21784,29564"
1.0,-0.075091575091575,"5690,12194","2929,12194"
-1.0,-1.0,"15593,32973","15385,15593"
1.0,-0.036,"15592,29782","1949,29782"
1.0,0.0462633451957295,"2612,12313","2612,34145"
1.0,0.1269566887544415,"6154,15590","4735,6154"
-1.0,-0.0625,"15577,32951","4717,15577"
-1.0,-0.9069767441860463,"15545,32911","1557,15545"
1.0,0.0606060606060606,"4504,15516","4504,35927"
1.0,-0.1875,"7534,25452","4765,25452"
-1.0,-1.0,"15511,32865","15511,20894"
1.0,0.1333333333333333,"5129,7533","5129,32775"
-1.0,-0.1314655172413793,"15542,32904","1630,15542"
1.0,0.017455762792922,"7638,15507","4415,7638"
-1.0,-0.1708428246013667,"5751,15958","1892,5751"
-1.0,-0.4545454545454545,"12343,29581","12252,12343"
1.0,0.5408805031446541,"2328,15526","2328,19878"
1.0,-0.0515873015873015,"14851,15541","13306,14851"
-1.0,-0.0490196078431372,"12337,29569","3963,12337"
1.0,-0.2916666666666667,"15534,32895","9900,32895"
1.0,0.2894736842105263,"14774,15533","1974,14774"
1.0,0.0,"14265,15532","11880,14265"
1.0,-0.3442622950819672,"12341,28356","9653,28356"
-1.0,-0.5598290598290598,"15530,32889","1341,15530"
1.0,-0.0848484848484848,"12981,15529","2834,12981"
-1.0,-0.5416666666666666,"15528,32887","15528,17438"
1.0,-0.2790697674418604,"15527,20764","7427,20764"
-1.0,-0.1351351351351351,"15403,28042","8623,15403"
1.0,0.2153846153846154,"9074,15261","9074,19842"
1.0,-0.2857142857142857,"11397,15260","11397,13514"
-1.0,-0.5185185185185185,"12467,29694","12467,16215"
1.0,1.0,"7482,8619","8619,26292"
1.0,-0.0943396226415094,"15263,32596","6145,32596"
1.0,0.1314553990610328,"4237,15266","4237,12539"
-1.0,-0.0143329658213891,"15276,32611","1595,15276"
1.0,1.0,"9402,12451","9402,12138"
-1.0,-0.0542635658914728,"12453,29679","5837,12453"
-1.0,-0.1298701298701298,"12461,25017","9563,12461"
-1.0,-0.050251256281407,"12455,29681","5250,12455"
-1.0,-0.7560975609756098,"15271,32606","7573,15271"
-1.0,-1.0,"12460,29686","12460,21734"
1.0,0.4050632911392405,"7120,15268","4408,7120"
-1.0,-0.4761904761904761,"15267,32599","15267,19836"
1.0,1.0,"12474,20831","20831,39089"
-1.0,-0.4573643410852713,"15196,24737","3676,15196"
1.0,0.144578313253012,"6243,12475","6243,35615"
1.0,0.2506619593998235,"15194,18886","8513,18886"
1.0,0.1831683168316831,"2486,15192","2486,19462"
1.0,0.1830985915492957,"5427,15188","5427,35138"
1.0,-0.275,"15184,23039","3236,23039"
-1.0,-0.0625,"7474,25398","1353,7474"
1.0,0.1639344262295081,"11967,15212","11967,40923"
1.0,0.2287784679089027,"13623,15214","2933,13623"
-1.0,-0.0318471337579617,"15237,32570","4180,15237"
-1.0,-0.0297157622739018,"15232,32569","718,15232"
1.0,-0.0294117647058823,"15230,32568","2482,32568"
-1.0,-0.0833333333333333,"12482,29708","6186,12482"
1.0,-0.2888888888888888,"4035,15223","4035,4144"
1.0,-0.3469387755102041,"15218,30603","7277,30603"
1.0,0.1842105263157894,"8189,15217","8189,10955"
1.0,-0.3035714285714285,"5885,24384","9520,24384"
-1.0,-0.0496688741721854,"15398,29509","4827,15398"
-1.0,-0.2857142857142857,"15359,32708","15359,16855"
-1.0,-0.0546875,"15367,29405","1570,15367"
1.0,0.1785714285714285,"15365,16735","16735,39348"
1.0,0.1179245283018868,"5838,6934","2005,6934"
1.0,-0.2340425531914893,"15364,24348","6318,24348"
-1.0,-0.0527426160337552,"15362,32712","3661,15362"
-1.0,-0.2258064516129032,"15360,32709","9005,15360"
1.0,-0.0187185025197984,"15357,26579","994,26579"
1.0,-0.1890410958904109,"3646,12414","2375,3646"
1.0,-0.9289340101522844,"1561,12416","1561,9319"
-1.0,-0.7931034482758621,"12399,29635","4838,12399"
1.0,-0.3333333333333333,"12393,12695","10160,12695"
1.0,-0.5652173913043479,"15391,16677","16677,17514"
-1.0,-0.0591133004926108,"15381,32733","1211,15381"
-1.0,-0.099236641221374,"5826,24352","5826,9950"
1.0,0.3508771929824561,"4141,15376","4141,13681"
-1.0,-0.2025316455696202,"9703,15375","8121,15375"
1.0,0.4285714285714285,"7502,12495","12495,28972"
-1.0,-0.4666666666666667,"15345,32687","8288,15345"
1.0,-0.3505154639175257,"3431,15344","2399,3431"
1.0,-0.1538461538461538,"1417,15343","1417,3238"
1.0,1.0,"12435,21696","21696,40187"
-1.0,-0.6136363636363636,"15306,28583","4045,15306"
-1.0,-0.2722772277227723,"7496,25417","3391,7496"
1.0,0.0411663807890223,"536,15296","536,27395"
1.0,-0.5454545454545454,"9959,15292","4743,9959"
1.0,-0.2857142857142857,"15286,32621","14294,32621"
-1.0,-0.0898203592814371,"15308,32655","4253,15308"
-1.0,-0.0850111856823266,"301,15329","394,15329"
1.0,-0.0267281105990783,"13483,15325","12007,13483"
1.0,0.4936708860759493,"13481,15322","5567,13481"
1.0,0.0243243243243243,"592,15317","592,29318"
1.0,0.2032520325203252,"2450,15316","2450,26949"
1.0,-0.4418604651162791,"15608,24463","6008,24463"
-1.0,-0.0580357142857142,"5517,24153","3707,5517"
1.0,-0.0172626387176325,"15921,23263","2904,23263"
1.0,-0.3333333333333333,"15918,31757","12103,31757"
1.0,-0.7090909090909091,"9173,12209","9173,15427"
-1.0,-0.0145310435931307,"12211,18096","111,12211"
-1.0,-0.1556291390728476,"5504,24139","3355,5504"
-1.0,-0.2142857142857142,"15904,33281","7369,15904"
-1.0,-1.0,"15900,33277","15900,16054"
-1.0,-0.4230769230769231,"14556,15899","14697,15899"
-1.0,-0.1648745519713261,"9774,15922","3955,15922"
1.0,-0.3428571428571428,"15925,33302","10217,33302"
1.0,-0.0888888888888888,"15951,33328","9031,33328"
1.0,-1.0,"15949,33327","21589,33327"
-1.0,-0.0425531914893617,"15946,33325","1803,15946"
-1.0,-0.0241379310344827,"12203,25174","779,12203"
1.0,-0.0879120879120879,"941,15939","941,2107"
-1.0,-0.0625,"7631,23610","4509,7631"
-1.0,-0.53125,"15934,33312","13137,15934"
1.0,-0.3014001473839351,"7175,15929","7175,18010"
1.0,-0.0144648023143683,"8412,15893","6492,8412"
1.0,0.0,"5539,10934","10934,12283"
1.0,1.0,"12230,20152","20152,38283"
-1.0,-0.2093023255813953,"15849,33233","10110,15849"
1.0,-0.4615384615384615,"2674,15846","2674,16060"
-1.0,-0.0558659217877094,"5546,24173","3315,5546"
1.0,0.8309859154929577,"15844,19789","12974,19789"
1.0,-0.0289855072463768,"13881,15864","1155,13881"
1.0,0.3195876288659793,"5038,15882","5038,25291"
1.0,0.3394399312725135,"12214,12220","16,12220"
1.0,0.175,"4407,12218","4407,21323"
-1.0,-1.0,"5262,5528","5528,5673"
-1.0,-0.4782608695652174,"15869,33251","15869,17926"
1.0,-0.3333333333333333,"15867,33248","18583,33248"
-1.0,-0.1610942249240121,"15866,33246","2020,15866"
1.0,0.0344827586206896,"1547,12200","1547,38486"
1.0,-0.1149425287356321,"15609,32981","4438,32981"
1.0,-0.5,"12166,26019","14644,26019"
1.0,0.0773480662983425,"6499,16030","6499,33171"
-1.0,-0.1506849315068493,"16028,33416","12754,16028"
-1.0,-0.2954545454545454,"16039,33430","16039,16985"
1.0,-0.2131263333909934,"2387,16016","615,2387"
1.0,0.3333333333333333,"7684,12169","7684,26560"
-1.0,-0.325,"16062,33454","13273,16062"
1.0,-0.0789473684210526,"16059,29326","4400,29326"
-1.0,-0.3031301482701812,"7659,25537","795,7659"
-1.0,-0.5652173913043478,"16050,33438","16050,16420"
-1.0,-0.1234567901234567,"12161,29386","12161,14616"
1.0,-0.7017543859649122,"5433,24101","5575,24101"
-1.0,-0.1518151815181518,"16049,33437","1251,16049"
-1.0,-0.0560747663551401,"12162,19398","2299,12162"
-1.0,-0.4,"16047,33435","7069,16047"
-1.0,-0.0572916666666666,"16045,33433","3501,16045"
1.0,-0.1339453726407025,"353,15977","353,4774"
1.0,-0.3333333333333333,"15976,33357","13957,33357"
1.0,-0.6451612903225806,"15969,29018","11768,29018"
-1.0,-0.1908396946564885,"12191,29410","6574,12191"
1.0,-0.27,"5805,15968","3082,5805"
-1.0,-0.1392045454545454,"15957,33342","4177,15957"
1.0,-0.2588235294117647,"12188,27288","10654,27288"
1.0,-0.6097560975609756,"15981,22627","1910,22627"
1.0,-0.180327868852459,"6183,15997","6183,12559"
-1.0,-0.3928571428571428,"15996,33375","6670,15996"
1.0,0.6904761904761905,"7868,15994","3168,7868"
1.0,-0.589622641509434,"5466,14813","1427,14813"
-1.0,-0.4482758620689655,"15840,33223","13975,15840"
-1.0,-0.5,"15688,33046","10075,15688"
-1.0,-0.2075471698113207,"15686,33045","9301,15686"
-1.0,-0.6774193548387096,"15685,33043","11347,15685"
-1.0,-0.1797752808988764,"15680,33035","12227,15680"
-1.0,-0.1155778894472361,"15676,33030","6803,15676"
-1.0,-0.0928961748633879,"7570,25473","5043,7570"
1.0,0.5652173913043478,"12286,17434","17434,35060"
1.0,-0.5057471264367817,"15663,22628","5104,22628"
1.0,-0.2291666666666666,"12267,29501","10469,29501"
-1.0,-0.2941176470588235,"12268,29502","12268,17391"
1.0,-0.1466666666666666,"15696,16038","9639,16038"
1.0,0.5,"10678,15707","10678,28048"
-1.0,-0.0633802816901408,"15702,33064","2927,15702"
1.0,0.0654761904761904,"2650,15697","2650,37610"
1.0,-0.1818181818181818,"15661,33017","16767,33017"
-1.0,-0.0534351145038167,"12300,29533","7435,12300"
1.0,-0.0134474327628361,"15622,32994","1354,32994"
1.0,-0.5108308327081771,"964,15620","964,9491"
1.0,0.0,"9888,15618","9888,14543"
1.0,-0.675,"5680,10848","8582,10848"
-1.0,-0.1383928571428571,"12296,29527","1216,12296"
-1.0,-0.1132075471698113,"12298,29530","9020,12298"
1.0,-0.1318611076745433,"312,15615","312,11071"
1.0,-0.1,"4093,15653","4093,7915"
-1.0,-0.392156862745098,"15611,32983","5641,15611"
-1.0,-0.0638977635782747,"15610,31299","3630,15610"
1.0,0.2857142857142857,"12306,15029","15029,40484"
1.0,1.0,"5675,9342","9342,26892"
-1.0,-1.0,"12292,12967","9955,12292"
1.0,0.2515527950310559,"755,5662","755,9903"
1.0,-0.1783123612139156,"4846,15642","4772,4846"
1.0,0.0,"15638,15700","7993,15700"
1.0,0.7950310559006211,"15628,16266","5199,16266"
-1.0,-1.0,"15725,33084","9707,15725"
1.0,0.4347826086956521,"15806,16682","16682,20352"
1.0,-0.0742574257425742,"10164,15811","2158,10164"
-1.0,-0.0858585858585858,"15810,33173","4893,15810"
1.0,-0.0476190476190476,"15809,31430","3858,31430"
-1.0,-0.0075730256040389,"163,15804","225,15804"
-1.0,-1.0,"12241,29472","10120,12241"
1.0,0.93734335839599,"8474,15803","2057,8474"
1.0,-0.2372881355932203,"10476,15796","10476,11279"
1.0,0.4313725490196078,"7601,8013","8013,28024"
-1.0,-0.0444444444444444,"15792,27611","4508,15792"
-1.0,-1.0,"12972,15817","15817,22292"
1.0,-0.2711111111111111,"15801,15819","1447,15801"
1.0,1.0,"7608,20825","20825,31674"
-1.0,-0.625,"15834,33219","11490,15834"
-1.0,-0.6451612903225806,"5554,24175","5554,11937"
-1.0,-0.6071428571428571,"5556,24176","5556,12743"
1.0,0.6,"15085,15826","15085,32443"
-1.0,-0.1686746987951807,"6753,12235","6323,12235"
1.0,0.1398601398601398,"1905,15825","1905,20965"
1.0,-0.1886792452830188,"5562,24179","11960,24179"
1.0,-0.1197183098591549,"4432,12236","4432,5118"
1.0,-0.108695652173913,"12243,27126","5589,27126"
1.0,0.0572429906542056,"1465,15728","1465,23602"
-1.0,-0.4166666666666667,"15753,28956","14600,15753"
-1.0,-0.0898876404494382,"15761,33122","5984,15761"
-1.0,-0.0134952766531713,"15752,33112","2237,15752"
-1.0,-0.3846153846153846,"15747,32118","13744,15747"
1.0,-0.1046153846153846,"15744,24907","3923,24907"
1.0,0.2287234042553191,"4249,12263","4249,6547"
1.0,0.2075471698113207,"12238,12256","12238,37605"
1.0,-0.0896551724137931,"12255,23719","4451,23719"
-1.0,-0.0463917525773195,"12247,21266","2201,12247"
-1.0,-0.5,"7599,25501","4505,7599"
-1.0,-0.0983606557377049,"7598,25499","4634,7598"
1.0,-0.0921052631578947,"14885,15777","5238,14885"
1.0,-0.8932038834951457,"3068,15770","3068,19971"
1.0,-0.5238095238095238,"1227,15765","1227,20092"
-1.0,-0.0482269503546099,"20079,38196","1079,20079"
1.0,-0.26,"13993,21054","11036,13993"
1.0,-0.4836363636363636,"1179,21056","1179,3883"
1.0,0.102803738317757,"4640,21063","4640,38204"
1.0,-0.1441441441441441,"9857,22846","4665,22846"
-1.0,-0.1722222222222222,"21070,39372","7510,21070"
-1.0,-0.1214285714285714,"21075,39377","4870,21075"
1.0,-0.2115384615384615,"21076,21403","9825,21403"
-1.0,-0.1304347826086956,"21078,39382","7509,21078"
-1.0,-0.7058823529411765,"8741,9886","8741,9885"
-1.0,-0.0606060606060606,"9841,27303","1250,9841"
1.0,0.4883720930232558,"11073,21080","11073,25715"
1.0,-0.08130081300813,"21081,39376","2356,39376"
-1.0,-0.0979020979020979,"21086,39396","4810,21086"
1.0,-0.4761904761904761,"9861,27315","19090,27315"
-1.0,-0.135593220338983,"21024,39318","14077,21024"
1.0,-0.0007706860241362,"895,21029","350,895"
-1.0,-0.6285714285714286,"21040,39339","10758,21040"
1.0,-0.0682926829268292,"3752,9864","1510,3752"
-1.0,-0.1650943396226415,"21045,39347","846,21045"
-1.0,-0.0140032948929159,"21046,25253","250,21046"
1.0,-0.5793103448275863,"13526,21051","2388,13526"
1.0,0.4545454545454545,"18521,21088","18521,40222"
1.0,1.0,"21124,21125","21125,39433"
-1.0,-0.1964285714285714,"21132,34887","12685,21132"
1.0,-0.196078431372549,"21134,39444","12612,39444"
1.0,0.3243243243243243,"9268,21136","9268,22476"
1.0,-0.0217530390275111,"2238,21137","283,2238"
1.0,-0.0398671096345514,"824,21143","824,2367"
-1.0,-0.0511363636363636,"20859,21144","2658,21144"
-1.0,-0.2765957446808511,"9510,21146","16984,21146"
1.0,1.0,"20940,21121","6843,20940"
-1.0,-1.0,"21120,39427","21120,21497"
1.0,-0.1022364217252396,"9819,25146","2762,25146"
1.0,-0.1457054859551212,"1553,21104","1553,2871"
1.0,-0.3428571428571428,"21096,36802","10366,36802"
-1.0,-0.0111111111111111,"21098,39407","3915,21098"
1.0,-0.4176211453744493,"9827,12666","169,12666"
1.0,-0.2807017543859649,"4758,21101","3788,4758"
1.0,0.0249110320284697,"212,21102","212,28525"
-1.0,-0.1834862385321101,"21119,25167","3210,21119"
1.0,-0.1150729335494327,"21111,22951","2888,22951"
-1.0,-0.09375,"19711,21114","2595,21114"
-1.0,-0.0576441102756892,"21115,39423","2415,21115"
-1.0,-1.0,"9112,9821","8613,9821"
1.0,-0.0888888888888888,"21025,34496","2435,34496"
1.0,0.0025641025641025,"2274,21023","2274,14290"
1.0,0.2727272727272727,"8760,20933","4353,8760"
-1.0,-0.0925925925925925,"20937,39203","4491,20937"
1.0,-0.3472222222222222,"20939,26965","8052,26965"
1.0,0.110091743119266,"8082,9920","8082,33037"
-1.0,-0.3186813186813186,"20942,29496","7966,20942"
1.0,-0.5,"20945,39217","21592,39217"
1.0,0.6515151515151515,"1638,10804","10279,10804"
-1.0,-0.2886597938144329,"20957,39233","4868,20957"
1.0,-0.131578947368421,"20234,20958","10641,20234"
1.0,-0.1592452830188679,"9771,20959","9771,17085"
1.0,-0.130339879922662,"3582,20962","979,3582"
1.0,0.1626506024096385,"4067,20934","4067,26307"
1.0,0.1413043478260869,"6198,20908","6198,35218"
-1.0,-0.2,"20912,39173","15674,20912"
1.0,-0.0817391304347826,"18815,20918","15582,18815"
1.0,0.1136363636363636,"12855,20919","12855,39184"
-1.0,-0.0088443396226415,"20922,26871","191,20922"
-1.0,-0.1196581196581196,"20923,35870","7426,20923"
-1.0,-0.0634920634920634,"20925,39191","7126,20925"
-1.0,-0.3453815261044177,"9921,27364","2339,9921"
-1.0,-0.0944055944055944,"20927,39193","3968,20927"
-1.0,-0.0396039603960396,"16887,20928","3433,20928"
1.0,1.0,"20966,20967","20967,39247"
1.0,-0.1547619047619047,"1407,20997","1407,4095"
1.0,-0.0943234646439931,"2383,20998","2383,4135"
1.0,-0.5,"1573,9385","9385,17304"
1.0,-0.1171171171171171,"1869,21000","1869,2795"
1.0,0.1470588235294117,"6516,21002","6516,7674"
1.0,-1.0,"21004,39298","21952,39298"
-1.0,-0.3902439024390244,"21005,37336","14145,21005"
1.0,-0.675,"21010,23384","4054,23384"
-1.0,-0.0901639344262295,"21011,39309","4836,21011"
1.0,0.0919729855132236,"2645,8722","2645,4828"
1.0,-0.0863815142576204,"1401,21013","1401,4082"
-1.0,-0.0391644908616188,"21018,39315","3666,21018"
1.0,0.0510204081632653,"2525,21019","2525,23473"
1.0,-0.0736842105263157,"10570,20994","4390,10570"
-1.0,-0.1884057971014492,"20993,39289","5649,20993"
1.0,0.0991253644314868,"1021,9893","1021,24966"
1.0,1.0,"9432,20972","9432,10747"
1.0,-0.5833333333333334,"1390,20981","1390,15923"
-1.0,-0.0445920303605313,"18637,20991","1435,20991"
1.0,0.5081967213114754,"7423,8716","7423,8789"
1.0,-0.0440528634361233,"20986,38545","7373,38545"
-1.0,-0.5,"20988,39278","20988,22116"
-1.0,-0.3157894736842105,"6852,8717","8717,9615"
-1.0,-0.1666666666666666,"20989,39281","5328,20989"
1.0,0.3979037267080745,"17894,21149","10659,17894"
1.0,-0.0280561122244488,"2798,21308","181,2798"
1.0,0.1667545760392313,"517,21310","517,2878"
-1.0,-0.0175131348511383,"21311,39678","685,21311"
-1.0,-0.0743243243243243,"21314,39684","7922,21314"
1.0,-0.2394366197183098,"21316,30129","5743,30129"
1.0,0.4583333333333333,"17233,21317","17233,34681"
1.0,-0.059322033898305,"9702,26045","2774,26045"
-1.0,-0.2682926829268293,"9700,27203","7780,9700"
1.0,-0.0194174757281553,"11346,21321","840,11346"
1.0,0.15,"7430,8800","506,7430"
1.0,0.4583333333333333,"8802,17597","17597,38760"
-1.0,-1.0,"17164,21327","21327,21727"
-1.0,-0.0234505862646566,"21307,39671","777,21307"
-1.0,-0.3235294117647059,"21150,39473","9958,21150"
-1.0,-0.0443037974683544,"21273,39637","884,21273"
1.0,-0.5238095238095238,"2553,21274","2553,10424"
-1.0,-1.0,"21282,33926","21282,21464"
-1.0,-0.0614525139664804,"21287,39645","13053,21287"
1.0,-0.3765432098765432,"21289,23148","3532,23148"
1.0,-0.3333333333333333,"13176,21291","10413,13176"
1.0,0.1746031746031746,"16306,21293","4271,16306"
-1.0,-0.2012195121951219,"21294,39649","6977,21294"
1.0,-0.0245641838351822,"21299,25326","1138,25326"
1.0,1.0,"21300,22241","22241,40852"
1.0,0.0888888888888888,"4092,9696","1656,4092"
1.0,0.625,"15970,21329","12438,15970"
1.0,-0.0,"17167,21331","17167,18502"
1.0,-0.2431637753601881,"5358,21363","5358,12604"
1.0,-0.2181818181818181,"7067,9672","5196,7067"
1.0,-0.075,"13231,21368","13231,19394"
1.0,-0.2857142857142857,"9312,21370","4694,9312"
-1.0,-0.0194889562581204,"9667,27171","398,9667"
1.0,0.1728395061728395,"3171,21389","3171,17009"
1.0,0.2972972972972973,"15889,21390","5576,15889"
-1.0,-0.0206185567010309,"21362,26029","5478,21362"
1.0,-0.3428571428571428,"18863,21360","9973,18863"
1.0,0.5,"18221,21332","18221,35948"
1.0,0.5555555555555556,"9296,9695","9296,26851"
-1.0,-0.0558659217877094,"9692,17538","1804,9692"
-1.0,-0.1214689265536723,"12127,21338","2716,21338"
-1.0,-0.1964285714285714,"21343,39722","13651,21343"
1.0,0.4347826086956521,"16684,21347","4531,16684"
-1.0,-0.059171597633136,"1192,10162","1192,4074"
1.0,0.024390243902439,"1137,21349","1137,19528"
1.0,-0.4528301886792453,"21350,27169","7931,27169"
-1.0,-0.490566037735849,"21354,39742","8562,21354"
1.0,-0.3720930232558139,"9682,27182","14147,27182"
-1.0,-0.0452674897119341,"21268,39629","5159,21268"
1.0,0.0162297128589263,"484,21187","484,16104"
1.0,-0.4565217391304347,"6351,9767","6351,11326"
1.0,0.2972972972972973,"13595,21198","13595,37257"
1.0,-0.0445344129554655,"21199,37784","3484,37784"
-1.0,-0.074074074074074,"21201,33844","2275,21201"
-1.0,-0.2413793103448276,"14069,21180","9726,21180"
-1.0,-0.1125827814569536,"7955,21178","3547,21178"
1.0,-0.0585585585585585,"5602,21163","1984,5602"
1.0,0.6666666666666666,"8928,21152","8928,26545"
-1.0,-0.625,"21155,22847","11501,21155"
-1.0,-0.3541666666666667,"21159,39479","7327,21159"
1.0,0.3095238095238095,"13771,21161","13771,34393"
-1.0,-0.4126984126984127,"21165,39490","9062,21165"
1.0,-0.1063829787234042,"21166,39201","4696,39201"
-1.0,-0.0369747899159663,"21168,36617","2481,21168"
-1.0,-0.013,"21169,30449","2263,21169"
-1.0,-0.087719298245614,"8761,26413","4099,8761"
-1.0,-0.0677966101694915,"21171,25241","6559,21171"
1.0,0.1881545830965332,"1886,21172","196,1886"
1.0,0.6682692307692307,"1237,21174","1237,22486"
1.0,0.0167732328983095,"2063,21175","1103,2063"
1.0,-0.074074074074074,"6805,21208","5106,6805"
-1.0,-0.0372881355932203,"8777,26434","6677,8777"
1.0,-0.4583333333333333,"9353,9741","9353,16949"
-1.0,-0.3066666666666666,"21249,39608","7385,21249"
1.0,-0.5769230769230769,"21252,31641","14341,31641"
-1.0,-0.5,"21254,39614","9083,21254"
1.0,-0.0582010582010582,"5111,21257","4448,5111"
-1.0,-0.0226201696512723,"21258,31712","385,21258"
1.0,-0.0054191903092126,"21259,30257","406,30257"
1.0,-0.1270903010033444,"21263,24474","6029,24474"
1.0,0.1929824561403508,"7968,21241","7968,37711"
1.0,0.4347826086956521,"17390,21218","5207,17390"
1.0,-0.4444444444444444,"1967,21225","1967,11492"
1.0,-0.3473684210526316,"21227,25108","7058,25108"
1.0,-0.078125,"16861,21239","9468,16861"
1.0,0.1306165099268547,"16850,21230","11536,16850"
-1.0,-1.0,"9754,23440","9754,10191"
1.0,0.2631578947368421,"6477,21233","518,6477"
1.0,0.1049382716049382,"8544,21234","8544,30125"
-1.0,-0.3529411764705882,"21235,29555","18125,21235"
-1.0,-0.1030701754385964,"21238,39594","1003,21238"
1.0,0.2464403066812704,"1915,20596","1915,3990"
1.0,1.0,"20597,20622","20622,38801"
1.0,-0.0331753554502369,"2478,10082","857,2478"
1.0,-1.0,"20603,26727","9167,26727"
-1.0,-0.0192192192192192,"20606,38787","231,20606"
1.0,0.45,"5119,20607","5119,24673"
1.0,-0.0471380471380471,"20608,32834","2103,32834"
1.0,-0.0596693367753692,"108,20610","108,4324"
-1.0,-0.1148936170212766,"20617,28282","8181,20617"
-1.0,-0.2666666666666666,"20620,38796","12735,20620"
-1.0,-0.0489795918367346,"20592,38780","4401,20592"
-1.0,-0.1739130434782608,"20591,38778","5440,20591"
-1.0,-0.4927536231884058,"8631,26309","6715,8631"
1.0,0.5,"16313,20566","7234,16313"
-1.0,-0.0296610169491525,"10098,27523","3411,10098"
1.0,0.0168393782383419,"381,20569","381,31841"
1.0,-0.1123595505617977,"1384,20581","1384,5113"
1.0,-0.0895522388059701,"9206,20584","2866,9206"
-1.0,-1.0,"20587,29427","9425,20587"
-1.0,-0.4782608695652174,"20588,38771","18664,20588"
-1.0,-0.0255813953488372,"20590,38777","337,20590"
1.0,-0.2272727272727272,"20627,32266","11209,32266"
-1.0,-1.0,"1708,1933","1849,1933"
-1.0,-0.2608695652173913,"20661,38861","10614,20661"
1.0,-0.1085271317829457,"20663,33480","4988,33480"
1.0,-0.375,"20664,26724","18537,26724"
1.0,-0.5806451612903226,"20665,29291","12056,29291"
1.0,-0.5833333333333334,"2749,10041","2749,15649"
1.0,-0.3911439114391143,"20670,22588","931,22588"
1.0,0.3939393939393939,"11418,20671","11418,22723"
1.0,0.4571428571428571,"11995,20673","11995,30712"
1.0,-0.238095238095238,"20659,38855","18610,38855"
1.0,-0.1666666666666666,"8641,24819","2793,24819"
1.0,0.0075187969924812,"2477,20632","2477,6073"
1.0,0.1238095238095238,"19040,20638","14276,19040"
-1.0,-0.033003300330033,"20644,20645","4098,20644"
-1.0,-0.0601851851851851,"10060,16668","2431,10060"
1.0,-0.1382978723404255,"20648,28211","7218,28211"
1.0,0.1138211382113821,"3404,20653","3404,24882"
1.0,-0.4186046511627907,"20565,23416","4119,23416"
1.0,0.1774193548387097,"7678,10099","7678,37494"
-1.0,-0.0397489539748954,"20462,20750","1778,20462"
1.0,-0.5641025641025641,"20466,28009","10645,28009"
-1.0,-0.2839506172839506,"20468,38643","10161,20468"
-1.0,-0.1018518518518518,"20473,38658","4449,20473"
1.0,-0.1304347826086956,"10139,10457","6371,10457"
1.0,0.3372093023255814,"5661,20479","5661,25848"
1.0,-0.043560606060606,"8615,26288","1599,26288"
1.0,-0.6282051282051282,"20484,23629","4544,23629"
1.0,-1.0,"3857,20415","3857,9595"
-1.0,-0.0036764705882352,"8320,20421","41,20421"
-1.0,-0.0132252559726962,"20422,38609","116,20422"
1.0,0.6853932584269663,"3579,20423","3579,23172"
-1.0,-0.0172215843857634,"20426,38613","986,20426"
-1.0,-0.5833333333333334,"10155,27574","10155,15503"
1.0,-0.053030303030303,"20438,27758","879,27758"
1.0,0.0,"9849,20440","9849,21860"
1.0,-0.2,"20441,29478","8948,29478"
1.0,0.276595744680851,"15675,20442","6705,15675"
1.0,0.2299938157081014,"3943,20443","863,3943"
-1.0,-0.017921146953405,"20486,26018","599,20486"
1.0,-0.2682926829268293,"3674,20491","3674,13829"
-1.0,-0.3714285714285714,"12618,20563","16991,20563"
1.0,-0.0466582597730138,"11384,20540","3909,11384"
1.0,-0.1940298507462686,"20542,22859","13411,22859"
-1.0,-0.0050590219224283,"20546,38723","96,20546"
-1.0,-0.0230642504118616,"20554,38726","850,20554"
-1.0,-0.1851851851851851,"20555,38727","11757,20555"
1.0,-0.0206378986866791,"674,20561","674,2940"
-1.0,-0.1190926275992438,"9178,20562","1626,20562"
-1.0,-0.2786885245901639,"20521,38700","10862,20521"
1.0,-0.1061879297173414,"20495,22484","993,22484"
1.0,0.6071428571428571,"12984,20497","12984,30244"
1.0,0.3414634146341463,"14634,20498","14634,20469"
1.0,0.4230769230769231,"15211,20500","14193,15211"
-1.0,-0.2022471910112359,"8620,26293","7365,8620"
-1.0,-0.1229235880398671,"20509,38688","2381,20509"
1.0,0.3333333333333333,"15999,20510","13265,15999"
1.0,0.5217391304347826,"18821,20511","18821,36675"
-1.0,-0.2631578947368421,"20513,30517","11342,20513"
-1.0,-0.1491228070175438,"2361,20515","12259,20515"
1.0,0.125,"7444,20517","39,7444"
1.0,0.2352941176470588,"4968,20682","4968,5745"
1.0,-0.0113250283125707,"9247,20899","404,9247"
-1.0,-0.4347826086956521,"20821,39076","16813,20821"
-1.0,-0.1538461538461538,"1742,22585","1742,10056"
1.0,0.0248015873015873,"1648,20830","1648,23823"
1.0,0.0609137055837563,"3607,20833","3607,28522"
-1.0,-0.3953488372093023,"20837,39098","13048,20837"
1.0,-0.0765765765765765,"20838,30296","2442,30296"
-1.0,-0.4642857142857143,"20841,38569","15057,20841"
1.0,0.2123331214240305,"15183,20842","1616,15183"
-1.0,-0.2045454545454545,"20844,38331","2849,20844"
-1.0,-0.2011299435028248,"1720,22579","349,1720"
1.0,-0.275,"20846,37047","13502,37047"
1.0,-0.1077844311377245,"20822,29729","3364,29729"
-1.0,-0.2307692307692307,"20820,39074","10081,20820"
-1.0,-0.0297096556380823,"20218,20819","554,20819"
1.0,-0.2357723577235772,"20794,23071","7980,23071"
1.0,1.0,"20801,22081","22081,27235"
1.0,0.2156862745098039,"10776,20805","9438,10776"
-1.0,-0.0108813928182807,"20806,23894","437,20806"
1.0,-0.004885993485342,"20807,26700","92,26700"
1.0,-0.3092783505154639,"9979,23184","2772,23184"
1.0,0.3681027966742252,"14241,20815","8597,14241"
-1.0,-0.1683168316831683,"20816,39067","8021,20816"
-1.0,-0.3793103448275862,"20848,39103","12037,20848"
1.0,-0.2083333333333333,"11274,20876","8591,11274"
-1.0,-0.3235294117647059,"8663,20879","17021,20879"
1.0,-0.0970464135021097,"20883,27635","5240,27635"
1.0,0.1182795698924731,"7057,20884","7057,38713"
1.0,-0.22,"20885,32081","10753,32081"
1.0,0.1485148514851485,"7757,20890","3099,7757"
-1.0,-0.1592920353982301,"20891,39159","5798,20891"
-1.0,-0.9035087719298246,"1677,1680","1680,1840"
-1.0,-0.5627009646302251,"1672,22564","855,1672"
-1.0,-0.1041666666666666,"10965,20875","3693,20875"
1.0,-0.0104422604422604,"15492,20854","367,15492"
1.0,-0.2488425925925925,"9965,11245","11245,13645"
1.0,0.1959064327485379,"8531,20864","8531,8913"
-1.0,-1.0,"20866,34959","2202,20866"
-1.0,-0.238095238095238,"20791,35008","15086,20791"
1.0,-1.0,"20790,38481","20307,38481"
1.0,1.0,"20788,20789","12314,20788"
1.0,0.6129032258064516,"14828,20713","3816,14828"
-1.0,-0.0117521367521367,"9182,20719","40,20719"
-1.0,-0.1866028708133971,"20720,38958","5782,20720"
1.0,1.0,"20722,22199","13187,22199"
-1.0,-0.2553191489361702,"20723,26747","9188,20723"
1.0,1.0,"20725,22105","22105,40706"
1.0,-0.1176470588235294,"14975,20729","8817,14975"
1.0,0.7142857142857143,"9207,10009","7613,9207"
-1.0,-0.072992700729927,"20697,38910","3320,20697"
-1.0,-0.325,"20684,38894","8588,20684"
-1.0,-0.2558139534883721,"20690,25129","4895,20690"
1.0,-0.0,"13916,20691","6863,13916"
1.0,-0.010204081632653,"20692,27164","12,27164"
1.0,-0.6296296296296297,"1665,20693","1665,12997"
1.0,-0.1003344481605351,"20702,25476","3201,25476"
1.0,0.1325301204819277,"8835,20703","2918,8835"
1.0,0.3055555555555556,"9186,20704","9186,14228"
1.0,-0.5022887203661953,"1308,10021","1308,19964"
-1.0,-0.0054617676266137,"20705,38925","44,20705"
-1.0,-0.6052631578947368,"20706,38929","10071,20706"
-1.0,-0.6451612903225806,"20735,38973","11436,20735"
-1.0,-0.1739130434782608,"20736,38976","9337,20736"
1.0,0.3919546340598971,"1177,8672","1177,1306"
-1.0,-0.1163434903047091,"7737,8673","4816,8673"
-1.0,-0.6,"20767,39007","14403,20767"
1.0,-0.0227743271221532,"20769,38610","1724,38610"
1.0,0.0,"9990,16302","16302,17252"
1.0,-0.0570032573289902,"20778,24748","1710,24748"
1.0,0.0728476821192053,"4555,20780","4289,4555"
-1.0,-0.0447427293064877,"20784,39037","3131,20784"
1.0,-0.3472222222222222,"20761,26945","9409,26945"
-1.0,-0.0739706908583391,"1813,22602","258,1813"
-1.0,-0.064039408866995,"10005,27437","4043,10005"
1.0,-0.75,"20176,20744","3446,20176"
-1.0,-0.0838709677419354,"20760,39001","5077,20760"
1.0,-0.0912052117263843,"9952,10000","4333,9952"
1.0,-0.141025641025641,"22034,38150","5515,38150"
1.0,1.0,"22025,22037","7429,22025"
-1.0,-0.1851851851851851,"22040,40635","7553,22040"
1.0,0.4177911044477761,"8982,12240","12185,12240"
1.0,0.0531400966183574,"2398,22041","2398,13741"
1.0,0.0738255033557047,"4411,22042","4411,23770"
1.0,0.5227272727272727,"10087,22045","10087,27513"
-1.0,-0.054054054054054,"22047,23976","1723,22047"
-1.0,-0.0627376425855513,"22050,40639","2733,22050"
-1.0,-0.7368421052631579,"22052,40640","5406,22052"
-1.0,-0.0636363636363636,"22055,40645","1210,22055"
-1.0,-0.3333333333333333,"6939,8984","7094,8984"
1.0,-0.1685393258426966,"22057,23858","1848,23858"
1.0,0.0211331050992303,"3187,22030","356,3187"
1.0,-0.0505780346820809,"22006,24745","1709,24745"
-1.0,-0.5185185185185185,"22008,40594","15964,22008"
1.0,0.2329749103942652,"442,632","632,3834"
1.0,0.128,"9281,22012","1004,9281"
1.0,-0.0710382513661202,"20271,22013","2518,20271"
1.0,0.2432432432432432,"4392,22019","4392,13064"
-1.0,-0.4761904761904761,"8569,9264","9264,19756"
-1.0,-0.0498154981549815,"22027,40622","1639,22027"
-1.0,-0.2888888888888888,"22028,40624","7148,22028"
1.0,-0.2153846153846154,"22060,24035","3524,24035"
-1.0,-0.5,"22099,40702","21873,22099"
1.0,-0.1538461538461538,"22106,22402","8117,22402"
1.0,-0.1631944444444444,"4773,22109","2490,4773"
1.0,-0.0,"20327,22111","20327,21712"
-1.0,-0.0360655737704918,"22122,30263","1361,22122"
-1.0,-0.0433925049309664,"9210,18411","145,9210"
1.0,0.2307692307692307,"8409,22089","8409,29833"
1.0,0.0,"9227,9444","9444,17526"
1.0,0.3354379600237206,"2042,22064","1190,2042"
1.0,-0.2033898305084746,"596,22068","596,4770"
-1.0,-0.1666666666666666,"22070,40664","9096,22070"
1.0,-0.4285714285714285,"22072,29366","12143,29366"
1.0,-0.2704054414510535,"3368,22075","3368,3555"
1.0,-0.0505050505050505,"22079,40676","2993,40676"
1.0,-0.3014705882352941,"22088,24141","5509,24141"
-1.0,-0.0221729490022172,"22003,40590","1015,22003"
-1.0,-0.1023622047244094,"21394,39791","9815,21394"
1.0,-0.1377410468319559,"2718,21917","2718,10070"
1.0,-0.1527777777777778,"11473,21918","9018,11473"
1.0,-0.0347071583514099,"21919,31385","4756,31385"
1.0,0.9193548387096774,"8960,21093","6322,21093"
-1.0,-0.3939393939393939,"21921,31253","9026,21921"
-1.0,-1.0,"9330,26877","9330,21772"
-1.0,-0.2280701754385964,"21926,40489","16427,21926"
1.0,-0.7111111111111111,"9329,12800","12800,19436"
1.0,-0.7441860465116279,"10521,21931","8926,10521"
-1.0,-0.0630252100840336,"555,22403","555,6204"
1.0,0.3777777777777777,"13419,21914","13419,20461"
-1.0,-0.625,"21895,40443","5569,21895"
1.0,-0.2765957446808511,"21900,32191","10131,32191"
-1.0,-0.2954545454545454,"21904,40456","11761,21904"
1.0,-0.0944206008583691,"21905,28224","6398,28224"
1.0,-0.391304347826087,"9347,26899","8277,26899"
-1.0,-0.4285714285714285,"9336,26887","8290,9336"
1.0,0.5769230769230769,"14914,21912","14914,32253"
-1.0,-0.3333333333333333,"21913,40469","17516,21913"
-1.0,-0.0714285714285714,"21950,40521","2856,21950"
1.0,-0.0721966205837174,"12958,21975","12958,19296"
1.0,-0.3181019332161687,"21978,22427","815,22427"
-1.0,-0.1392931392931393,"21980,30220","2308,21980"
1.0,0.0958904109589041,"2187,21984","2187,33842"
1.0,0.4,"16347,21991","16347,33801"
1.0,0.4642857142857143,"14366,21992","14366,34012"
-1.0,-0.6666666666666666,"1987,9288","9288,11548"
1.0,1.0,"21998,21999","16180,21999"
-1.0,-0.1117318435754189,"21972,40555","6447,21972"
1.0,0.2575757575757575,"13272,21961","13272,30534"
1.0,-0.5294117647058824,"21954,26306","8627,26306"
-1.0,-0.5416666666666666,"21957,40538","17077,21957"
-1.0,-0.4583333333333333,"9315,26863","9315,17166"
-1.0,-0.1097560975609756,"21962,40546","5474,21962"
1.0,-0.0952380952380952,"21963,22603","178,22603"
1.0,0.2298850574712643,"7180,9310","7180,25777"
1.0,0.3720930232558139,"9309,13452","13452,31565"
1.0,-0.1632653061224489,"12027,22288","7161,12027"
1.0,0.5,"21396,22291","10547,21396"
1.0,-0.1451612903225806,"1441,22294","1441,5236"
1.0,0.1875,"4477,22298","4477,12545"
-1.0,-0.0399201596806387,"22303,36007","496,22303"
1.0,0.4545454545454545,"18971,22305","11272,18971"
1.0,-0.0351758793969849,"21841,22310","160,21841"
1.0,0.2033898305084746,"15573,22311","15573,35687"
-1.0,-0.2,"20611,22313","11755,22313"
-1.0,-0.2241379310344827,"9209,26765","7221,9209"
1.0,0.4328358208955224,"14648,22263","2748,14648"
-1.0,-0.2272727272727272,"9116,26694","9116,18867"
1.0,0.5,"18941,22272","18941,31518"
1.0,0.18359375,"656,22273","656,22919"
1.0,-0.0981595092024539,"22274,31454","5534,31454"
1.0,0.125,"7867,22276","7867,35427"
-1.0,-0.2831858407079646,"9107,18989","7272,9107"
1.0,0.5,"21035,22315","21035,39330"
-1.0,-0.0148662041625371,"1879,22317","429,22317"
1.0,0.4285714285714285,"11003,22353","11003,28347"
1.0,0.0753424657534246,"3981,22355","3981,37489"
-1.0,-0.0447154471544715,"23,22374","23,1655"
1.0,0.7166666666666667,"14705,22359","5298,14705"
-1.0,-0.144927536231884,"22365,27094","5462,22365"
1.0,-0.3571428571428571,"22368,32613","15279,32613"
1.0,-0.5,"22369,33680","16243,33680"
-1.0,-0.4782608695652174,"22371,40959","18970,22371"
-1.0,-0.0802139037433155,"22347,24027","5295,22347"
-1.0,-0.0789473684210526,"22343,27599","869,22343"
1.0,-0.044776119402985,"6625,22330","4000,6625"
1.0,-0.0480349344978165,"22318,37636","3336,37636"
1.0,0.6511627906976745,"8333,22324","8333,9544"
1.0,0.0,"9079,18696","18696,20662"
1.0,-0.155902004454343,"9049,22979","464,22979"
1.0,0.603448275862069,"6453,22342","6453,24730"
1.0,1.0,"9050,21489","21489,39954"
1.0,0.0752998861745906,"2105,22334","607,2105"
-1.0,-0.1666666666666666,"22335,40928","9490,22335"
1.0,0.6417910447761194,"5218,22339","1375,5218"
-1.0,-0.1714285714285714,"22340,40935","9395,22340"
-1.0,-0.3896103896103896,"22257,40868","7655,22257"
1.0,-0.015625,"17833,22187","2344,17833"
-1.0,-0.6296296296296297,"9184,26743","9184,12925"
1.0,-0.0414937759336099,"9008,11693","568,11693"
1.0,-0.0890832495405845,"970,9009","970,1040"
1.0,-0.6774193548387097,"19385,22169","12872,19385"
-1.0,-0.0297029702970297,"5357,22177","2963,22177"
1.0,0.5652173913043478,"17101,22180","17101,34676"
1.0,0.5384615384615384,"16340,22183","2579,16340"
1.0,0.0743243243243243,"2013,22184","2013,27832"
1.0,0.0199203187250996,"2693,22159","2693,39438"
1.0,-0.2321428571428571,"22158,23826","13794,23826"
1.0,0.125,"8046,22133","8046,13318"
1.0,-0.1613190730837789,"4769,22136","4769,13819"
1.0,-1.0,"12180,22142","12180,21495"
1.0,0.0400126518863198,"2140,9002","65,2140"
1.0,-0.032258064516129,"3600,22147","132,3600"
1.0,0.5151515151515151,"13024,22155","13024,18398"
-1.0,-0.1121951219512195,"22190,40795","6289,22190"
-1.0,-0.0426540284360189,"18347,22227","4347,22227"
-1.0,-0.035820895522388,"22228,40835","5056,22228"
1.0,-0.2777777777777778,"22236,39068","16585,39068"
1.0,0.2954545454545454,"13086,22237","1513,13086"
-1.0,-0.0123669830313488,"9136,26705","48,9136"
-1.0,-0.12,"22238,40850","8329,22238"
-1.0,-0.6071428571428571,"22244,40856","4366,22244"
-1.0,-0.4642857142857143,"22245,40857","14652,22245"
1.0,0.0911392405063291,"902,22249","902,24669"
-1.0,-0.1746031746031746,"9122,26698","9122,11746"
1.0,0.092511013215859,"1587,22195","1587,24041"
1.0,-0.0921985815602836,"22198,29608","5284,29608"
1.0,0.2244897959183673,"9158,9351","1765,9351"
-1.0,-0.59375,"22203,33955","12013,22203"
-1.0,-0.0833333333333333,"22207,40813","2981,22207"
1.0,-0.6666666666666666,"22211,29052","11818,29052"
1.0,-0.1739130434782608,"22216,27689","14102,27689"
1.0,-0.0241448692152917,"22218,29790","3634,29790"
1.0,0.1065573770491803,"5225,22219","5225,6032"
1.0,0.4791666666666667,"10354,22220","6443,10354"
1.0,-0.5217391304347826,"8955,24664","6347,24664"
1.0,0.0266666666666666,"6083,21562","6083,13865"
-1.0,-0.2765957446808511,"9573,27086","9573,11984"
1.0,0.0450819672131147,"4478,21565","4478,10094"
1.0,0.2702702702702703,"8570,21567","8570,39333"
1.0,0.0170682730923694,"430,21569","430,15508"
1.0,0.2285714285714285,"10441,21571","10441,30809"
1.0,0.1916666666666666,"7658,21575","7658,27499"
1.0,0.054054054054054,"838,8862","838,23657"
-1.0,-0.1969696969696969,"2741,21576","8941,21576"
1.0,-0.0606060606060606,"21580,32704","1329,32704"
1.0,-0.196078431372549,"8256,21583","3237,8256"
-1.0,-0.2417582417582417,"21585,40051","7270,21585"
-1.0,-0.217391304347826,"21518,23314","6969,21518"
-1.0,-0.0761421319796954,"21519,40001","3146,21519"
-1.0,-0.7123287671232876,"21520,40002","4250,21520"
1.0,0.5652173913043478,"5766,9585","5766,24318"
1.0,-0.0691056910569105,"21532,21533","11362,21533"
-1.0,-0.3069767441860465,"21536,35690","3209,21536"
-1.0,-0.3517587939698492,"21538,38842","3036,21538"
1.0,-0.0351648351648351,"9582,17072","5324,17072"
1.0,0.4137931034482758,"6817,21545","6817,14905"
-1.0,-0.1363636363636363,"21546,23398","4081,21546"
1.0,-0.0434782608695652,"8974,21547","3681,8974"
-1.0,-0.4,"9579,27096","9579,9606"
1.0,0.4884479717813051,"5962,9577","797,5962"
-1.0,-0.1428571428571428,"21587,40055","4005,21587"
1.0,0.4722222222222222,"9567,15334","12004,15334"
1.0,-0.4545454545454545,"17107,21630","17107,17914"
1.0,-0.0630252100840336,"21635,31585","1601,31585"
-1.0,-0.1976744186046511,"21642,40133","5191,21642"
1.0,-0.0911764705882352,"11734,21649","1019,11734"
1.0,-0.2159090909090909,"21590,24398","2801,24398"
1.0,0.3734222863324919,"5041,21591","5041,6469"
1.0,-0.5729166666666666,"5957,8864","5957,11894"
1.0,0.1020733275904794,"3925,21596","842,3925"
1.0,0.2074074074074074,"6932,21603","6932,12422"
1.0,0.3333333333333333,"21346,21619","21346,39728"
1.0,0.4444444444444444,"6302,9556","6302,24642"
1.0,-0.3090909090909091,"5871,9555","5871,11410"
1.0,-0.1759581881533101,"21615,22621","1887,22621"
-1.0,-0.1368421052631579,"21616,40089","7767,21616"
-1.0,-0.0197183098591549,"21618,40090","4042,21618"
1.0,-0.1139240506329113,"9590,9591","5929,9591"
1.0,0.3148148148148148,"6185,8830","6185,25982"
-1.0,-0.4375,"21427,39847","12189,21427"
1.0,-0.0321100917431192,"548,21429","548,1777"
1.0,-0.018450184501845,"21430,31398","2333,31398"
1.0,-0.48,"21431,36883","17610,36883"
1.0,-0.1132075471698113,"21432,27159","4145,27159"
-1.0,-0.3923076923076923,"21433,39865","4338,21433"
1.0,-0.3333333333333333,"21435,39872","11727,39872"
1.0,0.360655737704918,"5064,21436","5064,7523"
1.0,-0.0,"6793,21438","6793,8468"
1.0,-0.0637681159420289,"21441,28157","3098,28157"
1.0,-0.160919540229885,"21444,27320","9021,27320"
1.0,-0.1408450704225352,"21446,39903","5141,39903"
1.0,0.119047619047619,"4941,21424","4941,5258"
1.0,0.4782608695652174,"18439,21395","18439,38036"
1.0,-0.6571428571428571,"16115,21400","10177,16115"
1.0,-0.1219512195121951,"15389,21411","11339,15389"
1.0,-0.4390037990713381,"9473,21415","9473,17295"
-1.0,-0.3225806451612903,"21416,39820","20529,21416"
1.0,-0.3636363636363636,"8219,21419","8219,15434"
1.0,0.0628571428571428,"4878,21421","4878,33320"
1.0,0.25,"8778,21452","7881,8778"
-1.0,-0.2631578947368421,"21488,39953","8298,21488"
1.0,0.2608695652173913,"9823,21496","9823,27292"
1.0,0.5,"18360,21498","4060,18360"
1.0,1.0,"9607,20306","20306,38480"
-1.0,-0.1379310344827586,"9600,27113","9600,12427"
1.0,-0.4186046511627907,"8696,21506","8696,12195"
1.0,-0.0356248523505787,"3140,21508","3140,4654"
1.0,0.5294117647058824,"8684,21512","8684,26347"
1.0,-0.0939086294416243,"21456,24504","1436,24504"
-1.0,-0.0420475319926873,"17588,21457","3197,21457"
1.0,0.0606060606060606,"1394,21466","1394,7246"
-1.0,-0.2941176470588235,"21485,39945","15619,21485"
1.0,-0.5416666666666666,"21470,34872","17284,34872"
1.0,0.1117166212534059,"2419,21473","2245,2419"
-1.0,-0.0652173913043478,"21806,40324","4457,21806"
-1.0,-0.3235294117647059,"21809,40326","10078,21809"
-1.0,-0.0769230769230769,"21812,40328","6201,21812"
1.0,-0.6052631578947368,"10116,21814","10116,11082"
1.0,0.0,"19343,21815","14190,19343"
1.0,-0.0231362467866323,"9420,26957","1048,26957"
-1.0,-0.0093617021276595,"21803,22802","37,21803"
1.0,-0.1022222222222222,"9521,11931","4736,11931"
-1.0,-0.0189873417721519,"21776,32705","510,21776"
1.0,-0.4639175257731959,"4232,21779","4232,6890"
1.0,1.0,"8525,21781","8525,26223"
-1.0,-0.0579710144927536,"21782,32379","6172,21782"
-1.0,-0.5769230769230769,"9441,26974","7797,9441"
-1.0,-0.1594202898550724,"21787,40303","1583,21787"
1.0,-0.0112769485903814,"6563,21788","165,6563"
-1.0,-0.1010928961748633,"21797,40316","712,21797"
-1.0,-0.4782608695652174,"21798,40317","18573,21798"
1.0,-0.0090425531914893,"3156,21828","22,3156"
1.0,-0.1935483870967742,"21867,30536","9291,30536"
-1.0,-0.4,"21868,40408","9942,21868"
-1.0,-0.0482758620689655,"6675,21869","3838,21869"
-1.0,-0.1626506024096385,"21876,40416","5599,21876"
1.0,-0.7333333333333333,"9375,25032","6913,25032"
-1.0,-0.0884955752212389,"21882,40423","12331,21882"
-1.0,-0.1359223300970873,"21884,40424","5692,21884"
1.0,0.5555555555555556,"14775,21888","6888,14775"
1.0,-0.0182724252491694,"631,21892","631,654"
-1.0,-0.1197916666666666,"8950,26568","1683,8950"
1.0,-0.4328358208955223,"21845,25766","7930,25766"
1.0,-0.1555555555555555,"21832,24098","1767,24098"
-1.0,-0.0208333333333333,"3689,21837","995,21837"
1.0,-0.0613718411552346,"21838,30507","11273,30507"
-1.0,-0.183206106870229,"21842,40378","3278,21842"
1.0,0.5833333333333334,"16078,21843","16078,33470"
1.0,-0.3191489361702128,"17722,21863","4914,17722"
1.0,-0.0734463276836158,"1382,21849","1382,1761"
1.0,0.0914634146341463,"1398,21851","1398,12883"
1.0,0.2490272373540856,"9830,21852","746,9830"
1.0,0.2210980093825282,"203,21853","175,203"
-1.0,-0.1461187214611872,"9663,21856","5610,21856"
-1.0,-0.0802139037433155,"21857,40395","1666,21857"
1.0,0.0696517412935323,"9381,10477","10477,26057"
1.0,-0.15625,"3595,9380","3595,8218"
1.0,-0.0102432778489116,"21774,31228","968,31228"
1.0,0.0980392156862745,"7384,21688","6506,7384"
1.0,-0.024390243902439,"21691,38860","2132,38860"
-1.0,-0.5,"21693,40185","21692,21693"
-1.0,-0.0847457627118644,"21694,26929","5486,21694"
-1.0,-0.1980676328502415,"9493,27022","4874,9493"
1.0,-0.1081794195250659,"2854,8900","2686,2854"
-1.0,-0.3613138686131387,"21705,40198","1926,21705"
-1.0,-0.0236966824644549,"16365,21707","1104,21707"
1.0,0.4583333333333333,"16654,21708","16654,37324"
1.0,0.6206896551724138,"12021,21713","12021,29255"
1.0,-0.0873015873015873,"9481,27014","1771,27014"
1.0,0.0804020100502512,"2289,8897","2289,30747"
-1.0,-0.2127659574468085,"9516,27030","9516,13263"
1.0,0.104602510460251,"3928,21655","3928,26930"
1.0,-0.2927108433734939,"590,21656","590,2852"
1.0,-0.109375,"21657,24957","1605,24957"
-1.0,-0.22,"14348,21659","15515,21659"
-1.0,-0.0092670598146588,"21668,40177","182,21668"
-1.0,-0.2727272727272727,"14721,21674","14246,21674"
1.0,0.0999999999999999,"15174,21678","11108,15174"
-1.0,-0.3333333333333333,"21680,40181","21477,21680"
-1.0,-0.5384615384615384,"21682,40182","16149,21682"
1.0,-0.2424242424242424,"14943,21715","8915,14943"
1.0,-0.303030303030303,"12469,21747","10235,12469"
1.0,-0.1421319796954314,"21748,23338","2178,23338"
-1.0,-0.1764705882352941,"21750,40237","14978,21750"
1.0,0.0,"8919,14492","14492,15965"
-1.0,-0.1530612244897959,"21752,40246","2462,21752"
-1.0,-0.1470588235294117,"21755,40250","7579,21755"
1.0,-0.0752435884902401,"3145,21760","1109,3145"
-1.0,-0.2641509433962264,"21763,40258","10285,21763"
-1.0,-0.0773480662983425,"21764,40264","5398,21764"
1.0,-0.0609756097560975,"21742,40228","3375,40228"
-1.0,-0.0392156862745098,"21720,29952","1664,21720"
-1.0,-0.3947368421052631,"21723,29479","10290,21723"
-1.0,-0.0427553444180522,"9478,22224","136,9478"
-1.0,-0.4761904761904761,"21729,40219","19725,21729"
-1.0,-0.44,"21731,40220","15990,21731"
1.0,-0.1525553012967201,"9100,9465","8405,9100"
-1.0,-0.3773584905660377,"9472,27008","9472,11530"
-1.0,-0.3513513513513513,"21735,40223","17157,21735"
-1.0,-0.024224072672218,"4763,9466","899,9466"
1.0,-0.8220338983050848,"7969,21738","7969,20527"
1.0,0.2456140350877192,"13905,21739","12421,13905"
-1.0,-0.044041450777202,"19732,20412","2790,20412"
-1.0,-0.6271186440677966,"13266,30523","6090,13266"
-1.0,-0.3939393939393939,"20204,38359","11840,20204"
-1.0,-0.1746031746031746,"10197,27623","8027,10197"
1.0,-0.1379310344827586,"14601,20313","2719,14601"
-1.0,-0.4545454545454545,"10287,27711","10287,11612"
1.0,-0.2333333333333333,"20145,33465","9843,33465"
1.0,0.1145833333333333,"3902,20293","3902,35145"
1.0,0.3112582781456953,"2091,20150","2091,9361"
1.0,0.3428571428571428,"16614,20149","16614,35567"
-1.0,-0.3490566037735849,"5115,20400","3072,20400"
-1.0,-0.4,"9858,20401","3042,20401"
1.0,0.4054054054054054,"15017,20298","15017,32375"
-1.0,-0.6234309623430963,"20202,38348","1095,20202"
-1.0,-0.0294906166219839,"20299,38477","183,20299"
-1.0,-0.2075471698113207,"7667,10272","10272,17941"
-1.0,-0.0990712074303405,"13229,20147","4535,20147"
1.0,0.4873052959501557,"2184,20256","2184,2646"
1.0,-0.3298969072164948,"20317,25142","6848,25142"
-1.0,-0.5925925925925926,"10332,25566","10332,13864"
-1.0,-0.5,"20326,29259","16664,20326"
1.0,-0.0486111111111111,"20248,33557","4019,33557"
1.0,0.7294117647058824,"20333,22058","10327,22058"
1.0,-0.3902439024390244,"8418,20381","8418,14130"
1.0,0.1208791208791208,"10206,20246","10206,33424"
1.0,-0.3937104794070739,"574,20121","574,614"
-1.0,-0.1381578947368421,"20136,31330","6952,20136"
-1.0,-0.2727272727272727,"20250,38418","9629,20250"
1.0,0.6382978723404256,"10224,18170","7624,18170"
-1.0,-0.5,"20134,27762","20134,21529"
-1.0,-0.0268096514745308,"20253,38419","439,20253"
1.0,-0.4883720930232558,"5430,20131","5430,10838"
1.0,-0.045,"1843,20129","843,1843"
1.0,0.7333333333333334,"8022,10222","8022,8387"
-1.0,-0.0295047418335089,"20210,38364","327,20210"
-1.0,-0.48,"20127,38256","17548,20127"
1.0,-0.1731601731601731,"7109,20153","7109,19286"
1.0,-0.3,"20269,31764","11509,31764"
1.0,0.5,"20185,20190","20190,33579"
-1.0,-0.7045454545454546,"10249,27662","7486,10249"
-1.0,-0.5511811023622047,"20396,38591","2999,20396"
1.0,0.0,"19172,20174","8041,19172"
1.0,0.5,"20281,20311","20311,20961"
-1.0,-0.2619047619047619,"20172,38307","11887,20172"
-1.0,-0.1195652173913043,"10302,20227","5832,10302"
1.0,0.44,"15888,20394","15888,31989"
-1.0,-0.5483870967741935,"10304,27723","10304,12813"
1.0,0.1764705882352941,"5697,20180","2303,5697"
-1.0,-0.3508771929824561,"20393,38590","11803,20393"
1.0,0.6,"14557,20270","14557,31887"
1.0,-0.2112676056338028,"15855,20171","12199,15855"
1.0,-0.4187997875730218,"3533,20261","3533,12478"
-1.0,-0.18,"10322,27733","4528,10322"
1.0,0.6666666666666667,"13801,20159","7670,13801"
-1.0,-0.2045454545454545,"20292,38468","8065,20292"
1.0,-0.247191011235955,"20198,28152","10782,28152"
1.0,0.3793103448275862,"6355,20191","6355,6765"
1.0,-0.015015015015015,"20163,21189","877,21189"
1.0,0.6206896551724138,"12700,20263","12280,12700"
1.0,-0.068,"4604,20119","4604,7050"
-1.0,-0.5,"2329,22742","2329,20494"
1.0,0.5333333333333333,"9080,20224","9080,14071"
-1.0,-0.0714285714285714,"20404,37623","3767,20404"
1.0,0.4583333333333333,"16644,20106","16644,37318"
1.0,0.5555555555555556,"9320,10207","8997,9320"
1.0,0.0493273542600896,"2215,5541","5541,38487"
-1.0,-0.2777777777777778,"20089,26281","8944,20089"
1.0,0.7560975609756098,"20232,21502","10978,21502"
-1.0,-0.660377358490566,"20088,38210","6430,20088"
1.0,0.5384615384615384,"8527,15768","10592,15768"
-1.0,-0.5666666666666667,"20219,35121","13367,20219"
1.0,-0.1363636363636363,"8592,26274","7419,26274"
1.0,-0.0939597315436241,"20353,22174","1176,22174"
-1.0,-0.7,"20221,38375","8171,20221"
1.0,0.5117647058823529,"8054,20223","4455,8054"
1.0,0.1805555555555555,"8520,8799","8799,26731"
1.0,-0.0700636942675159,"2150,20102","2150,5537"
-1.0,-0.1798561151079136,"20230,24716","5893,20230"
1.0,0.3142857142857143,"9902,20362","9902,10383"
-1.0,-0.2068965517241379,"20091,38214","8371,20091"
-1.0,-0.3571428571428571,"20347,38531","15135,20347"
1.0,0.2627611700417872,"3130,20229","3130,3229"
1.0,-0.048076923076923,"20382,38575","2330,38575"
1.0,-0.3559322033898305,"9216,20342","9216,11364"
1.0,0.0160295930949445,"1063,20222","1063,6947"
1.0,0.2422360248447205,"4805,20216","4805,22794"
1.0,-0.7209302325581395,"20368,25415","7495,25415"
1.0,0.0387323943661971,"3316,20115","1505,3316"
-1.0,-0.3272727272727272,"20117,38251","8709,20117"
-1.0,-0.0373831775700934,"20244,32414","4160,20244"
-1.0,-0.3,"20118,38252","13220,20118"
1.0,0.6938775510204082,"6789,20370","6789,24952"
1.0,0.2711864406779661,"7461,20403","7461,21105"
-1.0,-0.3636363636363636,"20243,38412","11349,20243"
0.9948029449978346,0.0047639670853183,"130,9106","130,25320"
-0.9889049686444766,-0.0315186246418338,"193,18567","1224,18567"
0.9884816753926702,-0.0247678018575851,"97,18915","97,214"
-0.9864130434782608,0.9864130434782608,"147,15905","147,15905"
0.98463687150838,0.0558659217877094,"952,15684","952,2622"
0.9826530612244898,0.0132653061224489,"297,21471","297,24683"
0.9820828667413214,-0.0542210020590253,"808,15397","808,4863"
0.981981981981982,-0.0711578451516531,"1260,21568","1260,2618"
0.9818181818181818,0.0196969696969696,"501,15705","501,2564"
0.9815384615384616,-0.9815384615384616,"1162,21644","1162,21644"
0.9806201550387597,0.1763565891472868,"2168,7940","81,2168"
0.9795221843003412,0.0477815699658703,"1153,21818","1153,26151"
0.9786666666666668,0.024,"2197,17614","2197,5098"
0.9781931464174456,-0.0473604445567062,"161,13443","161,9306"
0.9752475247524752,0.0297029702970297,"209,16584","209,27209"
0.9744186046511628,-0.2245197168857431,"2698,18913","2698,8134"
-0.9738562091503268,0.9738562091503268,"362,17712","362,17712"
0.9737108190091,-0.3077929076124798,"628,16959","628,2032"
0.9732510288065844,0.0534979423868312,"908,20295","908,26493"
0.9730337078651684,-0.8629213483146068,"1041,17096","1041,6796"
0.972972972972973,0.054054054054054,"2496,17583","2496,23248"
0.9710591133004928,0.0043103448275862,"482,20824","482,27056"
0.9696969696969696,0.0303030303030303,"3273,20408","3273,31856"
0.9692307692307692,-0.2361111111111111,"2059,12063","2059,6736"
-0.9689265536723164,-0.1991525423728813,"925,18016","3719,18016"
0.9679633867276888,-0.0721476510067114,"1739,18160","1739,3875"
0.967741935483871,0.0752126044954106,"1684,19514","1684,4076"
0.96617050067659,0.027063599458728,"1991,8896","1991,28800"
0.9658703071672357,0.0580204778156996,"3833,8188","3833,16794"
0.9652777777777778,-0.9652777777777778,"1632,17259","1632,17259"
0.9649595687331536,-0.9649595687331536,"2465,17229","2465,17229"
0.9638069705093834,-0.6499106344950849,"419,19089","419,10421"
0.9631901840490796,-0.0022460226681917,"1400,6557","1400,1906"
0.9626004893393918,0.0069905627403005,"45,14157","45,807"
0.9625212947189096,-0.2020576544075892,"197,21224","197,14983"
0.9616858237547892,-0.0702356004318283,"4256,17729","4256,4785"
0.9611829944547134,-0.0737327188940092,"192,20093","192,3594"
-0.96,0.96,"1669,9571","1669,9571"
0.9581993569131833,0.0514469453376205,"4541,8085","4047,4541"
0.9578454332552692,-0.9484777517564402,"1687,17128","1687,9378"
0.9572953736654805,0.0427046263345195,"5370,8198","5370,9620"
0.9570957095709572,0.0858085808580858,"4796,9398","4796,26497"
-0.956989247311828,-0.0825688073394495,"1641,19615","1983,19615"
0.9569105691056912,0.016260162601626,"407,8032","407,4224"
0.9547038327526132,0.1463414634146341,"2456,14041","2456,12370"
0.9546678635547576,0.0094254937163375,"68,10143","68,23332"
0.9545454545454546,-0.0225733901515151,"1668,22179","991,1668"
0.9544753086419752,0.4691358024691358,"103,10834","103,22377"
0.953924914675768,0.2001537772221638,"446,11674","446,565"
-0.9538461538461538,-0.2777777777777778,"1372,21481","13138,21481"
0.9538461538461538,-0.8538461538461538,"2302,12645","2302,7252"
0.95260663507109,-0.0451205496080684,"3791,11066","1930,3791"
0.9518413597733713,-0.1621169199072881,"715,20258","715,4312"
0.95,-0.4,"1148,18239","1148,14408"
-0.9481865284974094,-0.086092715231788,"3298,15787","3312,15787"
0.9473684210526316,-0.0218619303677149,"1955,17607","1955,6488"
0.9466019417475728,-0.1,"2502,20046","2088,2502"
0.9462915601023018,-0.4055242966751918,"525,7478","525,6151"
0.945337620578778,0.0353697749196141,"1369,11298","1369,33830"
0.9437086092715232,-0.6252225307982625,"3085,21015","3085,3141"
0.9434343434343434,0.006060606060606,"277,15326","277,36216"
0.9431818181818182,-0.0202808112324493,"2410,3835","2410,5494"
0.9431072210065644,-0.4401047130881368,"234,21831","234,4147"
0.943089430894309,0.048780487804878,"572,2350","2350,39041"
0.9427480916030534,0.0916030534351145,"5998,12101","5998,27329"
0.941712204007286,0.0255009107468123,"604,20146","604,32742"
0.9411764705882352,0.7647058823529411,"1029,18533","1029,3515"
0.9398907103825136,-0.1904761904761904,"5270,16342","5270,5796"
0.9397163120567376,-0.9397163120567376,"1477,18614","1477,18614"
-0.9374358974358974,-0.0858895705521472,"57,22375","57,5167"
0.93717277486911,0.3331655255739025,"2492,20476","1592,2492"
0.9370314842578712,0.0209895052473763,"1685,13699","1685,4859"
0.9363057324840764,-0.0501672240802675,"2616,8106","800,2616"
0.9361702127659576,0.0680851063829787,"6325,16712","6325,31219"
0.935754189944134,0.0307262569832402,"2725,17989","2725,26573"
-0.935483870967742,0.935483870967742,"2311,6156","2311,6156"
-0.9349112426035504,0.0650887573964497,"1013,22460","1013,38739"
0.9347258485639688,-0.0681114551083591,"1808,20810","1808,2775"
0.9345238095238096,-0.2678571428571428,"6494,14987","6494,19048"
0.9344262295081968,0.0983606557377049,"8076,17445","8076,13621"
0.9330783938814532,-0.0454545454545454,"425,17615","425,1835"
0.9327217125382264,-0.5018070614400889,"3551,5950","3551,11008"
0.9326923076923076,0.0058901098901098,"2565,18949","2565,9325"
0.9326788218793828,-0.3936719121942432,"399,21028","399,643"
0.932367149758454,0.0531400966183574,"2681,10318","2681,28405"
-0.9322033898305084,0.9322033898305084,"3921,20936","3921,20936"
0.931726907630522,-0.0625,"2194,10062","667,2194"
0.9313929313929314,0.0665280665280665,"1446,14537","1446,18042"
0.9313304721030042,0.3939393939393939,"618,11973","11973,35259"
0.9310970081595648,0.0450873825736386,"1692,20858","694,1692"
-0.9308755760368664,-0.1818181818181818,"2499,20137","4241,20137"
0.9304347826086956,0.108695652173913,"2641,21566","2641,26772"
-0.9290780141843972,0.9290780141843972,"1332,19178","1332,19178"
-0.9282700421940928,-0.0805369127516778,"4225,11735","6465,11735"
0.9280575539568344,0.4601293754912037,"1945,19226","1945,2221"
0.927007299270073,0.3577481332326537,"1659,22193","1659,4761"
0.9269406392694064,0.1506849315068493,"6826,20748","6826,24975"
-0.9265734265734266,-0.2295081967213114,"564,6830","4700,6830"
0.925925925925926,0.0846560846560846,"2676,19268","2676,15050"
0.924791086350975,-0.1133801904515125,"2068,18654","1522,2068"
-0.9245939675174014,-0.1636363636363636,"1309,22010","8737,22010"
0.9243119266055044,-0.201639664259223,"1163,9012","1163,9494"
-0.9237170596393898,0.9237170596393898,"751,13553","751,13553"
0.9233226837060704,-0.9233226837060704,"4242,14714","4242,14714"
-0.9230769230769232,-0.2363636363636363,"494,22395","494,11190"
0.9226519337016574,0.0828729281767955,"5868,11325","5868,13551"
0.9224806201550388,0.1007751937984496,"6173,9303","6173,27868"
0.9219858156028368,-0.0541871921182266,"4519,16955","4519,4852"
0.9212598425196852,0.1889763779527559,"9904,10158","5058,9904"
0.9200366684127816,0.0149068322981366,"360,541","541,2074"
0.9192546583850932,0.1304347826086956,"5736,21494","5736,28303"
0.9189907038512616,0.0411686586985391,"2615,17654","2615,14269"
0.9189189189189187,-0.1389794967381174,"2106,3212","2106,4732"
0.9180588703261734,-0.0408163265306122,"235,8057","235,459"
0.9171270718232044,0.149171270718232,"6878,13293","6878,10360"
0.916279069767442,0.1302325581395348,"2394,13039","2394,6161"
0.9162303664921466,-0.0547263681592039,"706,19613","706,1424"
-0.916030534351145,0.0839694656488549,"1506,22526","1506,37016"
0.916,-0.2736263736263736,"4024,21034","4024,6791"
0.9137931034482758,0.2241379310344827,"9126,22197","2227,9126"
-0.9136690647482014,-0.1293103448275862,"4222,17767","13846,17767"
0.912087912087912,0.3116883116883117,"923,7562","6332,7562"
0.911917098445596,0.1398963730569948,"2370,14260","2370,26354"
0.9113924050632912,0.0289330922242314,"2625,21943","2625,31386"
0.9112903225806452,-0.2444444444444444,"1953,20708","1953,6685"
0.910873440285205,0.0998217468805704,"1256,14469","1256,23328"
0.9105691056910568,-0.4428571428571428,"1846,18766","1846,7392"
0.910394265232975,0.0304659498207885,"966,20332","966,1182"
0.9087719298245612,-0.0230675699148862,"4760,20910","4760,5060"
0.908641975308642,-0.1936163806082505,"3017,15277","3017,13545"
0.9086294416243654,0.1522842639593908,"3592,8092","3592,25510"
0.9086021505376344,-0.0157480314960629,"1975,16757","1975,2022"
0.9078947368421052,0.0526315789473684,"1152,13359","1152,36621"
0.9078014184397164,0.0675072235355923,"3633,18572","3633,7635"
0.9072847682119204,0.1655629139072847,"5076,17735","5076,26853"
0.9070539419087136,0.1236514522821576,"117,14439","117,1014"
-0.9069767441860466,0.9069767441860466,"1558,13778","1558,13778"
0.9068825910931174,-0.9068825910931174,"2425,17347","2425,17347"
0.90625,0.2536057692307692,"454,7003","454,22411"
0.90625,0.1510416666666666,"2846,18830","2846,25791"
0.9061032863849764,0.056338028169014,"5689,17406","5689,36695"
0.9059233449477352,0.2068419385492556,"524,18838","524,1792"
0.9056047197640118,0.0324483775811209,"1820,19513","1820,6111"
0.9051383399209486,0.2292490118577075,"1532,12418","907,1532"
0.9036144578313252,-0.9036144578313252,"2352,13815","2352,13815"
0.9028871391076116,-0.4817073170731707,"2219,18855","2219,2593"
0.9022988505747126,-0.8850574712643678,"9386,13067","9386,15914"
0.9019607843137256,0.0253607713712547,"10215,17283","1151,10215"
0.9019607843137256,0.071301247771836,"127,174","174,24214"
0.9010238907849828,-0.1527777777777778,"2095,14547","2095,8008"
0.900709219858156,-0.0284974093264248,"6666,15171","1462,6666"
0.9005847953216375,0.1238355520291515,"3263,17688","374,3263"
0.9,0.18,"9426,20059","9426,21060"
0.8992805755395683,-0.8992805755395683,"1735,19407","1735,19407"
0.8983050847457628,0.1864406779661017,"10145,14388","10145,27951"
-0.8981481481481481,-0.0146137787056367,"3448,4112","487,3448"
-0.896,-0.0315186246418338,"1651,4006","1651,4997"
0.8956521739130435,0.0956521739130434,"6427,19437","6427,14389"
-0.8947368421052632,0.1052631578947368,"2377,22754","2191,2377"
0.8947368421052632,0.0947368421052631,"7329,12970","7329,29266"
-0.8942307692307693,0.8942307692307693,"10230,21709","10230,21709"
-0.8928571428571429,0.8928571428571429,"5471,19347","5471,19347"
0.8927789934354485,-0.8927789934354485,"3328,8572","3328,8572"
0.8925619834710744,0.0826446280991735,"6097,15955","6097,39587"
0.8923766816143498,0.0582959641255605,"5940,8999","4270,5940"
0.8913738019169329,-0.3945686900958466,"2991,15654","2991,19371"
-0.8913043478260869,-0.0278372591006423,"3370,12258","2628,12258"
0.8909090909090909,0.5181818181818182,"3840,20388","3840,23287"
0.8905660377358491,-0.3305380852550663,"2677,17754","2677,15543"
0.8897058823529411,-0.8897058823529411,"5364,11621","5364,11621"
0.8896551724137931,0.0827586206896551,"4153,15483","4153,32465"
0.8892988929889298,-0.0134977665566129,"1371,15405","1371,6368"
0.8885350318471338,0.0414012738853503,"1439,15670","1439,34478"
0.888,0.104,"12518,15018","12518,34899"
0.8878923766816144,0.0672645739910313,"2805,19806","2805,31858"
-0.8869565217391304,-0.2682926829268293,"3847,21279","12441,21279"
0.8861111111111111,0.1618563685636856,"1096,19478","1096,1150"
-0.8854625550660793,-0.0886426592797784,"703,2162","405,703"
0.8848484848484849,0.0282828282828282,"1852,22322","1852,22609"
0.884453781512605,-0.884453781512605,"768,18799","768,18799"
0.884297520661157,-0.1276249830646253,"4258,19936","4258,6763"
0.8834355828220859,-0.0038258664795236,"4593,21277","1717,4593"
0.8823529411764706,-0.0967741935483871,"5195,7621","3044,5195"
0.8823529411764706,0.1176470588235294,"6493,11640","4452,6493"
0.881159420289855,-0.881159420289855,"668,20855","668,20855"
-0.8795180722891566,0.1204819277108433,"2833,4806","2833,16092"
0.8787878787878788,-0.0913978494623656,"4125,11719","1944,4125"
0.8780487804878049,0.1585365853658536,"5137,21844","5137,6261"
-0.8775510204081632,0.1224489795918367,"2337,22746","2337,2710"
-0.8773006134969326,0.8773006134969326,"2220,12336","2220,12336"
0.8768115942028986,0.1231884057971014,"4159,22367","4159,5423"
-0.8760683760683761,0.8760683760683761,"7949,11523","7949,11523"
0.8760330578512396,-0.3223140495867769,"945,7309","945,8836"
0.8757062146892656,-0.1334909998686112,"1396,5200","5200,7701"
-0.875,-0.34,"7280,9734","6838,9734"
0.8743068391866913,0.1256931608133087,"1932,17600","1932,23008"
0.8740740740740741,-0.8740740740740741,"3530,9962","3530,9962"
0.8735849056603774,0.0178457807036885,"622,18771","331,622"
0.871875,0.071875,"2412,18801","2412,27634"
-0.8717948717948718,-0.6594054912638984,"3144,3367","2244,3144"
-0.8705882352941177,-0.1663628831814415,"2799,22900","2799,7139"
0.8703703703703703,-0.3478260869565217,"4664,5482","4664,13307"
0.8699186991869918,-0.0073194229052117,"1581,9643","1320,1581"
0.8695652173913043,-0.8695652173913043,"3697,17733","3697,17733"
-0.8693069306930693,-0.1748726655348047,"1299,17062","1851,17062"
0.8681318681318682,-0.1775700934579439,"2623,22840","5964,22840"
0.8674698795180723,-0.8674698795180723,"12457,20212","12457,20212"
0.8672566371681416,0.0678466076696165,"3762,8295","3762,27607"
0.8671532846715329,0.0321167883211678,"1469,21504","1469,23193"
0.8666666666666667,0.36,"4236,8095","4236,14930"
-0.8666666666666667,0.1333333333333333,"2159,22693","2159,32748"
0.8658008658008658,0.0692640692640692,"2520,16688","2520,12447"
0.8654970760233918,-0.8654970760233918,"1385,8487","1385,8487"
0.8653846153846154,0.0461538461538461,"2084,15910","2084,36312"
0.8648648648648649,-0.7297297297297297,"7099,19329","7099,8610"
0.8646616541353384,0.1353383458646616,"4908,9609","4908,29322"
0.8641975308641975,0.5597547910962981,"594,3004","594,1198"
0.8641114982578397,0.1119337979094076,"1528,8918","1528,4792"
0.8639705882352942,0.0404411764705882,"699,17320","699,1877"
0.8639455782312925,0.1224489795918367,"4038,14239","4038,28655"
0.8636363636363636,0.1136363636363636,"9789,14766","9789,40158"
-0.8631578947368421,0.1368421052631579,"2491,7300","2491,34778"
-0.863013698630137,0.136986301369863,"3386,23099","3386,36947"
0.8627450980392157,-0.8627450980392157,"4442,16237","4442,16237"
0.8623853211009174,0.146788990825688,"7070,15339","7070,30709"
0.8613569321533923,-0.7890855457227138,"1165,16073","1165,8224"
0.859504132231405,0.1322314049586777,"6179,13943","6179,23419"
0.8581560283687943,-0.1544165054803352,"3683,17566","3683,5342"
0.8578680203045685,-0.0947546531302876,"4781,16383","4781,14823"
0.8576388888888888,0.1319444444444444,"3405,19544","3405,24413"
-0.8571428571428571,0.1428571428571428,"3627,23188","3627,40242"
0.8559322033898304,-0.4069395586824432,"7854,10403","7308,7854"
-0.8557692307692308,-0.1186440677966101,"6552,17423","6429,17423"
0.8557046979865772,-0.0845121321631388,"2472,4955","2472,11624"
0.8555555555555556,0.1333333333333333,"7381,21280","2134,7381"
0.8555555555555556,0.1555555555555555,"10029,19521","10029,16278"
0.8552631578947368,-0.0392491467576791,"3259,23045","836,23045"
0.8546255506607929,-0.1893550949664187,"2422,12149","2422,8179"
0.8541666666666666,-0.8541666666666666,"2905,11817","2905,11817"
0.8535031847133758,-0.3627450980392157,"1293,22497","3261,22497"
0.8531468531468531,-0.2933566433566433,"512,13340","512,14002"
-0.8524590163934427,-0.4776119402985074,"5966,13161","7171,13161"
0.8513513513513513,0.1351351351351351,"10295,11022","10295,40522"
0.8507462686567164,-0.0002573340195573,"8788,20547","5667,8788"
-0.85,0.85,"5756,10089","5756,10089"
0.85,0.0102898550724637,"4422,21001","1888,4422"
0.8493150684931507,0.5753424657534246,"5299,10391","4672,5299"
0.8490566037735849,-0.1962616822429906,"6004,16210","6004,6236"
-0.8488372093023255,0.8488372093023255,"5405,12506","5405,12506"
0.8484848484848485,0.2803030303030303,"6067,12389","6067,24500"
0.8484848484848485,-0.8484848484848485,"2910,4238","2910,4238"
-0.8482490272373541,-0.0094073377234242,"5748,8260","230,8260"
0.8482142857142857,0.0492511520737327,"7314,22217","4514,7314"
0.8476658476658476,0.1486486486486486,"1301,14508","1301,22525"
0.8475,-0.0953545232273838,"1719,6542","1058,1719"
-0.8472222222222222,-0.3174603174603174,"3529,15471","3529,7145"
0.8461538461538461,0.2051282051282051,"7821,9735","7821,31486"
0.8461538461538461,0.1442307692307692,"9117,16844","9117,32501"
-0.8461538461538461,0.8461538461538461,"5365,10122","5365,10122"
-0.8461538461538461,0.1538461538461538,"3965,23351","3965,39096"
0.8458149779735683,0.1629955947136563,"5999,7682","2180,5999"
0.8456375838926175,0.1073825503355704,"2751,17606","2751,25264"
0.8454545454545455,-0.0079432943294329,"3132,21020","1418,3132"
0.845360824742268,-0.711340206185567,"5306,15570","5306,20123"
0.8434782608695652,-0.8434782608695652,"5587,16708","5587,16708"
0.8432835820895522,0.1865671641791045,"4905,21761","4905,26769"
0.8430079155672823,-0.1534036939313984,"55,1920","55,5022"
0.8422712933753943,0.085173501577287,"1298,18993","1298,7033"
0.8421052631578947,0.2473684210526315,"4685,9162","4685,23692"
0.8417721518987342,-0.0159186804756425,"2841,19425","2841,5545"
0.8412698412698413,0.4864311315924219,"4173,17931","4173,19923"
-0.8405797101449275,0.8405797101449275,"9348,11202","9348,11202"
-0.8404255319148937,-0.0215208034433285,"2598,3055","2737,3055"
0.8402366863905325,0.2307692307692307,"5757,20488","5757,8933"
0.84,-0.0,"3445,6907","6907,7115"
0.8395522388059702,0.5597014925373134,"1081,12403","1081,22469"
0.8394160583941606,-0.1088487642463823,"3518,14082","1376,3518"
0.8394160583941606,0.0802919708029197,"2324,14662","2324,29918"
-0.8382352941176471,-0.0283505154639175,"1449,3063","587,1449"
0.8379888268156425,0.1229050279329608,"7169,22112","7169,22639"
0.8378378378378378,0.3006756756756756,"2222,16023","2222,22707"
0.8363636363636363,-0.0380952380952381,"2137,2138","2137,6502"
0.835820895522388,0.3382352941176471,"3953,4983","1419,4983"
-0.835820895522388,0.1641791044776119,"3900,23318","3900,25450"
-0.8356164383561644,0.1643835616438356,"3539,23152","3539,23426"
0.8352941176470589,0.1411764705882353,"11665,14452","11665,35988"
0.8352941176470589,-0.2989690721649484,"8604,15722","7822,8604"
0.8351648351648352,0.1538461538461538,"9559,15299","9559,32646"
0.8346666666666667,0.128,"3494,10480","3494,4808"
-0.8345864661654135,-0.160377358490566,"1670,22563","1670,6401"
0.8333333333333334,0.0729166666666666,"7202,18209","7202,33263"
-0.8333333333333334,0.8333333333333334,"7557,9277","7557,9277"
0.8331090174966352,-0.8331090174966352,"1171,22102","1171,22102"
-0.832,0.832,"5603,8161","5603,8161"
0.8319327731092436,0.1932773109243697,"6482,14993","2685,6482"
0.83125,0.13125,"8029,20490","8029,26714"
-0.8307692307692307,-0.1489361702127659,"5511,15088","3642,15088"
-0.8305084745762712,0.1694915254237288,"4479,23596","1123,4479"
0.8305084745762712,-0.8305084745762712,"1130,5285","1130,5285"
0.8305084745762712,0.423728813559322,"3629,9538","9538,27055"
0.8296296296296296,0.1888888888888888,"4309,10031","4309,23512"
-0.8282208588957055,0.8282208588957055,"6812,22328","6812,22328"
-0.828125,0.828125,"10416,12010","10416,12010"
0.8275862068965517,-0.0817610062893081,"4889,5257","3896,5257"
-0.8275862068965517,0.1724137931034483,"4614,23664","4614,39896"
0.8275862068965517,-0.8275862068965517,"3946,19171","3946,19171"
0.8270440251572327,-0.0828840970350404,"3338,15947","3338,8436"
0.8266666666666667,0.3333333333333333,"9459,17781","9459,27002"
0.826530612244898,-0.45,"2552,22813","10528,22813"
0.8264462809917356,0.0702479338842975,"4554,5429","5429,27598"
-0.8255813953488372,0.1744186046511628,"2950,22948","2950,30179"
-0.8253968253968254,-0.7560975609756098,"5726,7078","7078,7317"
0.8253968253968254,-0.6031746031746033,"9413,12488","9413,17508"
-0.825,0.825,"5916,12164","5916,12164"
0.8243243243243243,0.1621621621621621,"5817,13167","5817,29358"
0.8240000000000001,-0.0930232558139534,"3960,4815","2432,3960"
-0.8238636363636364,-0.5483870967741935,"1154,16351","1154,12919"
0.8235294117647058,-0.3120448179271708,"12444,21665","12444,19220"
0.8235294117647058,0.375,"4317,15550","4317,23515"
0.823076923076923,-0.7923076923076923,"5579,13468","5579,11985"
-0.8227848101265823,-0.4616736990154711,"3299,23065","3299,4788"
0.8226600985221675,-0.0228136882129277,"6336,20449","612,6336"
-0.8225806451612904,0.1774193548387097,"4319,23516","4319,37408"
0.8225806451612903,-0.2016806722689075,"11903,21765","7325,11903"
-0.8225806451612903,-0.0128840436075322,"13650,17960","1895,17960"
0.8225108225108225,0.1279525843284231,"1071,8772","562,1071"
0.821917808219178,0.136986301369863,"9687,9828","9687,39547"
0.8214285714285714,0.0928571428571428,"3951,18523","3951,11224"
-0.8214285714285714,0.1785714285714285,"4875,23791","4875,6036"
0.8213166144200628,0.0344827586206896,"2199,18250","2199,37706"
0.8202247191011236,0.2247191011235955,"8833,17266","8833,28730"
0.819672131147541,-0.2631578947368421,"2232,4403","2232,8354"
-0.819634703196347,-0.2162162162162162,"1694,7926","7926,9558"
0.8181818181818181,-0.8181818181818181,"8690,12060","8690,12060"
0.8175675675675675,-0.1825396825396825,"6196,18391","6196,8952"
-0.8174603174603174,-0.2244897959183673,"1855,22616","1855,5894"
0.8170731707317074,0.3414634146341463,"8165,10487","8165,25944"
-0.8160919540229885,-0.2686567164179104,"5014,5643","5014,9839"
0.8156424581005587,0.0782122905027933,"2642,21515","2642,32796"
0.8152610441767069,0.0963855421686747,"4880,22362","4880,27354"
0.8142857142857143,0.4142857142857143,"3753,15517","3753,23230"
-0.8135593220338984,0.1864406779661017,"4648,23675","4648,17319"
0.8135593220338984,-0.253731343283582,"4427,4668","4427,8111"
0.8131868131868132,0.0311022311022311,"12991,17874","1414,12991"
0.8130841121495327,0.102803738317757,"8105,20475","7027,8105"
-0.8130841121495327,0.1869158878504672,"2304,22736","2304,29041"
-0.8130081300813008,-0.1024096385542168,"2136,10642","2945,10642"
0.8125,-0.2872807017543859,"7984,20683","2070,7984"
0.8125,0.1015625,"8510,13832","8510,25801"
-0.8117647058823529,0.8117647058823529,"4986,6425","4986,6425"
-0.8115942028985508,0.8115942028985508,"3947,12514","3947,12514"
0.8108108108108107,0.6325162371674,"3622,21484","3622,4220"
0.8105263157894737,-0.056768558951965,"8542,20980","3100,8542"
0.8104956268221575,0.0291545189504373,"1727,15723","1727,7017"
-0.8100558659217877,0.8100558659217877,"754,13824","754,13824"
0.8095238095238095,-0.0758620689655172,"9073,19450","5121,9073"
-0.8095238095238095,-0.0754716981132075,"1409,15625","9076,15625"
0.8085106382978724,0.1702127659574468,"7597,18515","7597,28436"
0.8083333333333333,0.1666666666666666,"4925,9278","4925,28854"
0.808,0.196,"3717,4553","4553,23633"
-0.8076923076923077,-0.134020618556701,"5351,22876","5351,5548"
0.8076923076923077,-0.4230769230769231,"6837,7587","7587,9146"
-0.8076923076923077,-0.0577617328519855,"5397,24082","2115,5397"
0.8071748878923767,0.147982062780269,"4370,21305","4370,25093"
-0.806930693069307,0.1435643564356435,"956,22452","956,7672"
0.8064516129032258,-0.8064516129032258,"7753,21482","7753,21482"
0.8062015503875969,0.1860465116279069,"6664,9406","9406,27284"
0.8050816696914701,0.5843260188087774,"1264,1527","1527,4921"
0.8040540540540541,0.1351351351351351,"5183,20383","5183,28782"
-0.803921568627451,0.803921568627451,"6732,9256","6732,9256"
-0.803921568627451,0.803921568627451,"5557,20539","5557,20539"
0.8035714285714286,0.1785714285714285,"3256,11744","11744,40086"
0.8034482758620689,-0.7758620689655172,"3213,21967","3213,17546"
-0.8034188034188035,0.0448717948717948,"269,844","269,748"
0.803030303030303,0.0909090909090909,"6604,19832","6604,36714"
-0.8026315789473684,0.8026315789473684,"11467,17801","11467,17801"
-0.8020541199607295,0.8020541199607295,"5,8","5,8"
0.8011527377521614,0.0288184438040345,"2630,3225","2630,4488"
0.8009950248756219,-0.0899470899470899,"1845,19429","1845,2895"
-0.8006756756756757,-0.188295165394402,"2078,21022","1699,21022"
0.8000469679574157,-0.0879020979020978,"2292,3807","2292,5034"
0.8,-0.05,"5582,5639","4352,5582"
0.8,-0.8,"4283,5439","4283,5439"
0.8,0.2571428571428571,"12216,13073","12216,29429"
0.8,0.0213438735177865,"12179,17900","5792,12179"
-0.8,-0.3818181818181818,"5155,9293","5155,7283"
0.8,-0.2975206611570248,"2327,9611","2327,6341"
0.8,-0.7428571428571429,"9003,20765","9003,20000"
-0.8,0.2,"2571,22821","2571,20208"
0.7996219281663516,0.1512287334593572,"1440,8500","1440,22819"
-0.797752808988764,-0.4705882352941176,"2964,22953","2964,5668"
0.7974683544303798,-0.7974683544303798,"10889,14298","10889,14298"
-0.7972972972972973,0.2027027027027027,"3722,23223","3722,32608"
0.7971014492753623,-0.3498964803312629,"7208,10289","7208,20574"
-0.796875,0.796875,"4332,4795","4332,4795"
0.7966101694915254,-0.0353535353535353,"1195,9963","8746,9963"
0.7966101694915254,0.2682926829268293,"4776,13205","13205,38216"
0.7962962962962963,0.76,"5283,5855","5855,6024"
0.7962962962962963,-0.0648148148148148,"5733,11945","5730,5733"
0.7961432506887052,0.2867092884245543,"418,22286","418,8757"
0.7959183673469388,0.7959183673469388,"5820,11626","5820,24346"
0.7945205479452055,0.2054794520547945,"6936,10467","6936,11630"
0.7938931297709924,-0.0505912288579554,"4048,12462","4048,4991"
0.7936507936507937,-0.0236051502145922,"6276,9239","927,6276"
0.7931034482758621,0.2586206896551724,"6808,18477","6808,25691"
-0.7931034482758621,-0.0853080568720379,"6221,6247","5744,6221"
0.7931034482758621,0.5384615384615384,"4812,15818","2951,15818"
-0.7924528301886793,0.7924528301886793,"18756,18962","18756,18962"
0.7924528301886793,-0.7924528301886793,"7796,22301","7796,22301"
-0.7919762258543833,-0.3478260869565217,"1214,21173","7092,21173"
-0.7919463087248322,-0.2075471698113207,"3420,13963","7629,13963"
0.7916666666666666,0.7916666666666666,"5870,9971","5870,14058"
-0.7916666666666666,0.2083333333333333,"5994,22121","3224,5994"
0.7909604519774012,0.135593220338983,"3744,11929","3744,9148"
0.7903225806451613,0.1612903225806451,"14669,15395","14669,39680"
-0.7903225806451613,0.2096774193548387,"4494,22950","4494,34246"
-0.7900990099009901,-0.0613861386138613,"238,3938","238,8079"
0.7894736842105263,-0.2858187134502924,"3798,20098","3798,4443"
0.7887323943661972,0.0704225352112676,"2732,15750","2732,11391"
0.7884615384615384,-0.2391304347826087,"5530,9405","9405,17602"
0.7884615384615384,0.2307692307692307,"7934,18251","7934,24823"
0.7884615384615384,0.1176470588235294,"4855,5540","4855,25613"
-0.7878787878787878,-0.5454545454545454,"5505,13119","13119,18828"
0.7875,0.125,"10018,16203","10018,39002"
0.7872340425531915,0.2127659574468085,"7751,8633","8511,8633"
0.7871148459383753,-0.3046875,"1445,17092","1445,5522"
-0.7862068965517242,-0.0117878192534381,"1606,22548","1238,1606"
0.7857142857142857,0.4107142857142857,"10205,19721","10205,27628"
-0.7857142857142857,0.2142857142857142,"5097,10436","5097,36186"
-0.7857142857142857,0.0892857142857142,"2256,22716","2256,38975"
0.7857142857142857,-0.0279377880184331,"4615,20026","4615,5854"
-0.7846153846153846,-0.2391304347826087,"4315,10536","4315,9844"
-0.7843137254901961,-0.6153846153846154,"8697,14118","13992,14118"
0.7837837837837838,-0.7567567567567568,"8587,12222","12222,19311"
0.7833333333333333,-0.217391304347826,"2466,6828","6211,6828"
0.782608695652174,-0.782608695652174,"2889,12446","2889,12446"
0.782608695652174,-0.0331491712707182,"6277,24631","305,24631"
0.782608695652174,-0.0674846625766871,"6382,11521","10252,11521"
-0.782608695652174,-0.2678571428571428,"6288,24635","6288,13191"
0.782051282051282,0.0117563595824465,"4277,4351","3205,4351"
-0.7818181818181819,0.2181818181818181,"5174,23953","5174,35488"
0.7818181818181819,0.0582890701267554,"5280,5600","134,5600"
0.7814761215629522,-0.1081206081131484,"1073,7224","1073,1087"
-0.7813367868191956,-0.2181818181818181,"90,421","90,7163"
0.78125,0.2083333333333333,"10941,11488","10941,28766"
0.78125,-0.3804347826086957,"6403,10578","6238,6403"
0.7807017543859649,0.1403508771929824,"7207,10772","7207,31180"
0.7804878048780488,0.1626016260162601,"5819,19831","5819,22970"
0.7786259541984732,0.0916030534351145,"4506,13043","4506,36018"
0.7777777777777778,0.1851851851851851,"6623,14271","14271,40953"
0.7777777777777778,0.1825396825396825,"3924,14937","2325,3924"
0.7777777777777778,0.7777777777777778,"6407,6597","6597,10647"
0.7777777777777778,-0.2290076335877862,"7358,16819","7358,7698"
0.7763157894736842,0.4354838709677419,"3669,6538","3354,6538"
0.7755102040816326,0.7755102040816326,"5933,15730","5763,5933"
0.7744360902255639,0.4883720930232558,"1824,6408","6408,10428"
-0.7734375,-0.0503778337531486,"4176,17441","1624,17441"
0.7730496453900709,0.0780141843971631,"6051,6571","6571,17131"
0.7728937728937729,0.1245421245421245,"1750,7028","1750,24873"
0.7727272727272727,0.2272727272727272,"9668,14931","9668,39459"
0.7727272727272727,0.4689311891477956,"6534,8230","4010,6534"
0.7727272727272727,-0.0007467813722854,"1460,6695","1,1460"
0.7727272727272727,-0.0989399293286219,"6660,24850","1790,24850"
0.7721518987341772,0.1814345991561181,"4080,20125","4080,23993"
0.771186440677966,-0.4331195602382043,"6471,16761","4113,6471"
0.7708333333333334,0.2916666666666667,"12137,15597","15597,24597"
0.7708333333333334,0.7708333333333334,"6176,11175","6176,23118"
0.7708333333333334,-0.031700288184438,"6206,23376","2633,23376"
0.7702702702702703,-0.0424710424710424,"12622,13243","12622,14591"
0.7699115044247787,0.0771638247355925,"4294,11793","2203,4294"
0.7692307692307693,0.1142857142857142,"3057,4394","3057,10240"
-0.7692307692307693,-0.5384615384615384,"4387,23549","4387,15342"
0.7692307692307693,0.5,"5698,12896","12896,22529"
0.7692307692307692,-0.7692307692307692,"7626,13582","7626,13582"
0.7692307692307692,-0.7692307692307692,"4281,8434","4281,8434"
0.7692307692307692,-0.7692307692307692,"8099,9419","8099,9419"
0.7684210526315789,0.1157894736842105,"10745,13900","10745,38407"
0.7681159420289855,0.6086956521739131,"5418,11535","5418,24091"
0.7677419354838709,0.0783582089552238,"1529,3086","3086,28526"
0.7674418604651163,0.0351758793969849,"981,3257","981,33537"
0.7674418604651163,-0.7674418604651163,"10455,15231","10455,15231"
0.7674418604651163,-0.0457317073170731,"6866,13835","1265,13835"
-0.7669902912621359,-0.1214953271028037,"4801,17929","5205,17929"
0.7666666666666667,0.2619047619047619,"3058,10374","5072,10374"
0.765625,-0.765625,"9414,9670","9414,9670"
0.7647058823529411,0.2205882352941176,"8427,8954","8954,31981"
-0.7647058823529411,0.2352941176470588,"5747,24307","5747,22424"
-0.7647058823529411,-0.3428571428571428,"5746,24305","5746,16686"
0.7640449438202247,0.2584269662921348,"10006,10174","10006,27438"
-0.7638888888888888,-0.1851851851851851,"5472,11477","4216,11477"
-0.7636363636363637,-0.375,"8381,9531","9470,9531"
-0.7623762376237624,0.1287128712871287,"2680,22860","2680,33626"
0.7622549019607843,0.0661764705882353,"2004,14472","2004,26398"
0.7619047619047619,0.5238095238095238,"10845,19888","10845,21749"
0.7619047619047619,-0.084,"19953,21598","1125,19953"
-0.7619047619047619,0.7619047619047619,"7215,17925","7215,17925"
0.7619047619047619,-0.7380952380952381,"11205,20225","7212,11205"
-0.7619047619047619,0.238095238095238,"3357,23080","3357,29031"
0.7613636363636364,0.1136363636363636,"7628,21065","5919,7628"
0.7608695652173914,-0.7608695652173914,"3664,18066","3664,18066"
0.7607142857142857,0.05,"2464,21808","2464,32659"
0.7604166666666666,0.2083333333333333,"9098,19828","9098,29126"
0.76,0.1733333333333333,"10144,17287","10144,34483"
-0.76,0.12,"2066,3523","2066,32593"
-0.76,0.0966666666666666,"583,22405","583,25762"
-0.7592592592592593,0.7592592592592593,"10380,19128","10380,19128"
0.7592592592592593,0.4259259259259259,"10259,11365","10259,27679"
-0.7590361445783133,-0.1486486486486486,"5828,11798","5828,10232"
-0.7589285714285714,0.1517857142857142,"2368,18237","2368,6464"
-0.7586206896551724,-0.4561403508771929,"3196,14142","7316,14142"
0.7581699346405228,-0.452054794520548,"1582,5706","5706,21939"
-0.7572815533980582,0.1067961165048543,"2635,22845","2635,32666"
-0.7569620253164557,0.0556962025316455,"401,5289","401,28228"
-0.7568807339449541,0.1009174311926605,"938,22448","938,28186"
0.7567567567567568,-0.0710526315789473,"7156,14195","1524,7156"
-0.7560975609756098,0.7560975609756098,"2580,20288","2580,20288"
0.7560975609756098,0.7111111111111111,"7445,11133","11133,11135"
-0.7555555555555555,0.7555555555555555,"9495,10343","9495,10343"
-0.7553191489361702,0.7553191489361702,"3823,18456","3823,18456"
-0.7551020408163265,0.2448979591836734,"6063,23217","6063,16007"
0.7551020408163265,-0.0719754977029096,"9617,14495","1493,9617"
0.7547169811320755,-0.0805515239477503,"11829,14368","10836,11829"
-0.7547169811320755,0.0960024433283562,"5687,24273","1773,5687"
0.7542372881355932,-0.0196850393700787,"5551,20941","2523,5551"
0.7538461538461538,0.3573426573426573,"5888,11557","5888,6720"
0.7536231884057971,0.1698113207547169,"3636,4273","3636,23851"
-0.7532467532467533,0.2467532467532467,"3727,23224","3727,8108"
0.7530864197530864,-0.0585106382978723,"10765,18757","3305,10765"
0.7530864197530864,0.1481481481481481,"10708,21675","10708,24629"
0.752808988764045,-0.2895419187554019,"7953,12968","7953,13765"
0.752808988764045,0.2247191011235955,"10677,17902","10677,29022"
0.7526881720430108,-0.4537037037037037,"5473,15437","4503,5473"
0.7516778523489933,0.1677852348993288,"5227,15426","5227,26895"
-0.7515151515151515,0.7515151515151515,"1743,14857","1743,14857"
0.75,-0.625,"10300,12187","12187,16265"
0.75,0.12,"8087,12918","8087,36612"
-0.75,0.75,"11876,14080","11876,14080"
-0.75,-0.0526315789473684,"13725,15305","3218,15305"
0.75,0.0520833333333333,"3162,6876","3162,28752"
-0.75,0.25,"7032,16236","7032,18818"
-0.75,0.25,"3919,7706","7706,14121"
-0.75,0.1096491228070175,"7779,25229","7230,7779"
-0.75,0.25,"6331,24657","6331,36308"
0.75,0.4230769230769231,"10778,18760","6143,10778"
-0.75,0.25,"7650,11034","7650,39236"
-0.75,0.25,"6217,24601","6217,35359"
-0.75,-0.313953488372093,"6229,24612","6229,8583"
-0.75,0.25,"6392,24692","6392,36808"
-0.75,0.25,"7016,25085","7016,38410"
0.7481343283582089,-0.2642912886547653,"295,5975","295,4476"
-0.7471264367816092,0.2528735632183908,"3307,23066","3307,28134"
0.7464788732394366,-0.4736842105263157,"4162,4791","4791,11663"
-0.7457627118644068,-0.6666666666666666,"4386,5151","4386,4669"
0.7457627118644068,-0.7457627118644068,"9061,22101","9061,22101"
0.7455089820359282,-0.3571428571428571,"2362,22204","2362,12697"
-0.7450980392156863,0.2549019607843137,"5911,24361","5911,34176"
0.7448979591836735,0.0748299319727891,"2778,5444","659,2778"
-0.7441860465116279,0.7441860465116279,"7009,7260","7009,7260"
-0.7441860465116279,-0.1720430107526881,"7206,12042","7206,11179"
0.7441860465116279,0.4883720930232558,"11198,15762","11198,28503"
0.7441860465116279,-0.5813953488372093,"5960,7132","5960,9509"
-0.7441860465116279,-0.0182704019488428,"7090,25144","205,7090"
0.7435897435897436,-0.1578947368421052,"8066,15650","2421,15650"
0.7435897435897436,0.358974358974359,"10500,14400","14400,26993"
-0.7435897435897436,0.2564102564102564,"7908,25754","7908,39262"
0.7428571428571429,-0.6857142857142857,"6832,19217","6832,10560"
-0.7422680412371134,-0.25,"119,1629","119,10353"
0.7422063763333138,0.1506276150627615,"1422,2029","2029,8550"
0.7421602787456446,0.1498257839721254,"2802,9850","2802,8506"
-0.7419354838709677,-0.3813559322033898,"9697,17605","4834,17605"
-0.7413793103448276,0.2586206896551724,"5173,23951","5173,31680"
0.7413793103448276,-0.1471374154300983,"2956,5230","2956,3800"
-0.7407407407407407,0.2592592592592592,"5638,24248","5638,33350"
-0.74,0.26,"6193,24580","6193,35165"
0.7396023204907323,0.0209992758870383,"786,2757","786,16798"
0.7391304347826086,-0.7391304347826086,"4066,4345","4066,4345"
-0.7389162561576355,-0.1724137931034483,"1917,6207","4603,6207"
-0.7384615384615385,0.2615384615384615,"4565,23645","4565,30029"
-0.7380952380952381,0.2619047619047619,"7545,25458","7545,38627"
0.7380952380952381,-0.2127659574468085,"7569,25472","10964,25472"
-0.7380952380952381,0.7380952380952381,"7446,7448","7446,7448"
0.7380952380952381,-0.7380952380952381,"13281,22005","13281,22005"
-0.7380952380952381,0.2619047619047619,"7520,25443","7520,38441"
-0.7379310344827587,-0.2939655172413792,"1738,22583","1367,1738"
0.7375,-0.0675675675675675,"6879,19906","4358,6879"
0.736842105263158,0.5438596491228069,"8157,10895","8157,8814"
0.736842105263158,0.543859649122807,"7382,9243","7382,25302"
-0.7368421052631579,0.2631578947368421,"8332,26056","8332,14824"
-0.7358490566037735,0.1218288460179492,"5859,24368","2069,5859"
-0.7346938775510204,-0.2419354838709677,"6272,24630","6272,6393"
0.7346938775510204,0.396551724137931,"3088,6386","3088,23000"
0.734375,0.1796875,"6787,20471","6787,27756"
0.7333333333333334,0.1111111111111111,"8451,10175","8451,40853"
-0.7333333333333334,-0.2448979591836734,"11575,21944","8702,21944"
-0.7333333333333334,0.7333333333333334,"7060,18675","7060,18675"
0.7333333333333333,-0.5,"6854,24989","15940,24989"
0.732824427480916,0.0763358778625954,"4784,19084","4784,29214"
0.7318840579710144,-0.7318840579710144,"3232,9539","3232,9539"
-0.7317073170731707,-0.6764705882352942,"7793,9075","9075,10284"
-0.7317073170731707,0.2682926829268293,"7675,25548","7675,37391"
-0.7317073170731707,0.2682926829268293,"7689,25567","7689,37628"
-0.7313432835820896,0.2686567164179104,"4559,23639","4559,29941"
0.7307692307692308,0.1271712158808932,"15272,16029","5321,15272"
-0.7307692307692307,0.2692307692307692,"3815,23268","3815,28292"
0.7307086614173228,-0.4545454545454545,"194,2894","194,18182"
0.7301587301587302,0.1587301587301587,"10771,13322","13322,40670"
-0.7297297297297297,-0.02710027100271,"8682,26345","3964,8682"
0.7297297297297297,-0.5652173913043478,"6991,15103","15103,16925"
0.7297297297297297,-0.087673038892551,"15606,15708","12609,15606"
0.7297297297297297,-0.0887096774193548,"4924,17570","4924,5046"
-0.7297297297297297,0.2702702702702703,"8486,26189","8486,38931"
-0.7297297297297297,0.2702702702702703,"8509,26214","8509,38994"
-0.7294117647058823,-0.0627705627705627,"3463,20220","2319,3463"
-0.7291666666666667,0.7291666666666667,"10373,18946","10373,18946"
0.7291666666666666,-0.1069364161849711,"6572,24532","6118,24532"
-0.7289719626168225,-0.3725490196078431,"7852,20395","10887,20395"
-0.7281323877068558,0.0378250591016548,"377,22389","377,31087"
-0.7272727272727273,0.7272727272727273,"4591,21014","4591,21014"
0.7272727272727273,0.5272727272727272,"8093,8271","8093,14022"
-0.7272727272727273,0.2727272727272727,"7084,25136","7084,28574"
0.7272727272727273,-0.2727272727272727,"2266,3724","770,2266"
0.7272727272727273,0.0306122448979591,"2171,7095","2171,5169"
-0.7254901960784313,0.7254901960784313,"9535,16652","9535,16652"
-0.725,0.1684426229508197,"8002,25818","5157,8002"
-0.725,0.275,"7979,25803","4106,7979"
-0.725,-0.421969696969697,"7907,9246","7907,10063"
-0.725,-0.3181818181818182,"12036,13259","7700,13259"
-0.725,0.275,"8073,25870","8073,38424"
0.7245145631067962,0.0094267921937824,"588,3866","588,721"
0.7243243243243243,0.054054054054054,"4377,17609","3808,4377"
0.7240356083086054,-0.7240356083086054,"2130,22138","2130,22138"
0.723404255319149,-0.1758241758241758,"6653,24844","4151,24844"
-0.723404255319149,0.2765957446808511,"6755,24927","6755,10690"
0.723404255319149,0.3644067796610169,"5193,6640","5193,23961"
0.7226027397260274,-0.0746268656716417,"2515,15189","2515,2822"
0.7222222222222222,-0.7222222222222222,"6598,8931","6598,8931"
0.7222222222222222,-0.1139240506329113,"8861,26508","3188,26508"
-0.7222222222222222,-0.7222222222222222,"5804,22914","5804,18476"
-0.7222222222222222,0.2777777777777778,"8956,26575","8956,39662"
0.7222222222222222,0.4166666666666667,"11957,14900","14900,32249"
0.7217391304347827,-0.7217391304347827,"7213,14935","7213,19880"
0.7211538461538461,0.063295517432208,"5536,12130","783,5536"
-0.7209302325581395,0.7209302325581395,"9961,11361","9961,11361"
-0.7209302325581395,0.2790697674418604,"7433,25375","7433,36019"
-0.7209302325581395,-0.4189189189189189,"7451,25384","7303,7451"
-0.7209302325581395,0.7209302325581395,"7549,15033","7549,15033"
0.72,0.3,"14916,18513","14916,32255"
0.7188940092165899,-0.3225806451612903,"3535,16247","3535,11120"
0.71875,-0.1287128712871287,"3066,9901","3066,5469"
-0.71875,-0.1463414634146341,"4822,6200","4822,9307"
0.7181097796675686,0.0904522613065326,"3172,5475","3172,4498"
0.717948717948718,-0.034090909090909,"8215,13021","926,13021"
0.717948717948718,-0.1818181818181818,"6781,8234","6781,14748"
0.717948717948718,0.0365168539325842,"1410,8391","1410,8429"
0.717948717948718,0.136986301369863,"8062,8221","8062,40493"
-0.7176470588235294,-0.1037214885954381,"3550,23159","3361,3550"
-0.7176470588235294,-0.1108597285067873,"3536,23149","3536,3972"
0.7175484098406064,-0.6734564548252762,"497,686","686,3466"
0.7173913043478262,-0.7173913043478262,"6886,13999","6886,13999"
-0.7169811320754718,-0.2873563218390804,"11277,12413","9221,12413"
0.7162162162162162,-0.7162162162162162,"3031,4154","3031,4154"
0.7158469945355191,0.1366120218579235,"2429,12728","2429,7068"
0.7142857142857143,0.0982142857142857,"7195,18379","7195,37956"
-0.7142857142857143,-0.2941176470588235,"10808,17467","10808,17215"
-0.7142857142857143,0.7142857142857143,"12398,15666","12398,15666"
0.7142857142857143,-0.0199146514935988,"5642,24249","313,24249"
-0.7142857142857143,0.7142857142857143,"9452,11954","9452,11954"
0.7142857142857143,-0.0903614457831325,"14044,20140","4537,14044"
-0.7142857142857143,-0.3814432989690721,"4935,11059","4598,4935"
-0.7142857142857143,-0.0289330922242314,"9483,21883","1634,9483"
0.7142857142857143,0.5595238095238095,"7625,10372","5400,7625"
-0.7142857142857143,-0.0360696517412935,"9183,26741","682,9183"
0.7142857142857143,-0.6904761904761905,"13156,18225","13156,13952"
-0.7142857142857143,0.2857142857142857,"6619,24818","6619,7128"
-0.7142857142857143,0.2857142857142857,"6466,24739","6466,9119"
0.7136150234741784,0.4131455399061033,"2270,13437","2270,22721"
-0.7128712871287128,-0.5185185185185185,"4365,15333","15315,15333"
-0.7125,-0.4444444444444444,"3809,23265","3809,3916"
0.7115384615384616,-0.7115384615384616,"7506,12874","7506,12874"
0.7115384615384616,0.1923076923076923,"12871,13685","12871,39240"
0.711340206185567,0.3675867420463363,"5131,16790","3163,5131"
0.7111111111111111,0.3037037037037037,"7106,16690","7106,13973"
0.7111111111111111,0.2666666666666666,"8828,21577","8828,27093"
-0.7105263157894737,-0.4819277108433735,"8691,26353","5253,8691"
0.7105263157894737,0.2068965517241379,"4628,8753","4628,7530"
0.7101449275362319,-0.4375,"8537,21486","8537,10975"
0.7098569157392687,0.0095389507154213,"261,6283","261,725"
0.7096774193548387,-0.4482758620689655,"1378,5101","1378,14217"
0.7093155893536122,-0.0099992687920443,"675,2345","675,935"
-0.7093023255813954,0.2906976744186046,"3537,4976","3537,26813"
0.7092198581560284,-0.7092198581560284,"5454,17967","5454,17967"
-0.7083333333333334,-0.1617647058823529,"3143,23015","3143,11486"
-0.7083333333333334,-0.082798459563543,"3129,23011","332,3129"
-0.7083333333333333,0.7083333333333333,"8347,18873","8347,18873"
0.7083333333333333,-0.7083333333333333,"10409,15126","10409,15126"
0.7083333333333333,0.0833333333333333,"6546,9727","6546,40302"
-0.708130081300813,0.708130081300813,"3076,3286","3076,3286"
0.7078651685393258,0.4044943820224719,"6391,21264","5403,6391"
-0.7068062827225131,-0.0404699738903394,"3447,21654","1292,21654"
-0.7067307692307693,-0.4857142857142857,"1124,3402","1124,12359"
-0.7066666666666667,0.1466666666666666,"4138,23423","4138,37309"
-0.7066666666666667,0.2933333333333333,"4204,23451","4204,28207"
0.7064120697784064,0.0316831683168316,"1833,7452","1833,29201"
0.7058823529411765,-0.136,"9720,27230","5612,27230"
0.7058823529411765,0.2539432807562566,"1715,9675","1696,1715"
-0.7058823529411765,0.2941176470588235,"9751,27248","9751,39997"
0.7058823529411764,0.6139904610492846,"9943,18945","2731,9943"
0.7058823529411764,-0.5,"11344,21260","11344,19701"
0.7058823529411764,0.1376887038001041,"8478,8822","8822,10956"
-0.7056603773584906,0.7056603773584906,"1951,7606","1951,7606"
0.7056367432150313,0.0208768267223382,"1197,8395","1197,40165"
-0.7054176072234764,-0.2679458239277652,"104,22376","104,13894"
0.7049180327868853,0.1885245901639344,"6350,6912","6350,27686"
0.7045454545454546,-0.4166666666666667,"10967,16004","10967,16312"
0.7045454545454546,0.2030075187969924,"2837,7409","2837,3374"
-0.7045454545454546,0.2954545454545454,"7422,25369","7422,34474"
-0.7045454545454546,-0.2115384615384615,"7391,25345","7391,8580"
0.7027027027027027,-0.6470588235294117,"9039,18978","3331,18978"
-0.7027027027027027,-0.7027027027027026,"8938,26562","8938,15651"
-0.7021276595744681,0.2978723404255319,"6853,24988","6853,32767"
0.7021276595744681,-0.7021276595744681,"5326,13647","5326,13647"
0.7017543859649122,-0.0353697749196141,"3487,5674","3487,4710"
0.7014925373134329,0.2238805970149253,"11933,12173","11933,32535"
0.7,-0.6444444444444444,"7138,7653","7138,17328"
0.7,0.0835164835164835,"731,4707","4707,5728"
-0.7,-0.0530821917808219,"8403,26116","1751,8403"
0.6976744186046512,-0.6976744186046512,"12330,15938","12330,15938"
-0.6976744186046512,0.3023255813953488,"7686,25565","7686,34378"
-0.6976744186046512,0.3023255813953488,"7785,25641","7785,26032"
-0.6976744186046512,-0.2543859649122807,"7739,25595","6222,7739"
0.6974789915966386,0.5462184873949579,"3265,18453","3265,23049"
0.6971153846153846,0.1442307692307692,"2869,14912","2869,25665"
-0.696969696969697,0.303030303030303,"10105,27530","10105,39533"
0.6956521739130435,0.4833333333333333,"4651,7488","3710,7488"
-0.6956521739130435,0.144927536231884,"4576,23649","4576,13196"
-0.6956521739130435,-0.3004484304932735,"7244,25072","2983,7244"
-0.6956521739130435,0.3043478260869565,"4607,23661","4607,13956"
-0.6956521739130435,0.6956521739130435,"7182,12212","7182,12212"
-0.6956160241874527,-0.0164948453608247,"217,5279","2454,5279"
0.6951219512195121,-0.0286379830090435,"9498,20165","9498,11345"
0.6944444444444444,0.3611111111111111,"16755,19444","16755,34286"
0.6944444444444444,-0.3055555555555556,"9523,20514","9523,20316"
-0.6944444444444444,0.3055555555555556,"9322,26873","9322,37778"
-0.6944444444444444,0.6944444444444444,"8152,9533","8152,9533"
-0.6944444444444444,0.3055555555555556,"9318,26869","9318,14696"
0.6938775510204082,0.2040816326530612,"9780,16163","9780,40106"
-0.6938775510204082,0.6938775510204082,"6726,14349","6726,14349"
0.6923076923076923,-0.6923076923076923,"13030,20095","13030,20095"
0.6923076923076923,-0.1013824884792626,"4578,8503","4578,5424"
-0.6923076923076923,-0.3444816053511705,"8647,9354","7734,8647"
-0.6923076923076923,0.1282051282051282,"4110,23413","339,4110"
0.6904761904761905,0.4620811287477954,"7839,8129","5221,8129"
0.6904761904761905,-0.0714285714285714,"8010,25826","7492,25826"
0.6904761904761905,-0.6511627906976745,"8100,25885","8459,25885"
0.6900584795321638,0.0818713450292397,"4150,14237","4150,12373"
0.6888888888888889,-0.6888888888888889,"7376,19973","7376,19973"
0.6888888888888889,-0.3548387096774194,"11615,21920","11571,11615"
-0.6888888888888889,0.3111111111111111,"7512,18141","7512,8098"
-0.6888888888888889,-0.1338582677165354,"3493,5954","5954,6595"
0.6885245901639344,0.1229508196721311,"5897,14405","5897,31717"
-0.6875,-0.3819444444444444,"10520,11030","9272,10520"
0.6875,-0.1723790322580645,"18597,19810","4661,19810"
-0.6875,-0.6071428571428571,"10841,28200","10841,13209"
-0.6875,0.0625,"1481,22522","1481,36974"
0.6875,0.5769230769230769,"10856,15245","8324,15245"
0.6875,0.509090909090909,"8191,10482","8191,25251"
-0.6875,-0.2826086956521739,"10581,27954","6971,10581"
-0.6875,-0.0036290322580644,"10590,27960","4550,10590"
0.6875,-0.6875,"6698,18478","6698,18478"
0.6862745098039216,-0.6862745098039216,"5197,6460","5197,6460"
0.6862745098039216,-0.1488888888888889,"3899,12595","3899,6098"
0.6861702127659575,0.2074468085106383,"3696,6558","3492,3696"
-0.6857142857142857,0.6857142857142857,"8514,9799","8514,9799"
-0.6857142857142857,-0.5555555555555556,"9666,11031","11031,14566"
-0.6857142857142857,-0.175438596491228,"9913,27358","9454,9913"
0.6857142857142857,0.3428571428571428,"9627,12118","9627,10050"
-0.6851851851851852,0.3148148148148148,"6205,24593","6205,30679"
0.6847826086956522,0.0662251655629139,"3455,9553","9553,40956"
0.6847826086956521,0.1630434782608695,"7889,16529","7889,31739"
0.6842105263157895,0.6628513030148186,"5795,12955","3668,5795"
0.6842105263157895,0.0482625482625482,"635,9071","635,26951"
0.6842105263157895,-0.6097560975609756,"8920,16226","2779,8920"
0.6842105263157895,0.4434782608695652,"9053,11813","3339,11813"
0.6842105263157895,-0.1923076923076923,"8980,25604","3922,25604"
-0.6842105263157895,-0.3303571428571428,"8996,26612","6053,8996"
0.6835461785664385,-0.1673857191332589,"240,582","582,4631"
-0.6829268292682927,0.3170731707317073,"8281,8398","8398,34998"
0.6829268292682927,0.2083333333333333,"8190,9898","9898,40669"
-0.6818181818181818,0.3181818181818182,"7649,25527","7649,32899"
-0.6810344827586207,0.3189655172413793,"2600,22835","2600,24494"
-0.680952380952381,0.680952380952381,"3183,10019","3183,10019"
0.6808510638297872,-0.6808510638297872,"6213,7080","6213,7080"
0.6808510638297872,-0.2941176470588235,"7100,15989","7100,9831"
0.680672268907563,0.1428571428571428,"5972,16854","5972,30432"
0.680140597539543,0.6585365853658536,"255,5498","5498,13291"
-0.68,0.32,"4301,23503","4301,27074"
0.6799999999999999,-0.3199999999999999,"6007,6737","6737,16696"
-0.6794871794871795,0.1282051282051282,"4148,19957","4148,6554"
0.6793478260869565,0.0652173913043478,"3720,11646","578,3720"
0.6788321167883211,0.3503649635036496,"4633,12047","4633,23669"
-0.6781609195402298,0.2222222222222222,"845,22429","845,23237"
0.6781609195402298,-0.6781609195402298,"6232,19987","6232,19987"
0.6780290246371921,0.0060749240634492,"53,1891","53,14068"
-0.6774193548387096,-0.0532687651331719,"11117,11745","5618,11117"
-0.6774193548387096,0.3225806451612903,"11355,28628","11355,40778"
-0.6774193548387096,0.3225806451612903,"375,10904","3169,10904"
-0.6774193548387096,0.3225806451612903,"1086,11067","11067,39625"
0.6774193548387096,-0.16,"6233,11263","6233,12086"
0.6774193548387096,0.6153846153846154,"9689,11379","9689,9738"
-0.6774193548387096,0.3225806451612903,"11127,28455","11127,39933"
-0.6774193548387096,-0.1964285714285714,"11216,28515","9496,11216"
0.6774193548387096,-0.0307262569832402,"10980,28319","653,28319"
0.6766917293233083,-0.6766917293233083,"4124,9127","4124,9127"
-0.6764705882352942,0.3235294117647059,"10233,25221","10233,16974"
-0.6764705882352942,0.6764705882352942,"10010,12048","10010,12048"
0.6764705882352942,-0.1292517006802721,"4820,22706","6209,22706"
-0.6764705882352942,0.3235294117647059,"10124,27549","8733,10124"
0.6764705882352942,-0.0374064837905236,"10104,11307","727,11307"
-0.6756756756756757,-0.091710758377425,"9399,26932","1055,9399"
-0.6756756756756757,0.3243243243243243,"9211,9241","9211,35502"
-0.6756756756756757,0.3243243243243243,"9313,26862","9313,35949"
0.675,0.325,"16348,18954","16348,35215"
0.675,0.25,"12368,13095","13095,40005"
0.675,-0.0846153846153846,"15704,18812","1998,15704"
-0.675,0.325,"8769,26424","8769,35142"
0.675,0.25,"11815,13135","11191,13135"
0.675,0.5961538461538461,"8653,8654","7450,8654"
-0.6744186046511628,-0.3555780249410178,"8060,25864","4771,8060"
-0.6744186046511628,-0.0857142857142857,"7935,25769","7935,8249"
-0.6744186046511628,0.0547480620155039,"7860,25710","7860,15773"
0.6739130434782609,0.3260869565217391,"11161,14135","14135,19003"
-0.6739130434782609,0.3260869565217391,"7565,25470","7565,32586"
0.6734693877551021,0.1122448979591836,"7304,15720","7304,38803"
-0.673469387755102,0.3265306122448979,"4804,6864","1242,6864"
-0.673469387755102,0.3265306122448979,"6831,20503","6831,30716"
-0.6730769230769231,-0.6296296296296297,"6467,24740","6467,13070"
-0.6727272727272727,0.6727272727272727,"10982,21985","10982,21985"
0.6727272727272727,0.2165605095541401,"6091,6746","6746,24912"
0.671875,-0.0250737463126843,"1363,5203","389,1363"
0.671875,-0.1733333333333333,"5252,7173","6489,7173"
0.6716417910447761,0.0388059701492537,"10128,11636","1883,10128"
0.6708860759493671,-0.0003955696202531,"6080,21602","6080,13320"
0.6707317073170731,0.2926829268292683,"7377,14765","7377,27151"
-0.6705202312138728,-0.5416666666666666,"3849,12497","9011,12497"
-0.6703910614525139,-0.109375,"3684,6168","6168,7833"
0.6701030927835052,-0.6701030927835052,"5242,14637","5242,14637"
0.6694214876033058,-0.6694214876033058,"5633,10557","5633,10557"
0.6672164948453608,0.1989358164283339,"3185,5872","1239,3185"
0.6666666666666667,-0.2,"3559,12073","9511,12073"
0.6666666666666667,0.1851851851851851,"12109,18025","12109,25413"
0.6666666666666667,-0.6666666666666667,"10705,19119","10705,19119"
0.6666666666666667,0.4603174603174603,"7924,18079","7924,9439"
0.6666666666666667,-0.6666666666666667,"13010,17245","13010,17245"
0.6666666666666667,-0.6666666666666667,"11498,14430","11498,14430"
0.6666666666666667,0.2499999999999999,"11559,13683","11559,15591"
0.6666666666666667,0.6666666666666666,"6349,21375","5659,6349"
0.6666666666666667,0.2083333333333333,"10703,12045","559,10703"
-0.6666666666666666,0.3333333333333333,"11806,29050","11806,40314"
0.6666666666666666,0.1009174311926605,"6260,6490","179,6490"
-0.6666666666666666,-0.1621621621621621,"11553,28838","5979,11553"
-0.6666666666666666,0.1746031746031746,"5329,13573","5329,19931"
-0.6666666666666666,0.3333333333333333,"11563,28848","11563,14570"
-0.6666666666666666,-0.2051282051282051,"11672,28935","10991,11672"
0.6666666666666666,-0.1666666666666666,"11656,19204","5862,19204"
-0.6666666666666666,-0.4285714285714285,"8241,26000","8241,12249"
-0.6666666666666666,0.3333333333333333,"10729,28105","10729,35297"
-0.6666666666666666,-0.24375,"9829,27296","4088,9829"
-0.6666666666666666,0.3333333333333333,"9006,26619","9006,13177"
0.6666666666666666,-0.1587301587301587,"3792,7826","3792,8529"
0.6666666666666666,-0.0622406639004149,"4136,8243","4136,4856"
-0.6666666666666666,0.3333333333333333,"10585,27955","10585,37780"
-0.6666666666666666,0.3333333333333333,"9832,27298","9832,36399"
-0.6666666666666666,0.3333333333333333,"5654,24254","5654,29048"
-0.6666666666666666,-0.1343283582089552,"11412,28682","5180,11412"
0.6666666666666666,-0.5,"10484,25827","19404,25827"
0.6666666666666666,-0.1272727272727272,"11828,29064","9845,29064"
-0.6666666666666666,0.1962365591397849,"11855,29101","1589,11855"
0.6666666666666666,0.5,"1863,17240","17240,30862"
-0.6666666666666666,-0.0389344262295082,"355,8448","677,8448"
-0.6650246305418719,0.1477832512315271,"1275,22492","1275,25515"
0.6615384615384615,-0.3384615384615385,"10700,19191","9939,10700"
0.6610749365412206,-0.2307692307692307,"1602,7313","1602,9665"
-0.6609195402298851,0.0632183908045977,"1588,7558","1588,37322"
0.6603773584905661,-0.6603773584905661,"6476,14350","6476,14350"
0.6595744680851063,-0.1666666666666666,"2118,22682","13215,22682"
0.6590909090909092,-0.6590909090909092,"996,7285","996,7285"
0.6590909090909091,-0.2040816326530612,"7897,25744","5835,25744"
0.6588235294117647,0.4482758620689655,"3934,17954","7116,17954"
0.6578947368421053,-0.6578947368421053,"14630,16868","14630,16868"
-0.6578947368421053,-0.1581632653061224,"9200,26757","2968,9200"
-0.6578947368421053,0.3421052631578947,"9430,26968","9430,34888"
-0.6571428571428571,-0.0802919708029197,"343,4848","4848,7692"
-0.6571428571428571,-0.3321428571428572,"7002,10274","8721,10274"
0.6571428571428571,-0.2135922330097087,"11294,16758","7014,16758"
0.6563106796116505,0.0213592233009708,"359,14668","359,14278"
0.65625,-0.3148148148148148,"10925,12271","12271,12784"
-0.65625,0.0590784671532846,"11242,23174","5717,11242"
-0.65625,-0.4166666666666667,"11125,28454","11125,15030"
0.65625,0.4578878748370273,"6104,11376","5177,6104"
-0.65625,0.34375,"11220,17843","11220,38161"
-0.65625,0.34375,"11407,28675","11407,38798"
-0.65625,-0.3793103448275862,"8461,10974","10974,12250"
0.65625,-0.08,"11106,14540","6754,11106"
-0.65625,-0.0819209039548022,"11194,28502","2463,11194"
-0.6557377049180327,-0.0848484848484848,"5608,24227","5608,5901"
-0.6554054054054055,0.6554054054054055,"4349,10651","4349,10651"
0.6551724137931034,-0.0144404332129963,"5922,10319","2154,10319"
-0.6551724137931034,0.3448275862068966,"7311,12003","12003,38947"
0.6550099206349207,0.1825396825396825,"4745,6148","6148,27268"
-0.6549707602339181,0.6549707602339181,"3517,3678","3517,3678"
0.6538461538461539,-0.6495726495726496,"5500,8695","5363,8695"
-0.6535269709543569,-0.073170731707317,"922,18061","5702,18061"
0.6535087719298245,0.1416666666666666,"4712,8220","4712,30206"
0.6534653465346535,0.3762376237623762,"4837,6009","6009,24464"
0.6526315789473685,-0.1377245508982036,"1901,10352","1901,3570"
-0.6526315789473685,-0.0809248554913294,"3522,23140","3522,4881"
0.6525474525474526,-0.0503472222222222,"4114,4699","3440,4699"
-0.652542372881356,-0.0632911392405063,"2692,22865","2692,6497"
-0.6523098157018754,0.6523098157018754,"856,900","856,900"
-0.6521739130434783,0.3185687726279396,"7728,25589","172,7728"
0.6515151515151515,-0.0555555555555555,"5259,9377","9377,9867"
-0.6511627906976745,0.6511627906976745,"8386,18929","8386,18929"
0.6511627906976745,-0.0714285714285714,"8470,26171","6431,26171"
-0.6507936507936508,0.1904761904761904,"5526,12273","5526,20226"
-0.6507936507936508,-0.4901960784313725,"5542,6767","6767,9027"
-0.65,0.35,"8977,11528","8977,33215"
0.65,0.0,"5708,9019","5708,12225"
0.6496815286624205,-0.6496815286624205,"3985,7827","3985,7827"
-0.6491228070175439,0.3508771929824561,"6180,24568","6180,29140"
-0.6486486486486487,-0.6486486486486487,"9565,27075","9565,12723"
0.6486486486486487,-0.4666666666666667,"9775,26090","8376,26090"
-0.6486486486486487,-0.1183206106870229,"9768,25980","1321,9768"
-0.6486486486486487,-0.1967213114754098,"9892,27339","4369,9892"
-0.6486486486486487,0.3513513513513513,"9803,27274","9803,34747"
-0.6486486486486487,0.3513513513513513,"9889,27330","9889,35011"
0.6470588235294118,0.4111111111111111,"5057,10492","5057,10493"
0.6470588235294118,0.3157894736842105,"3276,10553","3276,25559"
0.6470588235294118,0.274387874076953,"10813,19779","1358,19779"
0.6470588235294118,-0.4651162790697674,"5083,23899","11657,23899"
-0.6470588235294118,-0.5053763440860215,"10722,28093","4777,10722"
0.6470588235294117,-0.6470588235294117,"11606,19943","11606,19943"
0.6470588235294117,0.2941176470588235,"16014,18047","18047,32768"
-0.6470588235294117,0.6470588235294117,"18621,21744","18621,21744"
0.6461538461538461,-0.0439560439560439,"10340,22107","1660,10340"
0.6455227516320764,-0.6455227516320764,"1362,10195","1362,10195"
-0.6451612903225806,0.3548387096774194,"11897,29145","11897,38549"
-0.6451612903225806,0.6451612903225806,"11771,13640","11771,13640"
-0.6451612903225806,0.6451612903225806,"11218,11884","11218,11884"
0.6451612903225806,0.5555555555555556,"7747,11542","7747,25598"
-0.6451612903225806,-0.1188455008488963,"11524,28805","6216,11524"
-0.6451612903225806,-0.0706521739130434,"3610,23180","2986,3610"
-0.6451612903225806,0.3548387096774194,"11858,14515","11858,28776"
0.6451612903225806,0.0983606557377049,"4285,11493","4285,17852"
-0.6451612903225806,0.3548387096774194,"3614,23182","3614,14273"
-0.6451612903225806,-0.1120689655172413,"11452,28731","5721,11452"
0.6448598130841121,0.102803738317757,"5900,16070","3460,5900"
-0.6447368421052632,0.6447368421052632,"8747,20128","8747,20128"
0.6444444444444445,0.5833333333333333,"3723,10923","10923,15327"
0.6440677966101696,-0.6440677966101696,"11009,14519","11009,14519"
-0.6433239962651728,0.6433239962651728,"1828,6871","1828,6871"
0.643151442066124,-0.1544113325104332,"1016,10892","1016,13886"
-0.6428571428571429,0.3571428571428571,"12513,29749","12513,40409"
0.6428571428571429,-0.5238095238095238,"12437,20003","20003,20199"
0.6428571428571429,-0.1134020618556701,"12688,29931","8884,29931"
-0.6428571428571429,0.3571428571428571,"12525,29764","12525,40461"
-0.6428571428571429,0.3571428571428571,"12155,29382","12155,39284"
0.6428571428571429,0.0,"7758,12682","7758,8679"
-0.6428571428571429,0.1904761904761905,"12676,29915","12676,14371"
-0.6428571428571429,-0.2470588235294117,"6319,24649","6319,11253"
-0.6428571428571429,0.3571428571428571,"12631,29884","12631,40815"
-0.6428571428571429,-0.4347826086956521,"12301,15566","12301,17113"
0.6428571428571429,-0.4347826086956521,"8571,26261","17555,26261"
0.6428571428571429,0.1833333333333333,"5942,8479","5942,37877"
-0.6428571428571429,-0.0625,"12326,29566","4034,12326"
-0.6428571428571429,-0.0699481865284974,"12521,29762","3473,12521"
-0.6428571428571429,-0.3701298701298701,"12702,29945","7140,12702"
-0.6428571428571429,-0.0428571428571428,"8784,9101","8784,15664"
0.6428571428571428,-0.6428571428571428,"7572,8794","7572,8794"
-0.6428571428571428,0.6428571428571428,"12254,20453","12254,20453"
0.6421052631578947,0.1219512195121951,"1478,5025","5025,36106"
0.6419586990411514,0.0312213039485766,"443,7464","443,10709"
-0.6417112299465241,0.0775401069518716,"531,22401","531,25783"
0.641025641025641,0.1526535480023853,"9366,10192","9366,10629"
-0.640625,0.359375,"5502,24138","5502,25376"
0.64,0.5,"7122,21211","21211,28357"
-0.64,0.64,"7503,13826","7503,13826"
-0.639344262295082,-0.6296296296296297,"5860,24369","5860,13026"
-0.6388888888888888,0.3611111111111111,"10007,27439","10007,34038"
0.6388888888888888,0.6388888888888888,"10108,18436","10108,27537"
0.6385611181120403,0.0705345739828498,"2734,7809","662,2734"
-0.6385542168674698,0.3614457831325301,"4139,23424","4139,25523"
0.6382978723404256,0.6153846153846154,"7596,13787","13787,31049"
-0.6380368098159509,0.0920245398773006,"1797,22599","1797,6178"
-0.6379310344827587,0.6379310344827587,"4057,10517","4057,10517"
0.6376315145583558,0.0547263681592039,"3165,4561","3165,37268"
-0.6375,0.2,"4385,23548","4385,5435"
-0.6370370370370371,-0.3125,"2335,22745","2335,12904"
0.6363636363636364,-0.6363636363636364,"4213,10246","4213,10246"
0.6363636363636364,0.6363636363636364,"11394,19601","11394,28663"
0.6363636363636364,-0.6363636363636364,"11892,18433","11892,18433"
0.6363636363636364,-0.0352564102564102,"11139,28464","3216,28464"
-0.6363636363636364,0.1818181818181818,"6507,24766","6507,39926"
0.6363636363636364,0.55,"10481,10983","10481,27874"
-0.635265893642543,0.635265893642543,"794,14131","794,14131"
-0.6344827586206896,0.6344827586206896,"4191,18834","4191,18834"
-0.6341463414634146,-0.0775862068965517,"4247,12360","1934,4247"
0.6338797814207651,-0.6338797814207651,"1565,6541","1565,6541"
0.6333333333333333,0.0308641975308641,"403,2397","403,10993"
0.6326530612244898,-0.0,"7574,20482","15130,20482"
0.6326435082532644,0.6185318029650884,"906,973","906,957"
-0.6324110671936759,-0.1437125748502994,"2123,15197","3553,15197"
0.6318284889713461,0.0124716553287981,"315,4127","315,2007"
-0.631578947368421,0.3684210526315789,"9637,27143","9637,32918"
-0.631578947368421,0.3684210526315789,"9960,27390","9960,33847"
0.631578947368421,-0.631578947368421,"9883,15079","9883,15079"
-0.6304347826086957,-0.2727272727272727,"7858,25707","7214,7858"
0.63,0.11,"6132,15228","6132,13398"
-0.63,-0.2340425531914893,"3424,23110","3424,10423"
-0.6296296296296297,-0.1014492753623188,"12861,30121","3016,12861"
-0.6296296296296297,-0.2419354838709677,"13093,30351","6169,13093"
-0.6296296296296297,0.3703703703703703,"12886,30151","12886,39295"
-0.6296296296296297,-0.2941176470588235,"12876,30140","6290,12876"
0.6296296296296297,-0.2244897959183673,"12879,27824","5925,27824"
-0.6296296296296297,0.3703703703703703,"13049,30308","13049,39845"
-0.6296296296296297,0.3703703703703703,"12908,30175","6788,12908"
-0.6296296296296297,-0.6296296296296297,"13308,17418","12901,13308"
-0.6296296296296297,0.3703703703703703,"12726,29985","12726,38935"
0.6296296296296297,-0.0536912751677852,"12891,27168","1610,27168"
-0.6296296296296297,0.3703703703703703,"13228,30483","1774,13228"
0.6296296296296297,0.2037037037037037,"5631,16190","940,5631"
-0.6296296296296297,0.3703703703703703,"12724,29984","12724,38928"
-0.6296296296296297,0.3703703703703703,"13423,30664","13423,16230"
0.6296296296296297,-0.2,"12982,30241","12494,30241"
-0.6296296296296297,-0.4827586206896552,"13282,30548","13282,14762"
-0.6296296296296297,-0.1056910569105691,"13036,30292","4722,13036"
-0.6296296296296297,0.3703703703703703,"12985,30245","12985,39643"
0.6296296296296297,0.1704545454545454,"4025,13173","4025,32486"
0.6296296296296297,0.2711864406779661,"7047,13408","7047,25746"
-0.6296296296296297,0.3703703703703703,"12927,30187","8644,12927"
0.6296296296296297,0.0408530674421825,"6459,13033","5669,6459"
0.6285714285714286,0.0873015873015873,"10462,11552","11552,30863"
-0.6285714285714286,-0.0696202531645569,"10623,11027","10157,11027"
-0.6285714285714286,0.3714285714285714,"10752,28127","10752,34980"
0.6285714285714286,-0.6285714285714286,"14535,17018","14535,17018"
0.6282051282051282,-0.6282051282051282,"7933,11174","7933,11174"
-0.6282051282051282,-0.2068965517241379,"4557,23635","3471,4557"
-0.6282051282051282,0.3717948717948718,"4540,23627","4540,7962"
-0.627906976744186,-0.1359223300970873,"8505,26208","4210,8505"
-0.6271186440677966,-0.5652173913043478,"10797,17727","16963,17727"
-0.6265060240963856,-0.1756756756756756,"4269,4295","4269,4687"
-0.6261682242990654,-0.2906388846330626,"3192,23024","3192,8859"
0.6255639097744361,-0.6255639097744361,"2836,3211","2836,3211"
-0.625,0.625,"5644,8074","5644,8074"
0.625,-0.1403508771929824,"1539,2766","1539,8017"
-0.625,0.625,"7830,22067","7830,22067"
-0.625,0.375,"11460,28297","11460,35452"
-0.625,0.375,"11834,29076","11834,36476"
-0.625,0.375,"11459,28742","11459,29081"
-0.625,0.625,"18972,18996","18972,18996"
-0.625,-0.0825471698113207,"7817,23012","1994,7817"
0.625,-0.3018867924528302,"4980,23846","9324,23846"
0.625,0.4074074074074074,"11900,16136","14072,16136"
-0.625,-0.0536277602523659,"11963,29194","3712,11963"
0.6229508196721312,-0.1532846715328467,"4686,5986","4686,8369"
-0.6226415094339622,-0.3513513513513513,"11232,11909","11909,16811"
-0.6226415094339622,0.6226415094339622,"6911,14592","6911,14592"
0.6224489795918368,-0.1478260869565217,"3567,14036","6674,14036"
0.6212121212121212,0.1818181818181818,"9321,19170","9321,35998"
-0.6212121212121212,-0.1690140845070422,"5501,14794","4424,5501"
0.6207450646028727,0.0259067357512953,"920,1496","920,40168"
0.6206896551724138,-0.25,"12516,29754","14741,29754"
-0.6206896551724138,-0.3738317757009345,"12110,29340","5656,12110"
-0.6206896551724138,0.3793103448275862,"12207,29424","2511,12207"
0.6206896551724138,0.0417318727177881,"4459,12541","3045,4459"
-0.6206896551724138,-0.0651340996168582,"3975,12684","2080,12684"
-0.6206896551724138,0.043103448275862,"1161,22478","1161,40280"
-0.6206896551724138,-0.3636363636363636,"12345,29586","11782,12345"
-0.6206896551724138,0.3793103448275862,"12232,24345","12232,37595"
-0.6206896551724138,-0.1785714285714285,"12293,29525","10265,12293"
-0.6206896551724138,0.3793103448275862,"12424,29663","12424,38109"
0.6206896551724138,0.0063171193935565,"184,12484","184,40549"
0.6206896551724138,-0.3645833333333333,"4890,12248","4890,6569"
0.6206896551724138,-0.1460957178841309,"12644,23253","1203,23253"
-0.6206896551724138,0.3793103448275862,"12096,29333","12096,37269"
0.6195652173913043,-0.5698067632850242,"6529,19205","6529,7211"
0.6190476190476191,-0.014002333722287,"12936,13734","2046,13734"
-0.6187290969899666,-0.2702702702702703,"1623,18795","16368,18795"
-0.6181818181818182,-0.1189320388349514,"6719,24879","457,6719"
0.6176470588235294,0.362200860764283,"245,11070","114,245"
0.6176470588235294,0.026021505376344,"801,11111","801,5935"
0.6176470588235294,-0.2222222222222222,"11154,25234","1653,25234"
-0.6176470588235294,0.6176470588235294,"8039,9580","8039,9580"
-0.6176470588235294,-0.0745614035087719,"11074,23638","5065,11074"
0.6176470588235294,0.5,"11166,21728","14219,21728"
-0.6176470588235294,0.3823529411764705,"11000,28345","11000,34238"
0.6170212765957447,-0.0065359477124183,"7976,15115","10225,15115"
0.6169840992486458,0.0338983050847457,"1134,1147","1147,12574"
-0.6164383561643836,0.3835616438356164,"3288,4950","4950,19845"
0.6164383561643836,-0.197869101978691,"3894,18438","3877,3894"
-0.6164383561643836,0.1643835616438356,"4982,23847","4982,36397"
-0.6163522012578616,0.0880503144654088,"1973,22647","1973,33216"
-0.615509897268855,-0.2742165242165242,"958,2416","2416,12706"
-0.6153846153846154,-0.0347394540942928,"6375,14176","12605,14176"
-0.6153846153846154,0.6153846153846154,"3927,12929","3927,12929"
0.6153846153846154,-0.5483870967741935,"14249,29149","13143,29149"
0.6153846153846154,0.2073170731707317,"6519,13707","6519,30363"
0.6153846153846154,0.1391941391941392,"7261,9289","7261,10737"
0.6153846153846154,-0.0219298245614035,"15165,20377","8589,15165"
-0.6153846153846154,0.6153846153846154,"9887,16179","9887,16179"
0.6153846153846154,0.1242603550295858,"3260,8855","3260,28245"
-0.6153846153846154,-0.036036036036036,"3703,6811","3703,5302"
0.6153846153846154,-0.0378060641941895,"2372,8005","2372,6155"
-0.6153846153846154,0.3846153846153846,"1057,13704","6806,13704"
-0.6153846153846154,0.3657028550645572,"13479,30719","202,13479"
0.6153846153846154,0.6153846153846154,"13475,14050","14050,26972"
0.6153846153846154,-0.0755813953488372,"9545,9646","5939,9545"
0.6153846153846154,0.1276102088167053,"2627,9725","2627,6688"
-0.6153846153846154,0.3846153846153846,"13901,31171","13901,21544"
-0.6153846153846154,-0.2678571428571428,"9575,27089","8227,9575"
-0.6153846153846154,0.3846153846153846,"13812,31076","13812,39747"
-0.6153846153846154,0.3846153846153846,"9680,27179","9680,22916"
0.6151737640724424,0.6097832250185371,"787,821","821,932"
-0.6143790849673203,-0.0285204991087343,"2067,22669","2067,3728"
-0.6142857142857143,0.1428571428571428,"5241,23999","5241,37512"
0.6141009595327492,0.527170868347339,"2556,2638","2556,2639"
-0.6140350877192983,0.1052631578947368,"3009,22973","3009,23750"
0.6136363636363636,0.1590909090909091,"5624,13811","5624,11537"
-0.6136363636363636,-0.0357142857142857,"8698,26363","2875,8698"
0.6129032258064516,-0.1167253645759592,"6,12002","6,448"
-0.6125,0.6125,"4471,16418","4471,16418"
0.6111111111111112,-0.6111111111111112,"10449,21106","10449,21106"
-0.6111111111111112,0.3888888888888889,"10665,28039","10665,33338"
-0.6111111111111112,0.1851851851851851,"6836,24979","6836,38965"
0.6111111111111112,-0.2406015037593984,"10796,25122","7075,25122"
0.6111111111111112,0.6111111111111112,"7920,10692","10692,28065"
0.6111111111111112,-0.3076923076923077,"811,10662","811,8516"
-0.6111111111111112,-0.0150375939849624,"10472,27870","669,10472"
0.6107065348444659,-0.6107065348444659,"1675,1681","1675,1681"
0.6098841023398207,0.0483271375464684,"3313,10499","3313,27891"
-0.6097560975609756,0.3902439024390244,"9515,27029","9515,31500"
0.609375,-0.0696924603174602,"9292,11057","6704,9292"
-0.609375,0.390625,"5775,16042","5775,12491"
-0.6091954022988506,0.1264367816091954,"2864,4178","1976,4178"
-0.6086956521739131,-0.102803738317757,"5396,24081","1255,5396"
-0.6086956521739131,0.1135265700483091,"5409,24087","5409,15105"
0.6086956521739131,-0.2619047619047619,"8593,11330","8593,13911"
-0.6086956521739131,0.391304347826087,"8162,25938","8162,29250"
-0.6086956521739131,0.2748659916617034,"8206,25974","4482,8206"
0.6086956521739131,-0.0970873786407767,"8401,26114","4630,26114"
-0.6083333333333333,0.2916666666666667,"2868,10445","2868,2886"
0.6078431372549019,0.0898876404494382,"5584,7524","5584,10043"
-0.6071428571428571,0.3928571428571428,"12895,30163","12895,37430"
-0.6071428571428571,0.3928571428571428,"9986,12709","12709,36966"
0.6071428571428571,-0.0309278350515463,"13225,30481","888,30481"
0.6071428571428571,-0.5,"13347,23334","21617,23334"
-0.6071428571428571,0.3928571428571428,"13323,30579","13323,38526"
0.6071428571428571,-0.4791666666666667,"13357,23786","4867,23786"
-0.6071428571428571,-0.0871428571428571,"13223,29037","13223,17277"
0.6071428571428571,0.5416666666666666,"13426,16938","16938,34467"
-0.6071428571428571,0.3928571428571428,"12804,30072","12804,32204"
-0.6071428571428571,0.0693277310924369,"12786,30050","10237,12786"
-0.6060606060606061,0.6060606060606061,"6337,11417","6337,11417"
-0.6060606060606061,-0.0363036303630363,"11802,25620","1466,11802"
0.6060606060606061,-0.1,"11797,25115","2657,25115"
-0.6060606060606061,0.3939393939393939,"11788,27042","11788,34773"
-0.6060606060606061,0.3939393939393939,"11522,19453","11522,34166"
-0.6060606060606061,0.3939393939393939,"11979,29202","11979,35266"
0.606048166392994,-0.606048166392994,"2003,4184","2003,4184"
-0.6052631578947368,0.6052631578947368,"4892,20762","4892,20762"
0.6052631578947368,-0.3278688524590163,"4103,10355","4103,7552"
-0.6043956043956044,-0.1377289377289377,"4033,23375","4033,9784"
-0.6037735849056604,0.3962264150943396,"7077,25128","7077,28253"
-0.6037735849056604,0.160377358490566,"3345,23077","2193,3345"
-0.6025641025641025,-0.4918032786885246,"4779,23743","4779,7536"
-0.6024096385542168,0.6024096385542168,"4405,9984","4405,9984"
0.6,0.15,"4629,17124","4629,29638"
0.6,0.1464968152866242,"3134,12412","3134,26912"
0.6,0.2869565217391304,"3120,12269","3120,25030"
-0.6,0.4,"7801,25653","7801,29104"
-0.6,0.6,"9911,17342","9911,17342"
-0.6,0.4,"7604,25503","7604,28734"
-0.6,0.4,"15119,24801","15119,40682"
-0.6,0.4,"14443,31762","14443,39139"
-0.6,0.4,"15006,32361","15006,40411"
0.6,0.0930232558139534,"5653,11229","5653,36364"
-0.6,0.4,"8770,26426","8770,29878"
0.6,-0.56,"12623,29871","15540,29871"
0.6,-0.0685483870967741,"15423,19046","6902,15423"
-0.6,0.4,"12022,29256","12022,35400"
0.6,0.5700934579439252,"3552,12364","3290,3552"
-0.6,-0.1005586592178771,"9817,27285","5997,9817"
0.6,0.5238095238095238,"15011,20417","20417,38604"
0.6,0.5,"8723,21894","5073,21894"
-0.6,0.4,"11310,25045","11310,33627"
-0.6,0.4,"14923,32263","14923,40226"
-0.6,0.4,"14313,31612","14313,38924"
-0.6,-0.55,"12168,29394","10842,12168"
-0.6,0.4,"14619,31947","14619,39576"
0.6,0.1326754385964912,"6267,6473","6473,6703"
-0.6,-0.5,"15143,15852","15143,20732"
-0.6,-0.2296296296296296,"15176,32526","12854,15176"
-0.6,-0.0782608695652173,"10959,28298","3994,10959"
-0.6,0.4,"12675,29914","12675,36849"
-0.6,-0.1124913733609385,"14665,31991","300,14665"
-0.6,0.4,"15215,32558","15215,40834"
0.6,0.0977443609022556,"4003,11072","4003,22680"
-0.6,0.1716535433070866,"14489,31804","2753,14489"
-0.5979366463237431,-0.4162162162162162,"4002,4171","3918,4171"
0.5975609756097561,-0.1395833333333333,"4511,22449","747,22449"
0.5971726190476191,0.078125,"6711,9759","1010,6711"
-0.5970149253731343,0.2238805970149253,"5625,24240","5625,32132"
-0.5967741935483871,-0.0081607030759573,"6077,24505","523,6077"
0.596508012437216,-0.5337837837837838,"1893,3062","2996,3062"
0.5964912280701755,-0.5964912280701755,"10187,17924","10187,17924"
-0.5961538461538461,0.2115384615384615,"7399,25352","7399,37548"
0.5954198473282443,0.099236641221374,"3318,8411","3318,35243"
0.5953007798917093,0.0997963340122199,"1881,7998","1881,23624"
-0.5945945945945946,0.4054054054054054,"10544,27919","10544,31952"
-0.5945945945945946,-0.5536723163841808,"10770,28138","1961,10770"
0.5945945945945946,0.2926829268292683,"9783,10431","9783,27267"
0.5945945945945945,-0.4310247747747747,"4974,16921","4974,11197"
-0.59375,0.1145833333333333,"3811,23266","3811,37193"
-0.593373447204969,-0.0503685503685503,"144,351","351,866"
0.5930735930735931,-0.5930735930735931,"1402,19395","1402,19395"
0.5930232558139534,0.4651162790697674,"1254,5609","5609,24229"
-0.5925925925925926,-0.0523168908819133,"13652,30916","733,13652"
-0.5925925925925926,0.4074074074074074,"8540,13474","13474,27554"
0.5925925925925926,0.2469135802469135,"7137,14079","7137,28850"
-0.5925925925925926,-0.135593220338983,"13798,31057","4701,13798"
-0.5925925925925926,0.4074074074074074,"14051,31365","14051,14632"
0.5925925925925926,0.0123685837971552,"67,13624","67,29045"
0.5925925925925926,0.5925925925925926,"11983,13477","13477,14279"
-0.5925925925925926,0.1774771649901722,"7098,15147","465,7098"
0.5925925925925926,0.0,"13180,13722","13180,19523"
-0.5925925925925926,0.4074074074074074,"13634,30898","13634,37332"
0.5925074695472305,0.003519520302418,"2728,9022","2728,3887"
0.5921052631578947,-0.5921052631578947,"7332,8414","7332,8414"
-0.5918367346938775,-0.0119047619047619,"7963,25786","463,7963"
-0.5918367346938775,0.4081632653061224,"7891,25742","7891,26229"
0.5918367346938775,0.3061224489795918,"10566,11767","637,11767"
0.5915492957746479,-0.0358178247451604,"1900,5426","1900,15579"
-0.5909090909090909,0.4090909090909091,"9072,23882","9072,29765"
0.5909090909090909,0.1214953271028037,"4214,10685","10685,23169"
-0.5897435897435898,0.4102564102564102,"10241,27657","10241,31255"
0.5893719806763285,0.0942995169082125,"2346,9226","2346,7131"
-0.5892857142857143,0.2321428571428571,"6985,25068","6985,31459"
-0.5892857142857143,0.2142857142857142,"6906,25024","6906,35823"
0.5882352941176471,-0.435759209344115,"3342,11889","3342,20314"
0.5882352941176471,-0.1363636363636363,"11446,15549","5168,15549"
-0.5882352941176471,-0.3942307692307692,"11917,29163","5503,11917"
0.5872340425531914,-0.5454545454545454,"440,3052","3052,12234"
-0.5869565217391304,0.1739130434782608,"3854,9879","3854,36474"
0.5866666666666667,-0.3255813953488372,"7517,10057","7517,12752"
0.5862068965517242,0.5862068965517241,"13160,21335","13160,30421"
0.5862068965517241,-0.0549024172583711,"2656,13391","1093,2656"
-0.5862068965517241,0.4137931034482758,"12831,30097","12831,35581"
0.5862068965517241,-0.2264150943396226,"8927,12851","8927,9713"
-0.5862068965517241,-0.2786885245901639,"13268,30529","4923,13268"
0.5862068965517241,0.25,"8331,13330","8331,34685"
-0.5862068965517241,0.4137931034482758,"6785,24950","6785,27361"
-0.5862068965517241,-0.2383808095952024,"13028,30280","4948,13028"
0.5853658536585367,-0.5853658536585367,"9810,20021","9810,20021"
-0.5853658536585366,0.4146341463414634,"9808,27280","9808,30434"
-0.5846153846153846,0.2615384615384615,"5988,24454","5988,30502"
0.5843454790823213,0.479654403567447,"3498,3647","3416,3498"
0.5840273516261945,-0.5840273516261945,"1120,1135","1120,1135"
-0.5833333333333334,0.4166666666666667,"11025,28365","11025,31885"
-0.5833333333333334,0.4166666666666667,"16223,24643","16223,40673"
-0.5833333333333334,0.4166666666666667,"16114,33519","16114,40462"
-0.5833333333333334,-0.3181818181818182,"15348,32690","7645,15348"
-0.5833333333333334,0.4166666666666667,"16157,33564","16157,40557"
-0.5833333333333334,-0.2196969696969696,"15682,33039","11050,15682"
-0.5833333333333334,0.4166666666666667,"6005,15643","701,15643"
-0.5833333333333334,0.4166666666666667,"15892,33272","15892,40036"
-0.5833333333333334,0.4166666666666667,"15312,32661","15312,38911"
-0.5833333333333334,0.4166666666666667,"16239,33676","16239,31864"
-0.5833333333333334,0.4166666666666667,"15933,33311","15933,40132"
-0.5833333333333334,-0.2164948453608247,"5130,16244","8417,16244"
-0.5833333333333334,0.4166666666666667,"15797,33162","15797,39787"
0.5833333333333334,0.0056504269211451,"5825,11371","5428,5825"
-0.5833333333333334,-0.1044176706827309,"15737,33102","4321,15737"
-0.5833333333333334,0.4166666666666667,"15585,32956","15585,39332"
0.5833333333333334,-0.0,"7850,8149","4374,7850"
-0.5833333333333334,0.4166666666666667,"11377,28649","11377,32564"
0.5833333333333334,0.0492957746478873,"2724,15822","2724,17260"
-0.5833333333333334,0.4166666666666667,"15783,33149","15783,33285"
-0.5833333333333334,0.0745614035087719,"16108,33515","9063,16108"
-0.5833333333333334,0.4166666666666667,"15839,33221","15839,39916"
-0.5833333333333334,0.4166666666666667,"10910,16316","16316,30003"
0.5833333333333334,-0.0549441591261107,"2813,11254","373,2813"
-0.5833333333333334,-0.46,"16319,33765","10066,16319"
0.5833333333333334,-0.2241156963890936,"690,15504","507,690"
-0.5833333333333334,0.4166666666666667,"16015,33401","16015,20409"
-0.5833333333333334,-0.5833333333333333,"12061,15430","15430,18807"
-0.5833333333333334,-0.0483870967741935,"6786,15574","1880,15574"
-0.5833333333333334,0.4166666666666667,"15457,32806","15457,39050"
-0.5833333333333334,0.4166666666666667,"16128,33541","16128,40500"
-0.5833333333333334,0.4166666666666667,"15897,17151","15897,40043"
-0.5833333333333334,-0.1904761904761904,"16005,33385","13090,16005"
0.5833333333333334,-0.3611111111111111,"8936,15558","8936,17203"
-0.5833333333333334,0.4166666666666667,"16191,33611","16191,40611"
0.5833333333333334,0.1009174311926605,"7872,15716","7872,37109"
-0.5833333333333334,0.4166666666666667,"15820,33182","15820,39836"
0.5833333333333334,-0.1724137931034483,"5075,8402","5075,12698"
0.5833333333333333,0.1666666666666666,"6475,21153","6475,33012"
0.5833333333333333,0.3055555555555556,"14417,21593","14417,37227"
0.5833333333333333,0.2777777777777778,"14534,21397","14534,39367"
0.5833333333333333,-0.5833333333333333,"5650,5660","5650,5660"
0.5833333333333333,-0.4166666666666666,"15603,20460","13172,15603"
0.5829393843891164,-0.3529411764705882,"1647,6050","6050,10548"
-0.582089552238806,0.582089552238806,"1263,1461","1263,1461"
0.5818181818181818,0.22,"7111,14431","14431,37261"
-0.5818181818181818,0.2363636363636363,"7204,25218","4197,7204"
0.5817478437341451,-0.5817478437341451,"867,883","867,883"
-0.5809493009602467,-0.571484364829328,"1023,1089","1023,1060"
-0.5806451612903226,0.4193548387096774,"12678,27142","12678,34330"
-0.5806451612903226,0.2708399872245289,"12198,17200","7342,12198"
0.5806451612903226,-0.0890688259109311,"12193,24811","4793,24811"
0.5806451612903226,-0.1764705882352941,"12126,29355","6555,29355"
0.580110497237569,-0.0239234449760765,"2746,10033","1577,2746"
-0.58,0.22,"8091,25880","8091,38501"
0.5798611111111112,-0.5671977124183007,"1491,2161","1491,10577"
0.5797101449275363,0.5797101449275363,"5607,6237","5607,24226"
-0.5795454545454546,0.5795454545454546,"6092,8731","6092,8731"
0.5789473684210527,0.1368421052631579,"5574,10427","5574,34017"
-0.5789473684210527,0.4210526315789473,"10738,28115","10738,31393"
0.5789473684210527,0.3157894736842105,"13977,21676","13977,36328"
0.5789473684210527,0.0977443609022556,"3889,7615","3889,34132"
-0.5777777777777777,0.1623797025371828,"4266,23486","4266,5588"
-0.5773195876288659,-0.2857142857142857,"2475,2521","2521,6798"
-0.5771744595274007,-0.1151079136690647,"2151,5969","1537,2151"
0.5769230769230769,-0.3515625,"14830,15509","2061,15509"
0.5769230769230769,0.3125,"7713,10693","3864,10693"
-0.5769230769230769,0.4230769230769231,"14628,15092","15092,38463"
0.5769230769230769,0.5769230769230769,"11652,14893","14893,32241"
0.5769230769230769,0.25,"7194,14833","7194,26906"
0.5769230769230769,0.0901408450704225,"5204,14921","5204,11199"
-0.5769230769230769,0.4230769230769231,"15015,32371","15015,38322"
-0.5769230769230769,0.4230769230769231,"14772,32110","14772,37906"
0.5769230769230769,0.3469921534437664,"11885,14346","4163,11885"
-0.5769230769230769,0.4230769230769231,"14292,31595","14292,36970"
-0.5769230769230769,0.4230769230769231,"14414,31729","14414,37208"
-0.5769230769230769,0.4230769230769231,"14418,31737","14418,37232"
0.5769230769230769,-0.0472727272727272,"14563,15634","94,14563"
-0.5769230769230769,-0.3333333333333333,"15091,32448","15091,17962"
-0.5769230769230769,0.4230769230769231,"14463,31777","14463,37304"
0.5769230769230769,-0.2424242424242424,"4446,14572","3797,4446"
-0.5769230769230769,-0.5769230769230769,"14874,32227","14874,18401"
-0.5769230769230769,-0.1851851851851851,"15004,32359","5096,15004"
0.5769230769230769,0.3333333333333333,"14066,14909","9785,14066"
-0.5769230769230769,-0.0413533834586466,"3314,15224","1328,15224"
-0.5769230769230769,-0.0845070422535211,"15149,25041","1831,15149"
-0.5769230769230769,-0.5636363636363636,"15048,32407","7355,15048"
-0.5769230769230769,0.4230769230769231,"14855,32209","14855,38062"
-0.5769230769230769,0.4230769230769231,"14736,32075","14736,28947"
0.5769230769230769,0.3333333333333333,"11569,15175","11569,39385"
-0.5769230769230769,-0.011705685618729,"14479,31787","14479,17184"
0.5769230769230769,0.0,"7814,11619","8469,11619"
-0.5768466114059418,-0.1616968719280115,"284,580","284,2458"
-0.5766423357664233,0.072992700729927,"1007,6702","1007,28962"
-0.5759420766825736,-0.2053709002861545,"2684,5313","5313,5895"
-0.5757575757575758,0.4242424242424242,"5880,7298","5880,25940"
0.5754915969245424,-0.5754915969245424,"960,1002","960,1002"
0.575,-0.575,"10286,14902","10286,14902"
0.575,-0.0298507462686567,"6739,10345","1814,6739"
0.574468085106383,0.3617021276595745,"11792,21762","11792,30443"
0.574468085106383,0.392156862745098,"4090,11902","11353,11902"
0.574468085106383,0.4814814814814815,"8608,9996","2411,9996"
-0.5740740740740741,0.4259259259259259,"7441,25381","7441,27605"
0.5737704918032787,0.3770491803278688,"7367,8870","8870,27486"
-0.5735294117647058,0.2647058823529412,"5842,11516","5842,20331"
-0.5735294117647058,0.5735294117647058,"4339,7875","4339,7875"
0.5733534261147061,0.0102827763496143,"241,13218","241,22499"
-0.5732491569288682,0.5732491569288682,"610,2977","610,2977"
-0.5730337078651685,0.146067415730337,"2226,4311","4311,34140"
-0.5729166666666666,0.1666666666666666,"3996,23362","3996,31098"
-0.5714285714285714,0.4285714285714285,"13574,30824","13574,35529"
-0.5714285714285714,0.4285714285714285,"11725,28983","11725,32154"
-0.5714285714285714,0.4285714285714285,"11691,28955","11691,32090"
-0.5714285714285714,0.4285714285714285,"9909,27353","9909,21365"
-0.5714285714285714,0.5714285714285714,"1274,1318","1274,1318"
-0.5714285714285714,0.4285714285714285,"13686,30951","13686,35731"
-0.5714285714285714,0.4285714285714285,"13607,30858","13607,35590"
-0.5714285714285714,0.4285714285714285,"14230,31524","14230,36796"
0.5714285714285714,-0.090497737556561,"14231,25029","6684,25029"
0.5714285714285714,-0.0488888888888888,"14232,14501","1931,14501"
-0.5714285714285714,0.0192076830732292,"8370,26086","2301,8370"
-0.5714285714285714,0.4285714285714285,"13968,31245","13968,36307"
0.5714285714285714,0.2857142857142857,"8579,14596","14596,39508"
-0.5714285714285714,0.4285714285714285,"13936,31218","13936,17522"
-0.5714285714285714,0.4285714285714285,"14027,31338","14027,36438"
-0.5714285714285714,0.0139372822299651,"6265,10102","6265,6353"
0.5714285714285714,-0.1129032258064516,"3705,11846","3705,3761"
0.5696873022035243,0.0063057186344857,"21,43","21,22726"
0.5695067264573991,0.3856502242152466,"2012,13061","2012,22738"
-0.5692307692307692,0.2153846153846154,"6187,12599","5421,6187"
0.5686274509803921,-0.0131524654425417,"5848,8064","5848,9626"
0.5681689342403627,-0.1688565837293821,"676,778","696,778"
0.5675675675675675,-0.5675675675675675,"11081,16857","11081,16857"
-0.5675675675675675,0.4324324324324324,"10885,28240","10885,30704"
-0.5675675675675675,0.4324324324324324,"10900,28256","10900,30731"
-0.5675675675675675,0.4324324324324324,"11053,28387","11053,31016"
-0.5675675675675675,0.4324324324324324,"11023,28364","11023,30966"
0.5666666666666667,0.1713414634146341,"1747,4245","4245,4265"
-0.5666666666666667,-0.3333333333333333,"12742,13655","11756,12742"
-0.5666666666666667,0.4333333333333333,"13417,30661","13417,27401"
-0.5666666666666667,0.4333333333333333,"13440,28803","13440,35253"
-0.5666666666666667,0.4333333333333333,"12788,29864","12788,34059"
-0.5666666666666667,-0.5555555555555556,"9094,16555","14938,16555"
0.5662781113858472,0.0246085011185682,"1379,2537","1379,38059"
0.5660526315789474,0.0673684210526315,"2857,11801","2857,16612"
-0.5657894736842105,0.1447368421052631,"5188,10045","5188,37288"
-0.5652352684192943,0.0336391437308868,"410,2561","410,1728"
0.5652173913043479,-0.5652173913043479,"17227,17895","17227,17895"
-0.5652173913043479,-0.3461538461538461,"13731,16820","12221,13731"
0.5652173913043479,0.217391304347826,"8707,11635","11635,28088"
-0.5652173913043479,-0.0477815699658703,"17402,18150","912,18150"
0.5652173913043479,-0.5652173913043479,"17055,21527","17055,21527"
-0.5652173913043478,0.4347826086956521,"9129,26703","9129,29164"
-0.5652173913043478,-0.0973451327433628,"16600,30717","7886,16600"
-0.5652173913043478,0.4347826086956521,"17146,34716","17146,40166"
-0.5652173913043478,0.0230179028132992,"9088,26674","4474,9088"
-0.5652173913043478,0.4347826086956521,"17168,34735","17168,40192"
-0.5652173913043478,0.4347826086956521,"17253,34838","14875,17253"
0.5652173913043478,0.0376106194690265,"853,17493","853,24825"
-0.5652173913043478,-0.5526315789473685,"17209,34780","2401,17209"
-0.5652173913043478,0.4347826086956521,"17416,22918","17416,40633"
0.5652173913043478,0.1923076923076923,"8058,16557","8058,19219"
-0.5652173913043478,0.4347826086956521,"17216,34786","17216,40266"
-0.5652173913043478,0.4347826086956521,"17083,34152","10049,17083"
0.5652173913043478,-0.26,"16815,27197","17559,27197"
0.5652173913043478,-0.0398550724637681,"9722,17076","6160,9722"
-0.5652173913043478,0.4347826086956521,"17433,35056","17433,40667"
0.5652173913043478,0.0869565217391304,"4439,16691","4439,28986"
-0.5652173913043478,0.4347826086956521,"17543,35170","17543,40817"
0.5652173913043478,-0.1082474226804123,"2514,17337","2065,2514"
-0.5652173913043478,0.4347826086956521,"17288,34875","17288,23542"
-0.5652173913043478,0.4347826086956521,"16840,34373","16840,39568"
-0.5652173913043478,0.4347826086956521,"16413,33908","16413,38879"
-0.5652173913043478,-0.4561403508771929,"11839,17341","8863,17341"
-0.5652173913043478,-0.2555555555555555,"17544,35175","10115,17544"
-0.5652173913043478,-0.0477272727272727,"16443,26971","264,16443"
-0.5652173913043478,0.4347826086956521,"17624,35271","17624,40957"
-0.5652173913043478,0.4347826086956521,"9153,26717","9153,29183"
-0.5652173913043478,-0.0267558528428094,"16951,34492","11258,16951"
0.5652173913043478,-0.4883720930232558,"12419,16754","10751,12419"
-0.5652173913043478,-0.0235640648011782,"17505,35125","2306,17505"
-0.5652173913043478,-0.1510204081632653,"17041,34617","2688,17041"
-0.5652173913043478,0.4347826086956521,"16609,34122","16609,39115"
-0.5652173913043478,0.2881159420289855,"16611,34124","14870,16611"
-0.5652173913043478,0.4347826086956521,"16430,29958","16430,38919"
-0.5649122807017544,0.0596491228070175,"977,22455","977,30362"
0.5645161290322581,0.1136363636363636,"6404,7896","7896,39127"
-0.5641025641025641,0.0947209653092006,"10863,28227","4830,10863"
0.5641025641025641,0.5319148936170213,"6605,10807","6605,9499"
0.5638297872340425,-0.5638297872340425,"5249,17596","5249,17596"
0.5636363636363637,0.2225625121147509,"9631,21732","1971,9631"
-0.5636363636363636,0.2181818181818181,"7504,25427","7499,7504"
-0.5636363636363636,-0.2417582417582417,"3502,23085","3502,10821"
0.5635915808329601,-0.3793103448275862,"3726,6369","6369,13980"
-0.5633802816901409,0.1408450704225352,"3563,5637","3939,5637"
-0.5630252100840336,0.0924369747899159,"3170,23018","3170,11579"
0.5628930817610063,-0.1990078074170461,"532,11826","532,1885"
-0.5625,0.0421511627906976,"12669,25588","12669,12887"
0.5625,-0.5625,"12107,13557","12107,13557"
-0.5625,-0.2291666666666666,"12170,29396","11966,12170"
-0.5625,-0.1458333333333333,"8536,26243","3714,8536"
0.5625,-0.4375,"12459,19611","12459,14442"
-0.5625,0.4375,"12395,29633","6250,12395"
-0.5625,0.4375,"12659,13341","12659,33785"
0.5625,0.2857142857142857,"12624,16140","16140,40512"
-0.5625,0.4375,"12526,24061","12526,33520"
-0.5614035087719298,0.087719298245614,"3369,23083","3369,10707"
0.5609756097560976,-0.0424757281553398,"10146,23183","666,23183"
-0.5609756097560976,0.4390243902439024,"10167,27595","4947,10167"
0.5609756097560976,-0.1569731081926203,"10243,17995","8406,10243"
-0.5609756097560976,0.1056910569105691,"10338,27749","8596,10338"
-0.5604395604395604,0.4395604395604395,"4313,23514","4313,24207"
0.5601851851851851,0.0808080808080808,"2060,9642","2060,2705"
0.56,-0.56,"15877,21526","15877,21526"
-0.56,0.44,"16113,33517","16113,38338"
0.56,-0.0422535211267605,"16057,33447","1499,33447"
-0.56,0.44,"16298,33736","16298,38655"
-0.56,0.44,"15960,33345","15960,38106"
-0.56,-0.1171171171171171,"16058,33448","6849,16058"
-0.56,0.44,"16096,33490","16096,38300"
-0.56,-0.0443458980044345,"15843,16085","1791,16085"
-0.56,0.44,"16172,33582","4546,16172"
-0.56,0.44,"15974,33356","15974,38118"
-0.56,-0.5,"16389,33856","16389,20953"
-0.56,0.2272340425531915,"6518,15886","4399,15886"
-0.56,0.44,"16116,33522","16116,38346"
0.56,-0.4399999999999999,"15909,20786","15909,17948"
-0.56,0.56,"14803,15879","14803,15879"
-0.56,0.44,"16032,33423","16032,38188"
-0.56,0.44,"16224,33659","16224,38530"
0.56,-0.2888888888888888,"15952,26627","5961,26627"
0.56,0.4782608695652174,"16186,18068","18068,37492"
-0.56,0.44,"16095,33489","16095,17811"
-0.56,-0.0359550561797752,"15678,33033","1652,15678"
-0.56,0.44,"15361,32710","15361,37053"
0.56,-0.56,"16291,22191","16291,22191"
-0.56,0.44,"15739,33104","15739,37693"
0.56,0.3697297297297297,"4780,5049","4200,5049"
0.56,-0.2790697674418604,"15652,20756","7356,20756"
-0.56,0.44,"15354,15595","15595,37454"
0.56,-0.5217391304347826,"15774,33136","17909,33136"
-0.56,0.44,"15709,33069","15709,37629"
-0.56,0.44,"15617,32990","15617,30356"
0.56,-0.0817610062893081,"15394,32741","4566,32741"
-0.56,0.1411494252873563,"15690,33048","9113,15690"
-0.5598086124401914,0.103423303120607,"1562,22541","30,1562"
-0.559322033898305,0.2542372881355932,"6865,24993","6865,31727"
0.5592841163310962,-0.5592841163310962,"726,4391","726,4391"
0.5589895438141945,-0.5,"2526,2532","2526,20886"
-0.5588235294117647,0.4411764705882353,"11994,29225","11994,31598"
-0.5584415584415584,0.4415584415584415,"5247,24003","5247,24917"
0.5576923076923077,-0.5483870967741935,"8059,12780","12780,21058"
0.5576923076923077,-0.4545454545454545,"7987,25809","18280,25809"
0.5574244890576958,0.0171821305841924,"817,3240","817,7255"
0.5573770491803278,-0.1964285714285714,"6814,24970","11181,24970"
0.5569620253164558,-0.5569620253164558,"3034,18300","3034,18300"
-0.5569620253164557,0.2151898734177215,"5070,23893","5070,30210"
0.5569272976680384,-0.5569272976680384,"352,13774","352,13774"
0.5563380281690141,-0.28,"829,2626","829,14413"
0.556338028169014,0.2473073736536868,"2358,3426","3426,9037"
-0.5555555555555556,0.4444444444444444,"14805,32139","14805,36153"
-0.5555555555555556,0.4444444444444444,"14645,31975","14645,35901"
0.5555555555555556,-0.5555555555555556,"11946,16998","11946,16998"
0.5555555555555556,-0.0748299319727891,"15170,32525","6399,32525"
-0.5555555555555556,0.4444444444444444,"14302,31597","14302,32654"
-0.5555555555555556,0.4444444444444444,"11541,28819","11541,30909"
-0.5555555555555556,0.4444444444444444,"14394,31692","14394,35477"
-0.5555555555555556,0.4444444444444444,"14627,31955","14627,35871"
0.5555555555555556,0.3984126984126984,"14778,14783","9745,14778"
-0.5555555555555556,0.5555555555555556,"4410,19793","4410,19793"
0.5555555555555556,0.010016694490818,"122,14603","122,5277"
-0.5555555555555556,0.4444444444444444,"15252,32585","15252,36844"
-0.5555555555555556,0.4444444444444444,"15084,32442","15084,36597"
-0.5555555555555556,0.4444444444444444,"14811,32146","14811,36165"
-0.5542857142857143,0.1184701912260967,"1996,22653","1996,3882"
-0.554140127388535,-0.0497804712139014,"2297,22732","2297,6620"
0.5535714285714286,0.1629955947136563,"3123,7547","3123,13931"
0.5533980582524272,-0.4466019417475728,"1612,3657","1612,6424"
0.5531914893617021,-0.5531914893617021,"9124,20428","9124,20428"
-0.5531914893617021,0.2127659574468085,"9166,26726","9166,38430"
-0.5531914893617021,0.4468085106382978,"8827,26475","8827,28264"
0.5526315789473685,-0.44,"10979,28315","15800,28315"
-0.5526315789473685,0.4473684210526316,"11255,28545","11255,30484"
-0.5526315789473685,-0.106203007518797,"11256,28546","7468,11256"
-0.5526315789473685,0.4473684210526316,"10916,28273","10916,30021"
0.5526315789473684,-0.2328767123287671,"12512,12964","12964,13110"
-0.5517241379310345,0.1293103448275862,"3382,23089","1221,3382"
-0.5517241379310345,0.160919540229885,"4658,23680","4658,22161"
-0.5517241379310345,-0.0302013422818791,"8975,13896","2129,8975"
-0.5517241379310345,0.1704980842911877,"10538,14112","4719,14112"
0.5517241379310345,0.1443167305236271,"7160,14424","7160,14143"
-0.5517241379310345,-0.0542495479204339,"13893,13990","121,13893"
-0.5517241379310345,-0.0233644859813084,"13580,30831","3333,13580"
-0.5517241379310345,0.4482758620689655,"13583,30835","13583,34104"
-0.5517241379310345,0.4482758620689655,"13998,31295","13998,34822"
-0.5510204081632653,0.2040816326530612,"8792,26108","8792,40926"
0.550395256916996,-0.5024703557312253,"409,17491","409,4122"
0.55,0.25,"12308,21409","12308,39809"
0.55,-0.0,"5152,20411","12765,20411"
-0.55,-0.043103448275862,"6882,25002","5441,6882"
0.55,-0.0977443609022556,"10741,12658","6086,10741"
0.55,0.55,"6381,10656","10656,23254"
-0.55,0.45,"10640,28003","10640,29606"
-0.55,0.45,"10850,28209","7909,10850"
-0.55,0.1875,"5156,9604","3872,5156"
0.5498750284026358,0.0613496932515337,"5450,12790","5450,38996"
0.5492957746478873,0.380281690140845,"6833,7086","7086,26203"
-0.5486111111111112,0.3541666666666667,"2592,22827","2592,23506"
-0.5483870967741935,0.5483870967741935,"9102,13422","9102,13422"
-0.5483870967741935,0.4516129032258064,"12961,14020","12961,33047"
0.5483037156704361,-0.5483037156704361,"1546,11269","1546,11269"
0.5477031802120141,-0.5477031802120141,"1380,9654","1380,9654"
-0.5473684210526316,-0.0813596491228069,"4235,22923","4235,10944"
0.5472962066182405,0.0240112994350282,"411,9912","411,14426"
-0.5471698113207547,0.1886792452830188,"7859,10822","1604,7859"
-0.5466666666666666,0.1333333333333333,"5560,24178","5560,40893"
-0.5458823529411765,0.2541176470588235,"576,22404","576,14396"
0.5454545454545454,-0.4,"12082,18518","6780,12082"
-0.5454545454545454,0.4545454545454545,"18296,25797","18296,39843"
0.5454545454545454,0.2857142857142857,"6485,16276","6485,27922"
-0.5454545454545454,0.4545454545454545,"18288,36017","18288,39817"
-0.5454545454545454,0.3479880774962742,"18874,36744","5725,18874"
-0.5454545454545454,0.5454545454545454,"5571,17114","5571,17114"
0.5454545454545454,-0.0340314136125654,"3743,17908","3743,4693"
-0.5454545454545454,0.4545454545454545,"17904,35591","17904,34375"
-0.5454545454545454,0.4545454545454545,"18774,36615","8016,18774"
-0.5454545454545454,0.4545454545454545,"17928,35622","17928,25628"
0.5454545454545454,-0.2421171171171171,"9891,18959","9891,17246"
-0.5454545454545454,0.4545454545454545,"18310,25273","18310,24473"
-0.5454545454545454,0.4545454545454545,"18891,36757","18891,40799"
-0.5454545454545454,0.4545454545454545,"12317,29553","12317,32071"
-0.5454545454545454,0.4545454545454545,"18110,23767","18110,39514"
-0.5454545454545454,-0.3255813953488372,"5696,18870","14997,18870"
-0.5454545454545454,0.5454545454545454,"12510,20205","12510,20205"
-0.5454545454545454,-0.4137931034482758,"18457,36248","12915,18457"
-0.5454545454545454,0.4545454545454545,"12522,12978","12522,31850"
-0.5454545454545454,0.4545454545454545,"18852,36705","18852,39145"
-0.5454545454545454,0.4545454545454545,"17668,35334","17668,38895"
-0.5454545454545454,0.1298701298701298,"5381,8904","5381,40143"
0.5454545454545454,-0.0847457627118644,"18843,23048","1959,23048"
0.5454545454545454,-0.5454545454545454,"12111,18362","12111,18362"
0.5454545454545454,-0.5454545454545454,"12975,18168","12975,18168"
-0.5454545454545454,-0.0451127819548872,"18555,36351","5869,18555"
-0.5454545454545454,0.2581168831168831,"18861,36722","9260,18861"
-0.5454545454545454,0.1239669421487603,"3226,23035","3226,9479"
-0.5454545454545454,0.4545454545454545,"18130,35838","18130,39552"
-0.5454545454545454,0.4545454545454545,"12174,29402","12174,31862"
0.5454545454545454,-0.3636363636363636,"18549,35317","17651,35317"
-0.5454545454545454,-0.1034482758620689,"12120,27253","6013,12120"
-0.5454545454545454,-0.0414593698175787,"12376,29611","466,12376"
-0.5454545454545454,-0.2222222222222222,"4782,18187","6930,18187"
-0.5454545454545454,0.4545454545454545,"14889,18133","18133,25558"
0.5454545454545454,0.4137931034482758,"12683,13058","13058,27594"
0.5454545454545454,0.2702702702702703,"13769,18196","13769,31399"
0.5454545454545454,0.2530693069306931,"15425,18238","7493,15425"
0.5454545454545454,-0.0827067669172932,"17853,18520","8879,18520"
0.5454545454545454,-0.1428571428571428,"10254,17692","10254,11821"
0.5454545454545454,-0.0671641791044776,"18714,29529","1403,29529"
0.5446775446775447,-0.3515761890479724,"641,10503","586,641"
0.5443037974683544,0.189873417721519,"4678,6384","6384,32546"
-0.5441176470588236,-0.2444444444444444,"7543,17368","10347,17368"
0.5438472418670439,0.1089108910891089,"6463,12210","6463,37421"
0.5434782608695652,-0.0823480839244829,"944,9469","791,944"
0.5433919455473624,0.08130081300813,"2800,5864","5864,40914"
0.5428571428571429,0.0662857142857142,"236,2810","236,23232"
0.5428571428571428,-0.0924679487179487,"3820,4480","4480,11152"
0.5427350427350427,-0.4183006535947712,"2403,8169","2403,8734"
0.5418990566687324,0.0992907801418439,"2702,2848","2848,33133"
-0.5418148730250641,-0.0010786322942508,"3135,4203","18,4203"
-0.5416666666666667,0.5416666666666667,"16902,16903","16902,16903"
-0.5416666666666666,0.4583333333333333,"17372,34982","17372,32753"
-0.5416666666666666,0.4583333333333333,"17365,34976","17365,38421"
0.5416666666666666,0.2019230769230769,"7959,17340","7959,16807"
-0.5416666666666666,-0.2666666666666666,"17478,35103","3040,17478"
-0.5416666666666666,0.4583333333333333,"17463,35088","17463,26265"
-0.5416666666666666,0.1472222222222222,"17613,24618","8377,17613"
-0.5416666666666666,-0.2142857142857142,"17535,35162","9051,17535"
-0.5416666666666666,-0.2587064676616915,"5769,24322","2093,5769"
-0.5416666666666666,0.4583333333333333,"16860,34385","16860,37621"
-0.5416666666666666,-0.5238095238095238,"16760,29099","16760,20155"
0.5416666666666666,0.296028880866426,"1271,17099","1271,5291"
-0.5416666666666666,0.4583333333333333,"16744,28385","16744,27120"
0.5416666666666666,0.4181818181818181,"10171,16847","10171,27600"
-0.5416666666666666,-0.2926829268292683,"16944,34476","13184,16944"
-0.5416666666666666,-0.2549019607843137,"16414,33729","9806,16414"
-0.5416666666666666,0.4583333333333333,"16564,34077","16564,37185"
-0.5416666666666666,-0.0465116279069767,"16541,34063","10269,16541"
-0.5416666666666666,-0.0668896321070234,"16513,34034","1829,16513"
-0.5416666666666666,0.4583333333333333,"15445,16814","16814,37551"
-0.5416666666666666,0.4583333333333333,"16952,34494","16952,37770"
0.5413595413595413,-0.5413595413595413,"2305,2781","2305,2781"
0.5411764705882353,-0.0030294074183537,"1393,4811","1270,1393"
0.5411255411255411,0.1808510638297872,"6950,7457","6950,7200"
0.540983606557377,-0.540983606557377,"8248,12229","8248,12229"
-0.5405405405405406,-0.4,"11776,29025","6259,11776"
0.5405405405405406,0.2702702702702703,"13257,17322","13257,18045"
-0.5405405405405406,-0.5405405405405406,"11737,28989","11625,11737"
0.5405405405405406,0.4339622641509434,"10228,11654","10228,17163"
-0.5404388714733542,0.5404388714733542,"1022,7082","1022,7082"
-0.54,0.54,"2998,6088","2998,6088"
0.54,0.3,"10309,16834","10309,32420"
-0.5398230088495575,0.1828908554572271,"803,22425","803,17437"
-0.5396825396825397,0.4603174603174603,"6681,24860","6681,25759"
0.539568345323741,0.2086330935251798,"3334,10820","3334,25781"
-0.5392156862745098,0.2156862745098039,"3958,23347","3958,27822"
-0.5384615384615384,0.4615384615384615,"16137,32408","16137,36534"
-0.5384615384615384,0.4615384615384615,"16385,33850","8869,16385"
-0.5384615384615384,0.4615384615384615,"15291,32628","14280,15291"
-0.5384615384615384,0.3076923076923077,"6411,24705","6411,28703"
-0.5384615384615384,0.4615384615384615,"15693,33055","15693,35844"
0.5384615384615384,0.5384615384615384,"5921,15624","15624,32995"
-0.5384615384615384,0.4615384615384615,"16198,33616","16198,36620"
-0.5384615384615384,-0.0384615384615384,"11113,28440","11113,18660"
-0.5384615384615384,-0.0930232558139534,"11309,28593","6984,11309"
0.5384615384615384,0.0839160839160839,"10861,16364","12680,16364"
-0.5384615384615384,0.4615384615384615,"16336,33787","16336,36815"
0.5384615384615384,0.3016194331983806,"10511,15911","10660,15911"
0.5384615384615384,-0.2117647058823529,"10935,18277","10719,10935"
0.5384615384615384,-0.0222984562607204,"6584,23156","679,23156"
-0.5384615384615384,0.4615384615384615,"15519,32869","15519,35605"
-0.5384615384615384,0.4615384615384615,"15616,32989","15616,35759"
-0.5384615384615384,-0.0625,"15794,33161","6760,15794"
-0.5384615384615384,0.4615384615384615,"15330,32674","15330,35363"
0.5384615384615384,-0.5384615384615384,"16369,18325","16369,18325"
-0.5384615384615384,0.4615384615384615,"16041,33431","16041,36387"
-0.5384615384615384,0.3341671878257244,"10951,25637","3635,10951"
0.5380489242558208,0.4315872598052119,"1960,2135","1922,1960"
-0.5375,0.3375,"5272,24017","5272,26403"
0.5373134328358209,-0.0489795918367346,"2930,7746","7746,8581"
-0.5365853658536586,0.2439024390243902,"5107,23918","5107,29044"
-0.5362318840579711,-0.2297297297297297,"6191,24577","5485,6191"
0.535718087937826,0.5222772277227723,"2637,2947","2637,2881"
-0.5357142857142857,-0.0473537604456824,"11007,14944","567,14944"
-0.5357142857142857,0.3952380952380953,"14307,31600","2591,14307"
0.5357142857142857,0.3636363636363636,"15114,18268","18268,35996"
-0.5357142857142857,-0.0771208226221079,"15257,32591","3059,15257"
0.5357142857142857,-0.0909090909090909,"3983,14274","3401,3983"
-0.5357142857142857,-0.0989399293286219,"14590,31908","3204,14590"
-0.5357142857142857,0.4642857142857143,"14796,32131","14796,34618"
0.5357142857142857,-0.1973684210526315,"14502,31831","10277,31831"
-0.5357142857142857,0.4642857142857143,"14285,31590","14285,33902"
-0.5357142857142857,0.3149350649350649,"14940,32278","1919,14940"
0.5357142857142857,-0.4814814814814815,"7800,16287","16287,20005"
0.5348837209302326,-0.5168539325842697,"4882,11145","4882,4885"
0.5348837209302326,-0.5348837209302326,"11688,21440","11688,21440"
-0.5348837209302325,0.2325581395348837,"10048,27483","10048,39162"
-0.5348837209302325,0.2325581395348837,"9968,27398","9968,38810"
0.5348837209302325,-0.0141025641025641,"9998,10282","1024,9998"
-0.5344827586206896,0.0683781355815078,"3509,23137","1487,3509"
0.5341819896275342,-0.5341819896275342,"2426,2662","2426,2662"
-0.5339805825242718,-0.0065703745847633,"4018,23369","503,4018"
0.533428981348637,0.5331759769210596,"3325,3326","3006,3326"
-0.5333333333333333,0.4666666666666667,"14017,31318","14017,33453"
0.5333333333333333,-0.2972972972972973,"13533,30776","15005,30776"
-0.5333333333333333,0.4666666666666667,"9820,27290","9820,28530"
-0.5333333333333333,0.4666666666666667,"7087,25138","7087,25947"
-0.5333333333333333,0.4666666666666667,"13745,24300","13745,33036"
-0.5333333333333333,0.5333333333333333,"8501,14245","8501,14245"
0.5333333333333333,0.1428571428571428,"13961,15242","15242,40118"
-0.5333333333333333,0.4666666666666667,"13834,31094","13834,33168"
0.5333333333333333,-0.4683202673178254,"3087,14158","3087,13515"
-0.5333333333333333,0.4666666666666667,"9811,27281","9811,28517"
-0.5333333333333333,0.4666666666666667,"13493,30733","13493,32691"
-0.5333333333333333,-0.2894736842105263,"14061,31376","14061,14867"
-0.5333333333333333,-0.1724137931034483,"14216,23861","7556,14216"
0.5322815533980583,0.475,"2470,2660","1622,2470"
0.532258064516129,-0.3235294117647058,"6873,9992","9992,14336"
-0.532,0.108,"969,1311","1311,26337"
-0.5319148936170213,0.2282891880156318,"9403,26940","4683,9403"
0.5316455696202531,-0.5316455696202531,"6058,19010","6058,19010"
0.53125,-0.53125,"12917,13967","12917,13967"
-0.53125,-0.0519031141868512,"12733,29995","782,12733"
-0.53125,0.46875,"12762,30033","12762,31673"
-0.53125,-0.03125,"6613,13435","13435,14976"
-0.53125,-0.1025641025641025,"13213,13241","3096,13241"
-0.53125,-0.0922256097560976,"13451,30683","10068,13451"
-0.5311405216037369,-0.0840336134453781,"904,8488","5876,8488"
0.5307692307692308,-0.5307692307692308,"3565,11805","3565,11805"
-0.5306122448979592,0.1224489795918367,"4254,23480","4254,36209"
-0.5306122448979592,0.4693877551020408,"8808,26454","8808,18901"
-0.5303030303030303,0.4696969696969697,"6406,24702","6406,25283"
0.5300546448087432,0.1764705882352941,"1999,4545","4545,27335"
-0.5294117647058824,0.4705882352941176,"12646,29893","12646,31521"
-0.5294117647058824,0.5294117647058824,"8595,10106","8595,10106"
-0.5294117647058824,-0.1964285714285714,"8764,26416","8410,8764"
-0.5294117647058824,0.1470588235294117,"6394,24693","6394,28676"
0.5287281416313674,-0.393683581714142,"520,18538","520,5791"
-0.5285714285714286,0.3714285714285714,"2823,22912","2823,23496"
0.5282740367486131,0.06006006006006,"2014,2050","2050,28998"
-0.5277777777777778,0.1388888888888889,"5875,10884","5875,38915"
0.5277777777777778,-0.4166666666666666,"911,12476","911,1178"
-0.5277777777777778,-0.0316742081447963,"5989,24455","200,5989"
-0.5272727272727272,-0.074074074074074,"7997,25812","7278,7997"
-0.5269308943089431,-0.5180023228803716,"6133,7456","7197,7456"
-0.5263157894736842,0.4736842105263157,"7848,25699","7848,26449"
-0.5263157894736842,0.0698380566801619,"11443,28724","7383,11443"
0.5263157894736842,0.5238095238095238,"7622,19262","7062,19262"
-0.5263157894736842,0.4736842105263157,"11457,28739","11457,29275"
-0.5259544433750402,-0.0172413793103448,"88,3302","717,3302"
0.5257985257985258,-0.4742014742014742,"636,10030","636,1139"
-0.5254237288135594,0.3050847457627119,"7343,25305","7343,22635"
0.524904214559387,-0.524904214559387,"2682,3264","2682,3264"
0.5245901639344263,-0.0192694851883807,"7102,15420","7102,7576"
0.5238095238095238,-0.0614875303465018,"1568,20016","1568,7823"
-0.5238095238095238,-0.072,"20451,21450","4379,21450"
-0.5238095238095238,0.4761904761904761,"19896,38014","12549,19896"
-0.5238095238095238,0.4761904761904761,"20197,38347","4101,20197"
-0.5238095238095238,-0.3292682926829268,"20209,24195","8728,20209"
-0.5238095238095238,0.4761904761904761,"19250,37222","19250,39062"
-0.5238095238095238,0.4761904761904761,"19277,37248","19277,39099"
-0.5238095238095238,0.2161904761904761,"19825,37934","6130,19825"
-0.5238095238095238,0.4761904761904761,"20346,21009","20346,40674"
-0.5238095238095238,0.4761904761904761,"19435,22638","19435,35727"
-0.5238095238095238,0.4761904761904761,"20214,38369","20214,34016"
-0.5238095238095238,0.4761904761904761,"19475,37491","19475,39418"
-0.5238095238095238,0.4761904761904761,"19467,37487","19467,39408"
-0.5238095238095238,0.4761904761904761,"10523,27903","10523,28862"
-0.5238095238095238,0.4761904761904761,"19925,36392","19925,40120"
-0.5238095238095238,0.4761904761904761,"20268,38437","20268,38809"
-0.5238095238095238,0.4761904761904761,"19512,37521","19512,39462"
-0.5238095238095238,0.4761904761904761,"20429,38617","20429,40770"
-0.5238095238095238,-0.0224358974358974,"20616,38792","709,20616"
0.5238095238095238,-0.0418410041841004,"210,19265","210,1811"
-0.5238095238095238,0.2186147186147186,"20323,38496","13312,20323"
-0.5238095238095238,0.4761904761904761,"8355,20286","150,20286"
-0.5238095238095238,0.4761904761904761,"20178,38321","20178,40441"
0.5238095238095238,-0.3148148148148148,"20255,25086","12805,25086"
-0.5238095238095238,-0.4642857142857143,"19386,37384","15172,19386"
-0.5238095238095238,0.4761904761904761,"20107,38238","20107,40351"
-0.5238095238095238,0.4761904761904761,"20076,38194","20076,40309"
0.5238095238095238,0.2941176470588235,"18333,20552","18333,39919"
-0.5238095238095238,0.4761904761904761,"7477,19365","3480,19365"
-0.5238095238095238,0.4761904761904761,"19305,28794","7637,19305"
-0.5238095238095238,-0.391304347826087,"19361,37350","12587,19361"
-0.5238095238095238,0.4761904761904761,"19669,37715","19669,39703"
-0.5238095238095238,0.4761904761904761,"10443,27847","10443,28774"
-0.5238095238095238,0.4761904761904761,"19820,37931","19820,39976"
-0.5238095238095238,0.4761904761904761,"19682,37724","19682,39709"
0.5238095238095238,-0.5208333333333334,"8193,19670","8193,9285"
-0.5238095238095238,0.4761904761904761,"19448,37469","19448,39374"
0.5238095238095238,-0.0,"19377,20019","16843,20019"
0.5238095238095238,0.0036833855799373,"6774,19376","3780,6774"
-0.5238095238095238,0.4761904761904761,"20080,38199","20080,37490"
0.5238095238095238,0.4897959183673469,"9915,20238","9915,27359"
-0.5238095238095238,-0.160377358490566,"19571,30643","8251,19571"
-0.5238095238095238,-0.0410509031198687,"19493,28607","5007,19493"
-0.5238095238095238,0.4761904761904761,"19062,36961","19062,38880"
0.5238095238095238,-0.4665653495440729,"164,20144","164,20813"
-0.5238095238095238,0.4761904761904761,"20192,38344","20192,30255"
0.5238095238095238,-0.375,"20066,26667","18316,26667"
0.5233870967741936,0.086021505376344,"2011,6799","2011,24197"
-0.5233352305065453,0.1458752515090543,"2761,12594","12594,14760"
0.5232558139534884,-0.5232558139534884,"5031,6903","5031,6903"
-0.5230769230769231,0.2769230769230769,"6778,24944","6778,29821"
0.5227272727272727,0.0976523476523476,"6997,11287","4015,11287"
0.5224114345016275,0.0587549863113052,"112,1928","112,344"
-0.5223880597014925,-0.136318407960199,"3032,22980","591,3032"
-0.5223880597014925,0.1641791044776119,"6593,24806","6593,22666"
-0.5217391304347826,-0.5217391304347826,"9630,27130","5165,9630"
-0.5217391304347826,0.4782608695652174,"18547,36343","18547,20963"
0.5217391304347826,0.2,"3966,8637","3966,27478"
-0.5217391304347826,0.4782608695652174,"18800,36656","18800,38539"
-0.5217391304347826,0.4782608695652174,"18376,36146","17713,18376"
0.5217391304347826,-0.5217391304347826,"18985,20613","18985,20613"
0.5217391304347826,0.5,"12146,18927","8911,12146"
0.5217391304347826,-0.0453074433656957,"3108,18395","3108,4206"
0.5217391304347826,-0.5217391304347826,"17705,17706","17705,17706"
-0.5217391304347826,-0.0758620689655172,"18982,36857","4116,18982"
0.5217391304347826,-0.3925925925925926,"17730,23444","4181,23444"
-0.5217391304347826,0.4782608695652174,"18797,36651","18797,38525"
-0.5217391304347826,0.4782608695652174,"18322,36079","18322,37871"
-0.5217391304347826,0.2576726342710997,"18421,36197","10148,18421"
-0.5217391304347826,0.4782608695652174,"18596,36396","5353,18596"
-0.5217391304347826,0.1594202898550724,"6251,24625","6251,33463"
-0.5217391304347826,0.4782608695652174,"18159,35869","18159,37625"
-0.5217391304347826,-0.4444444444444444,"18283,36014","11824,18283"
-0.5217391304347826,0.4782608695652174,"18263,31799","18263,37769"
0.5217391304347826,-0.1976744186046511,"12542,18276","7673,12542"
0.5217391304347826,0.010548523206751,"9717,15243","3760,15243"
-0.5217391304347826,0.4782608695652174,"18668,36482","18668,38314"
-0.5217391304347826,0.4782608695652174,"18479,36273","18479,38104"
-0.5217391304347826,0.4782608695652174,"18770,36608","10088,18770"
-0.5217391304347826,-0.1716417910447761,"18728,34519","5682,18728"
0.5217391304347826,0.0663474692202462,"7467,18256","7467,11449"
-0.5210084033613445,0.5210084033613445,"3812,20371","3812,20371"
0.5208333333333334,0.3894230769230769,"2524,9283","2524,22803"
-0.5205875549387,0.0763358778625954,"2085,2391","2085,2617"
0.5202952029520296,-0.0879120879120879,"1345,19203","1345,3755"
0.5202723939235201,-0.006125574272588,"2473,3198","369,3198"
-0.52,-0.0979020979020979,"17338,34943","4413,17338"
0.52,0.3238095238095238,"6731,17499","6731,24894"
0.52,-0.0300925925925925,"16864,21977","3933,16864"
-0.52,-0.0544871794871794,"16506,34022","1102,16506"
0.52,0.5151515151515151,"13118,17135","13118,30375"
-0.52,0.52,"11952,17401","11952,17401"
0.52,0.3823529411764705,"11243,17426","11243,34829"
0.52,0.1377777777777777,"1726,9217","1726,25464"
-0.52,0.24,"8823,26470","8823,25491"
-0.52,0.48,"17249,34830","17249,36393"
-0.52,-0.4736842105263157,"17498,20992","4068,17498"
0.52,0.3863636363636363,"13062,17398","13062,17397"
0.52,-0.471042471042471,"16711,19856","1458,16711"
-0.52,0.48,"16989,34567","6440,16989"
-0.52,0.48,"16990,34569","16990,36080"
0.52,-0.2115384615384615,"16849,22976","15740,22976"
-0.52,0.2925,"14065,17010","6827,17010"
-0.52,0.1293506493506493,"9308,16886","5606,16886"
-0.52,0.48,"16749,34283","16749,27167"
-0.52,-0.4166666666666667,"16734,34269","15687,16734"
0.5196216826651608,0.0116459627329192,"213,2342","213,32145"
-0.5192307692307693,0.25,"2548,22811","2548,24365"
0.5185185185185186,-0.5185185185185186,"16002,21605","16002,21605"
0.5185185185185186,0.5185185185185185,"15729,19631","2826,15729"
-0.5185185185185185,-0.5,"15812,16003","16003,20022"
-0.5185185185185185,-0.4205298013245033,"16000,33377","1389,16000"
-0.5185185185185185,0.4814814814814814,"15658,33013","15658,34323"
-0.5185185185185185,0.4814814814814814,"15735,23656","15735,22494"
-0.5185185185185185,0.4814814814814814,"15559,32922","15559,18070"
0.5185185185185185,-0.3602941176470588,"15613,23601","4489,23601"
-0.5185185185185185,0.4814814814814814,"15380,32731","15380,34006"
-0.5185185185185185,0.4814814814814814,"15784,33150","15784,34487"
-0.5185185185185185,-0.0852272727272727,"15415,32766","7527,15415"
-0.5185185185185185,-0.0884955752212389,"15648,33009","6627,15648"
-0.5185185185185185,0.4814814814814814,"15442,32793","15442,34076"
-0.5185185185185185,0.1358024691358024,"5374,24071","5374,37985"
0.5185185185185185,0.5,"14945,16146","14945,32284"
0.5180722891566265,-0.0337837837837837,"5268,24014","1551,24014"
0.5177319587628867,0.0037800687285223,"64,15993","64,4252"
0.5177000643638705,-0.5177000643638705,"5550,13233","5550,13233"
-0.5175268040664407,0.0911400444585582,"2024,6449","6449,7607"
0.5172413793103449,-0.0266666666666666,"14484,15749","508,15749"
-0.5172413793103449,-0.2439024390243902,"14977,32312","7364,14977"
0.5172413793103449,-0.0851063829787234,"14409,27389","805,27389"
-0.5172413793103449,0.4827586206896552,"14516,30408","14516,32958"
0.5172413793103449,0.1,"6327,7643","6327,37520"
-0.5172413793103449,0.4827586206896552,"14871,32226","14871,33333"
0.5172413793103448,0.3769889248923925,"14465,22188","1282,14465"
-0.5166666666666667,0.2833333333333333,"3456,23121","3456,24833"
0.5166666666666666,0.2,"3734,16256","789,3734"
-0.5161290322580645,0.4838709677419355,"13807,31066","13807,32017"
-0.5161290322580645,-0.108695652173913,"13538,30781","9757,13538"
-0.5161290322580645,0.4838709677419355,"13660,30727","13660,16398"
-0.5161290322580645,0.1075268817204301,"4622,23665","4622,40071"
0.5161290322580645,-0.0,"7081,8664","8664,20818"
-0.5161290322580645,-0.4,"13933,31216","9174,13933"
-0.5161290322580645,0.4838709677419355,"14064,29087","14064,27314"
-0.5161290322580645,0.4838709677419355,"14101,31415","4542,14101"
-0.5161290322580645,0.4838709677419355,"14092,31407","14092,28382"
0.5160818713450293,-0.5160818713450293,"1903,10361","1903,10361"
-0.515625,0.1376629146919431,"6887,25010","1538,6887"
0.5155744336569579,0.1553398058252427,"6468,10514","10514,30957"
0.5151515151515151,0.1896551724137931,"9993,12740","9993,11717"
0.5151515151515151,-0.1641791044776119,"13006,21672","10112,21672"
-0.5151515151515151,0.4848484848484848,"13438,30673","13438,31552"
-0.5151515151515151,0.4848484848484848,"12781,30046","12781,30793"
-0.5147058823529411,0.1617647058823529,"6631,24827","6631,7616"
0.5143583055476949,0.0080527086383601,"382,3234","382,1107"
-0.5142857142857142,-0.0516431924882629,"12374,29605","3997,12374"
0.5135135135135135,0.3235294117647059,"5943,18667","18667,34921"
-0.5134594549545796,0.5134594549545796,"1317,1796","1317,1796"
0.5131578947368421,-0.3928571428571429,"3150,5821","3150,8445"
-0.5128205128205128,-0.1698113207547169,"5629,24242","5629,6797"
0.5125,-0.5125,"939,9029","939,9029"
0.5121951219512195,0.0,"584,10903","584,3481"
-0.5121951219512195,0.4878048780487805,"11217,28519","11217,23981"
-0.5119047619047619,0.119047619047619,"5251,24007","5251,40291"
0.5111267840902765,0.0166112956810631,"408,792","792,25568"
-0.5104973060011148,0.5104973060011148,"2269,3827","2269,3827"
-0.5102040816326531,0.4897959183673469,"9422,26960","1483,9422"
-0.51,-0.1102941176470588,"4302,23505","2037,4302"
-0.5094339622641509,0.2830188679245283,"8683,26346","8683,27449"
0.5094339622641509,-0.0,"1637,8616","933,1637"
0.509090909090909,-0.2463768115942029,"8139,25917","6141,25917"
0.509090909090909,-0.1685393258426966,"742,8287","742,8014"
0.509090909090909,0.2545454545454545,"8491,22202","8491,32694"
-0.509090909090909,0.1818181818181818,"8308,26046","8308,10281"
0.5087719298245614,-0.1108776844070961,"7972,13726","3360,13726"
0.5087719298245614,0.2631578947368421,"8310,21521","8310,32138"
-0.5087719298245614,0.4912280701754385,"7982,25804","7982,24934"
-0.5087719298245614,0.4912280701754385,"7927,25765","7927,25995"
0.5087592559147553,0.1504424778761062,"7413,8815","8815,29986"
0.5086017608561257,-0.1936136396474497,"633,4602","633,12490"
0.5084745762711864,-0.5084745762711864,"4037,7819","4037,7819"
0.5084745762711864,0.1704545454545454,"7732,11141","3453,11141"
-0.5081967213114754,0.3114754098360656,"7320,25290","7320,29245"
0.5079365079365079,-0.2272727272727272,"7418,19332","7418,16978"
-0.5079365079365079,0.2698412698412698,"7239,25235","7239,30468"
-0.5072463768115942,-0.1672463768115942,"6622,10950","3253,6622"
-0.5065359477124183,0.2777777777777778,"8907,10584","8907,39369"
0.5058811802232855,-0.5058811802232855,"708,2332","708,2332"
0.5050505050505051,0.1952662721893491,"4458,5102","5102,25063"
0.5048543689320388,-0.5048543689320388,"4364,19413","4364,19413"
0.5038000684697022,0.0236220472440944,"2572,17112","2572,32205"
0.5035971223021583,-0.5035971223021583,"1240,6929","1240,6929"
-0.501466275659824,-0.4272727272727272,"2887,3349","2691,3349"
0.5,0.0306122448979591,"10193,11148","8991,10193"
0.5,-0.5,"8700,12362","8700,12362"
-0.5,0.0,"22160,38607","20419,22160"
-0.5,0.5,"18976,36848","18976,36847"
-0.5,0.5,"19359,37348","19359,37347"
-0.5,0.5,"19283,37263","11138,19283"
-0.5,0.5,"22196,40806","22196,26154"
-0.5,-0.1342281879194631,"12931,18204","5150,18204"
-0.5,0.5,"19908,38028","19908,35547"
-0.5,-0.2586206896551724,"19349,37323","9443,19349"
-0.5,-0.2139737991266375,"20430,38618","3254,20430"
-0.5,0.5,"13809,31071","5202,13809"
0.5,0.121201814058957,"1485,17708","1485,8642"
-0.5,0.5,"22337,40934","3699,22337"
-0.5,0.5,"12721,29981","12721,13668"
-0.5,0.5,"19865,37994","19865,37993"
-0.5,0.2291666666666666,"9644,27149","9644,37407"
0.5,0.238095238095238,"11160,16292","11160,28155"
-0.5,-0.0641711229946524,"18429,36212","7676,18429"
0.5,0.2777777777777778,"5887,8545","8545,31795"
0.5,0.2123893805309734,"8538,22293","4884,8538"
0.5,0.5,"11422,15307","11422,28693"
-0.5,-0.4102564102564102,"6435,20112","13682,20112"
-0.5,0.5,"8724,26381","8724,26380"
-0.5,0.5,"13955,19981","13955,19981"
-0.5,0.5,"20564,38731","20564,38732"
0.5,0.5,"6713,19300","19300,37283"
-0.5,-0.3548387096774194,"22165,40764","20290,22165"
-0.5,0.5,"20211,22287","20211,22287"
0.5,0.5,"20636,20637","20637,38827"
-0.5,0.5,"21792,40306","21792,40307"
0.5,0.1752577319587628,"6548,19281","6548,30459"
0.5,0.4191616766467065,"16931,19194","2087,16931"
-0.5,0.5,"5431,18474","5431,18474"
-0.5,-0.4583333333333333,"18381,21525","17054,21525"
-0.5,0.5,"17466,19342","17466,19342"
-0.5,-0.0625,"18162,21976","4064,18162"
0.5,-0.0395061728395061,"287,17985","287,1168"
-0.5,0.3362068965517241,"15295,32637","10891,15295"
-0.5,0.5,"19410,37423","19410,37422"
0.5,0.3157894736842105,"8237,18057","8237,27170"
-0.5,0.5,"21539,40022","21539,36347"
0.5,-0.5,"18685,20803","18685,20803"
-0.5,0.5,"15235,17035","15235,17035"
-0.5,0.5,"6397,20802","20802,39055"
0.5,0.0333333333333333,"8603,9693","7155,8603"
0.5,-0.0904684975767366,"21542,22556","139,22556"
-0.5,0.5,"18109,35811","18109,35810"
0.5,-0.48,"16033,32454","16544,32454"
-0.5,-0.2192982456140351,"20369,38553","2493,20369"
0.5,-0.5,"17069,19328","10920,17069"
-0.5,-0.134453781512605,"5356,20032","7179,20032"
0.5,0.5,"20541,22277","20541,30321"
-0.5,-0.0714285714285714,"22270,40878","13687,22270"
-0.5,0.5,"12409,25525","12409,29648"
-0.5,0.5,"18485,36277","18485,34770"
-0.5,0.5,"20688,38901","20688,38902"
-0.5,0.5,"10624,13706","10624,13706"
0.5,0.2894736842105263,"13283,21574","13283,33602"
-0.5,-0.1597222222222222,"20096,38220","4674,20096"
-0.5,0.5,"17810,35482","17810,35483"
-0.5,0.2258064516129032,"19175,37115","12175,19175"
-0.5,-0.0193448542687645,"13751,31012","3,13751"
-0.5,-0.4810810810810811,"13750,31010","2246,13750"
-0.5,0.5,"20909,39168","20909,39167"
0.5,-0.0,"10697,18928","6752,10697"
0.5,-0.0369458128078817,"7410,14770","7410,13689"
-0.5,-0.0352941176470588,"11276,28563","802,11276"
-0.5,-0.025,"16142,23580","4605,16142"
0.5,0.0175108708426372,"11616,17964","7647,11616"
0.5,0.3846153846153846,"13816,14790","13816,39757"
0.5,-0.226950354609929,"21507,25172","7130,25172"
-0.5,-0.048780487804878,"17927,22400","1454,17927"
0.5,0.3170731707317073,"10890,15310","15310,33920"
0.5,-0.5,"13691,21858","13691,21858"
-0.5,-0.0515021459227467,"18987,36865","6775,18987"
-0.5,-0.0704960835509138,"21754,25395","1033,21754"
-0.5,-0.0842696629213483,"17176,21540","2173,17176"
0.5,-0.0502793296089385,"2740,14201","1158,2740"
0.5,-0.2067796610169491,"8586,21164","2177,8586"
-0.5,-0.5,"17111,34692","17111,19522"
-0.5,0.5,"14214,31508","14214,31509"
0.5,-0.09009009009009,"9525,27035","5535,27035"
-0.5,-0.2488095238095238,"8447,26150","7476,8447"
0.5,-0.0990990990990991,"6003,20075","6003,6602"
0.5,0.4778915614828928,"10604,10605","243,10605"
-0.5,0.5,"8498,26199","8498,17469"
-0.5,0.5,"18292,36036","18292,36035"
0.5,-0.217687074829932,"14514,22108","14514,20450"
-0.5,0.5,"19212,37168","19212,37167"
-0.5,0.5,"21666,40171","21666,40172"
-0.5,0.2884615384615384,"18773,36614","11730,18773"
-0.5,-0.5,"21133,39442","20598,21133"
-0.5,0.5,"20685,38897","20685,38898"
-0.5,-0.4680851063829787,"17169,34736","5103,17169"
0.5,0.1846153846153846,"5652,19970","5652,36359"
-0.5,0.5,"17195,21387","17195,21387"
-0.5,0.1471861471861472,"6536,24773","947,6536"
-0.5,0.5,"19614,37202","19614,37654"
-0.5,-0.0217391304347825,"16701,25336","4583,16701"
0.5,-0.0386100386100386,"10330,12734","4675,10330"
-0.5,0.2083333333333333,"9721,27231","9721,39794"
-0.5,0.5,"20133,38260","20133,38259"
-0.5,0.2333333333333333,"21643,31541","11959,21643"
-0.5,0.5,"15003,23497","15003,32354"
0.5,-0.0210526315789473,"10732,16773","4813,16773"
-0.5,0.5,"21281,39641","21281,39642"
-0.5,-0.4193548387096774,"14263,31556","12405,14263"
0.5,0.1075949367088607,"1575,20746","1575,24902"
0.5,-0.2439024390243902,"18805,34810","12657,34810"
-0.5,0.5,"15575,20062","20062,30515"
-0.5,0.2222222222222222,"21836,24383","16011,21836"
-0.5,0.5,"21866,40403","21866,40402"
-0.5,0.1964285714285714,"8280,23964","8280,34157"
-0.5,0.0147058823529411,"19982,30228","6923,19982"
-0.5,-0.4347826086956521,"19846,23202","16846,19846"
0.5,0.4347826086956521,"16714,21971","16714,23138"
-0.5,-0.1325301204819277,"18270,23357","2934,18270"
0.5,-0.3125,"2285,9193","1348,2285"
-0.5,0.3157894736842105,"21043,39346","3479,21043"
-0.5,0.2872340425531915,"22297,40899","11896,22297"
-0.5,-0.1571428571428571,"223,16394","4108,16394"
-0.5,0.1612903225806451,"7348,14075","7348,39035"
-0.5,0.5,"22152,40750","22152,40749"
-0.5,0.5,"21061,39359","21061,39360"
-0.5,0.5,"17414,35027","17414,35026"
0.5,0.0877551020408163,"5030,17280","5030,6764"
0.5,-0.0236139630390143,"19652,21312","1555,21312"
-0.5,-0.0454545454545454,"19537,37554","18103,19537"
0.4972132081547722,0.0162107244133981,"872,5005","89,872"
-0.4953271028037383,0.1214953271028037,"4166,23438","4166,7462"
-0.4951267056530214,-0.4725677830940988,"2317,2555","2317,2597"
-0.4946044356173452,0.4946044356173452,"1039,6637","1039,6637"
-0.4939759036144578,0.1325301204819277,"5512,24151","5512,38122"
-0.4939467312348669,-0.2686567164179104,"7717,9032","7437,7717"
0.4938021600392734,-0.4105743740795287,"125,17188","125,942"
0.4936461388074291,0.1621852326077678,"2861,5630","2861,3413"
-0.4925373134328358,0.2686567164179104,"6870,24996","6334,6870"
0.492063492063492,0.3488372093023256,"7400,13372","13372,22390"
0.4918032786885246,0.1147540983606557,"1442,8133","1442,26069"
-0.4918032786885246,0.1139960200890741,"7802,25657","5720,7802"
0.491401771756123,-0.144578313253012,"3107,4789","3107,6652"
-0.4912280701754385,0.2105263157894736,"8312,26048","8312,10451"
-0.4912280701754385,0.4912280701754385,"7929,18208","7929,18208"
0.4910179640718562,-0.1818181818181818,"2366,2505","2366,13590"
-0.4909090909090909,0.2181818181818181,"8533,26237","8533,35589"
-0.4907894736842105,0.4907894736842105,"2298,8736","2298,8736"
-0.490566037735849,0.2264150943396226,"9140,18206","9140,36745"
0.4902912621359223,-0.3487055016181229,"1772,11438","1772,14318"
-0.4897959183673469,0.2139238674193081,"9907,27349","6596,9907"
0.4893617021276596,-0.4893617021276596,"7789,9856","7789,9856"
0.4891304347826086,-0.0981595092024539,"3407,4344","3407,6669"
0.4888888888888889,-0.4888888888888889,"10337,12627","10337,12627"
-0.4888888888888889,0.3866871479774705,"10077,24751","2926,10077"
-0.4888888888888889,0.2444444444444444,"10488,27878","10488,37346"
0.4888888888888889,0.1432973805855162,"10860,13565","13311,13565"
-0.4888888888888889,0.2888888888888888,"6616,10535","10535,34362"
-0.4883720930232558,0.2325581395348837,"11124,28453","661,11124"
-0.4883720930232558,-0.0191860465116279,"11226,28524","11226,14777"
-0.4881889763779528,-0.3409090909090909,"3464,4697","3464,7681"
-0.4881889763779528,-0.4881889763779528,"3262,23124","2164,3262"
-0.488,0.248,"3573,23167","3573,25436"
-0.4876635514018692,0.4876635514018692,"1112,1113","1112,1113"
0.4875,-0.0595238095238095,"5495,23103","7582,23103"
-0.4868421052631579,0.0201480263157894,"2807,8669","2807,4174"
0.4861538461538461,-0.4861538461538461,"5626,7196","5626,7196"
0.4857881136950904,0.2354651162790697,"1927,14404","1927,21759"
-0.4857142857142857,-0.1071428571428572,"12402,30395","2291,12402"
-0.4852915037326697,0.0301724137931034,"185,1084","185,22633"
0.4848484848484848,-0.4848484848484848,"5845,13379","5845,13379"
0.4848484848484848,0.0,"3566,13106","3566,7885"
-0.4848484848484848,0.2554112554112554,"13305,31429","6776,13305"
0.4848484848484848,-0.0511627906976744,"12852,26395","2101,26395"
0.4844897743486762,-0.4844897743486762,"1977,2112","1977,2112"
0.4838709677419355,-0.0673575129533678,"8316,14213","3568,14213"
0.4838709677419355,-0.4782608695652174,"13758,22185","13758,17877"
0.4838709677419355,0.3783783783783784,"7000,13855","7000,26097"
-0.4838709677419355,-0.13,"14267,32607","6367,14267"
0.4838709677419355,-0.0261569416498993,"14203,24471","1758,24471"
0.4833333333333333,-0.3023255813953488,"7939,25220","7755,25220"
0.4833333333333333,0.3,"7406,19421","7406,29466"
-0.4829059829059829,0.452991452991453,"1625,22551","1625,22586"
-0.4827586206896552,-0.0802919708029197,"14482,32894","4864,14482"
-0.4827586206896552,0.1672413793103448,"12996,14672","13793,14672"
0.4827586206896552,0.3170731707317073,"8142,14359","8142,33900"
-0.4827586206896552,-0.2765957446808511,"15152,33694","11480,15152"
-0.4827586206896552,0.2241379310344827,"8431,26142","1437,8431"
-0.4827586206896552,-0.3191489361702128,"14732,33189","3362,14732"
0.4827586206896552,-0.2136752136752136,"14434,26915","9384,26915"
-0.4827586206896552,-0.027027027027027,"8435,26144","796,8435"
0.4824561403508772,0.0130376353542958,"2531,3999","1008,2531"
0.4823811152925077,0.0421940928270042,"4800,6680","6680,23027"
0.48227969348659,0.0601851851851851,"2720,14173","2720,35106"
-0.4821428571428571,-0.1041666666666666,"1801,2313","1801,9132"
-0.4818181818181818,-0.3135593220338983,"3842,23441","2814,3842"
-0.4814814814814814,-0.0676883780332056,"15971,34734","13159,15971"
0.4814814814814814,-0.2926829268292683,"15393,34014","13979,34014"
0.4814814814814814,-0.0608695652173913,"6422,15297","1902,6422"
0.4814814814814814,0.3928571428571428,"13008,15759","13008,37717"
0.4814814814814814,0.4590163934426229,"8325,15743","8325,26054"
0.4814814814814814,0.119047619047619,"10870,15491","10870,40933"
-0.4814814814814814,-0.2064814814814815,"15537,34180","7865,15537"
0.4814814814814814,0.12,"5438,15493","5438,11696"
0.4811678285687549,0.0881953867028493,"1543,13742","1543,23061"
-0.4810126582278481,-0.453781512605042,"5924,8396","3277,5924"
-0.4807692307692308,0.2692307692307692,"9552,24898","9552,33853"
-0.4807692307692308,0.1923076923076923,"9390,26925","9390,40159"
0.4801435406698564,-0.1245774987928537,"7644,7870","4626,7644"
0.48,-0.0983606557377049,"11977,16759","11281,16759"
0.48,0.3840677966101695,"6135,6136","5948,6136"
-0.48,0.48,"7763,17591","7763,17591"
-0.48,0.4049557522123894,"17210,36336","5489,17210"
0.48,-0.48,"8993,13746","8993,13746"
-0.4798985167837627,0.4798985167837627,"3414,7344","3414,7344"
0.4796380090497737,0.0588235294117647,"1590,3112","1590,34594"
-0.4788732394366197,0.0440140845070422,"6750,24921","4659,6750"
-0.4787234042553192,0.2659574468085106,"3461,4949","4949,26897"
-0.4782608695652174,0.4782608695652174,"7289,17739","7289,17739"
0.4782608695652174,-0.4782608695652174,"10119,18741","10119,18741"
-0.4782608695652174,0.2591128678085199,"18787,38491","5345,18787"
0.4782608695652174,-0.0684931506849315,"18452,38061","4022,38061"
0.4782608695652174,-0.1278195488721804,"18183,30023","5445,30023"
0.4782608695652174,0.1298701298701298,"10541,18408","10541,25582"
0.4782608695652174,-0.0761904761904761,"741,6851","741,6524"
-0.4782608695652174,-0.4626865671641791,"6686,17961","7334,17961"
0.4782608695652174,-0.0547263681592039,"18764,24285","2186,24285"
0.4782608695652174,0.1568627450980391,"8423,18849","5276,8423"
-0.4782608695652174,0.0402576489533011,"18880,25633","15369,18880"
-0.4782608695652174,0.4782608695652174,"18489,18490","18489,18490"
0.4782608695652174,0.0,"1070,18613","1070,3911"
-0.4782608695652174,-0.1428571428571428,"18848,22140","5777,18848"
-0.4772727272727273,-0.1908396946564885,"11230,28528","1748,11230"
0.4772727272727273,-0.4680851063829787,"10915,28221","10857,28221"
-0.4769230769230769,-0.2222222222222222,"7487,25404","4530,7487"
0.476805356288857,-0.476805356288857,"7703,9947","7703,9947"
0.4761904761904761,-0.0585585585585585,"2907,19847","2581,2907"
-0.4761904761904761,0.2212454212454213,"19206,24073","3702,19206"
-0.4761904761904761,0.2571428571428572,"19974,34823","16741,19974"
-0.4761904761904761,0.4761904761904761,"13480,19091","13480,19091"
-0.4761904761904761,-0.4761904761904761,"19657,39681","17013,19657"
-0.4761904761904761,-0.1030092592592592,"10519,20053","2198,20053"
0.4761904761904761,-0.4761904761904761,"17684,19096","17684,19096"
-0.4761904761904761,-0.4761904761904761,"20201,40472","19470,20201"
-0.4761904761904761,-0.057471264367816,"19795,39936","14617,19795"
0.4761904761904761,-0.238095238095238,"3912,20308","3912,7143"
-0.4761904761904761,0.1164021164021164,"19595,24520","13770,19595"
-0.4761904761904761,-0.1428571428571428,"20139,40384","9145,20139"
0.4761904761904761,-0.2620119744500592,"384,20303","384,860"
0.4760860026327337,0.0261040102792994,"1467,5024","1047,1467"
0.475,-0.475,"6068,8573","6068,8573"
0.4744525547445255,0.0474452554744525,"1156,5913","1156,34424"
0.4736842105263158,0.4736842105263157,"11740,21816","11740,29622"
-0.4736842105263158,0.4736842105263158,"10025,11721","10025,11721"
-0.4736842105263157,0.2631578947368421,"12381,16565","12381,35029"
0.4733171619163129,0.1752577319587628,"10899,12228","12228,27757"
-0.4729729729729729,0.1621621621621621,"6556,24782","6556,36436"
0.4723252937538652,0.0561224489795918,"1201,1248","1248,38587"
-0.4719887955182072,-0.240506329113924,"6611,8170","5632,6611"
0.4716981132075472,-0.4259259259259259,"8443,27032","7560,27032"
-0.4714285714285714,-0.375,"7011,25081","7011,14792"
-0.4705882352941176,0.4444117647058823,"12551,24897","4028,12551"
-0.4705882352941176,-0.2941176470588235,"12332,31133","12332,16187"
0.4705882352941176,0.0014222323358744,"1940,1963","1940,8677"
0.4705882352941176,-0.4,"12576,31452","14477,31452"
-0.4705882352941176,-0.0709677419354838,"12282,31081","2113,12282"
-0.4704507971412864,0.4704507971412864,"1365,1541","1365,1541"
-0.4697737250928741,0.4697737250928741,"6082,7798","6082,7798"
0.4693877551020408,-0.1442786069651741,"10016,25855","2782,25855"
0.4692273135669361,-0.4107142857142857,"1842,7045","7045,17421"
0.46875,-0.46875,"12778,16043","12778,16043"
-0.46875,0.171875,"7727,25587","7727,37907"
-0.4685185185185184,0.3611111111111111,"3876,10138","10138,11574"
-0.4683544303797468,0.189873417721519,"6171,24559","6171,32366"
-0.4680851063829787,0.2978723404255319,"10398,27799","10398,32642"
-0.4680851063829787,0.3617021276595745,"5100,23910","5100,24909"
-0.4680851063829787,0.2127659574468085,"10625,27989","10625,40003"
-0.4677419354838709,0.2849462365591398,"2286,22727","2286,23366"
-0.4666666666666667,0.2666666666666666,"11311,28594","11311,36635"
0.4666666666666667,0.1647509578544061,"4331,13768","4331,9038"
-0.4666666666666667,0.2,"8226,21050","8226,19624"
-0.4666666666666667,0.2222222222222222,"10880,25934","10880,38867"
-0.4666666666666667,0.2,"9927,13949","13949,22175"
-0.4666666666666667,0.4242424242424242,"2709,22872","2709,10238"
-0.4666666666666667,0.2222222222222222,"11015,28358","9917,11015"
-0.4666666666666667,-0.0460829493087557,"7849,11173","2240,11173"
-0.4666666666666667,0.16,"6458,24734","6458,35674"
0.4666666666666667,0.0683760683760683,"771,6550","771,6081"
-0.4666666666666667,0.2444444444444444,"11288,28572","11288,38415"
0.4666666666666666,-0.4666666666666666,"3593,10444","3593,10444"
-0.4662921348314607,0.4662921348314607,"2053,18266","2053,18266"
-0.4659090909090909,0.1753731343283582,"5506,24140","5254,5506"
0.4651162790697674,0.303030303030303,"10273,16871","2544,16871"
-0.4647887323943662,0.1971830985915492,"6966,25061","6966,29091"
-0.4642857142857143,0.4642857142857143,"14295,20681","14295,20681"
-0.4642857142857143,-0.0930232558139534,"15227,35201","7958,15227"
0.4642857142857143,-0.4642857142857143,"14969,20558","14969,20558"
0.4642857142857143,0.0166666666666666,"109,9151","109,8416"
-0.4642857142857143,0.3019480519480519,"14701,34473","12634,14701"
-0.4642857142857143,-0.0076818798011748,"8887,26524","7,8887"
-0.4636871508379888,0.435754189944134,"2453,5132","2453,22855"
-0.4634146341463415,0.1219512195121951,"5993,10784","5993,40514"
-0.4630872483221476,0.1353895039826728,"1249,22488","142,1249"
-0.4629629629629629,0.2592592592592592,"9456,26999","9456,33581"
-0.4628099173553719,-0.1911127081087555,"3886,23306","479,3886"
-0.4628010465350299,-0.2735214260417896,"784,1658","1658,13410"
-0.4626865671641791,0.1343283582089552,"3507,23134","3507,29750"
-0.462121212121212,0.462121212121212,"7609,9718","7609,9718"
-0.4618029968066814,-0.0318091451292246,"2041,3048","2545,3048"
-0.4615384615384615,-0.0837209302325581,"11040,29435","1295,11040"
0.4615384615384615,0.4615384615384615,"12866,15847","15847,36104"
0.4615384615384615,0.4615384615384615,"11844,16151","16151,36566"
-0.4615384615384615,-0.2117647058823529,"15738,35926","9848,15738"
-0.4615384615384615,-0.4516129032258064,"12408,29647","12408,13267"
-0.4615384615384615,-0.4615384615384615,"15600,35737","12537,15600"
0.4615384615384615,-0.0,"11382,12260","8124,11382"
0.4615384615384615,0.0961538461538461,"7378,15355","7378,35001"
0.4615384615384615,-0.2307692307692307,"15672,17512","9562,17512"
-0.4615384615384615,0.2564102564102564,"12584,29839","5288,12584"
0.4615384615384615,0.008125,"115,15338","115,34775"
-0.4615384615384615,-0.0075757575757575,"12294,29526","1082,12294"
-0.4615384615384615,-0.1890243902439024,"15885,36158","3428,15885"
-0.4613095238095238,0.4281135531135531,"1799,19954","1472,19954"
-0.4611166500498505,0.4611166500498505,"11351,11908","11351,11908"
-0.4608695652173913,-0.4608695652173913,"3457,23420","3457,9933"
-0.4604651162790698,0.0883720930232558,"1921,22632","1921,29242"
0.4604055214318736,0.1974110032362459,"875,8554","875,3865"
0.4596593455849395,-0.4596593455849395,"2880,7010","2880,7010"
0.4594594594594595,0.0057471264367816,"5094,11873","5094,21275"
0.4594594594594594,-0.4594594594594594,"3644,17510","3644,17510"
-0.4590163934426229,0.0438376181560802,"8442,26147","397,8442"
-0.4583333333333333,0.4583333333333333,"6614,17454","6614,17454"
-0.4583333333333333,-0.1387283236994219,"17346,22234","7662,22234"
0.4583333333333333,0.2011904761904762,"10966,16629","2131,16629"
-0.4583333333333333,-0.0774647887323943,"17138,38085","2605,17138"
-0.4583333333333333,-0.0416666666666667,"16699,24667","15467,16699"
-0.4583333333333333,0.2916666666666667,"10393,27524","10393,32634"
-0.4583333333333333,0.426622418879056,"16873,37637","8366,16873"
0.4583333333333333,-0.0811757901541183,"198,16939","198,8264"
0.4583333333333333,-0.1090047393364928,"6927,16718","566,6927"
-0.4583333333333333,0.4027777777777778,"7022,25090","7022,14746"
-0.4583333333333333,-0.3157894736842105,"16935,37748","12172,16935"
-0.4583333333333333,0.4075884543761638,"16548,23468","4229,16548"
-0.4583333333333333,0.2916666666666667,"2606,10475","10475,32867"
-0.4583333333333333,-0.0463709677419354,"3227,16643","449,16643"
-0.4579439252336448,0.0934579439252336,"4556,9923","4556,35935"
0.4578819303632466,0.0475059382422802,"1027,5185","1027,28969"
0.4576719576719577,0.0419753086419753,"1234,1285","1234,30442"
0.4576271186440678,0.1393884892086331,"204,7083","204,916"
-0.4576271186440678,0.3559322033898305,"8703,26365","8703,28536"
-0.4574679943100995,0.4574679943100995,"3279,3372","3279,3372"
0.4571428571428571,0.3,"9561,14317","1992,9561"
0.4570833333333333,-0.4570833333333333,"4089,4833","4089,4833"
0.456,-0.022998024410706,"1233,3117","552,1233"
0.4557005494505494,0.0552884615384615,"3422,12708","3422,27633"
0.455319336626676,0.3555346340290853,"1075,1131","1032,1131"
-0.4551282051282051,0.1282051282051282,"2997,22968","2997,29175"
-0.4546938775510203,-0.4422222222222222,"6356,6357","5830,6356"
0.4546149923508414,-0.4546149923508414,"5325,6530","5325,6530"
0.4545454545454546,-0.4545454545454546,"6383,18983","6383,18983"
-0.4545454545454546,-0.0346620450606585,"18798,19928","2882,19928"
0.4545454545454546,-0.4545454545454546,"18380,19839","18380,19839"
0.4545454545454546,0.4545454545454545,"18516,19389","18516,40218"
-0.4545454545454545,-0.2909090909090909,"17963,39280","10992,17963"
-0.4545454545454545,0.3181818181818182,"11833,29075","11833,33495"
-0.4545454545454545,0.2286228622862285,"18173,39620","7158,18173"
-0.4545454545454545,-0.0045454545454546,"6226,25504","5069,6226"
0.4545454545454545,0.0454545454545454,"2694,12299","2694,3043"
-0.4545454545454545,0.0743006993006992,"17979,35663","4492,17979"
0.4545454545454545,-0.0141442715700141,"10724,17976","107,10724"
-0.4545454545454545,0.3073593073593073,"7936,18944","11183,18944"
-0.4545454545454545,-0.0786516853932584,"18589,40322","4824,18589"
0.4545454545454545,-0.3636363636363636,"16253,18847","14181,16253"
0.4545454545454545,0.3513513513513513,"4563,9349","4563,26479"
-0.4545454545454545,0.25,"11971,29199","7901,11971"
-0.4545454545454545,0.14004914004914,"18947,40881","15234,18947"
0.4545454545454545,-0.0855263157894736,"822,7764","822,8801"
0.4545454545454545,0.2361111111111111,"6724,18308","6724,24889"
-0.453781512605042,0.2436974789915966,"4118,23415","4118,25912"
0.4532374100719424,0.3006993006993007,"3403,4263","4263,7744"
0.4528301886792453,-0.4528301886792453,"3597,8034","3597,8034"
0.4522988505747126,-0.0181342364532019,"4175,11128","2216,4175"
-0.4522144522144522,0.4522144522144522,"10149,11851","10149,11851"
-0.4516129032258065,0.4516129032258065,"7420,13415","7420,13415"
0.4516129032258064,0.2419354838709677,"10054,13334","10054,31780"
-0.4516129032258064,-0.108,"3020,22977","3020,4883"
0.4516129032258064,0.0167835862216103,"3673,13374","602,3673"
0.4514652014652015,-0.4514652014652015,"7882,15950","7882,15950"
-0.4509803921568627,-0.3818181818181818,"2148,22686","2148,9659"
-0.4508196721311475,0.0904761904761904,"1247,17084","2341,17084"
-0.4500683994528044,-0.3783783783783784,"6224,14221","6224,10306"
-0.45,0.275,"12690,29932","12690,38773"
0.45,-0.3384615384615385,"10829,28051","10681,28051"
0.4482758620689655,0.4482758620689655,"12481,13840","13840,34515"
0.4482758620689655,0.4482758620689655,"14242,21548","14242,35213"
0.4482758620689655,0.4482758620689655,"11911,13549","13549,34062"
0.4481051553431205,-0.0891089108910891,"2176,15025","2176,8001"
0.4477611940298507,-0.4387009189640768,"2408,7577","2408,6102"
-0.4473684210526315,0.4473684210526315,"10490,10989","10490,10989"
-0.4468085106382978,0.3191489361702128,"11392,28662","11392,32580"
0.4468085106382978,0.3902439024390244,"11017,13674","13674,30939"
-0.4468085106382978,0.1170212765957446,"5362,24067","5362,37905"
0.4466446644664467,0.1089108910891089,"5198,14419","5198,10067"
-0.4464285714285714,0.3571428571428571,"9218,15657","9218,28778"
0.4464285714285714,-0.4464285714285714,"7408,15701","7408,15701"
-0.4461538461538462,0.3384615384615385,"7956,25784","7956,27928"
0.4453734671125976,-0.2642018406854967,"8840,9359","3406,8840"
0.4452380952380952,0.1428571428571428,"11118,16448","16448,35382"
-0.4451357466063348,0.4451357466063348,"10674,11291","10674,11291"
0.4446476964769648,0.0416666666666666,"2697,8606","2697,31987"
-0.4444444444444444,-0.1952874116891457,"3384,23092","2941,3384"
-0.4444444444444444,-0.3513513513513513,"7142,25187","7142,9616"
-0.4444444444444444,-0.234375,"14999,36445","8848,14999"
0.4444444444444444,0.4444444444444444,"4318,14397","14397,35492"
-0.4444444444444444,0.1691306369130636,"11450,28729","813,11450"
0.4444444444444444,-0.4444444444444444,"15069,20351","15069,20351"
0.4444444444444444,-0.0769230769230769,"8178,25954","1512,25954"
-0.4444444444444444,0.2534722222222222,"11585,30982","6585,11585"
0.4444444444444444,0.072992700729927,"7825,14869","7825,12239"
-0.4444444444444444,0.130718954248366,"13934,31217","13737,13934"
0.4444444444444444,-0.0835913312693498,"11610,26260","3748,26260"
-0.4444444444444444,0.2666666666666666,"11820,29060","11820,36418"
-0.4444444444444444,-0.1415094339622641,"11916,28099","3904,11916"
-0.4444444444444444,0.3333333333333333,"11748,28999","11748,32201"
-0.4444444444444444,-0.0213675213675212,"15123,36665","14678,15123"
-0.443943153620573,0.2903225806451613,"2040,5120","5120,29784"
-0.4438596491228069,-0.4378787878787879,"6825,8477","6825,7306"
0.44375,0.0109409190371991,"447,2235","447,14478"
0.4436156208863537,0.2830188679245283,"8292,14375","14375,31678"
-0.4421052631578947,0.1578947368421052,"5380,20853","5380,32217"
0.4419642857142857,0.0223214285714285,"499,8307","499,31621"
-0.4418604651162791,-0.1236162361623616,"4662,8755","1077,8755"
0.4418604651162791,-0.1167176409486987,"1518,11221","921,1518"
-0.4411764705882353,-0.2903225806451613,"7620,25514","7620,7630"
-0.4411764705882353,-0.0081466395112016,"3591,23176","1347,3591"
-0.4411764705882353,-0.1368286445012787,"11989,31593","4621,11989"
-0.4411764705882353,0.1470588235294117,"7666,25541","7666,39319"
-0.4411764705882353,0.0588235294117647,"2206,21555","2206,36333"
0.4403453689167975,-0.4403453689167975,"3054,3160","3054,3160"
0.440251572327044,-0.0346420323325635,"2946,5310","749,2946"
-0.44,-0.3888888888888889,"10194,15681","15681,15880"
-0.44,0.1523076923076923,"6733,15883","3541,15883"
-0.44,0.28,"10568,27940","10568,33123"
-0.44,-0.2184615384615384,"10601,12848","10601,15815"
-0.44,-0.3194444444444444,"15424,37153","2809,15424"
-0.44,-0.0497512437810945,"16280,37136","1884,16280"
-0.44,0.2225592417061611,"10646,28010","3271,10646"
0.44,0.4146341463414634,"8364,9710","9710,30259"
0.44,0.16,"3698,15552","3698,21324"
-0.44,-0.1774193548387097,"16188,25355","7064,16188"
0.4399585921325052,-0.0125603864734299,"12124,13924","6646,13924"
0.4395604395604395,-0.4395604395604395,"4303,21551","4303,21551"
-0.4392523364485981,0.1121495327102803,"4750,23726","4750,36419"
0.4390243902439024,-0.125,"10388,29943","8267,29943"
-0.4390243902439024,0.2682926829268293,"12404,29639","12404,38070"
-0.4385964912280701,-0.0314757481940144,"9518,27031","9518,16631"
0.4383561643835616,0.0125570776255707,"159,319","159,7039"
-0.4382022471910112,0.1123595505617977,"5866,24374","5866,27312"
-0.4382022471910112,0.1685393258426966,"5793,24333","5793,32152"
0.4381598793363499,0.358974358974359,"8452,11131","8452,14675"
-0.4380497612465443,-0.3508771929824561,"8768,17100","11409,17100"
-0.4380165289256198,0.1074380165289256,"4140,23425","4140,34169"
-0.4376590330788804,0.4376590330788804,"6071,8350","6071,8350"
0.4375,-0.4375,"4343,8989","4343,8989"
-0.4375,0.2291666666666666,"10908,28260","10908,37038"
0.4375,0.2291666666666666,"8559,13251","8559,37406"
0.4375,0.0695187165775401,"2139,12642","2139,2347"
-0.4375,-0.4313725490196078,"11367,28640","10714,11367"
0.4375,0.0,"1711,14471","13535,14471"
0.4375,-0.0059574468085106,"8141,16870","5874,16870"
-0.4363636363636363,0.1818181818181818,"9471,9855","9855,40452"
-0.4358974358974359,0.4358974358974359,"10827,19930","10827,19930"
0.4358974358974359,0.3333333333333333,"8670,13353","6867,8670"
-0.4358974358974359,-0.3111111111111111,"4079,5040","4079,8148"
0.4358974358974359,0.2988505747126436,"5700,13345","3578,5700"
-0.4358974358974359,-0.0828025477707006,"12910,25899","8566,12910"
-0.4354838709677419,0.014516129032258,"6410,26188","2255,6410"
0.4348480822039153,0.0594139549943338,"2153,3208","913,2153"
0.4347826086956522,0.217391304347826,"5836,21610","5836,12261"
0.4347826086956521,-0.231638418079096,"16593,24107","5442,24107"
-0.4347826086956521,-0.1188811188811188,"16574,39051","4871,16574"
-0.4347826086956521,0.2839673913043478,"17043,40000","8656,17043"
0.4347826086956521,-0.3333333333333333,"17474,28784","20624,28784"
-0.4347826086956521,0.2391304347826087,"11950,29186","11950,38698"
-0.4347826086956521,0.1728123280132085,"17486,40736","7541,17486"
-0.4347826086956521,0.3478260869565217,"2559,11629","1621,11629"
0.4347826086956521,0.0990566037735849,"3845,17506","3845,28513"
0.4347826086956521,-0.3194444444444444,"1819,17143","1819,10142"
0.4347826086956521,-0.3451667435069924,"776,17291","776,7073"
-0.4347826086956521,0.3260869565217391,"11694,28959","11694,32093"
-0.4347826086956521,0.3478260869565217,"3002,11432","11432,30730"
0.4347826086956521,0.1547169811320754,"2750,17286","2750,24166"
0.4347826086956521,-0.1694915254237288,"17504,25244","13315,25244"
-0.4338343648688476,0.4338343648688476,"550,5615","550,5615"
0.4336917562724014,-0.257333040743179,"1009,4261","1009,12311"
-0.4333333333333333,0.4333333333333333,"8845,13158","8845,13158"
-0.4333333333333333,0.432258064516129,"4065,13203","5914,13203"
-0.4333333333333333,-0.0757575757575757,"13457,35272","6095,13457"
0.4332870419826941,0.0786240786240786,"2028,17933","2028,21570"
0.4330357142857143,-0.4330357142857143,"4841,7742","4841,7742"
0.4324324324324324,-0.1304347826086956,"6315,11186","4740,11186"
-0.4324324324324324,-0.2321428571428571,"11001,28287","3822,11001"
0.4324324324324324,-0.4324324324324324,"11261,16093","11261,16093"
0.4324324324324324,-0.4324324324324324,"11234,21026","11234,21026"
0.4324324324324324,-0.0240384615384615,"13719,30980","3239,30980"
-0.4324324324324324,0.4324324324324324,"11157,12051","11157,12051"
0.4324324324324324,0.1916666666666666,"2957,13851","2957,23758"
-0.4318181818181818,0.25,"12006,29236","12006,37010"
0.4313725490196078,0.1463414634146341,"4613,6359","6359,36553"
0.4313725490196078,0.4166666666666667,"7923,16346","16346,40884"
-0.4313725490196078,-0.2558139534883721,"10744,21067","10744,11239"
-0.4312450748620962,-0.3267477203647416,"1184,3033","1184,11953"
-0.4305555555555556,-0.1293322062552832,"7535,25453","270,7535"
-0.430379746835443,-0.0585252402013115,"1272,8305","71,1272"
-0.4298245614035088,-0.0434782608695652,"4549,5896","2039,4549"
0.4293817356778219,-0.4293817356778219,"7791,7792","7791,7792"
0.4285714285714286,-0.4285714285714286,"11632,17348","11632,17348"
0.4285714285714286,0.119047619047619,"4637,9404","4637,40234"
0.4285714285714286,0.4285714285714285,"13395,13519","13519,35423"
-0.4285714285714285,0.25,"9729,27241","9729,33217"
-0.4285714285714285,0.2857142857142857,"14483,31791","14483,39211"
-0.4285714285714285,0.2727272727272727,"7001,25078","7001,8556"
-0.4285714285714285,-0.4032258064516129,"14520,16713","9271,14520"
0.4285714285714285,-0.0436507936507936,"6577,14159","2461,6577"
-0.4285714285714285,0.4175824175824175,"11587,31901","11587,13591"
-0.4285714285714285,-0.1081081081081081,"5861,24370","2816,5861"
-0.4285714285714285,0.2857142857142857,"14315,31619","14315,38937"
-0.4285714285714285,0.2619047619047619,"12410,29649","12410,13781"
-0.4285714285714285,0.2857142857142857,"14991,32341","14991,40383"
0.4285714285714285,0.1403508771929824,"2791,5686","2791,31487"
-0.4285714285714285,-0.0343007915567282,"13821,28276","2818,13821"
-0.4285714285714285,0.1714285714285713,"13792,16899","12264,13792"
0.4285714285714285,-0.144927536231884,"13817,35981","3672,35981"
-0.4285714285714285,-0.1433247603460369,"5739,18600","5739,15080"
-0.4285714285714285,0.2619047619047619,"12372,29598","12372,37976"
-0.4285714285714285,0.2653061224489796,"11244,28538","11244,34832"
-0.4269662921348314,0.2584269662921348,"5952,22465","5952,27625"
0.4267225829725829,0.0710227272727272,"1094,7568","1094,26812"
-0.4262295081967213,0.1147540983606557,"4282,23494","4282,33692"
-0.4259259259259259,0.3888888888888889,"10072,27502","10072,28346"
-0.4259259259259259,0.2777777777777778,"9974,27405","9974,31592"
-0.425531914893617,-0.0466067048242027,"8523,11874","744,8523"
-0.425531914893617,0.2978723404255319,"11941,29181","11941,33758"
-0.425531914893617,0.2553191489361702,"11872,29115","11872,36598"
0.4252873563218391,-0.4252873563218391,"1080,8917","1080,8917"
-0.425287356321839,0.073200241984271,"6146,24541","3074,6146"
-0.425,0.125,"6738,24900","6738,40039"
-0.425,-0.1864406779661017,"13001,30258","12983,13001"
0.4244732165524244,-0.4244732165524244,"420,3546","420,3546"
-0.4242424242424242,0.2045454545454545,"3892,23310","3892,26242"
-0.4234234234234234,0.0990990990990991,"2090,22676","2090,25148"
0.4232639564287103,-0.0468085106382978,"5944,6510","4152,5944"
0.4230769230769231,-0.4230769230769231,"15027,21356","15027,21356"
0.4230769230769231,-0.4230769230769231,"13492,14330","13492,14330"
-0.4230769230769231,0.3269230769230769,"3412,10527","10527,30212"
0.4230769230769231,-0.0199600798403193,"13733,14729","1412,13733"
-0.4230769230769231,-0.2619047619047619,"14758,36638","7024,14758"
0.4228286384976526,-0.0565217391304347,"1370,9540","1370,3317"
-0.4225352112676056,0.2957746478873239,"7651,25531","7651,28328"
-0.421875,0.0814104523227383,"8584,26272","1904,8584"
-0.4215686274509804,-0.0677419354838709,"5278,24021","967,5278"
-0.4215686274509804,0.1176470588235294,"5164,23948","5164,35369"
0.4215204678362573,0.1578947368421052,"8517,17285","7888,8517"
0.4210526315789473,-0.0516151685393258,"9095,9945","9095,10736"
0.4210526315789473,-0.4210526315789473,"10844,21222","10844,21222"
0.4210526315789473,0.3225806451612903,"13989,19748","19748,39830"
-0.4210526315789473,-0.1225382932166301,"13976,31256","1405,13976"
-0.4210526315789473,0.3157894736842105,"14023,31334","14023,30065"
-0.4210526315789473,0.1929824561403508,"9853,27311","9853,24584"
-0.4210526315789473,0.3508771929824561,"9765,27254","9765,28985"
-0.4209932279909706,-0.1311950405983625,"272,22383","272,4419"
-0.4204545454545454,0.1136363636363636,"6137,24534","6137,40015"
-0.4202898550724637,-0.1040372670807453,"7861,25712","7861,12055"
-0.42,0.24,"11235,28532","11235,18966"
-0.42,0.32,"984,10930","10930,11165"
-0.4193548387096774,0.1612903225806451,"9010,26626","9010,9790"
0.4193548387096774,0.1998426435877262,"12032,15656","5731,12032"
-0.4191616766467065,0.0658682634730539,"370,3018","3018,3347"
-0.4189723320158103,0.4189723320158103,"6343,10897","6343,10897"
0.4189455530918946,-0.4189455530918946,"3477,4708","3477,4708"
-0.4186046511627907,0.2790697674418604,"12028,24359","12028,35413"
-0.4186046511627907,0.2790697674418604,"8128,12382","12382,36201"
0.4184149184149184,-0.4184149184149184,"7808,8167","7808,8167"
0.417910447761194,-0.1428571428571428,"1627,8262","1627,14862"
-0.417910447761194,-0.110092395167022,"8204,25972","2549,8204"
0.4177978883861236,0.392156862745098,"6134,6309","6134,7198"
0.4177396280400571,0.0600858369098712,"3731,11551","3731,32736"
0.4177215189873418,0.1911764705882352,"7020,7021","7021,35010"
-0.4167920142212498,0.0985915492957746,"2417,8182","2417,33429"
-0.4166666666666667,0.2777777777777778,"15120,32483","15120,16317"
-0.4166666666666667,-0.1578947368421052,"15500,34356","10107,15500"
-0.4166666666666667,0.1666666666666666,"9267,26821","9267,36558"
-0.4166666666666667,-0.4166666666666666,"15781,39759","15781,19519"
-0.4166666666666667,0.3055555555555556,"14726,32045","14726,37803"
-0.4166666666666667,0.349290780141844,"15677,39519","15677,16733"
0.4166666666666667,0.1604938271604938,"10118,14730","7895,10118"
-0.4166666666666667,0.0119047619047619,"11185,32221","11185,13636"
-0.4166666666666667,0.3640350877192982,"15602,39370","3695,15602"
0.4166666666666667,0.1886792452830188,"4582,14810","4582,4926"
-0.4166666666666667,0.3055555555555556,"14473,31783","14473,27127"
-0.4166666666666667,0.2777777777777778,"15051,15052","15051,40525"
-0.4166666666666667,-0.26,"15450,39040","9004,15450"
-0.4166666666666667,0.196969696969697,"15298,38876","8481,15298"
-0.4161073825503356,0.0738255033557047,"3495,22699","3495,6208"
-0.4153846153846154,0.3384615384615385,"8493,26195","2382,8493"
0.4149484536082474,-0.2424242424242424,"1897,20158","1897,10348"
-0.414924506387921,0.414924506387921,"2873,3540","2873,3540"
-0.4148936170212766,0.4148936170212766,"1614,4023","1614,4023"
-0.4146341463414634,0.2439024390243902,"13216,26702","10485,13216"
-0.4146341463414634,-0.15,"12938,30192","7144,12938"
-0.4146341463414634,0.1219512195121951,"6689,24863","6689,21695"
-0.4144736842105263,0.0921052631578947,"3394,23102","3394,25978"
-0.413880742913001,-0.1398872445384073,"2467,2582","93,2582"
0.4137931034482758,-0.1162988115449915,"13100,15489","15489,17193"
-0.4137931034482758,-0.1346153846153846,"13346,36680","4876,13346"
-0.4137931034482758,0.1896551724137931,"9967,27397","9967,38808"
0.4137931034482758,-0.3783783783783784,"13270,32811","15461,32811"
0.4134328358208955,0.0895522388059701,"8849,12067","8849,31793"
-0.4133333333333333,0.3733333333333333,"7401,25356","7401,11375"
-0.4133333333333333,-0.1076923076923077,"6884,11588","2081,6884"
0.413085311096857,-0.413085311096857,"56,2353","56,2353"
-0.4122137404580153,-0.1324231452226655,"4120,23417","1732,4120"
-0.4117647058823529,-0.0769230769230769,"4843,15578","8655,15578"
0.4117647058823529,0.4117647058823529,"11981,21399","11981,33862"
-0.4117647058823529,0.2352941176470588,"11305,28586","11305,36609"
0.4117647058823529,-0.2857142857142857,"7828,22493","5981,22493"
-0.4117647058823529,0.1470588235294117,"8155,20305","8155,38955"
0.4117647058823529,0.3088235294117647,"9346,11076","5366,9346"
-0.411214953271028,0.1495327102803738,"5108,23919","5108,31286"
0.4108910891089108,-0.0351966873706004,"292,2440","292,2242"
0.4107142857142857,-0.3021419789037727,"2125,7056","2125,4484"
-0.4102564102564102,0.282051282051282,"13820,31080","13820,37763"
-0.4102564102564102,0.3076923076923077,"6708,13610","13610,35600"
0.4102564102564102,0.2222222222222222,"8497,14132","8497,32716"
-0.4102564102564102,-0.2096774193548387,"13397,13637","5771,13637"
-0.4098360655737705,0.180327868852459,"9236,26795","9236,37306"
-0.4098360655737705,0.1744242779078844,"9467,11875","937,9467"
0.4094488188976378,-0.1833333333333333,"2776,23477","5938,23477"
-0.4090909090909091,0.2727272727272727,"12538,29785","12538,36539"
-0.4090909090909091,0.1666666666666666,"8463,26447","8463,38756"
-0.4090909090909091,0.1940438871473354,"6339,23561","3268,6339"
-0.4090909090909091,0.25,"12339,29573","12339,37894"
-0.4090909090909091,0.1969696969696969,"8774,26433","8774,35176"
-0.4090909090909091,-0.238095238095238,"12485,26164","12485,13433"
0.4090501792114695,0.2361111111111111,"11529,12070","12070,30071"
-0.408982252806954,-0.0678466076696165,"4279,7932","340,7932"
0.4084507042253521,-0.063063063063063,"898,909","909,5369"
-0.4084507042253521,0.1549295774647887,"7341,15002","5219,7341"
0.408351976137211,-0.408351976137211,"5267,10815","5267,10815"
-0.4081632653061224,0.2448979591836734,"11447,28728","11447,35399"
-0.4081632653061224,0.2653061224489796,"5684,24271","5684,26677"
-0.4081632653061224,0.171593300997529,"5296,11699","4278,11699"
-0.4078947368421052,-0.1996904024767801,"7362,25325","4100,7362"
0.4078112431852712,-0.4078112431852712,"1850,2056","1850,2056"
0.4074074074074074,-0.4074074074074074,"14073,21292","14073,21292"
-0.4074074074074074,-0.073394495412844,"1164,1759","1037,1759"
-0.4074074074074074,0.4074074074074074,"7301,10188","7301,10188"
-0.4074074074074074,-0.3333333333333333,"13887,14804","10631,14804"
0.4074074074074074,-0.0754716981132075,"14047,35606","3465,35606"
0.4074074074074074,0.3823529411764705,"10898,13489","10898,19102"
0.4074074074074074,-0.1428571428571428,"13576,37225","9280,37225"
0.4074074074074074,-0.3387096774193548,"13908,24749","10943,24749"
0.4073170731707317,0.375,"8112,15274","15274,25892"
-0.4067796610169492,0.2203389830508474,"9792,27270","9792,34720"
-0.4067554467064646,0.4067554467064646,"1826,2072","1826,2072"
-0.4064171122994652,-0.2635599694423223,"1663,22879","683,1663"
-0.40625,0.40625,"9172,26730","3441,9172"
-0.40625,0.1145833333333333,"2906,5772","5772,36537"
-0.4057971014492754,-0.2452830188679245,"8341,26063","6651,8341"
0.4057829759584145,-0.4057829759584145,"4728,4940","4728,4940"
0.4057142857142857,-0.4057142857142857,"1802,9442","1802,9442"
-0.4054054054054054,0.0945945945945946,"10630,14802","10630,11715"
-0.4054054054054054,0.2972972972972973,"14883,32235","14883,37293"
0.4054054054054054,-0.2777777777777778,"10602,25549","4809,25549"
0.4054054054054054,-0.0,"8259,14286","8259,20686"
-0.4050632911392405,0.2658227848101265,"7159,25194","7159,28399"
0.405,0.1465968586387434,"1443,2550","1443,24771"
-0.4047619047619047,0.2023809523809523,"6709,9681","6709,13780"
-0.4047619047619047,0.3333333333333333,"12806,30073","12806,32813"
-0.4047619047619047,0.3095238095238095,"12913,30180","12913,34278"
-0.4047619047619047,0.2857142857142857,"13047,22991","13047,26335"
-0.4043715846994536,0.4043715846994536,"5009,12597","5009,12597"
0.404040404040404,0.2278669043374926,"2104,9641","2104,2739"
0.4038461538461538,-0.4038461538461538,"7330,18179","7330,18179"
0.4031007751937984,-0.1834862385321101,"4217,23459","8480,23459"
0.4023952095808383,0.18562874251497,"5722,10988","5722,8798"
0.4007326007326007,0.1923076923076923,"10023,10311","10023,31720"
0.4005771144278607,0.024,"304,3929","304,9258"
-0.4002849002849002,0.4002849002849002,"7627,13593","7627,13593"
-0.4,0.32,"11596,28877","11596,30991"
0.4,-0.0399999999999999,"11102,22345","8373,11102"
-0.4,0.2857142857142857,"15323,32670","15323,38930"
0.4,-0.4,"14467,20915","14467,20915"
0.4,-0.1766304347826087,"6030,13808","6030,12279"
0.4,0.4,"15067,16742","15067,27049"
-0.4,0.4,"4619,14808","4619,14808"
0.4,-0.2181818181818181,"7174,12520","7174,12971"
0.4,0.2157894736842105,"12142,18127","8937,12142"
-0.4,-0.1643835616438356,"15108,40642","9802,15108"
0.4,0.303030303030303,"6696,17830","17830,39016"
-0.4,0.2304347826086956,"12502,36430","12502,12832"
-0.4,-0.1065292096219931,"14550,39406","3637,14550"
-0.4,0.1333333333333333,"6253,24627","6253,25889"
-0.4,0.2,"9686,27189","9686,35834"
0.4,-0.0175355450236966,"3137,9788","78,3137"
-0.4,0.35,"13581,30834","13581,32823"
-0.4,0.2857142857142857,"16206,33625","16206,17968"
0.4,-0.1756756756756756,"5337,11739","5337,9708"
0.4,0.1979166666666666,"2898,9736","2898,24416"
-0.4,0.275,"6590,13559","13559,37184"
-0.4,-0.0523560209424083,"6759,24931","3769,6759"
-0.4,-0.1608695652173913,"12065,35518","6591,12065"
-0.4,0.1443037974683544,"4354,24924","1722,4354"
0.4,-0.4,"14432,18806","14432,18806"
0.4,0.3,"7061,14691","6630,7061"
-0.4,0.1333333333333333,"7841,25690","7841,40892"
-0.3992107117688513,0.3992107117688513,"253,12450","253,12450"
-0.3977900552486187,0.0662983425414364,"2919,22939","2919,36352"
-0.3977272727272727,-0.2808441558441558,"6592,19741","6592,6996"
-0.3975820927040439,0.3975820927040439,"1474,2322","1474,2322"
-0.3974358974358974,0.1794871794871795,"7318,25287","7318,32684"
0.3974358974358974,0.3287671232876712,"7412,9304","9304,27204"
-0.3970588235294117,0.25,"8646,26324","8646,30341"
-0.3968253968253968,-0.1125541125541125,"9453,26996","9453,18905"
0.3966334368360843,-0.2105913867710694,"2424,13088","2424,3920"
-0.3963963963963964,0.1621621621621621,"5047,23881","5047,29317"
-0.3962264150943396,0.1886792452830188,"11159,28476","11159,37990"
-0.3962264150943396,0.1651770936775902,"7238,28537","7238,9501"
-0.3962264150943396,0.0293872098847887,"10576,28425","4865,10576"
-0.3960216998191682,0.3960216998191682,"5823,6352","5823,6352"
0.3953738044114777,-0.3953738044114777,"1020,3844","1020,3844"
-0.3953488372093023,0.3023255813953488,"13022,30277","13022,34485"
-0.3953488372093023,0.3023255813953488,"12888,30155","12888,34235"
-0.3947368421052631,0.2894736842105263,"15270,32605","15270,38779"
-0.3947368421052631,0.3421052631578947,"15100,32461","15100,35024"
-0.3940217391304347,0.3125,"2679,3818","2679,24703"
-0.3939393939393939,-0.3939393939393939,"11940,35182","5856,11940"
-0.3939393939393939,0.303030303030303,"17255,34839","17255,40344"
0.3939393939393939,-0.217391304347826,"11673,24023","10198,24023"
0.3938394544963542,-0.0408163265306122,"347,358","347,5493"
-0.3937823834196891,0.0621761658031088,"2730,14531","2730,35648"
0.3930957683741648,0.0289532293986636,"1591,17411","1591,13907"
0.3930131004366812,-0.1853218763206085,"1220,6725","1220,4755"
-0.3928571428571429,0.3928571428571429,"13165,14589","13165,14589"
-0.3928571428571428,0.2628805620608899,"11283,13163","11292,13163"
-0.3928571428571428,-0.2929936305732484,"4170,23905","1988,4170"
0.3925925925925926,-0.3925925925925926,"5564,6040","5564,6040"
-0.392156862745098,0.1666666666666666,"5595,24216","5595,30166"
-0.392156862745098,0.2156862745098039,"11638,21959","11638,36782"
-0.392,-0.2729230769230769,"4512,23612","4512,15225"
-0.391304347826087,0.1413043478260869,"4185,6338","6338,34789"
-0.391304347826087,0.217391304347826,"12554,22815","12554,40588"
-0.391304347826087,0.2391304347826087,"12507,29738","12507,38278"
0.391304347826087,-0.1290322580645161,"12411,29650","6816,29650"
-0.3912037037037037,-0.1666666666666666,"763,17917","763,9323"
-0.3909836065573771,0.0655737704918032,"743,9728","743,30732"
-0.3902439024390244,0.2682926829268293,"13882,31150","13882,37939"
-0.3902439024390244,0.3902439024390244,"9196,21947","9196,21947"
-0.3902439024390244,0.1463414634146341,"7074,25121","7074,24472"
-0.3902439024390244,0.2439024390243902,"14124,31440","14124,40636"
-0.3902439024390244,0.2439024390243902,"14115,31426","14115,40601"
0.3902027027027027,0.3541666666666667,"8804,10394","10394,10395"
-0.39,0.17,"5742,24304","5742,30127"
-0.39,0.13,"5758,7281","5758,34387"
-0.3898305084745763,0.2033898305084746,"9987,27417","9987,35380"
0.3894557823129252,0.1071428571428571,"2092,8407","8407,36655"
0.3888888888888889,-0.0097087378640776,"15347,32689","490,32689"
0.3888888888888889,-0.0115667718191377,"4517,16295","1034,4517"
-0.3888888888888889,0.3055555555555556,"8708,16277","16277,29483"
-0.3888888888888889,-0.0277777777777777,"10985,28325","2723,10985"
-0.3888888888888889,0.3333333333333333,"15309,32656","8981,15309"
-0.3884297520661157,0.0826446280991735,"4742,8791","4742,40121"
0.3881578947368421,-0.1512605042016806,"3685,7205","4927,7205"
-0.3879310344827586,0.0373563218390804,"1287,22495","1287,35031"
-0.3874999999999999,0.3874999999999999,"4470,12443","4470,12443"
-0.3870967741935484,0.2580645161290322,"9698,27201","9698,31042"
-0.3866666666666666,0.2933333333333333,"8069,25866","8069,28118"
-0.3863636363636363,0.3181818181818182,"13190,30451","13190,33410"
0.3862418106015485,0.1413043478260869,"4267,7795","7795,34939"
-0.3859649122807017,0.2280701754385964,"10430,27827","10430,12150"
-0.3859649122807017,-0.0753186558516801,"10587,27958","436,10587"
-0.3859649122807017,0.3684210526315789,"10702,28072","10702,17969"
-0.3859649122807017,-0.1587301587301587,"10529,27906","5465,10529"
-0.3857142857142857,0.2,"7921,26262","7921,32965"
-0.3852459016393442,0.1475409836065573,"4753,23728","4753,29741"
-0.3849252928374049,0.1007751937984496,"342,3329","3329,34109"
-0.3848207475209764,0.1739130434782608,"3363,3959","3363,8877"
-0.3846153846153846,0.3333333333333333,"14768,32106","14768,18144"
0.3846153846153846,0.10625,"6973,14606","6973,29400"
0.3846153846153846,-0.0,"11423,19148","14859,19148"
0.3846153846153846,-0.0012741804702884,"14240,37224","4,37224"
0.3846153846153846,0.0160291438979963,"4412,13578","4412,8467"
-0.3846153846153846,0.1846153846153846,"8151,26749","8151,35356"
-0.3846153846153846,-0.2105263157894736,"6896,14873","4928,14873"
-0.3846153846153846,-0.0274725274725274,"14067,40487","12530,14067"
0.3844334433443344,-0.1538461538461538,"901,3950","3950,6649"
-0.3833333333333333,0.1666666666666666,"9983,27416","9983,38961"
0.3831775700934579,0.0,"3655,5453","3655,8289"
0.3823529411764705,-0.3421052631578947,"11328,13971","11328,15983"
-0.3823529411764705,0.2941176470588235,"2471,16797","16797,39458"
-0.3823529411764705,0.3235294117647059,"17039,34614","17039,37944"
0.3823529411764705,0.3428571428571428,"17459,18679","9977,18679"
-0.3818181818181818,0.2363636363636363,"11167,28477","11167,34651"
-0.3816512815603333,0.0335305719921104,"77,189","189,14996"
-0.3811792733770101,0.3811792733770101,"1286,11252","1286,11252"
0.3809523809523809,-0.3809523809523809,"8856,18205","8856,18205"
-0.3809523809523809,0.2857142857142857,"8908,30956","8908,10163"
-0.3809523809523809,0.3809523809523809,"3173,3269","3173,3269"
0.3809523809523809,-0.0384615384615384,"9067,19995","2922,19995"
-0.38,-0.2282608695652173,"5902,24400","5902,6641"
-0.38,0.38,"11991,29219","11991,29220"
0.3793103448275862,0.2068965517241379,"6342,15438","6342,36385"
0.3793103448275862,-0.1032258064516129,"11068,12379","4679,12379"
-0.3793103448275862,0.3793103448275862,"6389,22242","6389,22242"
0.3791569086651054,0.1147540983606557,"6258,9542","9542,33826"
0.3791271347248577,0.0189753320683111,"1823,13596","1823,40940"
0.3783783783783784,-0.3783783783783784,"10178,18535","10178,18535"
-0.3783783783783784,0.3513513513513513,"15884,33262","15884,22607"
-0.3783783783783784,0.3513513513513513,"1948,15956","15956,34710"
-0.3783783783783784,0.2702702702702703,"16329,33777","16329,40859"
-0.3783783783783784,0.2972972972972973,"16182,33601","16182,38456"
0.3783783783783784,-0.2307692307692307,"10359,33744","9508,33744"
0.3783783783783784,0.1456512692467748,"13018,16352","10572,13018"
-0.3783783783783784,-0.3473684210526316,"16231,33664","6840,16231"
-0.3783783783783784,0.2972972972972973,"16220,33652","16220,16470"
-0.3783783783783784,0.2702702702702703,"15907,33284","15907,40048"
0.3781512605042016,0.1,"5464,5920","5464,5847"
-0.3780487804878049,0.0949935815147625,"5899,15012","5899,9730"
0.3777777777777777,0.0361111111111111,"3383,12847","3383,26538"
-0.3777777777777777,0.2444444444444444,"13035,30291","13035,37796"
-0.3776377952755905,-0.1625,"3341,17137","8594,17137"
-0.3773584905660377,-0.217391304347826,"11531,28811","11531,15644"
-0.3773584905660377,0.2830188679245283,"11608,28885","11608,23631"
-0.3773584905660377,0.320754716981132,"11765,29017","11765,30419"
-0.3773584905660377,0.320754716981132,"11791,29038","11791,30441"
0.3772005772005772,0.1767676767676767,"5521,7349","5521,24784"
-0.3770491803278688,0.1639344262295081,"10086,27512","10086,35619"
-0.3770491803278688,-0.0991735537190082,"10168,27596","4539,10168"
0.3769230769230768,-0.3769230769230768,"9636,15095","9636,15095"
-0.3766233766233766,-0.2857142857142857,"8053,25858","7273,8053"
-0.3763440860215054,-0.0219876868953386,"6568,24794","1097,6568"
0.3761707354521726,0.2135728542914171,"1734,10213","1734,6451"
0.375,-0.375,"7951,11462","7951,11462"
0.375,0.375,"7710,11924","7710,29537"
-0.375,0.375,"11618,14266","11618,14266"
-0.375,-0.1538461538461538,"9394,15161","4107,15161"
-0.3742690058479532,0.003660082607451,"1377,22509","1377,5316"
-0.3737373737373737,0.1616161616161616,"6142,7184","6142,31201"
0.3734939759036144,0.1566265060240964,"4231,19879","4231,5415"
0.3734177215189873,0.1643835616438356,"3675,9448","9448,32761"
-0.3733333333333333,0.24,"8297,26043","8297,29575"
-0.3733333333333333,-0.0680597014925373,"8164,25943","8164,9125"
-0.373253493013972,0.0538922155688622,"780,22423","780,26352"
-0.373134328358209,0.3283582089552239,"9527,27039","9527,28192"
-0.3727272727272727,0.2363636363636363,"5287,15047","5287,12948"
-0.3723809523809523,0.0488888888888888,"1326,13983","1326,38593"
-0.3722222222222222,-0.1998644986449865,"4817,5187","4817,4847"
0.3720930232558139,-0.1274509803921568,"14170,28905","5691,28905"
-0.3720930232558139,0.3720930232558139,"13555,30807","13555,30808"
0.3717905405405405,-0.3717905405405405,"7275,11573","7275,11573"
-0.3714285714285714,-0.0855263157894736,"16879,34405","2513,16879"
-0.3714285714285714,0.3142857142857143,"17560,35200","13854,17560"
-0.3714285714285714,0.3142857142857143,"16885,34409","16885,25933"
-0.3714285714285714,0.3142857142857143,"16764,30794","16764,37479"
-0.3714285714285714,0.3428571428571428,"17232,34806","17232,36366"
-0.3714285714285714,0.3142857142857143,"16535,34057","16535,37146"
-0.3709677419354839,-0.1739130434782608,"9198,20938","9198,13386"
-0.3709677419354839,0.2419354838709677,"9731,27601","9731,26377"
-0.37095403958882,-0.3148904314686266,"2445,2701","2268,2445"
-0.3703703703703703,0.3703703703703703,"12113,12837","12113,12837"
-0.3703703703703703,0.1851851851851851,"11742,28993","11742,40076"
-0.3703703703703703,0.3703703703703703,"3194,13202","3194,13202"
-0.3703703703703703,0.3703703703703703,"13094,21528","13094,21528"
-0.3697916666666666,0.3697916666666666,"6263,16494","6263,16494"
0.3697478991596639,0.0425531914893617,"1508,5071","1508,3786"
0.3695652173913043,-0.0584795321637426,"8083,30560","9876,30560"
0.3694242284661446,0.0656340949386143,"299,533","533,2806"
0.3692307692307692,0.0562248995983935,"4896,9621","4896,31412"
-0.369047619047619,-0.1466666666666666,"7321,23170","7321,9041"
-0.3688524590163934,0.1167377083919558,"4978,23843","19,4978"
0.3685283788376571,0.1428571428571428,"3942,6033","6033,22489"
0.368421052631579,-0.368421052631579,"6317,19902","6317,19902"
-0.3684210526315789,0.1732456140350877,"9897,33649","9897,17432"
0.3684210526315789,-0.3149606299212598,"10940,24215","5593,24215"
-0.3684210526315789,0.219298245614035,"5304,24036","5304,26752"
-0.3684210526315789,0.3157894736842105,"16207,33629","16207,28408"
-0.3684210526315789,-0.12,"9382,28490","6304,9382"
-0.3676470588235294,0.25,"9195,26753","9195,29996"
-0.3676470588235294,0.3676470588235294,"1702,2480","1702,2480"
-0.3673469387755102,-0.3673469387755101,"7421,29513","7421,21298"
0.3671086931882579,-0.2176599561490931,"3500,6153","3500,11857"
-0.3670886075949367,0.0822784810126582,"3735,23226","3735,34058"
-0.3669064748201439,-0.031591737545565,"4381,23547","1756,4381"
-0.3666666666666666,0.2166666666666666,"10506,24381","10506,24196"
0.3666666666666666,-0.1111111111111111,"5035,23869","3564,23869"
-0.3661971830985915,0.2957746478873239,"8890,26525","8890,28340"
-0.3658536585365853,0.2439024390243902,"13799,32002","13799,39687"
-0.3658536585365853,0.2926829268292683,"14542,31869","14542,35739"
-0.3658536585365853,0.0918220946915351,"14511,31842","1351,14511"
-0.3651612903225806,0.3651612903225806,"9877,11484","9877,11484"
-0.3646850044365571,0.0612244897959183,"1714,1817","1714,31969"
-0.3645320197044335,0.3645320197044335,"8213,12278","8213,12278"
0.3641777604960757,0.0763976550632234,"393,1228","393,546"
-0.3639846743295019,0.3639846743295019,"11854,12899","11854,12899"
0.363782638019077,-0.363782638019077,"363,1636","363,1636"
0.3636363636363636,-0.3636363636363636,"7117,13643","7117,13643"
0.3636363636363636,0.0260047281323877,"3026,11595","3026,27933"
-0.3636363636363636,-0.2916666666666667,"13978,31263","13978,16324"
0.3636363636363636,0.357857046594532,"33,14097","33,854"
0.3636363636363636,0.3636363636363636,"8229,13045","8229,30955"
-0.3636363636363636,0.1333333333333333,"9761,17846","4284,17846"
-0.3636363636363636,0.303030303030303,"18166,35882","18166,39605"
-0.3629032258064516,0.3387096774193548,"4894,23801","4894,24030"
0.3628318584070796,-0.1650485436893204,"5552,11533","7038,11533"
-0.3627450980392157,0.1176470588235294,"6181,24570","6181,36662"
-0.3624738432922576,0.0282543543413108,"1290,1821","1290,3069"
0.3623188405797102,-0.2452830188679245,"5154,6085","5154,12397"
-0.3617021276595745,0.2765957446808511,"13317,30575","13317,35050"
-0.3617021276595745,-0.1223021582733813,"1716,12905","9199,12905"
-0.3615098060699024,-0.0554532548336296,"2,28","2,49"
0.3614457831325302,-0.2325581395348837,"2715,4168","4168,7210"
-0.3611111111111111,0.3611111111111111,"16801,34320","16801,34319"
0.3611111111111111,0.0384615384615384,"999,10234","999,33831"
-0.3611111111111111,0.3055555555555556,"16501,25838","16501,37104"
-0.3611111111111111,0.3055555555555556,"2369,17382","17382,38440"
0.361111111111111,0.3087301587301587,"4077,4435","4435,5234"
-0.360655737704918,0.0219065398751531,"2283,22725","769,2283"
-0.3602305475504322,0.3198847262247838,"1433,22518","1433,22565"
-0.36,0.34,"12527,29766","12527,30513"
-0.36,-0.012722891566265,"4975,23842","4975,10530"
-0.36,0.28,"12687,29930","12687,33846"
0.3598081023454158,0.2313432835820895,"5905,15065","5905,25322"
-0.358974358974359,0.2179487179487179,"8393,26106","8393,30019"
-0.358974358974359,-0.0292072322670375,"14288,32643","1650,14288"
-0.358974358974359,0.358974358974359,"15349,32692","15349,32693"
-0.358974358974359,0.3076923076923077,"16301,33739","16301,36768"
-0.3587301587301587,0.3587301587301587,"2756,12565","2756,12565"
-0.358695652173913,0.217391304347826,"6855,13199","6855,28754"
-0.3581081081081081,0.0709459459459459,"645,22410","645,24103"
-0.3574660633484163,-0.2790697674418604,"1969,2602","2602,18916"
-0.3571428571428571,-0.3571428571428571,"12152,39266","12152,17957"
-0.3571428571428571,0.3095238095238095,"14513,31845","14513,34255"
-0.3571428571428571,-0.1801242236024844,"15110,28188","6615,15110"
-0.3571428571428571,-0.1064935064935065,"9275,26826","9275,18652"
-0.3571428571428571,0.1530612244897959,"6582,24802","6582,29807"
0.3571428571428571,-0.1548387096774193,"12479,14952","2890,12479"
-0.3562653562653562,0.3562653562653562,"812,11306","812,11306"
-0.3559322033898305,0.3389830508474576,"10961,24075","10961,28791"
-0.3559322033898305,0.1864406779661017,"8787,28658","8787,14924"
-0.3558123490858916,0.2307692307692307,"1473,7052","7052,29896"
0.3555555555555555,0.0481099656357388,"364,7964","364,24063"
-0.3555555555555555,-0.1698113207547169,"9487,12401","8056,12401"
-0.3555555555555555,0.0982817869415807,"12836,30861","2803,12836"
-0.3555555555555555,-0.1063829787234042,"7187,7989","7167,7187"
0.3555555555555555,-0.1944444444444444,"9115,13363","9115,9482"
-0.3555555555555555,0.3555555555555555,"8135,21833","8135,21833"
-0.3554987212276215,0.0383631713554987,"1230,22485","1230,32193"
-0.3552631578947368,0.1447368421052631,"8485,26187","8485,36995"
0.3548387096774194,-0.3548387096774194,"5525,11419","5525,11419"
-0.3548387096774194,-0.2564102564102564,"19949,38075","14878,19949"
-0.3548387096774194,-0.3548387096774194,"11728,37991","11566,11728"
0.3548387096774194,0.1764705882352941,"3247,11500","3247,25645"
-0.3548387096774194,0.1935483870967742,"3576,10740","9099,10740"
-0.3548387096774194,0.3225806451612903,"20537,38714","18337,20537"
-0.3548387096774194,-0.0700636942675159,"11474,37150","6049,11474"
0.3548387096774194,-0.2857142857142857,"19335,35461","12776,35461"
-0.3548387096774194,0.3225806451612903,"19605,37640","13785,19605"
0.3545577229787756,0.1004784688995215,"4335,10754","4335,28428"
0.3545095457537854,-0.3545095457537854,"470,2278","470,2278"
0.3545054945054945,-0.3545054945054945,"2640,15185","2640,15185"
-0.3538461538461538,0.2769230769230769,"10262,27328","10262,29730"
-0.3529411764705882,0.2941176470588235,"18866,36735","7592,18866"
-0.3529411764705882,0.088235294117647,"1571,22659","1571,23845"
-0.3529411764705882,0.1764705882352941,"7705,25578","7705,32036"
0.3529411764705882,-0.0187265917602996,"18178,35897","2590,35897"
-0.3529411764705882,0.3193277310924369,"5332,24049","5332,24406"
-0.3529411764705882,0.2941176470588235,"5449,18145","18145,39574"
-0.3522012578616352,0.0377358490566037,"910,22444","910,29390"
0.352112676056338,0.1975308641975308,"4083,9429","4083,9058"
-0.3516483516483517,0.1868131868131868,"7133,22514","7133,23125"
-0.3516483516483517,-0.1247784473590925,"7110,25163","7110,7754"
-0.3513513513513513,-0.1013215859030837,"8909,26537","1982,8909"
-0.3513513513513513,0.2972972972972973,"17457,35083","17457,38563"
0.3513513513513513,-0.0546218487394958,"9899,16344","7411,16344"
0.3513513513513513,0.141025641025641,"11819,16647","11819,23087"
-0.3513513513513513,0.3243243243243243,"17425,35037","17425,36640"
-0.3513513513513513,0.3513513513513513,"16604,29576","16604,34113"
0.3511873626948426,-0.0893403775012114,"535,1294","535,647"
-0.351063829787234,0.1170212765957446,"6846,24983","6846,37081"
0.351063829787234,-0.2194798301486199,"474,6992","474,5497"
-0.3508771929824561,0.2456140350877192,"11888,29135","11888,33647"
-0.3508771929824561,0.1907894736842105,"6089,19549","5754,6089"
-0.35,0.1177419354838709,"16068,33462","2338,16068"
0.35,-0.3017241379310345,"15798,22910","5719,22910"
0.35,0.1833333333333333,"5760,11627","5760,37643"
-0.35,0.1666666666666666,"11360,28631","11360,17219"
0.3494776828110161,-0.3494776828110161,"4433,4737","4433,4737"
-0.3488372093023256,0.3255813953488372,"15071,32428","15071,33580"
0.3488372093023256,-0.0341296928327645,"6157,8160","1305,6157"
-0.3488372093023256,0.2558139534883721,"13384,32548","13384,38662"
-0.3488372093023256,0.1395348837209302,"7302,25700","7302,33599"
-0.3478260869565217,0.2318840579710145,"9576,27091","9576,30742"
-0.3478260869565217,0.2608695652173913,"12640,31519","12640,36781"
-0.3478260869565217,0.2826086956521739,"12934,30973","12934,15764"
-0.3469387755102041,-0.1601079250265507,"12885,30150","281,12885"
-0.3466666666666667,-0.256231884057971,"8901,26534","6096,8901"
0.3464788732394366,0.2933333333333333,"4183,7807","7807,28136"
-0.3464566929133858,0.1614173228346456,"2260,13718","2260,8871"
0.3461538461538461,0.2536231884057971,"4030,19480","10291,19480"
-0.3461538461538461,-0.0788732394366197,"12342,26277","2577,12342"
-0.3461538461538461,0.1923076923076923,"12619,29867","12619,40771"
0.3461133839859731,0.2,"2509,12440","2509,23197"
0.3458333333333334,-0.2364718614718615,"2610,4472","2610,9298"
0.3456854838709677,0.0110887096774193,"218,6021","218,38198"
-0.345360824742268,-0.3170731707317073,"1066,8995","8995,13937"
-0.3450507046893014,0.2903225806451613,"328,2211","2211,23852"
-0.3448275862068966,-0.0106837606837606,"5946,28971","575,5946"
0.3444444444444444,0.1473813420621931,"7563,10728","2935,10728"
0.3442622950819672,0.1085271317829457,"11204,11682","224,11682"
0.3441295546558704,0.2637362637362637,"2745,3745","2745,3961"
0.34375,-0.0,"8738,20614","8738,14244"
0.34375,0.0704225352112676,"6885,11130","6885,13776"
-0.34375,0.3125,"20577,38752","20577,26011"
-0.34375,0.34375,"20103,38232","20103,38231"
-0.34375,0.34375,"11142,17709","11142,17709"
-0.34375,0.34375,"20097,38222","20097,38223"
-0.34375,-0.1587301587301587,"19418,34796","11823,19418"
0.34375,0.0,"8868,19070","8868,19862"
-0.34375,0.3125,"19509,32332","19509,39457"
-0.34375,0.3125,"20001,28995","20001,23642"
-0.3434343434343434,0.1111111111111111,"6634,24832","6634,24182"
0.3434343434343434,-0.3434343434343434,"5003,7810","5003,7810"
-0.3431635388739946,0.0294906166219839,"1374,22508","1374,37660"
-0.3428571428571428,0.2857142857142857,"17568,36814","17568,40874"
-0.3428571428571428,-0.1491228070175438,"5518,10214","2439,10214"
-0.3428571428571428,0.2857142857142857,"17558,26153","4716,17558"
-0.3428571428571428,-0.1886792452830188,"10001,16490","6901,10001"
-0.3428571428571428,0.1714285714285714,"6661,26066","6661,35545"
0.3427997705106139,-0.3427997705106139,"3056,3089","3056,3089"
-0.3424657534246575,-0.1056910569105691,"9387,26921","2441,9387"
-0.3421052631578947,0.2531328320802005,"9254,34224","4420,9254"
0.3421052631578947,0.3404255319148936,"6503,14126","14126,31442"
-0.3421052631578947,0.3157894736842105,"16778,25506","16778,27567"
-0.3421052631578947,0.1842105263157894,"3274,23055","3274,6472"
-0.3421052631578947,0.2631578947368421,"8854,26499","8854,28783"
-0.3421052631578947,0.3421052631578947,"16914,34440","16914,34439"
-0.3421052631578947,-0.1023622047244094,"16218,35057","3352,16218"
-0.3421052631578947,0.1710526315789473,"8867,26512","8867,34159"
0.341991341991342,-0.2857142857142857,"2619,22838","3258,22838"
-0.3417721518987341,0.2531645569620253,"8706,26367","8706,23683"
-0.3414634146341463,0.0577663671373556,"13944,16315","7370,13944"
0.3414634146341463,-0.3333333333333333,"5352,15453","5352,11035"
-0.3409090909090909,0.3409090909090909,"14694,32018","14694,32019"
0.3409090909090909,-0.2280701754385964,"15038,32399","16566,32399"
-0.3409090909090909,0.25,"7879,12643","12643,38677"
-0.3404255319148936,0.2978723404255319,"13185,31272","5181,13185"
-0.34,0.3,"12670,30665","12670,32575"
-0.34,-0.2272727272727272,"11666,30281","9954,11666"
-0.34,0.24,"13338,30591","13338,36666"
-0.34,-0.0716666666666666,"10390,29946","10390,15402"
-0.3398058252427184,0.233009708737864,"6446,24727","6446,27121"
-0.3398058252427184,-0.1416666666666666,"6621,24821","6621,7663"
0.339622641509434,0.1320754716981132,"819,3027","3027,33322"
0.3396226415094339,-0.1269614835948644,"885,12217","885,982"
0.33958111143888,0.0374639769452449,"1236,2097","1236,22432"
-0.3392857142857143,0.25,"2859,7395","7395,33011"
-0.3391812865497076,0.0584795321637426,"3782,5892","1946,3782"
-0.3390663390663391,0.3390663390663391,"8805,10879","8805,10879"
-0.3389830508474576,0.288135593220339,"11644,23463","11644,30254"
-0.3389830508474576,0.2033898305084746,"8725,29083","8725,36496"
0.3388888888888889,-0.0145746100820976,"323,1463","323,1253"
-0.3382352941176471,0.2352941176470588,"10210,27636","10210,31205"
-0.3379310344827586,0.1103448275862069,"4481,23597","4481,30816"
0.3375,0.125,"2744,5216","2744,32807"
-0.3372781065088757,0.1242603550295858,"3841,23288","3841,28481"
-0.3372534031105754,-0.0377358490566037,"1671,4211","481,4211"
-0.3370786516853932,0.146067415730337,"7832,25679","7832,35178"
0.3364485981308411,0.102803738317757,"2990,3778","2990,38514"
-0.335612968591692,-0.3069380203515264,"3359,4041","2937,3359"
-0.3355704697986577,0.2013422818791946,"4465,23587","4465,25678"
0.3355263157894737,-0.0414754835807467,"2119,4376","2119,6624"
-0.3349928876244665,0.3349928876244665,"54,4461","54,4461"
0.3344709897610921,-0.2361111111111111,"737,1132","737,13027"
-0.3339808678050213,0.3339808678050213,"282,914","282,914"
-0.3334861183865898,0.3334861183865898,"1521,1619","1521,1619"
0.3333333333333333,0.1746031746031746,"5389,19137","5389,38138"
0.3333333333333333,-0.0185714285714285,"10806,22144","2767,10806"
0.3333333333333333,-0.3333333333333333,"11416,20090","11416,20090"
-0.3333333333333333,0.3333333333333333,"22056,40650","22056,40651"
-0.3333333333333333,0.303030303030303,"18252,37756","18252,39749"
-0.3333333333333333,-0.1428571428571429,"14248,33812","10679,14248"
0.3333333333333333,-0.2755688719734391,"247,17282","247,1143"
-0.3333333333333333,0.2762656505171475,"10321,27331","974,10321"
0.3333333333333333,-0.1948051948051948,"9047,32126","3504,32126"
-0.3333333333333333,0.238095238095238,"12176,32971","12176,13332"
0.3333333333333333,0.217391304347826,"16852,20467","16852,23135"
0.3333333333333333,0.2244897959183673,"15980,17407","15980,31274"
-0.3333333333333333,0.2777777777777778,"16205,36629","16205,40631"
0.3333333333333333,-0.0643564356435643,"1889,9932","1889,3534"
-0.3333333333333333,-0.0366300366300366,"16639,35604","3868,16639"
-0.3333333333333333,-0.3222222222222222,"9569,35375","5878,9569"
-0.3333333333333333,-0.2833333333333333,"8247,33042","8247,12853"
-0.3333333333333333,-0.047008547008547,"14165,35097","4888,14165"
-0.3333333333333333,0.3333333333333333,"16772,30353","16772,34297"
0.3333333333333333,-0.1688311688311688,"386,16833","386,5881"
-0.3333333333333333,-0.2580645161290322,"12423,20045","10245,12423"
-0.3333333333333333,-0.2105093488072211,"10675,28046","10636,10675"
-0.3333333333333333,0.303030303030303,"17932,37328","13615,17932"
0.3333333333333333,0.1167579822406952,"7443,11461","5085,7443"
-0.3333333333333333,0.0957095709570957,"1896,22624","1896,2820"
-0.3333333333333333,0.2666666666666666,"12153,31818","12153,33220"
-0.3333333333333333,-0.196078431372549,"3988,11580","11580,15627"
-0.3333333333333333,-0.0459770114942528,"19774,37879","9339,19774"
-0.3333333333333333,0.303030303030303,"18715,38414","18715,35184"
-0.3333333333333333,-0.087431693989071,"9612,29097","4807,9612"
-0.3333333333333332,0.3333333333333332,"6897,11021","6897,11021"
0.3328825638053534,0.1023890784982935,"1611,2149","1611,25556"
-0.3321987746766507,0.3321987746766507,"2508,13918","2508,13918"
-0.3321428571428571,0.3321428571428571,"13361,14180","13361,14180"
-0.3320861395194146,-0.0524344569288389,"1608,15560","9270,15560"
-0.3319982198486871,0.3319982198486871,"1935,9645","1935,9645"
-0.3315217391304347,0.3260869565217391,"3577,10828","3577,10831"
0.3307017543859649,0.1833333333333333,"1180,9524","9524,24111"
-0.33,0.0409090909090908,"4909,24998","4909,12556"
0.3295454545454545,-0.3295454545454545,"1938,7595","1938,7595"
0.3295005807200929,-0.3295005807200929,"1331,1746","1331,1746"
-0.3289473684210526,0.2236842105263158,"9477,27013","9477,30578"
-0.3289473684210526,0.2631578947368421,"9464,27005","9464,29118"
-0.3285714285714285,-0.0258823529411764,"7235,27663","4193,7235"
-0.3284671532846715,-0.10828025477707,"4994,23855","3773,4994"
-0.3283582089552239,0.1641791044776119,"9762,15000","9762,36869"
0.3281139854313972,-0.0769230769230768,"106,1793","106,1760"
-0.3274336283185841,0.0610835311892941,"4334,4644","4334,7253"
-0.3273809523809524,-0.0916666666666666,"5622,9356","5622,8302"
-0.3269230769230769,0.2692307692307692,"11156,30360","11156,33273"
-0.3269230769230769,0.1538461538461538,"6802,24962","6802,31530"
-0.3265306122448979,0.2653061224489796,"1882,11968","11968,28899"
-0.3265306122448979,0.2040816326530612,"14254,29098","14254,40913"
-0.3265306122448979,0.2653061224489796,"13825,31084","13825,34497"
-0.3265306122448979,-0.0402365491651205,"10058,30897","3603,10058"
0.3260869565217391,-0.2615336388071846,"714,7544","560,714"
-0.3258426966292135,-0.0990806945863125,"2307,3830","2307,11570"
-0.3255813953488372,0.1627906976744186,"2280,23340","2280,26126"
0.3253012048192771,-0.3253012048192771,"3936,9890","3936,9890"
-0.3250744997871435,-0.1900030111412225,"3308,4739","4447,4739"
0.325,-0.2857142857142857,"14807,19844","5628,19844"
-0.325,-0.3249999999999999,"8775,35177","8109,8775"
-0.325,0.1621794871794872,"8557,34220","3654,8557"
0.325,0.2456140350877192,"7842,15557","15557,32843"
-0.325,0.3125,"7853,26455","7853,23532"
-0.325,0.06,"3281,23057","3281,35910"
-0.3248730964467005,0.0609137055837563,"3337,9253","3337,5017"
-0.3246753246753247,0.1298701298701298,"8185,26770","2931,8185"
0.3243243243243243,0.3243243243243243,"6749,9434","9434,36470"
-0.3243243243243243,0.2027027027027027,"9622,27125","9622,16961"
-0.3243243243243243,0.2850506756756756,"9300,35888","8796,9300"
-0.3243243243243243,0.0185328185328185,"9374,24582","9374,10084"
-0.3243243243243243,0.2702702702702703,"15133,36677","15133,40707"
-0.3243243243243243,0.3035826524198617,"9197,35401","7305,9197"
0.324074074074074,0.0534979423868312,"1755,4373","4373,35090"
0.3235294117647059,0.1302931596091205,"3605,18965","3605,6225"
-0.3235294117647059,-0.208955223880597,"2671,3243","3243,12713"
-0.3235294117647059,0.2647058823529412,"10643,28006","10643,29613"
-0.3229166666666667,0.2083333333333333,"7351,25315","7351,28780"
-0.3225806451612903,0.3225806451612903,"20184,40453","13511,20184"
0.3225806451612903,-0.1392405063291139,"10888,33904","10596,33904"
-0.3220338983050847,0.288135593220339,"12001,29234","12001,29987"
-0.3219930180894954,0.0875912408759124,"2300,4314","2300,36176"
-0.3209876543209876,0.1728395061728395,"8824,25580","8824,32702"
-0.320754716981132,0.2264150943396226,"12714,29966","12714,35336"
-0.3205128205128205,0.1923076923076923,"9177,26737","9177,31594"
-0.32,0.11,"3255,7286","7286,38673"
0.3199999999999999,-0.2106122448979592,"6769,16170","6769,9091"
-0.3194444444444444,-0.2451456310679611,"8244,27517","1899,8244"
-0.3191489361702128,0.2765957446808511,"7594,25493","7594,26471"
-0.3191489361702128,0.1170212765957446,"7612,25507","7612,37131"
-0.3189669629381183,0.1641791044776119,"3913,4839","3913,37740"
-0.3188405797101449,-0.0866666666666666,"10292,28116","7497,10292"
-0.3186813186813186,0.1538461538461538,"6379,25891","6379,27404"
0.3184628975265017,0.1519434628975265,"1979,17907","1979,24008"
-0.3181818181818182,0.25,"5890,9541","5890,27831"
-0.3181818181818182,-0.0920245398773006,"7642,32860","1108,7642"
-0.3181818181818182,0.1666666666666666,"11006,28350","11006,37418"
0.3176056338028169,-0.3176056338028169,"6528,10826","6528,10826"
-0.3170731707317073,-0.0981595092024539,"16396,26431","2155,16396"
-0.3170731707317073,-0.1560693641618497,"8404,35017","8404,8671"
-0.3168141592920354,-0.0696721311475409,"7297,8614","1729,8614"
0.3165618448637317,-0.0862119013062409,"5010,6606","5010,5547"
-0.316546762589928,0.1223021582733813,"5148,23937","5148,30658"
-0.3164556962025316,-0.3164556962025316,"4053,26810","4053,8460"
-0.3157894736842105,0.3157894736842105,"8966,14353","8966,14353"
0.3157894736842105,-0.3157894736842105,"5818,17829","5818,17829"
-0.3157894736842105,0.2105263157894736,"7584,25480","7584,28688"
-0.3157894736842105,0.1578947368421052,"4577,23650","4577,22927"
-0.3157894736842105,0.2456140350877192,"6220,24606","6220,25937"
0.3150684931506849,-0.0880361173814898,"9512,24316","4939,24316"
-0.3148148148148148,0.1851851851851851,"12812,30079","12812,39090"
-0.3147574819401444,-0.0427046263345195,"6742,8351","2912,8351"
-0.3142857142857143,0.0995073891625616,"9781,38054","9781,12916"
0.3142857142857143,-0.3142857142857143,"4653,11863","4653,11863"
-0.3142857142857143,-0.3142857142857143,"9836,17343","8385,9836"
-0.3142857142857143,0.2906298003072197,"3580,25106","3580,8561"
0.3142857142857143,-0.1711145574187156,"207,16141","207,3037"
-0.3142857142857143,0.2857142857142857,"15838,37882","15838,39912"
-0.3142857142857143,0.3142857142857143,"16562,37178","16562,37177"
0.3140495867768595,-0.0291545189504373,"810,5846","810,2181"
-0.3139931740614334,0.3139931740614334,"702,11804","702,11804"
-0.3125,-0.3125,"10513,39368","10513,14661"
0.3125,-0.0521739130434782,"10684,26280","232,26280"
0.3125,-0.3125,"4798,10468","4798,10468"
-0.3125,0.3125,"17930,39208","17930,39209"
0.3125,-0.3125,"10715,15198","10715,15198"
-0.3125,0.203125,"11822,29061","11822,34855"
-0.3125,-0.3125,"10531,39510","10531,11669"
0.3124999999999999,0.1428571428571428,"6809,11731","6809,31546"
0.3118686868686868,0.2626262626262626,"7366,11520","7366,26521"
-0.3116883116883117,-0.1647727272727273,"9711,27220","9711,12686"
-0.3115942028985507,0.1524003623188405,"5275,24019","2355,5275"
-0.3114754098360656,0.1366120218579235,"3814,23267","3814,23835"
-0.3112128146453089,0.3101666511497998,"527,17886","190,17886"
-0.3111111111111111,-0.11,"7498,20341","10676,20341"
-0.3109756097560975,0.0609756097560975,"4305,23508","4305,38985"
0.3109243697478991,-0.3109243697478991,"2488,16586","2488,16586"
-0.3108108108108108,0.0945945945945946,"4767,23793","4767,29728"
-0.3108108108108108,0.2297297297297297,"10169,27597","10169,22323"
-0.3103448275862069,-0.0478468899521531,"9345,29572","6441,9345"
-0.3103448275862069,0.1896551724137931,"7894,29329","7894,12133"
0.3100436681222707,0.1491228070175438,"72,7880","7031,7880"
-0.3095238095238095,-0.0714285714285714,"8837,26481","7223,8837"
-0.3091482649842271,0.0410094637223974,"1957,22642","1957,33942"
0.3083632547997311,0.2674283996091107,"946,998","998,1012"
0.3080342966020959,0.1194029850746268,"3583,9522","3583,31532"
-0.3076923076923077,0.1139750302053967,"11970,16099","6072,11970"
0.3076923076923077,0.136986301369863,"6444,14373","6444,39125"
-0.3076923076923077,0.282051282051282,"13895,36163","13895,37977"
-0.3070175438596491,0.1491228070175438,"6576,14927","1356,6576"
-0.3068391866913124,0.3068391866913124,"271,1678","271,1678"
-0.3061981667394151,-0.0495495495495495,"3152,9865","9865,10869"
-0.3061224489795918,0.2653061224489796,"14846,32186","14846,34677"
-0.3056994818652849,0.0546225625219934,"847,22430","143,847"
-0.3055555555555556,0.2777777777777778,"2009,14986","14986,40368"
0.3055555555555556,0.0880503144654087,"9328,21710","13584,21710"
-0.3050847457627119,0.0677966101694915,"4115,5879","4115,7952"
0.3049645390070921,-0.3049645390070921,"7759,8343","7759,8343"
-0.3043478260869565,0.3043478260869565,"3350,16484","3350,16484"
-0.3043478260869565,0.2391304347826087,"15767,33125","15767,37733"
-0.3043478260869565,-0.010230179028133,"7295,33815","7295,9840"
-0.3043478260869565,-0.2302989130434782,"9650,28352","6140,9650"
-0.3043478260869565,0.1192546583850931,"13635,19843","9393,13635"
-0.3043478260869565,0.1413043478260869,"8432,24681","8432,35131"
0.3035714285714285,-0.2608695652173913,"10942,21341","4397,21341"
-0.3035714285714285,0.2348901098901098,"5755,21207","2649,5755"
-0.303030303030303,-0.0310077519379844,"18294,39837","1990,18294"
-0.303030303030303,-0.029585798816568,"10136,39701","1381,10136"
-0.303030303030303,-0.303030303030303,"10055,39189","10055,11860"
-0.303030303030303,0.303030303030303,"17534,40810","17534,27050"
0.303030303030303,0.0171606864274571,"861,18722","861,5908"
-0.303030303030303,0.303030303030303,"9610,10358","9610,10358"
-0.3025641025641026,-0.0457746478873239,"266,859","266,983"
-0.3023255813953488,0.3023255813953488,"7718,13700","7718,13700"
-0.3023255813953488,0.3023255813953488,"12882,30599","12882,32508"
-0.3021978021978022,0.0824175824175824,"2971,23358","2971,31980"
-0.3018867924528302,0.1886792452830188,"3680,13630","13630,39212"
0.3018867924528302,0.2857142857142857,"14177,16254","8424,16254"
0.3017857142857143,0.0834016393442623,"3199,4296","3199,4858"
-0.3013698630136986,0.136986301369863,"10575,27947","10575,10855"
-0.3012912482065997,0.0215208034433285,"383,655","655,32306"
-0.3012048192771084,0.216867469879518,"9213,16648","827,9213"
0.3005181347150259,0.2463768115942029,"1284,12600","12600,30604"
-0.3,0.22,"9570,31625","9570,37014"
-0.3,0.0416666666666666,"2877,22925","2877,38923"
-0.3,0.1753694581280788,"8137,28669","8137,8266"
-0.3,0.22,"15280,32614","15280,38799"
-0.3,-0.1552631578947368,"8194,35580","3282,8194"
0.3,-0.1914694894146948,"3050,7726","3050,13427"
-0.3,0.24,"14390,31687","8621,14390"
0.2995126705653022,-0.2995126705653022,"424,9052","424,9052"
0.2989690721649484,-0.1684210526315789,"3775,23818","8400,23818"
-0.2987012987012987,0.1298701298701298,"10020,27454","10020,39020"
-0.2982456140350877,0.175438596491228,"11622,30236","11622,39612"
-0.2982456140350877,-0.2647887323943662,"12084,30081","2025,12084"
-0.2981072555205047,0.2981072555205047,"489,11200","489,11200"
0.2979591836734694,0.0,"963,15518","10569,15518"
-0.2978723404255319,0.2340425531914893,"15655,25117","15655,37532"
-0.2976744186046511,-0.2553191489361702,"11808,12233","12233,12536"
-0.2972972972972973,0.2702702702702703,"13631,36907","13631,13754"
0.2972972972972973,-0.24,"14834,21522","14385,21522"
0.2969724631066484,-0.0361111111111111,"1111,19932","1111,1244"
0.2967032967032967,-0.081967213114754,"2510,22799","2932,22799"
-0.2962962962962963,0.2037037037037037,"14025,23491","14025,27154"
-0.2962962962962963,-0.0241157556270096,"13619,15478","149,13619"
-0.2957746478873239,0.1408450704225352,"8425,28624","8425,31411"
-0.2957746478873239,0.2253521126760563,"11158,28475","11158,23189"
-0.2954545454545454,-0.0429184549356223,"7415,34418","2157,7415"
-0.2945736434108527,0.0930232558139534,"5985,24451","5985,32826"
-0.2941176470588235,0.2581044441824826,"17531,40127","678,17531"
-0.2941176470588235,-0.0220946915351506,"9360,26904","9360,9662"
-0.2941176470588235,0.2156862745098039,"9475,12483","9475,38493"
0.2941176470588235,0.0621761658031088,"5789,11910","5789,36162"
0.2941176470588235,0.2553191489361702,"11170,11724","11170,36213"
-0.2933333333333333,-0.1699346405228758,"10216,28029","1338,10216"
0.2928950159066807,-0.1149425287356321,"3499,13294","646,3499"
0.2927072927072927,-0.2927072927072927,"3993,4132","3993,4132"
-0.2926829268292683,0.2842624854819977,"12231,35842","9033,12231"
-0.2924528301886792,-0.0718954248366013,"1585,3462","3462,3488"
-0.2921348314606741,0.2584269662921348,"5640,26634","5640,27646"
-0.2921348314606741,0.146067415730337,"9110,26692","9110,35076"
0.2916666666666667,-0.0715227043951361,"416,9852","416,502"
-0.2916666666666667,0.2083333333333333,"16154,33563","16154,26561"
-0.2914572864321608,0.2160804020100502,"3793,23252","3793,24022"
0.2913907284768212,-0.0820895522388059,"346,5078","346,4937"
-0.2913851351351351,-0.2837837837837838,"4733,4734","4617,4733"
-0.2912621359223301,0.116504854368932,"7781,25630","7781,36413"
-0.2911392405063291,0.2784810126582278,"10242,27658","10242,28061"
-0.2909090909090909,0.2,"8419,22329","8419,38578"
-0.2906403940886699,0.0492610837438423,"3104,23220","3104,7866"
0.2903225806451613,0.2333333333333333,"7539,8689","8689,13658"
-0.2903225806451613,0.2096774193548387,"12639,29888","9262,12639"
-0.2903225806451613,0.2258064516129032,"7752,23615","7752,32197"
0.2901347309351756,-0.2901347309351756,"1189,2608","1189,2608"
-0.2898550724637681,-0.2631578947368421,"5436,6360","6360,13698"
-0.2898550724637681,0.1884057971014492,"11549,28835","11549,34252"
0.289855072463768,-0.289855072463768,"730,20110","730,20110"
0.2896596017983301,0.1421139554087531,"4787,11471","515,4787"
-0.2896174863387978,0.081967213114754,"4156,23428","4156,31951"
0.2894736842105263,-0.1104651162790697,"7928,14024","2747,7928"
-0.2894736842105263,-0.2154605263157895,"14771,37902","13271,14771"
-0.2891566265060241,0.1325301204819277,"9584,27100","9584,37112"
-0.2891566265060241,0.1004714510214772,"7226,27275","7226,9937"
0.2888888888888888,-0.096,"3974,16883","3974,7242"
-0.2888888888888888,0.2444444444444444,"16410,33901","16410,36955"
-0.2887931034482758,-0.0920385395537525,"3181,23021","3181,9208"
0.2886804252657911,0.0829268292682926,"2254,8144","2254,29962"
-0.2886597938144329,0.134020618556701,"4819,8293","133,8293"
-0.2885849375211077,0.2885849375211077,"2082,5263","2082,5263"
-0.2884615384615384,0.2307692307692307,"61,15246","15246,32293"
-0.2884615384615384,0.25,"14597,31912","14597,34340"
-0.287762672290427,0.0440140845070422,"453,603","453,26939"
-0.2872340425531915,0.1170212765957446,"8338,26344","8338,38092"
-0.2872340425531915,-0.1073984526112185,"936,7041","936,5336"
-0.2866666666666667,-0.0914285714285714,"4709,17023","13713,17023"
-0.2860991379310345,-0.08125,"7248,13335","7248,11029"
0.2858594657375145,-0.2858594657375145,"2043,9214","2043,9214"
-0.2857142857142857,0.2857142857142857,"12656,27332","12656,24090"
-0.2857142857142857,-0.0873015873015873,"8599,12963","6701,12963"
0.2857142857142857,-0.2857142857142857,"3295,12031","3295,12031"
0.2857142857142857,-0.2857142857142857,"9756,11149","9756,11149"
-0.2857142857142857,0.1428571428571428,"5063,27893","5063,37433"
-0.2857142857142857,0.2857142857142857,"12272,29505","10494,12272"
-0.2857142857142857,0.2244897959183673,"9677,33027","9677,37552"
-0.2857142857142857,-0.1222222222222222,"12548,27232","4402,12548"
-0.2857142857142857,0.0745341614906832,"4844,23777","3222,4844"
-0.2857142857142857,0.2761904761904762,"7723,25586","7723,25805"
-0.2857142857142857,0.0561224489795918,"3952,23342","2620,3952"
-0.2857142857142857,-0.0199063231850117,"10199,16540","1258,16540"
-0.2852233676975945,0.0412371134020618,"2460,22778","2460,36800"
0.2849002849002848,-0.2258115171500998,"495,14197","495,6194"
-0.2848484848484849,-0.2442815249266862,"2853,3231","2853,4078"
-0.2847058823529411,0.2847058823529411,"387,3296","387,3296"
-0.284313725490196,0.0980392156862745,"8126,25906","8126,27699"
-0.2842105263157894,0.1578947368421052,"7696,26297","7696,32008"
-0.2837837837837837,0.1891891891891892,"11114,28442","11114,33196"
0.283781729746162,0.0784313725490196,"2821,7042","2821,36681"
-0.2833333333333333,0.1666666666666666,"13066,30330","13066,35561"
0.2833333333333333,0.0413223140495867,"809,13097","549,809"
-0.2830188679245283,0.2830188679245283,"6043,17243","6043,17243"
-0.2830188679245283,0.2264150943396226,"13677,31849","7864,13677"
-0.2830188679245283,0.2075471698113207,"14357,31658","14357,37080"
-0.2830188679245283,-0.2547169811320754,"6423,14877","14877,18435"
0.2830188679245283,-0.1714285714285714,"286,9505","286,6182"
0.2826530612244898,-0.2826530612244898,"7357,8858","7357,8858"
-0.2826086956521739,0.2391304347826087,"17565,29159","17565,32073"
-0.2826086956521739,-0.2452830188679245,"11720,34631","8910,11720"
-0.2826086956521739,0.2391304347826087,"17464,35089","17464,38574"
-0.282051282051282,-0.1055045871559633,"15226,38702","5970,15226"
0.282051282051282,0.11,"9773,12524","9773,38022"
-0.2818181818181818,0.209090909090909,"7404,25359","7404,27542"
-0.28125,0.25,"1489,12281","2457,12281"
0.28125,0.1770833333333333,"4751,11517","11517,30110"
-0.2809917355371901,-0.0098932255534777,"6636,24834","3321,6636"
0.2809724170172978,-0.2809724170172978,"4970,14169","4970,14169"
-0.2808219178082192,0.0684931506849315,"4711,24122","4711,39480"
-0.2804878048780488,0.1463414634146341,"10013,24301","10013,35474"
-0.28,0.22,"15302,32649","325,15302"
0.2794117647058823,0.0,"8146,8686","8686,18264"
0.2790697674418605,0.2790697674418604,"3512,9782","3512,27334"
-0.2789855072463768,0.2789855072463768,"11136,12351","11136,12351"
-0.2786885245901639,-0.0543478260869565,"12911,30176","3511,12911"
-0.2786885245901639,0.1967213114754098,"1470,7256","7256,13724"
-0.2786885245901639,0.1967213114754098,"12041,30031","12041,35443"
-0.2786885245901639,0.1967213114754098,"12616,30612","12616,36718"
0.2777777777777778,0.2777777777777778,"5524,8880","8880,39245"
-0.2777777777777778,0.2777777777777778,"14026,23921","14026,28089"
-0.2777777777777778,-0.0224586288416075,"9013,40150","6535,9013"
0.2777777777777778,0.0338983050847457,"3659,9016","3659,40946"
-0.2777777777777778,0.2361111111111111,"4395,6612","6612,29724"
-0.2777777777777778,0.1851851851851851,"8011,32199","8011,40113"
-0.2777777777777778,0.1527777777777778,"11426,28697","11426,36983"
-0.2777777777777778,0.1388888888888889,"5142,24284","5142,29177"
-0.2777777777777778,-0.0326797385620915,"14558,31889","1861,14558"
-0.2773109243697479,0.1092436974789916,"593,6919","6919,34411"
-0.2773109243697479,0.1512605042016806,"6481,25027","6481,29454"
0.2771084337349397,0.1235955056179775,"7222,10040","7222,24981"
-0.2771084337349397,0.1204819277108433,"10090,24193","7036,10090"
-0.2765957446808511,-0.1522094926350245,"9085,26670","8362,9085"
-0.2765957446808511,0.2340425531914893,"16934,34463","16934,37744"
0.2758620689655172,0.0587326120556414,"50,6284","50,22880"
0.2758620689655172,0.0167224080267558,"333,1776","333,40510"
-0.2757171569523113,0.2757171569523113,"543,9574","543,9574"
-0.2752293577981651,0.0458715596330275,"2100,9859","2100,40945"
-0.2750809061488673,0.0550161812297734,"2354,22750","2354,30158"
-0.275,0.1625,"10638,28001","10638,34640"
-0.2745098039215686,0.2352941176470588,"15607,32979","15607,35742"
-0.2745098039215686,-0.0416666666666666,"11620,24264","11620,12242"
-0.2741935483870967,-0.1818181818181818,"5000,30565","5000,14806"
-0.273972602739726,-0.0641711229946524,"10563,16892","1475,10563"
-0.2736842105263158,-0.25,"4346,20679","4346,14989"
-0.2734375,0.1015625,"3147,24798","3147,35032"
-0.2727272727272727,0.25,"18601,36405","18601,38235"
0.2727272727272727,-0.2727272727272727,"5568,20302","5568,20302"
-0.2727272727272727,0.25,"18471,36267","18471,38091"
0.2727272727272727,-0.2727272727272727,"5086,5594","5086,5594"
-0.2727272727272727,0.1669580419580419,"14926,32272","2754,14926"
-0.2727272727272727,0.2272727272727272,"11080,29497","11080,25276"
-0.272108843537415,0.1700680272108843,"5617,24235","5617,26879"
0.272108843537415,-0.1594202898550724,"5664,22704","12499,22704"
-0.2719298245614035,0.2719298245614035,"7548,25461","7548,25462"
-0.2718446601941747,0.174757281553398,"8465,9305","8465,29924"
-0.2711864406779661,0.2372881355932203,"14133,31453","14133,33656"
-0.2711864406779661,0.2203389830508474,"11796,21891","7040,11796"
-0.2708333333333333,-0.1326781326781326,"11348,35113","1222,11348"
-0.2708333333333333,0.25,"9152,26716","9152,27374"
-0.2708333333333333,0.2708333333333333,"16515,34037","16515,34036"
-0.2708333333333333,-0.2051282051282051,"16999,34575","7677,16999"
0.2706131078224101,0.0338266384778012,"314,10244","314,31538"
0.270594653573377,0.1914893617021276,"7602,9997","7602,29263"
0.2702702702702703,0.2702702702702703,"6028,8609","8609,39646"
-0.2702702702702703,0.2702702702702703,"8541,19456","8541,19456"
-0.2702702702702703,-0.1847826086956521,"14545,39384","10296,14545"
0.2699706777013509,0.0324189526184538,"719,1223","719,34436"
-0.2698412698412698,-0.0866013071895424,"6421,30005","3903,6421"
-0.2698412698412698,-0.2689655172413793,"11862,30546","5794,11862"
-0.2698412698412698,0.2698412698412698,"5671,5990","5671,5990"
-0.2698412698412698,0.2222222222222222,"13368,30613","13368,33706"
-0.2692307692307692,0.2692307692307692,"16195,33613","16195,33612"
-0.2686567164179104,0.2388059701492537,"10196,29600","10196,31168"
0.2684628804031789,0.1298701298701298,"5945,6730","6730,39978"
-0.2683658170914543,0.0494752623688155,"834,22428","834,22387"
0.2682926829268293,-0.0780141843971631,"12289,31369","2858,31369"
0.2682926829268293,0.1443298969072164,"7917,20138","4920,7917"
-0.2677595628415301,0.087431693989071,"2939,23637","2939,31563"
-0.2674418604651162,0.1511627906976744,"9451,27719","9451,34966"
-0.2674418604651162,-0.0145690834473324,"5346,27550","889,5346"
-0.2674418604651162,0.1162790697674418,"4126,27419","4126,29922"
-0.2672413793103448,-0.093167701863354,"5432,25467","5432,5971"
0.2670454545454545,-0.0376390076988879,"441,4702","441,1128"
-0.2666666666666667,0.2666666666666667,"6965,15265","6965,15265"
0.2666666666666666,-0.0577777777777777,"13997,31292","3732,31292"
-0.265625,0.15625,"13003,30260","13003,39697"
-0.265625,-0.161300505050505,"9302,28596","4460,9302"
-0.265625,0.1576923076923077,"12253,30248","5437,12253"
-0.2653061224489796,0.1544261016508514,"15772,23575","6716,15772"
-0.2653061224489796,0.2040816326530612,"15588,34261","15588,39340"
-0.2649006622516556,0.2649006622516556,"1662,6635","1662,6635"
-0.2642857142857143,-0.0088573959255978,"4985,14854","42,4985"
-0.2641509433962264,0.2452830188679245,"13600,32846","13600,34133"
-0.2638888888888888,-0.075,"7540,17281","3067,17281"
-0.2637362637362637,-0.2637362637362637,"3177,13915","693,3177"
-0.2631578947368421,-0.189873417721519,"8339,40160","3322,8339"
-0.2631578947368421,0.1578947368421052,"11427,28699","640,11427"
0.2631578947368421,0.0380228136882129,"1448,8346","1448,10039"
0.2631578947368421,0.0100502512562814,"140,7093","140,35726"
-0.2625,0.1625,"6946,28467","6946,34608"
-0.2619047619047619,0.119047619047619,"8892,27890","7586,8892"
-0.2619047619047619,0.2142857142857142,"10864,28229","10864,24772"
-0.2608695652173913,-0.08125,"6647,6690","6647,8502"
0.2608695652173913,0.0,"11491,21467","19663,21467"
0.2607407407407408,-0.0862068965517241,"9632,16789","5179,9632"
-0.2601626016260163,0.08130081300813,"7076,25124","7076,38918"
0.26010101010101,0.0381944444444444,"3932,3977","3932,28902"
0.2597402597402597,-0.2597402597402597,"6526,18403","6526,18403"
-0.2594936708860759,0.0696202531645569,"4996,24161","4996,12310"
-0.2592592592592592,0.1957671957671957,"4522,23619","4522,24046"
-0.2592592592592592,-0.0273141122913505,"1330,16079","870,16079"
-0.2592592592592592,0.2222222222222222,"8261,33081","8261,24674"
-0.2586206896551724,0.0163793103448275,"12329,23562","5372,12329"
-0.2578616352201258,0.0628930817610062,"4012,15660","4012,40148"
0.2571794871794872,0.2051282051282051,"5447,17345","5447,25141"
-0.2571428571428571,0.2571428571428571,"6712,29493","6712,29494"
-0.2565217391304348,0.2565217391304348,"3353,3452","3353,3452"
-0.2564102564102564,-0.0634328358208955,"6491,21217","1166,6491"
0.2564102564102564,-0.0780141843971631,"4610,7770","7770,8662"
0.2561059511523907,0.0361197110423116,"2405,8763","2405,10799"
-0.2558139534883721,-0.0225225225225225,"7107,37259","759,7107"
-0.2558139534883721,-0.1967213114754098,"7146,8548","7146,10387"
0.2558139534883721,-0.2558139534883721,"3371,15116","3371,15116"
-0.2558139534883721,0.1511627906976744,"10779,28146","10779,35048"
-0.2553191489361702,0.2127659574468085,"9506,36737","9506,38285"
-0.2553191489361702,0.2340425531914893,"16536,35475","16536,37147"
-0.2553191489361702,-0.0775193798449612,"9925,27366","1780,9925"
-0.2550724637681159,-0.071625344352617,"514,3064","514,2704"
-0.2549019607843137,0.2352941176470588,"13488,33939","13488,35372"
0.2549019607843137,-0.0,"4585,19990","19990,20996"
-0.2549019607843137,0.2058823529411764,"9065,26659","9065,28558"
-0.2549019607843137,0.1372549019607843,"9134,26704","8250,9134"
-0.2549019607843137,0.196078431372549,"15853,34592","15853,24052"
-0.2547169811320754,0.1698113207547169,"4954,8666","8666,13729"
-0.2545454545454545,0.2,"4823,11943","11943,38676"
-0.2545454545454545,0.2363636363636363,"15178,33713","15178,35136"
-0.2545045045045045,0.063063063063063,"1640,22554","1640,25683"
-0.2542372881355932,0.2203389830508474,"7505,32377","7505,29835"
-0.2539682539682539,0.1349206349206349,"5158,6285","5158,29951"
0.2533615059546677,0.0802919708029197,"4826,11336","4826,37728"
-0.2521739130434782,0.2347826086956521,"4903,25723","4903,26205"
-0.2516741845940319,0.0213740458015267,"522,1246","522,33252"
-0.2515527950310559,0.2515527950310559,"1045,22186","1045,22186"
-0.2514506769825919,0.02321083172147,"1352,16076","1352,36423"
-0.2508591065292096,0.0962199312714776,"2865,22924","2865,26120"
0.25,-0.25,"5759,7824","5759,7824"
-0.25,0.171875,"9624,23360","9624,37292"
-0.25,0.0930232558139534,"3399,23968","3399,30965"
0.25,-0.0,"6532,18420","6532,22309"
-0.25,0.2083333333333333,"14018,36414","14018,40365"
0.25,-0.25,"6400,13830","6400,13830"
-0.25,0.2307692307692307,"8639,34555","8639,36059"
0.25,-0.0398217366302472,"4552,14428","4552,7538"
-0.25,0.0758987389422172,"6842,28268","4161,6842"
-0.25,-0.25,"6979,38148","6979,12821"
-0.25,0.1666666666666666,"11171,28485","11171,33296"
-0.25,-0.2272727272727272,"7453,32133","6700,7453"
0.25,-0.1432748538011695,"3599,4960","3599,3746"
-0.25,0.2272727272727272,"17940,37343","17940,39228"
-0.25,0.25,"19392,37397","19392,37398"
0.25,0.1896551724137931,"8976,10687","10687,28060"
-0.25,-0.1341463414634146,"7046,32542","7046,13521"
0.25,0.0,"3387,11685","3387,16775"
-0.25,-0.1464646464646464,"8388,34916","5004,8388"
0.2489669861554845,0.0385714285714285,"851,2601","2601,5480"
-0.2487046632124352,0.077720207253886,"4589,23655","4589,31896"
-0.2484313725490196,0.2484313725490196,"4953,5095","4953,5095"
-0.2481751824817518,0.1240875912408759,"6667,24852","6667,30086"
-0.248,0.104,"6199,7312","1174,7312"
0.248,0.0876288659793814,"2127,4799","2127,24967"
-0.2479674796747967,0.0853658536585365,"1261,23171","1261,28608"
0.2479139106543197,0.0946372239747634,"4246,4616","4616,25592"
-0.2477064220183486,0.0298165137614678,"361,22573","361,34416"
-0.2475247524752475,0.099009900990099,"9081,26989","9081,40516"
0.2473118279569893,0.2091834796154869,"2607,3014","2323,2607"
0.2473118279569892,-0.0980392156862745,"8012,11193","7983,11193"
-0.2470588235294117,0.1411764705882353,"9407,28523","9407,36349"
0.2468137254901961,0.15625,"5084,9044","9044,32316"
-0.2465753424657534,-0.0826446280991735,"12078,29316","12078,12338"
-0.2463768115942029,0.144927536231884,"5327,30147","5327,39291"
-0.2462686567164179,0.1226208407503765,"3836,25046","3554,3836"
-0.2461538461538461,0.1846153846153846,"10921,25985","10921,28859"
0.2459016393442623,-0.0,"4297,12371","7892,12371"
-0.2459016393442623,0.1639344262295081,"14706,26053","14706,39766"
0.245838172667441,0.2063492063492063,"8680,8876","8876,34187"
0.2457944739823934,0.0303030303030302,"2374,3039","3039,3855"
-0.2448979591836734,-0.1770833333333333,"14816,22268","2609,14816"
0.2448979591836734,0.1238095238095238,"3895,8711","3895,34229"
-0.2448979591836734,0.1417233560090703,"8949,35889","8949,16071"
-0.2448979591836734,0.0057675244010647,"9528,36788","9528,16091"
-0.2439024390243902,0.2439024390243902,"11090,31879","11090,39717"
-0.2435897435897435,0.0161443494776828,"5995,24458","3025,5995"
0.2428482587064676,0.0497512437810945,"2583,7722","2583,30198"
-0.2422907488986784,0.2334801762114537,"4004,23363","1941,4004"
-0.2419354838709677,0.1774193548387097,"14326,31627","14326,37017"
0.241917502787068,-0.0192461908580593,"6533,10125","293,6533"
-0.2418300653594771,0.065359477124183,"6116,24530","6116,39868"
-0.2417582417582417,0.1098901098901098,"3718,28193","3718,40840"
-0.2415553904058686,0.066006600660066,"395,781","781,24186"
-0.2413793103448276,0.1896551724137931,"6972,33354","6972,38114"
-0.2413793103448276,0.1120689655172413,"8283,26039","5359,8283"
-0.2413793103448276,0.1896551724137931,"8365,26081","8365,28084"
-0.2413793103448276,-0.0548387096774193,"11390,28659","2019,11390"
0.2412587412587412,0.0979020979020979,"5586,14200","5586,32897"
-0.2410958904109589,0.0273972602739726,"1730,22715","1730,38953"
-0.2407407407407407,0.2222222222222222,"7871,34018","7871,35447"
-0.2406015037593984,-0.0092674315975286,"7066,25118","20,7066"
-0.2402597402597402,-0.2191780821917808,"6184,24572","5190,6184"
-0.2401746724890829,0.1659388646288209,"2430,23346","2430,24379"
-0.24,-0.0983333333333333,"11508,11807","11807,17186"
0.24,0.18125,"793,3957","3957,25705"
0.2392613408269771,-0.2392613408269771,"11061,11335","11061,11335"
0.2391304347826087,0.0992907801418439,"6540,10680","6540,21408"
-0.2391304347826087,0.0775743707093821,"11290,38423","5308,11290"
0.2386363636363636,-0.109090909090909,"8030,23458","13782,23458"
-0.2385486361296963,0.1226792864943575,"5006,6212","6212,9801"
-0.2381219184222321,-0.1881926683716964,"3620,3839","3765,3839"
0.238095238095238,0.0849673202614379,"3193,3395","3193,35025"
-0.2374429223744292,0.0639269406392694,"3434,23489","2023,3434"
0.2373626373626373,-0.074074074074074,"5037,11089","1044,5037"
-0.2372227579556413,0.2372227579556413,"6307,6944","6307,6944"
-0.2363636363636363,0.1818181818181818,"16763,34292","16763,39392"
-0.2354740061162079,0.0764525993883792,"2721,22877","298,2721"
-0.2352941176470588,-0.088,"12458,36325","7442,12458"
-0.2352941176470588,0.2156862745098039,"13632,35630","13632,37330"
-0.2349397590361445,0.2048192771084337,"5770,9910","5770,24885"
-0.2347826086956521,0.1478260869565217,"7414,26284","7414,30246"
-0.2346938775510204,0.2040816326530612,"4029,27750","4029,29153"
-0.2345132743362832,0.0442477876106194,"4172,23443","4172,40096"
-0.2342342342342342,0.1441441441441441,"7324,26477","7324,30751"
-0.2342158859470468,-0.1047619047619047,"303,873","303,11827"
-0.2340425531914893,-0.0310262529832935,"17373,26572","7491,17373"
-0.2340425531914893,0.2340425531914893,"15854,37916","15854,37915"
-0.2328767123287671,-0.0264797507788162,"4897,29972","211,4897"
-0.2327586206896552,0.1724137931034483,"8158,9985","8158,22702"
0.2325581395348837,-0.0,"10440,20999","20999,21510"
-0.2325581395348837,-0.1538461538461538,"11787,40236","9118,11787"
0.2321428571428571,-0.1525423728813559,"10948,19707","7884,19707"
-0.2321428571428571,0.1964285714285714,"16670,34192","5841,16670"
-0.2321428571428571,0.0982142857142857,"9121,13230","3926,9121"
-0.2321428571428571,0.2321428571428571,"5271,13129","5271,13129"
-0.2320025965595586,0.2320025965595586,"1740,9753","1740,9753"
-0.2318840579710144,0.2318840579710144,"7811,8990","7811,8990"
-0.2307692307692307,0.141025641025641,"12508,29740","12508,38282"
-0.2307692307692307,-0.0861538461538461,"6239,31774","3323,6239"
-0.2307692307692307,0.1538461538461538,"7652,21767","7652,39252"
-0.2307692307692307,0.2115384615384615,"9714,24314","2265,9714"
-0.2304147465437788,-0.0509803921568627,"1682,1690","1690,6215"
-0.2298850574712643,0.1149425287356321,"11899,29146","11899,40693"
0.2296650717703349,-0.2296650717703349,"8992,12369","8992,12369"
-0.2295081967213114,0.1475409836065573,"6000,26117","6000,29818"
-0.2295081967213114,0.180327868852459,"15564,32933","15564,37396"
0.2295081967213114,-0.1347517730496454,"6268,24395","1388,24395"
0.2291666666666666,-0.0375426621160409,"6054,29490","5931,29490"
-0.2291666666666666,0.1763565891472868,"798,11373","4786,11373"
-0.2291666666666666,0.1458333333333333,"10699,22437","8547,10699"
-0.2291666666666666,0.1770833333333333,"10667,22547","7005,10667"
-0.2290502793296089,0.1675977653631284,"2001,24157","2001,25631"
-0.2281879194630872,0.1073825503355704,"6626,13760","6626,8740"
-0.2280701754385964,-0.1538461538461538,"905,4570","4570,7490"
-0.2277227722772277,0.1188118811881188,"10061,22364","10061,35641"
-0.2277227722772277,0.1089108910891089,"9988,27418","9988,37030"
-0.2266666666666666,0.2,"12320,30317","12320,32083"
-0.2264673913043478,-0.1470832422984487,"146,697","146,4564"
-0.2260869565217391,0.1217391304347826,"2760,26478","2760,32720"
-0.2258064516129032,0.1774193548387097,"16065,33458","16065,38255"
-0.2246376811594203,-0.0610465116279069,"7513,25435","2984,7513"
-0.2244897959183673,-0.0208044382801664,"6018,38624","310,6018"
-0.2244897959183673,0.2244897959183673,"8750,38504","8750,38503"
-0.2242990654205607,0.1962616822429906,"9872,27319","5499,9872"
-0.2241379310344827,-0.0409482758620689,"10341,10342","8762,10342"
-0.2241379310344827,0.2241379310344827,"7209,34663","7209,34664"
0.2240064828749566,0.0711462450592885,"1339,1366","1366,29780"
-0.224,0.128,"4611,26034","4611,14866"
-0.2236421725239616,0.1533546325878594,"1654,22986","1654,23677"
-0.2229249011857706,0.0084415584415584,"6308,8000","7741,8000"
-0.222068511198946,0.0533333333333333,"427,563","563,31352"
-0.221311475409836,0.0628415300546448,"1383,22812","1383,6396"
-0.2205882352941176,-0.134020618556701,"1083,22470","1083,4932"
0.2204301075268817,0.1790123456790123,"2277,5490","2277,25861"
-0.2203389830508474,0.1694915254237288,"16314,35180","16314,40828"
-0.22,0.22,"3917,5788","3917,5788"
-0.22,0.18,"10837,28194","10837,29895"
-0.22,0.2,"14980,38228","14980,40335"
-0.22,-0.1521739130434782,"7950,37586","7950,11845"
-0.219298245614035,0.1403508771929824,"3690,26874","3690,26041"
-0.2191780821917808,0.1917808219178082,"13455,23902","962,13455"
-0.2191780821917808,0.1643835616438356,"12749,30755","12749,21140"
-0.21875,-0.16,"6038,25066","5274,6038"
0.2185835470507003,0.1751824817518248,"7055,11942","7055,27376"
-0.2181818181818181,0.2,"7279,36713","7279,38602"
-0.2178217821782178,0.0643564356435643,"4916,23887","4916,34185"
0.2175032175032174,0.0892857142857142,"3691,5778","3691,32088"
-0.217391304347826,-0.0332480818414322,"9787,40155","9364,9787"
0.2171500630517024,-0.2171500630517024,"3819,5456","3819,5456"
-0.2169811320754717,0.1981132075471698,"6057,27435","6057,24973"
-0.216867469879518,0.1566265060240964,"10280,29771","10280,15383"
-0.2166666666666666,0.2,"17279,34865","17279,36428"
-0.2162849872773536,-0.1863821251462639,"589,22751","366,589"
-0.2162162162162162,0.0878378378378378,"5087,25204","5087,9299"
0.2162162162162162,-0.0463645943097997,"1322,23932","73,23932"
-0.2162162162162162,0.1486486486486486,"13497,25103","13497,30644"
-0.2162162162162162,0.1351351351351351,"6962,26168","6962,38350"
-0.2158119658119658,-0.1555555555555555,"3528,16634","3528,11678"
-0.2157777468319176,0.0475248480169834,"3378,4329","1273,4329"
-0.2156862745098039,0.1078431372549019,"10305,28124","10305,38416"
-0.2155172413793103,0.1379310344827586,"9519,27033","9519,31510"
0.2154498044328552,-0.0395236703682057,"1119,7219","1119,9778"
-0.2151898734177215,-0.1630434782608695,"13181,30437","9048,13181"
-0.2150537634408602,0.1505376344086021,"7646,28808","7646,32891"
-0.2148760330578512,0.1322314049586777,"2016,23465","2016,25186"
-0.2142857142857142,-0.0903614457831325,"14391,31690","6275,14391"
-0.2142857142857142,0.1964285714285714,"9956,27386","9956,28222"
0.2141372141372141,-0.2141372141372141,"9316,15802","9316,15802"
-0.2133333333333333,0.1466666666666666,"4606,31060","4606,37714"
-0.2131147540983606,-0.0340599455040872,"6076,34167","764,6076"
0.2131147540983606,-0.0523731587561374,"8563,25165","1276,25165"
0.2130765646839572,-0.0926574885273258,"892,3047","892,5320"
0.212962962962963,-0.212962962962963,"5232,6892","5232,6892"
0.2127659574468085,0.1517857142857142,"6101,6358","6358,30531"
-0.2127659574468085,0.1560283687943262,"7690,23166","7690,25258"
-0.2127659574468085,0.2127659574468085,"15146,40729","15146,40728"
-0.2127659574468084,0.2127659574468084,"6167,12400","6167,12400"
-0.2123893805309734,0.1195403939480445,"8003,27257","2955,8003"
-0.2121212121212121,0.1969696969696969,"3496,9015","6987,9015"
0.2117647058823529,-0.0859872611464968,"10832,26311","975,26311"
-0.2116788321167883,-0.0065693430656933,"2038,25714","2038,5387"
-0.2113821138211382,0.089430894308943,"7845,26729","7845,38774"
-0.2112676056338028,0.0099113197704747,"8735,21074","8735,12914"
-0.2105263157894736,0.175438596491228,"12572,36643","12572,40652"
-0.2105263157894736,0.1929824561403508,"17876,35559","17876,37255"
-0.2105263157894736,0.1842105263157894,"757,8361","4039,8361"
-0.2105263157894736,0.0956937799043062,"1873,23898","1873,28921"
-0.2100840336134453,0.1512605042016806,"7639,26791","7639,29345"
-0.2098765432098765,0.1358024691358024,"8166,30013","8166,37063"
-0.2092391304347826,0.0815217391304347,"2711,22873","2711,25660"
-0.2091836734693877,0.1326530612244898,"4918,24119","4918,26526"
-0.2085889570552147,0.147239263803681,"6638,24835","6638,27077"
-0.2083333333333333,-0.1347517730496454,"9513,14447","5932,14447"
-0.208,0.128,"5663,26647","5663,31313"
0.2076447033127047,0.0843189711818266,"1310,1574","1310,1337"
-0.2075471698113207,0.160377358490566,"2554,10582","10582,30278"
-0.2073170731707317,0.1707317073170731,"7975,30290","7975,33163"
-0.2068965517241379,0.1724137931034483,"10047,35595","10047,39147"
-0.2063492063492063,0.1587301587301587,"7913,34241","7913,39303"
-0.2061855670103092,0.1030927835051546,"11680,28943","11680,39848"
-0.2058823529411764,-0.0401459854014598,"11965,33823","2585,11965"
-0.2054794520547945,0.136986301369863,"11936,32541","11936,40811"
0.2051851851851852,-0.1071428571428571,"9159,11709","3191,11709"
-0.2051502145922746,0.0334763948497854,"129,2920","129,24334"
-0.2051282051282051,0.1282051282051282,"8439,31497","8439,40788"
-0.2051282051282051,0.1794871794871795,"13015,31070","13015,28119"
-0.2048192771084337,0.1106850080735312,"9581,23273","1965,9581"
0.2041666666666667,-0.2041666666666667,"7402,10497","7402,10497"
-0.2040816326530612,0.2040816326530612,"5811,16048","5811,16048"
-0.2040816326530612,-0.2040816326530612,"2936,5849","5849,9314"
0.2040816326530612,0.1664759725400457,"5790,18192","8632,18192"
-0.2040816326530612,-0.0789473684210526,"11993,38892","1795,11993"
-0.2040816326530612,-0.0193103448275862,"10668,40175","278,10668"
-0.2038461538461539,0.2038461538461539,"5331,8044","5331,8044"
-0.203125,0.0,"12829,34136","6908,12829"
-0.203125,0.203125,"1054,3771","1054,3771"
0.2025862068965517,0.0862068965517241,"11018,11374","11374,25898"
0.2025316455696202,-0.0043558702271171,"649,13365","649,2546"
-0.2023809523809523,0.119047619047619,"12607,30605","12607,40737"
-0.2022471910112359,0.1348314606741573,"4902,7249","7249,22983"
-0.202020202020202,0.1111111111111111,"4069,28936","608,4069"
-0.2018779342723004,0.0798122065727699,"2667,2696","2667,30556"
-0.2016129032258064,-0.0387323943661971,"9327,26574","8891,9327"
0.2015969227182655,0.0375335120643431,"1091,6329","1091,25957"
-0.2012987012987013,0.0779220779220779,"2228,25328","2228,35633"
0.2003642987249544,-0.2003642987249544,"302,1404","302,1404"
-0.2,0.1555555555555555,"9517,29879","9517,33731"
-0.2,0.1733333333333333,"8758,28923","8758,35092"
0.2,0.0534712482468443,"3613,10669","2214,3613"
-0.2,-0.1696969696969697,"13430,38743","8334,13430"
-0.1983471074380165,0.0826446280991735,"9596,27106","9596,38998"
-0.1973684210526315,0.1480263157894736,"1908,23181","1908,23828"
-0.1965317919075144,0.0924855491329479,"3155,23016","3155,25280"
-0.196078431372549,-0.1515151515151515,"7661,39297","7661,11891"
-0.196078431372549,0.196078431372549,"5543,12158","5543,12158"
0.1959798994974874,-0.1959798994974874,"992,1191","992,1191"
-0.1952598390954555,0.1952598390954555,"3311,4085","3311,4085"
-0.1951219512195122,0.040650406504065,"4575,23648","4575,39181"
-0.1944444444444444,0.1805555555555555,"10574,33139","10574,34471"
-0.1944444444444444,0.1666666666666666,"15337,32680","15337,35374"
-0.1931818181818181,0.1761363636363636,"6345,24929","6345,25419"
-0.1929824561403508,0.0745614035087719,"5112,23923","5112,27765"
-0.1928934010152284,0.1421319796954314,"5882,24382","5882,25945"
-0.1927083333333333,0.0572916666666666,"2928,24567","2928,38520"
-0.1925925925925926,0.1629629629629629,"7724,26598","7724,27979"
-0.1925465838509316,0.1428571428571428,"7397,25348","7397,27522"
0.1923076923076923,0.1066666666666666,"3206,12224","3206,23164"
-0.1923076923076923,0.1923076923076923,"5414,6580","5414,6580"
-0.1920199501246882,0.0673316708229426,"1523,22868","1523,13009"
-0.1917808219178082,0.1027397260273972,"6525,8036","8036,32289"
-0.1909547738693467,0.050251256281407,"2414,24434","2414,40201"
-0.1904761904761904,0.1746031746031746,"7831,36779","7831,38670"
0.1904761904761904,-0.0,"4682,9805","4682,14425"
-0.1904761904761904,0.1569664902998236,"8701,15596","8701,9165"
-0.189922480620155,0.0620155038759689,"3022,23295","3022,31116"
-0.189873417721519,0.1392405063291139,"7970,32023","7970,37743"
-0.189873417721519,0.0632911392405063,"2843,23255","2843,39549"
0.1896551724137931,0.1016949152542373,"3491,8953","244,3491"
-0.1896551724137931,0.1724137931034483,"6164,29881","6164,38674"
0.1894736842105263,0.1640625,"7394,10173","10173,27987"
-0.1894736842105263,0.1368421052631579,"1231,12511","12511,26282"
-0.1885856079404466,-0.1670506912442396,"7731,8985","6938,8985"
-0.1885057471264367,0.0229885057471264,"2494,22793","2494,14815"
0.1884057971014492,0.019260639950295,"2938,5934","5079,5934"
-0.188235294117647,0.1529411764705882,"11168,31183","11168,34654"
0.188034188034188,0.0854700854700854,"2054,5553","2054,5601"
0.1879194630872483,0.0466472303206997,"2015,3081","2015,8866"
-0.1879194630872483,0.1476510067114094,"6926,26028","6926,27946"
-0.1875,0.1875,"4244,10769","4244,10769"
-0.1875,0.1375,"14111,32447","8476,14111"
-0.1870824053452116,0.0801781737193764,"2385,22756","2385,24599"
-0.1867219917012448,0.1618257261410788,"4962,5013","5013,24363"
-0.1865408805031446,0.0415094339622641,"1707,2448","2448,18988"
0.1865284974093264,-0.1759489826905557,"3521,6387","3521,14332"
0.1857142857142857,-0.0190190190190189,"9748,9881","7736,9748"
-0.1855855855855855,0.0252252252252252,"1503,22613","1503,33716"
-0.1851851851851851,0.1481481481481481,"5716,31604","5716,35343"
-0.1846153846153846,0.1538461538461538,"14161,36684","14161,40714"
-0.1842105263157894,0.1578947368421052,"14461,25693","14461,24104"
-0.1839080459770115,0.1494252873563218,"4912,30864","4912,19001"
0.1835535976505139,-0.0243556635779026,"4623,8453","4623,6333"
0.1834862385321101,-0.0262008733624454,"4681,8812","1480,4681"
-0.1821192052980132,0.1456953642384106,"4008,23365","4008,23907"
-0.1818181818181818,0.0787878787878787,"3508,25651","3508,34932"
0.1818181818181818,-0.0585034013605442,"10011,23987","1810,23987"
0.1818181818181818,0.1774193548387097,"5459,11295","11295,38433"
-0.1813471502590673,0.0379965457685664,"619,22596","619,28066"
-0.1812169312169312,-0.1212438853948287,"6773,7522","7522,8080"
-0.180722891566265,0.1204819277108433,"11047,31920","11047,39526"
-0.180672268907563,0.0924369747899159,"4724,12025","4724,23727"
-0.180327868852459,0.040983606557377,"2262,22718","2262,28844"
-0.1794871794871795,0.1538461538461538,"8902,32969","8902,35720"
0.1794871794871795,0.1372053872053872,"9586,12297","6432,9586"
-0.1791044776119403,0.1492537313432835,"12712,31320","12712,24706"
-0.1791044776119403,-0.0819075354932653,"6074,20359","6074,8878"
0.1791044776119402,-0.1791044776119402,"4040,22299","4040,22299"
-0.1788990825688073,0.1146788990825688,"597,2673","2673,22839"
-0.177612924378407,-0.0271929125340196,"126,402","126,772"
-0.1774193548387097,0.1209677419354838,"3266,27853","3266,31735"
0.1767711347361412,-0.1767711347361412,"275,321","275,321"
-0.1764705882352941,0.1764705882352941,"3901,16867","3901,16867"
0.1764705882352941,-0.1278195488721804,"8368,25594","12532,25594"
-0.1763636363636362,0.1763636363636362,"2147,6942","2147,6942"
-0.1757575757575757,0.1393939393939394,"7855,25703","7855,27403"
-0.1756756756756756,-0.084064584064584,"12625,26103","5597,12625"
0.175438596491228,0.1099476439790576,"4198,15255","4198,28615"
-0.1753139458030403,0.1753139458030403,"1126,1355","1126,1355"
-0.1752577319587628,0.1443298969072164,"5829,23927","5829,33533"
-0.175,0.1375,"4942,33141","4942,37758"
-0.1746031746031746,0.0992706992706992,"13892,37968","7500,13892"
-0.1741121197642936,0.0115753551005349,"1049,2629","2629,2925"
-0.1739130434782608,0.1195652173913043,"10496,30913","10496,37385"
0.1739130434782608,0.1339285714285714,"2008,10275","2008,32539"
-0.1736111111111111,0.0763888888888889,"1786,9489","9489,11781"
-0.1732283464566929,0.1259842519685039,"7550,28182","7550,22615"
0.173076923076923,-0.173076923076923,"7818,15158","7818,15158"
-0.1724137931034483,0.1293103448275862,"8743,29122","8743,32452"
-0.1714285714285714,0.1619047619047619,"2373,24666","2373,24932"
0.1707317073170731,0.0528169014084507,"1785,5093","1785,32387"
-0.1704545454545454,-0.1200159489633173,"3459,31671","3459,4721"
-0.1694915254237288,0.0847457627118644,"8352,29034","8352,22097"
-0.1692307692307692,-0.0338164251207729,"267,22634","267,6230"
-0.1692307692307691,0.1692307692307691,"4111,14150","4111,14150"
0.1691176470588235,-0.07380073800738,"10263,24959","5676,24959"
-0.1686746987951807,0.1204819277108433,"11679,30219","11679,35827"
-0.1684782608695652,0.0815217391304347,"4594,25353","4594,31916"
-0.1684210526315789,0.1052631578947368,"14009,31308","14009,40339"
-0.1682242990654205,0.1308411214953271,"4886,29889","4886,33757"
-0.1680327868852459,0.0450819672131147,"4059,23513","4059,37485"
-0.1678832116788321,0.072992700729927,"9715,27565","6286,9715"
-0.1678321678321678,0.0769230769230769,"8714,27308","8714,38284"
-0.1671349852205962,0.1671349852205962,"4158,5884","4158,5884"
-0.1666666666666666,-0.01024208566108,"10349,24960","1175,10349"
-0.1666666666666666,-0.0592885375494071,"13221,28903","5330,13221"
-0.1666666666666666,0.0833333333333333,"3862,29162","3862,25309"
-0.1666666666666666,0.1666666666666666,"8881,39249","8881,39250"
0.165785468236802,-0.165785468236802,"3174,3948","3174,3948"
0.1657636738906088,0.0735294117647058,"2988,3306","2988,29935"
-0.1654135338345864,-0.1452670136880663,"3860,28147","2334,3860"
0.1653393557589445,-0.1493506493506493,"1498,9948","7015,9948"
-0.1650485436893204,0.1359223300970873,"9371,19858","9371,33265"
-0.1650294695481336,0.0369203395485042,"2390,22762","516,2390"
0.1650032901952182,0.0230496453900709,"2114,3291","2114,26766"
-0.1649484536082474,0.134020618556701,"10312,31420","10312,26092"
-0.1647058823529411,0.1529411764705882,"14114,33607","14114,23833"
-0.1646341463414634,0.0792682926829268,"7555,26430","7555,25176"
-0.1645569620253164,0.1392405063291139,"4036,35196","1199,4036"
0.1641791044776119,-0.1641791044776119,"3905,11196","3905,11196"
0.1640112464854732,-0.1640112464854732,"3645,18783","3645,18783"
0.1634615384615384,-0.1634615384615384,"8199,14494","8199,14494"
0.1623376623376624,-0.1623376623376624,"4280,5839","4280,5839"
-0.1623376623376623,0.1558441558441558,"5044,26763","5044,24564"
-0.1621621621621621,0.1171171171171171,"12628,29882","12628,35153"
0.1621621621621621,-0.0,"6335,14641","14641,20094"
-0.1614349775784753,0.0493273542600896,"3151,24689","3151,35300"
-0.1612903225806451,-0.1368663594470046,"14974,37687","14974,16310"
0.1612190091766264,-0.1612190091766264,"85,156","85,156"
-0.1602209944751381,0.0607734806629834,"6012,13189","6012,22818"
-0.16,-0.0873362445414847,"11096,35976","2393,11096"
-0.16,0.0864705882352941,"3116,3561","3561,7838"
-0.1590909090909091,0.1590909090909091,"12980,33076","12980,33077"
-0.1587301587301587,0.1428571428571428,"5704,29196","5704,29916"
-0.15625,0.1041666666666666,"14994,32343","14994,40385"
-0.15625,-0.0241228070175438,"13823,29302","3272,13823"
-0.1559633027522936,0.0504587155963302,"6766,24936","6766,38371"
-0.1558441558441558,0.0974025974025974,"9931,27369","9931,32553"
-0.1547619047619047,0.1428571428571428,"4680,27934","4680,30608"
-0.1547619047619047,0.0236313088109495,"1069,22600","1069,1981"
-0.1547619047619047,0.1428571428571428,"10652,27685","10652,36230"
0.154679802955665,0.1475377228015104,"570,4226","570,581"
-0.1538461538461538,0.1025641025641025,"6413,27081","6413,30726"
0.1535087719298245,-0.1133451606544451,"4731,5231","4731,4840"
-0.1523809523809524,-0.0269576379974326,"7794,31383","428,7794"
-0.1522491349480969,0.0726643598615917,"324,4667","738,4667"
-0.1517241379310344,0.096551724137931,"2883,5171","2883,21791"
-0.1514285714285714,0.0628571428571428,"1296,6354","1296,28002"
-0.1513513513513513,0.0859432296618226,"3861,26137","3214,3861"
-0.1511627906976744,0.0988372093023255,"9157,22378","9157,24576"
-0.1511627906976744,0.127906976744186,"12285,34493","12285,37768"
0.1510814249363867,0.1083333333333333,"3785,6278","6278,30319"
-0.1506849315068493,0.1506849315068493,"3516,15587","3516,15587"
-0.1505376344086021,-0.0242587601078167,"5255,21932","753,5255"
0.1503267973856209,0.0828025477707006,"1209,2259","2259,22168"
-0.15,0.15,"1525,7267","1525,7267"
-0.1497005988023952,0.1317365269461078,"8958,24144","5718,8958"
-0.1496815286624203,0.0414012738853503,"2560,4548","2560,34190"
-0.1494845360824742,0.0515463917525773,"8040,25845","8040,40295"
-0.1492537313432835,-0.0324675324675324,"3195,6016","5549,6016"
0.1486486486486486,-0.1486486486486486,"3432,7945","3432,7945"
0.1483462071697365,-0.1483462071697365,"616,2190","616,2190"
-0.1481481481481481,-0.1089108910891089,"9623,35597","4958,9623"
-0.1477272727272727,0.1312889977095016,"9290,27236","468,9290"
-0.1471861471861472,0.0476190476190476,"3053,24837","3053,37005"
-0.1467391304347826,0.1467391304347826,"14951,18507","14951,18507"
-0.1465968586387434,0.0994764397905759,"4388,25929","4388,10701"
-0.146551724137931,0.1120689655172413,"1572,11753","256,11753"
-0.1461187214611872,0.0684931506849315,"4389,22760","4389,31630"
-0.146067415730337,0.1235955056179775,"4749,7783","7783,38253"
-0.146067415730337,-0.0367057993651433,"6305,26603","3604,6305"
-0.146067415730337,0.1235955056179775,"3309,35072","3309,38550"
-0.145985401459854,0.0802919708029197,"7271,29141","7271,38536"
0.1458837772397094,-0.1458837772397094,"6378,7820","6378,7820"
-0.1456692913385826,0.1259842519685039,"6099,24519","6099,25192"
-0.145631067961165,-0.0213675213675213,"3538,31832","1277,3538"
-0.145631067961165,0.1067961165048543,"7469,9423","2404,9423"
0.1454875928560139,-0.1454875928560139,"1593,2672","1593,2672"
0.1449257677445596,0.0380313199105145,"4490,5420","4490,30132"
-0.1447368421052631,0.0526315789473684,"3569,4423","4423,10130"
0.1446108277110416,-0.1446108277110416,"167,1245","167,1245"
-0.144578313253012,0.0763937513581379,"658,7353","716,7353"
-0.1443298969072164,0.1134020618556701,"4355,33388","4355,38160"
-0.1442307692307692,-0.0643274853801169,"3590,27942","3590,6845"
-0.1441441441441441,0.1081081081081081,"11922,31490","6001,11922"
-0.1436263850056953,0.1436263850056953,"1302,12064","1302,12064"
-0.1432038834951456,0.0606796116504854,"2409,23208","2409,26911"
0.1428571428571429,0.1428571428571428,"2418,7379","2418,25758"
-0.1428571428571428,0.0892857142857142,"9372,31164","9372,28403"
0.1419354838709677,0.020280537697253,"1769,4202","534,1769"
-0.1411042944785276,0.0797546012269938,"3377,27764","3377,35164"
0.1405405405405405,-0.1405405405405405,"9684,11601","9684,11601"
-0.1404494382022472,0.0786516853932584,"5527,26977","5527,33528"
-0.1402439024390244,0.0853658536585365,"10065,27496","10065,32919"
-0.1401869158878504,-0.1037045377772773,"7974,32039","6560,7974"
-0.1397849462365591,-0.1179039301310043,"3624,4259","2588,4259"
-0.1397849462365591,0.1075268817204301,"4632,26637","4632,23262"
-0.1395348837209302,0.1395348837209302,"2811,17408","2811,17408"
-0.1390728476821192,0.0496688741721854,"698,24080","698,32287"
-0.1390644753476612,0.0328697850821744,"480,22567","480,23926"
-0.1388888888888889,0.0648148148148148,"3109,25513","3109,32795"
-0.138755980861244,0.0669856459330143,"7715,25802","7715,26026"
-0.1384615384615384,0.1076923076923077,"6900,29419","6900,23173"
0.1379310344827586,-0.1379310344827586,"1535,1907","1535,1907"
-0.1379310344827586,0.0948275862068965,"6127,26342","6127,37919"
-0.1378151260504201,0.0369747899159663,"1172,1784","1784,16275"
0.1376518218623481,0.0887573964497041,"4440,6228","4440,32160"
0.1375,0.079136690647482,"1816,4956","1816,25286"
0.1373658713270249,-0.1373658713270249,"113,8372","113,8372"
-0.1367521367521367,0.0854700854700854,"9691,31025","9691,39591"
0.1367102396514161,0.0694444444444444,"5001,9916","5001,32463"
-0.1363636363636363,0.0727272727272727,"3736,25512","3736,30810"
0.1363636363636363,-0.0,"3332,6981","6190,6981"
-0.1359223300970874,0.1359223300970874,"2239,6450","2239,6450"
-0.1359223300970873,0.0106293940408436,"2249,33698","1939,2249"
-0.1351351351351351,0.1351351351351351,"3365,21620","3365,21620"
-0.1350574712643678,0.0862068965517241,"4070,23434","2047,4070"
-0.1347826086956521,0.0434782608695652,"2495,25428","2495,40463"
-0.1345029239766081,0.1023391812865497,"3503,23781","3503,24781"
0.1340909090909091,-0.1340909090909091,"5451,14293","5451,14293"
-0.1333333333333333,-0.0121212121212121,"9824,29712","60,9824"
0.1333333333333333,-0.1229718189581554,"8449,22479","990,22479"
0.1325136612021857,0.0532786885245901,"1929,6079","1929,32924"
-0.1323529411764706,0.0735294117647058,"4404,20804","4404,39213"
-0.1322472848788638,0.1322472848788638,"3175,4597","3175,4597"
-0.1317829457364341,0.1090554421043006,"11048,27761","2755,11048"
0.1317651558615413,-0.1317651558615413,"6937,9201","6937,9201"
0.1305444607946184,-0.1305444607946184,"5694,6014","5694,6014"
-0.1304347826086956,0.1195652173913043,"5343,35858","5343,37612"
-0.1304347826086956,0.1217391304347826,"4201,32532","4201,33728"
-0.1304347826086956,0.1195652173913043,"6218,27085","6218,27810"
-0.13,0.1,"5991,34927","5991,40476"
-0.13,0.1,"3601,34317","3601,39464"
-0.13,0.0102702702702702,"12947,26597","3474,12947"
-0.1299435028248587,0.0847457627118644,"9999,27430","9999,31653"
0.1293765166146684,0.050314465408805,"2923,2959","2959,25629"
0.1292522278186749,0.0629213483146067,"671,4587","671,25183"
-0.1291604570293095,0.028735632183908,"1076,1839","1839,6717"
-0.1290322580645161,0.0698924731182795,"3730,27092","3730,33966"
-0.1288737717309145,0.1288737717309145,"7946,7947","7946,7947"
0.1287878787878788,-0.1287878787878788,"15711,18165","15711,18165"
0.1282051282051282,-0.1063829787234042,"294,9603","294,9224"
-0.1282051282051282,0.0683760683760683,"5392,25619","5392,31265"
0.1280487804878048,-0.0376175548589341,"9938,28646","4984,28646"
0.1267605633802817,0.0641025641025641,"3287,4380","3287,39959"
-0.1264108352144469,-0.0575988896599583,"965,23321","79,965"
-0.1261261261261261,0.0990990990990991,"4586,32950","4586,37426"
-0.125,-0.0714285714285714,"5123,33578","5123,7803"
0.125,-0.054229934924078,"5286,26758","2879,26758"
0.125,-0.125,"1484,3051","1484,3051"
0.125,0.125,"1783,6955","1783,22539"
-0.125,0.1143617021276595,"1038,23722","1038,24005"
-0.125,0.0528846153846153,"3094,26672","3094,38408"
-0.1241956241956241,0.1241956241956241,"3078,3346","3078,3346"
0.1238095238095238,-0.0710594315245478,"444,9335","444,1181"
-0.1235955056179775,0.0092696629213483,"422,22717","422,8313"
-0.1232876712328767,0.0856164383561643,"1507,24613","1507,8847"
-0.122,0.122,"1005,8978","1005,8978"
-0.1219512195121951,-0.0431211498973305,"6112,39796","1359,6112"
-0.1214285714285714,0.0928571428571428,"4723,22943","1964,4723"
0.1211180124223603,-0.1211180124223603,"12614,18857","12614,18857"
0.1208333333333333,0.05,"651,1859","651,36225"
-0.1208053691275167,0.0805369127516778,"2770,29515","2770,35979"
-0.1204819277108433,0.0403047166243449,"9389,32577","3829,9389"
-0.12,0.1,"8767,36750","8767,40790"
-0.1197916666666666,0.09375,"2534,23776","2534,24645"
-0.1195928753180661,0.0839694656488549,"4752,23073","4752,23070"
-0.1195402298850574,0.1195402298850574,"13002,13544","13002,13544"
-0.1195014662756598,0.0586510263929618,"734,1827","734,864"
-0.119047619047619,0.119047619047619,"5865,13796","5865,13796"
-0.1181818181818181,0.1136363636363636,"2485,26596","2485,26890"
-0.1178861788617886,0.0609756097560975,"2958,6721","2958,31797"
-0.1153846153846153,0.0290969899665551,"5053,31767","2722,5053"
0.1147626841243862,0.0769230769230769,"1898,2536","1898,21476"
-0.1142857142857142,0.1047619047619047,"5774,36042","5774,32602"
-0.1139896373056994,0.0621761658031088,"6324,28030","6324,36253"
-0.1138211382113821,0.089430894308943,"7386,11012","11012,37458"
-0.1116751269035533,0.0507614213197969,"4359,24070","4359,4979"
-0.1116504854368932,0.0970873786407767,"6893,23646","6893,28846"
0.111111111111111,-0.111111111111111,"11578,11838","11578,11838"
-0.1095100864553314,0.031700288184438,"2296,24407","2296,37436"
-0.1090425531914893,0.0638297872340425,"745,24132","745,27223"
-0.1089108910891089,0.0652300524170064,"3235,38041","3235,3621"
-0.1076923076923077,0.0769230769230769,"7097,32786","7097,39015"
-0.1076604554865424,0.0600414078674948,"1149,16156","1149,25775"
0.1071428571428571,-0.0,"1646,14713","14713,18036"
-0.1064189189189189,0.1064189189189189,"3557,5243","3557,5243"
-0.1058941058941058,0.0409590409590409,"86,22590","86,24143"
-0.1054545454545455,0.1054545454545455,"12367,15878","12367,15878"
-0.1045484588115123,0.1045484588115123,"1645,5135","1645,5135"
-0.1044546850998464,0.1044546850998464,"12291,20556","12291,20556"
0.1043478260869565,0.0711297071129707,"4091,4165","4091,18625"
-0.1042944785276073,0.0490797546012269,"492,24903","492,4964"
-0.1037735849056603,-0.0166380789022298,"7529,16460","7529,13331"
-0.1037735849056603,-0.0902255639097744,"2506,28968","2506,3297"
0.10351966873706,-0.10351966873706,"8033,20599","8033,20599"
-0.1032258064516129,0.0838709677419354,"3545,31034","3545,34396"
-0.1016949152542373,0.0932203389830508,"2055,36390","2055,38211"
-0.101010101010101,0.101010101010101,"11726,12608","11726,12608"
-0.1006493506493506,0.1006493506493506,"9244,11650","9244,11650"
-0.099601593625498,0.0557768924302788,"1502,27011","1502,33645"
-0.0992396958783513,0.0992396958783513,"8104,9130","8104,9130"
-0.0989010989010989,-0.0261303581914268,"3706,29702","1950,3706"
-0.0987654320987654,0.074074074074074,"8192,30842","8192,35564"
0.0977011494252873,0.0975609756097561,"2044,3119","2044,24919"
-0.0962566844919786,0.0802139037433155,"6105,15181","6105,24646"
-0.0959276018099547,-0.088235294117647,"5623,6943","5623,7735"
-0.0958083832335329,0.0838323353293413,"2096,31503","2096,33730"
-0.0954063604240282,0.07773851590106,"1495,26340","1495,28020"
-0.0938628158844765,0.0794223826714801,"3739,24615","3739,24995"
-0.0935672514619883,0.087719298245614,"2829,30737","2829,31633"
0.093136035811987,0.0125490196078431,"10,239","239,412"
0.0923076923076923,-0.011574074074074,"1980,3090","1121,1980"
0.090962441314554,0.0349999999999999,"5851,5852","5852,6015"
-0.0909090909090909,0.0826446280991735,"4961,38024","4961,40083"
-0.0909090909090909,0.0790513833992094,"1340,27776","1340,26641"
-0.0901856763925729,0.0371352785145888,"1269,3079","1269,33207"
-0.09009009009009,0.09009009009009,"3444,40782","3444,40781"
-0.0895522388059701,0.0696517412935323,"4998,29815","4998,33609"
-0.089430894308943,0.0707238140342568,"4618,37958","3881,4618"
-0.0886075949367088,0.0590717299578059,"917,28406","917,33085"
-0.0878661087866108,0.0460251046025104,"1098,28540","1098,38248"
-0.087431693989071,0.0546448087431694,"5750,30987","5750,13121"
-0.0869565217391304,0.0632411067193675,"4050,22886","3215,4050"
-0.0865384615384615,0.0625,"5519,29719","5519,33439"
-0.0862068965517241,0.0804597701149425,"3625,5139","5139,33724"
0.0845227249721631,-0.0845227249721631,"98,626","98,626"
-0.0845070422535211,0.0457746478873239,"542,27087","542,33959"
0.0833333333333333,0.0596330275229357,"5018,6963","5018,35185"
-0.0833333333333333,0.0654761904761904,"4496,26038","4496,23435"
0.0829268292682926,-0.0314465408805031,"1215,25465","1241,25465"
-0.0825688073394495,0.0132517838939857,"1259,13585","1259,34877"
0.0824990730441231,0.053763440860215,"1444,2400","1444,40279"
-0.0824530308401276,-0.0493170589944783,"2257,6376","5843,6376"
-0.0820668693009118,0.0425531914893617,"1064,26387","1064,33547"
-0.0802469135802469,0.0308641975308641,"1127,26555","1127,37567"
0.0795454545454545,-0.0795454545454545,"6122,10083","6122,10083"
-0.0794979079497908,0.0292887029288702,"948,24477","948,26549"
-0.0794701986754966,0.0728476821192053,"3687,35967","3687,37746"
-0.079295154185022,-0.024948750381646,"2850,29588","2850,4468"
-0.0788177339901477,0.0541871921182266,"8282,25789","8282,37849"
-0.0776923076923077,0.0776923076923077,"8113,9128","8113,9128"
-0.0769230769230769,0.0714285714285714,"3558,33288","3558,28539"
-0.0759493670886076,0.0171901859665573,"1688,36229","1688,3982"
-0.075,0.07,"2817,32398","2817,27570"
-0.07380073800738,0.039692829360726,"2395,28817","2395,2569"
-0.0729166666666666,0.0729166666666666,"1397,33838","1397,23127"
-0.0728346456692913,-0.0258014623172103,"263,24501","263,3001"
-0.0719298245614035,0.0701754385964912,"118,22784","118,22644"
0.0717948717948717,0.0,"3327,13790","8905,13790"
0.0717241379310344,-0.0717241379310344,"7258,9070","7258,9070"
-0.0714285714285714,0.0654761904761904,"2768,30682","2768,23383"
-0.0709677419354838,0.031162507608034,"5785,37925","5368,5785"
0.069327731092437,-0.069327731092437,"4233,4715","4233,4715"
0.06875,-0.0,"4323,15173","9500,15173"
-0.0680473372781065,0.059171597633136,"1213,27647","1213,29021"
-0.0678531701890989,0.0678531701890989,"13504,14257","13504,14257"
0.0678177458033573,-0.0678177458033573,"2670,5974","2670,5974"
-0.0664961636828644,0.0358056265984654,"371,26690","371,33660"
0.0656013456686291,-0.0656013456686291,"7657,8524","7657,8524"
-0.0650994575045208,-0.0237154150197628,"1205,24696","345,1205"
0.0646900269541779,-0.0646900269541779,"309,11711","309,11711"
0.064493026762156,-0.064493026762156,"652,2021","652,2021"
-0.0634249471458773,0.0274841437632135,"871,2797","2797,33889"
-0.0633720930232557,-0.0549999999999999,"10053,10867","10053,17014"
-0.06265664160401,0.0325814536340852,"1598,27012","1598,28187"
-0.0615384615384615,0.0615384615384615,"4689,25401","4689,35527"
-0.060377358490566,0.0188679245283018,"2261,25179","2261,39336"
-0.0601503759398496,0.0601503759398496,"2845,31055","2845,31054"
0.0601219255833508,-0.0601219255833508,"5923,6266","5923,6266"
0.0599694423223835,-0.0599694423223835,"617,4055","617,4055"
-0.0589225589225589,0.0237834823822085,"561,24750","195,561"
-0.0583333333333332,0.0416666666666666,"14670,16900","16900,18210"
0.0582010582010582,0.0,"634,18058","18058,20512"
-0.0575539568345323,0.011996941955972,"7905,30904","1806,7905"
-0.0555555555555555,0.0305555555555555,"415,29157","415,38595"
0.0554370054236685,-0.0554370054236685,"2251,2446","2251,2446"
0.0550847457627118,0.0,"950,9368","3344,9368"
0.0541199414919551,0.0140646976090014,"91,208","208,28733"
0.0540911587040087,0.0271828665568369,"330,1307","330,25100"
-0.0536476241766435,0.0536476241766435,"3000,3024","3000,3024"
-0.0519480519480519,0.0519480519480519,"2872,7902","7902,18814"
-0.0517241379310344,0.043103448275862,"5959,36241","5959,21641"
-0.0514705882352941,-0.0419494720965309,"3013,32964","2727,3013"
0.0514705882352941,-0.0424348844015218,"8946,8947","6100,8947"
-0.0498960498960499,0.0353430353430353,"1600,27065","1600,29956"
0.0492957746478873,-0.0492957746478873,"7266,17443","7266,17443"
0.0481927710843373,0.0194109772423025,"29,1193","29,25778"
-0.0474137931034482,0.0301724137931034,"259,27892","259,32385"
-0.0468085106382978,0.0425531914893617,"2196,37568","2196,29697"
-0.0462184873949579,-0.0453579021970234,"2170,30320","1185,2170"
0.0462047661076787,-0.0462047661076787,"2970,5479","2970,5479"
-0.0456273764258555,0.0418250950570342,"2901,35938","2901,37705"
0.0454545454545454,-0.0384615384615384,"18211,19651","15742,19651"
-0.043421052631579,0.043421052631579,"8797,9679","8797,9679"
-0.0433043851927835,0.0433043851927835,"488,720","488,720"
0.042561550550026,-0.042561550550026,"2713,2851","2713,2851"
0.041513223970539,-0.041513223970539,"1775,4485","1775,4485"
-0.0412186379928315,0.0412186379928315,"6110,7293","6110,7293"
0.0405405405405405,-0.0405405405405405,"9618,11506","9618,11506"
-0.0390154490704373,0.0094010467144795,"3023,3348","2613,3023"
0.0386702849389416,-0.0386702849389416,"7654,12136","7654,12136"
-0.037410071942446,0.0201438848920863,"1594,24136","1594,22869"
-0.0373376623376623,0.0081168831168831,"433,22559","433,39018"
-0.037037037037037,0.0239651416122004,"276,8843","276,29111"
-0.0369088811995386,0.0138408304498269,"87,25207","87,36076"
-0.0332480818414322,0.0281329923273657,"1559,23044","1559,26021"
-0.0269445856634468,0.0269445856634468,"988,1053","988,1053"
-0.026431718061674,0.0220264317180616,"467,36400","467,13269"
-0.0238095238095238,0.0238095238095238,"8665,8839","8665,8839"
-0.0227644492911668,0.0227644492911668,"573,8286","573,8286"
0.0220588235294117,-0.0220588235294117,"4987,10698","4987,10698"
-0.018754688672168,0.018754688672168,"4802,14225","4802,14225"
-0.0139751552795031,0.0139751552795031,"15169,18858","15169,18858"
-0.0137575236457437,0.0128976784178847,"120,22734","120,31921"
0.0100075528700905,-0.0100075528700905,"380,735","380,735"
-0.0099255583126551,0.0078492935635792,"11062,12973","8945,11062"
-0.0051241623965313,0.0051241623965313,"6735,9370","6735,9370"
-0.0047489998709511,0.0047489998709511,"1609,1753","1609,1753"
-0.0,-0.0,"15222,22098","15222,22098"
0.0,0.0,"11836,21337","11836,21337"
-0.0,-0.0,"3709,14464","3709,14464"
0.0,0.0,"18482,20237","18482,20237"
0.0,0.0,"5507,9772","5507,9772"
-0.0,-0.0,"21850,22326","21850,22326"
-0.0,-0.0,"11078,19654","11078,19654"
-0.0,-0.0,"9171,18278","9171,18278"
0.0,0.0,"18560,20903","18560,20903"
-0.0,-0.0,"10798,16233","10798,16233"
-0.0,-0.0,"11056,13653","11056,13653"
0.0,0.0,"16498,18769","16498,18769"
0.0,0.0,"6570,21030","6570,21030"
-0.0,-0.0,"4536,16576","4536,16576"
-0.0,-0.0,"15199,16308","15199,16308"
0.0,0.0,"1844,3652","1844,3652"
0.0,0.0,"15098,18912","15098,18912"
0.0,0.0,"6980,9000","6980,9000"
0.0,0.0,"18370,20924","18370,20924"
0.0,0.0,"13333,21901","13333,21901"
0.0,0.0,"11852,22065","11852,22065"
-0.0,-0.0,"6920,20935","6920,20935"
-0.0,-0.0,"9147,22282","9147,22282"
-0.0,-0.0,"5089,13494","5089,13494"
-0.0,-0.0,"16669,19019","16669,19019"
0.0,0.0,"9794,18992","9794,18992"
0.0,0.0,"9685,19075","9685,19075"
0.0,0.0,"21936,22074","21936,22074"
0.0,0.0,"15037,20877","15037,20877"
0.0,0.0,"6252,21934","6252,21934"
-0.0,-0.0,"13239,14033","13239,14033"
-0.0,-0.0,"5404,6328","5404,6328"
0.0,0.0,"8906,15392","8906,15392"
0.0,0.0,"8916,13099","8916,13099"
0.0,0.0,"15204,22092","15204,22092"
-0.0,-0.0,"3435,17412","3435,17412"
-0.0,-0.0,"9028,11816","9028,11816"
0.0,0.0,"3667,5452","3667,5452"
0.0,0.0,"16259,21911","16259,21911"
-0.0,-0.0,"16538,18075","16538,18075"
0.0,0.0,"6365,11188","6365,11188"
-0.0,-0.0,"7965,21915","7965,21915"
-0.0,-0.0,"6988,12302","6988,12302"
-0.0,-0.0,"15506,16946","15506,16946"
-0.0,-0.0,"9712,19979","9712,19979"
0.0,0.0,"623,1862","623,1862"
0.0,0.0,"11925,17392","11925,17392"
0.0,0.0,"3846,10408","3846,10408"
-0.0,-0.0,"17748,22096","17748,22096"
0.0,0.0,"11915,20410","11915,20410"
-0.0,-0.0,"7771,17622","7771,17622"
-0.0,-0.0,"4086,6455","4086,6455"
0.0,0.0,"5201,21859","5201,21859"
0.0,0.0,"13401,18930","13401,18930"
-0.0,-0.0,"7725,22149","7725,22149"
-0.0,-0.0,"13534,14488","13534,14488"
-0.0,-0.0,"9087,10946","9087,10946"
0.0,0.0,"11958,22024","11958,22024"
0.0,0.0,"825,4510","825,4510"
0.0,0.0,"8813,16222","8813,16222"
0.0,0.0,"9400,15131","9400,15131"
-0.0,-0.0,"6002,6543","6002,6543"
0.0,0.0,"6657,6982","6657,6982"
0.0,0.0,"5514,6978","5514,6978"
-0.0,-0.0,"8535,15512","8535,15512"
-0.0,-0.0,"17002,19730","17002,19730"
0.0,0.0,"18245,19443","18245,19443"
0.0,0.0,"5973,17155","5973,17155"
-0.0,-0.0,"9449,13101","9449,13101"
0.0,0.0,"7233,8195","7233,8195"
0.0,0.0,"20048,21003","20048,21003"
0.0,0.0,"9766,15304","9766,15304"
-0.0,-0.0,"18049,19000","18049,19000"
0.0,0.0,"7600,10937","7600,10937"
-0.0,-0.0,"12043,22223","12043,22223"
0.0,0.0,"4643,13383","4643,13383"
-0.0,-0.0,"9660,16993","9660,16993"
-0.0,-0.0,"3969,15208","3969,15208"
0.0,0.0,"2086,4378","2086,4378"
-0.0,-0.0,"7501,22356","7501,22356"
-0.0,-0.0,"11534,21423","11534,21423"
-0.0,-0.0,"2064,11340","2064,11340"
-0.0,-0.0,"8645,13690","8645,13690"
0.0,0.0,"11300,13288","11300,13288"
0.0,0.0,"14369,17102","14369,17102"
0.0,0.0,"8560,20530","8560,20530"
0.0,0.0,"9640,18700","9640,18700"
-0.0,-0.0,"9678,11592","9678,11592"
-0.0,-0.0,"11586,13237","11586,13237"
-0.0,-0.0,"11572,21796","11572,21796"
-0.0,-0.0,"17518,20481","17518,20481"
0.0,0.0,"5591,5799","5591,5799"
-0.0,-0.0,"5800,15040","5800,15040"
-0.0,-0.0,"7914,11611","7914,11611"
-0.0,-0.0,"16409,19097","16409,19097"
0.0,0.0,"1986,17144","1986,17144"
0.0,0.0,"11388,15745","11388,15745"
0.0,0.0,"20628,21083","20628,21083"
-0.0,-0.0,"9341,16252","9341,16252"
0.0,0.0,"9551,19644","9551,19644"
0.0,0.0,"10264,17160","10264,17160"
0.0,0.0,"9046,15013","9046,15013"
0.0,0.0,"3490,14347","3490,14347"
-0.0,-0.0,"15313,19111","15313,19111"
-0.0,-0.0,"8020,21069","8020,21069"
0.0,0.0,"20386,20559","20386,20559"
-0.0,-0.0,"11483,12135","11483,12135"
-0.0,-0.0,"4649,7585","4649,7585"
0.0,0.0,"6415,14304","6415,14304"
0.0,0.0,"20013,20695","20013,20695"
-0.0,-0.0,"14299,15353","14299,15353"
0.0,0.0,"10694,20583","10694,20583"
-0.0,-0.0,"11609,22166","11609,22166"
0.0,0.0,"9120,15476","9120,15476"
-0.0,-0.0,"2205,10407","2205,10407"
0.0,0.0,"15568,20839","15568,20839"
0.0,0.0,"9949,14406","9949,14406"
0.0,0.0,"519,1106","519,1106"
0.0,0.0,"13520,18069","13520,18069"
-0.0,-0.0,"16026,17061","16026,17061"
-0.0,-0.0,"5658,20304","5658,20304"
0.0,0.0,"11763,22130","11763,22130"
-0.0,-0.0,"11762,12767","11762,12767"
-0.0,-0.0,"9223,9676","9223,9676"
0.0,0.0,"11743,21278","11743,21278"
-0.0,-0.0,"1712,19162","1712,19162"
0.0,0.0,"8973,9143","8973,9143"
0.0,0.0,"9142,12570","9142,12570"
-0.0,-0.0,"11129,12466","11129,12466"
0.0,0.0,"2185,12392","2185,12392"
-0.0,-0.0,"15244,21388","15244,21388"
0.0,0.0,"11659,16929","11659,16929"
-0.0,-0.0,"3164,11211","3164,11211"
0.0,0.0,"15699,18790","15699,18790"
-0.0,-0.0,"3631,17073","3631,17073"
0.0,0.0,"6120,11223","6120,11223"
0.0,0.0,"7337,13620","7337,13620"
0.0,0.0,"19603,20782","19603,20782"
0.0,0.0,"2944,11634","2944,11634"
-0.0,-0.0,"11248,19481","11248,19481"
0.0,0.0,"15236,18368","15236,18368"
0.0,0.0,"8829,19851","8829,19851"
-0.0,-0.0,"2644,9123","2644,9123"
-0.0,-0.0,"6874,21210","6874,21210"
0.0,0.0,"10509,13566","10509,13566"
0.0,0.0,"9108,17747","9108,17747"
0.0,0.0,"7352,18642","7352,18642"
-0.0,-0.0,"13276,17248","13276,17248"
-0.0,-0.0,"15776,19705","15776,19705"
-0.0,-0.0,"3070,8440","3070,8440"
-0.0,-0.0,"10759,13730","10759,13730"
0.0,0.0,"18443,21834","18443,21834"
-0.0,-0.0,"5371,5565","5371,5565"
-0.0,-0.0,"6126,10686","6126,10686"
-0.0,-0.0,"2975,3766","2975,3766"
0.0,0.0,"13044,19784","13044,19784"
0.0,0.0,"17480,17595","17480,17595"
0.0,0.0,"2562,19667","2562,19667"
-0.0,-0.0,"14917,19689","14917,19689"
0.0,0.0,"6248,7229","6248,7229"
-0.0,-0.0,"2786,3157","2786,3157"
0.0,0.0,"6479,14703","6479,14703"
0.0,0.0,"10545,18156","10545,18156"
0.0,0.0,"18155,18232","18155,18232"
-0.0,-0.0,"2636,10137","2636,10137"
-0.0,-0.0,"15007,22210","15007,22210"
0.0,0.0,"4849,21673","4849,21673"
0.0,0.0,"2913,5636","2913,5636"
0.0,0.0,"19620,22213","19620,22213"
-0.0,-0.0,"21272,21770","21272,21770"
0.0,0.0,"7114,22214","7114,22214"
-0.0,-0.0,"18223,21690","18223,21690"
-0.0,-0.0,"12433,18499","12433,18499"
-0.0,-0.0,"4860,6508","4860,6508"
-0.0,-0.0,"10644,17520","10644,17520"
0.0,0.0,"16954,21667","16954,21667"
-0.0,-0.0,"3319,15832","3319,15832"
0.0,0.0,"10556,10792","10556,10792"
0.0,0.0,"12098,18526","12098,18526"
0.0,0.0,"8568,21295","8568,21295"
-0.0,-0.0,"13837,19280","13837,19280"
0.0,0.0,"15830,17461","15830,17461"
-0.0,-0.0,"20039,21377","20039,21377"
0.0,0.0,"14722,16788","14722,16788"
-0.0,-0.0,"10260,13966","10260,13966"
-0.0,-0.0,"19823,21501","19823,21501"
0.0,0.0,"13152,19452","13152,19452"
0.0,0.0,"8558,17840","8558,17840"
-0.0,-0.0,"12818,17879","12818,17879"
-0.0,-0.0,"7323,10854","7323,10854"
0.0,0.0,"16968,21448","16968,21448"
-0.0,-0.0,"10344,12270","10344,12270"
0.0,0.0,"9895,16703","9895,16703"
0.0,0.0,"1141,12328","1141,12328"
0.0,0.0,"4450,8490","4450,8490"
-0.0,-0.0,"3751,10450","3751,10450"
-0.0,-0.0,"14959,17723","14959,17723"
-0.0,-0.0,"7388,9263","7388,9263"
0.0,0.0,"4797,12655","4797,12655"
0.0,0.0,"8590,14507","8590,14507"
0.0,0.0,"7619,12106","7619,12106"
-0.0,-0.0,"14166,16556","14166,16556"
0.0,0.0,"10801,21184","10801,21184"
0.0,0.0,"2497,19801","2497,19801"
-0.0,-0.0,"6270,13139","6270,13139"
0.0,0.0,"6644,7554","6644,7554"
0.0,0.0,"8660,20018","8660,20018"
0.0,0.0,"7096,16120","7096,16120"
0.0,0.0,"8705,18559","8705,18559"
-0.0,-0.0,"15641,18402","15641,18402"
-0.0,-0.0,"3803,19855","3803,19855"
