{
    "KS_statistic": 0.06174843101376247,
    "p_value": 0.08793529167384134
}