{
    "KS_statistic": 0.1290986713947439,
    "p_value": 2.471942371812875e-06
}