{
    "KS_statistic": 0.08827545844713226,
    "p_value": 0.38627672272260016
}