{
    "KS_statistic": 0.057515337423312884,
    "p_value": 0.4981504261314415
}