{
    "KS_statistic": 0.09413281753707285,
    "p_value": 0.05868251090904675
}