{
    "KS_statistic": 0.14250137059804732,
    "p_value": 1.270247763411879e-07
}