{
    "KS_statistic": 0.10073060392580387,
    "p_value": 0.000512783710628565
}