{
    "KS_statistic": 0.10077103430577751,
    "p_value": 0.0004978387307990146
}