{
    "KS_statistic": 0.13798526029197766,
    "p_value": 0.0008458598323858394
}