{
    "KS_statistic": 0.0524698251601433,
    "p_value": 0.21288030979285877
}