{
    "observed_skl": 0.27906791042761503,
    "p_value": 0.07692307692307693,
    "optimal_k": 12,
    "k_candidates": [
        8,
        9,
        10,
        11,
        12,
        13,
        14,
        15,
        16
    ],
    "#class1": 126,
    "#class2": 159
}