{
    "KS_statistic": 0.0713214990138067,
    "p_value": 0.2511066509892214
}