{
    "KS_statistic": 0.10666666666666667,
    "p_value": 0.020145150649392887
}