{
    "KS_statistic": 0.06825497463909481,
    "p_value": 0.7042160079617308
}