{
    "KS_statistic": 0.05520011513652837,
    "p_value": 0.16295872315056625
}