{
    "KS_statistic": 0.21467867575462513,
    "p_value": 1.998973617793096e-08
}