{
    "KS_statistic": 0.11990983214548169,
    "p_value": 1.5957482137204398e-05
}