{
    "KS_statistic": 0.07113896741556316,
    "p_value": 0.26236673289345847
}