{
    "KS_statistic": 0.09522532188841201,
    "p_value": 0.29853745706869744
}