{
    "KS_statistic": 0.031552874506046304,
    "p_value": 0.8018277256286106
}