{
    "observed_skl": 0.12049226554580594,
    "p_value": 0.5984015984015985,
    "optimal_k": 16,
    "k_candidates": [
        8,
        9,
        10,
        11,
        12,
        13,
        14,
        15,
        16
    ],
    "#class1": 126,
    "#class2": 159
}