{
    "KS_statistic": 0.05914346389806512,
    "p_value": 0.4624926805681723
}