{
    "KS_statistic": 0.04495994208283724,
    "p_value": 0.37405059250773304
}