{
    "KS_statistic": 0.15839447561501943,
    "p_value": 2.5582650762947653e-09
}