{
    "KS_statistic": 0.04613747475936902,
    "p_value": 0.34318606545602526
}