node1,node2,flow,betweenness,degree,class
3,1290,0.0708661417322834,0.0002565541103202539,222,0
4,1196,0.0233463035019455,7.384231320111742e-07,69,1
4,2211,-0.0039829651643739,1.9243416650572235e-07,69,1
4,5395,0.0194552529182879,4.630751183229315e-07,75,1
4,5397,-0.0003051804379339,6.747108451977492e-07,54,1
4,5399,0.0116731517509727,9.364647630336132e-07,73,1
4,6064,0.0894941634241245,6.342503622858858e-07,64,1
5,226,-4.631916996047404e-05,3.154842109950554e-05,230,0
5,5669,-0.0272221546692607,2.0665769594013462e-05,232,0
6,1834,0.01171875,5.279485062645412e-07,93,1
7,425,0.0817120622568093,1.0322865145597143e-06,37,1
7,1687,-0.1033732651122889,3.158595936462384e-07,44,1
7,2361,-0.005544747081712,2.9733280185839084e-07,35,1
7,3878,-0.0346876602419087,8.645316164027674e-07,35,1
7,3889,0.0077821011673151,5.323252715384419e-07,32,1
7,3915,0.2622693611145977,2.3628910900029117e-07,33,1
7,6006,0.0110297496859585,3.8440609756397313e-07,38,1
8,1158,0.00390625,3.1886398035521605e-07,96,1
9,4460,0.0441558441558441,1.1224732564654942e-06,26,1
9,4766,0.0363636363636363,4.105201777091728e-07,35,1
9,5185,0.0181818181818181,8.460338161505683e-07,26,1
10,718,0.1152263374485596,1.169541110271982e-06,83,1
10,1740,0.0411522633744856,5.517251365175475e-07,63,1
10,5036,0.0041152263374485,8.067342935513572e-07,66,1
11,1670,-0.0349185234452943,3.214294561696027e-07,62,1
11,3022,-0.0296907216494845,7.222852163153558e-07,77,1
11,3513,-0.0805020170327207,4.258827305510481e-07,53,1
12,2059,0.0123456790123456,1.0924050078335109e-06,95,1
13,3850,0.1245136186770428,7.454631080823602e-07,41,1
13,4316,0.6926070038910506,1.0910998033690534e-06,45,1
13,5639,0.0233463035019455,5.05629221929107e-07,38,1
14,2499,0.0038610038610038,1.966835901924187e-05,315,0
14,2750,0.0115830115830115,2.983659468810748e-05,270,0
14,3870,0.0038610038610038,3.802428320797558e-05,278,0
14,4133,0.0077220077220077,2.2017185391459094e-05,323,0
18,2878,0.00390625,2.821516817771538e-05,229,0
18,4727,0.00390625,0.00014708584981592293,217,0
21,303,0.125,2.455656943877953e-07,64,1
21,1835,0.0078125,2.83794655211179e-07,60,1
21,2200,0.01171875,2.733311846646326e-07,50,1
21,3058,0.46875,2.7451264960562815e-07,67,1
21,3116,0.0078125,2.2599904014442338e-07,36,1
21,3182,0.0078276994163424,3.407121849559937e-07,67,1
21,4338,0.0078125,1.7089755886896097e-07,45,1
21,5313,0.01171875,3.9083234347447714e-07,60,1
22,442,0.0120481927710843,5.509351833767132e-05,222,0
22,444,0.0160642570281124,0.0001382715011243704,228,0
22,1290,0.0040160642570281,0.0018005551450221637,269,0
22,1337,0.0040160642570281,3.457806879843769e-05,220,0
22,1483,0.0040160642570281,3.639306291466675e-05,221,0
22,2303,0.0080321285140562,0.00010465858015822334,234,0
22,2398,0.0040160642570281,3.928820826185484e-05,226,0
22,2640,0.0160642570281124,0.00018204681737992625,252,0
22,3141,0.0040160642570281,2.9187473772418205e-05,243,0
22,3164,0.0040160642570281,0.00026520344136589824,236,0
22,3764,0.0040160642570281,0.00010509759703698521,222,0
22,5290,0.0281124497991967,3.080407492989703e-05,217,0
22,5302,0.0682730923694779,0.00019047556537818712,271,0
22,5420,0.0080321285140562,2.377670351140251e-05,225,0
22,5785,0.0040160642570281,3.3105288246457914e-05,219,0
22,5798,0.0040160642570281,4.71608813028821e-05,223,0
22,5819,0.0040160642570281,0.00011133510430625502,226,0
22,6151,0.0080321285140562,0.00011999793929051724,228,0
22,6155,0.0040160642570281,8.96632474551054e-05,247,0
24,3370,0.0001875,4.3744603019818653e-07,93,1
24,3402,0.032,3.602615512508596e-07,94,1
25,1536,-0.0815708547759508,1.254238705744824e-07,68,1
25,3323,-0.0410557184750733,1.5009384577166704e-07,68,1
26,4466,-0.1767676767676767,9.814533965307663e-07,11,1
27,743,0.0038910505836575,8.217558338296726e-07,94,1
27,3831,0.0311284046692607,9.754271443286128e-07,97,1
27,4652,0.0038910505836575,9.498022953691815e-07,96,1
29,135,0.0077821011673151,4.621815265758401e-05,238,0
29,3974,0.0233463035019455,0.00019537688755685435,221,0
29,4026,0.0194552529182879,0.0002048197022137393,234,0
29,4034,0.0038910505836575,8.850191979819475e-05,220,0
29,5834,0.0038910505836575,0.0001973704967589648,217,0
30,1103,0.0076628352490421,6.563508918448202e-07,94,1
31,2028,0.3989304204357968,5.495477771341963e-08,11,1
31,2620,0.2211981566820276,4.579564809451636e-08,12,1
31,3482,-0.0248620356147237,1.00750425807936e-07,12,1
31,3568,0.0875576036866359,9.159129618903272e-08,13,1
31,3569,0.0114247311827957,5.495477771341963e-08,11,1
32,3769,0.0039215686274509,1.1176602203108245e-06,87,1
33,3361,0.0303030303030303,7.917299214902381e-07,45,1
34,1620,0.0118110236220472,0.00012859458847650488,309,0
34,3386,0.0039370078740157,0.0013356434895560015,276,0
34,3859,0.0039370078740157,0.00010045459767298814,301,0
34,3872,0.0039370078740157,5.0244607735302284e-05,287,0
34,4739,0.0039370078740157,1.8954748427876394e-05,294,0
34,6218,0.0039370078740157,3.0706607916393786e-05,265,0
35,493,0.1358695652173913,6.878193827653653e-07,72,1
35,919,0.0978260869565217,7.929806721740228e-07,71,1
35,1743,0.0271739130434782,2.3611978268633862e-07,78,1
35,1748,0.0434782608695652,8.655270482179332e-07,76,1
35,2830,0.0054347826086956,1.1561260698854586e-06,70,1
35,2948,0.0054347826086956,6.368284959336067e-07,84,1
35,2951,0.0163043478260869,2.9758812758845114e-07,72,1
35,3694,0.0163043478260869,1.0043115055324603e-06,65,1
35,3697,0.108695652173913,1.0914456200522428e-06,69,1
35,4537,0.0434782608695652,9.418871680207735e-07,74,1
35,4539,0.0652173913043478,5.740384601317202e-07,77,1
35,4639,0.0054347826086956,1.6570495985319336e-07,83,1
37,4577,0.0114942528735632,1.8812774352031697e-05,242,0
37,5880,0.053639846743295,3.525016067757964e-05,217,0
38,4244,0.2970711297071129,1.1099948973220891e-06,77,1
38,4841,-0.4182190663032344,4.197983724637327e-07,59,1
38,6480,0.0040610386413979,7.016074502134814e-07,90,1
39,3258,0.3952569169960474,7.991695813606e-07,22,1
41,4644,-0.4545454545454545,2.1667302199095046e-07,9,1
42,708,0.015625,3.482401000326408e-07,73,1
42,1793,0.0234375,7.490494681517304e-07,97,1
42,2149,0.01171875,1.2076519860906666e-06,92,1
42,2150,0.015625,4.7432268562736027e-07,80,1
42,2999,0.05078125,9.244562742821731e-07,92,1
42,3001,0.0078125,2.5788705612434815e-07,90,1
42,3707,0.0234375,1.075589619925299e-06,86,1
42,4493,0.01953125,3.4956340717331706e-07,69,1
43,53,0.0039525691699604,1.1932823913337448e-06,92,1
44,1804,0.0609756097560975,7.444927387544539e-07,71,1
44,1933,0.0121951219512195,1.0187091365519339e-06,62,1
44,3041,0.024390243902439,3.3772762213888434e-07,59,1
44,3129,0.2926829268292683,6.369801588577425e-07,32,1
44,3538,0.024390243902439,9.820802112795965e-07,56,1
44,5131,0.0121951219512195,2.1042363001780957e-07,44,1
48,1978,0.0172413793103448,6.104611217065865e-07,60,1
48,3722,0.0344827586206896,0.0005171014067300739,226,0
48,3890,0.0172413793103448,4.6617445590288234e-07,75,1
49,438,0.0098039215686274,3.2296723200195517e-07,85,1
49,742,0.0049019607843137,4.1409634544850486e-07,71,1
49,1970,0.0196078431372549,4.2079502155718304e-07,86,1
49,2616,0.0049019607843137,5.950055617153609e-07,86,1
49,2617,0.0049019607843137,3.0222484625132147e-07,83,1
49,3093,0.034313725490196,2.3609955264080392e-07,90,1
49,3779,0.2333467633628794,3.600279670875548e-07,77,1
49,3828,0.0147058823529411,2.793680862336935e-07,92,1
49,3830,0.0196078431372549,2.0277167678961634e-07,89,1
50,5474,0.0155642023346303,2.0065229620733067e-05,225,0
51,4308,0.00390625,8.404503050208879e-07,90,1
52,3737,0.1363636363636363,2.7764181789015943e-07,39,1
52,4462,0.375,1.9934490131288082e-07,25,1
54,2239,0.0115668680949765,6.721069478573847e-07,41,1
54,4199,0.2324975775193798,3.530209245334301e-07,53,1
54,4201,0.0736283292613036,8.387083361269004e-07,47,1
54,5511,-0.0167151162790697,2.1243748958003745e-07,42,1
54,5525,-0.0817422254396283,5.250787432551126e-07,39,1
54,5897,0.0346557227542179,1.0888768913259533e-07,45,1
54,6000,0.0225593507751938,2.5408046704597193e-07,41,1
57,546,0.0377358490566037,7.165541233339915e-07,83,1
57,1199,0.0566037735849056,9.741994204935122e-07,69,1
57,2218,0.0943396226415094,2.714209355997761e-07,63,1
57,3037,0.1132075471698113,3.376580998543745e-07,61,1
57,3038,0.0188679245283018,4.890396156639532e-07,90,1
57,4000,0.0566037735849056,2.8377907866781635e-07,68,1
57,5301,0.0188679245283018,3.5465767364587353e-07,90,1
57,5408,0.0754716981132075,7.224110172382242e-07,73,1
57,5425,0.0943396226415094,9.90987558231003e-07,75,1
60,111,0.015625,4.030520331230396e-05,299,0
60,1922,0.01953125,5.2408931240877715e-05,301,0
60,2743,0.015625,2.5263591993430024e-05,316,0
60,3631,0.00390625,4.486156419600057e-05,324,0
60,4108,0.00390625,2.673197814467919e-05,291,0
60,6204,0.0078125,6.116623055424317e-05,253,0
60,6447,0.00390625,3.68439420548605e-05,240,0
61,1369,0.0077519379844961,8.91079049116302e-05,252,0
61,2065,0.003875968992248,8.25848425434609e-05,264,0
61,2069,0.003875968992248,5.194576023400039e-05,284,0
61,4577,0.0271317829457364,7.072617773437277e-05,299,0
61,4583,0.0193798449612403,2.4339669729960545e-05,251,0
61,5780,0.0077519379844961,0.00014634355622725198,255,0
61,5880,0.0155038759689922,9.258657647950827e-05,274,0
17,64,-0.0311284046692607,1.2001910622993266e-06,56,1
64,833,0.0272373540856031,1.0442826049200092e-06,67,1
69,2081,0.0106382978723404,1.0421931092154363e-06,81,1
69,2286,0.0212765957446808,2.1776311586574375e-05,215,0
69,2569,0.0106382978723404,3.4329841803457314e-05,217,0
69,5199,0.0212765957446808,4.6602732332082656e-05,242,0
72,2347,-0.2402949959279703,1.144990468447319e-06,18,1
72,2385,0.1556420233463035,8.143528674026882e-07,22,1
76,785,0.01953125,1.1408676877389697e-06,61,1
76,1991,0.05078125,1.1394770975445902e-06,76,1
76,3153,0.078125,4.573343417056253e-07,73,1
76,3155,0.10546875,3.990510267188259e-07,76,1
76,4013,0.02734375,5.534147834065784e-07,71,1
76,4019,0.03125,4.536449733873847e-07,89,1
76,5863,0.00390625,3.9701779765580287e-07,75,1
78,3632,0.0038910505836575,1.9324730118829856e-05,260,0
79,749,0.0116279069767441,2.3942263754664016e-05,266,0
79,1327,0.003875968992248,2.4237289007054815e-05,270,0
79,1591,0.0193798449612403,2.0208702728274026e-05,221,0
79,3860,0.003875968992248,5.021696612494133e-05,266,0
79,5761,0.003875968992248,3.785592830498547e-05,253,0
79,6210,0.0077519379844961,9.166672508235581e-05,287,0
79,6513,0.0387596899224806,7.34474944966046e-05,271,0
79,6519,0.0155038759689922,2.1540399568204336e-05,218,0
80,609,0.1270491803278688,8.932682462981185e-07,77,1
80,1517,0.2418032786885245,2.717585665050689e-07,81,1
80,2900,0.0040983606557377,7.707642592809252e-07,75,1
80,2901,0.0163934426229508,2.335252871475324e-07,70,1
80,3688,0.012617787530657,2.837606036520096e-07,72,1
80,6256,0.0204918032786885,1.7812517847007142e-07,74,1
81,6270,0.47265625,1.526483769952067e-07,60,1
83,2219,0.00390625,5.781984012249266e-05,218,0
84,374,0.046692607003891,4.756460640291906e-07,86,1
84,997,0.0038910505836575,2.502221674086754e-07,95,1
84,1993,0.08935629155305,1.4189472507954534e-07,96,1
84,2096,0.0350194552529182,3.685380387427447e-07,98,1
84,2714,0.0077821011673151,3.7861888875685906e-07,96,1
84,4037,0.159533073929961,1.5217883449376217e-07,96,1
84,4039,-0.0859526994163424,1.2366238544864813e-07,98,1
84,4793,0.0116731517509727,4.9746050654219e-07,93,1
89,1082,0.1215686274509803,4.420703155855642e-07,52,1
89,1686,-0.0632865698580687,1.320801518567521e-07,44,1
89,2965,0.2509803921568627,1.0676240905326967e-07,50,1
89,5068,-0.0241830065359477,5.703346513891336e-07,43,1
89,5072,0.0352941176470588,3.6536119859773176e-07,53,1
89,5081,0.0273892234058977,1.7033364880846946e-07,44,1
89,5553,0.1725490196078431,2.990105266504111e-07,42,1
90,2470,0.0656370656370656,1.1091760649067809e-06,94,1
91,2483,0.0158730158730158,4.1349292950183014e-07,47,1
91,2799,0.0158730158730158,8.157390902777056e-07,57,1
91,4280,0.0158730158730158,6.825226767158644e-07,63,1
91,6340,0.3872746838848533,1.003385970855066e-06,75,1
92,1619,0.0196850393700787,4.5357540999004767e-07,87,1
92,2108,0.0039370078740157,2.405460555104831e-07,97,1
92,2175,0.0078740157480314,6.635236077737305e-07,96,1
92,4877,0.0236220472440944,4.6498758261079096e-07,82,1
92,6509,0.0157480314960629,1.2090410277118427e-06,89,1
93,1607,0.05078125,2.1870063539220115e-05,245,0
93,1608,0.01171875,3.352842804807811e-05,247,0
93,3635,0.0078125,2.4175377406068512e-05,223,0
93,6335,0.0078125,2.3117991084833738e-05,260,0
93,6483,0.0234375,2.4532524015871922e-05,238,0
93,6484,0.0078125,3.889217487401846e-05,226,0
93,6595,0.0234375,4.7050115854963696e-05,256,0
94,1714,0.1746031746031746,2.730234159489791e-07,60,1
94,4813,0.0202517788724685,1.9385446592581601e-07,61,1
95,4242,0.015625,4.579222908136704e-07,91,1
95,4243,0.1015625,1.0358069847240902e-06,67,1
95,4899,0.0078125,4.389035760524721e-07,95,1
101,721,0.0194552529182879,2.181911970883401e-07,95,1
101,1960,0.0544747081712062,4.3753785388528673e-07,96,1
101,2190,-0.0038910505836575,3.016739457989104e-07,98,1
107,1122,0.0265486725663716,8.04870536065609e-07,49,1
107,1198,0.8053097345132744,1.0409767536680228e-06,32,1
107,1672,0.0973451327433628,7.323471472919889e-07,46,1
107,5192,0.0176991150442477,7.021356944047946e-07,45,1
108,2548,0.80078125,1.8552214054415278e-07,31,1
108,3560,0.03125,2.218935255120664e-07,31,1
108,3562,0.16796875,2.806915415200794e-07,28,1
82,111,-0.0392156862745098,1.9350634322569164e-05,257,0
111,135,0.0117647058823529,0.00010985976653812107,304,0
111,302,0.0039215686274509,3.210119260240583e-05,224,0
111,391,0.0039215686274509,2.5076897157634253e-05,236,0
111,394,0.0196078431372549,3.1622320759001286e-05,265,0
111,789,0.0039215686274509,3.931348492329988e-05,257,0
111,991,0.0117647058823529,5.5726510793538476e-05,278,0
111,1368,0.0117647058823529,5.88820240235936e-05,275,0
111,2095,0.0156862745098039,2.8138845264799103e-05,257,0
111,2449,0.0156862745098039,3.369144140341043e-05,273,0
111,2488,0.0039215686274509,3.723107103266479e-05,245,0
111,2791,0.0588235294117647,4.886887468552998e-05,238,0
111,2887,0.0196078431372549,3.182651833368561e-05,254,0
111,2898,0.0196078431372549,2.9015913707321253e-05,274,0
111,3344,0.0549019607843137,4.1269798491561954e-05,261,0
111,3375,0.0235294117647058,2.9207883157130448e-05,235,0
111,3634,0.0039215686274509,1.9664864535140075e-05,231,0
111,3642,0.0078431372549019,2.7217172176848676e-05,269,0
111,3646,0.0549019607843137,2.3580948739759356e-05,275,0
111,4031,0.0078431372549019,6.61702273369141e-05,262,0
111,4772,0.0156862745098039,2.0205122904100543e-05,253,0
111,4773,0.0235294117647058,2.358088583560793e-05,261,0
111,4775,0.0039215686274509,7.710598792139897e-05,265,0
111,4777,0.0117647058823529,4.486462697139995e-05,286,0
111,4780,0.0078431372549019,8.223824778188981e-05,253,0
111,4790,0.0392156862745098,3.2653620097867674e-05,258,0
111,4836,0.0156862745098039,5.280239810647401e-05,252,0
111,5839,0.0039215686274509,0.00011686797268824336,274,0
111,5870,0.0039215686274509,5.1449542593629506e-05,246,0
111,5873,0.0078431372549019,7.150981162545673e-05,272,0
111,5875,0.0470588235294117,2.969829163897951e-05,272,0
111,6464,0.0078431372549019,6.199127803550847e-05,241,0
111,6465,0.0274509803921568,4.4331809583905516e-05,229,0
111,6594,0.0078431372549019,3.244042960182521e-05,223,0
111,6595,0.0039215686274509,2.1457807210464152e-05,289,0
112,1037,-0.0075989929045548,9.83804590258598e-07,80,1
112,3653,0.0118566176470588,4.357296464359083e-07,88,1
113,3672,0.0039525691699604,1.1468411781091426e-06,86,1
113,5281,0.0158102766798418,1.199970856095293e-06,92,1
115,703,0.0235294117647058,6.156241774503885e-07,47,1
115,2794,0.0274509803921568,8.683016860861216e-07,45,1
115,2826,0.0274509803921568,3.573739634404574e-07,47,1
115,4649,0.0549019607843137,6.283072558390492e-07,53,1
117,569,0.0112359550561797,0.00011987031836618306,230,0
117,1824,0.2078651685393258,6.217153784594874e-05,220,0
117,2285,0.0449438202247191,2.3348745365425326e-05,231,0
117,2286,0.0168539325842696,2.576703182049646e-05,264,0
117,2458,0.0224719101123595,1.990544154958696e-05,225,0
117,2569,0.0168539325842696,6.175519687026649e-05,266,0
117,2572,0.0280898876404494,3.1977866740648284e-05,237,0
117,3131,0.0224719101123595,5.408342916794457e-05,217,0
117,3722,0.0168539325842696,8.362831241488557e-05,284,0
117,5199,0.0337078651685393,0.00010765040299372097,291,0
117,5435,0.0056179775280898,6.6921979363881e-05,220,0
117,5436,0.0056179775280898,3.9091602772034186e-05,215,0
117,5689,0.0056179775280898,8.556878897021387e-05,233,0
117,5697,0.0112359550561797,5.1916264064338384e-05,232,0
118,2050,0.3063765736179529,2.7918079203518416e-07,46,1
118,3742,0.0227180527383367,7.052016481547165e-07,53,1
121,2617,0.0071942446043165,4.704739599524911e-07,82,1
121,3786,0.079136690647482,5.902650449895668e-07,74,1
121,3828,0.0071942446043165,3.507261724887541e-07,91,1
121,3830,0.014388489208633,2.6809461165983127e-07,88,1
122,1371,0.0038910505836575,1.8398069649675834e-05,241,0
123,1371,0.0778210116731517,0.00013994173229230878,305,0
123,4006,0.0038910505836575,3.40347126878929e-05,232,0
123,5113,0.0311284046692607,7.256424961612022e-05,238,0
123,5410,0.0038910505836575,5.7717657295334666e-05,222,0
125,646,0.0852713178294573,6.30251364549106e-07,85,1
125,860,0.0077519379844961,6.239067238899623e-07,66,1
125,985,0.0271317829457364,8.820430177230931e-07,65,1
125,1925,0.0503875968992248,1.8988611343155402e-07,85,1
125,2627,0.0155038759689922,1.03357702114595e-07,84,1
125,3479,0.0465116279069767,5.100675988608439e-07,80,1
125,3481,0.0581395348837209,1.772245097211848e-07,85,1
125,3848,0.0077519379844961,2.618056879982163e-07,83,1
125,3853,0.003875968992248,4.016419743356726e-07,81,1
126,1329,0.01953125,3.1889203269203985e-05,259,0
126,1498,0.00390625,6.628292884878105e-05,240,0
126,1607,0.00390625,9.723048083390538e-05,295,0
126,1627,0.01171875,5.22429131626744e-05,227,0
126,1897,0.03125,3.692046079400453e-05,234,0
126,2745,0.015625,7.05719101851025e-05,299,0
126,3387,0.0078125,9.732219087181851e-05,263,0
126,3635,0.00390625,0.00013969438296608603,273,0
126,5760,0.00390625,3.489236705878106e-05,236,0
126,6205,0.05078125,4.259429403997213e-05,239,0
126,6206,0.00390625,2.0867707384830225e-05,249,0
126,6212,0.0078125,2.0847182527518862e-05,246,0
126,6334,0.01953125,3.173994164944071e-05,301,0
126,6342,0.01171875,8.14759089796111e-05,263,0
126,6446,0.00390625,9.155872874782129e-05,235,0
126,6484,0.00390625,0.00023008685385191645,276,0
126,6521,0.01171875,8.677749140801957e-05,261,0
126,6595,0.00390625,0.0002520313317366054,306,0
127,3886,0.0933363970588235,5.874765796012914e-07,31,1
127,3911,0.2424297480620155,1.163642931160609e-06,26,1
128,737,0.0049504950495049,5.165052665472288e-05,215,0
128,3721,0.0396039603960396,3.1350829425001774e-05,232,0
131,455,0.0311284046692607,1.1452576564010515e-06,58,1
131,2687,0.2762645914396887,3.4095511788563946e-07,75,1
131,3963,0.0544747081712062,3.795392868817193e-07,80,1
131,5251,0.0194552529182879,1.064983918414916e-06,89,1
132,3979,0.4838709677419355,5.921542192869337e-07,17,1
132,5724,0.2580645161290322,3.3488551431031357e-07,28,1
133,153,0.0038910505836575,1.0464676492626583e-06,92,1
133,867,0.0038910505836575,3.361637259210401e-07,89,1
133,1225,0.0077821011673151,2.3344266735904225e-07,92,1
133,1371,0.0856031128404669,0.0002112426047388496,227,0
133,1989,0.0038910505836575,2.2453067022705428e-07,87,1
133,2277,0.0116731517509727,2.6687799175848744e-07,88,1
133,2316,0.0116731517509727,2.9911565638086663e-07,93,1
133,3179,0.0038910505836575,3.295789617337744e-07,77,1
133,3181,0.0272373540856031,5.62899985393653e-07,90,1
133,3995,0.0077821011673151,4.157067023454666e-07,69,1
133,3999,0.0077821011673151,1.09603056098605e-06,98,1
133,4344,0.0194552529182879,3.2250945337441246e-07,74,1
133,4345,0.0583657587548638,3.1674513321490126e-07,88,1
133,5469,0.0233463035019455,3.882682909167231e-07,93,1
133,5471,0.0350194552529182,2.2812676334546403e-07,91,1
134,1364,0.02734375,3.8564336121701987e-07,74,1
134,1992,0.0546875,3.803533929688736e-07,94,1
134,5833,0.01171875,4.718145801145917e-07,91,1
59,135,-0.0115830115830115,8.641161871784802e-05,251,0
135,545,0.0231660231660231,2.5295798790999824e-05,270,0
135,570,0.0038610038610038,0.00024932049162025517,279,0
135,776,0.054054054054054,3.4564324833953216e-05,220,0
135,1313,0.0038610038610038,0.0004236240503732101,251,0
135,1338,0.0231660231660231,2.2328073544210432e-05,327,0
135,2217,0.0038610038610038,0.00014156835423205424,266,0
135,2292,0.0154440154440154,7.500384378892552e-05,300,0
135,2312,0.0077220077220077,2.950918863904791e-05,279,0
135,2443,0.0115830115830115,3.7769415105204656e-05,217,0
135,3035,0.0038610038610038,3.4595842120127954e-05,260,0
135,3137,0.0038610038610038,2.4390473976829046e-05,252,0
135,3138,0.0038610038610038,0.0001183818637072263,280,0
135,3141,0.0077220077220077,0.00020382617280141033,299,0
135,3142,0.0115830115830115,2.5716266209007047e-05,261,0
135,3143,0.0038610038610038,0.00011727563536899021,313,0
135,3144,0.0077220077220077,0.0001191055044889597,284,0
135,3162,0.0038610038610038,0.00012459731090137666,264,0
135,3167,0.0193050193050193,4.7574183928110266e-05,261,0
135,3507,0.0115830115830115,4.1187938770808374e-05,257,0
135,3508,0.0154440154440154,3.645593017128697e-05,309,0
135,3976,0.0038610038610038,2.4038359230441698e-05,225,0
135,3977,0.0077220077220077,2.9419740186955647e-05,219,0
135,4024,0.0038610038610038,5.625317330492539e-05,270,0
135,4032,0.0038610038610038,2.0443817558945206e-05,236,0
135,4040,0.0154440154440154,3.425235342724601e-05,220,0
135,4046,0.0077220077220077,1.9725151942093833e-05,254,0
135,4377,0.0038610038610038,0.0001607338287031455,316,0
135,5708,0.0501930501930501,2.0806511724034566e-05,313,0
135,5710,0.0038610038610038,0.00025952507963641734,241,0
135,5714,0.0115830115830115,0.00011518205852090157,285,0
135,5717,0.0115830115830115,7.829001950108666e-05,271,0
135,5725,0.0077220077220077,2.4315289024976786e-05,257,0
135,5791,0.0077220077220077,0.00010109571627568386,286,0
135,5836,0.0038610038610038,3.5091416951524475e-05,223,0
135,5840,0.0154440154440154,2.1690851517878423e-05,253,0
137,2726,0.1478599221789883,1.0777355313814677e-06,40,1
137,4068,0.2684824902723735,7.189524952480625e-07,51,1
139,319,0.0310077519379844,4.543602848807782e-07,85,1
139,587,0.0348837209302325,2.2556483481428176e-07,70,1
139,806,0.0581395348837209,2.9940205366653544e-07,97,1
139,2601,0.0077519379844961,4.727519045472317e-07,87,1
139,2734,0.0542635658914728,2.3691355241714537e-07,81,1
139,2736,0.0077519379844961,6.815707529184523e-07,84,1
139,2920,0.0271317829457364,2.121072125608327e-07,89,1
139,3070,0.003875968992248,1.110331633913629e-06,60,1
139,3207,0.0271317829457364,2.0672036111795183e-07,67,1
139,3208,-0.0117490310077519,4.990936372946711e-07,88,1
139,3210,0.0930232558139534,2.5651717591406496e-07,89,1
139,3211,0.0155038759689922,1.5645839378525593e-07,84,1
139,3822,0.003875968992248,8.753136632386634e-07,85,1
139,4100,0.0620155038759689,1.5993739200125862e-07,76,1
139,4558,0.0348837209302325,4.641199300574998e-07,97,1
82,140,-0.0039215686274509,3.207772385818048e-05,230,0
140,1608,0.0235294117647058,3.769676705486439e-05,253,0
140,1896,0.0274509803921568,0.00020396910592956644,220,0
140,2095,0.0039215686274509,3.6630700200430636e-05,230,0
140,3635,0.0392156862745098,2.7579571253240527e-05,229,0
140,6335,0.0235294117647058,2.6654394460321675e-05,266,0
140,6342,0.0078431372549019,1.9301869058239272e-05,219,0
140,6484,0.0117647058823529,4.3872377089677066e-05,232,0
140,6595,0.0392156862745098,4.801325227066535e-05,262,0
141,2749,0.00390625,3.45403694162588e-05,238,0
141,6210,0.00390625,2.5912032450415532e-05,250,0
142,2504,0.0948909931733098,7.855259474069669e-07,37,1
142,4148,0.0557096516383808,2.917803961502334e-07,38,1
142,5000,-0.0480420555734363,1.3474365995619563e-07,44,1
143,1592,0.3392857142857143,6.418142529109595e-07,52,1
143,2011,0.0892857142857142,7.331242055409123e-07,25,1
143,2468,0.1964285714285714,6.254673780806523e-07,49,1
143,4159,0.0714285714285714,3.1198933800845144e-07,41,1
143,6279,0.0357142857142857,9.519894296803029e-07,26,1
143,6284,0.0714285714285714,6.489170676299148e-07,60,1
144,4178,0.0055555555555555,6.803142226526894e-07,39,1
145,494,-0.0376533296887279,8.010082155183165e-07,87,1
145,1233,-0.0078577461389961,3.547211046056514e-07,60,1
145,2014,0.0231660231660231,6.147379373777154e-07,83,1
145,2319,0.0308279374427234,4.813510070136826e-07,79,1
145,2356,-0.0395790748731925,2.0623678228938653e-07,63,1
145,4190,0.0501930501930501,2.6145719555449027e-07,85,1
145,4200,0.0193050193050193,4.499634803261969e-07,96,1
145,4546,0.0038610038610038,6.903404560997307e-07,87,1
145,5507,0.0386100386100386,1.6064139762636596e-07,72,1
149,2482,0.015625,1.0114616443924356e-06,77,1
149,2801,-1.5318627450980338e-05,1.192752188543445e-06,57,1
149,4280,-0.0855727140077821,5.551508842864906e-07,78,1
150,3855,0.0017710309930423,1.2570957741441826e-07,92,1
152,522,0.0232558139534883,1.0990955542683927e-07,16,1
152,702,0.0232558139534883,1.5417868191820508e-07,17,1
152,2519,0.0697674418604651,1.0329462847985356e-07,19,1
152,2619,0.0465116279069767,1.5461483094767666e-07,18,1
152,2954,0.0465116279069767,1.17542163442592e-07,18,1
152,3690,0.3023255813953488,1.1594295033452951e-07,21,1
152,4329,0.2093023255813953,4.1216083285064724e-07,16,1
152,4330,0.2325581395348837,6.760309956809558e-08,17,1
152,6583,0.0465116279069767,1.5054410667260852e-07,17,1
153,1371,0.1875,5.527872922107883e-05,217,0
154,868,0.0308880308880308,9.867432980575933e-07,67,1
154,1865,0.0038610038610038,4.470623572840028e-07,86,1
154,4346,0.1119691119691119,1.1300934718015618e-07,93,1
154,4355,0.0230911975098021,1.0542122506208903e-07,89,1
154,4357,0.0230755308880308,9.798326462379609e-08,96,1
154,5641,0.0576746841338281,4.794362637626911e-07,74,1
154,5648,-0.0118092422779922,1.8120294191314954e-07,97,1
154,5649,0.0810510343584273,5.071213175502713e-07,69,1
157,1165,0.003875968992248,2.897280666640242e-07,88,1
158,2985,0.0625,7.608880609060773e-07,62,1
158,3722,0.125,4.773794577029415e-05,220,0
158,5201,0.0625,1.1874405477259497e-06,80,1
159,2040,0.0098039215686274,8.058198922584959e-07,86,1
161,551,0.0897435897435897,6.844083028039837e-07,81,1
161,2087,0.1242988782051282,3.837731538662074e-07,97,1
161,4461,0.0085470085470085,1.026195930769772e-06,93,1
162,166,0.1271676300578034,2.492165608522128e-07,74,1
162,552,0.0520231213872832,5.120617714852951e-07,85,1
162,3060,-0.0286691914158527,6.745527222437353e-07,68,1
162,4252,0.1040462427745664,1.754595143082427e-07,65,1
162,4253,0.0479071545849171,9.984590611569833e-07,81,1
162,4469,0.0115606936416184,1.1505502245288777e-06,60,1
162,4473,0.0462427745664739,2.5139233844386124e-07,79,1
162,4519,-0.0058928049301635,1.5790027247633402e-07,63,1
163,708,0.0428015564202334,6.914448597251917e-07,79,1
163,1081,0.0428015564202334,6.211326684159192e-07,81,1
163,1891,0.0155642023346303,1.0652736150375501e-06,78,1
163,2150,0.0116731517509727,1.0516065588228054e-06,86,1
163,3001,0.0505836575875486,6.636788779940535e-07,96,1
163,3707,0.0583657587548638,1.1912987341405302e-06,92,1
163,4490,0.0077821011673151,6.918278012439988e-07,76,1
163,4493,0.0350194552529182,8.660511262450028e-07,75,1
163,5039,0.0077821011673151,9.55664278523907e-07,68,1
163,5088,0.0428015564202334,1.1470305753701399e-06,95,1
164,1929,-0.061623184838789,6.181026293110804e-07,38,1
164,3512,-0.1640915860014892,3.7367754609022403e-07,36,1
166,898,0.010831905577765,5.612342701287027e-07,65,1
166,913,0.0195768425947454,3.548497437486109e-07,72,1
166,2144,0.2117647058823529,7.920878007440275e-07,64,1
166,2796,0.0039215686274509,7.752664656380221e-07,96,1
166,2827,0.0117647058823529,4.010954306328408e-07,68,1
166,3059,4.5599635202918376e-05,2.609526284406353e-07,79,1
166,4528,0.0039215686274509,5.30017313986177e-07,75,1
166,4531,0.2588235294117647,5.688713131652739e-07,65,1
167,4533,0.0260416666666666,7.812400662101713e-07,97,1
167,4541,0.0052083333333333,2.8397489310540995e-07,78,1
167,4640,0.0208333333333333,2.3275631434785726e-07,81,1
170,1328,0.0038910505836575,4.2739354615006886e-05,222,0
170,5757,0.0077821011673151,2.1349185462137975e-05,237,0
170,6210,0.0038910505836575,9.234162709098099e-05,266,0
171,1501,0.0077821011673151,6.541566747535164e-05,235,0
171,1620,0.0505836575875486,5.862518327090492e-05,237,0
171,2692,0.0116731517509727,2.675066043920401e-05,240,0
171,3872,0.0038910505836575,3.519076899503476e-05,215,0
171,4115,0.0077821011673151,5.653693953506754e-05,222,0
171,6210,0.0038910505836575,0.00019744323874326978,245,0
172,4117,0.0039215686274509,2.1434997906721325e-05,229,0
172,6237,0.0078431372549019,0.0001027196901629241,254,0
173,182,0.015625,3.0627335436095594e-07,71,1
175,946,0.0271317829457364,3.766371570810185e-07,62,1
175,1749,0.0193798449612403,8.406708532649809e-07,51,1
175,4203,0.0542635658914728,4.60216990395603e-07,51,1
176,923,0.0705882352941176,5.984763831439951e-07,87,1
176,2075,0.0007295941632466,5.596620596711286e-07,93,1
176,2796,0.0156862745098039,2.6743182388293947e-07,81,1
176,2828,0.0078431372549019,6.839542384051482e-07,97,1
176,2829,0.0549019607843137,2.411870296120657e-07,85,1
176,2957,-0.1098039215686274,8.596997173657874e-07,87,1
176,4555,0.0156862745098039,9.162263524139962e-07,94,1
176,4648,0.0235294117647058,1.0138516823304521e-06,80,1
176,4649,-0.0941176470588235,2.34361510115879e-07,59,1
177,5057,0.1206896551724138,3.392575042422e-07,90,1
181,2069,0.01171875,4.652429225543937e-05,259,0
181,3297,0.00390625,6.285129820025657e-05,217,0
181,4567,0.00390625,9.994865474245621e-05,250,0
181,4577,0.0078125,5.9096845341513936e-05,274,0
181,5880,0.00390625,9.004268105011542e-05,249,0
182,4629,0.0666666666666666,4.862597877038722e-07,95,1
183,2069,0.0038910505836575,4.50944918078001e-05,306,0
183,3297,0.0077821011673151,6.198540099685658e-05,264,0
183,4577,0.0038910505836575,6.082555050706957e-05,321,0
184,4746,-0.1334028139656071,4.3075657824886183e-07,21,1
185,1114,0.0775193798449612,5.212885943663971e-07,48,1
185,2089,0.0542635658914728,1.2127601747128377e-06,62,1
185,3543,0.0465116279069767,8.84767049651626e-07,46,1
186,987,0.1153846153846153,9.327608289722492e-07,75,1
186,1116,0.0384615384615384,1.0988156783367423e-06,81,1
186,2213,0.0128205128205128,4.371976387732139e-07,68,1
186,4761,0.0384615384615384,3.7446242531129725e-07,59,1
186,4762,0.0256410256410256,1.0772994411856123e-06,94,1
186,4763,0.0668728256667955,2.5846687802904525e-07,61,1
186,5177,0.2179487179487179,1.7373014185258767e-07,47,1
186,5181,0.1242988782051282,6.705819528226652e-07,82,1
186,5199,0.0128205128205128,0.00015632941337638092,220,0
188,616,0.0511811023622047,2.345738649952079e-07,91,1
188,2450,0.055789537935665,7.182735627659898e-07,69,1
188,2452,0.0196850393700787,2.620240665484571e-07,95,1
188,3339,0.0314960629921259,3.847167411434954e-07,97,1
188,3341,0.0590551181102362,2.9906213856656674e-07,98,1
188,4037,0.0118110236220472,4.270588583382435e-07,88,1
188,4782,-0.0425135811511933,2.0130963606627246e-07,82,1
188,4786,-0.140031863721315,4.458465185583915e-07,93,1
188,4798,0.0511811023622047,2.3784461401437727e-07,86,1
188,6352,0.114265142927173,2.9846493874234386e-07,67,1
188,6360,0.0433070866141732,2.3102819000708318e-07,88,1
190,2102,0.22007722007722,1.9843391765917502e-07,62,1
190,2553,-0.1875452461389961,1.2424708027832331e-07,66,1
190,3302,-0.149910315264646,6.339049296489812e-07,54,1
190,3624,-0.1100630467719075,3.601531330586642e-07,55,1
191,4833,0.1653543307086614,1.0134453725168425e-06,65,1
194,4231,0.09765625,4.7469139594273814e-07,92,1
203,1777,0.046692607003891,2.9762468998927323e-07,86,1
203,4500,0.3035019455252918,3.854160857524714e-07,89,1
204,5233,0.0038910505836575,5.044104254863002e-07,55,1
208,524,0.5328185328185329,1.8964585740410088e-07,36,1
208,916,0.0501930501930501,2.291193251541211e-07,37,1
208,2959,0.332046332046332,2.2370918379111722e-07,36,1
208,3698,0.0193050193050193,3.414753557094141e-07,46,1
209,535,0.003875968992248,3.6336189318288657e-07,73,1
209,2999,0.0193798449612403,1.1211638217330347e-06,89,1
209,3704,0.0193798449612403,1.1490462217236943e-06,87,1
209,3710,0.003875968992248,5.521356944474537e-07,65,1
209,5043,0.003875968992248,6.54032730949145e-07,64,1
209,5265,0.0968992248062015,6.040971892191213e-07,67,1
212,5098,0.0158102766798418,7.403776522423491e-07,66,1
213,2154,-0.1706469821971341,4.3357348829649656e-07,24,1
213,5105,0.413265306122449,4.4115214237867676e-07,30,1
213,5112,0.010204081632653,1.1298716520853935e-06,73,1
213,5472,-0.0126728110599078,2.836517524182716e-07,42,1
214,1106,0.0018674136321195,9.972165269832676e-07,92,1
214,2157,0.1579831932773109,1.9817289167353997e-07,96,1
214,5121,0.0042016806722689,6.906697495384824e-07,94,1
214,5123,0.0098805147058823,4.254694341698923e-07,98,1
215,5154,0.0185185185185185,6.527223593320359e-07,30,1
218,659,0.0185185185185185,2.3679881223516558e-07,61,1
218,1123,0.0185185185185185,1.138431926614747e-06,65,1
218,2089,0.1666666666666666,1.040342569895662e-06,68,1
218,3540,0.1111111111111111,8.99984693934983e-07,69,1
218,5195,0.0555555555555555,1.1261285050076128e-06,61,1
219,1799,-0.0579487179487179,2.3360403095858955e-07,90,1
219,3032,-0.081010101010101,2.871440783013522e-07,85,1
219,4761,0.1100598802395209,3.4925193147453496e-07,91,1
219,4763,0.0066666666666666,5.976480955060982e-07,93,1
219,5177,0.0133333333333333,6.158561172710526e-07,79,1
219,5199,0.0066666666666666,0.00028098424983767504,252,0
220,5685,0.0046511627906976,0.0001524406716362662,217,0
159,221,-0.0125523012552301,1.0019793602014058e-06,87,1
221,4432,0.0460251046025104,1.1643197357376208e-06,88,1
222,2263,0.127906976744186,4.287040739905208e-07,25,1
223,569,0.0235294117647058,2.1321471165792106e-05,274,0
223,681,0.0039215686274509,2.4369588132872986e-05,252,0
223,713,0.0039215686274509,1.975566452923097e-05,253,0
223,1226,0.0078431372549019,2.3470472248512526e-05,250,0
223,2219,0.0078431372549019,2.094755491714131e-05,265,0
223,2220,0.0039215686274509,3.648990764030835e-05,270,0
223,3222,0.0039215686274509,0.00011407974426136016,236,0
223,3611,0.0039215686274509,1.971299393944288e-05,239,0
223,5215,0.0039215686274509,3.5831455997474504e-05,248,0
223,5465,0.0156862745098039,3.0381607663247045e-05,258,0
223,5481,0.0117647058823529,2.8166017453518033e-05,244,0
224,5199,0.0833333333333333,3.439570727048159e-05,215,0
225,896,0.0212765957446808,4.4472803224196554e-07,83,1
225,2087,0.0425531914893617,3.241493233647018e-07,93,1
225,4452,0.0106382978723404,1.0260223052964835e-06,80,1
123,226,-0.0118577075098814,0.0004502322701665535,241,0
226,251,0.0039525691699604,0.00016610761338305404,218,0
226,282,0.0316205533596837,0.00010834446601842822,217,0
226,681,0.0079051383399209,2.862359451184177e-05,231,0
226,711,0.0039525691699604,2.942657320928007e-05,234,0
226,713,4.631916996047404e-05,2.155063977778628e-05,232,0
226,736,0.0118577075098814,0.0002465296047552796,229,0
226,1131,0.0039525691699604,3.4235123092793066e-05,217,0
226,1208,0.0118577075098814,0.00011438229632396949,218,0
226,1302,0.0079051383399209,0.00010507230418697831,233,0
226,1304,0.0197628458498023,5.6560980096166796e-05,251,0
226,1563,0.0079051383399209,5.734023638898226e-05,242,0
226,1689,0.0632566680153123,4.721799263818214e-05,244,0
226,1697,0.0079051383399209,0.00029157342626704726,228,0
226,1883,0.0039525691699604,7.870813101451999e-05,221,0
226,1955,0.0039525691699604,6.011396967679875e-05,231,0
226,2285,0.0118577075098814,9.62230648599952e-05,254,0
226,2286,0.0039525691699604,0.00010118548299876037,287,0
226,2458,0.0039525691699604,8.337224625017055e-05,248,0
226,2459,0.0039525691699604,0.00010737152635615954,238,0
226,2569,0.0039525691699604,0.0002626237383185795,289,0
226,2572,0.0039525691699604,0.00011771212066335011,260,0
226,3222,0.0039525691699604,6.112782252839326e-05,215,0
226,3336,0.0039525691699604,0.00048502952344517056,240,0
226,3611,0.0276679841897233,2.9373023316659138e-05,218,0
226,3612,0.0197628458498023,3.482998701219349e-05,231,0
226,3613,0.0079051383399209,0.0001992486179598386,222,0
226,3614,-0.0035834576521431,4.466616861591351e-05,259,0
226,3722,0.0039525691699604,0.00037150180935982037,307,0
226,3802,0.0158102766798418,0.00048669004760347787,218,0
226,3805,0.0079051383399209,0.00029159718592453986,225,0
226,3806,0.0118577075098814,7.21850999922402e-05,234,0
226,3811,0.0079051383399209,0.00016409245684793333,218,0
226,5215,0.0039988883399209,2.4892433605996352e-05,227,0
226,5661,0.067193675889328,5.118294011715918e-05,241,0
226,5663,0.0158102766798418,0.00017855355591363646,236,0
226,5670,0.0079051383399209,9.302731589463455e-05,247,0
226,5671,0.0039525691699604,6.311293648354956e-05,242,0
226,5677,0.0039525691699604,0.0012736434279729454,216,0
226,5686,0.0118577075098814,4.477442038675784e-05,245,0
226,5687,0.0039525691699604,0.00020397997555136004,221,0
226,5688,0.0079051383399209,8.028823043856146e-05,230,0
226,5697,0.0039525691699604,0.00022087030166950079,255,0
228,2126,-0.05859375,3.2017567160765674e-07,81,1
228,2127,0.0390625,4.687878274855717e-07,67,1
228,2577,0.01953125,1.0256066558072142e-06,97,1
228,2967,-0.0196231617647058,8.063589722546513e-07,63,1
228,3761,0.0546875,2.1506343932137433e-07,84,1
228,5003,-0.051568675889328,1.755302691374454e-07,73,1
228,5092,0.06640625,2.3924023027240045e-07,66,1
233,2654,0.03125,5.896773649026121e-07,44,1
233,3718,0.0078125,4.5310834738463374e-07,50,1
233,3879,0.15234375,1.2170972524112302e-06,41,1
233,3880,0.01171875,4.2199760552896894e-07,45,1
233,3914,0.1092651857429719,4.986119351772304e-07,43,1
234,1154,0.0051020408163265,5.937505564590575e-07,61,1
234,1155,0.1530612244897959,9.066133200165189e-07,85,1
234,2106,0.0408163265306122,9.316280615934384e-07,80,1
234,2191,0.010204081632653,9.86779357604432e-07,81,1
234,4848,0.0051020408163265,6.203706468969452e-07,63,1
234,5280,0.0051020408163265,1.0642158249036231e-06,56,1
234,5281,0.0357142857142857,9.340592152058003e-07,61,1
234,5282,0.0408163265306122,4.3691663051046205e-07,85,1
234,6493,0.010204081632653,1.045393503923764e-06,60,1
235,384,0.0526315789473684,1.026403893330619e-06,55,1
236,727,0.00390625,3.56062481793182e-07,85,1
236,1165,0.00390625,9.196503092365088e-08,69,1
236,1794,-4.631916996047404e-05,8.731716273726991e-07,90,1
236,2195,0.0078125,1.4940964991717102e-07,94,1
236,3007,0.00390625,1.4131451981568576e-07,97,1
236,3008,-0.01171875,8.56174676653089e-08,82,1
236,3773,0.03515625,1.2835234886105794e-07,66,1
236,5292,0.0859375,1.6728346586432944e-07,66,1
238,303,0.0891472868217054,3.915855235730972e-07,61,1
238,566,0.0077519379844961,1.313110168136161e-07,37,1
238,1166,0.1162790697674418,1.8161034965915923e-07,44,1
238,1821,0.0077519379844961,2.029372585638445e-07,45,1
238,1835,0.003875968992248,8.761720903476161e-07,57,1
238,2200,0.0697674418604651,2.0795787705544799e-07,47,1
238,3013,0.2635658914728682,1.8819344164843978e-07,31,1
238,3058,0.003875968992248,4.66139646362173e-07,64,1
238,4331,0.0310077519379844,1.3885021381607798e-07,41,1
238,4332,0.2131782945736434,1.6446266512237033e-07,34,1
238,4338,0.0077519379844961,3.7456564817673765e-07,42,1
238,5312,0.1589147286821705,1.286257065676635e-07,41,1
240,431,0.00390625,4.817143292118107e-07,79,1
240,1172,0.01171875,1.1374613362940647e-06,67,1
240,1258,0.015625,1.0053188287637436e-06,77,1
240,1849,0.1015625,7.684341547273142e-07,92,1
240,2252,0.078125,9.238756343796531e-07,97,1
240,2374,0.015625,9.916270582869583e-07,77,1
240,2587,-0.0117953431372549,4.38811597255094e-07,80,1
240,5329,-0.0078125,8.838805958775417e-07,82,1
240,5991,0.01953125,8.02505508204984e-07,77,1
240,6053,0.00390625,6.880845379128276e-07,72,1
243,3510,-0.0833333333333333,2.1714973153909604e-07,24,1
244,1444,0.0058210784313725,6.712431923775048e-07,89,1
244,5335,0.03125,9.12819811089339e-07,96,1
246,1194,0.0078125,4.380798361389419e-07,92,1
247,549,0.009009009009009,3.9619750075806225e-07,95,1
247,2214,-0.0300534909909909,4.542836646377624e-07,82,1
247,2569,0.009009009009009,4.86268900176479e-05,221,0
247,3722,0.027027027027027,4.8308104830801286e-05,239,0
247,5199,0.009009009009009,6.177394795104437e-05,246,0
247,6369,0.018018018018018,2.844119519309412e-05,219,0
251,1093,0.01,7.232417273912268e-05,218,0
251,3795,0.05,4.976921705028405e-05,229,0
251,5104,0.105,1.8740182753970096e-05,225,0
252,2222,0.0575581395348837,2.426369746295377e-07,71,1
252,2276,0.0666666666666666,3.558808021152337e-07,82,1
252,2629,-0.0749293785310734,2.924061877080264e-07,64,1
252,2630,-0.051109715242881,2.2856580149241136e-07,73,1
252,5444,-0.0034313725490196,7.857636720000552e-07,85,1
252,5447,-0.0667124542124542,1.9927861687702795e-07,70,1
252,5450,0.0041666666666666,7.526308039711274e-07,84,1
252,5668,0.0666666666666666,7.010642520515345e-07,91,1
252,5674,0.0166666666666666,1.2241128911515206e-06,89,1
252,5675,0.0041666666666666,1.1080857591079172e-06,81,1
252,5678,0.0333333333333333,3.762395806987639e-07,76,1
254,2223,0.0676691729323308,6.86089249574638e-07,29,1
254,3128,0.112781954887218,3.639214422525577e-07,30,1
256,568,0.0055555555555555,2.9030635029013923e-07,61,1
256,714,0.0055555555555555,1.8410239046173794e-07,43,1
256,1105,0.0055555555555555,7.363138680817521e-07,61,1
256,1217,0.0166666666666666,1.5727466262208146e-07,60,1
256,2224,-0.0438271604938271,8.252071692702089e-08,55,1
256,3128,0.0055555555555555,5.179251034967395e-07,44,1
256,3730,0.0444444444444444,1.3303962151956094e-07,53,1
256,5159,-0.0241830065359477,1.1686352095282258e-07,55,1
256,5163,0.0166666666666666,1.0182629869044726e-07,52,1
256,5164,0.0222222222222222,2.028221113391034e-07,62,1
256,5165,0.0222222222222222,1.1514128148231463e-07,55,1
256,5459,0.0611111111111111,1.0822817823052806e-07,54,1
257,5474,0.1215686274509803,2.119494998299309e-05,237,0
263,1861,0.0230438468992248,1.2287558666294048e-06,79,1
263,5532,0.0387596899224806,6.733737809299879e-07,75,1
264,2857,0.0089285714285714,3.0708215282004576e-05,225,0
268,707,-0.0309169089147286,1.3208606008896317e-07,92,1
268,1083,0.05859375,8.546534405334778e-07,82,1
268,2565,-0.1171875,4.64148120594561e-07,85,1
268,3000,0.03125,9.221326033911387e-07,95,1
268,3706,0.04296875,1.0293194588914836e-06,74,1
268,3708,-0.0170280612244898,5.206915989802026e-07,90,1
268,3929,0.015625,9.64301520625091e-07,82,1
268,5084,0.0234375,8.479504254974817e-07,91,1
268,6004,0.0078125,6.263512756404111e-07,83,1
269,1251,0.2101167315175097,8.621687329872805e-07,92,1
270,558,0.0313725490196078,8.837831166065037e-07,91,1
270,705,0.0431525735294117,5.787155677287868e-07,84,1
270,950,0.0628063725490196,8.071232969771897e-07,71,1
270,2076,0.0235904478522926,2.5411020090294117e-07,88,1
270,2249,-0.1834712009803921,3.252005677706072e-07,80,1
270,3085,0.0705882352941176,3.290873388434746e-07,96,1
270,3701,0.0392156862745098,9.062256431936035e-07,70,1
270,3702,-0.050461585412375,3.734826578352902e-07,69,1
270,4648,0.0784313725490196,1.5341904210236433e-07,94,1
272,1266,-0.0739408349802371,5.600438280743654e-07,52,1
272,3098,-0.0465970849802371,4.6062405734843627e-07,54,1
272,5398,0.0158102766798418,7.132191049798058e-07,49,1
272,5569,-0.0151974752581426,1.0416620948601504e-06,52,1
272,5573,0.2062747035573122,4.167490352036973e-07,39,1
272,5610,0.0165484997154765,2.399841261240854e-07,47,1
274,1195,0.17578125,6.377087074140061e-07,52,1
274,2254,-0.1171875,3.5542996757292397e-07,55,1
274,4069,-0.03515625,1.866742862643105e-07,49,1
274,5394,0.05859375,2.6013067824819247e-07,55,1
274,5574,-0.0736259727626459,1.2878863400344411e-07,44,1
274,5597,0.003829656862745,1.770385124480481e-07,48,1
274,5603,-0.2489816391050583,2.017370979619479e-07,53,1
275,1270,0.8846153846153846,6.289933635944525e-07,37,1
275,4915,0.1153846153846153,2.5735013760751107e-07,32,1
277,1274,0.1411147136019762,1.5331448137091294e-07,23,1
277,3107,-0.078109681372549,1.0151582459494983e-07,25,1
277,3283,0.0039215686274509,4.891780527691771e-07,21,1
277,4136,0.1761491481838637,1.5703852755595062e-07,27,1
277,4815,0.4627450980392157,1.3003538167261326e-07,28,1
277,4820,-0.0628830426643018,2.0239223282825812e-07,29,1
278,1276,0.0339805825242718,2.78078331896869e-07,52,1
278,2004,0.108692354368932,1.7245249517354004e-07,50,1
278,2005,0.0097087378640776,5.104361804419254e-07,48,1
278,3973,-0.0917365401588702,7.480736305315081e-08,42,1
278,4138,-0.045193222920236,9.981099454647658e-08,48,1
278,4140,0.058252427184466,1.0809081183965783e-07,46,1
278,4141,0.116504854368932,3.929295591997593e-07,52,1
278,4559,0.203883495145631,8.10928523621158e-07,32,1
278,4560,0.0825242718446602,2.2670278010469966e-07,35,1
278,5623,0.0048543689320388,7.481051535956187e-07,48,1
278,5630,0.0048543689320388,9.887256923530043e-08,46,1
278,5632,0.2135922330097087,9.526715924613094e-07,29,1
278,5637,0.0679611650485436,1.180142344901077e-07,50,1
279,1865,0.0196078431372549,7.96113001391365e-07,96,1
280,3769,0.0234375,1.1062993323947125e-06,96,1
280,5419,0.01953125,1.1023550348151785e-06,82,1
57,281,-0.0196078431372549,6.45614820479384e-07,71,1
153,281,-0.0098039215686274,1.1058743523125253e-06,86,1
281,780,0.0098039215686274,4.1898823059746375e-07,59,1
281,1291,0.0098039215686274,2.5434381541609224e-07,87,1
281,1371,0.0196078431372549,0.00019292168854885653,221,0
281,1989,0.0098039215686274,2.0325084580516167e-07,81,1
281,2197,0.0098039215686274,5.652825748279059e-07,87,1
281,2273,0.0098039215686274,2.2128152077132153e-07,91,1
281,2277,0.0098039215686274,2.3036425644078132e-07,82,1
281,2283,0.0196078431372549,3.7862064347829234e-07,95,1
281,3012,0.0294117647058823,8.014383270833384e-07,70,1
281,3179,0.0294117647058823,3.759221468749028e-07,71,1
281,3993,0.0392156862745098,4.800078354681333e-07,73,1
281,3994,0.0294117647058823,5.065112704819562e-07,58,1
281,3995,0.0196078431372549,3.3420355255598034e-07,63,1
281,3999,0.0196078431372549,1.0869290028255762e-06,92,1
281,5296,0.0392156862745098,4.3272346233048154e-07,88,1
281,5299,0.0098039215686274,2.1268718975439986e-07,94,1
281,5471,0.0294117647058823,2.9917647173596217e-07,85,1
281,5478,0.0294117647058823,2.1541065968523298e-07,71,1
153,285,-0.0040160642570281,6.325656804302977e-07,95,1
285,867,0.0040160642570281,8.17773465875326e-07,92,1
285,1225,0.0401606425702811,3.6373397798584493e-07,95,1
285,1371,0.0080321285140562,9.752461611560151e-05,230,0
285,1989,0.0120481927710843,3.2248483148110806e-07,90,1
285,2197,0.0080321285140562,5.050127389084472e-07,96,1
285,2277,0.0281124497991967,3.102159749177786e-07,91,1
285,3993,0.0040160642570281,5.190003949192591e-07,82,1
285,3995,0.0040160642570281,6.997188513976536e-07,72,1
285,4000,0.0040160642570281,8.319289184190977e-07,96,1
285,4345,0.0120481927710843,2.502628786553539e-07,91,1
285,5422,0.072289156626506,1.015406359393558e-06,96,1
285,5471,0.0040160642570281,4.4607958388511656e-07,94,1
286,1199,-0.0438810006761325,7.883359931132517e-07,77,1
286,1206,0.0723981900452488,8.314120036311653e-07,76,1
286,1801,0.0941942401960784,5.394241217073606e-07,97,1
286,3610,0.0280446123403489,1.1363527057483308e-06,69,1
286,5408,-0.0630075652308167,3.2251160101235004e-07,81,1
286,5413,0.0672594619243046,4.897264359837933e-07,68,1
286,5425,0.0032976827094474,6.86310996935867e-07,83,1
288,5729,0.0155642023346303,2.398749896012551e-07,98,1
288,5797,0.0038910505836575,5.807978049878362e-07,76,1
289,5416,0.0039215686274509,1.9011771940434586e-07,95,1
289,5418,0.0039215686274509,1.7700567070648393e-07,90,1
288,290,-0.1345291479820627,7.292018565435114e-07,85,1
290,2302,0.0044843049327354,9.87408794937087e-07,65,1
290,4374,0.0089686098654708,1.0010628382157036e-06,58,1
290,4375,0.0538116591928251,6.592726209882626e-07,78,1
290,4380,0.0179372197309417,6.306214344117845e-07,95,1
290,5707,0.0762331838565022,7.635371203176588e-07,82,1
290,5729,0.0224215246636771,7.423502668354682e-07,77,1
290,5731,0.0179372197309417,8.642890632976766e-07,58,1
292,809,0.00390625,2.211813718253034e-05,250,0
292,2694,0.00390625,2.5012373150365845e-05,234,0
292,3859,0.0078125,1.912049097450505e-05,265,0
292,4109,0.00390625,2.0373573149870015e-05,248,0
292,4110,0.00390625,2.0721735703487274e-05,235,0
292,5757,0.01171875,2.626567760631625e-05,252,0
293,1724,0.0194552529182879,0.00010882361771300847,220,0
293,2739,0.0038910505836575,2.9931079990188215e-05,232,0
293,2749,0.0038910505836575,2.2508576809924584e-05,244,0
293,2752,0.0038910505836575,1.961175472144594e-05,251,0
293,3631,0.0077821011673151,0.00013540315346612358,247,0
294,1327,0.0156862745098039,2.0195831232639997e-05,322,0
294,1501,0.0039215686274509,2.4135922939862717e-05,329,0
294,1620,0.0196078431372549,2.8240417539684086e-05,331,0
294,1973,0.0078431372549019,1.8409049999733174e-05,319,0
294,2424,0.0078431372549019,0.00011435484551988471,292,0
294,3873,0.0039215686274509,5.646440206737556e-05,326,0
294,5755,0.0117647058823529,2.1189907630919444e-05,334,0
294,5757,0.0117647058823529,3.115146334907649e-05,310,0
295,2404,-0.0234063969472529,2.067780736634752e-05,221,0
297,2696,0.0077821011673151,4.357746303021629e-05,236,0
297,3628,0.0077821011673151,4.1866050950483445e-05,225,0
297,4110,0.0077821011673151,6.976254955487315e-05,225,0
298,926,0.0116731517509727,2.8938150523654762e-05,233,0
298,972,0.0155642023346303,2.766656021485305e-05,217,0
298,4606,0.0077821011673151,3.047355775889789e-05,222,0
299,462,-0.004208512673362,3.2769392668041367e-07,77,1
299,776,0.0596583187730537,7.720396626334343e-07,87,1
299,2307,0.0352941176470588,1.3283727215522085e-07,67,1
299,2722,-0.0286487008596542,2.9659672521733163e-07,84,1
299,2724,0.1215686274509803,5.580704667813111e-07,60,1
299,3976,0.070051034112275,2.1768691666405572e-07,92,1
299,3977,0.1490196078431372,1.7529770684336162e-07,86,1
299,3978,0.0039215686274509,7.963879382869939e-07,89,1
299,5722,0.0352941176470588,2.9428671195738933e-07,70,1
300,2499,0.01171875,0.00010432171311564067,257,0
300,6237,0.00390625,4.9281994726892305e-05,238,0
301,926,0.0078431372549019,5.285212438533961e-05,224,0
303,3058,0.9285714285714286,1.077931518649886e-07,93,1
308,3962,0.0546875,1.1085809417121881e-06,96,1
309,1143,0.1089494163424124,7.553123604171216e-07,57,1
309,3927,0.0350194552529182,3.5394778984853446e-07,64,1
311,775,-0.0389105058365758,1.167354851581125e-06,43,1
311,1391,0.0077821011673151,6.687389880704082e-07,42,1
311,5925,0.2217898832684824,1.0186239518291068e-06,42,1
315,5578,0.01171875,7.918091926682938e-07,69,1
319,467,0.0039215686274509,5.386514565955354e-07,96,1
319,805,0.2,5.656395158633844e-07,74,1
319,2920,0.0588235294117647,1.6300498440968923e-07,98,1
319,3208,0.0470894607843137,4.4364805686995564e-07,97,1
319,3211,0.0118103055175558,2.330434428721237e-07,93,1
319,5531,0.2862745098039215,5.053990434493546e-07,75,1
263,320,-0.0078431372549019,8.861440253918553e-07,85,1
320,5536,0.0078431372549019,1.2079226668894608e-06,91,1
323,1410,0.0705882352941176,7.695798018652282e-07,69,1
323,5990,0.0509803921568627,3.883454741765543e-07,58,1
330,1930,-0.0668068019511143,1.624799592718229e-07,85,1
330,2541,-0.039042498719918,4.7662178845919924e-07,87,1
330,2544,-0.0135188652073732,3.196495219712947e-07,87,1
330,3230,0.086123233741264,4.878296352275678e-07,82,1
330,5339,0.032258064516129,1.193190742855283e-06,68,1
333,6069,0.5450980392156862,5.467303627419326e-07,18,1
336,833,0.0784313725490196,8.474205213158176e-07,77,1
336,1709,0.1411764705882353,1.184919194682537e-06,65,1
336,1852,0.0196078431372549,9.517383484293408e-07,74,1
344,504,0.0078431372549019,5.9540173210292296e-05,252,0
344,2876,0.0156862745098039,2.1102938119317552e-05,255,0
344,2878,0.0431372549019607,2.6307943409220587e-05,264,0
344,4566,0.0156862745098039,2.3459233816508866e-05,249,0
344,4569,0.0078431372549019,2.6290910985088767e-05,235,0
344,4604,0.0039215686274509,1.9091789184574224e-05,268,0
344,4608,0.0117647058823529,1.8832700349835022e-05,257,0
344,4609,0.0078431372549019,2.2460089265631835e-05,250,0
344,4613,0.0039215686274509,2.6614200127912356e-05,254,0
344,4718,0.0078431372549019,3.3468816643827186e-05,225,0
344,5803,0.0431372549019607,2.2493738205258524e-05,264,0
346,442,0.0313725490196078,5.100411122356943e-05,215,0
346,3764,0.0156862745098039,9.28726707605596e-05,215,0
346,5302,0.1254901960784313,0.0001762957113811504,264,0
346,5420,0.0039215686274509,2.2490853797022983e-05,218,0
346,5712,0.0039215686274509,2.5025239988597034e-05,215,0
346,5798,0.0039215686274509,4.842816086971618e-05,216,0
347,972,0.0038910505836575,1.9639137353270528e-05,277,0
347,1369,0.0038910505836575,0.0002647543398654364,247,0
347,2065,0.0116731517509727,0.0002595362120376857,259,0
347,4122,0.0038910505836575,2.251314876799613e-05,290,0
347,4606,0.0038910505836575,2.1164708503323955e-05,282,0
347,5880,0.0038910505836575,0.0003036511738786824,269,0
348,375,0.00390625,2.1737571354033914e-05,230,0
348,443,0.00390625,2.855488934589903e-05,266,0
348,471,0.00390625,4.57173932893838e-05,246,0
348,3626,0.00390625,5.256529577478306e-05,240,0
348,4110,0.015625,2.1911006709649594e-05,243,0
348,4111,0.0078125,2.8011080505012402e-05,243,0
349,375,0.0078431372549019,3.4727652676810006e-05,245,0
349,2696,0.0274509803921568,2.218314643437953e-05,269,0
349,3628,0.0117647058823529,2.305500447544133e-05,258,0
349,4109,0.0117647058823529,3.230205242538236e-05,271,0
349,4110,0.0274509803921568,3.541184454571138e-05,258,0
350,1490,0.0697674418604651,7.387780717340223e-07,63,1
350,2765,-0.1143563449917597,3.7171113906406686e-07,64,1
350,5619,-0.2109677810077519,7.377183570756505e-07,62,1
350,6178,0.0734775133472084,2.473656461141668e-07,65,1
352,2739,0.0156862745098039,2.8912558503165906e-05,252,0
353,1597,-0.1634241245136186,6.431009307410142e-07,84,1
353,1732,0.0350194552529182,8.419007570628923e-07,93,1
353,4845,0.0038910505836575,7.916858691072893e-07,82,1
353,6452,0.0194552529182879,7.029190946317108e-07,92,1
353,6459,-0.0845419172267421,4.7270808951050576e-07,76,1
354,4814,0.0169491525423728,1.1801075852293948e-06,32,1
355,816,0.1021897810218978,1.444079997332452e-07,49,1
355,1276,0.1386861313868613,1.481549163955238e-07,52,1
355,2004,0.0437956204379562,1.6453962098661528e-07,50,1
355,2262,0.0072992700729927,2.8762358792290536e-07,39,1
355,2421,0.0656934306569343,1.6673927161516334e-07,41,1
355,4138,0.0072992700729927,2.498521318334265e-07,48,1
355,4139,0.1678832116788321,2.6893949140710275e-07,50,1
355,4141,0.0291970802919708,1.7650920040239652e-07,52,1
355,5623,0.0066934018060644,1.618888763302047e-07,48,1
355,5626,0.0510948905109489,1.917185821218711e-07,42,1
355,5635,0.0145985401459854,2.1261495135693863e-07,47,1
355,5881,0.2481751824817518,1.4658941636458812e-07,47,1
111,357,-0.00390625,2.0918720227975596e-05,269,0
357,2456,0.0078125,1.885869172794595e-05,248,0
357,3643,0.01171875,1.9606448989815465e-05,274,0
357,3873,0.00390625,5.3755887016573103e-05,290,0
358,579,0.0156553960166743,9.762037308070503e-07,91,1
358,792,0.0515254750548868,5.718865721607947e-07,80,1
358,1357,0.0117647058823529,8.897662534735094e-07,82,1
358,1367,0.0470588235294117,4.92913408211892e-07,80,1
358,2427,0.0941636029411764,8.149709448852718e-07,94,1
358,2444,0.0117647058823529,9.797398192686348e-07,92,1
358,2886,-0.0121987134774858,4.5562948958225586e-07,73,1
358,3175,-0.0076607387140902,1.09861798363255e-06,76,1
358,4043,0.0275122549019607,5.53041630714562e-07,88,1
358,4045,0.0746323529411764,6.343968047613318e-07,78,1
358,5848,0.0431372549019607,9.701719040089347e-07,98,1
358,5851,-0.0154116121156633,8.669738050506397e-07,90,1
358,6249,-0.0156862745098039,9.418549152506921e-07,98,1
358,6517,-0.0233149509803921,3.296710389238256e-07,63,1
359,2639,0.0038910505836575,1.86606481188513e-05,261,0
359,3860,0.0038910505836575,4.6103625557920455e-05,246,0
359,5755,0.0038910505836575,2.2493645099522974e-05,262,0
360,4133,0.0156862745098039,8.203179400609361e-05,313,0
361,1899,0.02734375,1.1407647704376607e-06,55,1
361,2704,0.1643816877431906,9.669437344470833e-07,52,1
361,3278,0.03515625,2.75789927471361e-07,47,1
361,6179,0.01171875,3.206377160180489e-07,58,1
362,1585,0.03125,3.8570896845778837e-07,70,1
362,2121,0.046875,3.784239731563575e-07,86,1
362,4968,0.05078125,6.627104459632267e-07,79,1
362,4969,0.0234375,2.87147816039789e-07,89,1
362,6261,0.01171875,2.7427068673908424e-07,72,1
362,6267,0.02734375,5.447664324691067e-07,75,1
363,1524,0.03515625,2.007909054292153e-07,50,1
363,1595,-0.09721546692607,6.16515652746603e-07,52,1
363,3369,0.0274794884169884,6.886960866599171e-07,57,1
363,6192,0.03125,1.09405521318235e-06,70,1
363,6199,0.03125,6.530571004155213e-07,42,1
363,6437,0.3359375,1.214188197969134e-06,43,1
363,6458,0.0197122345559845,1.0092117911936095e-07,45,1
364,2761,0.0517292219554319,1.2329620017718677e-06,76,1
366,1051,0.0555555555555555,9.592433963018941e-07,75,1
366,2934,0.0912698412698412,2.6261002269865143e-07,55,1
366,3100,0.0674603174603174,7.081433867628146e-07,67,1
366,3102,0.0515873015873015,2.929751692664872e-07,59,1
366,4150,0.0198412698412698,9.55638055407544e-07,85,1
366,4152,0.1587301587301587,8.946679816147386e-07,90,1
366,4975,0.0119047619047619,1.285901999147466e-07,53,1
366,6301,0.0119047619047619,9.056756543325116e-07,64,1
367,1290,0.0077821011673151,0.00018908965026784053,256,0
367,3164,0.0116731517509727,2.5292563773075534e-05,223,0
369,2097,0.03125,1.1705570539118683e-07,9,1
371,3633,-0.1145016797312429,6.004671493522216e-07,79,1
371,6462,-0.0589244851258581,5.857118191360466e-07,74,1
374,997,0.0793010752688172,1.9199210777009764e-07,83,1
374,2096,4.705439488048198e-05,1.2292574704074256e-07,86,1
374,4793,0.115079365079365,3.8987389329652953e-07,81,1
375,1608,0.0039215686274509,2.0535509533611442e-05,255,0
375,1896,0.0823529411764705,3.799076288887971e-05,222,0
375,2095,0.0156862745098039,2.0521344149523528e-05,232,0
375,4777,0.0039215686274509,2.8070170330141224e-05,261,0
375,4790,0.0274509803921568,3.455106887000244e-05,233,0
375,4836,0.0980392156862745,0.00017518284677050635,227,0
375,6339,0.0901960784313725,2.6238596069301195e-05,215,0
375,6464,0.0588235294117647,0.00018746894403443284,216,0
375,6484,0.0039215686274509,2.369418423557713e-05,234,0
375,6595,0.0078431372549019,2.6004402628585644e-05,264,0
376,6051,0.0233463035019455,1.9670477152847177e-07,93,1
123,377,-0.0039370078740157,3.8081600725173175e-05,235,0
377,736,0.0078740157480314,2.7866086503392686e-05,223,0
377,1093,0.0078740157480314,7.998661311132304e-05,218,0
377,3112,0.0039370078740157,2.092269140181567e-05,215,0
377,3123,0.0039370078740157,7.238544053933951e-05,216,0
377,3333,0.0157480314960629,6.92757033220098e-05,219,0
377,3336,0.0039370078740157,2.513675737441214e-05,234,0
377,3795,0.0078740157480314,3.76353036306624e-05,229,0
377,3820,0.0039370078740157,2.7462714771871715e-05,219,0
377,5440,0.0039370078740157,2.9585630702846095e-05,238,0
377,5681,0.0078740157480314,3.684317041475615e-05,216,0
379,967,0.2156862745098039,1.037233970138378e-06,22,1
383,2397,0.4749034749034749,7.150520687054538e-07,25,1
384,2436,0.1066067913385826,1.8074888187820428e-07,67,1
384,4168,0.0236220472440944,4.956086645480599e-07,65,1
384,4170,-0.026728592519685,8.22143040836052e-07,53,1
384,6262,-0.0428764763779527,8.757488348248908e-07,67,1
385,6190,0.0384615384615384,9.414609169896612e-07,87,1
386,473,0.01171875,1.0501620605028874e-06,74,1
386,2757,0.02734375,3.205272650392373e-07,66,1
386,4165,0.375,2.095325306275349e-07,58,1
386,4890,0.03125,2.534814444984117e-07,72,1
388,4972,0.0561076604554865,1.0964778910254234e-06,77,1
388,4979,0.0158730158730158,8.440997236376511e-07,54,1
388,6173,0.0952380952380952,1.1511700388247052e-06,66,1
388,6185,0.1297446514837819,4.1838007972355697e-07,65,1
388,6278,0.1904761904761904,3.4951052304741865e-07,52,1
388,6300,0.0793650793650793,7.157237467645793e-07,70,1
390,689,0.2343981070689145,6.004737928873078e-07,39,1
390,6222,-0.1973373778227165,2.203767037204897e-07,39,1
393,2112,0.0431372549019607,1.969524710261187e-07,50,1
393,4909,0.0156862745098039,5.144727271182051e-07,44,1
22,394,-0.0078125,0.00013981631768716977,249,0
62,394,-0.00390625,2.6848061869492217e-05,224,0
391,394,-0.00390625,0.0004152128278180706,237,0
394,777,0.015625,2.8989308370914348e-05,258,0
394,1338,0.0078125,0.0004032994513166101,288,0
394,1352,0.03125,1.852847979503576e-05,259,0
394,1540,0.00390625,3.367546817862148e-05,287,0
394,1896,0.00390625,0.00020253664296053002,248,0
394,2404,0.00390625,0.0001998221847660891,286,0
394,3169,0.00390625,0.000169845866583913,268,0
394,3974,0.00390625,4.750249935834715e-05,288,0
394,3982,0.0234375,3.757951005199126e-05,223,0
394,3984,0.01953125,9.669308243154972e-05,234,0
394,4026,0.00390625,4.9533193323250334e-05,301,0
394,4027,0.0078125,4.142255080877795e-05,265,0
394,4033,0.015625,2.786856006764967e-05,237,0
394,4034,0.00390625,2.292864450438146e-05,287,0
394,4836,0.0078125,0.0009988936153901057,253,0
394,5708,0.0078125,0.00029261438748796973,274,0
394,5718,0.0078125,0.0001175151837006431,247,0
394,5720,0.0234375,9.790045070203935e-05,219,0
394,5723,0.0546875,3.435971884537308e-05,247,0
394,5788,0.01171875,0.00011255868033531695,255,0
394,5790,0.00390625,9.845997147030631e-05,228,0
394,5792,0.01953125,0.0002142849559470627,270,0
394,5795,0.01171875,7.551757278655453e-05,241,0
394,5832,0.05859375,3.864386092263974e-05,262,0
394,5834,0.01171875,4.80761127020278e-05,284,0
394,5837,0.01171875,2.1504814977695206e-05,251,0
394,5864,0.02734375,9.491296091105539e-05,280,0
394,5866,0.015625,0.00018175886852924927,255,0
394,6339,0.00390625,5.809934288961025e-05,241,0
394,6341,0.00390625,7.217769787108211e-05,225,0
394,6464,0.0078125,0.0010032658897665952,242,0
395,1011,0.0117647058823529,7.71160796345149e-07,58,1
395,1611,0.2980392156862745,5.390110809157885e-07,63,1
395,1917,0.0196691176470588,1.35447651401655e-07,65,1
395,4847,-0.1058823529411764,2.1905433822569363e-07,75,1
395,4849,-0.0427542892156862,2.3044701675939532e-07,70,1
395,5283,0.0509803921568627,5.496793874978356e-07,68,1
395,6496,-0.0819546568627451,5.072986519695176e-07,87,1
397,1017,0.1354581673306772,1.0073516753303503e-06,76,1
397,1606,0.0199203187250996,9.082632359614276e-07,79,1
397,4841,0.0039840637450199,1.0790761043814379e-06,60,1
397,4871,0.0119521912350597,7.807337612693361e-07,60,1
397,4873,0.0827713536099504,5.571397560070391e-07,54,1
397,4904,0.0119521912350597,7.690713277382674e-07,56,1
397,5243,0.0597609561752988,2.980408098829227e-07,58,1
397,6480,0.0876494023904382,1.197992480703802e-06,91,1
397,6481,-0.0558449960840399,6.074324152354689e-07,51,1
398,2559,0.03515625,9.65576298677479e-07,90,1
398,2560,0.02734375,7.377534651609405e-07,85,1
398,3669,0.15625,3.5492410240598025e-07,66,1
398,5279,0.0776943897637795,6.542502614560166e-07,69,1
399,1607,0.0038610038610038,2.2124735556504147e-05,273,0
399,1608,0.0115830115830115,4.672552236043748e-05,275,0
399,2791,0.0308880308880308,5.9104200627617305e-05,233,0
399,3375,0.0077220077220077,3.847034957378422e-05,230,0
399,3635,0.0038610038610038,3.180682826072155e-05,251,0
399,4836,0.0424710424710424,7.314422792175637e-05,247,0
399,6335,0.0231660231660231,2.909590272823298e-05,288,0
399,6339,0.0463320463320463,3.715826823031737e-05,235,0
399,6342,0.0038610038610038,2.0262118261756982e-05,241,0
399,6464,0.027027027027027,9.84058805737135e-05,236,0
399,6483,0.027027027027027,2.613602253505044e-05,266,0
399,6595,0.0115830115830115,5.791496541235299e-05,284,0
400,1593,0.0156862745098039,4.5156984985725165e-07,89,1
400,1596,-0.0495460440985732,4.5041853484664787e-07,70,1
400,1597,0.0823529411764705,1.0294427282997351e-06,79,1
400,2417,0.1372549019607843,1.1943038309043702e-06,69,1
400,2418,0.0705882352941176,4.772339664010643e-07,82,1
400,6214,0.0039215686274509,3.213729180832762e-07,90,1
400,6224,0.0666666666666666,5.905426637414147e-07,89,1
400,6228,0.0117647058823529,1.1742323735767118e-06,77,1
400,6229,-0.0652074783401732,1.357464304660216e-07,79,1
400,6452,0.0313725490196078,7.066293703683278e-07,87,1
400,6512,0.0079041733424887,1.592913466874981e-07,83,1
401,1608,0.0039370078740157,0.00014926105795185288,293,0
401,1922,0.0039370078740157,2.8634204090351167e-05,279,0
401,1944,0.0078740157480314,2.993480175428018e-05,260,0
401,2487,0.0118110236220472,3.1929364952980785e-05,244,0
401,2739,0.0039370078740157,3.510465994171028e-05,287,0
401,2745,0.0118110236220472,5.4261891263832554e-05,295,0
401,3644,0.0039370078740157,5.233075194360713e-05,236,0
401,6335,0.0118110236220472,0.00011354601651590689,306,0
401,6342,0.0039370078740157,5.837751588363128e-05,259,0
401,6483,0.0118110236220472,0.00013186912081221937,284,0
401,6485,0.0078740157480314,4.7258004612608046e-05,280,0
403,6526,0.1322957198443579,1.1975519645935605e-06,41,1
409,3202,0.015625,5.829520702646804e-07,29,1
410,3448,0.4609375,1.210527290314021e-06,22,1
415,5222,0.0078431372549019,9.673132722143534e-07,97,1
416,6403,0.0078125,3.104854209353477e-07,70,1
422,1371,0.0513833992094861,0.00022595087092354508,260,0
425,2360,0.1191709844559585,1.0986803061569316e-06,40,1
425,6006,-0.3068622251234139,4.0193749381047333e-07,39,1
426,1792,0.1219512195121951,3.9917784322506006e-07,64,1
426,3716,0.0878048780487804,1.139774028197045e-06,67,1
426,3932,0.0097560975609756,1.0128746817265578e-06,78,1
426,5094,-0.0128002934164679,4.2082003053818984e-07,63,1
426,5095,0.0046341463414634,6.694777858410556e-07,65,1
426,5096,0.024390243902439,1.0794974772398156e-06,71,1
431,1173,-0.0310526473317171,1.0572930147126964e-06,83,1
431,1849,0.0386100386100386,1.0873567091947318e-06,91,1
431,2252,0.1081081081081081,1.0397682628050905e-06,96,1
431,2587,0.0190627602392308,3.0157080410959153e-07,79,1
431,3026,-0.0508717422779922,6.28370412151819e-07,94,1
431,5329,-0.0235732384169884,7.853929110440895e-07,81,1
431,5991,-0.0039514961389961,4.997593009956048e-07,76,1
434,2353,0.1782945736434108,3.385988983378169e-07,46,1
434,5271,0.0077519379844961,3.080504036416077e-07,51,1
435,2607,0.3182118476106584,6.638307178292825e-08,41,1
435,3070,0.0434572670207629,1.1307408379395495e-06,41,1
435,3073,0.0550539528738163,1.7597540507142383e-07,38,1
438,2616,0.0072992700729927,2.673415433710469e-07,83,1
439,1878,0.0259740259740259,4.847924833967076e-07,73,1
439,2436,0.0129870129870129,7.642828464825194e-07,70,1
439,2621,0.0129870129870129,4.717104179070438e-07,80,1
439,2731,0.1038961038961039,3.8114168497143493e-07,92,1
439,3677,0.0129870129870129,5.808162646227899e-07,97,1
439,4084,0.0129870129870129,1.6902239789752244e-07,76,1
439,6265,0.0389610389610389,6.74985269317902e-07,70,1
125,440,-0.0705882352941176,1.1501236831149646e-07,82,1
440,745,0.0078431372549019,5.718497768348846e-07,70,1
440,985,0.0392156862745098,9.720366608820446e-07,61,1
440,1925,0.0705882352941176,2.3442269774628904e-07,81,1
440,2624,-0.0277124183006535,1.8773734831729584e-07,85,1
440,2625,-0.1166704814221408,7.528799433771533e-07,90,1
440,2627,0.0118106617647058,1.3246765171066088e-07,80,1
440,3476,0.0117647058823529,2.6152351363658127e-07,81,1
440,3481,0.0509803921568627,2.2430305648440346e-07,81,1
440,3542,0.0117647058823529,1.0286063892056407e-06,67,1
440,3841,0.0039215686274509,5.391770029810143e-07,71,1
440,3844,0.0549325980392156,1.2090773840865503e-07,86,1
440,3853,0.0117647058823529,4.439674109224051e-07,77,1
441,1698,-0.1329423264907135,4.963695822874414e-07,26,1
402,443,-0.00390625,1.848859562946776e-05,243,0
443,1328,0.00390625,6.217126297442312e-05,265,0
443,1498,0.00390625,1.858641999877233e-05,234,0
443,2745,0.01171875,0.00023390310562737023,293,0
443,3387,0.0078125,2.0843976856066418e-05,257,0
443,5764,0.00390625,7.105048158489606e-05,255,0
443,6233,0.00390625,4.315689449361497e-05,246,0
443,6447,0.00390625,6.199951818723057e-05,216,0
443,6521,0.00390625,2.2786909052857107e-05,255,0
444,4579,0.0078125,0.00010222034449448918,268,0
445,785,0.0933852140077821,4.004881575329645e-07,44,1
445,2313,0.0194552529182879,2.643816258332464e-07,46,1
445,2645,-0.0826276035706111,2.7937928276502856e-07,53,1
445,3154,0.2918287937743191,1.0097149305048803e-06,43,1
445,3287,0.0116731517509727,1.182637637531556e-06,66,1
445,4014,0.2529030885214007,5.96415984820343e-07,56,1
445,5865,0.0155642023346303,2.4818243420189505e-07,46,1
446,2725,0.04296875,1.0300476937045173e-06,98,1
446,3183,0.21484375,1.0214229267251434e-06,93,1
447,6003,0.16015625,4.0248402833433686e-07,36,1
448,2655,0.0235294117647058,2.822600896995268e-07,45,1
452,569,0.0196078431372549,6.631940941136702e-05,230,0
452,2219,0.0078431372549019,0.0001821150311577057,221,0
452,2220,0.0117647058823529,0.00016065647288121,226,0
452,2286,0.0039215686274509,2.325522420875547e-05,264,0
452,2458,0.0039215686274509,1.9384328365409356e-05,225,0
452,3131,0.0078431372549019,4.3244401933689566e-05,217,0
452,5199,0.0117647058823529,2.58157799807432e-05,291,0
452,5429,0.0078431372549019,2.2208624830775527e-05,215,0
452,5435,0.0039215686274509,3.985762439595374e-05,220,0
452,5436,0.0078431372549019,3.088416899323247e-05,215,0
452,5670,0.0039215686274509,2.381871485227055e-05,224,0
452,5686,0.0039215686274509,3.5801289229740044e-05,222,0
452,5689,0.0039215686274509,2.063340796382316e-05,233,0
391,457,-0.0154440154440154,6.459121070288025e-05,244,0
457,1549,0.0038610038610038,2.8025554822221284e-05,228,0
457,1607,0.0154440154440154,1.9751378441604837e-05,286,0
457,1608,0.0077220077220077,3.602196023789372e-05,288,0
457,1896,0.0308880308880308,3.526079668978923e-05,255,0
457,2791,0.0077220077220077,0.0001349272720301653,246,0
457,3375,0.0115830115830115,5.3972903604133694e-05,243,0
457,6335,0.0231660231660231,2.3113057830636344e-05,301,0
457,6339,0.0154440154440154,3.654567066339618e-05,248,0
457,6483,0.0193050193050193,2.1490660933544455e-05,279,0
457,6484,0.0115830115830115,4.1377816704089116e-05,267,0
457,6595,0.0077220077220077,4.6798962471065176e-05,297,0
459,2765,0.0118577075098814,9.81344181547166e-07,86,1
459,6174,0.0513833992094861,9.928325171046108e-07,98,1
459,6175,0.0158102766798418,1.0848407555323531e-06,94,1
459,6177,0.0039525691699604,7.688947149241791e-07,95,1
459,6178,0.0632411067193675,6.204856237926501e-07,87,1
460,2706,0.1451386451386451,4.916137830767309e-07,18,1
460,4986,-0.0295815295815295,9.816560865261788e-07,16,1
461,6051,0.0192307692307692,1.2099089798207217e-06,91,1
462,2307,0.08130081300813,2.67602197381741e-07,66,1
462,2715,0.008130081300813,6.053737130596312e-07,48,1
462,2722,-0.029516600584725,7.558141188345853e-07,83,1
462,2724,0.056910569105691,9.511067260923675e-07,59,1
462,3976,0.0152578238111148,6.214870116534456e-07,91,1
462,3977,0.024390243902439,7.513232481033179e-07,85,1
464,2723,0.5273865414710486,1.0169938063162374e-07,8,1
466,6265,0.0095238095238095,1.1015120939063353e-06,91,1
467,2734,0.0078431372549019,1.253245169616633e-07,92,1
467,3822,0.0039215686274509,8.747943207277588e-07,96,1
467,4100,0.0392156862745098,1.0769132858459642e-06,87,1
82,468,-0.00390625,2.3177356746159887e-05,245,0
391,468,-0.0390625,2.2322829073817636e-05,224,0
394,468,-0.01953125,3.860681829546775e-05,253,0
468,2791,0.05859375,4.2546328835027515e-05,226,0
468,2898,0.00390625,3.4821346220148556e-05,262,0
468,3344,0.00390625,4.976461116404487e-05,249,0
468,3375,0.1015625,2.4865329606162117e-05,223,0
468,4031,0.00390625,8.339994413097759e-05,250,0
468,4836,0.05859375,5.150123160140509e-05,240,0
468,5875,0.00390625,3.652702673721167e-05,260,0
468,6339,0.0390625,1.945493680630486e-05,228,0
468,6464,0.06640625,6.311901950214097e-05,229,0
468,6465,0.03515625,4.3031487220530355e-05,217,0
82,469,-0.00390625,3.5966491661719524e-05,235,0
394,469,-0.0078125,5.427035435996122e-05,243,0
469,2791,0.0078125,2.530898169309155e-05,216,0
469,2887,0.00390625,6.211039976663923e-05,232,0
469,2898,0.00390625,4.761421006166027e-05,252,0
469,4031,0.00390625,0.00017237198086841854,240,0
469,4790,0.00390625,5.968448643047038e-05,236,0
469,4836,0.03515625,3.336870587961063e-05,230,0
469,6336,0.00390625,4.770640787521634e-05,234,0
469,6339,0.02734375,2.5251321743932355e-05,218,0
469,6464,0.07421875,5.146932942761084e-05,219,0
391,471,-0.0039215686274509,6.877101937274211e-05,227,0
471,1896,0.0235294117647058,3.628851199445194e-05,238,0
471,2791,0.0431372549019607,0.00014320601562490387,229,0
471,3375,0.0509803921568627,6.068795249546046e-05,226,0
471,3635,0.0039215686274509,2.3084442102472454e-05,247,0
471,4836,0.0313725490196078,0.00016654399598250164,243,0
471,6335,0.0078431372549019,2.162617709260666e-05,284,0
471,6339,0.0509803921568627,3.301954878469986e-05,231,0
471,6464,0.0196078431372549,0.0001844796182652119,232,0
471,6483,0.0078431372549019,1.9705559158374274e-05,262,0
471,6595,0.0117647058823529,4.272353062726458e-05,280,0
473,1529,0.0118110236220472,4.660309727309867e-07,80,1
473,1532,0.0039370078740157,1.124557003841851e-06,74,1
473,2474,0.1456692913385826,1.0089587801678258e-06,78,1
473,2757,0.0196850393700787,3.3064972439761375e-07,80,1
473,2759,-0.0348815833818438,6.036968697966089e-07,87,1
473,4161,0.0118110236220472,1.0183608420664801e-06,67,1
473,6175,-0.0351254921259842,9.462225480757648e-07,90,1
473,6287,0.0314960629921259,9.385390745859046e-07,87,1
473,6441,-0.0657693951046816,2.930755682496109e-07,85,1
475,3722,0.1021505376344086,0.00012808255554755843,255,0
475,5695,0.0483870967741935,3.80262088220437e-07,97,1
480,2790,0.2829457364341085,1.0406235076919923e-06,45,1
480,6121,0.0775193798449612,1.1717769690182232e-06,41,1
481,492,0.1692913385826771,2.532811438503332e-07,43,1
481,2144,0.0551181102362204,4.770204297986527e-07,36,1
481,2145,0.0039370078740157,4.7125267158969517e-07,35,1
481,2795,0.3425196850393701,1.6088866031464e-07,33,1
481,3692,0.0157480314960629,8.940364953048849e-07,42,1
481,5485,0.1653543307086614,4.0366998607851065e-07,43,1
482,2482,0.09765625,4.2282647842553005e-07,92,1
482,2799,0.019607247081712,5.220370770538381e-07,87,1
483,1731,0.5141509433962265,1.457598401253102e-07,37,1
483,2803,-0.1031488191928027,7.691397766918731e-07,38,1
485,2807,0.2765256588072122,1.530883093445261e-07,13,1
485,4298,0.0533980582524271,1.8361874140753702e-07,14,1
485,4300,0.1932451972732906,8.439483720275158e-08,16,1
486,1737,0.3849557522123893,8.261729558235218e-07,39,1
486,2810,0.1946902654867256,1.518276702080604e-07,61,1
486,5202,0.0309734513274336,6.641433053167079e-07,45,1
487,1738,-0.0256410256410256,3.3625430782876966e-07,22,1
488,1121,0.0119047619047619,1.2137046272936912e-06,95,1
488,2815,-0.0242398164084911,1.0982527101056001e-06,73,1
488,3722,0.0039682539682539,0.00013450801848366608,246,0
488,4415,0.0158730158730158,1.0347897903308822e-06,82,1
488,4452,-0.0871467286101432,1.1615490617679783e-06,96,1
488,5162,0.0039682539682539,5.771739258229892e-07,82,1
488,5199,0.0039682539682539,0.00016887098554865544,253,0
489,4477,0.6077922077922078,1.3738694428354906e-07,5,1
490,897,0.0992907801418439,7.581723962314376e-08,41,1
490,902,0.0283687943262411,1.450969239735856e-07,38,1
490,914,0.0070921985815602,1.782520383396884e-07,38,1
490,1270,0.0070921985815602,3.3115170853642893e-07,47,1
490,1271,0.0354609929078014,1.417447158796126e-07,29,1
490,2048,0.0141843971631205,1.3656342401461522e-07,34,1
490,2054,0.0283687943262411,5.902550198848775e-08,38,1
490,2257,0.0212765957446808,1.6893909349657137e-07,32,1
490,2822,0.0425531914893617,7.702238825720996e-08,39,1
490,4478,0.0212765957446808,1.2564415803411793e-07,31,1
490,4524,0.0780141843971631,1.7571140895827739e-07,34,1
490,4525,0.1843971631205673,1.247452937467093e-07,32,1
490,4914,0.0567375886524822,1.4680859054185462e-07,34,1
490,4915,0.0070921985815602,2.2471722541719463e-07,42,1
490,5617,0.0283687943262411,1.642996523787712e-07,36,1
481,491,-0.0711462450592885,2.01850333421207e-07,42,1
491,492,0.1146245059288537,7.425383811816492e-07,47,1
491,2795,0.2134387351778656,5.447447743586578e-07,37,1
491,3693,0.0039525691699604,1.409651819752374e-07,46,1
491,5485,0.2727272727272727,8.051721523973341e-07,47,1
492,2144,0.173076923076923,2.562286061792319e-07,41,1
492,2145,0.2384615384615384,2.6194760223041543e-07,40,1
492,2795,0.0454326923076923,2.143654930704573e-07,38,1
492,4531,0.4461538461538462,8.284188555338088e-07,42,1
115,493,-0.23828125,8.34717887334224e-07,56,1
493,1748,0.015625,1.7722776111230387e-07,64,1
493,3694,0.03125,3.015480319840146e-07,53,1
494,2014,0.0176991150442477,1.0759700401789483e-06,96,1
494,2319,0.0193002995764608,1.62666656262467e-07,92,1
494,2836,0.0265486725663716,4.777960663367342e-07,81,1
494,4190,0.0398230088495575,4.6583596200585465e-07,98,1
495,4553,0.0288461538461538,1.7080669671180457e-07,80,1
496,1329,0.0038910505836575,2.1109157484136087e-05,259,0
496,1620,0.0155642023346303,4.9827167531336015e-05,307,0
496,2690,0.0038910505836575,0.0002892878683537787,254,0
496,3386,0.0038910505836575,0.00023604573124126727,274,0
496,4115,0.0077821011673151,3.382346986895226e-05,292,0
496,5756,0.0038910505836575,1.8791313592936138e-05,265,0
496,5757,0.0038910505836575,3.235899286047588e-05,286,0
496,5762,0.0038910505836575,1.9885962379156313e-05,248,0
497,2854,-0.1278015363902748,6.187548803668613e-07,81,1
499,3215,0.0078125,8.395825320380216e-07,81,1
499,3900,0.15625,3.3564707478838957e-07,72,1
499,4703,0.01171875,8.74768569655046e-07,78,1
499,5199,0.0390625,1.9122129916544114e-05,239,0
503,2065,0.0077519379844961,2.1162121190376522e-05,217,0
503,5880,0.0232558139534883,2.954118565180087e-05,227,0
79,504,-0.0077519379844961,7.258309166181335e-05,259,0
504,1369,0.0116279069767441,5.77538663466527e-05,263,0
504,2069,0.0155038759689922,3.382966544024831e-05,295,0
504,2844,0.003875968992248,5.4793591893259295e-05,215,0
504,3297,0.0077519379844961,4.636748412790382e-05,253,0
504,4577,0.0077519379844961,4.4310159480837635e-05,310,0
504,5880,0.0348837209302325,6.223701475073242e-05,285,0
505,2880,0.035307704999175,3.819520320942573e-07,59,1
135,506,-0.0078125,3.792341556527245e-05,219,0
506,1367,0.0546875,5.725682228462722e-07,89,1
506,4029,0.015625,5.642337985974992e-07,84,1
506,4044,0.0234375,5.039308496667936e-07,95,1
506,4045,0.11328125,6.603879285160532e-07,87,1
506,5836,0.02734375,2.9963439328899646e-07,98,1
506,5838,0.08984375,4.713776371422714e-07,94,1
135,507,-0.015625,4.0509423713909724e-05,243,0
507,1540,0.00390625,0.00011448838027787582,225,0
507,3974,0.015625,0.00017761369907661812,226,0
507,4026,0.0078125,0.00019746635699538167,239,0
507,5864,0.00390625,0.0002730152964393272,218,0
135,508,-0.00390625,3.0110099797484595e-05,230,0
135,509,-0.0155642023346303,0.0007966477337519705,252,0
509,991,0.0038910505836575,0.0002039311172654706,226,0
509,1368,0.0038910505836575,0.0002074326282486428,223,0
509,1540,0.0077821011673151,0.0017857007528164436,234,0
509,1995,0.0038910505836575,0.0015743703593824765,219,0
509,2449,0.0077821011673151,0.00038066471124061996,221,0
509,3974,0.0038910505836575,0.002526463167551197,235,0
509,4026,0.0038910505836575,0.0033073295121758546,248,0
509,5834,0.0116731517509727,0.0031146071914190574,231,0
509,5839,0.0194552529182879,0.0006620849226642307,222,0
509,5873,0.0116731517509727,0.0005787603567421612,220,0
509,5875,0.0077821011673151,0.0002970227949350952,220,0
510,3306,0.1038961038961039,4.049508610192064e-07,42,1
510,3679,0.0519480519480519,6.194683557113694e-07,48,1
511,1761,-0.0036909448818897,6.017350211493945e-07,63,1
511,2904,-0.1796567421259842,5.214337957843219e-07,56,1
512,4858,0.01953125,6.243844012300196e-07,92,1
512,6295,0.26171875,1.1413361369184478e-06,85,1
514,1760,0.0235742947470817,2.2016158381969576e-07,97,1
514,2916,0.0703125,1.7277877081905301e-07,95,1
514,2917,1.5199416342412396e-05,2.0519611381872153e-07,90,1
514,4858,0.00390625,6.187492982515047e-07,94,1
515,2923,0.032258064516129,6.226468648422545e-07,84,1
515,3454,-0.0084396099024756,6.590871254912593e-07,97,1
515,3757,0.0967741935483871,7.49163190105802e-07,96,1
515,5247,0.0967741935483871,4.496024963225516e-07,76,1
517,1768,0.0476190476190476,2.678810310050783e-07,19,1
518,1777,0.01171875,4.791534306398067e-07,92,1
518,4500,0.1484375,3.626974637025022e-07,95,1
521,1743,0.0077519379844961,9.6153355015868e-07,98,1
521,4537,0.0077519379844961,9.732222042650734e-07,94,1
525,535,0.0039215686274509,4.783616330705227e-07,81,1
525,2962,0.0431372549019607,2.707888560723951e-07,89,1
525,2998,0.0039215686274509,3.421904177889229e-07,84,1
525,3710,0.0039215686274509,4.5744756506860635e-07,73,1
525,5074,0.0352941176470588,8.199221995369137e-07,81,1
525,5265,0.0235294117647058,7.783050597818253e-07,75,1
525,5558,0.0431372549019607,1.8470750438784732e-07,88,1
228,526,-0.0078431372549019,1.067515124513589e-06,64,1
526,2127,-0.2323297823066234,7.932528234394246e-07,53,1
526,2967,-0.0078431372549019,1.0056250296467524e-06,49,1
526,5034,0.0121295029639762,9.184946199208741e-07,47,1
526,5234,0.0078431372549019,6.860715816025685e-07,52,1
527,734,0.0144927536231884,2.54706338182635e-07,36,1
527,857,0.0434782608695652,9.360958016685613e-08,25,1
527,2970,0.0814620162446249,1.8155943653877946e-07,29,1
527,4324,0.0434782608695652,1.7723559791460117e-07,31,1
528,1100,0.1111111111111111,1.5611868199705392e-07,22,1
528,2158,0.0222222222222222,1.813366599812403e-07,17,1
528,2972,0.2222222222222222,2.161266168795883e-07,23,1
528,2973,0.0444444444444444,8.443722831881181e-07,21,1
51,529,-0.2784313725490196,6.937113699950177e-07,86,1
529,1780,0.1058823529411764,3.0220296185128483e-07,73,1
529,4310,0.0823529411764705,6.816389376630029e-07,93,1
529,5146,0.0509803921568627,6.316398241736868e-07,76,1
530,887,0.0476190476190476,1.1639406037756088e-06,60,1
158,531,-0.0039682539682539,1.0069070084649337e-06,82,1
531,1980,-0.0231829573934837,3.320925918282744e-07,85,1
531,2985,0.123015873015873,3.959075342703544e-07,94,1
531,3721,0.0198412698412698,0.00010151078118181475,216,0
531,4420,0.0422902494331065,6.525401613616415e-07,90,1
531,5199,0.0476190476190476,1.858735541854418e-05,259,0
535,1146,0.0117647058823529,9.458754526479997e-07,66,1
535,5074,0.0039215686274509,5.994664853490527e-07,80,1
535,5265,0.0078431372549019,6.525194594132838e-07,74,1
236,537,-0.0237154150197628,8.542933927354043e-07,97,1
537,1165,0.0317445555297217,1.069071271632642e-06,86,1
537,2583,-0.0113481966403162,8.374355856684653e-07,97,1
537,3766,0.0158102766798418,2.2695735828835952e-07,96,1
537,3773,0.0158102766798418,1.1423689089935647e-06,83,1
537,5293,-0.007719861660079,7.192998882302656e-07,97,1
303,538,-0.11284046692607,1.1582409390744052e-06,85,1
538,580,0.0544747081712062,4.2921851712153286e-07,79,1
538,865,0.0233463035019455,5.996953061473791e-07,93,1
538,1835,0.0233463035019455,5.605170422399271e-07,81,1
538,2231,0.0038910505836575,2.3427796039337604e-07,80,1
538,3058,0.1478599221789883,1.2040699731036653e-06,88,1
538,3180,0.0077821011673151,7.453428656587371e-07,66,1
538,3181,0.046692607003891,6.497065748707721e-07,79,1
538,3182,0.0155642023346303,4.387363830093328e-07,88,1
538,4338,0.0116731517509727,1.0765887337200702e-06,66,1
538,4343,0.0038910505836575,7.074337138302804e-07,74,1
538,5313,0.0116731517509727,4.238119473707446e-07,81,1
330,540,-0.03125,7.702378913983191e-07,95,1
540,591,0.02734375,1.1958349509621492e-06,90,1
540,1930,0.00390625,7.466297568154543e-07,96,1
540,2541,-0.0203373015873015,6.157315585174953e-07,98,1
540,2544,0.03125,4.0666005278842837e-07,98,1
540,3019,0.026278409090909,1.111841393976724e-06,91,1
540,3230,0.015625,6.366743015720733e-07,93,1
542,1190,0.0303030303030303,1.0173853038539508e-06,54,1
542,3786,0.0303030303030303,4.641709297335391e-07,48,1
544,910,0.08,5.09731531968414e-07,33,1
544,4513,0.0057142857142857,1.3747755649048296e-07,28,1
546,1371,0.03515625,2.1842549459388153e-05,233,0
546,3037,0.038969861660079,6.959912135775895e-07,92,1
546,5478,0.00390625,1.1946730934577555e-06,83,1
547,659,0.010204081632653,1.849069612809306e-07,65,1
547,1933,0.010204081632653,2.6638494363422144e-07,73,1
547,3540,0.0306122448979591,8.125981020167617e-07,73,1
547,4754,0.0204081632653061,2.733177980892393e-07,63,1
547,4755,0.010204081632653,3.747126215397758e-07,69,1
548,4311,-0.1872822299651568,2.1220357133545916e-07,89,1
505,551,-0.1478599221789883,4.283531160548018e-07,81,1
551,2880,0.0583657587548638,8.915285897022263e-07,62,1
551,4461,-0.0003676583228652,3.618925244972565e-07,96,1
552,899,-0.0157634707426277,9.958995432064986e-07,90,1
552,949,0.0078431372549019,1.0627183814326558e-06,75,1
552,2049,0.0235294117647058,6.404881632390909e-07,97,1
552,2827,0.0196078431372549,8.819608518464454e-07,79,1
552,3059,4.5599635202918376e-05,7.370857293518547e-07,90,1
552,4471,0.0039215686274509,6.980573633802057e-07,91,1
552,4474,0.0352941176470588,6.380759916692577e-07,90,1
552,4519,-0.0349889372091248,5.097379971273589e-07,94,1
555,1812,-0.0101149849351288,1.588230518138469e-07,81,1
555,2059,0.0128205128205128,3.497179827349117e-07,58,1
555,3070,0.0066650984082176,7.309428620101915e-07,58,1
555,3595,0.0256410256410256,9.178504019141144e-07,46,1
555,3822,-0.0264957264957265,2.1882537873669182e-07,83,1
558,4640,0.046692607003891,8.380898664134289e-07,83,1
559,1816,0.0251787168582028,3.709446529174964e-07,62,1
559,3088,0.0484193313953488,1.0924828985889451e-06,86,1
559,5498,0.0523255813953488,1.072957346764123e-06,89,1
559,5611,0.005813953488372,3.7813572602171764e-07,47,1
561,1797,0.0228454172366621,3.0935457143705504e-07,48,1
561,3097,-0.000454215116279,4.5735313829717214e-07,49,1
561,3206,0.0115673449612403,4.962903883733817e-07,52,1
561,5397,0.0453716370269037,6.903603671624818e-07,48,1
561,5398,0.0309474255723463,4.2118982310927357e-07,51,1
517,562,-0.0208333333333333,4.120015231711014e-07,27,1
562,2934,0.0208333333333333,7.076897009816422e-07,50,1
562,3102,0.0625,1.2173677849023965e-06,54,1
562,4987,0.2061781609195402,8.686927694907828e-07,36,1
563,1056,0.0196850393700787,2.2422309137423768e-07,79,1
563,1817,0.0427777410176669,1.0261655124465973e-06,66,1
563,3103,0.0905511811023622,3.5817101641139614e-07,87,1
563,4994,0.0314960629921259,2.0132349812214624e-07,66,1
504,564,-0.02734375,5.4627501026537963e-05,216,0
564,2878,0.015625,3.661469455867934e-05,228,0
564,5803,0.00390625,3.28914768241179e-05,228,0
564,5829,0.015625,0.0002474164940800815,221,0
565,3615,-0.0234375,2.6075191427848115e-07,96,1
565,6051,-0.0065104166666666,2.8599235458971704e-07,92,1
303,566,-0.1529411764705882,2.43156144654711e-07,66,1
566,1166,0.4274509803921568,1.518457468267183e-07,49,1
566,1795,-0.0038303693570451,1.339055363307293e-07,43,1
566,1835,0.0039215686274509,4.528948942592741e-07,62,1
566,2200,0.1137254901960784,2.0231677430488027e-07,52,1
566,3013,0.0156862745098039,3.486577336617232e-07,36,1
566,3058,0.0235294117647058,2.699291773473922e-07,69,1
566,3119,0.0039215686274509,4.0761900873822357e-07,52,1
566,3182,0.0078431372549019,6.433045449457581e-07,69,1
566,4331,0.0117647058823529,1.8839269931766333e-07,46,1
566,4332,0.0823529411764705,2.4181781338119467e-07,39,1
566,5312,0.0666666666666666,1.2580292739955164e-07,46,1
566,5313,0.0117647058823529,6.991718568908021e-07,62,1
568,1105,0.0039215686274509,3.0557609575239177e-07,70,1
568,5165,-0.2429920116194626,2.122933672744694e-07,64,1
569,1093,0.0546875,6.707762764788226e-05,253,0
569,1300,0.05078125,0.00011422587866045554,237,0
569,1371,0.11328125,0.0014364103293696298,317,0
569,2027,0.00390625,0.00024379480755108295,221,0
569,2228,0.0078125,3.2509579655126066e-05,218,0
569,3792,0.02734375,5.497903416595143e-05,232,0
569,3795,0.0703125,4.0342144721080464e-05,264,0
569,3989,0.0078125,0.0001288451553183419,225,0
569,3990,0.00390625,9.226706980041271e-05,225,0
569,4003,0.0078125,7.652747088711671e-05,222,0
569,5113,0.015625,0.00028614430152278694,250,0
569,5454,0.01171875,2.8304153189423805e-05,236,0
569,5455,0.02734375,5.1108189407491e-05,228,0
569,5467,0.02734375,0.00024489726161553376,215,0
569,5468,0.0078125,2.0369890451655842e-05,226,0
569,5476,0.00390625,9.592655608943682e-05,216,0
569,5477,0.00390625,0.0001029576698521855,223,0
569,5480,0.01953125,3.241592698075397e-05,236,0
569,5683,0.00390625,0.00019250201335100142,220,0
571,1290,0.0117647058823529,2.0663738555103317e-05,272,0
571,2401,0.0039215686274509,3.3458102380739e-05,225,0
571,4388,0.0078431372549019,1.9720949458624177e-05,223,0
572,2749,0.00390625,1.9542174568153454e-05,292,0
572,3631,0.00390625,6.700210332036898e-05,295,0
572,3873,0.0078125,2.403197933096185e-05,291,0
573,2696,0.0078125,4.408612663369261e-05,232,0
573,3628,0.01953125,4.347479992417548e-05,221,0
573,4110,0.00390625,6.937822163596494e-05,221,0
574,785,0.0272373540856031,3.1240125744322415e-07,47,1
574,2644,0.0505836575875486,5.013210279408029e-07,43,1
574,4012,0.3501945525291828,1.008932916064233e-06,53,1
574,5862,0.0116731517509727,1.1126444233483449e-06,71,1
574,5865,0.2101167315175097,4.1899405389069544e-07,49,1
575,926,0.00390625,0.00017265373427439727,254,0
575,974,0.00390625,2.467573466210884e-05,233,0
575,4606,0.00390625,4.514731707658051e-05,243,0
575,4741,0.01171875,2.8879129705619e-05,249,0
575,5776,0.00390625,2.0956992726514278e-05,249,0
575,5829,0.0078125,4.029905142254592e-05,226,0
576,669,0.0038910505836575,0.00011703761231674158,231,0
576,926,0.0077821011673151,2.9030520188326995e-05,260,0
576,937,0.0038910505836575,1.88070864106502e-05,223,0
576,980,0.0077821011673151,2.563642903443966e-05,238,0
576,1712,0.0077821011673151,4.855083371924195e-05,224,0
576,2428,0.0155642023346303,1.9551597860355653e-05,228,0
576,3567,0.0038910505836575,5.862742108428499e-05,228,0
576,4566,0.0233463035019455,2.081250663611511e-05,224,0
576,4579,0.0155642023346303,9.556888865778033e-05,245,0
576,4608,0.0155642023346303,1.9342939141520948e-05,232,0
576,4609,0.0038910505836575,2.1597688399896274e-05,225,0
576,4611,0.0077821011673151,3.390076237552737e-05,242,0
576,4738,0.0038910505836575,1.9425753180832008e-05,234,0
576,4741,0.0038910505836575,2.515749326987545e-05,255,0
576,5776,0.0038910505836575,3.74259538818575e-05,255,0
577,1480,0.00390625,2.1370383605546654e-05,229,0
135,578,-0.01171875,2.1896673547568795e-05,223,0
506,578,-0.1015625,2.8005706261693e-07,98,1
578,1994,0.01171875,3.6290944482153244e-07,89,1
578,4029,0.015625,6.246395059339202e-07,88,1
578,4045,0.07421875,6.962122509118535e-07,91,1
579,2501,0.0393700787401574,2.1744838258058795e-07,89,1
579,3175,0.0681499114936214,5.103769485271876e-07,91,1
579,3177,0.1023622047244094,3.7085134030479544e-07,88,1
579,3629,0.0708661417322834,2.473697428083064e-07,95,1
579,4118,0.0551181102362204,1.9449734341915873e-07,96,1
580,3058,0.1984435797665369,2.919696218679965e-07,87,1
581,2725,0.05078125,6.220103139141231e-07,88,1
585,3199,0.26953125,1.1833140675956688e-06,22,1
561,586,-0.12109375,9.263973035388821e-07,49,1
586,3096,0.18359375,5.222491801329184e-07,61,1
586,3098,-0.07421875,1.057955262164483e-06,55,1
586,5569,-0.0192890019379844,6.3868358524563e-07,53,1
587,2734,0.1445004921259842,5.358065757638775e-07,75,1
587,2736,0.00390625,9.285258247878945e-07,78,1
587,3207,-0.0037998540856031,9.349399916363901e-08,61,1
587,3210,0.22265625,9.302530704436975e-07,83,1
587,4100,0.03125,8.844351357046044e-08,70,1
587,4102,-0.1984283803501945,3.751810314635764e-07,48,1
588,2859,0.1595524164139572,7.681438786729896e-07,52,1
591,1185,-0.0318651574803149,1.0690158762240496e-06,89,1
591,1671,-0.0314797794117647,3.75676840914506e-07,82,1
591,2541,0.034970238095238,1.1433890518188618e-06,82,1
591,2545,-0.0227551855895196,4.738612189513504e-07,85,1
591,3019,0.0581078050239234,2.114956204207615e-07,75,1
591,3021,-0.0093045869098712,1.1897794349286598e-06,83,1
591,3022,0.03078125,9.036122564599051e-07,83,1
591,3227,-0.0546875,9.60267072480506e-07,82,1
591,3229,-0.0234375,5.267335639374746e-07,85,1
591,5368,-0.1064222440944882,8.398190863136673e-07,90,1
591,5369,-0.0505532587548638,5.352123697036987e-07,85,1
591,5371,-0.0815752675097276,7.717043398737249e-07,79,1
592,1850,-0.5223695111847556,1.672328668102011e-07,69,1
592,4516,0.0633802816901408,2.77748789854851e-07,90,1
592,5345,0.0258582746478873,2.0944924444298944e-07,85,1
592,6055,-0.0047224523612261,3.569568684336388e-07,95,1
592,6058,0.0140845070422535,1.1065883222863432e-06,98,1
593,1048,0.13671875,5.853732943757278e-07,39,1
593,4962,0.265625,1.0029706146720314e-06,36,1
594,6070,0.0193798449612403,1.2302706152602927e-06,65,1
599,1290,0.0078431372549019,2.675253904553618e-05,217,0
603,3279,-0.7885885885885886,4.579564809451636e-08,4,1
604,1358,0.0078125,5.379154554754415e-05,240,0
604,1486,0.00390625,3.0178400615098703e-05,225,0
604,3153,0.01171875,7.216385988105052e-07,96,1
604,5753,0.01171875,2.0558090939526568e-05,218,0
604,6239,0.01171875,5.0861530583424344e-05,240,0
605,809,0.0039215686274509,5.910805220167854e-05,239,0
605,2696,0.0039215686274509,4.6912446849243704e-05,235,0
605,4109,0.0039215686274509,6.553370106800412e-05,237,0
606,2690,0.0038910505836575,2.2185296801199315e-05,227,0
606,3631,0.0038910505836575,8.569625356963073e-05,279,0
606,6232,0.0077821011673151,3.4302302957498814e-05,229,0
606,6521,0.0077821011673151,3.7612785080958656e-05,234,0
607,2755,0.00390625,6.823291555574432e-07,95,1
190,608,-0.0173160173160173,3.628147115074856e-07,62,1
608,2102,0.0086580086580086,6.119532772851989e-07,58,1
608,2553,0.0043290043290043,1.801916695007944e-07,62,1
608,4966,0.0432900432900432,1.7922987959358527e-07,45,1
610,2917,0.0272373540856031,2.3749859973861607e-07,95,1
612,1051,0.2039215686274509,7.46687321320987e-07,85,1
612,2934,0.0156862745098039,7.629477553459227e-07,65,1
612,3100,0.0666666666666666,8.633690491398223e-07,77,1
612,6301,0.0862745098039215,4.84436203598005e-07,74,1
613,3325,-0.4275951201362915,1.1445556842638266e-06,37,1
613,6312,0.1031390134529148,1.2250229730893293e-06,26,1
614,991,0.01953125,2.0374282082517424e-05,242,0
614,1368,0.00390625,2.849500491388125e-05,239,0
614,3344,0.00390625,2.1202418135083305e-05,225,0
614,4790,0.00390625,2.0278717742923436e-05,222,0
614,4836,0.01953125,0.0002491534490545049,216,0
374,616,-0.0311284046692607,4.3700320398895457e-07,87,1
616,997,0.0544747081712062,2.3546148488258387e-07,96,1
616,1993,0.0194552529182879,3.7864790610672996e-07,97,1
616,2450,-0.0077368563930865,5.19634797926252e-07,78,1
616,2453,-0.0472900517785471,2.8705008129019666e-07,80,1
616,4037,0.0077821011673151,1.8917518895342454e-07,97,1
616,4782,0.0972762645914396,2.0829523380883065e-07,91,1
616,4793,0.0622568093385214,2.782896578932313e-07,94,1
616,4794,0.1361867704280155,5.632013931376069e-07,82,1
616,6353,0.1167163180933852,2.6790591004931437e-07,89,1
616,6361,0.0272373540856031,2.7417048915573924e-07,84,1
617,1338,0.015625,1.850985757615119e-05,280,0
617,4024,0.0078125,3.997047076692124e-05,223,0
42,621,-0.0157480314960629,1.086355019426988e-06,77,1
163,621,-0.0354330708661417,2.3438534166226063e-07,83,1
621,708,0.0157480314960629,6.045455349080023e-07,78,1
621,1069,0.0275590551181102,1.2328718107258476e-06,61,1
621,1081,0.0157480314960629,6.821604903508624e-07,80,1
621,1891,0.0708661417322834,1.131865020248399e-06,77,1
621,2150,0.0039370078740157,8.917393817318194e-07,85,1
621,3001,0.0196850393700787,5.359417704293981e-07,95,1
621,4489,0.0511811023622047,6.625945145577324e-07,76,1
621,4490,0.0118110236220472,8.556692949045249e-07,75,1
621,4491,0.0118110236220472,2.7933506694017185e-07,75,1
621,4493,0.0196850393700787,7.877277607097976e-07,74,1
623,2790,0.1058823529411764,9.261803184883915e-07,49,1
625,3382,-0.0424658579385061,1.4186116599857576e-07,92,1
625,3463,0.0156862745098039,2.0431363860250443e-07,90,1
625,6495,0.0078431372549019,1.396502194420601e-07,88,1
627,3394,0.0039215686274509,4.265703154145519e-07,95,1
629,4231,0.0038910505836575,6.390377409115903e-07,91,1
630,4243,0.1393762183235867,2.7803885376514936e-07,51,1
634,2517,0.0465116279069767,9.611985207480888e-07,52,1
634,3425,0.0310077519379844,8.831408173983073e-07,59,1
634,5578,0.0116279069767441,1.0897715416569066e-06,68,1
644,3325,0.6284584980237155,1.1877725790251116e-06,33,1
644,3465,0.0197628458498023,7.480323853108048e-07,27,1
150,646,-0.0310077519379844,4.147376584184986e-07,94,1
440,646,-0.003875968992248,5.85376521492171e-07,81,1
646,748,0.1317829457364341,3.6335848666155714e-07,95,1
646,1803,0.0154428370872245,3.1818760203891905e-07,90,1
646,2026,0.0155038759689922,5.952653693222817e-07,91,1
646,2971,0.0077519379844961,6.570931866715777e-07,53,1
646,3044,0.0193798449612403,6.29187612574856e-07,96,1
646,3478,0.0813953488372093,2.987097492356779e-07,84,1
646,3479,0.0077519379844961,1.2658874177047508e-07,79,1
646,3854,0.0271317829457364,3.8467505616009403e-07,95,1
646,3855,0.065891472868217,3.677476492468145e-07,82,1
646,4307,0.0193798449612403,3.7812491849962847e-07,92,1
646,5132,0.0503875968992248,5.943487064917074e-07,89,1
651,3500,0.70481802064866,4.849724981136562e-07,63,1
652,1290,0.0039370078740157,0.0016794054365126972,259,0
652,5302,0.1771653543307086,0.00017382655839251557,261,0
653,2545,-0.1017360741293002,9.78052694022202e-07,83,1
653,3019,0.0441825183802077,9.143909444465824e-07,73,1
653,3509,0.0621951219512195,3.5995569634870547e-07,58,1
653,4512,-0.0848030018761726,8.34370341070603e-07,55,1
221,655,-0.1229508196721311,2.2745825887619034e-07,63,1
655,1707,0.0081967213114754,6.054496281347726e-07,49,1
655,3514,0.0250945775535939,2.683567722210018e-07,58,1
655,3891,-0.0420765027322404,6.460507107260039e-07,44,1
655,3896,0.040983606557377,3.021469668770227e-07,56,1
655,4426,0.0163934426229508,2.3619458701267605e-07,60,1
656,3893,0.40625,1.2233417753452026e-06,50,1
657,719,0.03125,1.2315648604234957e-06,62,1
657,3525,-0.0054720464135021,4.2196920171078074e-07,52,1
657,3526,0.00390625,2.7090493277223387e-07,51,1
657,4503,0.0234375,1.5066774625795847e-07,46,1
657,5037,0.0078125,1.8794537663005026e-07,51,1
658,1122,0.0352941176470588,7.404015571995282e-07,75,1
658,1123,0.0549019607843137,2.488155087285019e-07,74,1
658,3530,0.2117647058823529,2.2261109349223507e-07,65,1
658,5192,0.0196078431372549,5.185397196894732e-07,71,1
658,659,-0.0133333333333333,8.888713292993067e-07,70,1
659,1123,0.0533333333333333,1.032695107203074e-06,76,1
659,3540,0.04,5.497208354819304e-07,80,1
661,745,0.03125,4.0503858568923456e-07,62,1
661,3045,-0.0077216569767441,2.41261973943223e-07,65,1
661,3533,0.0390625,4.91221195908261e-07,62,1
661,3542,0.128860294117647,2.0376922055836714e-07,59,1
661,3841,0.00390625,1.0255672510004943e-06,63,1
661,3843,0.1757349308300395,3.015043317889144e-07,65,1
661,5178,0.015625,6.791807277465477e-07,68,1
662,3695,0.0814804521030202,1.123956211335297e-07,17,1
662,4540,0.0155642023346303,2.2719786525049576e-07,20,1
664,2068,0.2156862745098039,4.579564809451636e-08,4,1
667,2297,0.00390625,2.4980834848801948e-05,222,0
667,4595,0.0196220930232558,5.225364711908999e-07,89,1
668,3560,0.0666666666666666,7.417039762193454e-07,27,1
669,3874,0.0078431372549019,3.6399389877169755e-05,229,0
669,5756,0.0078431372549019,5.953836898756888e-05,258,0
672,2372,0.0104712041884816,1.1370040618191366e-06,42,1
672,3581,0.1099476439790576,5.652964252947193e-07,53,1
678,3859,0.0039370078740157,0.0001315920529506249,224,0
681,5669,-0.0038758511673151,3.500750211094648e-05,233,0
683,2286,-0.0038270729978738,3.058964269792567e-05,254,0
608,684,-0.0353982300884955,3.0679013972427456e-07,48,1
684,1628,0.0009154714678059,1.6230548043792884e-07,41,1
684,1950,0.0619469026548672,5.9160719269248e-07,28,1
684,2503,-0.0676667386142888,1.277332134123022e-07,42,1
684,2553,0.0176991150442477,2.9636180763417614e-07,52,1
684,3302,-0.006898473973939,1.6248417091795594e-07,40,1
684,3624,0.0176991150442477,2.2788161872802603e-07,41,1
684,4966,0.1238938053097345,1.905062832078365e-07,35,1
684,6522,0.0176991150442477,8.967623684752372e-08,45,1
685,3623,-0.823921568627451,4.620216453344088e-07,15,1
686,2449,0.01171875,5.4114373538775565e-05,236,0
686,2745,0.0078125,2.9679220470876166e-05,245,0
686,3643,0.00390625,2.076134602606064e-05,232,0
686,5875,0.00390625,4.0464101252493034e-05,235,0
686,6335,0.00390625,5.536523581476524e-05,256,0
687,3344,0.0235294117647058,2.1174717232516902e-05,233,0
687,4031,0.0117647058823529,4.2799638821012705e-05,234,0
687,4780,0.0039215686274509,3.501276981019898e-05,225,0
687,4836,0.0549019607843137,5.5694351091995536e-05,224,0
394,688,-0.0546875,1.988592716717681e-05,238,0
688,789,0.00390625,4.422409646318962e-05,230,0
688,1368,0.00390625,4.6853025855644035e-05,248,0
688,2887,0.00390625,2.5452848747518176e-05,227,0
688,4031,0.00390625,7.565387731658806e-05,235,0
688,4773,0.00390625,2.2135679083209845e-05,234,0
688,4836,0.0078125,2.6966330352101454e-05,225,0
688,5839,0.00390625,0.00013101706854426202,247,0
688,5873,0.01171875,8.681147720552985e-05,245,0
688,5875,0.00390625,2.7331271851082284e-05,245,0
688,6336,0.01953125,1.975462007680009e-05,229,0
689,2744,-0.086080586080586,5.18815358242272e-07,62,1
689,6222,0.0952380952380952,1.6404963640625124e-07,36,1
691,3380,0.003875968992248,9.556390642792507e-07,82,1
692,3655,0.0274509803921568,7.224905683165139e-07,22,1
693,2925,0.0157480314960629,6.766866162842746e-07,97,1
693,3749,0.0157480314960629,9.538551247262085e-07,97,1
695,3663,0.2216230097586029,7.425293166682553e-07,23,1
696,1158,0.0078125,8.44691482181462e-07,94,1
696,2917,-0.1556116245136186,3.33015448672402e-07,98,1
696,3669,-0.21484375,7.584174544761724e-07,95,1
696,5279,-0.0513348917322834,7.222676372778527e-07,98,1
696,5287,0.00390625,3.9225344116856e-07,98,1
697,3672,-0.0201919894074809,1.2026818721791132e-06,81,1
698,6265,0.0555555555555555,1.095419251986228e-06,91,1
600,700,-0.0125,7.015128361266621e-07,52,1
276,701,-0.1229946524064171,1.1133803834251069e-06,38,1
701,817,0.0053475935828877,5.090034860980214e-07,54,1
701,1517,0.0053475935828877,4.662102983031917e-07,65,1
701,1817,0.0962566844919786,8.677727918545627e-07,61,1
701,3105,0.0267379679144385,4.5145471690212666e-07,49,1
701,3307,0.0267379679144385,1.5108608586380894e-07,61,1
701,3687,0.0802139037433155,1.1859275202518242e-07,63,1
702,2619,-0.0999879822136762,7.141940357597194e-08,17,1
702,2954,0.2484076433121019,8.014238416540362e-08,17,1
702,3689,0.4713375796178344,1.0838303382368873e-07,13,1
702,4327,-0.0323779193205944,1.450195522993018e-07,11,1
702,6583,0.0127388535031847,1.1594295033452951e-07,16,1
176,703,-0.1843137254901961,1.2332910571705039e-06,53,1
492,703,-0.0078431372549019,6.613801668840238e-07,45,1
703,2794,0.0313725490196078,2.0921261443368927e-07,40,1
703,3692,0.1098039215686274,3.803609122800504e-07,44,1
703,4649,0.0901960784313725,3.114897831348526e-07,48,1
703,5485,0.0117647058823529,4.626720371174112e-07,45,1
704,1077,0.5529411764705883,8.297238031164117e-07,41,1
704,2147,0.0980392156862745,8.351864129247177e-07,46,1
704,2960,0.0862745098039215,4.1742898840386026e-07,40,1
704,5062,0.0078431372549019,1.930539412057395e-07,41,1
493,705,-0.0078125,4.5234425044327637e-07,68,1
705,950,0.11328125,2.21254110941739e-07,63,1
705,1748,0.05078125,8.75736696308965e-07,72,1
705,2076,0.0039518482490272,1.1834369119068681e-06,80,1
705,2830,0.03125,4.1412918730200794e-07,66,1
705,3691,0.0117490310077519,6.448398847929062e-07,91,1
705,3694,0.1015625,3.886056382468707e-07,61,1
705,3701,0.015625,2.1320082171585467e-07,62,1
705,3702,0.0548090953307393,3.886463162799654e-07,61,1
705,4646,-0.0434608759842519,6.836077452765165e-07,69,1
705,4647,0.37109375,3.172732392283649e-07,60,1
707,1083,0.1472868217054263,6.210715731946474e-07,84,1
707,1151,0.003875968992248,1.127897742608116e-06,84,1
707,1775,0.0968992248062015,1.1133914643296002e-06,89,1
707,2565,-0.0312802810077519,7.166097827035277e-07,87,1
707,3000,0.0155038759689922,5.265528914127011e-07,97,1
707,3706,0.1627906976744186,9.071813800294943e-07,76,1
707,3708,0.0036703053314348,2.852526748439337e-07,92,1
707,3916,0.0116279069767441,8.94608636074883e-07,86,1
707,3929,0.0271317829457364,5.763742415693228e-07,84,1
707,5084,0.0310077519379844,6.509956322431204e-07,93,1
707,6004,0.003875968992248,3.8595938124826215e-07,85,1
708,1793,0.1220472440944882,5.843045230945567e-07,98,1
708,1891,0.0078740157480314,2.932846225531904e-07,73,1
708,2149,0.0078740157480314,5.860881012694535e-07,93,1
708,2150,0.0196850393700787,2.121945112226701e-07,81,1
708,2999,0.1417322834645669,7.484983009192809e-07,93,1
708,3001,0.0394619933208738,1.7591016713664168e-07,91,1
708,3712,-0.0310654527559055,2.2443215531690117e-07,75,1
708,4490,-0.0468134842519685,2.837715033412265e-07,71,1
708,4493,-0.054428750880848,1.0971257744547584e-07,70,1
709,2187,0.1147540983606557,1.0261315289152011e-07,32,1
709,2568,0.1168756027000964,5.138794651153277e-07,38,1
709,3716,0.1065573770491803,6.180868294828373e-07,42,1
709,3880,0.0655737704918032,2.373720592040727e-07,34,1
709,5099,0.0573770491803278,3.933012373377882e-07,37,1
710,2170,-0.3044940670839951,2.8385669381834915e-07,77,1
710,2286,0.0071942446043165,3.350950618930674e-05,230,0
710,2569,0.1151079136690647,9.519041195801004e-05,232,0
710,3722,0.0215827338129496,0.00013713635183430206,250,0
710,5199,0.0359712230215827,0.0001705600320145795,257,0
711,5681,0.0078125,4.295365315709514e-05,232,0
711,5682,0.00390625,3.7320094512852394e-05,232,0
712,2167,0.6875,2.9336571640517277e-07,27,1
714,1217,0.0625,4.166215841755696e-07,51,1
714,3730,0.2083333333333333,1.6003996188229015e-07,44,1
714,5165,0.0416666666666666,3.137483144516417e-07,46,1
714,5459,0.0833333333333333,1.6666857886495317e-07,45,1
718,1740,0.015625,7.582579861384067e-07,84,1
718,5036,0.0329142011834319,4.636613421015444e-07,87,1
720,1060,0.0505836575875486,1.1634514632253228e-06,80,1
720,2577,0.0233463035019455,1.0749269091976939e-06,92,1
720,3760,0.046692607003891,1.2191176976793003e-06,76,1
720,3761,0.1245136186770428,4.403481406923916e-07,79,1
721,1960,0.0535714285714285,3.0817289478929114e-07,85,1
721,5275,-0.0142857142857142,9.434436446911886e-07,92,1
727,883,0.0038610038610038,3.0431121090864633e-07,92,1
727,1165,-0.0118252706488,4.120660853282934e-07,74,1
727,1794,-0.0045935263326567,6.200467007237031e-07,95,1
727,1962,0.1003861003861003,9.764715475957501e-07,73,1
727,2194,0.0115830115830115,3.2037982791993307e-07,90,1
727,2196,0.0193050193050193,5.89625357442799e-07,91,1
727,2583,0.0152630308880308,3.549279584725487e-07,85,1
727,3006,0.0615338027102733,3.330252430445288e-07,88,1
727,3008,-0.0079934845559845,3.107815152432214e-07,87,1
727,3773,0.0154440154440154,4.808855234314396e-07,71,1
727,3774,0.2548262548262548,5.270042956602551e-07,83,1
727,5292,0.0077220077220077,5.82521374385554e-07,71,1
727,5293,-0.0001357384169884,5.032431606405555e-07,85,1
727,5316,0.0154440154440154,8.392162317355045e-07,89,1
728,4369,0.00390625,8.149221206726482e-07,98,1
729,795,0.0077821011673151,3.136434353503597e-05,219,0
729,5889,0.0038910505836575,2.479808445605453e-05,227,0
730,3784,0.1,7.126034581395304e-07,58,1
732,1965,0.03125,1.1372942425897723e-06,79,1
732,2550,0.03125,6.548547737810318e-07,66,1
734,4321,0.0303030303030303,3.1044667799020147e-07,37,1
283,736,-0.003875968992248,3.4049749644810026e-05,215,0
283,737,-0.00390625,5.4989158585485955e-05,240,0
737,1371,0.03125,0.00021312143393269268,318,0
737,4001,0.00390625,0.00012791102456542,217,0
737,4006,0.00390625,5.768152394856794e-05,245,0
737,5410,0.00390625,0.00010377349506379456,235,0
737,5467,0.0078125,2.8566875246064424e-05,216,0
737,5683,0.01171875,2.6564815565841768e-05,221,0
739,1371,0.1984435797665369,6.580304389188669e-05,280,0
741,2778,0.0039215686274509,4.353502105161883e-05,219,0
741,6110,0.0039215686274509,2.8510704969508872e-05,217,0
438,742,-0.1206896551724138,2.565360420023619e-07,68,1
125,745,-0.0155038759689922,7.609276351366837e-07,74,1
548,745,-0.1007751937984496,7.663320180543171e-07,73,1
745,1971,0.0155038759689922,4.357447716968845e-07,71,1
745,2624,-0.0574160206718346,3.696583231579574e-07,77,1
745,2627,0.0077519379844961,7.983533371283073e-07,72,1
745,3043,0.0016149870801033,2.2756560326741693e-07,50,1
745,3045,-0.0736434108527131,3.566423041636757e-07,65,1
745,3476,0.0116279069767441,7.062706740543821e-07,73,1
745,3481,0.0348837209302325,1.1317454981397244e-06,73,1
745,3542,-0.3021431828545371,2.4453337697396597e-07,59,1
745,3544,0.0503875968992248,5.007209068141503e-07,56,1
745,3841,0.0116279069767441,2.1243269384245095e-07,63,1
745,3843,-0.0201458467383644,2.1146468843123535e-07,65,1
745,3848,0.0348837209302325,4.830843038031754e-07,71,1
745,3853,0.0852713178294573,1.068072651398626e-06,69,1
746,860,0.1046511627906976,4.860316063904662e-07,44,1
746,1925,0.0930232558139534,1.0895755035627398e-06,63,1
746,2627,0.003875968992248,1.1922119662441898e-06,62,1
746,3476,0.0077519379844961,8.493041151785953e-07,63,1
746,3481,0.0310077519379844,8.102845526379677e-07,63,1
746,3846,-0.0312038126263083,1.3796052605821533e-07,43,1
746,3847,0.0581395348837209,3.0536554861698635e-07,48,1
746,3848,0.003875968992248,1.1017904965486834e-06,61,1
746,3853,0.0193798449612403,3.047414889191071e-07,59,1
746,4314,0.0232558139534883,5.374560280309478e-07,36,1
151,747,-0.4666666666666667,1.0848080965578151e-06,27,1
747,2165,0.0078431372549019,7.041182066874658e-07,35,1
747,4316,0.4627450980392157,5.085834274633995e-07,39,1
748,1103,0.0078740157480314,5.142123366926173e-07,79,1
748,1966,0.0039370078740157,7.197256768142095e-07,94,1
748,3855,-0.0626833410529566,1.710112736113094e-07,93,1
748,5115,0.0118110236220472,6.651959453566777e-07,92,1
749,1498,0.0039215686274509,3.4299264912427286e-05,236,0
749,1548,0.0039215686274509,3.3556696125006016e-05,253,0
749,1590,0.0039215686274509,0.00016962863856652096,255,0
749,1591,0.0745098039215686,6.684708087576433e-05,245,0
749,1607,0.0039215686274509,0.00021990592179935462,291,0
749,1627,0.0274509803921568,2.708145060579381e-05,223,0
749,1897,0.0156862745098039,2.0369096233215062e-05,230,0
749,5760,0.0313725490196078,1.8943954799436442e-05,232,0
749,6200,0.0274509803921568,0.00011002094109572416,233,0
749,6204,0.1019607843137254,7.246442964144121e-05,231,0
749,6205,0.0235294117647058,2.1614730637957217e-05,235,0
749,6215,0.0039215686274509,9.024044085451274e-05,221,0
749,6334,0.0039215686274509,7.441493374997592e-05,297,0
749,6342,0.0039215686274509,0.00018974306637529608,259,0
749,6343,0.0039215686274509,2.250089291550875e-05,236,0
749,6443,0.0078431372549019,5.7620590083765956e-05,225,0
749,6447,0.0431372549019607,5.3787156476734854e-05,218,0
749,6449,0.0274509803921568,3.3042720991370495e-05,228,0
749,6456,0.0039215686274509,0.00019751863509139109,241,0
749,6521,0.0352941176470588,4.5493794423076984e-05,257,0
749,6595,0.0039215686274509,0.0005922537897191224,302,0
750,1498,0.0078125,2.6173134854225244e-05,231,0
750,2743,0.00390625,1.9208102547607555e-05,289,0
750,3631,0.015625,3.816000836786696e-05,297,0
750,6205,0.0078125,2.3385806736620534e-05,230,0
352,751,-0.0039215686274509,3.5451615112720345e-05,243,0
751,1607,0.0039215686274509,4.94147955507687e-05,279,0
751,2745,0.0196078431372549,2.9772899035983757e-05,283,0
751,3635,0.0196078431372549,5.788816010792772e-05,257,0
751,6335,0.0039215686274509,5.489464065451711e-05,294,0
751,6342,0.0039215686274509,3.4202636290119974e-05,247,0
751,6483,0.0039215686274509,5.475361755860905e-05,272,0
111,752,-0.0311284046692607,0.00011034843922823436,247,0
752,1922,0.0077821011673151,0.00013582541690203737,249,0
752,2739,0.0038910505836575,3.0906681024605224e-05,257,0
752,2749,0.0077821011673151,2.1536342422589166e-05,269,0
752,2752,0.0038910505836575,1.964319382100703e-05,276,0
752,3631,0.0077821011673151,0.00011188046529884101,272,0
753,2605,0.0196078431372549,8.214430455719926e-07,29,1
755,5519,-0.0777904936293583,3.679885959594008e-07,26,1
7,756,-0.0239043824701195,8.887703287805754e-07,40,1
756,2361,-0.0641434262948207,1.1503892437362617e-06,39,1
756,6006,0.4741976973993789,8.68877892912313e-07,42,1
757,3515,0.0135135135135135,3.066403612174812e-07,58,1
757,3516,0.027027027027027,2.4814359196065696e-07,51,1
757,3890,0.1486486486486486,3.5524327217464396e-07,67,1
757,3892,0.027027027027027,2.762157482863519e-07,65,1
757,4442,0.0675675675675675,3.412460100076083e-07,57,1
569,758,-0.003875968992248,5.695728686173647e-05,230,0
758,1304,0.003875968992248,2.856935555516375e-05,228,0
758,3131,0.0077519379844961,3.7005224354509704e-05,217,0
758,4765,0.0465116279069767,2.259161102056209e-05,220,0
758,5429,0.003875968992248,1.8403297553733636e-05,215,0
758,5670,0.0116279069767441,1.9352522231339143e-05,224,0
758,5686,0.0155038759689922,2.9847803215239634e-05,222,0
569,760,-0.0040650406504065,3.8626451492347414e-05,243,0
711,760,-0.0040650406504065,1.993150909466735e-05,224,0
760,1207,0.008130081300813,5.307962643302921e-05,216,0
760,1689,0.0040650406504065,2.249574590063323e-05,234,0
760,2219,0.0040650406504065,9.217003785820676e-05,234,0
760,5430,0.0040650406504065,6.233725222760082e-05,227,0
762,1977,0.0078740157480314,1.2189493906492636e-06,27,1
762,3878,0.2204724409448819,6.313091047674914e-07,33,1
763,3918,0.0433070866141732,1.0459088780184808e-06,48,1
766,3919,0.02734375,9.416729315559378e-07,62,1
766,3931,0.1484375,4.78193019945147e-07,57,1
766,5264,0.05859375,1.0803660516720423e-06,62,1
766,5266,0.37890625,1.1135378733682013e-06,64,1
772,3969,0.0581395348837209,4.480978159324153e-07,82,1
774,2686,-0.234375,3.2233358888606983e-07,85,1
776,2307,-0.1165616561656165,9.055849086195274e-07,76,1
776,3977,0.1089108910891089,5.008613952627557e-07,95,1
776,5722,0.0445544554455445,1.1992625452991408e-06,79,1
570,777,-0.0117647058823529,2.990321170236717e-05,232,0
777,1483,0.0039215686274509,5.412728488702137e-05,230,0
777,2201,0.0078431372549019,5.272432826795851e-05,216,0
777,3140,0.0078431372549019,9.561516365606515e-05,229,0
777,3144,0.0039215686274509,2.3818004083656815e-05,237,0
777,3763,0.0039215686274509,0.00010541151843385422,223,0
777,4377,0.0078431372549019,3.0540103520488164e-05,269,0
777,5302,0.0039215686274509,0.0003566542058415087,280,0
777,5315,0.0078431372549019,0.00013537361928013826,222,0
777,5714,0.0039215686274509,2.4302700953117905e-05,238,0
546,778,-0.03125,4.479111394590753e-07,90,1
778,781,0.0208333333333333,4.873322183421894e-07,70,1
778,2197,0.0027243589743589,2.8473373414615435e-07,75,1
778,2218,0.03125,4.960863883858421e-07,70,1
778,3037,0.0729166666666666,5.715919545560314e-07,68,1
778,3996,0.0104166666666666,7.26953355698479e-07,91,1
778,5299,0.0208333333333333,5.308230137111139e-07,82,1
778,5301,0.0208333333333333,3.041625772219603e-07,97,1
778,5422,0.0104166666666666,1.0287537489055978e-06,75,1
778,5479,0.0104166666666666,6.144755453750879e-07,95,1
780,865,0.0078125,8.441341350089376e-07,67,1
780,1808,0.171875,1.0977652298203657e-06,95,1
780,2316,0.0234375,5.148249795968774e-07,56,1
781,865,0.0078431372549019,9.530572450384758e-07,90,1
781,2316,0.188235294117647,2.9781065599222206e-07,79,1
781,3181,0.0156862745098039,6.285894142661116e-07,76,1
781,5471,0.0078431372549019,3.043961102000568e-07,77,1
782,5474,0.159533073929961,2.3372904549467798e-05,237,0
303,783,-0.0859375,1.1289929833358204e-06,84,1
580,783,-0.03515625,3.781479283419561e-07,78,1
783,865,0.06640625,5.133486735898622e-07,92,1
783,867,0.00390625,1.131482444678477e-06,77,1
783,1225,0.01953125,1.1385155116905314e-06,80,1
783,1835,0.02734375,5.267764647076586e-07,80,1
783,1989,0.0078125,1.1766199365680946e-06,75,1
783,3058,0.2265625,1.169678131118925e-06,87,1
783,3119,0.00390625,1.059794248544269e-06,70,1
783,3180,0.01953125,7.012990510136676e-07,65,1
783,3181,0.04296875,4.937471906196155e-07,78,1
783,3182,0.015625,4.1065047168510937e-07,87,1
783,4337,0.0078125,9.464269319060302e-07,67,1
783,4338,0.0078125,1.026023048188616e-06,65,1
783,4344,0.00390625,1.1731048908785417e-06,62,1
783,5313,0.0703125,4.008189834969247e-07,80,1
783,5469,0.0234375,1.1364751885409369e-06,81,1
785,3168,0.2039215686274509,8.399399173467643e-07,61,1
785,4012,0.0235294117647058,5.2621795186121e-07,54,1
785,5865,0.0941176470588235,1.7719640436995276e-07,50,1
401,787,-0.00390625,4.575171184791839e-05,219,0
787,1486,0.00390625,2.7260576029936193e-05,239,0
788,2404,0.0038910505836575,4.840280409384273e-05,221,0
571,789,-0.0078431372549019,3.9438078342441046e-05,244,0
789,2217,0.0196078431372549,7.586922087070496e-05,219,0
789,3143,0.0039215686274509,6.365665332300425e-05,266,0
789,4384,0.0039215686274509,0.0001752835300790428,218,0
789,5717,0.0156862745098039,4.7070258373736436e-05,224,0
791,1885,-0.0046701974000962,1.0798403890985098e-06,63,1
791,2443,0.033855308487316,3.3694197568471355e-07,86,1
791,2722,0.0129032258064516,7.88959713015073e-07,86,1
791,3340,0.0516129032258064,5.769400379179724e-07,76,1
791,4040,0.2580645161290322,4.4377081937693174e-07,89,1
791,4041,0.0036866359447004,6.911261249935884e-07,70,1
791,4795,0.0580645161290322,4.164480110341596e-07,63,1
791,4796,-0.0009728622631848,6.698097219642371e-07,71,1
791,6304,0.064516129032258,1.032112517320632e-06,65,1
792,1367,-0.0116578372392325,1.4904142855774045e-07,84,1
792,1994,-0.0196669884169884,3.8114312089101865e-07,80,1
792,2427,0.13413972007722,3.204159305926422e-07,98,1
792,2886,0.0193050193050193,2.592847594227326e-07,77,1
792,4029,-0.0039821333938981,3.104166701691513e-07,79,1
792,4043,0.014991554054054,6.835050833081015e-07,92,1
792,4044,0.0529681467181467,2.194015032538759e-07,90,1
792,5857,0.027027027027027,9.857715795477665e-07,94,1
795,3429,0.0078125,4.3825569237938546e-05,215,0
795,4063,0.01953125,2.8511011598174615e-05,224,0
465,797,-0.0078125,1.1771276738732542e-06,81,1
797,2725,0.01171875,6.598673781529993e-07,83,1
797,2728,0.08984375,2.4870805909156136e-07,93,1
797,3183,0.01953125,7.468984456637962e-07,78,1
797,3184,0.03125,3.772712173626419e-07,83,1
797,3185,0.47265625,2.2065320305215447e-07,84,1
797,4068,0.02734375,5.256175041368669e-07,84,1
798,1407,-0.0001230314960629,4.3154324730090685e-07,23,1
798,4067,0.38671875,8.150813209075704e-07,19,1
801,3244,-0.0154582763337893,8.291396322931873e-07,72,1
802,3663,0.3043478260869565,7.306604859188177e-07,17,1
467,804,-0.0038910505836575,2.2510371227329162e-07,89,1
804,2920,0.0116731517509727,6.240991288292479e-07,91,1
804,3211,0.0038910505836575,5.011854560870951e-07,86,1
804,4094,0.0194552529182879,7.562721616505691e-07,71,1
139,805,-0.00390625,5.036995333700578e-07,65,1
805,3210,0.0234375,8.016473976415298e-07,78,1
805,4100,0.00390625,1.0101063354343541e-06,65,1
805,5531,0.02734375,3.6243669950005543e-07,55,1
555,806,-0.0039525691699604,9.859888890031052e-07,95,1
806,5531,0.0039525691699604,8.934239281620896e-07,87,1
808,1607,0.0078431372549019,7.627782497877684e-05,305,0
808,1609,0.0039215686274509,0.00025725205676101974,272,0
808,6334,0.0039215686274509,2.1117445368956132e-05,311,0
808,6335,0.0039215686274509,9.156601163866934e-05,320,0
808,6483,0.0078431372549019,8.587960487800177e-05,298,0
82,809,-0.015625,2.525989048190176e-05,260,0
187,809,-0.00390625,2.4832208910713045e-05,232,0
809,1608,0.0078125,2.9744865285246258e-05,283,0
809,1609,0.01953125,2.4214474728627037e-05,248,0
809,1681,0.00390625,2.6531781447318276e-05,222,0
809,1896,0.06640625,6.182027946355066e-05,250,0
809,2894,0.01171875,2.1835717959099734e-05,222,0
809,3634,0.0234375,2.344846240352738e-05,234,0
809,3635,0.0078125,2.0754167909978004e-05,259,0
809,3642,0.00390625,2.600015849619051e-05,272,0
809,4790,0.01953125,4.7948843572469794e-05,261,0
809,4836,0.0390625,0.0002828358249665241,255,0
809,5875,0.00390625,3.2036069666669795e-05,275,0
809,6335,0.015625,2.0512139598945887e-05,296,0
809,6339,0.05078125,3.88791267875517e-05,243,0
809,6341,0.00390625,2.401002540231706e-05,227,0
809,6464,0.01171875,0.00029932094360305116,244,0
809,6483,0.00390625,2.0413052815637042e-05,274,0
809,6484,0.0078125,3.447189014406239e-05,262,0
809,6595,0.00390625,3.630183786129552e-05,292,0
391,810,-0.00390625,6.93027227508986e-05,222,0
810,1607,0.00390625,6.598939514557557e-05,264,0
810,1608,0.00390625,0.00015070193599166153,266,0
810,1896,0.01171875,3.313863627906092e-05,233,0
810,2745,0.0078125,4.942518369297973e-05,268,0
810,2791,0.0078125,0.0001166007998702673,224,0
810,4836,0.046875,0.00013401377236794295,238,0
810,6334,0.0234375,1.892463992676522e-05,270,0
810,6335,0.0078125,9.01212803183682e-05,279,0
810,6339,0.015625,0.00011103972380035742,226,0
810,6464,0.015625,0.00021233861927355834,227,0
810,6483,0.0078125,8.137281115976794e-05,257,0
810,6595,0.0078125,0.00017588424653463013,275,0
812,1328,0.00390625,3.0820510861559245e-05,218,0
812,2424,0.00390625,2.8965742170591756e-05,215,0
812,6210,0.01171875,4.5498371950859676e-05,262,0
813,1321,0.0859375,4.289049984189951e-07,75,1
813,4819,0.28125,6.179457002801025e-07,67,1
814,4128,0.1052631578947368,7.591388446892929e-07,47,1
814,4819,0.0350877192982456,5.041577388008066e-07,61,1
352,815,-0.00390625,3.3316004490833436e-05,265,0
815,2424,0.00390625,3.7259981118488214e-05,274,0
815,3631,0.00390625,6.113221978133562e-05,312,0
278,816,-0.05859375,2.85291311679721e-07,49,1
816,1276,-0.2539676047120419,6.133510934909863e-08,55,1
816,1277,0.05078125,2.1178155492742366e-07,50,1
816,1279,-0.32421875,1.6693657273314203e-07,46,1
816,2004,-0.1484375,7.771981394019013e-08,53,1
816,2262,-0.1015625,2.358087629463922e-07,42,1
816,3324,0.08984375,2.225197789354593e-07,48,1
816,3973,0.00390625,3.837705283872338e-07,45,1
816,4138,-0.0315716911764705,1.4560618856402307e-07,51,1
816,4139,-0.0033482142857142,9.458718874136186e-08,53,1
816,4140,-0.1703306686046511,2.2552741288972557e-07,49,1
816,4560,0.02734375,9.049242686013353e-07,38,1
816,5629,-0.0148954280155642,2.5358438686230495e-07,40,1
816,5635,0.08203125,1.1418432848048956e-07,50,1
816,5881,0.1419810556994818,7.636909304878513e-08,50,1
817,1817,0.0493283927744326,9.800963787974056e-07,59,1
817,3105,-0.0495457298606904,7.003731129656427e-08,47,1
817,3686,-0.0861530822160743,1.7342540832388738e-07,39,1
817,4991,0.0039370078740157,2.725638923486807e-07,53,1
817,5621,-0.0413063121208209,3.3790678691589183e-07,43,1
817,6302,0.0275590551181102,9.811976947959005e-07,56,1
142,818,-0.1176470588235294,3.08008723998384e-07,36,1
818,2504,0.0869969040247678,2.2733860791114786e-07,23,1
818,4148,0.2058823529411764,9.520568669643635e-08,24,1
818,4998,0.0294117647058823,9.938097627323783e-07,18,1
818,5000,0.0434389140271493,1.487822303862147e-07,30,1
820,4157,0.021551724137931,3.228293753166935e-07,72,1
630,822,-0.015625,1.825108691323535e-07,44,1
822,2009,0.3593442421259842,1.4849656505461146e-07,52,1
822,4164,-0.00390625,6.736701572991333e-07,61,1
822,4243,0.00390625,2.821525276049159e-07,51,1
823,4169,0.1589147286821705,7.93564275368495e-07,47,1
823,6262,-0.0234677810077519,9.724443184161704e-07,62,1
823,6263,-9.119927040583677e-05,1.8082160321531513e-07,48,1
824,2809,0.1968503937007874,1.1577370638804541e-06,70,1
824,2984,0.0157480314960629,7.90464234434519e-07,44,1
824,4173,-0.0049464970724813,6.997471095359701e-07,58,1
824,4420,0.1338582677165354,9.323673792316737e-07,56,1
825,2169,0.0683760683760683,2.243853499962852e-07,34,1
825,4684,-0.0566092963353237,9.111583676112141e-07,33,1
825,4693,-0.1898762157382847,3.463869441947863e-07,33,1
826,4174,0.0546875,7.892601782658955e-07,49,1
830,1416,0.0116731517509727,9.449852862314628e-07,57,1
830,2239,0.0350194552529182,1.0913060459539849e-06,51,1
830,4201,0.0389105058365758,9.371136894192796e-07,57,1
830,5522,0.0817120622568093,4.97029664433637e-07,52,1
833,6108,0.046875,1.1535832774784602e-06,79,1
839,4231,0.086013497081712,1.137337006170556e-06,71,1
839,4232,0.026974655511811,8.359513885236994e-07,87,1
839,4888,0.0001816860465116,6.363699733444689e-07,87,1
839,4898,-0.16015625,3.3742434962474055e-07,66,1
841,4854,0.015625,0.00016640626599098842,218,0
841,4857,0.0078125,2.0711400006495858e-05,217,0
842,1019,0.03125,9.847018677949728e-07,96,1
842,4831,0.046875,6.186625791338596e-07,93,1
842,4832,0.4103386429961089,2.1988040160426987e-07,81,1
162,843,-0.032520325203252,7.301085573117043e-07,63,1
843,923,0.008130081300813,4.446020956779211e-07,91,1
843,2049,0.073170731707317,2.3833080316139516e-07,75,1
843,2958,0.008130081300813,1.95214137309707e-07,77,1
843,4253,0.032520325203252,1.3822357645430223e-07,90,1
843,4473,0.008130081300813,8.728166383196446e-07,88,1
843,4555,0.056910569105691,4.480936483281363e-07,98,1
843,6008,0.08130081300813,1.7299921263144805e-07,80,1
843,844,-0.0046296296296296,4.5881047155070914e-07,64,1
844,1420,0.0163398692810457,4.1257354278077695e-07,59,1
844,2021,0.0833333333333333,9.873559599715427e-08,54,1
844,2049,0.0978677881068319,2.2430281709447077e-07,67,1
844,2821,-0.1143162393162393,2.737491189754886e-07,40,1
844,2958,0.1018518518518518,6.072903814868045e-07,69,1
844,4253,0.0046296296296296,6.512737970188997e-07,82,1
844,4254,-0.0329100529100529,3.3608600033454703e-07,59,1
844,4532,0.037037037037037,1.0010896447800015e-06,75,1
844,4551,-0.1135477582846003,1.168990935261147e-06,67,1
844,6008,-0.0097167325428195,5.564633300617372e-07,72,1
846,3470,0.1356589147286821,5.904198423570231e-07,27,1
849,2484,0.0426356589147286,3.4784737753927035e-07,89,1
849,4829,0.1744186046511628,4.4483335395555e-07,88,1
850,1010,0.1478599221789883,8.813775481027291e-07,73,1
850,1505,0.1517509727626459,9.450795115865209e-07,72,1
850,1732,0.046692607003891,1.0624454817915477e-06,87,1
850,2024,0.0077821011673151,9.070817384718428e-07,75,1
850,3272,0.0778210116731517,1.1427008599002166e-06,75,1
850,4283,0.0933852140077821,7.066007593569111e-07,83,1
850,4294,0.0038910505836575,9.888699398985995e-07,62,1
850,4845,0.1517509727626459,3.117963075540413e-07,76,1
850,4846,0.0194552529182879,6.83908998814374e-07,95,1
851,2799,0.010204081632653,9.587281784413795e-07,90,1
851,4286,0.010204081632653,4.1556416296933165e-07,86,1
851,4290,0.010204081632653,3.8916232162607104e-07,96,1
851,4291,-0.0207600281491907,2.5860828355387773e-07,92,1
852,4293,0.03125,9.175730459170636e-07,72,1
852,4885,0.02734375,6.10528147292759e-07,83,1
853,5627,-0.0045167118337849,9.430632389749349e-07,13,1
853,5634,0.018651362984218,8.439483720275158e-08,16,1
854,4119,-0.0833333333333333,4.579564809451636e-08,4,1
855,5474,0.0200803212851405,0.00038003777114072274,220,0
185,856,-0.0049751243781094,1.0798172104453161e-06,41,1
856,2161,0.0248756218905472,2.952307725012578e-07,32,1
856,3532,0.0199004975124378,8.445018704940561e-07,50,1
856,3543,0.0049751243781094,7.591743762082682e-07,49,1
856,4309,0.0497512437810945,5.625611760074836e-07,30,1
858,860,-0.029126213592233,5.496695161465534e-07,34,1
860,3479,0.0679611650485436,9.213186124039065e-07,60,1
860,4314,0.2184466019417475,5.327855009360493e-07,38,1
31,862,-0.015625,5.495477771341964e-08,11,1
862,2620,0.171875,5.495477771341963e-08,11,1
862,3482,0.109375,1.0990955542683927e-07,11,1
862,3568,0.625,1.00750425807936e-07,12,1
862,3569,0.078125,6.41139073323229e-08,10,1
863,3909,0.7058823529411765,9.159129618903272e-08,5,1
863,4329,0.0588235294117647,6.869347214177454e-07,9,1
865,867,-0.0077519379844961,4.354046258558641e-07,91,1
867,5469,0.0116279069767441,1.8944401156780089e-07,80,1
868,4346,0.4715447154471545,1.0014713885592017e-06,64,1
183,869,-0.0038910505836575,2.4777756943051096e-05,223,0
869,2070,0.0038910505836575,0.0001222377366887342,226,0
869,4610,0.0038910505836575,4.5286976307653964e-05,219,0
870,1865,0.0784313725490196,4.23183676298094e-07,95,1
870,4355,0.0039215686274509,4.999167163507588e-07,98,1
873,2198,0.0039215686274509,5.681952234803588e-07,94,1
875,2034,-0.0080118876191059,2.4234216578667804e-07,93,1
877,972,0.0044642857142857,3.561213962704687e-05,226,0
877,2070,0.0044642857142857,5.1470860296471255e-05,223,0
877,4606,0.0133928571428571,3.2612860367587686e-05,231,0
34,879,-0.0039215686274509,0.0005662200362529057,217,0
879,926,0.0039215686274509,0.00015584864411145858,237,0
879,4741,0.0117647058823529,2.7903398332431967e-05,232,0
879,5776,0.0039215686274509,1.898639546557356e-05,232,0
881,1290,0.06640625,2.7872409419975844e-05,223,0
882,4371,0.0039840637450199,4.0135799093899013e-07,92,1
882,4385,0.0079681274900398,6.267645890172748e-07,85,1
882,5416,0.0079681274900398,7.245824207119034e-07,93,1
882,5418,0.0079681274900398,1.0116400686482937e-06,88,1
236,883,-0.0077821011673151,9.296236209302605e-08,87,1
883,1165,0.0038910505836575,1.3843949552175536e-07,76,1
883,2583,0.0194552529182879,1.0429580776802318e-07,87,1
883,3006,0.046692607003891,9.106646617303612e-08,90,1
883,3008,0.0155642023346303,9.894642541388233e-08,89,1
884,2288,0.0060975609756097,1.228988473359261e-06,68,1
884,5199,0.0060975609756097,9.207812824615154e-05,249,0
712,886,-0.1333333333333333,6.515356449030998e-07,30,1
886,2167,0.0888888888888888,5.223554413616745e-07,41,1
886,3726,0.0777777777777777,4.706508731733708e-07,37,1
886,4419,0.0666666666666666,6.248974828952126e-07,34,1
886,5202,0.0888888888888888,4.799180662766719e-07,39,1
887,1121,0.0121212121212121,1.1714908341930027e-06,94,1
887,3722,0.0363636363636363,9.832620953234469e-05,245,0
889,2569,0.0042735042735042,6.987150490556057e-05,239,0
889,4429,-0.0151821862348178,1.0465505255560617e-06,98,1
889,6369,0.0128205128205128,3.9949106227387584e-05,237,0
890,2162,0.0042194092827004,8.121455660976742e-07,66,1
890,4429,0.0042194092827004,1.054383601974895e-06,78,1
891,2569,0.0116279069767441,0.00021812227439974583,223,0
891,5199,0.005813953488372,0.0003199940067147124,248,0
569,892,-0.0039215686274509,0.0002742746928063472,228,0
892,2285,0.0039215686274509,4.064506324681535e-05,229,0
892,2286,0.0156862745098039,3.724061665983301e-05,262,0
892,2458,0.0039215686274509,4.545139838165818e-05,223,0
892,2569,0.0039215686274509,2.260489526637302e-05,264,0
892,3722,0.0588235294117647,2.5386072280716423e-05,282,0
892,4765,0.0509803921568627,4.608540231321494e-05,218,0
892,5199,0.0352941176470588,3.8126671236241964e-05,289,0
892,5435,0.0039215686274509,0.00011627019974827762,218,0
892,5670,0.0039215686274509,4.800560627768819e-05,222,0
892,5671,0.0196078431372549,1.8682950686894007e-05,217,0
892,5689,0.0078431372549019,5.912205894599734e-05,231,0
892,5694,0.0039215686274509,2.131423264185331e-05,222,0
892,5697,0.0078431372549019,2.4144249131378434e-05,230,0
893,3722,0.0039215686274509,9.970781875082915e-05,254,0
894,4446,0.048582995951417,5.738365752781911e-07,28,1
897,902,0.021551724137931,1.072036812111298e-07,43,1
897,914,0.0344827586206896,1.4035879557723254e-07,43,1
897,1270,0.2284482758620689,3.3320002842376697e-07,52,1
897,1271,0.0948275862068965,2.2120521252727963e-07,34,1
897,2048,0.0043103448275862,1.5980373688309303e-07,39,1
897,2257,0.0086206896551724,1.785176794124834e-07,37,1
897,2822,0.0043103448275862,8.162641655389158e-08,44,1
897,4478,0.0517241379310344,1.488662980263678e-07,36,1
897,4479,0.0043103448275862,7.93204802932606e-07,31,1
897,4524,0.0560344827586206,1.8291654972348528e-07,39,1
897,4525,0.0991379310344827,1.5366867368401354e-07,37,1
897,4914,0.1077586206896551,1.5442188193392444e-07,39,1
897,4915,0.2370689655172413,1.8682398265473878e-07,47,1
897,5617,0.0258620689655172,1.8959108096169902e-07,41,1
897,5618,0.0172413793103448,1.2124529282762027e-07,38,1
898,3059,-0.0523067660118913,1.527298077523196e-07,50,1
898,4258,0.0194174757281553,1.0917102297787037e-06,32,1
898,4468,0.811296692446931,1.1200542056142298e-07,44,1
898,4469,-0.0211511789181692,8.683913856560371e-07,51,1
898,4473,-0.0276413478012564,5.2244476630826e-07,70,1
898,4474,-0.0138206739006282,2.1654663632547195e-07,50,1
898,4527,0.0097087378640776,7.538730638418687e-07,67,1
166,899,-0.0314960629921259,2.3817446280456026e-07,79,1
898,899,-0.1811023622047244,1.4232440427492435e-07,50,1
899,913,0.0866141732283464,9.172980868477602e-08,57,1
899,949,0.0354330708661417,2.6130479861190526e-07,49,1
899,2827,0.0118110236220472,1.8662190220537868e-07,53,1
899,3059,0.0512421412439724,8.630111285733727e-08,64,1
899,3062,0.0236220472440944,2.454332350956853e-07,78,1
899,4468,0.1023622047244094,9.257431380992027e-08,58,1
899,4469,0.0314960629921259,1.0334771494374666e-06,65,1
899,4471,0.0157480314960629,9.429488340552842e-08,65,1
899,4472,0.0039370078740157,8.105669766463903e-07,45,1
899,4473,0.0393855179867222,2.0332113848029184e-07,84,1
899,4474,0.0748031496062992,1.4393647810307042e-07,64,1
899,4518,0.0039370078740157,1.6199518300413462e-07,59,1
899,4519,0.0118110236220472,1.4638959157619107e-07,68,1
899,4527,0.0551181102362204,2.948190029205101e-07,81,1
899,4528,0.0118110236220472,2.889774261629305e-07,60,1
899,4531,0.0157480314960629,3.9007153501971226e-07,50,1
900,4467,0.15,5.495477771341964e-08,11,1
901,2233,0.4074074074074074,4.579564809451636e-08,12,1
275,902,-0.0048543689320388,2.430290799480166e-07,28,1
902,914,0.0631067961165048,8.42313641969501e-08,40,1
902,1270,0.2087378640776699,2.497599999238579e-07,49,1
902,4466,0.058252427184466,2.719872515662297e-07,29,1
902,4479,0.0097087378640776,3.22328858282079e-07,28,1
902,4524,0.0388349514563106,1.453110988473423e-07,36,1
902,4525,0.0145631067961165,1.749689801786468e-07,34,1
902,4914,0.0048543689320388,1.0140991814672543e-07,36,1
902,4915,0.2378640776699029,1.0750710874578946e-07,44,1
902,5617,0.029126213592233,1.5947911545850784e-07,38,1
902,5618,0.1796116504854369,8.85569341911618e-08,35,1
904,2128,0.0078740157480314,8.084560385518952e-07,81,1
904,2151,0.1141732283464567,1.1434792283697159e-06,79,1
905,1891,0.3618677042801556,6.633071536431734e-07,54,1
905,2150,0.0116731517509727,1.1917340069427738e-06,62,1
905,3712,0.0544747081712062,5.233572146903912e-07,56,1
905,4490,0.0194552529182879,7.338784113284472e-07,52,1
905,4493,0.0077821011673151,9.934834637648406e-07,51,1
906,3361,0.0478260869565217,2.941924769571283e-07,52,1
906,4496,0.017391304347826,6.391534325081632e-07,64,1
906,5069,0.008695652173913,1.622304068130802e-07,44,1
657,908,-0.175438596491228,6.734561727903292e-07,36,1
908,1931,0.1228070175438596,7.40633815351419e-07,39,1
908,2050,0.0526315789473684,6.162577173478892e-07,42,1
908,3525,0.1403508771929824,3.046138203756938e-07,44,1
908,3526,0.087719298245614,6.537320172555635e-07,43,1
908,3742,0.0350877192982456,8.583822663322636e-07,49,1
908,4501,0.0350877192982456,4.759483461103375e-07,41,1
908,4503,0.0526315789473684,6.846382989080031e-07,38,1
908,5037,0.087719298245614,7.145052580234804e-07,43,1
118,909,-0.0086206896551724,1.75515050859406e-07,36,1
909,3526,0.0172413793103448,2.7829365723531525e-07,47,1
909,3528,0.0603448275862069,2.881659235635268e-07,34,1
909,3742,0.0172413793103448,7.277444330452949e-07,53,1
910,2980,0.0649350649350649,1.2249652730871998e-06,61,1
910,4764,0.0129870129870129,2.2769266992104384e-07,48,1
11,911,-0.0714285714285714,5.311092596076105e-07,44,1
911,3513,0.3571428571428571,1.7806686324989532e-07,35,1
913,3059,-0.1278303765664736,1.0102355011537896e-07,57,1
913,4468,0.0395256916996047,7.495007525487137e-08,51,1
913,4469,-0.0031902879728966,8.74982430066692e-07,58,1
913,4474,0.0039525691699604,1.6396841385214076e-07,57,1
913,4527,0.0197628458498023,4.2928260782500863e-07,74,1
913,4528,0.0079051383399209,3.4004846053609706e-07,53,1
275,914,-0.01,2.100279679098442e-07,28,1
914,1270,0.46,2.492987713306287e-07,49,1
914,2115,0.01,3.9928348058456204e-07,23,1
914,4914,0.01,1.2171453205669628e-07,36,1
914,4915,0.44,9.210415917823349e-08,44,1
914,5617,0.035,1.6879917881154225e-07,38,1
916,2959,0.0177777777777777,1.0070044416579917e-07,39,1
916,3696,-0.268013468013468,2.0050403339416365e-07,33,1
917,3086,0.00390625,4.861211109428283e-07,83,1
208,918,-0.00390625,9.13946852845023e-07,44,1
918,2948,0.1015625,5.140310255814622e-07,69,1
918,2961,0.06640625,9.637565193636045e-07,50,1
918,3698,0.0546875,9.675210012225555e-07,56,1
918,4537,0.03515625,5.701144215383479e-07,59,1
918,4538,0.09765625,1.171421974914992e-06,40,1
918,4539,0.0078125,8.288038049105374e-07,62,1
524,919,-0.0039370078740157,8.528187690742164e-07,48,1
919,2831,0.0196850393700787,3.315583018832129e-07,52,1
919,2948,0.0081200787401574,7.40847581805271e-07,71,1
919,2961,0.0275590551181102,1.9879600307092168e-07,52,1
919,3697,0.2519685039370078,1.3152474398137428e-07,56,1
919,3698,-0.015501968503937,2.2559041997524185e-07,58,1
919,4537,0.0354330708661417,3.427233629581684e-07,61,1
919,4539,-0.0234676547784468,3.951155705779327e-07,64,1
920,2857,0.0078740157480314,2.0360871570551724e-05,238,0
844,922,-0.0551181102362204,8.257763295555683e-07,45,1
922,1420,0.0708661417322834,3.3909980623620345e-07,48,1
922,1744,-0.0180446194225721,4.7658543106839866e-07,28,1
922,2049,0.0551181102362204,8.662852217695373e-07,56,1
922,4254,0.0787401574803149,3.364314545990839e-07,48,1
922,4481,0.1417322834645669,2.5179164406844756e-07,44,1
922,4551,0.1732283464566929,5.336433465327668e-07,56,1
922,6008,0.0078740157480314,1.2267427037870554e-06,61,1
35,923,-0.0039215686274509,7.908100953084566e-07,97,1
705,923,-0.0784313725490196,4.648260475894939e-07,93,1
923,1743,0.0392156862745098,8.577052420243336e-07,91,1
923,2249,0.0274509803921568,3.515269392776247e-07,89,1
923,2833,0.0862745098039215,5.60983178410543e-07,88,1
923,2951,0.0196078431372549,1.0737253778389834e-06,85,1
923,3701,0.1176470588235294,8.374316000905863e-07,79,1
923,3702,-0.0544441901274128,7.435055289160418e-07,78,1
923,4639,0.0078431372549019,8.05857382469138e-07,96,1
923,4651,0.196078431372549,5.352379030764063e-07,82,1
924,1694,0.2,3.3113356903812575e-07,23,1
925,4577,0.0079051383399209,3.92056703295549e-05,227,0
926,1335,0.01171875,2.919524832086368e-05,265,0
926,2065,0.00390625,2.9965107856796948e-05,308,0
926,2297,0.0078125,9.124438412492375e-05,334,0
926,2301,0.0078125,3.0098131107382745e-05,267,0
926,2756,0.00390625,2.5706701986279843e-05,274,0
926,2841,0.0078125,2.7761929011759198e-05,264,0
926,2843,0.0078125,1.997626596495575e-05,272,0
926,3145,0.00390625,2.2418903657849526e-05,320,0
926,3148,0.00390625,2.4909787762463254e-05,309,0
926,3873,0.00390625,0.001641591767012624,324,0
926,4130,0.00390625,7.147290510417325e-05,286,0
926,4133,0.01171875,2.1323191189338435e-05,346,0
926,5757,0.00390625,0.0005298554197168067,308,0
926,5778,0.00390625,1.9557081967851868e-05,280,0
814,928,-0.01171875,6.586226700504515e-07,49,1
928,1370,0.0078125,4.6574963251813094e-07,35,1
928,3280,0.23828125,6.000085927238489e-07,39,1
929,1327,0.0077519379844961,2.4583614457478678e-05,293,0
929,1501,0.003875968992248,2.967694105741476e-05,300,0
929,2424,0.003875968992248,8.761458496541873e-05,263,0
929,3859,0.003875968992248,2.0670918546421152e-05,294,0
929,3873,0.003875968992248,4.506405495517044e-05,297,0
929,5757,0.0193798449612403,2.66577480638686e-05,281,0
930,1501,0.0194552529182879,1.8307156101650584e-05,250,0
930,4113,0.0077821011673151,3.668977303815757e-05,217,0
930,5761,0.0116731517509727,2.2952175881748127e-05,226,0
930,6210,0.0544747081712062,6.260862015606797e-05,260,0
931,1501,0.0039215686274509,4.012155384741988e-05,233,0
931,1620,0.0509803921568627,4.2054238229475576e-05,235,0
931,1973,0.0039215686274509,2.9930159317498867e-05,223,0
931,2692,0.0117647058823529,2.0101570562913386e-05,238,0
931,3873,0.0039215686274509,2.6977348508245377e-05,230,0
931,4115,0.0039215686274509,3.222374431544408e-05,220,0
932,2067,0.2677165354330709,3.844571586229871e-07,80,1
932,3561,0.0118110236220472,2.0489922568256748e-07,95,1
667,933,-0.0118110236220472,6.481399807412183e-07,81,1
933,3560,0.1456692913385826,1.0627052658252264e-06,38,1
933,4593,0.0157480314960629,6.789983081364796e-07,63,1
933,4595,0.0157480314960629,2.523905133149987e-07,52,1
934,6160,0.00390625,2.4824901139513532e-05,230,0
935,1510,0.0038910505836575,2.564141577488612e-05,274,0
936,4584,0.0039215686274509,3.054246240018497e-05,297,0
938,2696,0.0155642023346303,4.235548107097187e-05,262,0
938,4110,0.0038910505836575,6.881915311390242e-05,251,0
939,2872,0.0583505593385214,2.331326336258088e-07,69,1
182,940,-0.0163934426229508,5.939052275238195e-07,95,1
940,972,0.0109289617486338,6.577889285239258e-05,226,0
940,4610,0.0054644808743169,2.1806050605136568e-05,216,0
942,3086,0.0043103448275862,1.1187012722751215e-06,98,1
946,4203,0.0039370078740157,3.9176710697953585e-07,53,1
946,5565,0.0078740157480314,6.885250128326581e-07,66,1
843,948,-0.0067114093959731,5.040327272925471e-07,88,1
948,1420,0.0067114093959731,4.969572847288664e-07,83,1
948,2049,0.0417390839327254,8.858164176524114e-07,91,1
948,2958,0.0651298511817916,4.314307666834639e-07,93,1
948,4551,0.0134228187919463,3.386357532081904e-07,91,1
948,4552,0.0134228187919463,1.0289262650028908e-06,85,1
948,6008,0.0015651112820648,5.084458574022763e-07,96,1
949,2144,0.0038461538461538,6.465708984816118e-07,34,1
949,2145,0.0076923076923076,1.1438013424426628e-06,33,1
949,4531,0.9576923076923076,3.6661274550653097e-07,35,1
923,950,-0.0234375,8.464047577632685e-07,80,1
950,3691,0.203125,1.0584185289222435e-06,78,1
950,3702,0.01171875,2.558082904978199e-07,48,1
950,4646,0.42578125,7.216883935392958e-07,56,1
950,4647,0.03125,1.905832962025043e-07,47,1
950,4648,-0.0196691176470588,1.0594698367505233e-06,73,1
957,3571,0.4269708381313996,7.767888104607803e-07,45,1
959,2870,-0.0275689223057644,4.579564809451636e-07,16,1
959,6049,0.2261904761904762,4.1103839049538943e-07,14,1
963,2858,0.3872549019607843,1.160874823840896e-06,43,1
963,2984,0.0294117647058823,5.264112180924106e-07,45,1
963,3216,0.0294117647058823,6.222535874582972e-07,48,1
963,3899,0.0049019607843137,5.972817452209994e-07,53,1
964,3721,0.0206611570247933,6.918381947571198e-05,222,0
964,4416,0.0206611570247933,1.8667563124837457e-05,225,0
964,5199,0.0702479338842975,2.0352262113973654e-05,265,0
965,2286,0.0181818181818181,2.0196793136520197e-05,228,0
965,3722,0.0909090909090909,1.9228276440316672e-05,248,0
965,5199,0.0181818181818181,2.340186826037378e-05,255,0
966,2811,0.1052631578947368,9.01011368932065e-07,47,1
966,4421,0.3026315789473684,7.314982390125091e-07,38,1
966,4698,0.0789473684210526,8.490059694079516e-07,40,1
971,1934,0.0483091787439613,9.76772082325537e-07,49,1
972,976,0.04296875,5.177607779287251e-05,245,0
972,1369,0.00390625,8.619676885224791e-05,280,0
972,2065,0.00390625,8.208611908091998e-05,292,0
972,2069,0.01171875,5.215749997773615e-05,312,0
972,2841,0.00390625,7.974023711845193e-05,248,0
972,2871,0.01953125,4.150478346220684e-05,234,0
972,3564,0.00390625,3.079759290776835e-05,252,0
972,3601,0.00390625,4.142075073278706e-05,242,0
972,3602,0.01171875,3.639580476450092e-05,230,0
972,3604,0.0078125,1.912960386929515e-05,258,0
972,4561,0.03515625,5.337670005902971e-05,233,0
972,4565,0.01171875,5.815124448899862e-05,239,0
972,4570,0.046875,2.9358579186095778e-05,266,0
972,4572,0.0078125,2.9020347858110172e-05,274,0
972,4577,0.00390625,7.218999055182838e-05,327,0
972,4583,0.0078125,2.360947878833539e-05,279,0
972,4728,0.05078125,5.1057899250295466e-05,263,0
972,5880,0.00390625,8.816993621873492e-05,302,0
496,973,-0.0038910505836575,8.463946121535122e-05,233,0
926,973,-0.0116731517509727,2.150132162380051e-05,255,0
973,4579,0.0077821011673151,2.1972472678728514e-05,240,0
973,4727,0.0038910505836575,2.1842878518785844e-05,222,0
974,1369,0.0078125,1.985797091949222e-05,275,0
974,2065,0.01171875,1.9600207184596812e-05,287,0
974,2297,0.00390625,4.908147037890017e-05,313,0
974,2841,0.00390625,1.9574760311154394e-05,243,0
974,2844,0.00390625,2.0652565705995785e-05,227,0
974,5736,0.00390625,3.624121879214858e-05,283,0
974,5780,0.00390625,3.3052609817054385e-05,278,0
974,5880,0.01171875,2.043404700787197e-05,297,0
975,2069,0.00390625,7.663112815980999e-05,288,0
975,4577,0.0078125,9.56918249478458e-05,303,0
976,5780,0.0196850393700787,1.9379170938478557e-05,218,0
926,977,-0.0234375,0.00011401470862259892,257,0
972,977,-0.0234375,4.192169257094489e-05,241,0
977,1702,0.01171875,3.6708045411261457e-05,216,0
977,4606,0.01953125,4.336836595562199e-05,246,0
977,4727,0.00390625,5.879543939258571e-05,224,0
977,4737,0.00390625,2.260992125425809e-05,236,0
977,5829,0.0078125,3.840634765380332e-05,229,0
978,5829,0.0039370078740157,0.0001225803093437226,219,0
979,2872,0.029126213592233,9.290468382365187e-07,46,1
979,3552,0.6893203883495146,2.2106759609935537e-07,22,1
980,2409,0.003875968992248,1.9580981158915574e-05,336,0
980,4133,0.003875968992248,9.396015967178494e-05,324,0
981,3859,0.0039215686274509,9.301748722265565e-05,275,0
982,5173,0.074074074074074,1.1904687759426894e-07,5,1
983,1109,0.0494878440083919,2.5252509786074736e-07,62,1
983,1956,0.1621621621621621,1.0236775225490373e-06,61,1
983,3051,0.1216216216216216,8.924249561360396e-07,59,1
983,4750,0.0073406740073406,2.1695017219681047e-07,58,1
984,1097,0.0294117647058823,1.2327131556207312e-06,98,1
746,985,-0.04296875,2.878248219447174e-07,43,1
985,1925,0.00390625,1.132777625964261e-06,64,1
985,3476,-0.00390625,4.39898067854428e-07,64,1
985,3846,0.1407769941634241,1.2111376046847572e-07,44,1
985,3853,0.08984375,1.7952331114219563e-07,60,1
986,5174,0.0214707461084272,6.869347214177453e-08,13,1
987,1799,0.0178137651821862,5.736185083158184e-07,97,1
987,3032,0.0283400809716599,8.640650246137155e-07,92,1
987,3722,0.0080971659919028,0.00013776482333315964,252,0
987,4761,-0.0678077044291982,3.984499244828944e-07,98,1
987,5199,0.0040485829959514,0.00016955984993503049,259,0
988,1824,0.0051282051282051,0.00025919679665424003,222,0
988,3722,0.0051282051282051,0.00041749715816466216,286,0
988,5199,0.0051282051282051,0.0005327996972272319,293,0
988,5689,0.0051282051282051,0.00014012798041639822,235,0
988,5697,0.0051282051282051,0.0003547057094612002,234,0
989,6318,0.75,4.579564809451636e-08,4,1
991,1311,0.01953125,1.932917080158847e-05,271,0
991,1338,0.00390625,4.237911132977499e-05,301,0
991,1511,0.01171875,2.684269135055389e-05,222,0
991,1826,0.0078125,2.084190978802876e-05,245,0
991,2404,0.03125,4.180241430037631e-05,299,0
991,3142,0.00390625,7.113928060217736e-05,235,0
991,3169,0.00390625,1.901921559209647e-05,281,0
991,3508,0.01171875,6.833751100557978e-05,283,0
991,3980,0.00390625,2.472187387126089e-05,279,0
991,4016,0.01953125,1.9363507632585382e-05,235,0
991,4024,0.0078125,6.316583348311866e-05,244,0
991,4046,0.02734375,2.3111330303482593e-05,228,0
991,5708,0.01953125,3.640673350973937e-05,287,0
991,5792,0.01171875,2.4989548798754475e-05,283,0
991,5840,0.01953125,2.685299261771751e-05,227,0
992,3344,0.01953125,4.33186751320128e-05,215,0
992,4777,0.00390625,3.079266549632204e-05,240,0
992,5839,0.00390625,4.691053386429676e-05,228,0
992,5875,0.00390625,2.332160000783565e-05,226,0
993,3974,0.0078125,1.8637394381163074e-05,226,0
994,4792,0.015625,7.473076947966152e-07,90,1
22,995,-0.0116731517509727,3.6821307701779596e-05,227,0
346,995,-0.0038910505836575,6.277345316055925e-05,220,0
995,1311,0.0038910505836575,0.00012180649568434565,236,0
995,1338,0.0311284046692607,0.00014594454528174384,266,0
995,1896,0.0038910505836575,0.0010190163178611124,226,0
995,2404,0.0077821011673151,0.00012513765655853182,264,0
995,3169,0.0194552529182879,5.827161305654378e-05,246,0
995,3508,0.0077821011673151,0.0011478200720867224,248,0
995,3635,0.0038910505836575,2.4060006046953404e-05,235,0
995,4026,0.0077821011673151,1.8331605384499733e-05,279,0
995,5708,0.0505836575875486,0.00010968064796034695,252,0
995,5718,0.0311284046692607,2.4092277459392215e-05,225,0
995,5788,0.0194552529182879,3.112498740618793e-05,233,0
995,5792,0.0233463035019455,7.112021506191547e-05,248,0
995,5864,0.0233463035019455,2.7022218875229125e-05,258,0
995,5866,0.0194552529182879,4.5047638509077734e-05,233,0
995,6334,0.0038910505836575,4.040832846481061e-05,263,0
996,6314,0.4705882352941176,9.698282452969256e-07,19,1
997,2096,0.0161290322580645,1.3889066414121352e-07,95,1
997,4793,0.0241935483870967,2.72537349292166e-07,90,1
997,4794,0.0364010120177103,3.0033840915511947e-07,78,1
997,6320,0.0040322580645161,1.0225069014550849e-06,68,1
997,6351,0.0040322580645161,6.712937560932619e-07,70,1
997,6353,0.0564516129032258,1.8144637574397935e-07,85,1
1002,1628,0.0224719101123595,8.711576578189636e-07,32,1
1002,1950,0.1123595505617977,1.4201683398101667e-07,19,1
1002,3303,0.1508922670191672,3.157103180054737e-07,26,1
1003,2006,0.5,7.511063543569101e-08,20,1
1004,2100,0.1428571428571428,2.756478243593145e-07,17,1
1004,3282,0.0714285714285714,6.640368973704872e-08,10,1
1004,3283,0.0714285714285714,2.4401952492222915e-07,15,1
1004,4816,0.5714285714285714,9.889525505980019e-07,18,1
1006,2105,0.003875968992248,2.06472541031076e-07,81,1
1006,4245,0.0930232558139534,2.4087916800151446e-07,88,1
1006,4830,0.003875968992248,9.011123012488743e-07,84,1
191,1007,-0.50390625,7.490519539681666e-07,58,1
1007,2104,0.02734375,3.382569462777516e-07,53,1
1007,4281,0.03125,1.1516484799098234e-06,61,1
1008,2485,0.3202857142857143,1.0992965999274236e-06,41,1
1008,6479,0.0665454545454545,8.01089299387364e-07,43,1
1009,2482,0.0452674897119341,3.0998280390778186e-07,93,1
1009,2799,0.0452674897119341,9.774381556921561e-07,88,1
1009,4280,0.074074074074074,1.1027453141715912e-06,94,1
1010,2024,0.1372549019607843,7.790546998910738e-07,68,1
1010,4294,0.1803921568627451,1.1508140811843324e-06,55,1
1010,4296,0.0862745098039215,4.3429831314074706e-07,60,1
1011,1611,0.015625,6.524232894437277e-07,55,1
1011,4849,0.0078125,6.845516856118356e-07,62,1
1011,5225,-0.3608302696078431,5.608657067567084e-07,58,1
1011,5283,0.14453125,3.3911142941808807e-07,60,1
1013,2917,0.0470588235294117,9.633033552170682e-07,96,1
1015,1760,0.05078125,8.484627150934544e-07,94,1
1015,2917,0.0039366488326848,1.1223834327850512e-06,87,1
1015,2919,0.0195004921259842,1.1573301005425858e-06,92,1
1015,4864,-0.0669598917322834,3.3243361989092314e-07,96,1
92,1016,-0.0622568093385214,4.140274242376789e-07,94,1
1014,1016,-0.0739299610894941,5.953001999627087e-07,98,1
1016,4859,0.046692607003891,2.50551178992301e-07,86,1
1016,4862,0.0038910505836575,2.4466781665764104e-07,81,1
1016,5221,0.0544747081712062,4.988321254357348e-07,94,1
1016,6502,0.0583657587548638,2.54077947000707e-07,89,1
1018,1619,0.0116731517509727,4.5851362146006097e-07,86,1
1018,2108,-0.0202365268543766,2.1543231693311227e-07,96,1
1018,4859,-0.0194552529182879,3.147498921707636e-07,97,1
1018,4862,-0.0120867673641962,2.5015718077346776e-07,92,1
1018,4869,-0.0194552529182879,4.1678760030988906e-07,92,1
1018,4876,0.0077821011673151,7.669212602895915e-07,82,1
1018,4877,0.0194096546692607,5.340567747649618e-07,81,1
1018,6504,0.0038910505836575,8.473163480868533e-07,81,1
1023,3366,0.0347490347490347,2.816297504541206e-07,86,1
397,1026,-0.171875,1.0254175609280677e-06,51,1
1026,2490,0.01171875,3.4022527218524973e-07,45,1
1026,4903,0.007797181372549,3.201925802375356e-07,43,1
1026,4904,0.1328125,2.642313299520874e-07,49,1
1026,6477,0.015625,1.68377572664612e-07,52,1
1028,1763,0.0352941176470588,1.0617704215266354e-06,26,1
490,1029,-0.0697674418604651,2.4251636603182094e-07,28,1
897,1029,-0.1162790697674418,3.376348970644602e-07,33,1
900,1029,-0.2558139534883721,1.397972415516815e-07,15,1
1029,2046,0.1162790697674418,2.1368379983353874e-07,33,1
1029,2054,0.0232558139534883,2.225885091852502e-07,30,1
1029,2822,0.0232558139534883,2.8391815601290206e-07,31,1
1029,2823,0.0465116279069767,2.0484439827040015e-07,28,1
1029,4465,0.1395348837209302,1.8139166792068918e-07,23,1
1029,4467,0.0232558139534883,1.2254498040161148e-07,16,1
1029,4475,0.1860465116279069,1.3133886821909707e-07,27,1
1037,3653,0.0077821011673151,8.143062166416157e-07,98,1
1038,5012,0.0627450980392156,7.437156964352395e-07,48,1
1042,2921,0.0070422535211267,7.184267381589976e-07,76,1
1042,2925,0.0492957746478873,3.291888584493928e-07,79,1
1042,3749,0.0211267605633802,3.877434034681013e-07,79,1
1048,1457,0.1647058823529411,8.172205336052924e-07,34,1
1048,1851,0.192156862745098,7.113972214323212e-07,34,1
1048,4963,0.1450980392156863,3.9953463574791644e-07,34,1
510,1049,-0.0111111111111111,7.644234344327084e-07,66,1
1049,4147,0.0166666666666666,1.8422906372987865e-07,86,1
1049,4826,0.0777777777777777,4.297324630210838e-07,70,1
1050,4151,-0.0434871149289099,6.565201180406113e-07,81,1
1050,4983,0.0623443725099601,2.0178312744358492e-07,91,1
1050,6269,-0.0001378676470588,4.328276656072975e-07,98,1
1051,2934,0.0503875968992248,3.723409688953179e-07,84,1
1051,3100,-0.0202446029834151,2.2281374495371023e-07,96,1
1051,3102,0.0193798449612403,3.011672476788006e-07,88,1
1051,4149,0.0813953488372093,5.675649190392457e-07,88,1
1052,2008,-0.051791225010063,4.29263372094691e-07,44,1
1052,4151,0.0451435631696387,1.9503867874521702e-07,64,1
1052,4153,-0.0994379593601383,4.522311687733652e-07,55,1
20,1054,-0.1978021978021978,8.128862321765293e-07,14,1
1054,4985,0.2211073950204385,5.139593607371596e-07,18,1
1054,4986,0.0769230769230769,1.1754216344259198e-07,17,1
1055,2122,0.0043520309477756,1.4617005061530764e-07,23,1
1055,4975,0.0454545454545454,1.0998537215111886e-06,39,1
1055,4988,0.0227272727272727,1.0596871693921493e-06,36,1
1056,1272,0.0509803921568627,1.0919112858425236e-06,78,1
1056,4994,-0.0038605325398641,2.7649841448695864e-07,79,1
1058,3750,0.0272373540856031,9.56799800041705e-07,88,1
1058,5007,0.0194552529182879,1.1220448455403744e-06,87,1
1060,3760,0.046692607003891,2.3469896745347125e-07,88,1
1060,3761,0.0308842603189135,7.904213064209959e-07,91,1
1063,5089,-0.1860314300364974,5.736828099680125e-07,84,1
1063,5255,0.0272373540856031,7.276132984655991e-07,70,1
1077,2824,0.3300970873786408,5.492164853856331e-07,36,1
1077,2960,-0.3679266961567186,4.83385428722255e-07,31,1
1077,3699,-0.0270181410281205,4.972580524081556e-07,37,1
89,1078,-0.048780487804878,5.73054277963914e-07,43,1
706,1078,-0.024390243902439,7.815402763170929e-07,41,1
1078,1686,0.024390243902439,7.762189882674671e-07,39,1
1078,5068,0.1791081547179108,7.468277001635044e-07,38,1
708,1079,-0.0099009900990099,4.630016747990409e-07,71,1
1079,1081,0.0099009900990099,6.406621374328575e-07,73,1
1079,1793,0.0445544554455445,1.0427496779123746e-06,95,1
1079,1891,0.0346534653465346,6.934526459059412e-07,70,1
1079,2149,0.0099009900990099,1.1557838955434368e-06,90,1
1079,2150,0.0099009900990099,6.091417578800569e-07,78,1
1079,2999,0.0693069306930693,1.089698455712568e-06,90,1
1079,3001,0.0346534653465346,5.387098946044003e-07,88,1
1079,4490,0.0247524752475247,6.962209272594771e-07,68,1
268,1080,-0.05078125,5.638667176455652e-07,72,1
707,1080,-0.03125,6.018659860820081e-07,74,1
1080,1083,0.015625,6.842424770252422e-07,64,1
1080,2565,0.0078125,4.55258338144579e-07,67,1
1080,3000,0.00390625,7.27399616146364e-07,77,1
1080,3706,0.02734375,5.759224864006536e-07,56,1
1080,3708,0.04296875,3.081399541192117e-07,72,1
1080,5073,0.0078125,9.193123610031985e-07,65,1
1080,5075,-0.05078125,7.329065618612941e-07,75,1
708,1081,-0.0233463035019455,3.670745214635362e-07,76,1
1081,2149,0.0077821011673151,7.236246505201073e-07,95,1
1081,2150,0.0155642023346303,2.663032165121548e-07,83,1
1081,2999,0.0972762645914396,4.6764901812114955e-07,95,1
1081,3001,0.0428015564202334,2.5030287560679186e-07,93,1
1081,3704,0.0505836575875486,6.324571790444483e-07,93,1
1081,3707,0.0544747081712062,4.990806413226596e-07,89,1
1081,3712,0.0038758511673151,5.048741315358678e-07,77,1
1081,4493,0.0038910505836575,4.331241423756593e-07,72,1
1082,2965,-0.0093961148648648,3.727552390813037e-07,54,1
1082,5072,-0.1067302596714361,1.6184176241895008e-07,57,1
212,1083,-0.1875,8.840527787656988e-07,74,1
1083,1151,0.08984375,1.1580834405073541e-06,74,1
1083,1776,0.46484375,7.66038873233772e-07,81,1
1083,3931,0.03515625,1.0525797647089693e-06,55,1
1083,3932,0.00390625,6.797359472725336e-07,75,1
1083,5096,0.0078125,9.425405144294089e-07,68,1
1083,5266,0.01171875,7.738540396510995e-07,62,1
1086,3717,0.1921247357293869,1.027002159606495e-06,28,1
233,1087,-0.3643410852713178,3.676437308540911e-07,51,1
1087,2187,0.0735823719709455,1.1081181489030436e-06,42,1
1087,3716,0.0310077519379844,4.864931211624253e-07,52,1
1087,3718,0.0581395348837209,9.454923373073719e-07,49,1
1087,3880,0.0736434108527131,1.1204490132755626e-06,44,1
1087,3914,0.0465116279069767,8.506137051979101e-07,42,1
1089,1687,0.0046948356807511,5.559991612474621e-07,41,1
1089,2187,0.0985915492957746,1.0839761554272279e-07,32,1
1089,2568,0.1971830985915492,3.427463595256747e-07,38,1
1089,3716,0.0019224542658248,1.1933330778214779e-06,42,1
1089,3718,0.0938967136150234,3.427858173152491e-07,39,1
1089,3880,0.0516431924882629,2.139316982620709e-07,34,1
1089,3912,0.0845070422535211,3.423818317860915e-07,30,1
1089,3914,-0.0066745856666101,3.5869984803960676e-07,32,1
1089,5099,0.0140845070422535,8.321094740284768e-07,37,1
1090,5472,0.2833262123477889,9.838563631304859e-07,83,1
1094,1103,0.0367647058823529,4.6373010395299125e-07,56,1
1094,1966,0.0147058823529411,2.9307447672901156e-07,71,1
1094,2226,0.0220588235294117,1.8448583751194319e-07,56,1
1094,5115,0.0808823529411764,2.5437060089111066e-07,69,1
1095,1688,-0.0473333333333333,9.824143963176022e-07,62,1
1095,5120,0.0166666666666666,4.216262630540969e-07,27,1
1095,5121,0.05,3.6726262601937854e-07,55,1
1095,5133,-0.0077235772357723,8.063072375554961e-07,49,1
1095,5135,0.0333333333333333,8.49729142496718e-07,57,1
1095,5145,0.0833333333333333,2.708908423592669e-07,30,1
53,1096,-0.0046082949308755,4.788311046893171e-07,72,1
1096,1309,-0.1093157557020358,7.920074114384577e-07,60,1
1096,2550,0.0046082949308755,4.104409906970113e-07,92,1
1096,4323,0.0046082949308755,5.506417504143889e-07,94,1
1096,5106,-0.0465777997711316,7.655875959207745e-07,69,1
1096,5124,-0.0352278545826932,2.3997069229781395e-07,75,1
1096,5126,0.0046082949308755,9.444343320755784e-07,82,1
1096,5147,0.0230414746543778,5.546269072189968e-07,97,1
1096,5462,0.0552995391705069,2.3179334664024656e-07,95,1
548,1097,-0.1265822784810126,3.906653178366119e-07,96,1
661,1097,-0.1012658227848101,8.881026358414062e-07,85,1
1097,2626,0.0970464135021097,1.1730675488136267e-06,95,1
1097,3045,0.0126582278481012,6.001934903349915e-07,88,1
1097,3842,0.1139240506329113,7.056000624773705e-07,82,1
1097,4308,0.0042194092827004,3.403157385891909e-07,87,1
1094,1098,-0.065359477124183,3.186497416583685e-07,62,1
1098,2226,0.0065359477124183,2.1219688041967324e-07,58,1
1098,2550,0.0196078431372549,8.660084201312776e-07,78,1
1098,3500,0.0718954248366013,8.581427339905633e-07,78,1
1098,4304,0.0196078431372549,5.968527861049679e-07,97,1
1098,4305,0.0065359477124183,8.172051719420332e-07,94,1
1098,4307,0.0065359477124183,7.843888171544656e-07,82,1
1098,4323,0.065359477124183,5.676450140188349e-07,80,1
1098,5118,0.0588235294117647,1.5789200854529686e-07,68,1
1098,5129,0.0065359477124183,8.291563372422868e-07,90,1
1098,5130,0.0065359477124183,1.1174273242792002e-06,84,1
1098,5148,0.0065359477124183,6.190530778823966e-07,98,1
529,1099,-0.0627450980392156,3.8997092229086254e-07,54,1
1099,1106,0.0078431372549019,9.93872848059694e-07,60,1
1099,2974,0.0039215686274509,2.855099555887503e-07,49,1
1099,5135,-0.0153810940718699,6.245897315256202e-07,64,1
1099,5139,0.0117647058823529,3.7193501834976856e-07,56,1
1101,5121,0.0229179495073891,1.0543840595930138e-06,95,1
1102,1688,-0.016544747081712,2.905486185696568e-07,92,1
1102,2157,0.0272373540856031,3.8613196775763944e-07,87,1
1102,5123,0.0310828064202334,3.4143754237334634e-07,89,1
1105,5136,0.00390625,9.797988949846078e-07,59,1
529,1106,-0.0158730158730158,7.923348490386168e-07,64,1
1106,1780,0.0158730158730158,1.0202507727189941e-06,79,1
1106,2157,-0.0077030812324929,7.154723019287856e-07,74,1
1106,2977,0.0880398671096345,1.2014683276517443e-06,88,1
1106,5122,-0.0588916982722292,8.756777752253144e-07,51,1
1106,5135,0.0403001667593107,1.781709245321794e-07,74,1
1106,5139,0.1468253968253968,4.4272020517214276e-07,66,1
216,1108,-0.0445859872611464,1.2025860499877965e-06,92,1
984,1108,-0.0254777070063694,1.148610958615359e-06,76,1
1108,1110,0.0509554140127388,6.305090482176935e-07,71,1
1108,1217,0.0127388535031847,1.095244336979915e-06,66,1
1108,1804,0.019108280254777,6.777095789841143e-07,85,1
1108,1932,0.0063694267515923,3.053751277646836e-07,48,1
1108,1933,0.0127388535031847,1.0394731216574938e-06,76,1
1108,3040,0.0063694267515923,7.289063522163128e-07,60,1
1108,3127,0.0254777070063694,6.785579276719749e-07,75,1
1108,3538,0.0063694267515923,1.0139315875687444e-06,70,1
1108,3730,-0.0692608253492479,4.341470989435515e-07,59,1
1108,5150,0.0573248407643312,8.021272391112992e-07,91,1
1108,5151,0.0063694267515923,1.1207903295170764e-06,75,1
1108,5158,0.019108280254777,4.8064916464607e-07,63,1
1108,5159,0.0063694267515923,4.114601771049153e-07,61,1
1108,5163,0.0063694267515923,8.325228247548371e-07,58,1
1108,5164,0.019108280254777,3.394327743756394e-07,68,1
1108,5459,0.0254777070063694,7.0697776793654e-07,60,1
1108,5461,0.019108280254777,7.673831388810453e-07,74,1
1109,1956,0.0410958904109589,8.21029752238914e-07,73,1
1109,3051,0.1415525114155251,6.421831562533057e-07,71,1
1109,4750,-0.0402502959580585,8.978230056814796e-08,70,1
51,1110,-0.0278884462151394,1.1160134838886636e-06,96,1
984,1110,-0.0836653386454183,6.400455870143122e-07,83,1
1110,3041,0.0358565737051792,8.579352336339725e-07,80,1
1110,5131,0.0039840637450199,9.79373924689798e-07,65,1
1110,5146,0.0119521912350597,8.406456678161359e-07,86,1
1110,5150,0.0079681274900398,1.0406848530281857e-06,98,1
1111,2973,-0.0223602484472049,8.422005979397249e-07,29,1
1111,5143,-0.0016013198757763,1.8618131790303768e-07,28,1
1111,5458,0.0359361135758651,2.5893705648335446e-07,38,1
1111,5460,0.124223602484472,9.450127899407982e-07,23,1
1112,2880,0.0277777777777777,7.129219598624772e-07,29,1
1112,2883,-0.2341269841269841,5.812563558571717e-07,18,1
1112,4459,0.0535714285714285,5.451654717459668e-07,20,1
1112,4752,0.0138888888888888,3.3390608604111815e-07,31,1
658,1114,-0.0098039215686274,2.2067100094726707e-07,63,1
1114,1123,0.0098039215686274,4.525449019152364e-07,69,1
1114,2089,0.0098039215686274,2.6242608591595235e-07,72,1
1114,3530,0.0049019607843137,4.547302885658911e-07,60,1
1114,3531,0.142156862745098,2.746439375838439e-07,64,1
1114,4753,0.0049019607843137,4.5783832702332416e-07,48,1
1116,4415,0.0104712041884816,9.620833974509827e-07,94,1
1117,2087,0.0163934426229508,1.2226337090873885e-06,77,1
1117,3056,0.0655737704918032,9.566525700305262e-07,75,1
251,1118,-0.0470588235294117,5.3604364011527664e-05,236,0
1118,1562,0.0039215686274509,4.16050188355693e-05,234,0
1118,1824,0.0039215686274509,5.6229903129387315e-05,261,0
1118,2569,0.0039215686274509,9.42007357400208e-05,307,0
1118,3721,0.0078431372549019,2.8607371990698162e-05,289,0
1118,3722,0.0274509803921568,9.341562860741906e-05,325,0
1118,3735,0.0039215686274509,2.1116810892249292e-05,228,0
1118,5669,0.0039215686274509,2.6255452143731796e-05,244,0
1118,5685,0.0117647058823529,5.9580824791418915e-05,240,0
1118,5689,0.0078431372549019,4.924093051378791e-05,274,0
1118,5694,0.0039215686274509,5.772444411019761e-05,265,0
1118,5697,0.0039215686274509,8.102086717590824e-05,273,0
1118,6368,0.0039215686274509,4.752958667359244e-05,246,0
1118,6369,0.0470588235294117,5.130269489147799e-05,305,0
1120,2569,0.0039370078740157,3.7019399702395414e-05,250,0
1120,5199,0.0118110236220472,4.6326958378606133e-05,275,0
1120,5689,0.0039370078740157,2.1850661345857292e-05,217,0
1120,5697,0.0039370078740157,3.2134733441320794e-05,216,0
1120,6369,0.0039370078740157,2.108716822434329e-05,248,0
505,1121,-0.1285714285714285,8.369381951169977e-07,83,1
896,1121,-0.0142857142857142,2.805460749963169e-07,92,1
1121,2880,0.0142857142857142,1.2056332102493372e-06,64,1
1122,1672,0.0315087476182227,5.40152470001122e-07,79,1
1122,5192,-0.0162254208970569,7.54217123170053e-08,78,1
1122,1123,-0.0866141732283464,3.0127278103597177e-07,81,1
1123,5192,0.039274828549657,2.321310447713581e-07,77,1
251,1124,-0.0120967741935483,3.087214963997339e-05,235,0
1124,1562,0.0040322580645161,2.4038691069522858e-05,233,0
1124,1824,0.064516129032258,3.303976750590234e-05,260,0
1124,3722,0.0201612903225806,5.5490767549791675e-05,324,0
1124,5199,0.0040322580645161,7.27045527053358e-05,331,0
1124,5437,0.0080645161290322,3.160552829411243e-05,240,0
1124,5689,0.0282258064516129,2.6896525286787898e-05,273,0
1125,3133,0.0051546391752577,3.543490460474859e-05,246,0
1125,3729,0.0051546391752577,1.8393548441889205e-05,236,0
1125,3992,0.0051546391752577,2.141637870264152e-05,254,0
1125,5101,0.0051546391752577,4.427020882898068e-05,220,0
1125,5423,0.0051546391752577,5.4572716743044485e-05,240,0
1125,5432,0.0103092783505154,1.954602531666824e-05,231,0
1125,5473,0.0051546391752577,3.539204474137539e-05,224,0
1126,1735,0.0054834054834054,9.113160641831369e-07,20,1
569,1127,-0.0235294117647058,0.00042761454574528104,230,0
1127,1295,0.0078431372549019,3.318031867122785e-05,217,0
1127,1304,0.0117647058823529,4.287956940909535e-05,228,0
1127,1563,0.0156862745098039,3.998403517127292e-05,219,0
1127,1689,0.0235294117647058,2.756638208119916e-05,221,0
1127,1824,0.0352941176470588,0.00022338934292081636,220,0
1127,2285,0.0235294117647058,6.936317024971073e-05,231,0
1127,2286,0.0196078431372549,6.244698264802253e-05,264,0
1127,2458,0.0274509803921568,6.140189631725236e-05,225,0
1127,2569,0.0588235294117647,0.00018541484288652323,266,0
1127,2572,0.0431372549019607,7.975120309106807e-05,237,0
1127,3131,0.0039215686274509,0.00019729240179384609,217,0
1127,3614,0.0666666666666666,3.249097313165305e-05,236,0
1127,3722,0.0156862745098039,0.0002703127951403592,284,0
1127,3808,0.0039215686274509,0.00027734182991506854,224,0
1127,5199,0.0196078431372549,0.00033513157013394685,291,0
1127,5436,0.0078431372549019,0.00013758466000207378,215,0
1127,5670,0.0039215686274509,5.792407412114121e-05,224,0
1127,5686,0.0117647058823529,3.251103480844745e-05,222,0
1127,5697,0.0078431372549019,0.00015614444256428737,232,0
569,1129,-0.0117647058823529,0.0004350888925515432,225,0
1129,1304,0.0235294117647058,4.443165018871039e-05,223,0
1129,1689,0.0509803921568627,3.122215807490789e-05,216,0
1129,1824,0.0156862745098039,0.00022850122921091377,215,0
1129,2285,0.0117647058823529,7.272881296918275e-05,226,0
1129,2458,0.0235294117647058,6.377116946363896e-05,220,0
1129,2572,0.0156862745098039,8.620531227069637e-05,232,0
1129,3614,0.0313725490196078,3.390044750627839e-05,231,0
1129,3722,0.0392156862745098,0.0002811967074659369,279,0
1129,5199,0.0117647058823529,0.00034996962427403107,286,0
1129,5435,0.0039215686274509,0.0002221467561400201,215,0
1129,5686,0.0235294117647058,3.395598004411558e-05,217,0
1129,5689,0.0039215686274509,0.0003083522422913417,228,0
1129,6369,0.0039215686274509,0.00017280030450381946,259,0
1130,2286,0.0198412698412698,5.5808560765456576e-05,238,0
1130,2569,0.0396825396825396,0.00015308515483947093,240,0
1130,3722,0.0119047619047619,0.00021860231263508154,258,0
1130,5199,0.0277777777777777,0.00027110359326062934,265,0
1131,6369,0.0038910505836575,4.819370097737519e-05,280,0
1017,1138,-0.0080321285140562,1.0958098839465592e-06,87,1
1141,2578,0.0196078431372549,7.604372635460731e-07,43,1
1143,3003,0.00390625,1.185190949183513e-06,62,1
1144,2339,0.0778210116731517,6.609074317175315e-07,33,1
833,1145,-0.046875,5.14931016530904e-07,79,1
1145,1852,0.0234375,7.059051504501021e-07,76,1
1145,2941,0.0234375,6.582957996995383e-07,75,1
1145,3236,0.0078125,4.99971476335888e-07,69,1
1146,2657,0.1058823529411764,7.94254270143905e-07,43,1
1150,2602,0.0661478599221789,4.899515567601782e-07,44,1
1150,3884,0.0077821011673151,2.76008524009591e-07,46,1
763,1151,-0.18359375,8.715789586566268e-07,59,1
1151,5098,0.09765625,3.866534786684657e-07,66,1
695,1152,-0.1759259259259259,3.8110248955591145e-07,23,1
1152,3663,0.0092592592592592,1.0793194840592645e-06,22,1
1152,4092,0.2037037037037037,1.1906667340474797e-06,26,1
398,1153,-0.0666666666666666,1.0523102982940663e-06,80,1
1153,3669,0.0352941176470588,7.23489069342162e-07,90,1
1153,5279,0.0274509803921568,3.301904589685994e-07,93,1
1153,5281,0.0861495195687837,9.469546545293871e-07,83,1
1153,6493,0.0783529411764705,9.788680981331804e-07,82,1
101,1154,-0.0116279069767441,1.1853889203023405e-06,84,1
721,1154,-0.0077519379844961,1.2296474050122298e-06,73,1
1154,1155,0.0116279069767441,3.485932245791284e-07,86,1
1154,2106,0.0619246608527131,2.2931104531170795e-07,81,1
1154,2190,0.2092872439899858,3.3652815572881985e-07,76,1
1154,4848,0.0463306488100624,4.500674958536505e-07,64,1
1154,5274,0.003875968992248,6.812681629430538e-07,48,1
1154,5275,0.0503875968992248,5.869274723590916e-07,81,1
1154,5277,0.0151376426783861,4.0532534246751807e-07,74,1
1154,5282,-0.0117334781166108,7.281795680711219e-07,86,1
1155,4848,0.0126582278481012,1.0595615917835456e-06,88,1
1155,5277,-0.0348682680487723,3.946749530469148e-07,98,1
142,1156,-0.0714285714285714,2.0368360037810488e-07,36,1
1156,2008,0.0238095238095238,5.682179534491327e-07,25,1
1157,4088,0.4615384615384615,1.8425904755297585e-07,18,1
512,1158,-0.08984375,2.7091897769744236e-07,84,1
1158,2010,0.19140625,1.7973331803806923e-07,88,1
1158,2908,0.0234375,6.779889020295862e-07,94,1
1158,4858,0.06640625,1.036902892433275e-06,82,1
1160,1319,0.0077519379844961,1.0721261576402815e-06,84,1
1160,2272,0.1124031007751938,5.070463392861812e-07,97,1
1160,4359,0.0077519379844961,8.941641288167654e-07,98,1
1160,4371,0.0116279069767441,6.033433117721978e-07,98,1
1160,4385,0.003875968992248,6.588946396523495e-07,91,1
1160,4402,0.0077519379844961,7.687136922742894e-07,94,1
1160,5418,0.003875968992248,6.203070293227633e-07,94,1
778,1162,-0.03515625,4.834138930096382e-07,87,1
781,1162,-0.015625,4.5991244729860016e-07,91,1
1162,1225,0.015625,6.502872149594032e-07,95,1
1162,1371,0.00390625,6.329796518556251e-05,230,0
1162,1989,0.015625,5.778450596240516e-07,90,1
1162,2197,0.00390625,5.496192497249264e-07,96,1
1162,2277,0.00390625,5.322634520166793e-07,91,1
1162,3993,0.00390625,7.557616566449714e-07,82,1
1162,4000,0.015625,8.150494420776148e-07,96,1
1162,5422,0.0078125,7.267637002737371e-07,96,1
1162,5478,0.0078125,4.919370324542027e-07,80,1
1163,1371,0.027027027027027,7.628260542749476e-05,246,0
1163,3993,0.0038610038610038,5.568271364450339e-07,98,1
1165,1794,-0.059536541889483,9.716133265476568e-07,79,1
1165,1962,0.0156862745098039,2.3483595074107805e-07,57,1
1165,2583,-0.082000612745098,1.047442624824336e-07,69,1
1165,3007,0.0078431372549019,2.119533147806985e-07,86,1
1165,3772,0.0196078431372549,4.224374525069995e-07,52,1
1165,3773,0.0040131227588311,8.640325694796653e-08,55,1
1165,5292,0.2274509803921568,1.4393131796705683e-07,55,1
1165,5293,-0.031188725490196,2.308366515925244e-07,69,1
303,1166,-0.0274725274725274,3.0612049656795395e-07,73,1
1166,2200,0.3241758241758242,1.2753712643270426e-07,59,1
1166,4332,-0.076138147566719,2.132344730727786e-07,46,1
781,1167,-0.0039215686274509,8.889745302305861e-07,82,1
865,1167,-0.0470588235294117,5.048461125812233e-07,98,1
867,1167,-0.0039215686274509,2.6016575530132926e-07,83,1
1167,1225,0.0039215686274509,4.1142965878832557e-07,86,1
1167,1371,0.0039215686274509,0.0011632107889974768,221,0
1167,2277,0.0039215686274509,6.099151571324708e-07,82,1
1167,2316,0.0039215686274509,7.193497376045143e-07,87,1
1167,3179,0.0117647058823529,3.711014079778502e-07,71,1
1167,3181,0.0156862745098039,6.031134881699444e-07,84,1
1167,5299,0.0078431372549019,6.614638873222371e-07,94,1
1167,5469,0.0078431372549019,2.495221530042544e-07,87,1
1167,5471,0.0274509803921568,3.876960035246603e-07,85,1
580,1168,-0.08,9.14860111502291e-07,53,1
1168,1835,0.04,1.2039068963703567e-06,55,1
303,1169,-0.2627450980392157,2.2483068854852347e-07,64,1
1166,1169,-0.0549019607843137,2.0569029153196468e-07,47,1
1169,2200,0.1176470588235294,1.940355114046747e-07,50,1
1169,3058,0.2784313725490196,2.5227096992297325e-07,67,1
1169,3182,0.0039215686274509,4.459893222817169e-07,67,1
1169,4331,0.0313725490196078,2.8111068337642223e-07,44,1
1169,4343,0.0039215686274509,3.7333476678498265e-07,53,1
1169,5313,0.0039215686274509,4.7418224516763663e-07,60,1
240,1173,-0.0503875968992248,9.889382529422926e-07,84,1
541,1173,-0.003875968992248,9.771429553271559e-07,83,1
1172,1173,-0.0193798449612403,6.876762185167451e-07,71,1
1173,1258,0.1317829457364341,5.659892394467333e-07,81,1
1173,1849,0.0310077519379844,5.901372852408961e-07,96,1
1173,2202,0.1627906976744186,8.424383438035279e-07,83,1
1173,2587,-0.0040583675330597,7.282513961335208e-07,84,1
1173,2590,0.0736434108527131,6.312546862373756e-07,69,1
1173,5321,0.0077519379844961,1.0971261215190472e-06,94,1
1173,5325,0.0387596899224806,2.2714830548273558e-07,94,1
1173,5329,-0.1719052810077519,2.3305357042190274e-07,86,1
1173,5991,-0.0937802810077519,4.360514860279864e-07,81,1
1173,6053,0.0465116279069767,6.111704024734644e-07,76,1
1174,1849,0.0509803921568627,6.194957685317523e-07,91,1
1174,2252,0.0549019607843137,9.903665940798526e-07,96,1
1174,2379,0.0588235294117647,8.625827813553002e-07,81,1
1174,3023,0.0313725490196078,5.287230105349476e-07,82,1
1174,3026,-0.007797181372549,7.709551189572937e-07,94,1
1174,5323,0.0745098039215686,5.384273199337872e-07,86,1
1174,5327,-0.0115808823529411,1.1513940086269397e-06,67,1
1174,5386,0.0274509803921568,7.490658660742896e-07,79,1
1174,5984,0.0039368872549019,4.979453437776802e-07,77,1
1175,1194,0.0588235294117647,1.0648886259049455e-06,82,1
1175,5601,0.0470588235294117,6.408949988477733e-07,96,1
1178,2286,0.0314960629921259,1.987027280185586e-05,221,0
1178,4440,0.0078740157480314,5.419314353879851e-07,95,1
1178,5199,0.0157480314960629,2.292326564971687e-05,248,0
1180,4435,0.0523560209424083,1.0672631658647961e-06,59,1
1180,4438,0.0837696335078534,1.0959104471160643e-06,51,1
1183,3509,-0.0787234042553191,7.013823579893334e-07,39,1
1183,3529,0.0212765957446808,1.7169891536577235e-07,26,1
592,1185,-0.0078740157480314,8.046850541054275e-07,96,1
1185,1671,0.0002161494519067,4.836935118682147e-07,97,1
1185,3022,0.0118110236220472,9.034455598251668e-07,98,1
1185,3227,0.0157787893700787,2.023691426786813e-07,97,1
1185,4517,-0.0321889763779527,2.9177195423878867e-07,96,1
1185,5345,0.0039370078740157,5.34425945230817e-07,93,1
1185,5371,0.0280186280216918,2.1488881002709964e-07,94,1
591,1186,-0.0138888888888888,3.243538520346275e-07,71,1
1186,1671,0.0416666666666666,3.999246913293552e-07,79,1
1186,3227,0.0138888888888888,3.985999414503835e-07,79,1
1186,3228,-0.0581831831831831,5.262681333777787e-07,57,1
1186,3229,0.0277777777777777,9.164591890471518e-07,82,1
1187,5365,0.0144552529182879,2.1890390051894058e-07,51,1
1190,2617,0.0054644808743169,1.309600682125336e-07,76,1
1190,3779,-0.0261621378845721,2.0250088498033025e-07,70,1
1190,3828,0.0054644808743169,5.839351496853219e-07,85,1
1190,3830,0.0163934426229508,1.4843009789102243e-07,82,1
246,1192,-0.2131782945736434,1.2146480704897065e-06,86,1
1192,6065,0.0387596899224806,1.0966084646259578e-06,92,1
4,1195,-0.00390625,8.900043565009867e-07,62,1
1195,1196,0.0546875,4.803664264406991e-07,69,1
1195,2211,0.015625,6.546808323393644e-07,69,1
1195,2254,-0.203125,8.143005801457795e-07,65,1
1195,4070,0.046875,2.352621446836679e-07,62,1
1195,5394,-0.00390625,4.447417018767964e-07,65,1
1195,5395,0.078125,1.015487141742692e-06,75,1
1195,5396,0.140625,9.795635968128156e-07,64,1
1195,5399,-0.0949542984189723,5.412054467348948e-07,73,1
1195,5574,-0.0426495622568093,6.13906508906309e-07,54,1
1195,6064,0.0546875,1.473366356497641e-07,64,1
1196,1263,0.0077821011673151,4.4095064078732393e-07,75,1
1196,2727,0.0155642023346303,9.783473249826492e-07,79,1
1196,4070,0.1634241245136186,5.093563566104106e-07,69,1
1196,5571,0.0194552529182879,6.250459488342785e-07,76,1
1196,5578,0.1400778210116731,7.109641525739725e-07,71,1
1196,5595,0.0233463035019455,7.646224009010455e-07,71,1
1196,5596,0.0077821011673151,7.651354525299408e-07,80,1
1198,1672,-0.0562399355877616,3.4031316890667234e-07,62,1
1198,5216,0.4118623340321453,3.9080776105229324e-07,45,1
1198,5217,0.5122785829307568,1.3365311943973342e-07,46,1
1199,1200,-0.0041642314436002,6.043563392109058e-07,65,1
1199,1206,0.0363395225464191,1.0899679223116161e-07,85,1
1199,1212,0.0086206896551724,7.020841130206655e-07,71,1
1199,2218,-0.0054638173870811,2.741057482883148e-07,80,1
1199,3037,-0.0416893825814365,2.3129931327935801e-07,78,1
1199,3335,0.0043103448275862,1.0418882757835741e-06,84,1
1199,3608,0.0517241379310344,4.073294764372361e-07,81,1
1199,3609,0.0043103448275862,6.320470398259131e-07,75,1
1199,5408,-0.0268123812109693,1.0784896928627975e-06,90,1
1199,5412,0.0129310344827586,5.011108755133839e-07,78,1
1199,5425,0.0505485893416927,7.981610217611848e-08,92,1
1200,3608,0.0495181123296776,2.966319585541712e-07,60,1
1200,3609,0.0070518371891624,2.497444997694235e-07,54,1
1200,5412,0.0188474576271186,2.84223559282903e-07,57,1
1200,5443,0.0289721967103615,2.553658807507371e-07,48,1
1203,4385,0.0038910505836575,4.338802961048128e-07,88,1
1200,1206,-0.0153846153846153,4.0849395569829785e-07,64,1
1206,1212,0.0205128205128205,4.5562504121056516e-07,70,1
1206,3037,-0.03835005574136,2.682596690410315e-07,77,1
1206,3335,-0.0094087730451366,1.0488170553776263e-06,83,1
1206,3608,0.0923076923076923,2.6013245289712196e-07,80,1
1206,3609,0.0358974358974358,4.052079181849954e-07,74,1
1206,5412,0.0045128205128205,4.0537825935429115e-07,77,1
1206,5425,-0.0442890442890442,1.4013699188195598e-07,91,1
1206,5443,-0.0732853353543008,2.924960834423152e-07,68,1
1207,5113,0.0404858299595141,7.04698350295636e-05,223,0
1207,5474,0.0040485829959514,0.0010823917630136833,249,0
1093,1208,-0.0622568093385214,4.230954072844529e-05,218,0
1208,3795,0.0583657587548638,3.089746279525284e-05,229,0
1208,5113,0.0077821011673151,0.00017583227188267185,215,0
1211,1371,0.04296875,2.0990474922047754e-05,292,0
1212,2222,0.0331491712707182,4.2882477611464317e-07,58,1
1212,2628,-0.0064511860257385,4.083357953516874e-07,65,1
1212,2630,0.0461700769038563,7.121665940959035e-07,60,1
1212,3335,0.0097027532989361,7.384055948243049e-07,69,1
1212,5444,0.0632650850395406,9.59635696614304e-07,72,1
1213,5445,0.0526315789473684,3.178211838537404e-07,17,1
1214,4006,0.0077821011673151,2.2076574146835327e-05,223,0
1215,5166,0.0147058823529411,2.205198195023219e-07,28,1
1215,5452,0.0147058823529411,9.171403499180395e-08,25,1
1216,1371,0.0042918454935622,3.2414595780826575e-05,283,0
1216,5474,0.055793991416309,2.3780471580116963e-05,242,0
568,1217,-0.0889830508474576,2.502626169825555e-07,69,1
1105,1217,-0.0254237288135593,4.868383925808587e-07,69,1
1217,2225,-0.0101861083416417,2.458564436098199e-07,60,1
1217,3126,0.173728813559322,3.4420914385329247e-07,70,1
1217,3730,-0.0082609314912405,2.714955439271901e-07,61,1
1217,5156,-0.0113877118644067,7.158450585304651e-07,61,1
1217,5163,0.0457473732648209,1.1168943848141782e-07,60,1
1217,5164,0.0042372881355932,3.7013830645598356e-07,70,1
1217,5165,0.0807525981725605,8.726969795879054e-08,63,1
1217,5459,0.0720338983050847,1.921991765749356e-07,62,1
1111,1218,-0.0208333333333333,3.467079834785411e-07,28,1
1218,5458,-0.0246598639455782,1.9882239820313832e-07,34,1
1103,1220,-0.0040322580645161,5.781922694916932e-07,80,1
1220,1688,0.0040322580645161,5.665541690058417e-07,98,1
1220,1966,0.0080645161290322,5.951813072223148e-07,95,1
865,1225,-0.003875968992248,5.290742512593274e-07,94,1
1225,1371,0.1317829457364341,0.00028714491318110644,217,0
1225,2316,0.1240310077519379,2.6456982504826827e-07,83,1
1225,3181,0.003875968992248,4.1132545045010826e-07,80,1
1225,5471,0.003875968992248,1.291425744214833e-07,81,1
1226,1371,0.0038910505836575,6.223167021017776e-05,293,0
1226,5474,0.4007782101167315,3.910953420713523e-05,252,0
865,1227,-0.0313725490196078,5.772742421958949e-07,73,1
867,1227,-0.0078431372549019,2.0982214579929839e-07,58,1
1227,3181,0.0392156862745098,5.64958611190269e-07,59,1
1227,5469,0.0117647058823529,2.5004111299067543e-07,62,1
1227,5471,0.0039215686274509,3.087590650774735e-07,60,1
1230,1234,0.01171875,1.1380139094739091e-06,98,1
1230,5496,-0.0079355314960629,8.239928091958233e-07,79,1
1233,2356,0.1482996323529412,1.482869462618517e-07,49,1
1233,4190,-0.0114925193050193,9.78087884370596e-07,71,1
1233,5507,0.011595718503937,2.8929381306615595e-07,58,1
1233,5508,-0.2061800826848249,3.8768933645695514e-07,42,1
1239,4098,-0.125,1.1313845922553319e-07,30,1
1239,4104,0.046875,9.929104650853619e-07,33,1
1240,1382,0.25,7.131656269592976e-07,54,1
1240,2241,0.0546875,5.046223092232245e-07,59,1
1241,3962,0.0039215686274509,1.1840391168129994e-06,83,1
587,1245,-0.0416666666666666,6.337172135233712e-07,43,1
1246,3877,0.2952755905511811,4.6524576841669036e-07,34,1
1246,3911,-0.0193188060794726,5.696027835964274e-07,33,1
1247,1792,0.0155642023346303,8.821173858633122e-07,50,1
1247,5080,0.0739299610894941,6.443888948331279e-07,48,1
1247,5552,0.0155642023346303,4.266060809449221e-07,59,1
89,1248,-0.0461538461538461,2.9798995430900024e-07,37,1
1248,1686,0.1650466688123592,1.608678093241716e-07,33,1
1248,2965,0.1692307692307692,3.33979216521259e-07,39,1
1248,5068,0.2391608391608391,4.6580202657934485e-07,32,1
1248,5081,0.0769230769230769,3.4970452225968697e-07,33,1
1248,5553,0.0307692307692307,8.037288109281552e-07,31,1
116,1249,-0.0745098039215686,9.933474099885571e-07,98,1
707,1249,-0.0392156862745098,1.1424192210883163e-06,84,1
1249,3000,0.0431372549019607,7.432961248508666e-07,87,1
1249,3708,0.0627450980392156,4.115242096170458e-07,82,1
1249,3929,0.0392156862745098,7.558640487375174e-07,74,1
1250,5064,-0.0231026135980635,3.3096925766952794e-07,24,1
1251,5560,0.3176470588235294,2.5475124367155264e-07,62,1
175,1254,-0.0502092050209205,9.557327557958302e-07,69,1
946,1254,-0.0711297071129707,7.935234684333107e-07,71,1
1254,1747,0.0167364016736401,6.81082779494324e-07,51,1
1254,4536,0.0502092050209205,7.850495540005105e-07,70,1
1254,4543,0.0167364016736401,1.0044715222436743e-06,64,1
1254,4643,0.00027785041841,1.068991355463611e-06,77,1
1173,1255,-0.0234375,9.806978943732927e-07,73,1
1255,5570,0.0234375,9.862561322480687e-07,65,1
1256,1266,0.0077519379844961,4.852335855897782e-07,62,1
1256,5394,-0.1015927810077519,9.668632440492443e-07,67,1
1256,5397,0.0348837209302325,6.154002833591123e-07,56,1
1256,5598,0.0038154069767441,1.9524895222838193e-07,68,1
272,1257,-0.0196078431372549,6.138788002170175e-07,47,1
1257,5575,0.0078431372549019,4.762068825697327e-07,49,1
1257,5610,0.0980392156862745,8.493742401181045e-07,48,1
541,1258,-0.109375,4.3744783576215524e-07,76,1
1230,1262,-0.0894941634241245,9.259103031962976e-07,92,1
1262,5494,0.1011673151750972,2.0005878183866972e-07,83,1
1262,5560,-0.0353246356908522,7.423598616796375e-07,80,1
1262,5591,-0.0039826047150377,1.4628780544986288e-07,95,1
1256,1263,-0.0157480314960629,1.0702270122717033e-06,70,1
1263,4069,0.1220472440944882,3.961403131443576e-07,65,1
1263,5394,0.358267716535433,7.954580326033274e-07,71,1
1263,5574,0.0078740157480314,9.950139351643706e-07,60,1
1263,5597,0.1850393700787401,9.324054238595126e-07,64,1
1263,5598,0.0078740157480314,1.0710250501800606e-06,72,1
1263,1264,-0.01171875,4.1369507720018235e-07,68,1
1264,2727,0.01953125,5.72568162330449e-07,72,1
1264,4071,0.01953125,8.32577343635604e-07,87,1
1264,5571,0.0078125,6.40421676592261e-07,69,1
1264,5578,0.00390625,5.88258725262579e-07,64,1
1266,5569,0.3869912790697674,1.0010799499260912e-06,58,1
1266,5575,0.0234375,3.188619726636138e-07,54,1
1266,5598,0.0078125,3.405665442874189e-07,64,1
1266,5610,-0.0077517023346303,5.511457176782039e-07,53,1
743,1269,-0.0655737704918032,7.594832579558526e-07,80,1
1269,1377,0.0124871926229508,1.0974943072336558e-06,98,1
1269,3831,0.2295081967213114,6.988690293438764e-07,83,1
1270,4521,0.2634146341463415,5.674986883526034e-07,36,1
1270,5616,-0.539793451988574,7.568611533159109e-07,34,1
1270,1271,-0.78125,4.0955789589850683e-07,40,1
1271,4521,0.21875,2.390363224099431e-07,18,1
701,1273,-0.14,2.2970784303129786e-07,45,1
1273,1517,0.04,7.987349538637446e-07,54,1
1273,3307,0.06,2.679904899111955e-07,50,1
1273,3687,0.28,4.115084768766855e-07,52,1
1273,4145,0.16,1.9148903073374664e-07,34,1
1003,1274,-0.0157480314960629,2.551788495101449e-07,22,1
1274,2006,0.1535433070866141,2.0558978504260345e-07,22,1
1274,2100,-0.0184417737256527,1.5183706322537668e-07,24,1
1274,3107,-0.1952509842519685,1.264710051967439e-07,26,1
1274,4136,0.2275396927843036,1.035639107753775e-07,28,1
1274,4815,0.2285162884051258,8.321028940003691e-08,29,1
1274,4820,0.138467930202192,1.3282224150242963e-07,30,1
1274,5625,0.0259943468604885,8.713563066528117e-08,23,1
277,1275,-0.204,5.17679133923274e-07,32,1
1275,1818,0.032,6.153561934164487e-07,32,1
1275,1871,0.052,3.0559365724203803e-07,35,1
1275,2421,0.012,8.973478002059123e-07,39,1
1275,2422,-0.2536687116564417,2.770078623112316e-07,43,1
1275,3107,0.032,5.757839622734307e-07,35,1
1275,4135,-0.0058378378378378,1.592596166381281e-07,39,1
1275,4815,0.208,1.1719251248012883e-06,38,1
1275,5622,0.112,7.938980719564316e-07,34,1
1275,5625,0.0055897435897435,1.068695799454717e-06,32,1
1276,1277,0.0575916230366492,2.029009465024745e-07,53,1
1276,2004,-0.0025768979057591,6.218035268560783e-08,56,1
1276,2262,-0.0049901832460732,2.262498300504734e-07,45,1
1276,3324,0.0170413715224309,2.153067991526074e-07,51,1
1276,4138,0.0641412585976799,1.443581881548265e-07,54,1
1276,4139,0.0575916230366492,9.543387956562015e-08,56,1
1276,4140,-0.002313405576525,2.0918451921243248e-07,52,1
1276,4142,0.0261780104712041,2.0871851360736626e-07,51,1
1276,5626,0.1989528795811518,1.27339332205442e-07,48,1
1276,5628,0.0052356020942408,6.907751662543996e-07,46,1
1276,5635,0.031413612565445,1.0697134869763754e-07,53,1
1276,5636,0.0157068062827225,4.4113652218190416e-07,47,1
1276,5881,0.1047120418848167,7.130034072494315e-08,53,1
278,1277,-0.0156862745098039,1.0917481867169878e-07,47,1
1277,1279,0.0588235294117647,1.5048263605150451e-07,44,1
1277,2004,-0.0194393382352941,1.266385928887147e-07,51,1
1277,2262,0.1058823529411764,1.5339819388780733e-07,40,1
1277,3324,0.2,8.056485120938929e-08,46,1
1277,3973,0.0392156862745098,1.0939773739767833e-07,43,1
1277,4138,0.0549019607843137,6.997132959237567e-08,49,1
1277,4140,0.0356133150934792,9.136406227162651e-08,47,1
1277,4560,0.1529411764705882,2.1455296689305337e-07,36,1
1277,5629,0.2313725490196078,1.664264084891138e-07,38,1
1277,5630,0.0078431372549019,1.2042174418658835e-07,47,1
1277,5637,-0.0007620862110026,1.285270191181527e-07,51,1
1278,4137,0.0476190476190476,2.356137074279785e-07,23,1
1278,4140,0.0238095238095238,3.221480552981828e-07,31,1
1278,5630,0.0785024154589372,2.379720925645274e-07,31,1
1278,5637,0.0119047619047619,3.8867367056365127e-07,35,1
355,1279,-0.00390625,2.4156765718990466e-07,43,1
1276,1279,-0.05078125,1.5098078740497327e-07,49,1
1279,2004,0.0625,1.2835149448617995e-07,47,1
1279,2421,0.00390625,1.3043974560341502e-07,38,1
1279,2422,0.0078125,7.767861737789918e-07,42,1
1279,3324,-0.0196231617647058,1.3642804509853337e-07,42,1
1279,4139,0.08984375,1.5308958949970115e-07,47,1
1279,4140,0.05078125,1.5680217203037843e-07,43,1
1279,4141,0.03515625,2.099481361895315e-07,49,1
1279,5623,0.01953125,2.677784095307101e-07,45,1
1279,5626,0.01171875,1.15122181659116e-07,39,1
1279,5635,-0.3686887254901961,1.1206263660066789e-07,44,1
1279,5881,0.31640625,1.3747148252551523e-07,44,1
1282,1865,0.1019417475728155,1.3574905109756523e-07,95,1
290,1284,-0.0980392156862745,7.119692023635333e-07,70,1
1284,4378,0.0274509803921568,2.2098429278959434e-07,78,1
1284,5645,0.0784313725490196,6.722172343200998e-07,80,1
1284,5703,0.1372549019607843,8.883884917307779e-07,89,1
875,1285,-0.0078740157480314,6.667963739656415e-07,96,1
1286,3262,0.0389105058365758,1.2031797766549787e-06,87,1
1286,4355,0.0389105058365758,3.1590387279153983e-07,95,1
1287,1290,0.0748031496062992,5.566423923746656e-05,229,0
281,1289,-0.024390243902439,3.5893010214494973e-07,96,1
780,1289,-0.008130081300813,5.477815429057971e-07,65,1
781,1289,-0.008130081300813,4.199747810033436e-07,88,1
1225,1289,-0.048780487804878,2.728081035318052e-07,92,1
1289,1371,0.016260162601626,0.00032452797912224755,227,0
1289,1989,0.008130081300813,2.7611658270597634e-07,87,1
1289,2277,0.008130081300813,2.746765673143707e-07,88,1
1289,3179,0.032520325203252,3.700401699513006e-07,77,1
1289,3993,0.008130081300813,8.045064780718677e-07,79,1
1289,3994,0.016260162601626,5.999234219738478e-07,64,1
1289,3995,0.008130081300813,4.423573712603654e-07,69,1
1289,4344,0.056910569105691,4.198366364704016e-07,74,1
1289,4345,0.008130081300813,3.9130565595180827e-07,88,1
1289,5298,0.008130081300813,5.260799417123915e-07,76,1
1289,5469,0.008130081300813,4.101144101763461e-07,93,1
1289,5471,0.016260162601626,2.8246041150637505e-07,91,1
1289,5484,0.008130081300813,3.007991643759117e-07,96,1
133,1291,-0.024793388429752,4.2007465749310847e-07,93,1
153,1291,-0.0082644628099173,9.136262658179785e-07,83,1
780,1291,-0.0495867768595041,5.265966348493175e-07,56,1
867,1291,-0.0082644628099173,6.842832379563765e-07,80,1
1162,1291,-0.0082644628099173,5.685084668817054e-07,96,1
1225,1291,-0.0165289256198347,3.51725336936025e-07,83,1
1291,2197,0.024793388429752,4.88129468692685e-07,84,1
1291,2273,0.0082644628099173,2.4959406772835906e-07,88,1
1291,2277,0.0330578512396694,3.112149324421899e-07,79,1
1291,3993,0.0661157024793388,1.0437888204207784e-06,70,1
1291,3995,0.024793388429752,4.406440380207034e-07,60,1
1291,3999,0.0165289256198347,9.095326819746399e-07,89,1
1291,4344,0.0413223140495867,5.110737369889169e-07,65,1
1291,4345,0.0082644628099173,2.740421470901293e-07,79,1
1291,5298,0.0082644628099173,5.495361762721534e-07,67,1
1291,5299,0.024793388429752,3.08638966214992e-07,91,1
1291,5469,0.0082644628099173,7.775528697318363e-07,84,1
1291,5471,0.024793388429752,3.7705570439610267e-07,82,1
1291,5478,0.0578512396694214,2.7711464918130364e-07,68,1
1291,5482,0.0165289256198347,6.44720847848472e-07,53,1
1291,5484,0.0909090909090909,3.2654363052133395e-07,87,1
615,1295,-0.0038910505836575,5.133045933818582e-05,220,0
1295,2279,0.0077821011673151,1.8760188488284544e-05,241,0
1295,5423,0.0233463035019455,2.492201130125859e-05,240,0
1297,1560,0.0053838435748721,5.928543993298806e-07,84,1
1297,2276,0.0933852140077821,1.7450508049168924e-07,87,1
1297,2711,0.0077821011673151,8.049959060106887e-07,96,1
1297,3114,0.0116731517509727,8.335999593407775e-07,75,1
1297,5444,-0.0235599298084992,7.869167260900989e-07,90,1
1297,5448,0.0348668650339513,4.972265277713399e-07,86,1
1297,5450,0.1556420233463035,5.488002448208996e-07,89,1
1297,5665,0.0272373540856031,8.597079197623193e-07,89,1
1297,5668,0.0038910505836575,2.421290642381157e-07,96,1
1297,5674,0.0389105058365758,4.2801264695431173e-07,94,1
1297,5675,0.0038910505836575,3.7613907117495926e-07,86,1
1299,5474,0.0428015564202334,0.00013752208950237703,240,0
1093,1301,-0.011049723756906,2.563172704951866e-05,237,0
1301,5113,0.0220994475138121,0.00010243018193351764,234,0
1302,3795,0.0077821011673151,3.121230748836777e-05,244,0
1302,5113,0.0038910505836575,0.0001768999007261704,230,0
83,1304,-0.0039215686274509,0.0004873877030281495,225,0
615,1304,-0.0039215686274509,3.790441764017604e-05,231,0
739,1304,-0.0078431372549019,2.856687743830531e-05,243,0
1214,1304,-0.0039215686274509,2.778028277460887e-05,259,0
1304,3817,0.0235294117647058,2.292288579896444e-05,246,0
1304,3818,0.0156862745098039,2.5166407953059378e-05,237,0
1304,5423,0.0039215686274509,1.9270097039573937e-05,251,0
1304,5442,0.0196078431372549,1.8394480778363685e-05,246,0
1304,5449,0.0039215686274509,6.397618145246406e-05,246,0
1304,5451,0.0078431372549019,2.13555033861944e-05,234,0
1304,5677,0.0039215686274509,8.894595127710075e-05,243,0
1304,5681,0.0156862745098039,1.8766081428245416e-05,249,0
1209,1305,-0.02,1.2034833958840909e-06,71,1
1305,3725,0.08,1.1953284602857691e-06,61,1
1305,5684,0.04,1.092182674942501e-06,97,1
1107,1308,-0.2175925925925926,8.418619817375044e-07,24,1
1308,5137,0.037037037037037,2.989562913573707e-07,22,1
1308,5157,0.0824225865209471,1.263456276110623e-07,21,1
1309,2156,0.2025316455696202,1.0378257793583395e-06,69,1
1309,5112,-0.0140536230439549,7.226097412937084e-07,72,1
1310,2302,0.015625,6.585596082535326e-07,50,1
1310,5729,0.0546875,1.2026237520598847e-06,62,1
1310,5731,0.0021945224719101,1.916294089263371e-07,43,1
1311,2070,0.0078740157480314,0.00010320397920254165,277,0
1311,2271,0.0157480314960629,4.890647192810995e-05,262,0
1311,2401,0.0039370078740157,3.280627350348146e-05,231,0
1311,6149,0.0039370078740157,2.1366105899936093e-05,249,0
1311,6150,0.0039370078740157,4.201710211101869e-05,243,0
926,1312,-0.00390625,0.00013053123169478955,265,0
1312,2876,0.00390625,2.1776039996760034e-05,235,0
1312,4610,0.0078125,1.843785108425647e-05,239,0
1312,5803,0.00390625,2.7028552071326492e-05,244,0
1317,2634,0.0277777777777777,3.1413613820583626e-07,71,1
1317,3503,0.0277777777777777,2.1656467545367616e-07,92,1
1290,1318,-0.0549019607843137,2.781467636479009e-05,222,0
75,1320,-0.0289855072463768,5.039792324185971e-07,59,1
1320,2296,0.4492753623188406,3.6236776762810466e-07,91,1
1322,1724,0.003875968992248,6.460316415953126e-05,220,0
1322,2495,0.0155038759689922,2.0673908863232897e-05,227,0
1322,3631,0.003875968992248,7.763095190936535e-05,247,0
1322,3643,0.003875968992248,7.689908979332936e-05,227,0
1323,1328,0.003875968992248,5.7570992606840756e-05,258,0
1323,1724,0.0077519379844961,2.4771972719406603e-05,266,0
1323,1922,0.003875968992248,3.648409033026912e-05,270,0
1323,3631,0.003875968992248,3.3891937922155365e-05,293,0
1324,1510,0.003875968992248,2.149909838760774e-05,267,0
1324,2499,0.0116279069767441,4.665152166810503e-05,306,0
1324,4108,0.0155038759689922,4.245308148363875e-05,263,0
457,1325,-0.0039215686274509,4.300978149821798e-05,254,0
1325,4109,0.0039215686274509,6.057086142074542e-05,247,0
687,1326,-0.01171875,2.8398172802910966e-05,230,0
1326,2738,0.0078125,2.3540790837178226e-05,240,0
1326,2743,0.00390625,3.6482563545042494e-05,275,0
1326,3626,0.00390625,2.4908351225319674e-05,243,0
1326,6364,0.015625,2.666289924124538e-05,234,0
626,1327,-0.0038910505836575,7.232439394849354e-05,250,0
1327,1498,0.0077821011673151,3.475397042205939e-05,240,0
1327,1591,0.0155642023346303,6.582258061179471e-05,249,0
1327,1607,0.0116731517509727,0.0002578592103471678,295,0
1327,1627,0.0116731517509727,2.6974616451991385e-05,227,0
1327,1897,0.0077821011673151,2.0126473868047093e-05,234,0
1327,3386,0.0077821011673151,9.710259486870346e-05,274,0
1327,3387,0.0077821011673151,5.0049156103431866e-05,263,0
1327,3635,0.0155642023346303,0.00037476776763231516,273,0
1327,5768,0.0077821011673151,3.2753057125990424e-05,230,0
1327,6204,0.0038910505836575,8.541024639298654e-05,235,0
1327,6205,0.0155642023346303,2.1887043494105963e-05,239,0
1327,6233,0.0038910505836575,0.00014736407447468513,252,0
1327,6334,0.0116731517509727,8.132242947848906e-05,301,0
1327,6335,0.0038910505836575,0.00036124605335868993,310,0
1327,6483,0.0038910505836575,0.00032537209982611107,288,0
1327,6521,0.0116731517509727,4.620322917651715e-05,261,0
1328,1622,0.003875968992248,0.00035356015643479627,223,0
1328,2739,0.003875968992248,0.0010993060525694978,264,0
1328,2747,0.003875968992248,0.00018534382772079105,217,0
688,1330,-0.0078431372549019,2.0347314397733213e-05,231,0
1330,1922,0.0078431372549019,4.441537256553144e-05,260,0
1330,2743,0.0078431372549019,1.9444053919141384e-05,275,0
1330,6202,0.0039215686274509,3.0681015966744054e-05,221,0
1330,6346,0.0078431372549019,3.0550303163167093e-05,252,0
1330,6516,0.0039215686274509,3.266979055673151e-05,219,0
1330,6519,0.0039215686274509,3.1685640073400416e-05,223,0
1331,1949,0.0099009900990099,9.05892505018864e-07,85,1
1331,3684,0.0198019801980198,5.758223469451238e-07,90,1
1331,5766,0.0099009900990099,7.831931931153346e-07,85,1
1331,6234,0.0099009900990099,4.216896809987593e-07,94,1
1328,1332,-0.0116731517509727,0.0003520576172721687,269,0
1332,1498,0.0038910505836575,6.86065245254641e-05,238,0
1332,1607,0.0077821011673151,8.49307709301968e-05,293,0
1332,1608,0.0038910505836575,0.00018501888794513583,295,0
1332,2745,0.0077821011673151,5.952477732354344e-05,297,0
1332,3635,0.0116731517509727,0.00011799270456242518,271,0
1332,3873,0.0038910505836575,3.2134038920885647e-05,300,0
1332,6205,0.0038910505836575,4.7633255815591146e-05,237,0
1332,6334,0.0077821011673151,3.0189341291728848e-05,299,0
1332,6483,0.0077821011673151,0.00010802191564347429,286,0
352,1333,-0.00390625,6.447957771685771e-05,255,0
626,1333,-0.00390625,9.167753552132701e-05,246,0
1333,3873,0.00390625,3.758180269857245e-05,298,0
749,1334,-0.0038910505836575,3.944563766861461e-05,309,0
1334,1973,0.0038910505836575,4.139752913282807e-05,310,0
1334,2310,0.0038910505836575,2.0427820785108248e-05,300,0
1334,5736,0.0038910505836575,4.906610240724693e-05,297,0
1334,5853,0.0038910505836575,2.2325871081722816e-05,335,0
1335,1501,0.1220472440944882,2.1439965263581988e-05,250,0
1335,6513,0.0078740157480314,3.970106180391428e-05,244,0
808,1336,-0.0116731517509727,4.0968494889242235e-05,302,0
1336,3625,0.0077821011673151,1.879035580093728e-05,249,0
1336,6237,0.0116731517509727,6.470818535967225e-05,291,0
61,1337,-0.0078431372549019,2.3314320679371306e-05,231,0
1337,2404,-0.0038605325398641,3.231563464186427e-05,257,0
1337,5829,0.0039215686274509,2.415958123724785e-05,247,0
972,1338,-0.003875968992248,0.00015398287675470187,310,0
1290,1338,-0.0077519379844961,0.00016027644669903222,308,0
1338,1928,0.003875968992248,4.4819171118706335e-05,221,0
1338,2070,0.003875968992248,9.437091892836505e-05,307,0
1338,2271,0.0077519379844961,0.00011128942231237643,292,0
1338,2401,0.003875968992248,3.151295682981736e-05,261,0
1338,2461,0.003875968992248,2.0272691785469886e-05,242,0
1338,2585,0.003875968992248,2.72824788976388e-05,242,0
1338,3764,0.0193798449612403,2.3163783163018254e-05,261,0
1338,4388,0.003875968992248,3.286562826970812e-05,259,0
1338,4606,0.003875968992248,7.943856825552205e-05,315,0
1338,4727,0.0077519379844961,5.2142831019363556e-05,293,0
1338,5302,0.0465116279069767,3.283341457121069e-05,310,0
1338,5713,0.0077519379844961,4.036086222100493e-05,220,0
1338,5801,0.0116279069767441,6.370424580689394e-05,282,0
1338,5805,0.003875968992248,3.155258113919409e-05,226,0
1338,5807,0.0193798449612403,1.9395402197907777e-05,277,0
1338,5829,0.003875968992248,0.00016199003939799044,298,0
1338,6149,0.0077519379844961,2.0764771219314755e-05,279,0
1338,6150,0.003875968992248,4.264083253851152e-05,273,0
1341,2065,0.0078740157480314,0.00012500744883833152,270,0
1341,2069,0.0118110236220472,7.788564831694671e-05,290,0
1341,4577,0.0118110236220472,0.00010182712859511493,305,0
926,1342,-0.0081632653061224,3.6288946280089005e-05,262,0
1342,1351,0.0081632653061224,2.243064411861584e-05,218,0
1342,5802,0.0040816326530612,2.3557102979902385e-05,232,0
1343,2065,0.0039370078740157,0.0002966753318242838,256,0
1343,4584,0.0118110236220472,3.983523447248478e-05,284,0
1343,4586,0.0039370078740157,2.2378248254584944e-05,269,0
496,1344,-0.00390625,3.4003640105743936e-05,257,0
1343,1344,-0.00390625,1.8607749424174932e-05,227,0
1344,1746,0.00390625,2.1020254964260268e-05,225,0
1344,4727,0.0078125,1.9655011731974605e-05,246,0
375,1345,-0.0039215686274509,3.7522671760445885e-05,250,0
471,1345,-0.0039215686274509,9.354402057804057e-05,266,0
749,1345,-0.0039215686274509,8.229939716691976e-05,288,0
809,1345,-0.0078431372549019,3.015060304365312e-05,278,0
1345,2696,0.0039215686274509,2.5264554582753348e-05,274,0
1345,3628,0.0117647058823529,2.4385843390180852e-05,263,0
1345,3864,0.0078431372549019,4.4128400616224624e-05,290,0
1345,3868,0.0039215686274509,1.847519442646565e-05,279,0
1345,4110,0.0078431372549019,3.986690537873366e-05,263,0
1345,4111,0.0039215686274509,4.898921938032541e-05,263,0
1345,6515,0.0039215686274509,0.00011776641642237194,274,0
1346,1358,0.0155642023346303,4.012450232781783e-05,238,0
1346,4023,0.0155642023346303,5.08232264750103e-07,97,1
1346,5852,0.0038910505836575,2.748396810560385e-05,221,0
809,1347,-0.0078125,3.212202290447682e-05,286,0
1347,2696,0.05859375,2.7595639043512998e-05,282,0
1347,3628,0.015625,2.950805952185827e-05,271,0
1347,4109,0.0078125,4.066487979896357e-05,284,0
1347,4110,0.015625,4.759294229902411e-05,271,0
34,1349,-0.0039215686274509,4.662580337563967e-05,245,0
926,1349,-0.0117647058823529,2.6833242986372626e-05,265,0
972,1349,-0.0078431372549019,1.8340129563486832e-05,249,0
1349,2070,0.0117647058823529,2.1707068809790836e-05,246,0
1349,4606,0.0039215686274509,1.8976630022055507e-05,254,0
1349,4727,0.0078431372549019,2.4234139240392706e-05,232,0
1350,4610,0.00390625,1.8736172030528313e-05,226,0
1350,4727,0.00390625,6.144392483525082e-05,219,0
1350,5829,0.01171875,4.860131247090607e-05,224,0
79,1351,-0.0038910505836575,5.4616549979901804e-05,248,0
1351,2065,0.0038910505836575,4.2385965208387853e-05,264,0
1351,4577,0.0116731517509727,3.330845085501907e-05,299,0
1351,5780,0.0116731517509727,6.601074690808817e-05,255,0
1351,5880,0.0155642023346303,4.796258103749324e-05,274,0
344,1352,-0.0078125,0.00012942267738250563,240,0
570,1352,-0.00390625,4.851985666307249e-05,233,0
571,1352,-0.00390625,2.3631836235450336e-05,245,0
876,1352,-0.00390625,7.547492825555049e-05,217,0
1352,2201,0.00390625,8.633635917059181e-05,217,0
1352,2217,0.00390625,3.874292596762192e-05,220,0
1352,3138,0.01171875,2.662277056891614e-05,234,0
1352,3141,0.0078125,6.987730789836115e-05,253,0
1352,3144,0.00390625,3.995256720352893e-05,238,0
1352,3162,0.0078125,4.133222518203637e-05,218,0
1352,4377,0.01171875,5.2014028022077606e-05,270,0
1352,5315,0.015625,0.00021875474909129362,223,0
1352,5712,0.0078125,5.9981780599690105e-05,232,0
1352,5714,0.0078125,3.969123532921169e-05,239,0
1352,5785,0.00390625,8.174542949650254e-05,229,0
1352,5787,0.015625,2.6491223054211367e-05,230,0
1352,5791,0.00390625,3.404436369951228e-05,240,0
570,1355,-0.0133333333333333,4.713465121870681e-05,216,0
1355,3138,0.1022222222222222,2.603456099896216e-05,217,0
1355,3508,0.0133333333333333,1.978516295730774e-05,246,0
1355,4377,0.0088888888888888,6.40926125423953e-05,253,0
375,1356,-0.0155038759689922,1.990058482954048e-05,231,0
471,1356,-0.0077519379844961,4.5936516258356074e-05,247,0
614,1356,-0.003875968992248,2.0034655583106287e-05,220,0
1356,2740,0.003875968992248,2.6259242790895343e-05,250,0
1356,3626,0.0193798449612403,5.125640244798088e-05,241,0
1356,3864,0.003875968992248,2.958613373444125e-05,271,0
1356,4109,0.003875968992248,2.0220685484919044e-05,257,0
1356,4110,0.0193798449612403,2.0730382829560607e-05,244,0
1356,4111,0.0310077519379844,2.5796994516063725e-05,244,0
1357,2444,0.0235294117647058,4.812862781061915e-07,98,1
1357,2886,-0.0039835697124699,1.1700129236083185e-06,79,1
1357,3177,-0.0156862745098039,5.507454045457902e-07,79,1
1357,4042,-0.0274509803921568,8.046592319099314e-07,94,1
1357,4043,-0.046844362745098,2.3802585749727978e-07,94,1
1358,1548,0.003875968992248,2.953881986488934e-05,288,0
1358,1607,0.003875968992248,0.00018029057609501192,326,0
1358,1973,0.0077519379844961,3.696685763233213e-05,326,0
1358,2423,0.003875968992248,1.9504632536675546e-05,305,0
1358,2739,0.003875968992248,2.056821699833461e-05,322,0
1358,2745,0.0077519379844961,8.5160365813521e-05,330,0
1358,6334,0.0193798449612403,7.142409812932351e-05,332,0
1358,6335,0.003875968992248,0.00017673567894025105,341,0
1358,6483,0.003875968992248,0.00018885205946007446,319,0
1358,6485,0.0155038759689922,4.561759795814146e-05,315,0
1359,2404,0.0038910505836575,6.021743912759154e-05,221,0
1360,2499,0.00390625,0.00017169924346999298,235,0
1360,4106,0.00390625,2.7533166239176025e-05,227,0
1360,6239,0.015625,1.9675385752435153e-05,248,0
1338,1361,-0.0348837209302325,2.1381162433324875e-05,218,0
1361,2404,0.0310077519379844,0.00017106692277563508,216,0
1362,2070,0.0077821011673151,4.4963068785682875e-05,257,0
926,1363,-0.0078431372549019,6.154557895235441e-05,269,0
1361,1364,-0.1176470588235294,3.6291666725351903e-07,96,1
1364,1992,0.1372549019607843,2.5868322542688177e-07,86,1
1364,4028,0.0039215686274509,3.307004897547842e-07,91,1
1364,5856,0.0274509803921568,6.53459163393345e-07,63,1
1364,5862,0.0980392156862745,7.735601426024107e-07,81,1
545,1365,-0.0039215686274509,2.458568496066982e-05,222,0
571,1365,-0.0039215686274509,7.870889278968722e-05,243,0
577,1365,-0.0039215686274509,8.956785950941216e-05,225,0
1338,1365,-0.0039215686274509,3.417191581483064e-05,279,0
1365,2312,0.0039215686274509,3.570469642784914e-05,231,0
1365,2404,0.0078431372549019,2.8382088351899297e-05,277,0
1365,3143,0.0078431372549019,0.00016019512067237264,265,0
1365,3508,0.0156862745098039,4.941211013386116e-05,261,0
1365,3980,0.0039215686274509,2.5294747571250694e-05,257,0
1365,5708,0.0117647058823529,3.095854416063656e-05,265,0
1365,5792,0.0078431372549019,2.4988034261353254e-05,261,0
1367,1994,-0.0628028100775193,2.4919780434463543e-07,80,1
1367,2427,0.0271317829457364,5.132704360820195e-07,98,1
1367,4029,-0.0042407660738714,1.69626222569205e-07,79,1
1367,4044,0.0695857558139534,2.5155075000143473e-07,90,1
1367,4045,-0.1566133720930232,1.5566895726782302e-07,82,1
1367,5836,0.0035111719106247,3.7121642053111803e-07,93,1
1367,5838,-0.0117334781166108,1.5780467916438927e-07,89,1
1367,5851,-0.0196513136066117,2.787122783977998e-07,94,1
1367,5857,0.0193798449612403,1.183979492208365e-06,94,1
1338,1368,-0.05078125,3.383545205061977e-05,298,0
1368,1511,0.0078125,3.093980184869461e-05,219,0
1368,1826,0.00390625,1.974697102177463e-05,242,0
1368,2292,0.00390625,0.00011198751056944155,271,0
1368,2312,0.00390625,4.056736416736985e-05,250,0
1368,2404,0.09765625,2.613456180474671e-05,296,0
1368,3142,0.00390625,3.738900717635276e-05,232,0
1368,3143,0.00390625,0.0001740413533343029,284,0
1368,3980,0.0078125,2.6287431331059917e-05,276,0
1368,4016,0.015625,2.0273397276161004e-05,232,0
1368,4024,0.00390625,7.588642579616407e-05,241,0
1368,4046,0.02734375,2.6380808222287383e-05,225,0
1368,5708,0.015625,3.111079209016163e-05,284,0
1368,5792,0.0625,2.5308333162002413e-05,280,0
1368,5840,0.03125,2.934029349801515e-05,224,0
349,1369,-0.0039215686274509,5.132248138928323e-05,263,0
1327,1369,-0.0039215686274509,2.9646416812118475e-05,274,0
1369,1501,0.0039215686274509,3.571249690068533e-05,281,0
1369,1590,0.0039215686274509,3.2051628811701956e-05,235,0
1369,1620,0.0078431372549019,3.422157295532128e-05,283,0
1369,1973,0.0078431372549019,2.5075282896949152e-05,271,0
1369,3872,0.0196078431372549,1.9279380806708394e-05,261,0
1369,4115,0.0078431372549019,2.9073662559787963e-05,268,0
1369,6212,0.0078431372549019,2.1716409214814425e-05,222,0
1369,6232,0.0392156862745098,2.8099407510527947e-05,232,0
1369,6444,0.0980392156862745,1.8870993273868642e-05,239,0
1369,6519,0.0117647058823529,5.4085175036737174e-05,222,0
1369,6521,0.0235294117647058,3.5544464549785233e-05,237,0
1370,3280,0.0625,2.448638272730851e-07,42,1
1371,3057,0.2281553398058252,6.69623040976279e-05,263,0
98,1376,-0.0350194552529182,4.587533907687464e-07,97,1
465,1376,-0.1945525291828793,7.415078623331032e-07,73,1
581,1376,-0.0038910505836575,4.085488790005852e-07,97,1
797,1376,-0.0194552529182879,2.7230005412488914e-07,92,1
1376,1837,0.0155642023346303,4.462289602055128e-07,98,1
1376,2651,0.1517509727626459,1.6588547539697703e-07,91,1
1376,2725,0.0038910505836575,3.823227221661679e-07,75,1
1376,2774,-0.0193044370041926,2.5425335621369396e-07,98,1
1376,3183,0.0311284046692607,2.93990071011506e-07,70,1
1376,3420,-0.0157465953307393,3.0308726818382186e-07,96,1
1376,5608,0.0389105058365758,1.768359393158308e-07,79,1
1379,5537,0.03125,6.129648048327006e-07,97,1
1382,1861,-0.3125759970817121,9.104182444268356e-07,58,1
1382,5532,-0.3164974464980544,1.0683578460503836e-06,54,1
1382,5538,0.1128099488822766,1.08001741273294e-06,70,1
1382,5899,-0.0873035325837188,8.616064626335953e-07,54,1
1383,3003,-0.1496062992125983,9.95932741352138e-07,89,1
1384,5901,0.4612403100775193,2.2131989058414817e-07,21,1
1385,5967,0.0622568093385214,8.299010078419617e-07,25,1
775,1391,-0.0156862745098039,2.722867387216421e-07,39,1
1391,2388,0.1297028186274509,9.00989378148457e-07,45,1
1391,4051,0.0358413132694938,9.589439598095034e-07,51,1
833,1392,-0.01953125,1.1496740467213132e-06,76,1
1394,5254,0.0039215686274509,1.0570186413413195e-06,49,1
1399,5968,0.2403100775193798,1.040849221774612e-06,20,1
315,1403,-0.01171875,3.618807764162922e-07,94,1
1403,5571,0.01953125,1.1326886856003036e-06,96,1
1407,4076,-0.0462330341003094,6.619320296538655e-07,26,1
1172,1411,-0.00390625,8.268997628285218e-07,64,1
1173,1411,-0.0234375,4.130009830933109e-07,81,1
1174,1411,-0.01171875,8.557932000558926e-07,76,1
1411,1849,0.02734375,8.305850202526991e-07,89,1
1411,2252,0.00390625,6.437197649953147e-07,94,1
1411,2590,0.015625,8.92922268404881e-07,62,1
1411,5329,0.04296875,3.330890741773591e-07,79,1
1411,5991,0.00390625,8.105646360857509e-07,74,1
1416,2239,0.3320158102766798,4.626915439918091e-07,42,1
1416,4201,0.0237154150197628,3.011302888361146e-07,48,1
1380,1417,-0.38671875,9.344256742031797e-07,46,1
1417,5510,0.09375,1.0407834795226485e-06,49,1
426,1419,-0.1098901098901098,7.571094046577654e-07,58,1
1419,1792,0.0219780219780219,2.528932131175624e-07,42,1
1419,2563,0.0947385947385947,1.799157957168065e-07,45,1
1419,2566,0.2048548466458914,6.955587212080826e-08,38,1
1420,2049,0.0958909460198422,2.0313235275900788e-07,70,1
1420,4254,-0.1534453781512605,1.1279599658240387e-07,62,1
1420,4481,-0.0204858062628036,2.3757729981047372e-07,58,1
1420,4483,-0.0690834473324213,7.887037144943116e-07,87,1
1420,4551,0.0847953216374269,1.6157968579873141e-07,70,1
1420,6008,-0.0357281252421917,3.0028849434910986e-07,75,1
586,1428,-0.20703125,7.729895709534505e-07,53,1
1428,2251,0.00390625,8.712720422907428e-07,60,1
1428,3024,0.0390625,1.1577234624518126e-06,64,1
1428,3096,0.15234375,1.1349579136402695e-06,66,1
1428,3204,0.06640625,1.0516097743974091e-06,66,1
1428,5609,0.035094975490196,2.7207456860964675e-07,58,1
1430,1752,0.046692607003891,8.42390494029607e-07,34,1
1436,4683,0.0038910505836575,3.357853498594347e-07,81,1
1436,5199,0.0077821011673151,0.00032374101688209674,247,0
1436,6043,-0.0049935149156939,2.826634148693954e-07,89,1
1437,3619,0.0847457627118644,5.917881343415924e-07,89,1
1437,6048,0.0677966101694915,2.887328298502733e-07,51,1
1437,6051,0.0338983050847457,8.921330972830264e-07,62,1
70,1442,-0.046692607003891,9.232431819619175e-07,88,1
1442,5335,0.0778210116731517,3.887817543077069e-07,75,1
1442,5345,-0.1640928988326848,4.5616531666858856e-07,81,1
1442,6055,-0.0470893415732051,3.983201944207425e-07,91,1
1442,6058,-0.0426054957319096,9.494342325738343e-07,94,1
1442,1444,-0.0392156862745098,6.171067537379833e-07,68,1
1444,1798,0.0883118872549019,6.795329821691216e-07,87,1
1444,3226,0.0098039215686274,6.788730354869711e-07,91,1
1444,3228,0.0015898251192368,8.093418359876035e-07,51,1
1444,5335,0.0098039215686274,5.471553879423147e-07,63,1
1444,5345,0.1902573529411764,4.183549921638139e-07,69,1
1444,5368,0.0234676547784468,7.965137971935153e-07,81,1
1444,5369,0.0686274509803921,7.739070719185631e-07,76,1
1444,6055,0.0607843137254902,7.510893162155195e-07,79,1
1444,6058,0.1944824441404468,4.7164545557017837e-07,82,1
377,1445,-0.0126582278481012,0.0004883101281694934,216,0
569,1445,-0.0042194092827004,0.0035291260015223504,251,0
1118,1445,-0.0168776371308016,8.261209569267877e-05,240,0
1124,1445,-0.0084388185654008,8.985339046627862e-05,239,0
1125,1445,-0.0042194092827004,6.42438848658042e-05,238,0
1445,1689,0.0042194092827004,0.0005371427908830116,242,0
1445,1807,0.0042194092827004,6.973977788690514e-05,248,0
1445,1955,0.0253164556962025,0.006396865069472609,229,0
1445,2039,0.0126582278481012,7.157489221638696e-05,235,0
1445,2286,0.0084388185654008,0.00028596875847299307,285,0
1445,2569,0.0168776371308016,0.0001869909832890291,287,0
1445,2572,0.0253164556962025,0.00048044985955624306,258,0
1445,3049,0.0042194092827004,7.140370927832185e-05,239,0
1445,3130,0.0042194092827004,0.002014550738674663,236,0
1445,3721,0.0126582278481012,9.880862425667795e-05,269,0
1445,3722,0.0464135021097046,0.00021617240974493285,305,0
1445,4416,0.0042194092827004,8.419171441910014e-05,272,0
1445,4417,0.0042194092827004,0.00011250548041475215,252,0
1445,4424,0.0042194092827004,0.00011291332793560784,225,0
1445,4765,0.0042194092827004,0.00038843954293537415,241,0
1445,5196,0.0042194092827004,8.017103649217811e-05,232,0
1445,5199,0.0084388185654008,0.0002833652767307668,312,0
1445,5435,0.0168776371308016,0.0011701301006925688,241,0
1445,5669,0.0042194092827004,8.05205951379954e-05,224,0
1445,5670,0.0042194092827004,0.0003964628457106281,245,0
1445,5671,0.0042194092827004,0.00014761417602464702,240,0
1445,5686,0.0042194092827004,0.001055877777603167,243,0
1445,5687,0.0042194092827004,0.0007454908084894773,219,0
1445,5694,0.0253164556962025,0.0001602472870496541,245,0
1445,5697,0.0084388185654008,0.00020949446499849604,253,0
1445,6368,0.0295358649789029,8.593138064787611e-05,226,0
1445,6369,0.0042194092827004,0.00017000566588503205,285,0
315,1448,-0.0039370078740157,1.17726243197459e-06,64,1
1194,1448,-0.0196850393700787,1.1990410026961147e-06,75,1
1448,2346,0.0511811023622047,1.2145441211012927e-06,86,1
1448,5390,0.1220472440944882,9.002441185579831e-07,87,1
1448,5600,0.1732283464566929,1.1223601861848394e-06,86,1
1448,5607,0.1062992125984252,1.089805564410204e-06,72,1
137,1469,-0.1484375,7.647109481960713e-07,53,1
800,1469,-0.05859375,4.349637462998244e-07,64,1
1470,3446,0.225296442687747,6.116450951629104e-07,15,1
34,1480,-0.0311284046692607,3.0890134513906074e-05,279,0
496,1480,-0.0038910505836575,5.285136899264153e-05,277,0
669,1480,-0.0038910505836575,3.7843080631955455e-05,270,0
929,1480,-0.0116731517509727,4.377934353519917e-05,272,0
1480,1746,0.0038910505836575,7.951884993349004e-05,245,0
1480,2065,0.0038910505836575,0.0012742952090468457,265,0
1480,3563,0.0038910505836575,4.9328659340383024e-05,271,0
1480,3567,0.0038910505836575,1.8882732305850874e-05,267,0
1480,4122,0.0038910505836575,9.939209543019206e-05,296,0
1480,4563,0.0116731517509727,4.512217364494441e-05,250,0
1480,4568,0.0155642023346303,3.496155801860518e-05,270,0
1480,4578,0.0077821011673151,2.4885104386162796e-05,272,0
1480,4579,0.0272373540856031,3.2651447713462674e-05,284,0
1480,4580,0.0116731517509727,2.098593721835376e-05,272,0
1480,4582,0.0038910505836575,3.794045564395e-05,271,0
1480,4587,0.0038910505836575,3.3749722308724556e-05,281,0
1480,4720,0.0038910505836575,5.4431540290575376e-05,251,0
1480,4723,0.0077821011673151,5.9953545506166016e-05,273,0
1480,4740,0.0155642023346303,1.8964042672513154e-05,289,0
1480,6169,0.0038910505836575,2.083257771066164e-05,280,0
972,1483,-0.003875968992248,1.8693936664413036e-05,260,0
1483,2070,0.0155038759689922,2.041651534956961e-05,257,0
1483,2878,0.003875968992248,4.092115573981891e-05,255,0
1484,2065,0.00390625,0.00042981751830235935,253,0
1484,2846,0.00390625,8.062226489013027e-05,233,0
1484,4584,0.00390625,4.858940280726732e-05,281,0
1484,4586,0.00390625,2.7450366316911693e-05,266,0
1485,2743,0.0039215686274509,3.179056846905692e-05,302,0
1485,3626,0.0078431372549019,2.228099539976716e-05,270,0
1485,3630,0.0039215686274509,2.1037217336501432e-05,287,0
1485,6364,0.0078431372549019,2.3646381258782568e-05,261,0
1486,1607,0.00390625,0.00022247892729789601,311,0
1486,2495,0.015625,2.0157188988846704e-05,302,0
1486,2739,0.015625,3.695154446114014e-05,307,0
1486,2743,0.0078125,2.015101549048161e-05,314,0
1486,2745,0.01953125,9.387474581488797e-05,315,0
1486,6334,0.01171875,0.00010527846271865494,317,0
1486,6342,0.00390625,0.00010077384206000153,279,0
471,1487,-0.0039215686274509,6.145480880748907e-05,257,0
1487,2001,0.0039215686274509,3.096527658325101e-05,272,0
1487,2740,0.0039215686274509,3.4468204669839605e-05,260,0
1487,4109,0.0117647058823529,2.542447799723342e-05,267,0
1487,4110,0.0313725490196078,2.718101228678543e-05,254,0
1488,2456,0.003875968992248,2.369451649175665e-05,231,0
1488,2495,0.0077519379844961,2.282273454352038e-05,257,0
1488,3331,0.0116279069767441,2.1572696156331352e-05,215,0
1488,3626,0.0232558139534883,1.845940487431139e-05,237,0
1488,6364,0.003875968992248,1.9343142555990766e-05,228,0
1488,6515,0.003875968992248,1.9456495880104985e-05,251,0
401,1489,-0.0077821011673151,2.2534523874760993e-05,267,0
1489,4117,0.0038910505836575,2.8357842403448962e-05,245,0
1490,2765,-0.0716043307086614,7.949126852997839e-07,75,1
1490,6176,-0.1875,6.197538909321399e-07,75,1
1490,6280,-0.0393229166666666,8.614548554045057e-07,75,1
1490,6282,0.1483911808300395,3.988208242214802e-07,78,1
350,1491,-0.1019607843137254,4.454118216710085e-07,60,1
1491,3396,0.188235294117647,4.230115252889165e-07,66,1
1493,1535,0.0862745098039215,7.689023943099639e-07,84,1
1493,3321,0.0431372549019607,1.699805836352119e-07,87,1
1493,4973,0.0078431372549019,5.794636724564443e-07,84,1
1493,6184,0.0039215686274509,3.1853142499193017e-07,83,1
1493,6299,0.0313725490196078,9.819665696416023e-07,95,1
1494,2701,0.0115830115830115,1.7808495855977398e-07,92,1
1495,1524,-0.0757902243167408,8.657055517064685e-07,82,1
1495,1595,0.0350194552529182,5.660364447846242e-07,84,1
1495,3369,0.0392109730631131,2.7153310883979266e-07,89,1
1495,4892,0.0038910505836575,3.377148725334105e-07,92,1
1496,3403,0.0037377450980392,8.701672702539228e-07,66,1
1496,4894,0.004390746124031,7.162533068934826e-07,69,1
1496,6196,-0.0192597731660231,7.209936443174098e-07,71,1
1499,3631,0.00390625,2.131194227567981e-05,265,0
1499,6339,0.00390625,0.0004959020189121112,216,0
1500,2418,0.0509803921568627,9.216269543615324e-07,94,1
1500,6216,0.0039215686274509,3.93598275471187e-07,95,1
1500,6460,0.0823529411764705,8.909827205225252e-07,94,1
1501,1548,0.0038910505836575,3.496416293875976e-05,264,0
1501,1607,0.0038910505836575,0.00025882804135763884,302,0
1501,2496,0.0272373540856031,2.487467631966549e-05,221,0
1501,2745,0.0389105058365758,0.00018440256317531282,306,0
1501,6334,0.0350194552529182,7.904975884553611e-05,308,0
1501,6335,0.0038910505836575,0.0003455502176344748,317,0
1501,6485,0.0194552529182879,2.4322825848471882e-05,291,0
1501,6595,0.0077821011673151,0.0006443102253478158,313,0
390,1502,-0.0245901639344262,7.836790477158628e-07,40,1
1502,2800,0.1639344262295081,1.2082105830392955e-07,37,1
1502,6331,0.081967213114754,4.4860387023493e-07,34,1
1504,2497,-0.0390625,1.9194664385500524e-07,80,1
1504,3638,0.038447342519685,5.07945835538459e-07,85,1
1504,6347,0.00390625,5.420152124504314e-07,91,1
1504,6514,-0.2392310049019607,1.8313728592330446e-07,82,1
1505,2024,0.015625,4.287692857616679e-07,67,1
1505,3370,0.140625,4.87733654838096e-07,80,1
1506,3684,0.0575539568345323,5.414624879184573e-07,92,1
1506,4813,0.0215827338129496,9.292400290545348e-07,87,1
1506,6234,0.0071942446043165,3.4187984165448795e-07,96,1
1508,2745,0.01171875,5.3964849559324854e-05,313,0
1508,3635,0.00390625,0.00010530846156707426,287,0
1508,6595,0.00390625,0.000205484762808036,320,0
1509,3626,0.0077519379844961,2.2349090764026617e-05,256,0
1509,3630,0.0077519379844961,1.8784786664202968e-05,273,0
187,1510,-0.0196850393700787,4.547878627129209e-05,225,0
1510,1608,0.0039370078740157,6.16629251636954e-05,276,0
1510,2745,0.0275590551181102,2.2565386349814444e-05,278,0
1510,2894,0.0078740157480314,2.6079911163641098e-05,215,0
1510,3635,0.0275590551181102,4.243967120292234e-05,252,0
1510,3644,0.0039370078740157,2.314373640493391e-05,219,0
1510,6334,0.0118110236220472,2.023423452796926e-05,280,0
1510,6335,0.0078740157480314,4.5315525419350696e-05,289,0
1510,6342,0.0078740157480314,2.474515481243474e-05,242,0
1510,6483,0.0118110236220472,5.016135710570833e-05,267,0
1510,6484,0.0078740157480314,7.261513892146809e-05,255,0
1510,6595,0.0039370078740157,7.933913755681351e-05,285,0
471,1512,-0.00390625,4.441776996382042e-05,229,0
1512,2001,0.00390625,2.4337464420647007e-05,244,0
1512,2499,0.015625,2.5739841430051197e-05,273,0
1512,2751,0.0078125,2.1293260847145503e-05,226,0
1512,3626,0.00390625,4.970530343467406e-05,223,0
1512,4111,0.01953125,2.6232002295209164e-05,226,0
687,1513,-0.0039215686274509,2.0902231766163784e-05,226,0
1513,2743,0.0039215686274509,2.4353336597747574e-05,271,0
1513,3331,0.0039215686274509,2.005570524895396e-05,217,0
1513,6364,0.0039215686274509,2.0184902529107502e-05,230,0
357,1514,-0.0077519379844961,2.1511958457916198e-05,249,0
1486,1514,-0.0116279069767441,2.3741123149187823e-05,277,0
1514,2310,0.003875968992248,2.5085752007970626e-05,248,0
1335,1515,-0.01171875,2.3396537294701e-05,236,0
1515,2301,0.01171875,2.4441284076716257e-05,238,0
1515,4133,0.015625,2.075194764393452e-05,317,0
1515,4577,0.01171875,3.0092465099952237e-05,314,0
1516,2765,0.0505836575875486,7.729626224542967e-07,95,1
1516,6178,0.1984435797665369,8.177695836077021e-07,96,1
1517,1817,0.0038910505836575,7.979308115430629e-07,70,1
1517,2901,-0.1022008754863813,2.7290661992109136e-07,63,1
1517,3307,0.0817120622568093,3.074880280323344e-07,70,1
1518,4260,0.0543478260869565,9.159129618903272e-08,7,1
1519,2193,0.0555555555555555,7.710408686746765e-07,49,1
1519,4995,0.1068007662835249,8.69422915748551e-07,48,1
1519,4997,0.0555555555555555,6.520692120844798e-07,42,1
1520,5273,0.7222222222222222,8.201584249654294e-08,7,1
1521,4167,0.0039215686274509,7.991814341761831e-07,93,1
1521,4168,0.0470588235294117,6.066154254265808e-07,82,1
1521,1522,-0.086734693877551,2.479088385756203e-07,89,1
1522,2436,0.0051020408163265,8.684621686019533e-07,77,1
1523,4978,0.046692607003891,2.4097924182550177e-07,91,1
1524,4892,-0.3713210399508685,4.246861508082593e-07,62,1
1524,6192,0.0798387477756956,3.7361315035962066e-07,72,1
1524,6271,0.0079681274900398,1.177908969278703e-06,81,1
1524,6458,-0.3705333107723546,1.5012431717786875e-07,47,1
473,1526,-0.0234375,5.462964948600648e-07,87,1
1526,6272,-0.00390625,4.2202590468513556e-07,88,1
1526,6277,-0.00390625,7.543676984157719e-07,90,1
1526,6441,0.0395772771317829,9.930330921112123e-07,84,1
1528,2468,0.0191699604743083,3.2579336502787113e-07,71,1
1528,6284,-0.0193322157456821,8.446007896046887e-07,82,1
1529,1532,0.1206225680933852,4.388689861888327e-07,66,1
1529,2441,0.1867704280155642,6.806667929999402e-07,65,1
1529,2474,0.0155642023346303,9.54999978775895e-07,70,1
1529,3408,0.0583657587548638,6.764256226254447e-07,70,1
1529,4164,0.0622568093385214,3.9759014526298176e-07,75,1
1529,4890,0.0116731517509727,4.179257743363626e-07,78,1
1529,6287,0.0074537424682723,5.76376850311159e-07,79,1
1493,1530,-0.0078431372549019,4.6510280967568165e-07,85,1
1530,1880,0.0941482843137254,4.7496891257942077e-07,94,1
1530,6278,-0.0106753812636165,9.87726881033999e-07,79,1
630,1532,-0.28,1.0856122621178875e-06,52,1
1532,2441,0.3866666666666666,3.1158749154884495e-07,59,1
1533,2907,-0.1556420233463035,4.208800296027691e-07,55,1
1533,4155,0.0687061490854499,1.169671547597062e-06,53,1
1533,4170,0.0543379134241245,2.827928865269961e-07,42,1
1533,6262,0.0077821011673151,9.374260129115075e-07,56,1
1533,6283,-0.1610284580758373,2.803511714242985e-07,37,1
1533,6285,0.1322957198443579,2.395624795836131e-07,39,1
1051,1535,-0.0503875968992248,9.219532828018949e-07,97,1
1535,3100,0.0348837209302325,1.1245503856670695e-06,89,1
612,1536,-0.0116731517509727,2.7578418333375515e-07,63,1
1051,1536,-0.0077821011673151,1.1492353304763398e-06,82,1
1536,2431,-0.0117339494163424,2.255321842257985e-07,63,1
1536,3323,0.10915575993397,9.673280267997971e-08,60,1
1536,4990,0.0272373540856031,1.7855174595136888e-07,70,1
1536,4992,-0.0078276994163424,7.634438618773034e-07,81,1
1536,6186,0.1517509727626459,2.3303007053845753e-07,64,1
1536,6301,0.0155642023346303,6.81201138862335e-07,71,1
1538,1885,0.3207946752722872,1.0528158153150116e-07,37,1
1538,4041,-0.0288472145615002,3.8452558702384233e-07,44,1
1538,4795,0.054054054054054,1.0261474493737667e-06,37,1
1539,2307,0.1258741258741259,1.109077656627528e-06,47,1
1539,2724,0.0109890109890109,3.079131512770682e-07,40,1
59,1540,-0.0234375,2.576830410259741e-05,233,0
239,1540,-0.01171875,6.695383434292401e-05,228,0
442,1540,-0.00390625,0.0001656022253842555,260,0
570,1540,-0.01171875,5.1079513108197055e-05,261,0
571,1540,-0.0078125,2.2680182094726453e-05,273,0
576,1540,-0.03125,0.0001678487209477906,243,0
577,1540,-0.00390625,3.3901281015505245e-05,255,0
788,1540,-0.00390625,0.00011697869478508484,222,0
876,1540,-0.06640625,7.620863513262199e-05,245,0
1161,1540,-0.0078125,0.00014807372800281754,243,0
1313,1540,-0.00390625,0.00014512946982842416,233,0
1483,1540,-0.015625,8.461080398062637e-05,259,0
1540,1863,0.02734375,9.085243605089764e-05,227,0
1540,1928,0.0078125,4.3383151313703064e-05,220,0
1540,2217,0.00390625,3.922689297451893e-05,248,0
1540,2291,0.00390625,0.00012414488144025422,223,0
1540,2292,0.01171875,2.7080377131003704e-05,282,0
1540,2398,0.01171875,8.888292073398323e-05,264,0
1540,2646,0.015625,0.00018117033647978626,225,0
1540,3033,0.0234375,2.0345126249134176e-05,235,0
1540,3138,0.01171875,2.821751309362988e-05,262,0
1540,3139,0.00390625,4.698714268070088e-05,235,0
1540,3140,0.01171875,0.00016349013346310493,258,0
1540,3143,0.015625,4.4086524450887955e-05,295,0
1540,3144,0.00390625,3.897301096859071e-05,266,0
1540,3162,0.01953125,3.7824862006434097e-05,246,0
1540,3163,0.0078125,9.393706274938741e-05,256,0
1540,3167,0.015625,1.863899193217796e-05,243,0
1540,3767,0.00390625,5.352711354827561e-05,230,0
1540,4373,0.00390625,0.00018994398850959566,244,0
1540,4377,0.0078125,4.92841955625123e-05,298,0
1540,4395,0.03515625,7.904684155864664e-05,219,0
1540,5314,0.00390625,4.8174219367332394e-05,215,0
1540,5315,0.00390625,0.00022732211799441845,251,0
1540,5420,0.02734375,6.266749488179535e-05,263,0
1540,5710,0.00390625,7.688514115915304e-05,223,0
1540,5711,0.01171875,0.0001066108693952395,235,0
1540,5714,0.0078125,3.681112457284713e-05,267,0
1540,5717,0.0390625,2.6727445563162205e-05,253,0
1540,5730,0.0078125,9.134370225485717e-05,230,0
1540,5783,0.00390625,3.9276363530215846e-05,231,0
1540,5787,0.0078125,2.5160366072753023e-05,258,0
1540,5789,0.00390625,7.064419287652565e-05,217,0
1540,5791,0.00390625,3.038680066556776e-05,268,0
1540,5798,0.00390625,0.00010697472898574235,261,0
1540,5810,0.00390625,0.00012472015581624506,240,0
1540,5867,0.00390625,7.487353591320455e-05,218,0
1544,6321,0.058252427184466,1.0509405588403756e-06,31,1
1545,6319,0.1818181818181818,5.251571514419814e-07,95,1
1545,6320,0.0568181818181818,1.1989234387121516e-06,49,1
1547,2448,-0.2073758339510748,1.417275947207163e-07,28,1
1547,6329,-0.2353383458646616,2.3665967745522986e-07,38,1
1548,4026,0.0077821011673151,0.00019755197941856832,276,0
1548,4030,0.0077821011673151,2.687647388821226e-05,221,0
1548,4031,0.0116731517509727,2.869379942689213e-05,238,0
1548,4776,0.0038910505836575,1.8367882725142733e-05,231,0
1548,4836,0.0389105058365758,4.850869248438582e-05,228,0
1548,5873,0.0038910505836575,3.3345942640391416e-05,248,0
1548,6464,0.0272373540856031,5.05628536948186e-05,217,0
1550,3974,0.03515625,2.5451687204012026e-05,264,0
1550,4026,0.015625,2.2812145725873315e-05,277,0
1550,5832,0.0078125,2.0498247911980545e-05,238,0
1550,5834,0.01953125,1.9218154129654953e-05,260,0
1550,6339,0.00390625,5.750424995618935e-05,217,0
1547,1551,-0.059090909090909,5.367147633333576e-07,55,1
1551,1924,0.0139584824624194,1.01986209967039e-06,95,1
1551,2448,0.0954545454545454,6.10115473570132e-07,53,1
1551,2480,0.0909090909090909,2.4137251098215254e-07,58,1
1551,3640,0.0863636363636363,8.258451167465325e-07,54,1
1551,6329,0.0659740259740259,2.860071007658748e-07,63,1
1551,6347,0.0445173383317713,4.1378193694552993e-07,98,1
1338,1552,-0.0156862745098039,3.676340049607226e-05,245,0
1552,2404,0.0078431372549019,4.385616826485019e-05,243,0
1552,5708,0.0156862745098039,3.037394501128733e-05,231,0
1553,4792,0.01953125,8.350930469051413e-07,52,1
1544,1554,-0.4516129032258064,9.446678131274722e-07,28,1
1555,6335,0.0118110236220472,3.7609008220645104e-05,219,0
1556,4026,0.0038910505836575,2.4013411972882117e-05,225,0
1540,1557,-0.00390625,1.835848007318898e-05,235,0
1558,1608,0.0116279069767441,2.179531249451474e-05,263,0
1558,3375,0.003875968992248,2.5313783388844303e-05,218,0
1558,4836,0.0193798449612403,7.391780121623202e-05,235,0
1558,6339,0.0542635658914728,1.9196456767744796e-05,223,0
1558,6464,0.0116279069767441,8.55055371327875e-05,224,0
1558,6595,0.0193798449612403,2.8550501433715777e-05,272,0
135,1559,-0.01953125,2.4453734493134842e-05,276,0
1559,1896,0.01171875,2.4899453712339437e-05,219,0
1559,3342,0.00390625,1.905592129571572e-05,223,0
1559,4836,0.04296875,0.00011850194301651101,224,0
1559,5873,0.0078125,1.9008513848916266e-05,244,0
1560,2711,0.0628930817610062,5.590183651103999e-07,88,1
1560,2713,-0.008254716981132,4.550892462229281e-07,65,1
1560,3114,0.0188679245283018,3.4252513657724053e-07,67,1
1560,5665,-0.0183221581163262,3.3252574381508995e-07,81,1
1560,5668,0.0062893081761006,3.487783249514431e-07,88,1
1560,5674,0.0628930817610062,2.1588510568431687e-07,86,1
1560,5675,-0.0315455851037488,1.200067726014896e-07,78,1
1093,1562,-0.0176470588235294,7.014736150520048e-05,216,0
1562,3795,0.0235294117647058,4.248286875666161e-05,227,0
257,1563,-0.0078125,2.6363964743418522e-05,232,0
1563,1941,0.0078125,2.0860459886677815e-05,231,0
1563,2279,0.00390625,2.496573584107634e-05,243,0
1563,3613,0.00390625,2.5267897849972295e-05,240,0
1563,3795,0.00390625,7.440597446310787e-05,253,0
1563,5104,0.00390625,2.287217129116823e-05,249,0
1563,5663,0.00390625,3.251062873073847e-05,254,0
1570,2863,0.2196078431372549,1.1545071923571838e-06,25,1
1571,1644,0.0313725490196078,8.855204664002476e-07,29,1
1571,4711,0.0313725490196078,1.0169861066420556e-06,31,1
1571,6393,0.0862745098039215,4.6419946432720534e-07,28,1
1573,6404,-0.1365672180885646,9.323514639852325e-08,21,1
1585,4968,0.08203125,6.617530863944864e-07,67,1
1585,6267,0.140625,2.9439229793927245e-07,63,1
1586,6180,0.05078125,2.3093857904262093e-07,68,1
1586,6189,0.05078125,1.1156006455514903e-06,97,1
1586,6190,0.003844975490196,2.1631163216141327e-07,71,1
1586,6196,0.0234375,5.010375774426208e-07,81,1
1586,6435,-0.140625,3.69284922752592e-07,71,1
1588,4231,-0.2684824902723736,9.445234358826802e-07,97,1
1589,6441,0.0235294117647058,1.0724278968201344e-06,98,1
1592,2478,0.0769230769230769,4.519848752270003e-07,90,1
1592,4980,0.2243589743589743,2.825236918193967e-07,63,1
1592,6279,0.0833333333333333,1.1377958723914296e-06,46,1
1593,6214,-0.0774892166621421,9.054026765483776e-08,97,1
1593,6224,0.0194552529182879,1.6101352737840688e-07,96,1
1524,1595,-0.0038910505836575,3.6707007164480305e-07,54,1
1595,2437,0.0505836575875486,1.0859942668083062e-06,77,1
1595,3369,0.0312485915598756,1.9397969112925954e-07,61,1
1595,6192,0.0035834576521431,5.863745356663853e-07,74,1
1595,6195,0.0077821011673151,1.0144027445988019e-06,92,1
1595,6199,0.2095543531128404,3.370820046468261e-07,46,1
1595,6271,-0.0083401801354891,5.551732140775151e-07,83,1
1595,6458,0.0038910505836575,5.963887770035391e-07,49,1
1596,2418,0.0576943617914091,4.2395461869562867e-07,70,1
1596,6229,-0.018912315627545,2.2798265156345703e-07,67,1
1596,6452,-0.0273893482490272,4.503597160282418e-07,75,1
1596,6459,-0.0515064363820919,1.025978764422844e-06,59,1
1596,6512,-0.0116731517509727,9.787278532687923e-07,71,1
1597,2481,0.0311284046692607,5.633563694518784e-07,79,1
1597,3639,0.0272373540856031,5.18369668753524e-07,80,1
1597,4284,0.0038910505836575,8.742783485348569e-07,90,1
1597,6221,0.0350194552529182,2.0720386765823394e-07,85,1
1597,6459,0.0580581658233493,3.1735713668492023e-07,68,1
1598,6332,0.0434782608695652,1.1573409361636694e-06,81,1
1600,2792,0.0079051383399209,1.103126153059069e-06,94,1
191,1602,-0.0077821011673151,1.0849755855582024e-06,60,1
1602,2103,0.0856031128404669,1.6705845063981476e-07,64,1
1602,4837,0.0038910505836575,1.1568345080647552e-07,68,1
1602,6470,0.0700389105058365,3.035653474059386e-07,72,1
1602,6472,0.0700389105058365,4.7121910065768813e-07,74,1
842,1604,-0.0236220472440944,1.1068870931809671e-06,80,1
1604,4246,0.0236220472440944,5.153051265003756e-07,85,1
1604,4832,0.0039370078740157,6.467306124238938e-07,89,1
1604,4882,0.0157480314960629,6.227127345871546e-07,85,1
38,1606,-0.1975806451612903,5.81106677573252e-07,78,1
394,1607,-0.0155642023346303,2.5921741169742162e-05,279,0
1607,2791,0.0116731517509727,2.5678217420763536e-05,252,0
1607,4908,0.0038910505836575,8.594758907342719e-05,219,0
1607,6336,0.0116731517509727,2.6493971974117635e-05,270,0
1607,6338,0.0116731517509727,4.485692053342813e-05,224,0
135,1608,-0.0235294117647058,3.831577634470531e-05,320,0
391,1608,-0.0117647058823529,5.580538494429833e-05,252,0
1365,1608,-0.0039215686274509,2.2645580653662966e-05,272,0
1366,1608,-0.0039215686274509,0.00010230440652175182,217,0
1540,1608,-0.0039215686274509,0.00012318002912023847,302,0
1608,1896,0.0039215686274509,2.625155112724523e-05,263,0
1608,1995,0.0039215686274509,0.00011647076808123742,287,0
1608,2791,0.0196078431372549,0.0001277793290960846,254,0
1608,3343,0.0039215686274509,0.0001109658633158413,220,0
1608,3983,0.0117647058823529,3.4105781104084665e-05,239,0
1608,4026,0.0039215686274509,0.00018187948157582647,316,0
1608,4030,0.0117647058823529,2.151304819706713e-05,261,0
1608,4031,0.0196078431372549,2.316388872252965e-05,278,0
1608,4035,0.0039215686274509,4.4351475309393816e-05,242,0
1608,4036,0.0039215686274509,2.5514875828504383e-05,227,0
1608,4836,0.0196078431372549,0.00011718672933111415,268,0
1608,4908,0.0117647058823529,0.0006365770977745449,221,0
1608,5837,0.0078431372549019,6.206266586198427e-05,266,0
1608,5839,0.0078431372549019,4.143380999841819e-05,290,0
1608,5873,0.0352941176470588,2.7598020861695464e-05,288,0
1608,6362,0.0039215686274509,4.4123311319314055e-05,259,0
1608,6464,0.0117647058823529,0.0001179721077638551,257,0
1608,6465,0.0039215686274509,6.668201933737256e-05,245,0
1608,6593,0.0117647058823529,2.296768724290471e-05,227,0
1608,6594,0.0196078431372549,4.5196262761133726e-05,239,0
135,1610,-0.01953125,2.24873230341443e-05,258,0
1610,3974,0.015625,9.696375294659606e-05,241,0
1610,3980,0.00390625,0.00039919375928904825,219,0
1610,5832,0.01171875,7.041245541893175e-05,215,0
1610,5839,0.015625,2.368934425306145e-05,228,0
1610,5864,0.01953125,0.00016553600807248242,233,0
1610,6485,0.00390625,6.248867999707772e-05,221,0
1611,1917,-0.230453431372549,4.987130080526837e-07,62,1
1611,4849,-0.1170343137254902,4.761819932568078e-07,67,1
1611,5283,0.0431372549019607,2.8807169096928654e-07,65,1
1614,3457,-0.1096470588235294,2.731700072294943e-07,97,1
1614,4850,0.192,3.577955602715026e-07,79,1
1614,5225,0.164,4.547512079148469e-07,74,1
1014,1616,-0.0196078431372549,1.1810230455258002e-06,86,1
1016,1616,-0.0901960784313725,5.131277591773933e-07,70,1
1616,2528,0.0274509803921568,8.423271215455211e-07,90,1
1616,4241,0.0901960784313725,5.17779739511715e-07,76,1
1616,4859,0.0392156862745098,5.860612666204084e-07,74,1
1616,4860,0.0588235294117647,8.493448947844126e-07,90,1
1616,4862,0.0039215686274509,1.201301793931767e-06,69,1
1616,4866,0.1843137254901961,4.0453978638878724e-07,77,1
1616,5221,0.0470588235294117,9.654196311638205e-07,82,1
1616,6502,0.1098039215686274,5.693752450864367e-07,77,1
1617,2114,0.0078431372549019,5.401521440829825e-07,48,1
1016,1619,-0.1945525291828793,2.798405446571649e-07,75,1
1619,4241,0.0233463035019455,1.125488381392733e-06,81,1
1619,4867,0.0894941634241245,1.191506316680847e-06,81,1
1619,4869,0.0817120622568093,1.9793013111279848e-07,74,1
1609,1620,-0.01171875,9.542804310746106e-05,271,0
1620,1627,0.02734375,2.642822768027388e-05,236,0
1620,1896,0.00390625,0.0002340922789221567,273,0
1620,2502,0.00390625,3.9031162040641484e-05,227,0
1620,2745,0.00390625,0.00029240033684204564,308,0
1620,6205,0.01953125,2.1655489448215066e-05,248,0
1620,6334,0.015625,0.00011677500290982019,310,0
1620,6335,0.00390625,0.0005418981866033925,319,0
1620,6447,0.00390625,4.722166295606548e-05,231,0
1620,6449,0.01171875,3.157984646879668e-05,241,0
1620,6463,0.00390625,6.731216968526217e-05,264,0
1620,6485,0.0078125,3.120169199722853e-05,293,0
1620,6521,0.00390625,4.796728763097442e-05,270,0
1620,6595,0.00390625,0.001024505461060638,315,0
1621,6229,0.0078740157480314,1.0911681852528382e-06,97,1
1622,4836,0.0039215686274509,0.0001661925744492108,221,0
792,1625,-0.00390625,4.88644040703377e-07,81,1
1367,1625,-0.01953125,3.710786731272558e-07,81,1
1625,1758,-0.0855727140077821,2.4580379059430423e-07,90,1
1625,1994,0.1953125,2.1479912696519423e-07,77,1
1625,2884,0.02734375,4.0782808056734806e-07,97,1
1625,2886,0.0546875,3.7163171125414875e-07,74,1
1625,3172,0.0390625,2.7776804032687945e-07,87,1
1625,4029,0.046875,6.96783012709627e-07,76,1
1625,4045,0.13671875,3.6551441785024837e-07,79,1
1625,5838,0.00390625,4.111207290597472e-07,86,1
1625,5851,0.01953125,2.772775767511557e-07,91,1
1625,5874,0.0234375,5.32049708900367e-07,98,1
1627,2752,0.0039370078740157,7.244959183977423e-05,239,0
190,1628,-0.0387931034482758,6.809355714408445e-07,55,1
1628,1942,0.1191544638639584,1.7861064884280927e-07,42,1
1628,2101,-0.0676321012155792,2.1478070485634627e-07,38,1
1628,2102,0.1508620689655172,6.032257991510135e-07,51,1
1628,2503,-0.0152789458929072,1.8152481757553666e-07,45,1
1628,2553,0.0818965517241379,5.713347143588044e-07,55,1
1628,2554,-0.2867694673789865,7.715923663690247e-08,43,1
1628,3302,0.0891935921802878,7.988796389821189e-08,43,1
1628,3303,-0.0015720081135902,1.5136224810214495e-07,38,1
1628,3621,-0.1024857716772681,1.090089496183871e-07,40,1
1628,3624,0.0474137931034482,1.3664320010347413e-07,44,1
1628,4824,0.0086206896551724,4.2477937505273207e-07,45,1
1628,6522,0.0301724137931034,1.1469665623107302e-07,48,1
1546,1637,-0.0125786163522012,8.619024003595646e-07,86,1
1637,1679,0.0628930817610062,1.8932029179437222e-07,77,1
1637,6405,0.10062893081761,2.03540227259696e-07,82,1
1642,3411,0.0196078431372549,1.9054121890642868e-07,16,1
1644,4706,0.18359375,6.569072898579771e-07,34,1
1649,2519,0.7333333333333333,2.82406496582851e-07,13,1
1656,2482,0.0077821011673151,7.423447730742796e-07,83,1
1656,4280,0.0233463035019455,5.776176297372672e-07,84,1
1661,6495,0.0395256916996047,2.2906305756952668e-07,98,1
1663,3325,0.5503875968992248,1.2270816820593197e-06,29,1
135,1664,-0.0039370078740157,0.00017870890260054633,229,0
1664,6335,0.0078740157480314,6.761585432586523e-05,218,0
1670,3022,0.0094623655913978,6.6685982704663e-07,77,1
1671,2545,0.0187173559380083,4.356710214084826e-07,93,1
1671,3019,0.0257247396566282,6.061030165068463e-07,83,1
1671,3022,-0.0015686274509803,7.980211120978489e-07,91,1
1671,3227,0.0040747549019607,3.8043050044478075e-07,90,1
1671,3229,-0.003829656862745,2.1855812669467652e-07,93,1
1671,4517,-0.024156862745098,2.2070759630470902e-07,89,1
1671,5368,0.027173073953991,7.57332590204271e-07,98,1
1671,5369,-0.0658731975280384,3.0963124604640287e-07,93,1
1671,5371,0.0040741588464179,2.9952431441543134e-07,87,1
1672,3535,-0.0625982189628077,5.716655055977875e-07,57,1
1672,5217,0.092391304347826,8.053010901471988e-07,60,1
222,1674,-0.109375,7.758000861725808e-08,33,1
1674,2263,0.00390625,7.690447204633576e-07,26,1
1371,1676,-0.0823529411764705,0.00024637196535889433,252,0
1546,1679,-0.0048309178743961,4.4447089817711606e-07,87,1
481,1685,-0.0588235294117647,3.913362330580416e-07,38,1
491,1685,-0.0156862745098039,3.2615617957401037e-07,42,1
492,1685,-0.0117647058823529,9.828020447992e-07,43,1
1685,2794,0.1215686274509803,4.4226732124288106e-07,38,1
1685,2825,0.2078431372549019,1.808583004266529e-07,39,1
1685,3693,0.0745098039215686,3.4941075491438804e-07,42,1
1685,3699,-0.0159987500976486,2.369913949283204e-07,40,1
1686,2965,0.1882845188284518,1.3685453482078498e-07,46,1
1686,5068,-0.0979882507079159,4.686814408453441e-07,39,1
1686,5072,0.0334728033472803,5.715246596141879e-07,49,1
1686,5081,0.0364379138800118,1.2440007332442476e-07,40,1
1686,5553,0.0167364016736401,2.921418358693284e-07,38,1
709,1687,-0.0275590551181102,5.208818891795254e-07,41,1
1687,2187,0.0118110236220472,5.928541356627066e-07,43,1
1687,2568,0.0552261849621738,1.9307557062975299e-07,49,1
1687,3889,-0.076871072934065,3.7118424395882367e-07,40,1
1687,3915,-0.0618173736347472,3.0004556615872646e-07,41,1
1106,1688,-0.032,6.57637057895445e-07,79,1
1688,2157,0.008,1.372985855772088e-07,83,1
1688,2977,0.068,9.751985706308084e-07,97,1
1688,5121,0.04,4.6178541587270524e-07,81,1
1688,5123,0.01609375,3.425612789733704e-07,85,1
1688,5133,-0.0205853658536585,1.5017572079332761e-07,75,1
1688,5144,0.048,4.2674291556704113e-07,95,1
1688,5147,0.0009375,8.984210392899039e-07,95,1
590,1689,-0.0039370078740157,0.0001176253765980131,216,0
736,1689,-0.0039370078740157,2.2405875035714866e-05,249,0
1131,1689,-0.0039370078740157,1.8919171815277435e-05,237,0
1293,1689,-0.0039370078740157,6.931350772551791e-05,215,0
1689,1941,0.0078740157480314,3.082409113670792e-05,233,0
1689,3222,0.0118110236220472,2.4807168416003814e-05,235,0
1689,3613,0.0039370078740157,3.723385945619951e-05,242,0
1689,3815,0.0078740157480314,4.8580822550618823e-05,246,0
1689,3820,0.0039370078740157,3.1052775968777765e-05,245,0
1689,5211,-0.0580174571201855,4.624610778110076e-05,236,0
1689,5451,0.0118110236220472,6.5622153680547e-05,227,0
1689,5661,0.0157480314960629,1.8959853320490256e-05,261,0
1689,5663,0.0078740157480314,4.757652738908684e-05,256,0
1689,5664,0.0078740157480314,5.208689886107803e-05,222,0
57,1691,-0.0038910505836575,1.1581422914676403e-06,77,1
780,1691,-0.0038910505836575,4.6428936591848167e-07,65,1
781,1691,-0.0194552529182879,3.8829059038260363e-07,88,1
867,1691,-0.0116731517509727,2.9711299788645435e-07,89,1
1225,1691,-0.0428015564202334,2.2482819264186356e-07,92,1
1371,1691,-0.0116731517509727,0.00031735194267811244,227,0
1691,1989,0.0038910505836575,2.4030010343346514e-07,87,1
1691,2277,0.0311284046692607,2.5227001359388727e-07,88,1
1691,2316,0.0038910505836575,2.971127241606764e-07,93,1
1691,3179,0.0233463035019455,2.869681882209882e-07,77,1
1691,3181,0.0350194552529182,5.258572499037801e-07,90,1
1691,3993,0.0428015564202334,7.529412306715302e-07,79,1
1691,4344,0.0233463035019455,3.1006314657877157e-07,74,1
1691,4345,0.0155642023346303,3.7370808364658356e-07,88,1
1691,5469,0.0428015564202334,3.1294686546953907e-07,93,1
1691,5471,0.0428015564202334,2.3565706356761782e-07,91,1
781,1692,-0.0056818181818181,8.012511141750575e-07,95,1
867,1692,-0.0568181818181818,4.4703836448138974e-07,96,1
1227,1692,-0.0056818181818181,8.094328364716583e-07,78,1
1692,1989,0.0056818181818181,4.834960146741021e-07,94,1
1692,2277,0.0056818181818181,5.30101287821842e-07,95,1
1692,3179,0.0170454545454545,5.191769999854464e-07,84,1
1692,3994,0.0227272727272727,6.980052012572986e-07,71,1
1692,3995,0.0056818181818181,6.161687627666334e-07,76,1
1692,4008,0.0113636363636363,6.609564181974816e-07,86,1
1692,4344,0.0227272727272727,5.389148139004497e-07,81,1
1692,5298,0.0056818181818181,7.327591329058791e-07,83,1
1692,5471,0.0056818181818181,4.059398442558326e-07,98,1
1692,5478,0.0113636363636363,5.720320643216227e-07,84,1
1694,2607,0.1556773914298081,1.1486442259359489e-06,38,1
1093,1697,-0.1062992125984252,2.2545478070761874e-05,228,0
1371,1697,-0.0275590551181102,0.00033314123194625275,292,0
1697,5113,0.0236220472440944,9.349842239447697e-05,225,0
1700,3631,0.0038910505836575,7.392159796337551e-05,283,0
1700,3873,0.0038910505836575,3.184783978012132e-05,279,0
785,1701,-0.3843137254901961,2.5751702173740284e-07,50,1
1701,2313,0.0235294117647058,1.740036953737607e-07,52,1
1701,2644,0.0901960784313725,3.4720786342418793e-07,46,1
1701,3154,0.1058823529411764,4.814687114584612e-07,49,1
1701,4013,0.0196078431372549,1.072853838726923e-06,60,1
1701,5863,0.0784313725490196,6.378599193929848e-07,64,1
1701,5865,0.1254901960784313,2.0370693623622962e-07,52,1
169,1702,-0.0039215686274509,9.116729484817763e-05,222,0
976,1702,-0.0039215686274509,4.516630787083956e-05,220,0
1369,1702,-0.0078431372549019,3.96421228878447e-05,255,0
1702,2065,0.0117647058823529,3.921092930849369e-05,267,0
1702,2069,0.0117647058823529,2.4875607336051254e-05,287,0
1702,3297,0.0039215686274509,3.3075599305964736e-05,245,0
1702,4570,0.0235294117647058,2.0533968727126515e-05,241,0
1702,4572,0.0039215686274509,2.4805628461193426e-05,249,0
1702,4577,0.0039215686274509,3.510481077370124e-05,302,0
1702,4728,0.0745098039215686,4.496437138821429e-05,238,0
1328,1703,-0.0039215686274509,6.1014541654439436e-05,251,0
1703,1724,0.0039215686274509,2.5180224364397513e-05,259,0
1703,3643,0.0078431372549019,2.5173485730001062e-05,266,0
1369,1704,-0.0039215686274509,0.00013527247197233288,231,0
1706,5541,0.3203125,1.1186145797064081e-06,37,1
221,1707,-0.0277777777777777,4.6658874950610215e-07,50,1
1707,3896,0.0555555555555555,4.227913359564956e-07,43,1
1707,4431,0.0277777777777777,4.0651470670934274e-07,40,1
1708,2375,0.0038910505836575,6.699973723179184e-07,74,1
1369,1712,-0.0078125,6.0763874534818844e-05,260,0
1712,2065,0.0078125,5.888195782709991e-05,272,0
1712,2069,0.02734375,3.590062234463576e-05,292,0
1712,3297,0.00390625,4.8865350253721216e-05,250,0
1712,4577,0.0390625,4.654215583511167e-05,307,0
1712,5780,0.00390625,9.247976135522564e-05,263,0
1712,5880,0.00390625,6.867736618514807e-05,282,0
1608,1713,-0.00390625,8.917830399573319e-05,302,0
1713,2745,0.00390625,3.2021062908562634e-05,304,0
1713,3635,0.0078125,6.33938590366455e-05,278,0
1713,6205,0.0078125,6.517868828085486e-05,244,0
1713,6212,0.00390625,3.277751687444194e-05,251,0
1713,6335,0.00390625,5.8404256856418695e-05,315,0
1713,6342,0.00390625,3.767656236321044e-05,268,0
1713,6447,0.00390625,0.00017076721903748132,227,0
1713,6483,0.00390625,5.573779614389968e-05,293,0
1713,6484,0.00390625,0.00010208029313808227,281,0
1713,6510,0.00390625,2.1085254885397194e-05,240,0
1714,1900,-0.0346047794117647,8.415706389036425e-07,77,1
1714,3396,0.0039215686274509,6.538007150291552e-07,63,1
1331,1715,-0.0378787878787878,5.270238505485651e-07,98,1
1715,1949,0.0075757575757575,7.717009974156961e-07,77,1
1715,2691,-0.2029505582137161,1.2164643006038913e-06,78,1
1715,3684,0.053030303030303,5.83150947207764e-07,82,1
1715,6234,0.0227272727272727,4.1791161962611464e-07,86,1
1715,6520,0.053030303030303,9.326414813800303e-07,91,1
1607,1716,-0.0039370078740157,2.6300634824837096e-05,248,0
1609,1716,-0.0039370078740157,8.861885279638301e-05,215,0
1716,6484,0.0039370078740157,5.61898607148494e-05,229,0
1716,6595,0.0078740157480314,6.438179293485113e-05,259,0
1719,4377,0.0039215686274509,1.8454728544525723e-05,226,0
1719,4600,0.0117647058823529,3.888873045969773e-05,215,0
1721,2725,0.0116731517509727,7.857288402334265e-07,95,1
1721,3183,0.1284046692607003,8.197821341284882e-07,90,1
1722,6259,0.0631554947560419,9.804431932962367e-08,14,1
1723,2757,0.1181102362204724,7.612070744300424e-07,61,1
1723,4165,0.1340120570866141,1.1784862753402026e-06,53,1
82,1724,-0.0389105058365758,4.4419112417252376e-05,255,0
302,1724,-0.0038910505836575,6.176022108700196e-05,222,0
391,1724,-0.0038910505836575,2.8168283177253163e-05,234,0
617,1724,-0.0038910505836575,0.00010461734890393454,255,0
690,1724,-0.0038910505836575,2.228794592066113e-05,227,0
789,1724,-0.0038910505836575,0.00010224849873501194,255,0
1368,1724,-0.0155642023346303,0.00013745669982794133,273,0
1607,1724,-0.0038910505836575,2.4075177699144393e-05,276,0
1657,1724,-0.0077821011673151,2.3679157387543765e-05,220,0
1724,2095,0.0077821011673151,6.38484687360799e-05,255,0
1724,2314,0.0038910505836575,0.00010574183907805735,237,0
1724,2449,0.0077821011673151,8.315859691733628e-05,271,0
1724,2488,0.0038910505836575,8.31160015115151e-05,243,0
1724,2791,0.0116731517509727,5.107807167081001e-05,236,0
1724,2887,0.0311284046692607,7.434566999929626e-05,252,0
1724,2898,0.0038910505836575,6.616902565915825e-05,272,0
1724,3344,0.0389105058365758,9.974172171346501e-05,259,0
1724,3375,0.0077821011673151,3.547400197357066e-05,233,0
1724,3634,0.0038910505836575,4.5301944542234986e-05,229,0
1724,3635,0.0077821011673151,3.0361631383002944e-05,254,0
1724,3642,0.0077821011673151,6.459610376403417e-05,267,0
1724,3646,0.0272373540856031,5.505203355506935e-05,273,0
1724,4034,0.0038910505836575,0.0003379906976498131,284,0
1724,4772,0.0155642023346303,4.66499759784385e-05,251,0
1724,4775,0.0038910505836575,0.00016781950237960053,263,0
1724,4790,0.0194552529182879,7.734765947953965e-05,256,0
1724,4836,0.0155642023346303,6.028451799604276e-05,250,0
1724,5839,0.0038910505836575,0.00029197587566419695,272,0
1724,5870,0.0077821011673151,0.00012135720990399281,244,0
1724,5873,0.0116731517509727,0.0002015814419868295,270,0
1724,5875,0.0038910505836575,7.458100201615754e-05,270,0
1724,6335,0.0077821011673151,2.88599989509815e-05,291,0
1724,6339,0.0077821011673151,3.527071654451718e-05,238,0
1724,6464,0.0116731517509727,8.446055112207932e-05,239,0
1724,6483,0.0077821011673151,2.6592154060803183e-05,269,0
1724,6594,0.0311284046692607,5.0299891036553786e-05,221,0
1732,2024,0.0078125,7.080178638964486e-07,82,1
1732,3272,0.015625,3.6212711028211224e-07,82,1
1732,3370,0.34765625,9.76205674287233e-07,95,1
1171,1733,-0.0234375,8.836153726773085e-07,95,1
1733,2295,0.0078125,1.1145244371106353e-06,93,1
1733,3769,0.078125,1.2143525073866948e-06,89,1
1733,5419,0.01953125,7.895973811541943e-07,75,1
1735,2981,0.0204425204425204,6.400910164773186e-07,34,1
1737,2167,0.1538461538461538,3.093381810688948e-07,30,1
1737,2810,0.3528323141293852,1.0874397301182213e-06,44,1
1738,3514,0.0538461538461538,7.039513273345263e-07,38,1
1738,4426,0.1153846153846153,1.1425967012554728e-06,40,1
1739,2040,-0.0096703296703296,1.1838711196057088e-06,97,1
912,1741,-0.75,5.037521290396799e-07,9,1
901,1742,-0.0751173708920187,7.25097761496509e-08,10,1
1742,2233,0.539906103286385,7.25097761496509e-08,10,1
1742,2819,0.0046948356807511,2.5569236852771634e-07,12,1
493,1743,-0.0117647058823529,3.180072896494777e-07,66,1
1743,1748,0.1098039215686274,4.593563653580232e-07,70,1
1743,2951,0.0039215686274509,2.7364635407054437e-07,66,1
1743,3694,0.1568627450980392,5.650754274317601e-07,59,1
1743,3697,0.1137254901960784,1.157489011865101e-06,63,1
1743,4647,0.0274509803921568,9.98047202518148e-07,58,1
1744,4481,0.0267412935323383,4.486582211174324e-07,38,1
1744,4551,0.0423976608187134,7.152712361752422e-07,50,1
1327,1746,-0.0038910505836575,2.9208824809197625e-05,266,0
1328,1746,-0.0077821011673151,0.0001409690395443979,239,0
1501,1746,-0.0077821011673151,3.607702980932128e-05,273,0
1620,1746,-0.0077821011673151,4.208996704093011e-05,275,0
1746,2692,0.0038910505836575,2.2890390626851547e-05,278,0
1746,4115,0.0038910505836575,2.7328802805036068e-05,260,0
1746,5757,0.0038910505836575,2.9547212458817507e-05,254,0
946,1747,-0.0235294117647058,5.220170100382324e-07,44,1
1748,2826,0.0155642023346303,1.191374674582359e-06,55,1
1748,4649,0.0194552529182879,7.92677401541914e-07,61,1
946,1749,-0.0091324200913242,8.877671968412028e-07,53,1
1749,4203,0.1735159817351598,3.1883317491508646e-07,42,1
1749,4641,0.0091324200913242,1.2146769975520722e-06,25,1
1755,5880,0.0352941176470588,3.3684696917552386e-05,226,0
135,1757,-0.0078125,6.674533931227489e-05,259,0
1607,1757,-0.015625,0.00011825909233187208,233,0
1757,3974,0.0078125,0.0002968869212934497,242,0
1757,4026,0.00390625,0.000311241725772273,255,0
1757,4031,0.00390625,4.360844649449682e-05,217,0
1757,5839,0.00390625,7.276867755125622e-05,229,0
1757,5864,0.0234375,0.0005459338780227328,234,0
1757,5873,0.0078125,5.250042075558352e-05,227,0
1757,6483,0.0274045476653696,4.675205108308117e-05,226,0
1757,6485,0.00390625,7.793219523761546e-05,222,0
135,1758,-0.0389105058365758,3.511034117808212e-05,223,0
506,1758,-0.0116731517509727,3.248470195899328e-07,98,1
792,1758,-0.0077821011673151,8.352706347101924e-07,93,1
1367,1758,-0.0233463035019455,6.236302589445928e-07,93,1
1758,1994,0.0116731517509727,2.5592296564818284e-07,89,1
1758,2886,0.0349579366666154,8.009704439408882e-07,86,1
1758,4029,0.0311284046692607,6.214934264815702e-07,88,1
1758,4045,0.1439688715953307,5.404193560355871e-07,91,1
1758,5838,0.0622568093385214,6.232428227402176e-07,98,1
135,1759,-0.0275590551181102,3.986724424272176e-05,254,0
1540,1759,-0.0039370078740157,0.0001374171512281048,236,0
1759,3974,0.0236220472440944,0.00020420679028339525,237,0
1759,4026,0.0196850393700787,0.0002090774236561816,250,0
1759,5834,0.0039370078740157,0.00020534986987472758,233,0
1759,5839,0.0039370078740157,4.762576305587065e-05,224,0
1759,5864,0.0039370078740157,0.0003568596338182787,229,0
1759,6334,0.0039370078740157,4.845551866938438e-05,234,0
1759,6335,0.0118110236220472,1.879158950528246e-05,243,0
1759,6483,0.0078740157480314,2.203113381975948e-05,221,0
1759,6485,0.0039370078740157,3.455493751445603e-05,217,0
512,1760,-0.0116731517509727,3.6643931131646033e-07,95,1
1760,2916,0.0661478599221789,3.3448652656316634e-07,94,1
1760,4858,0.0077821011673151,3.429013871441013e-07,93,1
1761,2904,0.01171875,1.0710584700132157e-06,59,1
1761,3317,0.01171875,1.106504761212264e-06,70,1
1761,3318,0.27734375,5.784832672314013e-07,75,1
1761,4293,0.08203125,2.587612916645764e-07,67,1
1761,4885,0.05859375,7.873158769291778e-07,78,1
562,1768,-0.1052631578947368,2.3291961868525933e-07,28,1
1768,3102,0.1052631578947368,1.207767953050453e-06,46,1
1768,4987,0.3157894736842105,7.636277814176743e-07,28,1
1774,5049,0.0115830115830115,2.2573133848865116e-05,216,0
1775,3706,0.0039525691699604,7.71357020885728e-07,71,1
1775,3717,0.1425988908294267,1.0101940691771415e-06,63,1
1775,3932,0.0079051383399209,3.1185051071727166e-07,80,1
1775,5084,0.0276679841897233,2.411820423965318e-07,88,1
1775,5093,0.0553359683794466,2.1529118224789617e-07,76,1
1775,5096,0.0276679841897233,4.3961843394559163e-07,73,1
1151,1776,-0.1167315175097276,7.449168485453326e-07,81,1
1776,3931,0.2140077821011673,6.852616027907305e-07,62,1
1776,5266,0.1867704280155642,8.787917618959313e-07,69,1
1094,1778,-0.0375586854460093,3.474607867226266e-07,64,1
1098,1778,-0.1502347417840375,1.1881506553282079e-07,66,1
1778,1966,0.0140845070422535,1.8871600662516974e-07,75,1
1778,2226,0.1455399061032863,2.0941249988019376e-07,60,1
1778,2550,0.0046948356807511,1.0914973682994463e-06,80,1
1778,3500,0.0234741784037558,1.102988737989375e-06,80,1
1778,3797,0.0046948356807511,7.016766336552974e-07,97,1
1778,4305,0.0046948356807511,7.720635404263361e-07,96,1
1778,4307,0.0046948356807511,7.479556560987786e-07,84,1
1778,4323,0.0234741784037558,7.157066582381532e-07,82,1
1778,5115,0.0234741784037558,1.7648131285856143e-07,73,1
1778,5118,0.0516431924882629,1.4758664308658068e-07,70,1
1780,4312,0.0078431372549019,1.0460424692598987e-06,94,1
1780,5121,-0.0699700569883125,1.0063854034734877e-06,81,1
1780,5146,0.0274509803921568,5.988956834232019e-07,91,1
1781,2286,0.0039370078740157,7.291821053713851e-05,276,0
1781,3721,0.0078740157480314,1.9538226114280357e-05,260,0
1781,3722,0.0236220472440944,6.125223504164346e-05,296,0
1781,5199,0.0039370078740157,7.993023123095644e-05,303,0
1781,5689,0.0078740157480314,3.399073384998784e-05,245,0
1781,5697,0.0039370078740157,5.3494996573340696e-05,244,0
1781,6368,0.0078740157480314,3.118498771718364e-05,217,0
1781,6369,0.0039370078740157,3.3747362548544206e-05,276,0
1782,2286,0.0039840637450199,3.151384808655568e-05,255,0
1782,2569,0.0039840637450199,2.6986417530414044e-05,257,0
1782,3722,0.0318725099601593,2.7024225647641022e-05,275,0
1782,5199,0.0039840637450199,3.430396236204527e-05,282,0
1782,5689,0.0119521912350597,1.9801386491423916e-05,224,0
1782,5697,0.0119521912350597,2.4369617111038055e-05,223,0
1783,5199,0.0078431372549019,0.00014884779436483822,273,0
1784,3477,0.0729729729729729,1.1210417421995482e-07,9,1
569,1785,-0.0117647058823529,0.0006175323362116503,234,0
711,1785,-0.0078431372549019,2.633905228491066e-05,215,0
1295,1785,-0.0156862745098039,4.927560044057402e-05,221,0
1304,1785,-0.0156862745098039,6.212691056869176e-05,232,0
1563,1785,-0.0235294117647058,5.86667795733586e-05,223,0
1785,1824,0.0313725490196078,0.000327082723740305,224,0
1785,2285,0.0078431372549019,0.00010137939109745894,235,0
1785,2286,0.0078431372549019,9.616692548161164e-05,268,0
1785,2458,0.0117647058823529,8.988038436230228e-05,229,0
1785,2569,0.0588235294117647,0.0002737270218750249,270,0
1785,2572,0.0235294117647058,0.0001180626259881095,241,0
1785,3614,0.0431372549019607,4.765278041076228e-05,240,0
1785,3722,0.0627450980392156,0.00039696318350025076,288,0
1785,3809,0.0078431372549019,0.0002546843265809436,217,0
1785,5199,0.0274509803921568,0.0004921464449349777,295,0
1785,5429,0.0039215686274509,0.00015514302876669473,219,0
1785,5430,0.0039215686274509,0.0036822524060378787,218,0
1785,5436,0.0078431372549019,0.0001973236472143455,219,0
1785,5670,0.0039215686274509,8.795433245487787e-05,228,0
1785,5671,0.0078431372549019,5.7703322295618605e-05,223,0
1785,5686,0.0117647058823529,4.791582521763042e-05,226,0
1785,5689,0.0117647058823529,0.00043799302648443375,237,0
1785,5694,0.0039215686274509,0.0003448495973120351,228,0
1785,5697,0.0117647058823529,0.00023022784856526596,236,0
1785,6369,0.0039215686274509,0.00024255215059202617,268,0
1786,2286,0.0117647058823529,2.5007255724964885e-05,248,0
119,1790,-0.0154440154440154,1.0572310789153496e-06,78,1
515,1790,-0.0038610038610038,7.315809883920098e-07,87,1
1790,3460,0.0038610038610038,5.960085092937244e-07,89,1
1790,3650,0.0193050193050193,7.291233871494232e-07,88,1
312,1791,-0.01171875,1.022747762172621e-06,94,1
1792,3717,0.0344827586206896,6.886753719582514e-07,45,1
883,1794,-0.0039525691699604,7.792458249397933e-07,97,1
1794,2194,0.0039525691699604,8.497492817757074e-07,95,1
1794,2196,0.0079051383399209,3.7249236918471463e-07,96,1
1794,2583,-0.0464581274703557,1.0997489643899905e-06,90,1
1794,3006,0.0160272804774083,9.093404872301447e-07,93,1
1794,3008,-0.0232522233201581,8.089534592308324e-07,92,1
1794,3766,0.0197628458498023,1.1500274307035563e-06,89,1
1794,5291,0.0039525691699604,7.477947096785202e-07,96,1
303,1795,-0.003875968992248,3.2916061027480455e-07,67,1
1166,1795,-0.0387596899224806,1.668363203124211e-07,50,1
1795,1821,0.0271317829457364,1.6133390204440498e-07,51,1
1795,2200,0.0155038759689922,2.1886359964081327e-07,53,1
1795,3013,0.5736434108527132,3.915725165864692e-07,37,1
1795,3058,0.0077519379844961,3.591680676782923e-07,70,1
1795,3118,0.003875968992248,1.8221616398351288e-07,44,1
1795,4331,0.0232558139534883,1.8495860947926754e-07,47,1
1795,4332,0.1085271317829457,2.599012843684509e-07,40,1
1795,5309,0.003875968992248,1.4176382180727127e-07,41,1
1795,5310,0.003875968992248,1.193650299747203e-07,47,1
1795,5312,0.1782945736434108,1.5421436059705364e-07,47,1
1795,5483,0.003875968992248,2.4315503175020844e-07,37,1
1797,3097,-0.3865502450980392,4.126271308137757e-07,47,1
1797,3206,-0.003890931372549,5.843923317475097e-07,50,1
1797,5398,-0.046540016784924,4.7235026062364215e-07,49,1
1798,5335,0.0390625,1.1604140018481127e-06,94,1
1799,2213,0.0027418126428027,9.983263392377359e-07,90,1
1799,2569,0.0076923076923076,0.00035525052986521647,217,0
1799,3031,-0.3321266968325792,8.233994441243736e-07,66,1
1799,3032,-0.176068376068376,3.9638421411598347e-07,75,1
1799,4761,0.0017042837402118,5.42449563365245e-07,81,1
1799,5177,0.0153846153846153,1.1901271452350622e-06,69,1
1371,1801,-0.046875,2.366041405008226e-05,239,0
1801,4336,0.0078125,1.083959368057537e-06,96,1
1801,5413,0.0163214631782945,8.519179029313346e-07,97,1
1371,1802,-0.1945525291828793,1.8824502243075465e-05,283,0
1802,5474,0.0194552529182879,2.2637213838643343e-05,242,0
1803,2026,0.0039370078740157,3.054855572685242e-07,97,1
1803,3478,0.0118110236220472,2.3334459415017273e-07,90,1
1803,3855,-0.0311718388142658,1.2536153341089532e-07,88,1
1803,4307,0.0085118550125368,1.7769659023534474e-07,98,1
547,1804,-0.0168539325842696,3.4201148673721276e-07,82,1
659,1804,-0.0056179775280898,3.3288078345784607e-07,89,1
1804,1933,0.0056179775280898,2.0295132771882636e-07,97,1
1804,3040,-0.1762640449438202,2.2012488279736115e-07,81,1
1804,3540,0.0449438202247191,1.022076813199149e-06,97,1
1804,4754,0.0168539325842696,4.0381996413998607e-07,87,1
1804,4755,0.0112359550561797,4.644747216285243e-07,93,1
1806,1956,0.0188679245283018,6.634681587218775e-07,58,1
1806,3051,0.4339622641509434,5.790121344428696e-07,56,1
257,1807,-0.0078431372549019,8.132887140461503e-05,240,0
569,1807,-0.0156862745098039,3.849613664752881e-05,279,0
1207,1807,-0.0078431372549019,2.4757935761082764e-05,252,0
1208,1807,-0.0039215686274509,2.6351888289223745e-05,244,0
1226,1807,-0.0078431372549019,4.290814964129963e-05,255,0
1295,1807,-0.0078431372549019,2.291024303501285e-05,266,0
1802,1807,-0.0039215686274509,4.897718262371452e-05,245,0
1807,2286,0.0078431372549019,3.470516572408231e-05,313,0
1807,2373,0.0039215686274509,2.9409821831348457e-05,258,0
1807,2458,0.0078431372549019,1.9356922224818154e-05,274,0
1807,2459,0.0039215686274509,3.841759077696938e-05,264,0
1807,2569,0.0039215686274509,2.875666146845826e-05,315,0
1807,3611,0.0039215686274509,4.476893962475772e-05,244,0
1807,3614,0.0039215686274509,2.7633743821756753e-05,285,0
1807,3722,0.0549019607843137,2.7874838464896442e-05,333,0
1807,3729,0.0078431372549019,8.026786559436455e-05,246,0
1807,3795,0.0078431372549019,0.00017479094079632962,261,0
1807,3809,0.0039215686274509,3.0444056796767544e-05,262,0
1807,3811,0.0235294117647058,2.0637903292750964e-05,244,0
1807,5101,0.0039215686274509,0.00012566603604211466,230,0
1807,5110,0.0039215686274509,4.978278753538006e-05,244,0
1807,5436,0.0039215686274509,2.5079610068217178e-05,264,0
1807,5670,0.0039215686274509,2.8883069644864218e-05,273,0
1807,5686,0.0039215686274509,4.5988681044352384e-05,271,0
1807,5692,0.0196078431372549,1.997818222081292e-05,230,0
1807,5693,0.0156862745098039,2.6578189356512148e-05,255,0
495,1812,-0.0215827338129496,6.729641677244959e-07,90,1
1812,3070,-0.0019800673222889,1.1020294622168925e-06,67,1
1812,3596,0.0071942446043165,8.172648265696623e-07,61,1
1812,3822,-0.0466519092418373,2.2448746856520634e-07,92,1
1812,4553,0.014388489208633,9.464530254495367e-07,80,1
1813,3877,0.0078431372549019,3.1752820337092145e-07,29,1
1814,3694,0.0078740157480314,9.960296713316505e-07,92,1
743,1816,-0.0233463035019455,7.911066483041104e-07,90,1
1816,3088,0.0077669017509727,7.360874467399302e-07,92,1
1816,3831,0.0622568093385214,9.283927398362243e-07,93,1
1816,5498,0.0184654242610417,6.653198640749865e-07,95,1
1816,5611,0.0077821011673151,7.061999853439485e-07,53,1
1817,3105,0.0042016806722689,1.0186603237896152e-06,54,1
1817,4991,0.0084033613445378,8.142533489902549e-07,60,1
1817,6302,0.0504201680672268,1.0954519459983e-06,63,1
1274,1818,-0.0845070422535211,1.4986494573549198e-07,23,1
1818,1871,0.1408450704225352,1.4289493898782231e-07,25,1
1818,1873,0.1126760563380281,1.315991710106687e-07,22,1
1818,3107,0.0140845070422535,9.693625978549822e-08,25,1
1818,4815,0.2253521126760563,1.3194353367655143e-07,28,1
1818,4816,0.0140845070422535,2.2274031923767132e-07,24,1
1818,4820,0.0704225352112676,2.1193299284794906e-07,29,1
1818,5622,0.1126760563380281,8.548520977643053e-08,24,1
57,1819,-0.0135135135135135,9.209566914855538e-07,60,1
781,1819,-0.0135135135135135,2.870182094436756e-07,71,1
865,1819,-0.0135135135135135,5.227892701458182e-07,87,1
867,1819,-0.0135135135135135,2.3785781425920825e-07,72,1
1225,1819,-0.0405405405405405,1.7020923155362892e-07,75,1
1819,2277,0.027027027027027,1.9432010233494267e-07,71,1
1819,2316,0.0135135135135135,3.085881655073129e-07,76,1
1819,3179,0.0135135135135135,2.1267033192929135e-07,60,1
1819,3181,0.054054054054054,4.391231356088452e-07,73,1
1819,3993,0.0135135135135135,6.667664493489494e-07,62,1
1819,3996,0.0405405405405405,2.567563830074753e-07,92,1
1819,4344,0.0405405405405405,2.309527996303025e-07,57,1
1819,5299,0.054054054054054,2.0751321920348472e-07,83,1
1819,5301,0.027027027027027,9.720258062309664e-07,98,1
1819,5471,0.054054054054054,1.9872317885555514e-07,74,1
57,1820,-0.0039215686274509,9.301019356332102e-07,86,1
780,1820,-0.0156862745098039,5.499725265001378e-07,74,1
867,1820,-0.0039215686274509,4.203102044407315e-07,98,1
1371,1820,-0.0117647058823529,0.00018956272384333813,236,0
1820,1989,0.0196078431372549,2.4133191275457735e-07,96,1
1820,2277,0.0274509803921568,2.6138276317562174e-07,97,1
1820,3179,0.0117647058823529,3.803796427144856e-07,86,1
1820,3993,0.0235294117647058,6.070467983902579e-07,88,1
1820,3994,0.0039215686274509,6.361925824625034e-07,73,1
1820,3995,0.0235294117647058,4.4012796697138447e-07,78,1
1820,4344,0.0039215686274509,4.192593126917521e-07,83,1
1820,4345,0.0039215686274509,3.025240035758996e-07,97,1
1820,5478,0.0313725490196078,3.101558106909133e-07,86,1
1820,5482,0.0039215686274509,7.595102247980249e-07,71,1
303,1821,-0.0583657587548638,2.0071574361575558e-07,74,1
1166,1821,-0.1245136186770428,1.470987047942837e-07,57,1
1821,2200,0.0194552529182879,1.9271013348607453e-07,60,1
1821,3013,0.0389105058365758,5.827546661279883e-07,44,1
1821,3058,0.0622568093385214,2.105866823249668e-07,77,1
1821,3118,0.0077821011673151,1.5406859284769477e-07,51,1
1821,4331,0.1321051377749543,2.10126094691458e-07,54,1
1821,4332,0.2996108949416342,3.167261412082929e-07,47,1
1821,5307,0.0038910505836575,1.470276331968117e-07,49,1
1821,5310,-0.031464103150988,1.1052877792198914e-07,54,1
1821,5312,0.1050583657587548,1.3973279430723758e-07,54,1
1824,5465,0.0056179775280898,2.057952304682163e-05,256,0
1825,5138,0.1062992125984252,4.000940837823929e-07,91,1
1825,5461,0.0472440944881889,1.19207209151082e-06,84,1
111,1828,-0.003875968992248,3.867335321375869e-05,271,0
1328,1828,-0.0077519379844961,2.3108854867930357e-05,261,0
1828,3387,0.003875968992248,1.9005827820419508e-05,253,0
1828,3625,0.003875968992248,1.9793434850774982e-05,245,0
1828,3631,0.003875968992248,4.4401281739668187e-05,296,0
1828,6212,0.003875968992248,3.816126117024588e-05,236,0
1486,1829,-0.00390625,3.0834774373357704e-05,330,0
1498,1829,-0.0390625,3.574931467705472e-05,256,0
1510,1829,-0.0078125,2.5922987250433368e-05,293,0
1829,1922,0.0078125,6.230797817846403e-05,299,0
1829,3386,0.015625,1.8782445430605558e-05,290,0
1829,3631,0.00390625,5.2417488079297e-05,322,0
1829,5764,0.01171875,2.8275356522056123e-05,277,0
1829,6164,0.00390625,7.491042855820708e-05,302,0
1829,6167,0.00390625,2.580717342030651e-05,287,0
1829,6205,0.02734375,3.2507538417318934e-05,255,0
1829,6233,0.00390625,2.0755068560816577e-05,268,0
1829,6444,0.00390625,3.807962957784368e-05,279,0
1829,6445,0.0078125,0.0001127176572900402,252,0
1830,2499,0.0039370078740157,2.0382533767690836e-05,254,0
1830,3870,0.0039370078740157,3.2738916190281326e-05,217,0
972,1831,-0.0078431372549019,3.932007084166136e-05,240,0
1831,2070,0.0117647058823529,5.219863106623903e-05,237,0
1831,2876,0.0039215686274509,1.9084887082213142e-05,226,0
1831,4606,0.0117647058823529,3.775882278445353e-05,245,0
1831,4610,0.0039215686274509,1.9801281353429475e-05,230,0
1831,4727,0.0156862745098039,3.9689570073072216e-05,223,0
1831,5829,0.0078431372549019,3.457511577882495e-05,228,0
1832,6304,-0.0143467643467643,4.089146875371093e-07,62,1
1833,2404,0.01171875,0.00012075683383337483,234,0
506,1834,-0.0511811023622047,1.1257116618583772e-06,84,1
1367,1834,-0.0472440944881889,8.310998845108088e-07,79,1
1625,1834,-0.0590551181102362,3.9429553199347877e-07,76,1
1758,1834,-0.1771653543307086,3.849720856972168e-07,88,1
1834,1994,0.0472440944881889,3.9410256138397675e-07,75,1
1834,2884,0.1968503937007874,1.1827351802483514e-06,95,1
1834,2885,0.0314960629921259,8.071186891431694e-07,93,1
1834,2886,0.0787401574803149,4.809704034132945e-07,72,1
1834,3172,0.0551181102362204,5.683187080939302e-07,85,1
1834,4029,0.0078740157480314,1.0133148369937409e-06,74,1
1834,4045,0.1062992125984252,6.437810773166556e-07,77,1
1834,5851,0.1023622047244094,5.405358096572269e-07,89,1
303,1835,-0.0625,2.3552154735866234e-07,86,1
1835,3058,0.421875,1.9066430072499188e-07,89,1
1837,2725,0.0583657587548638,4.6031132768448745e-07,89,1
1841,5931,0.0272373540856031,4.5710656090785426e-07,69,1
1841,6108,0.0077821011673151,1.0302935646429828e-06,69,1
1843,5529,0.3543307086614173,2.5816695969048805e-07,25,1
1848,3722,-0.007173754764658,2.649763094598289e-05,297,0
1848,5199,-0.0012166718809747,3.8168230991031164e-05,304,0
1849,3023,0.0275590551181102,3.914162916537698e-07,95,1
1849,3027,0.0314960629921259,9.947895461125054e-07,92,1
1849,5386,0.0984251968503937,3.5870476929566573e-07,92,1
1850,3231,0.0117647058823529,1.1187008574203577e-06,80,1
1850,5342,0.0176470588235294,7.028794511833797e-07,83,1
1850,5345,0.0058823529411764,2.2406404578574534e-07,66,1
1850,6055,0.0058823529411764,4.3910879630322185e-07,76,1
1851,4962,-0.0080711354309165,7.703200936856501e-07,31,1
1851,4963,-0.3351339803454801,1.8866756737055264e-07,30,1
833,1852,-0.00390625,4.671439860633972e-07,77,1
1856,6105,0.0159362549800796,1.068567443257073e-06,78,1
1861,3925,0.0509940418287937,5.558880760184317e-07,55,1
1861,5532,0.03515625,2.810161062341911e-07,60,1
1861,5538,0.1171875,6.646602706080591e-07,76,1
1861,5899,-0.1579416830708661,1.6297109553510987e-07,60,1
34,1864,-0.0040816326530612,5.1900617245475145e-05,249,0
926,1864,-0.0081632653061224,2.17794073155327e-05,269,0
1864,4724,0.0163265306122449,4.270829244177116e-05,229,0
471,1866,-0.0193050193050193,2.280142008524944e-05,273,0
1866,2456,0.0038610038610038,3.474245704343439e-05,261,0
1866,2738,0.0038610038610038,2.7183798871668057e-05,264,0
1866,3626,0.0038610038610038,2.70332184473374e-05,267,0
1866,6364,0.0038610038610038,2.845530206272268e-05,258,0
34,1867,-0.0039525691699604,5.9500337432218936e-05,265,0
975,1867,-0.0039525691699604,3.090596113509778e-05,245,0
1351,1867,-0.0079051383399209,5.08425879430264e-05,241,0
1867,2405,0.0079051383399209,7.049991087431784e-05,244,0
1867,2875,0.0039525691699604,5.7933777616136355e-05,242,0
1867,4563,0.0118577075098814,4.064593471450691e-05,236,0
1867,4568,0.0039525691699604,4.212377471767451e-05,256,0
1867,4579,0.0079051383399209,4.5488694837208463e-05,270,0
1867,4597,0.0039525691699604,3.649045910287532e-05,254,0
1867,4726,0.0039525691699604,4.233828639825263e-05,240,0
1867,4740,0.0039525691699604,1.844158740976498e-05,275,0
471,1868,-0.0116731517509727,3.335367229233607e-05,274,0
1868,3331,0.0038910505836575,4.9052946875546236e-05,246,0
1868,4111,0.0077821011673151,2.4367155478049254e-05,271,0
1501,1870,-0.0038910505836575,5.0010195515256726e-05,229,0
1620,1870,-0.0038910505836575,4.453848128430255e-05,231,0
1870,2692,0.0116731517509727,2.0159046752913804e-05,234,0
1870,6210,0.0038910505836575,0.00014727713559525596,239,0
1274,1871,-0.0264900662251655,4.027724130912359e-07,26,1
1871,1873,0.0397350993377483,3.8755904537056886e-07,25,1
1871,4136,0.086092715231788,3.1904341448959915e-07,30,1
1871,4815,0.2847682119205298,2.3835364313524003e-07,31,1
1871,4816,0.0132450331125827,5.640523145143672e-07,27,1
1871,4820,0.3774834437086092,4.732652838217841e-07,32,1
1871,5622,0.0132450331125827,1.6484882061784204e-07,27,1
814,1872,-0.0053191489361702,1.1470528520827071e-06,91,1
1321,1872,-0.0797872340425532,1.0552957474671033e-06,94,1
1872,2754,0.0159574468085106,8.565517020730154e-07,97,1
1003,1873,-0.051063829787234,2.3438907910533272e-07,21,1
1873,2006,0.0127659574468085,2.10223868480739e-07,21,1
1873,2100,0.0127659574468085,1.5565336723325303e-07,23,1
1873,4136,0.3063829787234042,1.1697345931592806e-07,27,1
1873,4815,0.102127659574468,9.661983794058746e-08,28,1
1873,4820,0.4978723404255319,1.4623179004298016e-07,29,1
471,1874,-0.0234375,4.095572965515799e-05,259,0
1874,2001,0.0078125,1.9405430762836572e-05,274,0
1874,2694,0.00390625,2.4642150258992893e-05,255,0
1874,2751,0.00390625,1.8669113248544006e-05,256,0
1874,2753,0.0078125,2.2500648100997834e-05,252,0
1874,4111,0.01171875,2.1733425849220897e-05,256,0
375,1875,-0.0078125,2.4063566672585456e-05,216,0
471,1875,-0.0078125,5.492702000950526e-05,232,0
809,1875,-0.015625,2.0116201301682648e-05,244,0
1875,2499,0.0078125,2.0892411237989367e-05,276,0
1875,2753,0.00390625,3.322008672166309e-05,225,0
1875,3626,0.0078125,6.01160340478347e-05,226,0
1875,4109,0.00390625,2.5177466465355342e-05,242,0
1875,4111,0.01171875,3.133057924756014e-05,229,0
1875,6364,0.00390625,6.111523720082602e-05,217,0
1876,2310,0.00390625,4.32842205146998e-05,215,0
1876,2425,0.00390625,7.840415989100998e-05,232,0
352,1877,-0.0118110236220472,1.9113345484405253e-05,239,0
626,1877,-0.0078740157480314,2.9542123027975858e-05,230,0
1877,2749,0.0039370078740157,5.316094630236153e-05,283,0
1877,3386,0.0039370078740157,3.431638767446543e-05,254,0
1877,3387,0.0157480314960629,3.0422680712772727e-05,243,0
1877,5764,0.0039370078740157,4.6808592970757474e-05,241,0
1877,6210,0.0039370078740157,3.428410639870587e-05,295,0
1877,6212,0.0078740157480314,6.845103840952387e-05,226,0
384,1878,-0.6046511627906976,1.0944750612665186e-06,70,1
1521,1878,-0.0310077519379844,1.2075461743366059e-06,87,1
1878,2010,0.1782945736434108,9.552443511118806e-07,90,1
1878,2436,0.0775193798449612,6.92629966342279e-07,75,1
95,1879,-0.0155642023346303,5.482241266111208e-07,93,1
1880,6184,0.01171875,9.12815773347128e-07,92,1
1885,4795,0.1417910447761194,6.413631929172888e-07,44,1
1793,1891,-0.01171875,7.629928724253701e-07,97,1
1891,2999,0.0390625,8.566686156296767e-07,92,1
1891,3001,0.01171875,4.817236347168304e-07,90,1
1891,3704,0.0078125,1.0807112543423805e-06,90,1
1891,3712,-0.07421875,3.009121687688818e-07,74,1
1891,5265,0.06640625,8.233667340945984e-07,70,1
535,1892,-0.0038910505836575,4.973187861271239e-07,65,1
1892,2150,0.0038910505836575,7.929497224648878e-07,69,1
1892,2998,0.0077821011673151,5.579014600232731e-07,68,1
1892,3710,0.0272373540856031,4.750369021299638e-07,57,1
1892,3712,0.0038910505836575,8.652833727035642e-07,63,1
1892,5074,0.0116731517509727,1.0601665485273208e-06,65,1
1892,5559,0.2295719844357976,1.0687567564968156e-06,63,1
627,1893,-0.0039215686274509,3.516159436978224e-07,81,1
1490,1893,-0.2117647058823529,8.517323902920058e-07,75,1
1893,3394,0.0039215686274509,1.1448053801713135e-06,90,1
1893,6176,0.0235294117647058,2.815474131700571e-07,76,1
1893,6280,0.0784313725490196,1.0545691860162866e-06,76,1
1007,1895,-0.0588235294117647,7.448780983511891e-07,59,1
1895,2792,0.0705882352941176,1.0490982775557333e-06,69,1
1895,4834,0.0039215686274509,7.417421155867433e-07,49,1
1895,6468,0.0470588235294117,8.205381279619708e-07,55,1
82,1898,-0.0039525691699604,3.550190025065984e-05,241,0
1608,1898,-0.0079051383399209,4.3234449016529e-05,264,0
1896,1898,-0.0039525691699604,0.0004733341780665149,231,0
1898,2095,0.0118577075098814,4.065544953357042e-05,241,0
1898,3634,0.0079051383399209,3.166330075880837e-05,215,0
1898,3635,0.0197628458498023,3.1012956719620356e-05,240,0
1898,4790,0.0039525691699604,6.89209664336501e-05,242,0
1898,6342,0.0079051383399209,1.918477499842143e-05,230,0
1898,6463,0.0039525691699604,9.405316742536958e-05,222,0
1898,6483,0.0039525691699604,3.3605988589059695e-05,255,0
1898,6484,0.0039525691699604,5.093948468016647e-05,243,0
1898,6595,0.0039525691699604,5.500449811607687e-05,273,0
627,1899,-0.0194552529182879,5.819583901894912e-07,70,1
459,1900,-0.02734375,1.046193800559138e-06,94,1
1900,3396,0.01171875,1.0482378994046348e-06,78,1
1900,6174,0.01953125,1.0760368369842762e-06,96,1
1900,6177,0.03515625,6.821178499351211e-07,93,1
1900,6178,0.0078125,5.106014132540651e-07,85,1
361,1901,-0.00390625,1.0673945557177416e-06,52,1
1901,6179,0.015625,7.897235325304052e-07,54,1
411,1910,-0.078125,1.1666008885961662e-06,83,1
1910,6486,0.0390625,4.7401072884893426e-07,98,1
1910,6487,0.01953125,8.602376311114314e-07,84,1
410,1915,-0.0736434108527131,1.1642356757490487e-06,28,1
1917,2493,0.11328125,1.156885943939192e-06,81,1
1917,4849,0.05078125,1.9983681989892546e-07,69,1
1917,5222,-0.0232255329457364,9.956808628957982e-07,69,1
1917,5283,0.10546875,3.887545280934382e-07,67,1
82,1922,-0.05859375,2.6061559919223782e-05,259,0
135,1922,-0.00390625,0.0001938875823374463,306,0
187,1922,-0.00390625,5.1304856354791646e-05,231,0
391,1922,-0.01953125,2.4799991174858224e-05,238,0
394,1922,-0.00390625,3.9342642949014216e-05,267,0
617,1922,-0.0078125,8.108047292074527e-05,259,0
690,1922,-0.00390625,2.2109447170820766e-05,231,0
789,1922,-0.00390625,7.099584736972065e-05,259,0
991,1922,-0.00390625,8.558600479054696e-05,280,0
1365,1922,-0.0078125,0.00015384174817029557,258,0
1608,1922,-0.0078125,2.3163550298186998e-05,282,0
1922,2095,0.0078125,4.249396100383509e-05,259,0
1922,2314,0.0078125,8.217017279632469e-05,241,0
1922,2449,0.0078125,4.877366728549583e-05,275,0
1922,2488,0.00390625,4.484141693370079e-05,247,0
1922,2791,0.03515625,4.719660696330719e-05,240,0
1922,2887,0.015625,4.511283846089578e-05,256,0
1922,2898,0.01171875,3.5134189384263764e-05,276,0
1922,3342,0.00390625,0.00015096643782841238,253,0
1922,3344,0.03515625,5.767593942080669e-05,263,0
1922,3375,0.01171875,3.441756775199264e-05,237,0
1922,3634,0.0078125,2.7918130287286838e-05,233,0
1922,3642,0.0234375,4.5947445687164325e-05,271,0
1922,3646,0.05859375,3.5107398394515946e-05,277,0
1922,4031,0.0078125,0.00011342089655825687,264,0
1922,4772,0.01171875,3.344318883047227e-05,255,0
1922,4773,0.00390625,3.8429260418018056e-05,263,0
1922,4775,0.0078125,0.00010843519620183146,267,0
1922,4776,0.00390625,0.00013230676567059288,257,0
1922,4777,0.0078125,7.096904840774219e-05,288,0
1922,4780,0.0078125,0.00012306160371702602,255,0
1922,4790,0.01953125,4.025647058101777e-05,260,0
1922,4836,0.0234375,4.75810710332077e-05,254,0
1922,5870,0.00390625,8.15571851100324e-05,248,0
1922,5873,0.0078125,0.00012607607663487513,274,0
1922,5875,0.02734375,4.617663853402473e-05,274,0
1922,6464,0.01953125,5.60355448255174e-05,243,0
1922,6465,0.01171875,4.557668587643087e-05,231,0
1922,6594,0.00390625,3.094075957103597e-05,225,0
1922,6595,0.00390625,2.3578241691630417e-05,291,0
1502,1923,-0.0350194552529182,3.268784373113098e-07,46,1
1596,1923,-0.0038910505836575,6.166451798943198e-07,56,1
1923,2417,0.011459525444419,7.080118962494736e-07,55,1
1923,6226,-0.1054839494163424,1.8576954854161015e-07,57,1
1924,3633,0.0261769140559557,4.2053414872870354e-07,79,1
1924,6462,0.0039370078740157,5.035052506708904e-07,74,1
1924,6488,0.0118110236220472,7.349496044370197e-07,78,1
646,1925,-0.0078431372549019,4.654090772148327e-07,84,1
1925,3479,0.0666666666666666,4.246895337285509e-07,79,1
1929,3030,0.1506276150627614,4.6117163948434605e-07,48,1
1929,3512,0.0645887400031778,2.1195640421307278e-07,42,1
1930,3021,-0.0756971111613081,2.795265334996642e-07,89,1
1930,3230,0.0175438596491228,5.540806439403423e-07,83,1
1930,5339,0.0292397660818713,1.0159386576218495e-06,69,1
719,1931,-0.1012145748987854,1.0197968203673866e-06,65,1
1931,3526,0.0161943319838056,1.6531487088103224e-07,54,1
1931,4496,0.0040485829959514,1.1588346036395631e-06,69,1
1931,5037,0.0283400809716599,1.2623497319228725e-07,54,1
218,1933,-0.0081967213114754,2.5371066965737783e-07,69,1
659,1933,-0.0737704918032786,2.8871453608469e-07,80,1
1933,3539,0.0081967213114754,3.2136081027940545e-07,66,1
1933,3540,0.0245901639344262,1.2313376802697576e-06,88,1
1933,4754,0.0081967213114754,2.992744086366814e-07,78,1
1933,4755,0.0245901639344262,4.83460706682669e-07,84,1
672,1934,-0.0146341463414634,9.82763453688819e-07,51,1
1251,1936,-0.1098039215686274,9.204680927587336e-07,80,1
1936,5491,0.0352941176470588,7.658379510929787e-07,90,1
1938,3077,-0.03125,1.0929204754446665e-07,91,1
569,1941,-0.003875968992248,2.006221927827849e-05,242,0
1941,5435,0.003875968992248,4.503505768584019e-05,232,0
608,1942,-0.047945205479452,2.475750858080036e-07,49,1
1942,1950,0.0890410958904109,5.767210930018873e-07,29,1
1942,2503,-0.1242900100233879,1.3308945899346668e-07,43,1
1942,2553,0.0342465753424657,3.2961987885361417e-07,53,1
1942,3302,0.0299859777801747,1.9799362158904502e-07,41,1
1942,3303,0.2054794520547945,1.6199933931921552e-07,36,1
1942,4966,0.0068493150684931,1.8613492314563684e-07,36,1
1942,6522,0.0547945205479452,1.2667551389091846e-07,46,1
82,1943,-0.00390625,2.9188442978013624e-05,227,0
1608,1943,-0.00390625,4.040800959605226e-05,250,0
1943,2095,0.00390625,3.1663157830152415e-05,227,0
1943,2449,0.0078125,4.2552447861059425e-05,243,0
1943,2745,0.015625,1.8960882123811684e-05,252,0
1943,3635,0.015625,2.996572426447821e-05,226,0
1943,3646,0.00390625,2.6657591835731433e-05,245,0
1943,4777,0.00390625,4.311906737159796e-05,256,0
1943,4790,0.0078125,5.6747022568148404e-05,228,0
1943,6335,0.00390625,3.4409707058385435e-05,263,0
1943,6342,0.0078125,1.859824402238951e-05,216,0
135,1944,-0.0156862745098039,0.00012979125137728656,287,0
617,1944,-0.0039215686274509,3.9382238749297937e-05,240,0
789,1944,-0.0078431372549019,4.6384189890159086e-05,240,0
1944,2791,0.0784313725490196,3.1312445839101024e-05,221,0
1944,2887,0.0196078431372549,2.087346719811279e-05,237,0
1944,3344,0.0117647058823529,2.620200778722932e-05,244,0
1944,4031,0.0039215686274509,7.749651104116813e-05,245,0
1944,4034,0.0078431372549019,0.00020796596015669176,269,0
1944,4773,0.0078431372549019,2.029842471098925e-05,244,0
1944,4775,0.0117647058823529,4.238129215507004e-05,248,0
1944,4777,0.0039215686274509,2.4102254614174678e-05,269,0
1944,4836,0.0745098039215686,3.128997027773818e-05,235,0
1944,5870,0.0078431372549019,4.370260947250528e-05,229,0
1944,5873,0.0196078431372549,9.13882188314229e-05,255,0
1944,5875,0.0078431372549019,2.44292672629867e-05,255,0
1944,6464,0.0470588235294117,3.420316802017348e-05,224,0
94,1949,-0.0423076923076923,9.461974649994703e-07,61,1
1949,4813,0.0076923076923076,4.1812451378518387e-07,64,1
1950,3303,0.256787330316742,1.856165009104874e-07,25,1
524,1951,-0.6498054474708171,1.741951673052414e-07,29,1
916,1951,-0.0038910505836575,2.471767335431818e-07,30,1
1951,2959,0.159533073929961,1.8799619944260377e-07,29,1
1952,2962,0.04296875,3.4522721539532556e-07,85,1
1952,3704,0.00390625,1.2135034148097707e-06,91,1
1952,3710,0.0078125,5.286649857400663e-07,69,1
1952,5074,0.01171875,5.678227265146874e-07,77,1
1952,5265,0.04296875,5.605735283279167e-07,71,1
1952,5558,0.00390625,3.242630003046947e-07,84,1
116,1953,-0.0078740157480314,1.2163200158871526e-06,92,1
268,1953,-0.1220472440944882,8.450448948364777e-07,76,1
707,1953,-0.0472440944881889,7.257505993663354e-07,78,1
1080,1953,-0.0196850393700787,1.640715698575184e-07,58,1
1083,1953,-0.0314960629921259,6.846981972503504e-07,68,1
1953,2565,0.0314960629921259,1.0044976618342624e-06,71,1
1953,2567,0.1377952755905512,1.2064637155639857e-06,93,1
1953,3000,0.0236220472440944,7.297113406740157e-07,81,1
1953,3706,0.0157480314960629,6.74243891409833e-07,60,1
1953,3708,0.0275590551181102,2.2408833551912461e-07,76,1
1953,3929,0.0078740157480314,6.82619276446324e-07,68,1
1953,5074,0.0039370078740157,9.641613061219544e-07,71,1
1953,5084,0.0039370078740157,1.002675831152747e-06,77,1
1954,5199,0.0083333333333333,2.6453676933297918e-05,282,0
251,1955,-0.1869918699186991,2.8877564381438958e-05,225,0
569,1955,-0.016260162601626,0.00010382324929226797,260,0
1207,1955,-0.0528455284552845,0.0005303493974874377,233,0
1299,1955,-0.0121951219512195,0.0007064307211678061,224,0
1301,1955,-0.0284552845528455,1.88451272927689e-05,244,0
1302,1955,-0.0040650406504065,2.7584770484226952e-05,240,0
1562,1955,-0.0040650406504065,3.2573352085173504e-05,223,0
1824,1955,-0.0528455284552845,5.247465005040766e-05,250,0
1955,2152,0.0040650406504065,0.0012930508326269043,225,0
1955,2219,0.016260162601626,0.0009021623506646562,251,0
1955,2220,0.0040650406504065,0.00011184288291247806,256,0
1955,2281,0.008130081300813,0.0010590463036746966,229,0
1955,2569,0.0040650406504065,3.9263880461443825e-05,296,0
1955,3130,0.0040650406504065,6.0001883167069476e-05,245,0
1955,3131,0.0040650406504065,5.018875890229314e-05,247,0
1955,3722,0.040650406504065,5.9678728208577904e-05,314,0
1955,3734,0.0040650406504065,2.627679324572287e-05,238,0
1955,3808,0.0040650406504065,7.761054498466702e-05,254,0
1955,3811,0.0284552845528455,3.153403677982787e-05,225,0
1955,5429,0.032520325203252,2.698872660222126e-05,245,0
1955,5430,0.016260162601626,0.0006018514441818854,244,0
1955,5436,0.0203252032520325,3.387451236660312e-05,245,0
1955,5481,0.008130081300813,0.001954095024297544,230,0
1955,5669,0.0040650406504065,0.00013435957913182815,233,0
1955,5685,0.0284552845528455,3.061337541110492e-05,229,0
1955,5687,0.0040650406504065,3.3675216588507795e-05,228,0
1955,5689,0.0040650406504065,7.141838911451563e-05,263,0
1955,6368,0.0203252032520325,3.1942308585319305e-05,235,0
1955,6369,0.0040650406504065,3.363184139614207e-05,294,0
1956,5161,0.0919540229885057,1.1836692673248143e-06,67,1
1958,2938,0.059322033898305,1.100006189214172e-06,36,1
203,1960,-0.0283018867924528,9.169974909823585e-07,85,1
1141,1960,-0.0330188679245283,6.138609453962839e-07,61,1
1777,1960,-0.0424528301886792,1.1071197445162263e-06,87,1
1962,2036,0.025,2.807629635180646e-07,86,1
1962,2294,0.0125,3.5906531887151364e-07,84,1
1962,2583,-0.09296875,1.9043594096425087e-07,68,1
1962,3006,0.0014705882352941,2.0820467746525254e-07,71,1
1962,3774,0.1,2.3671398847690035e-07,66,1
1963,5333,0.0354330708661417,7.609871581747036e-07,96,1
651,1966,-0.058252427184466,6.165687236278609e-07,58,1
1103,1966,-0.0194174757281553,2.3550764050147073e-07,67,1
1966,2550,0.0194174757281553,8.636912326283907e-07,87,1
1966,3500,0.145631067961165,8.986585533649383e-07,87,1
1966,4323,0.029126213592233,6.477520431556317e-07,89,1
1966,5106,0.0097087378640776,7.469985632950504e-07,64,1
1966,5147,0.0194174757281553,7.808158853486915e-07,92,1
435,1968,-0.0588235294117647,8.418120809983628e-07,24,1
1968,2607,0.1176470588235294,1.0487342953978014e-06,27,1
1968,3073,0.1764705882352941,6.876322057985002e-07,24,1
125,1971,-0.0275590551181102,1.5416681238229894e-07,83,1
646,1971,-0.1023622047244094,9.535983285902703e-07,82,1
860,1971,-0.0157480314960629,1.0095168662154676e-06,63,1
985,1971,-0.1338582677165354,9.693696882087298e-07,62,1
1925,1971,-0.0472440944881889,3.007096252541846e-07,82,1
1971,2627,0.0551181102362204,1.5055256005854838e-07,81,1
1971,3476,0.0236220472440944,1.9360581267621263e-07,82,1
1971,3481,0.0944881889763779,2.3698487043631594e-07,82,1
1971,3544,0.0275590551181102,1.1029431700591608e-06,65,1
1971,3841,0.0078740157480314,3.954293869746848e-07,72,1
1971,3847,0.0118110236220472,7.560457150427162e-07,67,1
1971,3848,0.0039370078740157,1.5517881169348617e-07,80,1
1971,3853,0.2165354330708661,4.3922319984727636e-07,78,1
1103,1972,-0.0039215686274509,8.135201456525794e-07,87,1
111,1973,-0.00390625,2.0180896609343848e-05,278,0
402,1973,-0.00390625,6.236812374425377e-05,246,0
626,1973,-0.0078125,5.903573912384228e-05,247,0
1498,1973,-0.02734375,2.675946493868502e-05,237,0
1591,1973,-0.09375,5.305765997628264e-05,246,0
1607,1973,-0.015625,0.0007971895939590536,292,0
1627,1973,-0.01953125,2.077832791742994e-05,224,0
1922,1973,-0.01953125,2.726563413961517e-05,280,0
1973,3386,0.01171875,7.863897582971208e-05,271,0
1973,3387,0.01953125,4.0170470888964435e-05,260,0
1973,3631,0.00390625,2.1280553896768922e-05,303,0
1973,3643,0.0078125,2.107417307849563e-05,283,0
1973,5768,0.0390625,2.6615162261171213e-05,227,0
1973,6202,0.0234375,0.00013991850546872026,241,0
1973,6204,0.01171875,3.9527045665634946e-05,232,0
1973,6207,0.0078125,8.771545861764805e-05,234,0
1973,6232,0.0078125,0.00019160572524557065,253,0
1973,6233,0.015625,0.000119872894129012,249,0
1973,6236,0.00390625,0.001466830778924721,224,0
1973,6346,0.00390625,1.9587966068588134e-05,272,0
1973,6444,0.0078125,0.0002335264936558239,260,0
1973,6445,0.00390625,0.0004683054900797798,233,0
1973,6446,0.02734375,4.051536968591203e-05,232,0
1973,6447,0.01953125,3.526908623939384e-05,219,0
1973,6448,0.00390625,0.00011600821822407807,250,0
1973,6449,0.0078125,2.5481987542546736e-05,229,0
1973,6455,0.0078125,9.74432135084728e-05,239,0
1973,6483,0.00390625,0.0010819333106483206,285,0
1973,6484,0.00390625,0.002007406534893588,273,0
1973,6521,0.07421875,3.6141433771397665e-05,258,0
1974,6485,0.0155642023346303,2.8510130754313928e-05,263,0
1975,3876,0.1363636363636363,4.5657123230968307e-07,21,1
1976,3881,0.1106719367588932,7.214859017409906e-07,38,1
159,1978,-0.1015625,8.810692377819128e-07,84,1
1979,3018,-0.0896155228171038,1.3256182212836018e-07,7,1
1980,2985,0.0526315789473684,2.1662675415881154e-07,65,1
1980,4420,-0.0110275689223057,5.017740561065381e-07,61,1
1988,4377,0.0039370078740157,3.365582702838583e-05,251,0
865,1989,-0.0387596899224806,6.019821693475958e-07,89,1
1989,2316,0.2093023255813953,2.650575400440623e-07,78,1
1989,3181,0.065891472868217,4.154123402263286e-07,75,1
153,1990,-0.0078125,8.787191566878601e-07,95,1
781,1990,-0.0078125,3.4076067225721446e-07,91,1
1371,1990,-0.015625,0.00015801226501629216,230,0
1989,1990,-0.01171875,2.4415431041080557e-07,90,1
1990,2277,0.0078125,2.812906829861893e-07,91,1
1990,3181,0.04296875,6.387652071541931e-07,93,1
1990,4345,0.0078125,3.0252766007049604e-07,91,1
1990,5469,0.0078125,4.19118228063092e-07,96,1
1990,5471,0.05078125,2.502519474613813e-07,94,1
134,1991,-0.01171875,1.93634792853098e-07,80,1
1364,1991,-0.2265625,3.799528009735944e-07,72,1
1991,1992,0.0078125,5.055451543768981e-07,92,1
1991,2444,0.01171875,5.38940097058139e-07,93,1
1991,4012,0.09375,1.0074922646342112e-06,69,1
1991,4013,0.0390625,7.40090171966181e-07,73,1
1991,4028,0.01953125,4.638438575128878e-07,97,1
1991,5856,0.07421875,9.978426375243828e-07,69,1
1991,5862,0.03125,8.427758271124275e-07,87,1
1991,5863,0.20703125,8.626397645011447e-07,77,1
1992,5856,-0.3022954182125298,8.043862048286051e-07,83,1
374,1993,-0.0196850393700787,6.186085034268495e-07,84,1
997,1993,-0.0078740157480314,3.330867839813792e-07,93,1
1993,2096,0.0748031496062992,5.152072639876561e-07,96,1
1993,2442,0.0039370078740157,5.148005362141704e-07,98,1
1993,2714,0.0118110236220472,3.222046057188459e-07,94,1
1993,4037,-0.0115034448818897,2.634628923058339e-07,94,1
1994,2884,-0.0738539640077821,3.614207207517351e-07,96,1
1994,4029,0.027313112745098,2.7739216009030766e-07,75,1
1994,4044,0.02734375,5.124362897812946e-07,86,1
1994,4045,0.3203125,2.1979262473361982e-07,78,1
1994,5836,0.031219362745098,4.0230559349337187e-07,89,1
1994,5838,0.0781857976653696,2.885993414902452e-07,85,1
1994,5851,0.0899501459143968,3.0239422617708693e-07,90,1
59,1995,-0.0156862745098039,3.630194806171498e-05,218,0
344,1995,-0.0078431372549019,0.00016329191613231032,253,0
442,1995,-0.0039215686274509,0.0002472104801668011,245,0
571,1995,-0.0039215686274509,3.1071203511135706e-05,258,0
576,1995,-0.0078431372549019,0.00023241874508362988,228,0
876,1995,-0.0235294117647058,0.0001077946942653792,230,0
1483,1995,-0.0156862745098039,0.00011665910969025943,244,0
1995,2217,0.0117647058823529,5.499310708805388e-05,233,0
1995,2292,0.0156862745098039,3.772865561372201e-05,267,0
1995,2303,0.0039215686274509,0.0003054518181187173,257,0
1995,2398,0.0039215686274509,0.00012197539360871281,249,0
1995,3033,0.0078431372549019,3.009211521150906e-05,220,0
1995,3138,0.0156862745098039,3.975835356976808e-05,247,0
1995,3140,0.0039215686274509,0.00022929422373615236,243,0
1995,3141,0.0039215686274509,9.286191878772809e-05,266,0
1995,3143,0.0156862745098039,6.079637729209657e-05,280,0
1995,3144,0.0078431372549019,5.408264525026981e-05,251,0
1995,3162,0.0117647058823529,5.143485280879187e-05,231,0
1995,3163,0.0078431372549019,0.00012943631409000018,241,0
1995,3504,0.0156862745098039,2.1832698651873774e-05,219,0
1995,3507,0.0117647058823529,1.8991317083133392e-05,224,0
1995,3508,0.0117647058823529,1.9633514674548585e-05,276,0
1995,3767,0.0039215686274509,7.778561911663307e-05,215,0
1995,4373,0.0039215686274509,0.0002645937370879708,229,0
1995,4377,0.0039215686274509,6.802495694952525e-05,283,0
1995,4384,0.0156862745098039,0.00012950090017242998,232,0
1995,4386,0.0117647058823529,1.9813881139636747e-05,219,0
1995,5315,0.0078431372549019,0.000328755694904949,236,0
1995,5420,0.0039215686274509,8.771673960734745e-05,248,0
1995,5711,0.0196078431372549,0.00014653433790801166,220,0
1995,5712,0.0156862745098039,7.734013586203708e-05,245,0
1995,5714,0.0313725490196078,5.043616402368867e-05,252,0
1995,5717,0.0117647058823529,3.782649234868493e-05,238,0
1995,5785,0.0078431372549019,0.00010760502123017899,242,0
1995,5787,0.0313725490196078,3.424980639354127e-05,243,0
1995,5791,0.0313725490196078,4.168307048074922e-05,253,0
1995,5798,0.0078431372549019,0.0001463420592219913,246,0
1995,5868,0.0078431372549019,0.00022382165659323703,221,0
1995,6155,0.0039215686274509,0.0002724232310465879,270,0
2000,2352,0.0116731517509727,1.1545222382488175e-06,39,1
82,2001,-0.0156862745098039,1.926795148994963e-05,263,0
391,2001,-0.0156862745098039,5.7709471976634986e-05,242,0
1549,2001,-0.0156862745098039,2.4306176996501234e-05,226,0
1608,2001,-0.0196078431372549,2.100760452560049e-05,286,0
1896,2001,-0.0392156862745098,2.9992697113736118e-05,253,0
2001,2095,0.0039215686274509,2.3173718348744102e-05,263,0
2001,2894,0.0117647058823529,2.5645529636524423e-05,225,0
2001,3375,0.0156862745098039,4.9684775612921776e-05,241,0
2001,3634,0.0039215686274509,1.839305160946475e-05,237,0
2001,3646,0.0078431372549019,2.019877337866662e-05,281,0
2001,4777,0.0039215686274509,3.480078773546573e-05,292,0
2001,4790,0.0039215686274509,3.5742071305247715e-05,264,0
2001,4836,0.0431372549019607,0.00013727764321875736,258,0
2001,6339,0.0901960784313725,2.3969688144499232e-05,246,0
2001,6464,0.0235294117647058,0.00014946256075657282,247,0
2001,6484,0.0352941176470588,2.4133451172605302e-05,265,0
2001,6593,0.0039215686274509,2.1447565809719088e-05,217,0
2001,6594,0.0117647058823529,6.92657863878421e-05,229,0
2001,6595,0.0117647058823529,2.6325539876453987e-05,295,0
2002,4836,0.0234375,4.565963395643745e-05,223,0
2002,6484,0.00390625,2.6322243119897928e-05,230,0
2002,6595,0.00390625,3.0105767135874502e-05,260,0
2003,6513,0.0038910505836575,0.00010253526518243038,220,0
2004,2262,-0.51171875,1.6621802304468823e-07,43,1
2004,3324,-0.2002144607843137,1.3024062991680767e-07,49,1
2004,4138,0.1405177696078431,9.820987723379955e-08,52,1
2004,4139,0.0446428571428571,7.550514233968831e-08,54,1
2004,4140,0.0039668120155038,1.330297522886249e-07,50,1
2004,4142,0.0859375,1.3284992954188306e-07,49,1
2004,5626,0.015625,1.4372403679653345e-07,46,1
2004,5628,0.00390625,3.3683066384354746e-07,44,1
2004,5635,0.12109375,7.610181881454322e-08,51,1
2004,5636,0.0078125,2.3698120611211347e-07,45,1
2004,5881,0.16796875,6.030335943908888e-08,51,1
1278,2005,-0.048,4.411486746620533e-07,33,1
2005,4137,0.024,6.823764903427729e-07,40,1
2005,4140,0.04,9.69928834701597e-07,48,1
2005,4559,0.292,3.5991887507244133e-07,34,1
2005,5630,0.024,4.3092782233992925e-07,48,1
2005,5637,0.068,7.733372004349998e-07,52,1
2006,4136,0.4139344262295082,3.998231597334922e-07,26,1
2006,5625,0.4615384615384615,3.8195228225597835e-07,21,1
2007,3679,0.0303030303030303,9.157544887367266e-07,45,1
142,2008,-0.2068965517241379,7.923980382805732e-07,39,1
1532,2009,-0.0039370078740157,1.066134900548951e-06,60,1
2009,2441,0.0039370078740157,7.478565786013887e-07,59,1
2009,4164,-0.0741264763779527,5.85728614957046e-07,69,1
2009,4166,0.0275590551181102,1.162355930974967e-06,89,1
2009,4243,0.0039370078740157,1.618558929588514e-07,59,1
2010,4858,0.05859375,1.0735838523807511e-06,96,1
2012,2808,0.2046511627906976,1.1531152219076632e-06,52,1
2012,2810,0.1534883720930232,8.829060912080448e-07,59,1
966,2013,-0.0185185185185185,5.739524113334395e-07,55,1
2013,4186,0.0277777777777777,9.241249539854223e-07,59,1
2020,2048,0.5,8.364643351485506e-07,18,1
2020,4524,0.5,9.037702924430709e-07,18,1
1420,2021,-0.0202020202020202,4.071015910708895e-07,57,1
2021,2049,-0.1492615396997867,2.604064155333378e-07,65,1
2021,2958,0.0805445761967501,5.326630256324793e-07,67,1
2021,4253,0.0163109696183626,6.48979750218669e-07,80,1
2021,4551,0.0143540669856459,1.112405775871366e-06,65,1
2021,6008,0.0592885375494071,6.016304737846819e-07,70,1
1103,2026,-0.0076923076923076,6.919786785647596e-07,75,1
2028,2620,-0.9506172839506172,5.495477771341963e-08,11,1
2028,3569,-0.4004629629629629,6.41139073323229e-08,10,1
663,2029,-1.0,4.579564809451636e-08,4,1
2032,3262,0.0431372549019607,9.39703787393457e-07,96,1
1865,2033,-0.0039215686274509,2.219146111912479e-07,93,1
2033,3262,0.0941176470588235,9.268062937475682e-07,88,1
2033,4355,0.0117647058823529,2.645074862630269e-07,96,1
236,2036,-0.0386100386100386,1.2258712759633718e-07,98,1
1165,2036,-0.0154440154440154,1.82076002768817e-07,87,1
2036,2583,0.0112662886100386,1.2416658026419465e-07,98,1
2036,5293,-4.5246138996138906e-05,1.6171938528391842e-07,98,1
2038,3721,0.00390625,3.1354236810208546e-05,228,0
2038,3733,0.01171875,9.626562953018655e-07,98,1
2038,5199,0.00390625,0.0001350465677407897,271,0
713,2039,-0.0039370078740157,4.347284312571464e-05,245,0
1226,2039,-0.0039370078740157,0.00014879102246136787,242,0
1955,2039,-0.0039370078740157,0.000848620528419648,244,0
2039,2219,0.0118110236220472,0.00010857521905172788,257,0
2039,3131,0.0039370078740157,2.8400996128496467e-05,253,0
2039,3225,0.0039370078740157,9.87453157973147e-05,236,0
2039,5101,0.0039370078740157,0.0005037112725263076,217,0
2039,5430,0.0078740157480314,7.324751808259809e-05,250,0
2039,5686,0.0078740157480314,2.1810843127017563e-05,258,0
2039,5693,0.0039370078740157,1.975920199226294e-05,242,0
884,2040,-0.0307692307692307,6.078754452324179e-07,78,1
2040,2815,-0.4424467099165894,3.901204438163312e-07,53,1
2040,4463,0.1846153846153846,3.461951600758244e-07,58,1
1119,2041,-0.0497737556561085,2.794750857439484e-07,87,1
2041,4429,0.004524886877828,6.227854750808491e-07,85,1
2044,4458,0.1428571428571428,6.529096107716879e-07,90,1
897,2046,-0.0528455284552845,9.421966797190093e-08,46,1
900,2046,-0.1138211382113821,9.571213934380326e-07,28,1
902,2046,-0.040650406504065,2.3464823826492013e-07,43,1
914,2046,-0.0365853658536585,2.8579450009672575e-07,43,1
1270,2046,-0.073170731707317,5.271119084127913e-07,52,1
1271,2046,-0.016260162601626,2.0293527030844253e-07,34,1
2046,2048,0.040650406504065,2.0648985591278054e-07,39,1
2046,2054,0.008130081300813,7.552367777638403e-08,43,1
2046,2257,0.0121951219512195,2.9966146354158777e-07,37,1
2046,2822,0.0284552845528455,1.054926790375571e-07,44,1
2046,2823,0.008130081300813,7.024445723215506e-08,41,1
2046,4465,0.0121951219512195,1.1539496822057803e-07,36,1
2046,4467,0.1626016260162601,6.172299490061771e-07,29,1
2046,4475,-0.0021791970497024,8.840705507065312e-08,40,1
2046,4478,0.048780487804878,2.1703523692674308e-07,36,1
2046,4524,0.0203252032520325,2.527874483782891e-07,39,1
2046,4525,0.0528455284552845,1.7203524994078964e-07,37,1
2046,4914,0.048780487804878,2.4923225738452236e-07,39,1
2046,4915,0.1707317073170731,3.7958185687189884e-07,47,1
2046,5617,0.032520325203252,2.932932080142045e-07,41,1
2046,5618,0.0040650406504065,1.9988030016016108e-07,38,1
898,2047,-0.2391304347826087,1.004584515422202e-06,34,1
2047,4258,0.0869565217391304,1.1358035252693357e-07,30,1
2047,4468,0.1521739130434782,1.0924051311442952e-06,42,1
2047,4472,0.0217391304347826,2.876172401203474e-07,29,1
2047,4528,0.0217391304347826,7.613058115798861e-07,44,1
902,2048,-0.1063829787234042,1.5398676441048152e-07,36,1
1270,2048,-0.5,3.7422664724451554e-07,45,1
1271,2048,-0.0531914893617021,1.545750057489402e-07,27,1
2048,2822,0.0212765957446808,1.0695815655957432e-07,37,1
2048,4478,0.0744680851063829,1.5547414443406407e-07,29,1
2048,4524,0.0531914893617021,1.0823536331895502e-07,32,1
2048,4525,0.0106382978723404,1.561482631210352e-07,30,1
2048,4914,0.0425531914893617,1.8490033576343566e-07,32,1
2048,4915,0.1063829787234042,2.5977372957017925e-07,40,1
2048,5617,0.0106382978723404,2.1248625354531124e-07,34,1
2048,5618,0.0212765957446808,1.8283321897071625e-07,31,1
2049,2958,0.0321496622206824,2.10414848264517e-07,80,1
2049,4253,-0.0271443409242407,2.788390328770461e-07,93,1
2049,4551,-0.0680552643228256,3.355171167035784e-07,78,1
2049,6008,0.0084720406909909,2.3805306430401324e-07,83,1
2050,3526,0.0039682539682539,1.7649668193696352e-07,57,1
2050,3528,-0.1662445119891928,4.1766184756745196e-07,44,1
2051,5038,0.065891472868217,1.1688724732370504e-06,75,1
1931,2052,-0.0165289256198347,3.420355922691493e-07,42,1
2052,3525,0.0330578512396694,3.007642122897396e-07,47,1
2052,3526,0.0165289256198347,3.391146820597914e-07,46,1
2052,3527,0.0082644628099173,6.456341531412883e-07,50,1
2052,3743,0.0082644628099173,8.282250829370027e-07,48,1
2052,4503,0.0330578512396694,6.573878503334912e-07,41,1
2052,5037,0.1570247933884297,3.2797512368549603e-07,46,1
897,2054,-0.008130081300813,6.534686708871373e-08,43,1
902,2054,-0.0203252032520325,1.3247935621714169e-07,40,1
914,2054,-0.0365853658536585,1.56427071506534e-07,40,1
1270,2054,-0.2682926829268293,3.215871839862861e-07,49,1
1271,2054,-0.040650406504065,1.4399535670477046e-07,31,1
2054,2257,0.0040650406504065,1.571239281212706e-07,34,1
2054,2822,0.0084204413472706,7.522676829452968e-08,41,1
2054,4478,0.0284552845528455,1.2738595832489223e-07,33,1
2054,4524,0.032520325203252,1.974405772727207e-07,36,1
2054,4525,0.1300813008130081,1.257772081171374e-07,34,1
2054,4914,0.0284552845528455,1.478405049122827e-07,36,1
2054,4915,0.3089430894308943,2.1209965766075066e-07,44,1
2054,5617,0.065040650406504,1.6527819186797026e-07,38,1
2054,5618,0.008130081300813,1.3618339708702203e-07,35,1
898,2055,-0.015625,6.572596284597725e-07,29,1
913,2055,-0.015625,8.59964301683304e-07,36,1
2055,4468,0.015625,7.769306357214575e-07,37,1
2055,4528,0.015625,6.655093769519764e-07,39,1
2055,4531,0.828125,3.9298778603667906e-07,29,1
2057,3547,0.2184135354867062,2.0981766895741902e-07,24,1
208,2058,-0.0039215686274509,1.6910132336191445e-07,41,1
524,2058,-0.1411764705882353,3.014016061147821e-07,43,1
916,2058,-0.1725490196078431,3.9730528688173467e-07,44,1
919,2058,-0.0431372549019607,7.495675808769308e-07,53,1
1951,2058,-0.0078431372549019,5.290217029615094e-07,34,1
2058,2948,0.0117800245098039,1.0660044508576932e-06,66,1
2058,2959,0.3764705882352941,3.633138414894342e-07,43,1
2058,2961,0.0156862745098039,2.6392817879449924e-07,47,1
2058,3696,0.0392156862745098,8.742986821438594e-07,37,1
2058,3698,0.1019607843137254,3.740026651429916e-07,53,1
2058,4537,0.0313725490196078,4.7142804902760046e-07,56,1
2058,4539,0.0039215686274509,9.347096108624865e-07,59,1
2059,3595,0.048780487804878,7.833720546293321e-07,32,1
2059,3596,0.024390243902439,4.2123682782206486e-07,38,1
2059,4553,0.024390243902439,5.611065817858492e-07,57,1
166,2060,-0.0309278350515463,9.463007575520436e-07,67,1
1420,2060,-0.0927835051546391,5.28096128506745e-07,51,1
2021,2060,-0.1134020618556701,9.213630333341706e-08,46,1
2049,2060,-0.0309278350515463,3.132756529081773e-07,59,1
2060,2821,-0.0819455458630716,1.1074972600385221e-07,32,1
2060,2958,0.0721649484536082,7.598879016937507e-07,61,1
2060,4254,0.0103092783505154,4.564512465317421e-07,51,1
2060,6008,0.0309278350515463,7.581373843417619e-07,64,1
177,2062,-0.0192307692307692,1.1391763333581876e-06,89,1
2062,2141,0.0064102564102564,1.2179204710876396e-06,94,1
2063,3859,0.00390625,0.00021672169731357647,282,0
2063,4130,0.00390625,2.9235245414824337e-05,247,0
2063,5780,0.00390625,1.9410022484982472e-05,260,0
2064,5880,0.0184331797235023,2.0335886618242685e-05,220,0
402,2065,-0.0194552529182879,2.38708370180102e-05,237,0
626,2065,-0.0194552529182879,3.9030118589852305e-05,238,0
1328,2065,-0.0038910505836575,7.541875810377175e-05,259,0
1590,2065,-0.0038910505836575,0.00013352875383710596,247,0
1620,2065,-0.0077821011673151,4.678163158296582e-05,295,0
2065,2690,0.0194552529182879,6.16259748545575e-05,242,0
2065,2692,0.0038910505836575,2.355941516170082e-05,298,0
2065,3386,0.0038910505836575,4.1433731872119835e-05,262,0
2065,3387,0.0155642023346303,3.787262674243259e-05,251,0
2065,3388,0.0350194552529182,7.256135779859537e-05,226,0
2065,5734,0.0038910505836575,2.018644807079971e-05,224,0
2065,5735,0.0077821011673151,2.137425134153697e-05,233,0
2065,5764,0.0194552529182879,6.821514193782583e-05,249,0
2065,6207,0.0038910505836575,2.3097595133460297e-05,225,0
2065,6210,0.0038910505836575,0.0001710084931931259,303,0
2065,6220,0.0155642023346303,1.9099923111242093e-05,219,0
2065,6232,0.0116731517509727,0.00011908265295186481,244,0
2065,6236,0.0116731517509727,0.0021799053457807987,215,0
2065,6444,0.0272373540856031,8.64308618858867e-05,251,0
2065,6445,0.0350194552529182,0.00022966851303345202,224,0
2065,6448,0.0116731517509727,4.949991502383931e-05,241,0
2065,6519,0.0116731517509727,0.00019735365750348806,234,0
2065,6521,0.0505836575875486,0.0001274320875272382,249,0
2066,3859,0.0039215686274509,7.380463016669812e-05,289,0
2067,3561,-0.2238124446261841,1.8999039569494797e-07,65,1
14,2069,-0.0117647058823529,2.0840746874723556e-05,305,0
1324,2069,-0.0117647058823529,4.579537972907706e-05,296,0
1328,2069,-0.0039215686274509,3.239253303431338e-05,279,0
1590,2069,-0.0039215686274509,5.9986491452957036e-05,267,0
1620,2069,-0.0392156862745098,3.7362766928404713e-05,315,0
1626,2069,-0.0078431372549019,0.0013474882705730028,218,0
2069,2300,0.0117647058823529,4.220854369719544e-05,324,0
2069,2420,0.0117647058823529,0.0006005574531432501,234,0
2069,2690,0.0117647058823529,2.8723272722342057e-05,262,0
2069,3288,0.0156862745098039,3.892297183494966e-05,287,0
2069,3289,0.0078431372549019,8.192347533292007e-05,255,0
2069,3291,0.0196078431372549,4.368743336145489e-05,272,0
2069,3295,0.0039215686274509,2.1116488604191275e-05,271,0
2069,3386,0.0078431372549019,1.907204990470087e-05,282,0
2069,3388,0.0117647058823529,3.8388237039671155e-05,246,0
2069,3390,0.0039215686274509,4.977388307525893e-05,242,0
2069,4115,0.0117647058823529,3.143004239967485e-05,300,0
2069,5742,0.0078431372549019,2.094551852667744e-05,324,0
2069,5745,0.0039215686274509,3.745388155028505e-05,331,0
2069,5773,0.0078431372549019,6.736034031770882e-05,254,0
2069,5823,0.0392156862745098,1.9039331214964555e-05,315,0
2069,6169,0.0078431372549019,2.0748852605345715e-05,309,0
2069,6171,0.0117647058823529,2.0563767608611286e-05,323,0
2069,6210,0.0039215686274509,0.0001454292175186866,323,0
2069,6232,0.0078431372549019,5.4015619659837226e-05,264,0
2069,6233,0.0039215686274509,2.0749870988704968e-05,260,0
2069,6444,0.0039215686274509,3.681275923332567e-05,271,0
2069,6448,0.0039215686274509,2.1037637135913095e-05,261,0
2069,6521,0.0039215686274509,6.432833203681018e-05,269,0
79,2070,-0.0117647058823529,0.0001363836734522367,273,0
930,2070,-0.0039215686274509,2.3184727608059554e-05,246,0
931,2070,-0.0156862745098039,2.1085683075248138e-05,229,0
981,2070,-0.0078431372549019,2.0282292532081786e-05,277,0
1369,2070,-0.0078431372549019,9.478788698916832e-05,277,0
1515,2070,-0.0392156862745098,1.974731689508646e-05,294,0
2065,2070,-0.0039215686274509,8.623073012977416e-05,289,0
2069,2070,-0.0196078431372549,5.7201277560414495e-05,309,0
2070,2430,0.0196078431372549,2.1177439491328056e-05,275,0
2070,2841,0.0039215686274509,8.563798708023025e-05,245,0
2070,2844,0.0078431372549019,0.0001075638447269243,229,0
2070,3294,0.0039215686274509,2.1669751830362183e-05,283,0
2070,3297,0.0039215686274509,7.887123604156447e-05,267,0
2070,3554,0.0039215686274509,4.2816906558820944e-05,248,0
2070,4577,0.0117647058823529,8.174657067353962e-05,324,0
2070,4583,0.0352941176470588,3.138359473902656e-05,276,0
2070,4596,0.0078431372549019,8.435271156310917e-05,222,0
2070,5780,0.0196078431372549,0.0001712974033735971,280,0
2070,5880,0.0196078431372549,9.340894474203044e-05,299,0
2071,2696,0.0156862745098039,6.360098376942743e-05,273,0
2071,2750,0.0156862745098039,2.143226274980776e-05,264,0
2071,3870,0.0196078431372549,2.6720689572817784e-05,272,0
182,2072,-0.2178988326848249,5.881934882887014e-07,90,1
2073,2952,0.0256410256410256,8.511179329251105e-07,32,1
2073,4204,0.0256410256410256,3.4484901103855994e-07,21,1
2073,5061,0.0256410256410256,1.9979422309358341e-07,19,1
35,2076,-0.0038910505836575,1.1944531458956282e-06,84,1
558,2076,-0.0272373540856031,6.669397111623547e-07,87,1
2076,2249,-0.2930295476653696,7.636234045381717e-07,76,1
2076,3085,0.0778210116731517,6.044754323874875e-07,92,1
2076,3087,0.0194552529182879,5.440713104030165e-07,98,1
2076,4637,0.0155642023346303,4.0247157387510025e-07,98,1
2077,2616,0.0227272727272727,9.402333278717543e-07,54,1
2081,2286,0.005813953488372,0.00015203616240104813,216,0
2082,3722,0.0571428571428571,2.37910897861669e-05,222,0
658,2089,-0.0972762645914396,1.5072517126634732e-07,77,1
1122,2089,-0.1712062256809338,7.842573901306193e-07,84,1
1123,2089,-0.0505836575875486,1.9183305557364537e-07,83,1
2089,3530,0.0894941634241245,2.0934223871890173e-07,74,1
2089,3531,0.0077821011673151,2.6483118440368143e-07,78,1
2089,5192,0.0155642023346303,5.75088860141074e-07,80,1
2089,5195,0.0038910505836575,3.21851881416197e-07,79,1
2090,3533,0.09375,3.959028200608119e-07,61,1
2090,5178,0.12109375,1.681834069966862e-07,67,1
1338,2095,-0.0038910505836575,3.798084829594066e-05,280,0
2095,2404,0.0038910505836575,3.7398297754449904e-05,278,0
2095,5708,0.0233463035019455,3.3120272954302974e-05,266,0
2095,5792,0.0233463035019455,2.1475818259811427e-05,262,0
2096,4793,0.046993455582194,2.736779262196865e-07,93,1
2096,6320,0.0434782608695652,1.1228004368674373e-06,71,1
2096,6351,0.0158102766798418,6.364327929690053e-07,73,1
2098,6321,0.0093896713615023,8.68169154367874e-07,35,1
94,2099,-0.0373443983402489,4.2004303604071576e-07,53,1
1714,2099,-0.2116182572614107,5.840032662434237e-07,55,1
2099,2705,0.0248962655601659,1.0816570933764302e-06,47,1
2099,4813,0.1037344398340249,5.083406235817002e-07,56,1
1003,2100,-0.1052631578947368,9.090177403898595e-08,22,1
2006,2100,-0.1052631578947368,9.735903809871015e-08,22,1
2100,4136,0.2105263157894736,2.2541291230295778e-07,28,1
2100,4815,0.0131578947368421,2.187979853559721e-07,29,1
2100,4820,0.2894736842105263,1.711460215456202e-07,30,1
2100,5625,0.0526315789473684,2.5712458132078753e-07,23,1
190,2101,-0.0359712230215827,8.611653272709174e-07,49,1
2101,2102,0.1007194244604316,6.673319691477799e-07,45,1
2101,2553,0.0215827338129496,8.309481701677658e-07,49,1
2101,2554,-0.0256696051609416,1.360870453657593e-07,37,1
2101,3302,0.0647482014388489,1.2912564858286188e-07,37,1
2101,3311,0.0719424460431654,7.864521874692907e-08,29,1
2101,3624,0.1366906474820144,1.2631196285670818e-07,38,1
2101,4824,0.0359712230215827,5.34339245846679e-07,39,1
2103,2112,0.0505836575875486,9.604329437720605e-07,57,1
2103,6472,0.0233463035019455,7.501080964974958e-07,72,1
191,2104,-0.0116731517509727,1.523628362574168e-07,49,1
2105,4245,0.0784313725490196,1.8436349895836344e-07,89,1
721,2106,-0.05078125,1.0820009250709731e-06,92,1
2106,2190,0.01171875,3.165193733378742e-07,95,1
2106,4848,0.0078580982490272,7.182923748442997e-07,83,1
2106,5277,-0.0316498523622047,3.505504124356168e-07,93,1
2107,4848,0.0158681906614786,5.89688515777687e-07,76,1
2107,4850,-0.1086606274319066,2.107426119916953e-07,81,1
2107,5225,-0.1139399509803921,3.3558032251439834e-07,76,1
1619,2108,-0.0196850393700787,3.5779638419157154e-07,78,1
2108,2175,0.0354330708661417,3.7794764041169436e-07,87,1
2108,2987,0.0078740157480314,3.0365750423763923e-07,94,1
2108,4862,-0.0039370078740157,2.0753639366042667e-07,84,1
2108,4869,0.0039370078740157,2.740727313059989e-07,84,1
2108,4876,0.0236220472440944,4.2441530353659505e-07,74,1
2108,4877,0.0041215551181102,2.9079712719852736e-07,73,1
2108,4943,0.0039370078740157,6.959972683088529e-07,98,1
2108,6504,0.0003676583228652,4.272384970257397e-07,73,1
2108,6605,0.0039370078740157,4.294351863096808e-07,90,1
2112,6507,0.0116279069767441,4.457061860936443e-07,53,1
1270,2115,-0.9090909090909092,8.042807221389486e-07,32,1
2115,4915,0.0909090909090909,5.36670424868111e-07,27,1
2121,4968,0.0272373540856031,7.752389655089918e-07,83,1
2121,6269,0.0193636987869077,8.45922571467652e-07,96,1
2122,2931,0.1962394854032657,9.257260222714285e-07,40,1
2122,3101,-0.3087981598619896,1.5838456964572469e-07,32,1
2122,3322,0.0212765957446808,3.8859004093003217e-07,31,1
2122,4975,0.0212765957446808,5.798069242275301e-07,44,1
2122,4989,0.0106382978723404,5.198403980564644e-07,34,1
2123,2707,-0.004598678363025,3.534641561897347e-07,23,1
2123,4996,-0.1862613369163587,1.0073233691637643e-06,26,1
2123,5002,-0.0804083061559154,1.3521557039918745e-07,20,1
720,2126,-0.109375,5.500856948475283e-07,76,1
2126,3761,0.0234375,4.88050696944645e-07,87,1
2126,5003,0.0116724308300395,4.499013721200416e-07,76,1
2126,5007,0.0078730620155038,1.0344399700650394e-06,86,1
2127,2967,-0.0624826308476146,1.5866946086025363e-07,52,1
2127,5034,0.0555453824085942,2.969779901241254e-07,50,1
2127,5045,0.0078740157480314,5.928317705984102e-07,59,1
2127,5092,-0.0265748031496062,2.700270770459974e-07,55,1
2127,5233,0.0078740157480314,1.2106881295878347e-06,56,1
2144,2145,-0.0065049226441631,1.1483713738688183e-07,33,1
2144,2795,-0.0503472222222222,2.7440066599549675e-07,31,1
2145,4531,0.6200908795845506,2.454537782119351e-07,34,1
2146,3695,0.0839694656488549,1.0948555660860165e-07,17,1
2146,4540,0.0839694656488549,2.415653026416128e-07,20,1
491,2147,-0.0775193798449612,9.7018911410143e-07,44,1
1077,2147,-0.2286821705426356,2.2852412467810156e-07,37,1
2147,2824,0.2131782945736434,3.1873658564596205e-07,41,1
2147,2960,0.0116279069767441,1.0229309269913093e-06,36,1
2150,3704,0.0077821011673151,7.390108492617924e-07,98,1
2150,3707,0.046692607003891,9.196275717803466e-07,94,1
1371,2153,-0.0062893081761006,4.662199421194888e-05,252,0
2154,5105,0.1808510638297872,3.882559469784683e-07,24,1
2155,5474,0.0207253886010362,2.7092561698005525e-05,228,0
53,2156,-0.0078431372549019,4.3852239215495587e-07,81,1
1101,2157,-0.0941176470588235,2.7716674363960525e-07,97,1
2157,2977,0.0353397172822617,7.691038367175196e-07,92,1
2157,5121,0.0352941176470588,4.889145117866837e-07,76,1
2157,5130,0.0235294117647058,1.7892502941932638e-07,91,1
2157,5144,0.0196078431372549,3.7646577325041656e-07,90,1
1100,2158,-0.4918032786885246,2.959942098746436e-07,23,1
2158,5155,0.0163934426229508,2.70593311964024e-07,17,1
9,2160,-0.1020408163265306,5.294954984307251e-07,22,1
1113,2160,-0.010204081632653,5.475746542003447e-07,14,1
2161,4309,0.2105263157894736,2.0956049613621143e-07,18,1
1119,2162,-0.0210526315789473,8.498913977996315e-07,62,1
2162,4448,-0.0153110047846889,7.350037738857942e-07,35,1
2162,2163,-0.0546875,3.9751502300698747e-07,61,1
2164,2286,0.010752688172043,2.37056974903201e-05,264,0
2164,2572,0.0053763440860215,3.517038448232094e-05,237,0
2164,3130,0.0053763440860215,8.348604234887326e-05,215,0
2164,5199,0.021505376344086,2.4752162395490284e-05,291,0
2164,5670,0.010752688172043,2.950660145924815e-05,224,0
151,2165,-0.2674418604651162,5.58165015341388e-07,28,1
1198,2166,-0.0134228187919463,6.095781809665114e-07,36,1
2166,3535,0.2013422818791946,5.25004747206786e-07,31,1
2166,3536,0.0067114093959731,1.0543349983460605e-06,24,1
2166,5216,0.3422818791946309,4.6060636886452164e-07,33,1
2166,5217,0.0067114093959731,6.648730975807187e-07,34,1
2168,2286,0.0166666666666666,9.780002007375653e-05,252,0
2168,2569,0.0083333333333333,0.00021933601878510253,254,0
2168,3721,0.0041666666666666,0.0014043504331080615,236,0
2168,5199,0.0125,0.00033657103578465413,279,0
2168,5697,0.0041666666666666,0.00019698464592475147,220,0
2170,3722,0.0389610389610389,8.32976056169782e-05,217,0
2170,5199,0.0519480519480519,0.00010491487998475705,224,0
569,2172,-0.03125,0.00010524324014961574,229,0
737,2172,-0.00390625,7.101151129260338e-05,230,0
1824,2172,-0.1015625,5.53094423016025e-05,219,0
2172,2220,0.01953125,0.00010219240665575735,225,0
2172,2569,0.015625,4.613848821552527e-05,265,0
2172,2572,0.01953125,1.9858735000751477e-05,236,0
2172,3131,0.0234375,4.871188279894985e-05,216,0
2172,3722,0.01953125,6.677721321812114e-05,283,0
2172,3808,0.015625,6.905765501160186e-05,223,0
2172,5199,0.015625,8.4964473172253e-05,290,0
2172,5434,0.00390625,6.189645622392412e-05,220,0
2172,5435,0.00390625,5.3303719892069304e-05,219,0
2172,5689,0.01171875,7.458249106654048e-05,232,0
2174,4759,-0.1363636363636363,4.579564809451636e-08,6,1
625,2175,-0.0078125,1.3403841223976518e-07,90,1
2175,4847,0.015625,9.89893168505307e-07,85,1
2175,5222,0.00390625,1.1814225800464343e-06,80,1
2178,3760,0.0078125,9.139202662798732e-07,96,1
2180,4866,0.0313725490196078,9.808663892925228e-07,82,1
1143,2183,-0.0705882352941176,1.4048829014760367e-07,50,1
2183,3003,0.0117647058823529,9.090780577573668e-07,62,1
2184,2939,0.0431372549019607,8.177206505802078e-07,42,1
233,2187,-0.0629921259842519,6.031444055594178e-07,43,1
2187,2568,-0.0110236220472441,4.5105306304346867e-07,40,1
2187,3716,0.0611593809394515,6.442935226224828e-07,44,1
2187,3880,0.0511811023622047,1.589942352217698e-07,36,1
2187,5099,0.0393700787401574,4.3625509149108196e-07,39,1
2188,2603,0.2373540856031128,7.342172637094337e-07,52,1
2188,3881,-0.0118562600137331,3.427887879322603e-07,40,1
721,2190,-0.0194552529182879,4.2240532765391846e-07,87,1
1960,2190,-0.0233463035019455,8.355487909156658e-07,88,1
2190,4848,-0.3424124513618677,6.358223943964126e-07,78,1
2190,5275,0.0233463035019455,4.1766325046033634e-07,95,1
2190,5277,-0.0631759551456846,6.233041372115489e-07,88,1
2191,3670,-0.0182696530522617,3.914633197627265e-07,97,1
2191,5279,0.019778407145747,9.942326933456191e-07,92,1
2191,5281,0.0711462450592885,4.5763141097094654e-07,82,1
2191,6493,0.075098814229249,4.774995822236584e-07,81,1
384,2192,-0.0555555555555555,5.724135221702486e-07,54,1
1878,2192,-0.0185185185185185,1.0305846375147985e-06,62,1
2192,2436,0.0185185185185185,5.3199301763661e-07,59,1
2192,4168,0.1296296296296296,8.256502059351761e-07,57,1
2192,6262,0.0555555555555555,1.0545233231158004e-06,59,1
2192,6265,0.0185185185185185,8.530706435950982e-07,59,1
88,2193,-0.005181347150259,4.3690283955643365e-07,49,1
2193,2622,-0.3231656359685776,1.833020106910178e-07,81,1
2193,4995,-0.4085670895122387,1.951326420675525e-07,75,1
2193,4997,-0.1317841628722457,3.4977534012061896e-07,69,1
2195,5292,0.2062256809338521,3.023455866878491e-07,80,1
2196,2584,0.0079051383399209,8.805375286633893e-07,97,1
2196,5316,0.0039525691699604,1.2137055695090822e-06,90,1
2196,5415,0.0039525691699604,8.191778273578039e-07,95,1
57,2197,-0.0076923076923076,1.6825548774197726e-07,68,1
1199,2197,-0.023076923076923,7.547961780301417e-07,85,1
1206,2197,-0.0076923076923076,1.169143990615991e-06,84,1
1989,2197,-0.023076923076923,8.683454859031332e-07,78,1
2197,2218,0.0615384615384615,2.3415660051636505e-07,79,1
2197,3037,0.0384615384615384,2.932013339656834e-07,77,1
2197,3999,0.0076923076923076,7.792073153228971e-07,89,1
2197,4000,0.0769230769230769,1.9478996253880357e-07,84,1
2197,5408,0.023076923076923,5.149476908162638e-07,89,1
2197,5413,0.0076923076923076,9.080883348227875e-07,76,1
2197,5425,0.023076923076923,7.419681292147814e-07,91,1
303,2200,-0.3333333333333333,2.3662005603468748e-07,76,1
1172,2202,-0.0116731517509727,1.0449931695137124e-06,66,1
1258,2202,-0.0116731517509727,8.891758955058605e-07,76,1
1849,2202,-0.0739299610894941,9.034966901383803e-07,91,1
2202,2252,0.0972762645914396,8.408914347017335e-07,96,1
2202,2374,0.0272373540856031,5.091343930268804e-07,76,1
2202,2587,0.0466010528725108,1.892179775920292e-07,79,1
2202,3026,0.0077821011673151,4.418710947097276e-07,94,1
2202,5321,0.0350194552529182,1.1482247694863672e-06,89,1
2202,5325,0.0038910505836575,7.970161359893952e-07,89,1
2202,5329,0.0310220087548638,6.937600499529326e-07,81,1
2202,5991,0.0389105058365758,5.349332509775949e-07,76,1
2205,3721,0.0070422535211267,0.011010710576850193,215,0
539,2206,-0.0866666666666666,1.1237401202538354e-06,18,1
2207,5355,0.0163043478260869,8.280945328724571e-07,29,1
1176,2208,-0.0595238095238095,1.1443042046083173e-06,62,1
2211,4070,0.1141732283464567,1.2024308489985845e-06,69,1
2211,5395,0.0039370078740157,2.946816653006141e-07,82,1
2211,5397,-0.1136946117029489,4.90357877509374e-07,61,1
2211,5399,0.0078740157480314,6.838844081741146e-07,80,1
2211,6064,0.0236220472440944,4.2374582908691413e-07,71,1
2213,3032,0.0049504950495049,8.440802597561566e-07,85,1
2213,4761,-0.0439912254698523,3.768343027417904e-07,91,1
2213,6369,0.0099009900990099,8.349120326436994e-05,225,0
219,2214,-0.046875,7.098791043409034e-07,88,1
549,2214,-0.015625,5.60100461219037e-07,89,1
1799,2214,-0.0078125,1.1360625319680885e-06,78,1
2214,3032,0.1015625,8.065830445571122e-07,73,1
2214,4418,0.0078125,6.431767405744331e-07,95,1
1122,2215,-0.0512820512820512,5.340972130568317e-07,53,1
1123,2215,-0.0064102564102564,7.567307260757894e-07,52,1
2215,5192,0.0128205128205128,4.5368275101304817e-07,49,1
286,2218,-0.0070422535211267,4.7334157768960746e-07,71,1
546,2218,-0.0211267605633802,6.604976737082212e-07,94,1
1200,2218,-0.0140845070422535,1.131868487580099e-06,59,1
1206,2218,-0.0140845070422535,3.619817429822691e-07,79,1
2218,3037,0.0867338417858932,1.0209837123382869e-07,72,1
2218,3608,0.0774647887323943,8.557997170581563e-07,75,1
2218,4000,-0.1131922424599955,1.8384827915248118e-07,79,1
2218,5408,0.0915492957746478,4.0639390877705925e-07,84,1
2218,5412,0.0070422535211267,1.1611318846211981e-06,72,1
2218,5425,0.050192061459667,2.563040973770992e-07,86,1
422,2219,-0.0276679841897233,0.0004071239506322963,216,0
1371,2219,-0.0395256916996047,0.0001050465176675783,308,0
2219,2551,0.0237154150197628,0.0004973835818020837,218,0
2219,5474,0.1264822134387351,0.00013216590640380147,267,0
1093,2220,-0.0118110236220472,2.094805300014017e-05,249,0
1371,2220,-0.0748031496062992,0.00032614187068006234,313,0
2220,3989,0.0314960629921259,2.6205845541043005e-05,221,0
2220,5113,0.0078740157480314,8.4222595026063e-05,246,0
2220,5683,0.0078740157480314,4.0554597058824187e-05,216,0
1297,2222,-0.0232558139534883,6.714723866821301e-07,76,1
2222,2276,0.0232558139534883,5.51374283723443e-07,71,1
2222,2629,-0.0051241623965313,2.515350651797599e-07,53,1
2222,2630,-0.0475244439250516,1.0873462436442998e-07,62,1
2222,3801,0.0155038759689922,5.976236673333742e-07,88,1
2222,5444,0.0192430460556315,5.589599845425972e-07,74,1
2222,5447,0.0380782008688985,2.6761742438962434e-07,59,1
2222,5450,0.0077519379844961,6.194355186584747e-07,73,1
2222,5678,0.0232558139534883,6.994332724261664e-07,65,1
568,2224,-0.0164609053497942,2.1334639832499537e-07,64,1
1105,2224,-0.0493827160493827,4.875045041095563e-07,64,1
1217,2224,-0.037037037037037,1.1821936844563105e-07,63,1
2224,2225,0.0041152263374485,2.796869530330342e-07,55,1
2224,3126,0.0781893004115226,3.2198575814917685e-07,65,1
2224,3730,0.0039423176678078,1.455565485497254e-07,56,1
2224,3731,-0.0131261529728962,1.8250062124985077e-07,43,1
2224,5156,0.0041152263374485,9.891358435815147e-07,56,1
2224,5163,0.0246913580246913,7.57966664748885e-08,55,1
2224,5164,0.0164609053497942,2.0592770943830783e-07,65,1
2224,5165,0.0329218106995884,9.121620600726105e-08,58,1
2224,5172,-0.0868618848416828,1.1216589939181701e-07,49,1
2224,5457,-0.0320827839705941,2.6528033435650727e-07,59,1
2224,5459,0.1069958847736625,1.207582941094041e-07,57,1
568,2225,-0.2470588235294117,3.909432525361986e-07,61,1
1105,2225,-0.0313725490196078,4.7541290355451593e-07,61,1
2225,3126,0.1411764705882353,4.1854149856002305e-07,62,1
2225,5156,-0.003890931372549,2.6364806070196486e-07,53,1
2225,5165,0.0092471556523844,2.0259826136909193e-07,55,1
1103,2226,-0.0973451327433628,2.5179624015409e-07,52,1
1966,2226,-0.0707964601769911,2.0769496276620642e-07,67,1
2226,4323,0.0088495575221238,1.03346558070356e-06,74,1
2226,5115,0.0265486725663716,1.5431156935285445e-07,65,1
983,2227,-0.0274509803921568,8.569512258788711e-07,49,1
2227,2881,0.0341615956727518,1.1199366380166279e-06,66,1
2227,3055,0.1137254901960784,7.557876743574012e-07,60,1
2227,4456,-0.0033613445378151,6.059316522848285e-07,49,1
2227,4752,-0.0189886480908152,2.0662030075560374e-07,46,1
21,2231,-0.0039215686274509,4.163250668594607e-07,59,1
303,2231,-0.0745098039215686,3.208842460538832e-07,85,1
580,2231,-0.0392156862745098,1.849638553884083e-07,79,1
865,2231,-0.0627450980392156,8.53168072726628e-07,93,1
1169,2231,-0.0039215686274509,5.443620894774265e-07,59,1
1821,2231,-0.0039215686274509,5.368586513682554e-07,69,1
1835,2231,-0.0274509803921568,2.0739703485798077e-07,81,1
2200,2231,-0.0078431372549019,8.603533144006371e-07,71,1
2231,3058,0.2509803921568627,2.9144284964726047e-07,88,1
2231,3180,0.0196078431372549,2.3523264026027447e-07,66,1
2231,3181,0.0235294117647058,8.894647977975052e-07,79,1
2231,3182,0.0274509803921568,1.4746854738563587e-07,88,1
2231,4337,0.0117647058823529,2.6720506902631035e-07,68,1
2231,4338,0.0156862745098039,2.9599969035943265e-07,66,1
2231,4343,0.0156862745098039,1.848999620364302e-07,74,1
2231,5307,0.0039215686274509,6.488481113805951e-07,60,1
2231,5313,0.0509803921568627,1.7415661682448358e-07,81,1
2235,2323,0.0232558139534883,0.0001577933669175595,216,0
2235,2778,0.0271317829457364,0.0003090110189747622,215,0
2239,5896,0.3149606299212598,9.434836996975086e-07,33,1
2239,6000,0.3464566929133858,9.530806877981448e-07,36,1
2240,5524,0.0428015564202334,4.862805447512669e-07,80,1
2240,5892,0.0311284046692607,1.0555961446837168e-06,72,1
1382,2241,-0.05859375,4.651960163442566e-07,57,1
2241,2688,0.21484375,8.160672009186565e-07,64,1
2241,3925,-0.3381262159533074,1.1708107006181491e-06,54,1
2243,5517,0.0116731517509727,9.547660363523115e-07,98,1
1082,2245,-0.0373831775700934,1.0519933623802203e-06,43,1
1247,2245,-0.1308411214953271,3.2477649013647395e-07,41,1
2245,2360,-0.0312015422656217,5.934131549733534e-07,36,1
2245,5078,0.1355140186915887,3.941459362887421e-07,35,1
2245,5552,0.0700934579439252,8.579156858822111e-07,48,1
705,2249,-0.078125,1.6687655728249017e-07,72,1
950,2249,-0.04296875,2.404986784188513e-07,59,1
1748,2249,-0.00390625,1.0588011603326316e-06,68,1
2249,2830,0.03125,5.758016628614782e-07,62,1
2249,3085,0.0234375,2.2330157844263546e-07,84,1
2249,3694,0.00390625,4.4131717634542756e-07,57,1
2249,3701,0.046875,2.3405233460792513e-07,58,1
2249,3702,0.0079948929961089,2.2298539643999446e-07,57,1
2249,4646,-0.1575110728346456,4.0219928216192875e-07,65,1
2249,4648,0.0193014705882352,4.4018708472923966e-07,82,1
1255,2251,-0.0155038759689922,5.281316161378744e-07,60,1
2251,5566,0.0503875968992248,1.1643669262312668e-06,66,1
2251,5568,0.1434108527131783,9.099262071152594e-07,55,1
2251,5570,0.1046511627906976,1.1758172814687196e-06,67,1
541,2252,-0.08984375,9.691165315625822e-07,96,1
1258,2252,-0.265625,4.7426875061488524e-07,94,1
2252,5386,0.1171875,5.113021442825012e-07,97,1
1263,2254,-0.01953125,5.947607731251305e-07,71,1
2254,2727,0.0078125,1.0752377891288598e-06,75,1
2254,4070,0.011688112745098,3.46771623376102e-07,65,1
2254,5394,0.01171875,3.1513351742858236e-07,68,1
2254,5396,-0.03125,1.072169063518823e-07,67,1
2254,5574,0.1562803988326848,2.2734221304103181e-07,57,1
2254,5595,-0.18359375,2.631917732421716e-07,67,1
2254,5597,-0.0470894607843137,1.9251382109805353e-07,61,1
2254,5603,-0.0116275535019455,1.757795849983039e-07,66,1
559,2255,-0.0098522167487684,6.943060110737489e-07,50,1
1268,2255,-0.1379310344827586,6.29595048333842e-07,40,1
1270,2256,-0.37890625,8.071246673004769e-07,34,1
2256,4521,0.41796875,1.2975433626779633e-07,12,1
2256,5616,0.0679194819819819,1.0955037387315678e-07,10,1
2256,5617,0.01171875,4.278573030502253e-07,23,1
914,2257,-0.0155642023346303,1.3192004076234857e-07,34,1
1270,2257,-0.7782101167315175,2.464759244530171e-07,43,1
2256,2257,-0.0038910505836575,3.422740272574934e-07,19,1
2257,4466,0.0038910505836575,2.835595073017362e-07,23,1
2257,4480,-0.0173855451610232,1.2159524194481493e-07,27,1
2257,4525,0.0194552529182879,1.4387909869967685e-07,28,1
2257,4915,0.1439688715953307,1.8242277635552318e-07,38,1
2257,5617,0.0272373540856031,1.2866313250227327e-07,32,1
2257,5618,0.0038910505836575,1.150737844990086e-07,29,1
817,2258,-0.03125,1.0362955006136776e-06,60,1
1817,2258,-0.03515625,1.0675294624039349e-06,67,1
2258,3105,0.01171875,9.254209532943101e-07,55,1
2259,3395,0.1821705426356589,9.732732470772338e-07,86,1
2259,4994,0.0232558139534883,1.174071401328325e-06,80,1
701,2260,-0.0072463768115942,1.8058245495363236e-07,48,1
1517,2260,-0.036231884057971,5.008028253086542e-07,57,1
2258,2260,-0.0072463768115942,2.770855029688508e-07,54,1
2260,3307,0.0289855072463768,1.952332405567764e-07,53,1
2260,3687,0.2318840579710145,2.7986173856808665e-07,55,1
2260,4145,0.1231884057971014,2.1011841541714358e-07,37,1
2262,3324,0.0428002450980392,1.2650214083921198e-07,38,1
2262,4138,0.015594362745098,1.2892895054318829e-07,41,1
2262,4139,-0.0636160714285714,1.9911092901733685e-07,43,1
2262,4140,0.0198037790697674,1.4988005624463088e-07,39,1
2262,4141,0.0155024509803921,2.9679847158818044e-07,45,1
2262,5623,-0.0079514575098814,4.302130660976602e-07,41,1
2262,5637,-0.016336664979757,2.4377472169622253e-07,43,1
2262,5881,-0.1774409002590673,1.6636768202538924e-07,40,1
2263,5638,0.1406087858872362,2.709120287863968e-07,20,1
1319,2265,-0.0038910505836575,5.630606198941507e-07,80,1
2265,4371,0.0116731517509727,3.9374868437697453e-07,94,1
2265,4402,0.0077821011673151,3.9406484497895517e-07,90,1
2265,5416,0.0155642023346303,6.660629530505408e-07,95,1
2265,5418,0.0038910505836575,1.0242617865253484e-06,90,1
2268,4377,0.0039370078740157,0.00010605287926005483,224,0
2269,3769,0.0272373540856031,1.0391827360675363e-06,96,1
1290,2270,-0.16015625,3.298325919658879e-05,224,0
2270,4385,0.0078125,2.9308166567186715e-07,98,1
872,2272,-0.0217391304347826,6.788516661358348e-07,93,1
1159,2272,-0.0652173913043478,6.383796499846439e-07,90,1
1201,2272,-0.0434782608695652,4.921718372952579e-07,94,1
1203,2272,-0.0217391304347826,5.623481929901073e-07,94,1
1288,2272,-0.0217391304347826,4.6942424812388173e-07,87,1
2272,2295,0.108695652173913,4.1759978550853677e-07,82,1
2272,3770,0.0217391304347826,5.251936555810655e-07,92,1
2272,3778,0.0217391304347826,6.834288805659711e-07,44,1
2272,4370,0.0217391304347826,3.140590870532725e-07,79,1
2272,4385,0.0217391304347826,3.448342767736858e-07,60,1
2272,5316,0.0217391304347826,4.5907752788594515e-07,77,1
2272,5415,0.0217391304347826,5.010282320486157e-07,82,1
2272,5653,0.0217391304347826,3.9402824601490294e-07,79,1
780,2273,-0.0055865921787709,6.736011216959612e-07,60,1
781,2273,-0.0055865921787709,3.2344224088845573e-07,83,1
1225,2273,-0.0502793296089385,3.5410000834126095e-07,87,1
1371,2273,-0.0111731843575419,7.223414133604833e-05,222,0
1989,2273,-0.0111731843575419,3.088830794418805e-07,82,1
2197,2273,-0.0111731843575419,3.6499738431368916e-07,88,1
2273,2277,0.0055865921787709,2.879836228763403e-07,83,1
2273,3181,0.0055865921787709,9.67302598894101e-07,85,1
2273,3993,0.0223463687150838,4.485150435465245e-07,74,1
2273,3995,0.0055865921787709,5.305240737865997e-07,64,1
2273,3999,0.0335195530726257,5.04265905416192e-07,93,1
2273,4000,0.0111731843575419,7.311685204735086e-07,88,1
2273,4345,0.0055865921787709,1.9903576706775569e-07,83,1
2273,5299,0.0111731843575419,2.353522487149856e-07,95,1
2273,5422,0.0670391061452514,7.637411801863646e-07,88,1
2273,5478,0.0055865921787709,2.330608022084668e-07,72,1
2273,5482,0.0055865921787709,8.682290465867445e-07,57,1
2273,5484,0.0055865921787709,3.6104063381775295e-07,91,1
2276,5448,0.0239462714219546,3.7875881876140817e-07,81,1
2276,5450,-0.0114893225895401,3.4324565160866147e-07,84,1
2276,5665,0.0039370078740157,8.553891340916355e-07,84,1
2276,5668,-0.0147599793269084,1.80341581866802e-07,91,1
2276,5674,0.0866141732283464,3.887680730112708e-07,89,1
2276,5675,0.0039370078740157,3.853600567421131e-07,81,1
865,2277,-0.0354330708661417,6.766409172026218e-07,90,1
2277,2316,0.0157480314960629,2.5586365538462526e-07,79,1
2281,5474,0.02734375,0.0002545545702455552,245,0
778,2283,-0.2031872509960159,2.0303769348895866e-07,83,1
781,2283,-0.0159362549800796,4.60992754130224e-07,87,1
1225,2283,-0.0159362549800796,6.570307105934683e-07,91,1
1989,2283,-0.0079681274900398,5.49038225803194e-07,86,1
2197,2283,-0.0119521912350597,2.1450813804718074e-07,92,1
2218,2283,-0.0039840637450199,5.544138715985771e-07,87,1
2277,2283,-0.0159362549800796,5.188671937939108e-07,87,1
2283,3993,0.0039840637450199,7.857123567449378e-07,78,1
2283,3999,0.0079681274900398,5.18897539977095e-07,97,1
2283,4000,0.0119521912350597,3.681203055770625e-07,92,1
2283,5408,0.0039840637450199,6.90980926447078e-07,97,1
2283,5422,0.0079681274900398,7.240710992221436e-07,92,1
2283,5478,0.0039840637450199,4.6000911730195584e-07,76,1
2283,5484,0.0039840637450199,5.963602315878471e-07,95,1
57,2284,-0.0136986301369863,1.8017825845443008e-07,56,1
546,2284,-0.0547945205479452,7.262958596591717e-07,87,1
1225,2284,-0.0136986301369863,5.213941441849312e-07,71,1
2197,2284,-0.0136986301369863,2.2046451874108067e-07,72,1
2218,2284,-0.0410958904109589,6.70101364095829e-07,67,1
2277,2284,-0.0136986301369863,4.21038267595692e-07,67,1
2284,3038,0.0547945205479452,4.941247666520607e-07,94,1
2284,3179,0.0136986301369863,9.29650989663408e-07,56,1
2284,3858,0.0547945205479452,4.563104716790616e-07,98,1
2284,3996,0.0410958904109589,5.563466030753355e-07,88,1
2284,3999,0.0136986301369863,8.687052383750987e-07,77,1
2284,4000,0.0273972602739726,3.463399660685846e-07,72,1
2284,5299,0.0136986301369863,4.259345645115673e-07,79,1
2284,5301,0.0136986301369863,3.1739421064154104e-07,94,1
2284,5408,0.0273972602739726,1.148860755392891e-06,77,1
50,2285,-0.0155642023346303,1.9427634315269956e-05,232,0
58,2285,-0.0038910505836575,2.2566399083148212e-05,247,0
123,2285,-0.0038910505836575,2.3081111767070928e-05,271,0
257,2285,-0.0038910505836575,2.3581595940215853e-05,244,0
615,2285,-0.0155642023346303,7.40417083508299e-05,234,0
1093,2285,-0.0038910505836575,9.946149820584937e-05,254,0
2230,2285,-0.0116731517509727,2.9091420582091472e-05,245,0
2285,3122,0.0077821011673151,3.12012585230578e-05,239,0
2285,3125,0.0116731517509727,2.757793729750998e-05,228,0
2285,3133,0.0116731517509727,1.996992255775599e-05,260,0
2285,3333,0.0038910505836575,4.4277450438680146e-05,255,0
2285,3613,0.0038910505836575,2.8520655449318574e-05,252,0
2285,3790,0.0155642023346303,3.176554535776026e-05,227,0
2285,3795,0.0077821011673151,6.114709415676217e-05,265,0
2285,3802,0.0077821011673151,2.3663507772830815e-05,248,0
2285,3817,0.0038910505836575,4.5803293816277306e-05,249,0
2285,3820,0.0038910505836575,2.203542073396175e-05,255,0
2285,4002,0.0038910505836575,2.2741104741461274e-05,226,0
2285,5104,0.0194552529182879,2.021076398456027e-05,261,0
2285,5113,0.0038910505836575,0.0004248411771654345,251,0
2285,5680,0.0116731517509727,2.126006332647313e-05,259,0
2285,5682,0.0038910505836575,1.9119699507938214e-05,252,0
1091,2286,-0.0039215686274509,2.022452961335788e-05,245,0
1131,2286,-0.0078431372549019,3.2654598874205234e-05,280,0
1226,2286,-0.0039215686274509,2.2426588290163618e-05,292,0
2274,2286,-0.0039215686274509,9.839041147717834e-05,231,0
2286,3222,0.0156862745098039,4.4247422206695995e-05,278,0
2286,3612,0.0039215686274509,2.404742380587492e-05,294,0
2286,3992,0.0039215686274509,3.569994859267684e-05,301,0
2286,5110,0.0039215686274509,2.8039932018348323e-05,281,0
2286,5214,0.0039215686274509,2.528201565239521e-05,275,0
2286,5465,0.0039215686274509,2.9330667873508917e-05,300,0
2286,5473,0.0039215686274509,5.6253300802070255e-05,271,0
2286,5481,0.0039215686274509,2.285610453193462e-05,286,0
2286,5661,0.0039215686274509,3.3101390739631914e-05,304,0
2286,5663,0.0039215686274509,8.360364825394409e-05,299,0
2286,5688,0.0039215686274509,2.3429152037007308e-05,293,0
715,2288,-0.34375,7.588990161410918e-07,75,1
2288,2571,0.0625,1.2327189540771245e-06,87,1
2288,5696,0.0625,7.955343361159517e-07,62,1
2288,5698,0.03125,9.760298441245176e-07,84,1
1290,2292,-0.0817120622568093,3.121577047173087e-05,281,0
1341,2292,-0.0038910505836575,9.597959173018965e-05,261,0
2271,2292,-0.0389105058365758,2.0865617934837018e-05,265,0
2292,2401,0.0116731517509727,3.700727750099581e-05,234,0
2292,3985,0.0233463035019455,0.0003422042345856126,242,0
2292,4388,0.0038910505836575,2.1521669495867036e-05,232,0
2292,5809,0.0038910505836575,2.147888428708296e-05,264,0
2292,6149,0.0155642023346303,2.426748005221988e-05,252,0
2292,6150,0.0038910505836575,3.896817281090424e-05,246,0
236,2294,-0.0984251968503937,1.4387690524869733e-07,96,1
1165,2294,-0.0472440944881889,2.217777178054509e-07,85,1
2294,2583,0.0826771653543307,1.4598801326820085e-07,96,1
2294,3008,0.0197465551181102,1.3355749334786349e-07,98,1
2294,3766,0.0944881889763779,8.923838447954853e-07,95,1
2294,3773,0.0118110236220472,2.4984816157991637e-07,82,1
2295,3766,0.0778210116731517,1.029866100311056e-06,88,1
75,2296,-0.1052631578947368,6.943885282593581e-07,74,1
77,2297,-0.00390625,2.0164636323282493e-05,242,0
111,2297,-0.01171875,9.12288983511779e-05,295,0
387,2297,-0.0078125,0.0003433840413177835,235,0
399,2297,-0.00390625,1.9267589456800777e-05,290,0
1331,2297,-0.00390625,5.707864981969261e-05,216,0
1594,2297,-0.00390625,3.296598579989513e-05,249,0
1868,2297,-0.00390625,1.8990629295039597e-05,314,0
2297,2476,0.00390625,1.9437667315921637e-05,239,0
2297,2739,0.00390625,3.1118915478571134e-05,305,0
2297,2743,0.00390625,5.374384632619605e-05,312,0
2297,2749,0.01171875,2.1426400286272097e-05,317,0
2297,3631,0.00390625,9.527217171526713e-05,320,0
2297,6203,0.00390625,1.87816065045456e-05,237,0
2297,6204,0.0078125,1.9903339312191343e-05,249,0
2297,6215,0.00390625,2.731346468980785e-05,239,0
2297,6236,0.00390625,0.00017131688933811395,241,0
2297,6445,0.01171875,1.891314514491112e-05,250,0
2297,6455,0.00390625,1.9360206655627534e-05,256,0
2297,6516,0.015625,3.3585692783459896e-05,256,0
2298,2738,0.0038910505836575,2.11593803265439e-05,226,0
2298,3630,0.0038910505836575,2.138230954783214e-05,246,0
2298,6515,0.0038910505836575,2.1833000604675245e-05,243,0
1510,2299,-0.0039370078740157,2.299925560988945e-05,232,0
2299,2499,0.0078740157480314,4.8034034225682e-05,271,0
2299,4133,0.0039370078740157,3.2841033961344946e-05,279,0
2299,6237,0.0039370078740157,2.969455641266992e-05,252,0
401,2300,-0.00390625,2.7224550319965432e-05,312,0
808,2300,-0.0078125,3.14622527463489e-05,326,0
2300,4117,0.00390625,3.5231085803739604e-05,290,0
2300,4133,0.015625,3.7970400999855504e-05,342,0
2301,4113,0.0078431372549019,2.6854878940847415e-05,219,0
2301,5761,0.0039215686274509,1.9901557253610038e-05,228,0
2301,6210,0.0274509803921568,4.717847550089075e-05,262,0
2302,5713,0.0144927536231884,1.1896023474319628e-06,98,1
2302,5729,0.0945782089035163,2.8965291349288004e-07,78,1
504,2303,-0.0234375,3.659123247810929e-05,256,0
974,2303,-0.0078125,3.0303907332608692e-05,268,0
1334,2303,-0.00390625,2.2109772657227544e-05,282,0
1712,2303,-0.0078125,2.6874423927634378e-05,253,0
2063,2303,-0.0234375,6.996173623843948e-05,250,0
2303,3567,0.015625,3.215840297907822e-05,257,0
2303,4568,0.00390625,5.743300126157462e-05,260,0
2303,4579,0.01953125,4.066181028342574e-05,274,0
2303,4580,0.00390625,3.92267579471919e-05,262,0
2303,4581,0.00390625,3.3862033703501994e-05,261,0
2303,4597,0.00390625,6.072838939965012e-05,258,0
2303,4605,0.01171875,2.3839206512950878e-05,221,0
2303,4611,0.015625,1.8527879704934905e-05,271,0
2303,4718,0.00390625,1.9528844013355628e-05,229,0
2303,5776,0.0078125,2.039039808804162e-05,284,0
2069,2304,-0.00390625,0.000134385286501582,273,0
926,2305,-0.0039370078740157,0.00020616261566176392,275,0
972,2305,-0.0039370078740157,4.4837871510151546e-05,259,0
2305,4606,0.0039370078740157,4.605031454978223e-05,264,0
2305,5801,0.0078740157480314,3.816622849825913e-05,231,0
2305,5829,0.0236220472440944,4.0152321773729404e-05,247,0
34,2306,-0.0310077519379844,3.733413190456019e-05,269,0
926,2306,-0.0193798449612403,1.988854073856807e-05,289,0
1746,2306,-0.003875968992248,2.2897605407439496e-05,235,0
2306,3564,0.0077519379844961,2.0232030165069683e-05,215,0
2306,4606,0.0116279069767441,1.8540128941554362e-05,278,0
2306,4727,0.003875968992248,2.476370566955549e-05,256,0
2307,2724,0.0909090909090909,4.3203861697313826e-07,49,1
2307,3976,-0.0097550850975508,2.7735219827776006e-07,81,1
2308,3143,0.00390625,5.161722966249709e-05,215,0
468,2309,-0.0039525691699604,1.8630753690815114e-05,269,0
687,2309,-0.0276679841897233,1.9483016181649685e-05,253,0
2309,2456,0.0079051383399209,2.362564179850113e-05,260,0
2309,2743,0.0079051383399209,2.4592448750044978e-05,298,0
2309,3331,0.0276679841897233,1.9876256021927146e-05,244,0
2309,6364,0.0079051383399209,1.8686943509609204e-05,257,0
187,2310,-0.0039370078740157,0.0001486186045776705,233,0
468,2310,-0.0039370078740157,1.837889489106019e-05,256,0
2310,2745,0.0196850393700787,7.847168224159625e-05,286,0
2310,6334,0.0118110236220472,0.00010409958393168163,288,0
2310,6595,0.0039370078740157,0.00029734966811014623,293,0
375,2311,-0.003875968992248,1.8520783692611876e-05,239,0
443,2311,-0.003875968992248,2.603761477910233e-05,275,0
471,2311,-0.0077519379844961,3.9341033333971164e-05,255,0
2001,2311,-0.003875968992248,2.1518051384473787e-05,270,0
2311,2753,0.0077519379844961,2.492697773202446e-05,248,0
2311,3626,0.0077519379844961,4.48682993695715e-05,249,0
2311,3864,0.003875968992248,1.9824778013651152e-05,279,0
2311,4110,0.0232558139534883,1.897066048841123e-05,252,0
2311,4111,0.003875968992248,2.3999928102060992e-05,252,0
2311,6364,0.003875968992248,4.6065816984671463e-05,240,0
785,2313,-0.2713178294573643,2.1660298512575826e-07,50,1
2313,2644,0.0387596899224806,1.6459841158631002e-07,46,1
2313,3154,0.1162790697674418,5.519454315454683e-07,49,1
2313,3168,0.0155038759689922,5.223533498195016e-07,63,1
2313,4012,0.0736434108527131,5.92595887353581e-07,56,1
2313,4014,0.0155038759689922,1.0662269947316913e-06,62,1
2313,5863,0.0620155038759689,9.980500868016415e-07,64,1
2313,5865,0.2209302325581395,1.5435589446383892e-07,52,1
1338,2314,-0.0077821011673151,1.9301477856268092e-05,262,0
1277,2315,-0.25,8.142645617218877e-07,27,1
2315,5628,0.25,5.737674334303011e-07,20,1
1371,2316,-0.0745098039215686,0.00010441816224130206,218,0
1251,2317,-0.125,8.550656535898297e-07,96,1
2014,2319,-0.0233463035019455,8.524259579356191e-07,88,1
2319,4190,0.0038910505836575,3.423952654178354e-07,90,1
315,2321,-0.0156862745098039,1.2044624339509692e-06,97,1
2236,2323,-0.0039215686274509,3.7058680756237985e-05,218,0
2326,3183,0.00390625,7.729682951529823e-07,85,1
231,2339,-0.0859375,1.2255198547405658e-06,53,1
2339,3923,-0.0784773284313725,5.651981822825342e-07,46,1
2345,2725,0.015625,4.855356137768435e-07,69,1
541,2350,-0.0859375,4.262629942654016e-07,78,1
2350,3025,0.06640625,3.293368932311423e-07,79,1
2350,3099,0.0625,1.7521858526721352e-07,76,1
587,2352,-0.01171875,2.2209069661012875e-07,55,1
2352,2734,0.015625,1.1973937411980283e-06,66,1
2352,4096,0.0546875,7.979421646869409e-07,63,1
2352,4100,0.02734375,3.7787754597794944e-07,61,1
2352,5548,0.00390625,5.50151670689389e-07,48,1
2356,4190,0.0392156862745098,6.133266173638835e-07,74,1
2356,4200,0.0588235294117647,1.2141320275876687e-06,85,1
2356,5507,0.1019453450671607,3.0123758816370643e-07,61,1
2356,5897,-0.1568627450980392,1.1889076638043818e-06,48,1
54,2357,-0.2941176470588235,5.84482868748809e-07,46,1
2239,2357,-0.1176470588235294,1.1857440677886482e-06,41,1
2357,5522,0.0392156862745098,1.1628171319430684e-06,42,1
2357,5525,0.0549019607843137,4.438146541918737e-07,39,1
2357,5896,0.0313725490196078,5.899317563497442e-07,38,1
2357,6000,0.0078431372549019,6.800233935392286e-07,41,1
2358,2661,0.0116731517509727,7.275327244290854e-07,40,1
426,2360,-0.0044843049327354,1.2245206628339138e-06,61,1
1419,2360,-0.0134529147982062,2.61490246467515e-07,39,1
1792,2360,-0.0134529147982062,6.795682525759559e-07,45,1
2360,2563,0.0089686098654708,3.683619674249508e-07,48,1
2360,2566,0.0224215246636771,1.9899605488442337e-07,41,1
1687,2361,-0.05,4.452604403173274e-07,43,1
2361,3915,0.039516129032258,1.020912790742398e-07,32,1
2062,2362,-0.0096153846153846,3.7209327150977736e-07,79,1
2362,4481,0.0673076923076923,1.1626972731445217e-06,65,1
2362,4552,-0.0044691224268689,2.738774646137831e-07,71,1
2362,5057,0.0096153846153846,9.985713269606963e-07,80,1
966,2368,-0.0787037037037037,1.1905238020818827e-06,39,1
2013,2368,-0.0925925925925925,1.1514885109939226e-06,52,1
2372,3581,0.2376237623762376,6.51136148278777e-07,41,1
2373,5669,-3.016318281905128e-05,2.2054381913776824e-05,234,0
2373,5677,0.003875968992248,1.9684566908794156e-05,224,0
2374,3026,-0.0078125,5.79586405518124e-07,92,1
2376,2678,0.0614754098360655,4.889659191723926e-07,53,1
2376,5347,0.0532786885245901,7.975759985211429e-07,62,1
2286,2377,-0.0081967213114754,0.00018308197057477705,229,0
2377,2569,0.0450819672131147,0.00012092179240507491,231,0
2377,4416,0.0122950819672131,5.551723413014416e-05,216,0
2377,5199,0.0204918032786885,0.0001811931509929618,256,0
2377,6369,0.0081967213114754,0.0001130709279862412,229,0
1194,2380,-0.09375,9.877132227558736e-07,86,1
2212,2380,-0.12890625,9.15916094679668e-07,92,1
1175,2381,-0.1484375,8.310623034011315e-07,90,1
17,2383,-0.03515625,6.743389876019373e-07,62,1
833,2383,-0.0078125,5.012148596680408e-07,73,1
1852,2383,-0.04296875,5.56145522525273e-07,70,1
2383,2941,0.046875,6.024803142076686e-07,69,1
2383,3004,0.01953125,7.921948669391475e-07,61,1
2383,3236,0.0234375,4.1925147046439575e-07,63,1
2386,6070,0.0271317829457364,1.2196308612891978e-06,61,1
98,2387,-0.0390625,8.482720299629868e-07,97,1
465,2387,-0.140625,7.894945254391277e-07,73,1
581,2387,-0.02734375,2.2619957325812078e-07,97,1
1376,2387,-0.046875,2.6833823540681535e-07,84,1
1837,2387,-0.0859375,6.768425403244859e-07,98,1
2345,2387,-0.00390625,2.693559118881109e-07,78,1
2387,2651,0.09375,4.5527622083260695e-07,91,1
2387,2725,0.0546875,4.776138908798009e-07,75,1
2387,3183,0.0546875,6.283980147067619e-07,70,1
2387,3184,0.03125,2.498007674501638e-07,75,1
2387,5608,0.015625,3.8668677229031315e-07,79,1
775,2388,-0.03125,4.2453946694017273e-07,46,1
2337,2389,-0.0155642023346303,3.51817316938431e-05,225,0
2113,2392,-0.178988326848249,1.1994042533173705e-06,27,1
926,2398,-0.0078125,6.531329167803375e-05,281,0
936,2398,-0.01171875,2.308992868891006e-05,242,0
1712,2398,-0.0078125,5.9547334095892835e-05,245,0
2398,2876,0.0078125,2.2897736056860594e-05,251,0
2398,2878,0.00390625,3.5104248169329455e-05,260,0
2398,4741,0.00390625,3.7460889637628475e-05,276,0
2398,5803,0.015625,2.955871688131053e-05,260,0
504,2399,-0.0039215686274509,2.519014270652556e-05,217,0
2399,4578,0.0039215686274509,3.0252545954257075e-05,223,0
2399,4579,0.0274509803921568,5.326317379287936e-05,235,0
2399,4581,0.0078431372549019,2.9829391139726604e-05,222,0
926,2400,-0.0038910505836575,3.532781475784211e-05,280,0
1351,2400,-0.0077821011673151,2.2325562015256362e-05,236,0
2400,2405,0.0038910505836575,2.532324411037559e-05,239,0
2400,2875,0.0038910505836575,2.687018625166832e-05,237,0
2400,4737,0.0038910505836575,2.301407866300367e-05,259,0
2065,2401,-0.0089285714285714,0.0001294306643382734,243,0
2401,2405,0.0044642857142857,2.1584717430244165e-05,236,0
2401,2846,0.0044642857142857,3.1243295175227535e-05,223,0
2401,2875,0.0044642857142857,2.0613272342471675e-05,234,0
2401,3566,0.0044642857142857,2.098922634798953e-05,222,0
2401,4572,0.0089285714285714,3.6012628987523734e-05,225,0
2401,4577,0.0044642857142857,0.00011770240926478547,278,0
2402,6237,0.0039215686274509,0.00010050697330389309,228,0
344,2404,-0.0272373540856031,4.735298358064581e-05,267,0
345,2404,-0.0077821011673151,0.00015045911715498878,231,0
444,2404,-0.0272373540856031,0.0001307215190931707,265,0
570,2404,-0.0038910505836575,2.6120972039552023e-05,260,0
726,2404,-0.0038910505836575,0.00031489431594884063,231,0
876,2404,-0.0038910505836575,3.693843082241894e-05,244,0
926,2404,-0.0038910505836575,0.001179228849269072,324,0
934,2404,-0.0194552529182879,0.0001616907052688797,242,0
972,2404,-0.0038910505836575,0.001916546256477812,308,0
1342,2404,-0.0038910505836575,0.00022709521648155,244,0
1343,2404,-0.0077821011673151,0.0002035302045317548,272,0
1348,2404,-0.0155642023346303,0.00018163175625136293,220,0
1363,2404,-0.0077821011673151,4.1557012203313076e-05,251,0
1480,2404,-0.0116731517509727,0.0001813021221088834,281,0
1483,2404,-0.0311284046692607,3.312154518289938e-05,258,0
1484,2404,-0.0272373540856031,0.00018756979267813435,269,0
1564,2404,-0.0038910505836575,5.286640168181405e-05,227,0
1702,2404,-0.0077821011673151,0.001668635481300934,283,0
1867,2404,-0.0038910505836575,0.0002230744594161263,267,0
2070,2404,-0.0077821011673151,0.0008176784338432533,305,0
2201,2404,-0.0077821011673151,3.92253067408867e-05,244,0
2303,2404,-0.0311284046692607,9.019038488916245e-05,271,0
2398,2404,-0.0038910505836575,3.517777069233915e-05,263,0
2400,2404,-0.0038910505836575,0.0002414848650597145,262,0
2401,2404,-0.0077821011673151,0.00039884566671031656,259,0
2403,2404,-0.0311284046692607,0.000179987031190032,218,0
2404,2633,0.0038910505836575,0.00035196696341125577,227,0
2404,2640,0.0116731517509727,0.0001581515544840339,289,0
2404,2641,0.0350194552529182,0.00011134744639475942,232,0
2404,2642,0.0077821011673151,0.00015306497902155988,238,0
2404,3139,0.0077821011673151,2.3251514843061194e-05,234,0
2404,3140,0.0077821011673151,7.056018730773984e-05,257,0
2404,3141,0.0116731517509727,2.7472558292998593e-05,280,0
2404,3163,0.0077821011673151,3.842621540610665e-05,255,0
2404,3337,0.0038910505836575,6.395904118988294e-05,218,0
2404,3768,0.0038910505836575,5.293994537318951e-05,219,0
2404,4377,0.0038910505836575,1.964447319646678e-05,297,0
2404,4388,0.0038910505836575,0.0004745309200408366,257,0
2404,4567,0.0038910505836575,0.0012716726291691466,301,0
2404,4598,0.0116731517509727,0.00012784362504739808,236,0
2404,4599,0.0077821011673151,0.00017488743041686714,234,0
2404,4600,0.0077821011673151,0.00020165515111450374,286,0
2404,4606,0.0194552529182879,0.0008881831370094828,313,0
2404,4724,0.0077821011673151,0.00013195722115891435,284,0
2404,4727,0.0077821011673151,0.0009450512325439264,291,0
2404,5420,0.0077821011673151,2.8235368271629978e-05,262,0
2404,5710,0.0038910505836575,3.1134226817099564e-05,222,0
2404,5712,-4.5957290358160374e-05,2.2222006229544815e-05,259,0
2404,5785,0.0038910505836575,3.1055227426206434e-05,256,0
2404,5796,0.0038910505836575,0.0002559180796771158,252,0
2404,5798,0.0155642023346303,4.202503677078369e-05,260,0
2404,5801,0.0077821011673151,0.000804836444929935,280,0
2404,5807,0.0116731517509727,0.0004505311345316244,275,0
2404,5808,0.0038910505836575,0.00016320148752700566,249,0
2404,5809,0.0233463035019455,0.00022852700202710528,289,0
2404,5810,0.0038910505836575,4.977357825948779e-05,239,0
2404,5818,0.0077821011673151,0.0001723659200924941,216,0
2404,5819,0.0155642023346303,9.769797118998887e-05,263,0
2404,5824,0.0233463035019455,0.00014493577540409868,236,0
2404,5829,0.0038910505836575,0.002118812686253399,296,0
2404,5867,0.0116731517509727,2.791181072489504e-05,217,0
2404,6149,0.0077821011673151,0.0003344775109841784,277,0
2404,6151,0.0155642023346303,0.00011219964432605485,265,0
2404,6153,0.0428015564202334,0.00010792199924981099,238,0
2404,6155,0.0233463035019455,8.006391138035994e-05,284,0
2404,6156,0.046692607003891,0.00010066219375708578,218,0
2404,6159,0.0077821011673151,4.561742043018495e-05,218,0
1369,2405,-0.00390625,0.00013136197467376805,255,0
2069,2405,-0.0078125,7.811999291697789e-05,287,0
2405,4567,0.00390625,1.9547231644185263e-05,278,0
2405,4577,0.00390625,9.936904963514439e-05,302,0
2405,4583,0.00390625,2.997150394102597e-05,254,0
926,2406,-0.0055865921787709,2.081404523772244e-05,249,0
972,2406,-0.0055865921787709,2.2312437175480694e-05,233,0
2406,4122,0.0055865921787709,2.384915520655056e-05,246,0
2406,4567,0.0055865921787709,1.9952690518569707e-05,226,0
2406,4577,0.0055865921787709,0.00023686191096519875,250,0
2406,4727,0.0055865921787709,3.2932834739882734e-05,216,0
926,2407,-0.0039215686274509,2.1235353858837705e-05,267,0
1369,2407,-0.0078431372549019,0.00018496086535174972,221,0
1702,2407,-0.0156862745098039,1.9515427391294527e-05,226,0
2407,4567,0.0117647058823529,2.0699489491282847e-05,244,0
2407,4606,0.0039215686274509,2.6625916303725092e-05,256,0
2407,5829,0.0039215686274509,2.178871580510135e-05,239,0
154,2408,-0.0168067226890756,4.5939489915301356e-07,94,1
2408,3262,0.0168067226890756,9.136647377985469e-07,79,1
2408,4346,0.0168067226890756,7.091793724636231e-07,91,1
2408,4349,0.0084033613445378,4.0031975496477697e-07,98,1
2408,4353,0.0168067226890756,6.744276923022358e-07,98,1
2408,4355,0.0084033613445378,5.381664430278217e-07,87,1
187,2409,-0.0039370078740157,0.0001833364261677173,284,0
2409,2745,0.0236220472440944,8.262474438854725e-05,337,0
2409,3629,0.0039370078740157,2.4944823609150248e-05,229,0
2409,6342,0.0039370078740157,0.00011069361792938525,301,0
2410,2499,0.0078125,2.820535128806341e-05,265,0
2410,3870,0.00390625,5.292665226919588e-05,228,0
2410,4108,0.00390625,2.2787311940921685e-05,222,0
809,2411,-0.0115830115830115,3.297286273541634e-05,273,0
2411,2696,0.0308880308880308,2.683270174797208e-05,269,0
2411,4109,0.0154440154440154,3.918499059800084e-05,271,0
2411,4110,0.0038610038610038,4.317603584262257e-05,258,0
350,2412,-0.0078740157480314,9.62859508225355e-07,65,1
1491,2412,-0.0078740157480314,7.991358432482913e-07,73,1
1893,2412,-0.1299212598425196,8.134948035297946e-07,77,1
2412,2765,0.0157480314960629,1.0611056421048417e-06,77,1
2412,3396,0.0196850393700787,7.555313130297477e-07,71,1
2412,5619,0.1220472440944882,1.0134109382739846e-06,75,1
2412,6178,0.0236220472440944,8.537661968142302e-07,78,1
2415,3631,0.003875968992248,0.00011211281170625588,217,0
400,2416,-0.0077821011673151,4.776789784177055e-07,91,1
1593,2416,-0.0389105058365758,6.707462880669284e-07,98,1
2416,2418,0.0272373540856031,1.079101955096326e-06,91,1
2416,6216,0.0272373540856031,3.008072960193138e-07,92,1
2416,6224,0.0856031128404669,1.0339492942560753e-06,98,1
2416,6512,-0.0038910505836575,3.7790833491929557e-07,92,1
2417,2481,0.0745098039215686,8.74120620356129e-07,69,1
2417,3639,0.0313725490196078,8.296491016257617e-07,70,1
2417,6228,0.1647058823529411,6.789074796557687e-07,64,1
2417,6229,-0.1002735978112175,1.0924875910637444e-06,66,1
2418,6229,-0.0813041495668034,4.2538323229617056e-07,79,1
816,2421,-0.2,1.4102774983125947e-07,44,1
1276,2421,-0.1,1.3701154418487531e-07,47,1
2421,4135,0.0729729729729729,4.9986792058966e-07,36,1
2421,4138,0.1,2.3444143786851624e-07,43,1
2421,4139,0.05,2.1629913577754372e-07,45,1
2421,4142,0.05,3.0845780120425984e-07,40,1
2421,5626,0.1,9.479661196322381e-08,37,1
2421,5881,0.05,1.3722042429779435e-07,42,1
355,2422,-0.0184049079754601,6.252771303181641e-07,45,1
816,2422,-0.0797546012269938,6.17379261826614e-07,48,1
1276,2422,-0.0429447852760736,6.398310199763198e-07,51,1
1871,2422,-0.0245398773006134,1.0811024716373356e-06,36,1
2004,2422,-0.0306748466257668,7.84811997651707e-07,49,1
2421,2422,-0.0368098159509202,2.416367030324755e-07,40,1
2422,4135,0.0581329796053722,1.927640802754948e-07,40,1
2422,4139,0.0920245398773006,1.0816200020923292e-06,49,1
2422,4141,0.0061349693251533,5.916590365979417e-07,51,1
2422,5623,0.0306748466257668,4.297365022185268e-07,47,1
2422,5626,0.0184049079754601,3.232093525688687e-07,41,1
2422,5635,0.0061349693251533,1.083079030932049e-06,46,1
2422,5881,0.0490797546012269,6.819428270431573e-07,46,1
1497,2423,-0.00390625,3.799180925329411e-05,219,0
1607,2423,-0.00390625,0.0006245790627062251,271,0
1922,2423,-0.00390625,2.0450527517818706e-05,259,0
2423,5764,0.00390625,7.0427936217499e-05,237,0
2423,6202,0.03125,4.512001016181988e-05,220,0
2423,6232,0.00390625,5.029578188373871e-05,232,0
2423,6233,0.00390625,3.1669542007021626e-05,228,0
2423,6444,0.00390625,6.073554432540113e-05,239,0
2423,6454,0.00390625,0.00010431222841798815,215,0
2423,6455,0.00390625,3.097036750606709e-05,218,0
1607,2425,-0.0078125,0.00011116405690359338,299,0
1608,2425,-0.00390625,0.0001371129890829561,301,0
2425,2487,0.00390625,2.1089172501795384e-05,252,0
2425,6335,0.00390625,0.00010125174107940566,314,0
2425,6342,0.00390625,5.374739983825975e-05,267,0
2425,6484,0.0078125,0.00016240383907686228,280,0
2425,6485,0.0078125,3.095743706937423e-05,288,0
1994,2427,-0.00390625,9.64247684562886e-07,94,1
2427,2886,-4.631916996047404e-05,1.0876849775083197e-06,91,1
2427,4026,0.00390625,7.58022158851434e-05,224,0
1829,2428,-0.0038910505836575,2.034208596094275e-05,304,0
2428,4133,0.0077821011673151,0.00010068952306383718,314,0
1510,2429,-0.0078431372549019,2.4865835216956784e-05,286,0
2429,4108,0.0039215686274509,9.54020360058865e-05,282,0
2297,2430,-0.003875968992248,3.6558977610417645e-05,286,0
25,2431,-0.00390625,2.1118046410999425e-07,71,1
612,2431,-0.03515625,7.674427434194152e-07,66,1
2431,3323,0.04296875,3.197396436718891e-07,63,1
2431,4990,0.03125,4.2736806843383633e-07,73,1
2432,3396,0.0078125,6.25809186766111e-07,69,1
2432,6178,0.0390625,8.430830924601383e-07,76,1
2435,4152,0.0078740157480314,6.135350877095986e-07,95,1
2435,4971,0.0078740157480314,9.688631042569804e-07,95,1
2435,6269,0.0118110236220472,7.741768454829936e-07,79,1
2435,6270,0.1299212598425196,1.5886830483205905e-07,61,1
1521,2436,-0.12890625,8.129447214488544e-07,84,1
2436,4168,0.14453125,3.449474665744427e-07,70,1
2436,4170,0.07421875,1.0541692795404522e-06,58,1
2436,6262,0.07421875,8.854512340224711e-07,72,1
1586,2437,-0.0470588235294117,3.233154187062904e-07,89,1
2437,6180,0.1098039215686274,8.734161758938716e-07,77,1
2437,6190,0.0705882352941176,8.213415179842041e-07,80,1
2437,6435,0.0117800245098039,4.967389008646767e-07,80,1
1496,2438,-0.00390625,2.567080545771693e-07,55,1
2438,3403,-0.0157015931372549,1.0677816690638888e-06,61,1
2438,6437,0.30859375,1.1841896469053096e-06,44,1
1532,2439,-0.3031674208144796,3.8897355883808384e-07,62,1
2439,2441,0.0497737556561085,6.649985752891804e-07,61,1
2439,3408,0.0497737556561085,1.031788972904347e-06,66,1
2439,4161,0.0135746606334841,2.199740511587271e-07,55,1
2439,4164,0.0226244343891402,4.895963438641244e-07,71,1
2439,6287,0.1131221719457013,2.2639067284608682e-07,75,1
630,2441,-0.6027397260273972,4.1319115588444223e-07,51,1
2441,4243,0.0273972602739726,1.1962115370394327e-06,58,1
2442,2714,0.0201322115384615,1.8537736052582407e-07,98,1
299,2443,-0.0145631067961165,2.469265925836809e-07,84,1
462,2443,-0.087378640776699,4.921385946959314e-07,83,1
2307,2443,-0.029126213592233,3.7243140818740787e-07,73,1
2443,2715,0.0048543689320388,9.03659814799529e-07,55,1
2443,2722,0.0679611650485436,3.3085987955596e-07,90,1
2443,3976,0.0194174757281553,3.0462259662541395e-07,98,1
2443,3977,0.0097087378640776,5.006945685049226e-07,92,1
2443,4040,0.1601941747572815,1.4702476835663635e-07,93,1
2443,4795,0.0242718446601941,4.880488722501347e-07,67,1
2444,4026,0.00390625,0.00019763756695387362,222,0
2444,5856,0.0703125,1.082688251976743e-06,84,1
2447,4689,0.0059171597633136,3.3902954952481403e-07,22,1
2447,6044,0.0308003737153534,2.8174366176568033e-07,34,1
1338,2449,-0.0039215686274509,2.3324628131502512e-05,296,0
2449,3142,0.0039215686274509,3.2723134228889144e-05,230,0
2449,3508,0.0196078431372549,4.9015496704781686e-05,278,0
2449,3980,0.0039215686274509,1.9822010130756935e-05,274,0
2449,4011,0.0039215686274509,4.72241204968676e-05,219,0
2449,4024,0.0039215686274509,5.416154019349449e-05,239,0
2449,4046,0.0235294117647058,2.0661299142008403e-05,223,0
2449,5708,0.0078431372549019,2.2204379631120915e-05,282,0
2449,5840,0.0078431372549019,2.256908625792271e-05,222,0
2450,2452,0.0271317829457364,4.410339959195351e-07,82,1
2450,4782,0.0116279069767441,3.023268129484836e-07,69,1
2450,4784,0.0116279069767441,7.230582575482832e-07,81,1
2450,6351,0.1317829457364341,8.199765490584647e-07,52,1
2450,6352,0.1434108527131783,8.790014662818981e-07,54,1
2450,6360,0.0154737127861731,5.49305878255193e-07,75,1
374,2452,-0.0705882352941176,3.6726789811112276e-07,91,1
2452,4782,0.0235294117647058,2.247256694009622e-07,95,1
2452,4793,0.0901960784313725,2.831255864121227e-07,98,1
2452,4794,0.0627450980392156,4.3879160686148124e-07,86,1
2452,6353,0.0313878676470588,2.247706591463812e-07,93,1
2452,6361,0.0039215686274509,2.3734078312480338e-07,88,1
374,2453,-0.0078740157480314,4.6309979762848867e-07,67,1
2450,2453,-0.0236220472440944,1.5105090766249835e-07,58,1
2452,2453,-0.0078740157480314,2.7863982171559815e-07,84,1
2453,3339,0.0866141732283464,1.1124856705215619e-06,86,1
2453,3341,-0.0624054346147908,1.0794408766431623e-06,87,1
2453,4782,0.0944881889763779,2.2402924735988767e-07,71,1
2453,4794,0.0157480314960629,3.098325092384322e-07,62,1
2453,6351,0.0078740157480314,4.360255631367132e-07,54,1
2453,6353,-0.0309731791338582,2.4960560487489907e-07,69,1
2453,6360,0.0947179754281687,3.2238320918407926e-07,77,1
135,2454,-0.0155642023346303,3.2590929127722695e-05,257,0
1540,2454,-0.1245136186770428,2.4516542302640115e-05,239,0
1995,2454,-0.0116731517509727,3.114934865949184e-05,224,0
2449,2454,-0.0038910505836575,2.5456001319109662e-05,226,0
2454,5839,0.0077821011673151,3.053517687183035e-05,227,0
82,2455,-0.0116731517509727,2.282971103859598e-05,227,0
991,2455,-0.0038910505836575,4.426081796392132e-05,248,0
2095,2455,-0.0116731517509727,2.369274758119138e-05,227,0
2455,3635,0.0038910505836575,2.937698548096547e-05,226,0
2455,3646,0.0272373540856031,1.9531892065270153e-05,245,0
2455,4777,0.0077821011673151,2.8064140784070424e-05,256,0
2455,4790,0.0038910505836575,4.480435134492085e-05,228,0
2455,5875,0.0038910505836575,2.5791596101564967e-05,242,0
2455,6334,0.0077821011673151,4.43812971878304e-05,254,0
391,2456,-0.0581395348837209,2.1967952788530437e-05,215,0
991,2456,-0.003875968992248,1.8442708039040203e-05,257,0
1368,2456,-0.003875968992248,2.3951305517093234e-05,254,0
2456,2791,0.0620155038759689,4.608315260340544e-05,217,0
2456,4031,0.0077519379844961,3.739906546365846e-05,241,0
2456,4836,0.0736434108527131,5.3459263547994284e-05,231,0
2456,6464,0.0775193798449612,5.753258496112521e-05,220,0
739,2458,-0.0078125,4.181085221606917e-05,240,0
1214,2458,-0.00390625,4.474789137703889e-05,256,0
2458,3122,0.00390625,2.2684080292709074e-05,233,0
2458,3334,0.00390625,7.121856813312162e-05,228,0
2458,3613,0.00390625,2.0849813003109015e-05,246,0
2458,3815,0.0078125,2.518902649158352e-05,250,0
2458,3817,0.01171875,3.234684695264921e-05,243,0
2458,3818,0.00390625,3.326847470057491e-05,234,0
2458,5423,0.00390625,2.2513445373070993e-05,248,0
2458,5442,0.01171875,2.3737063162570606e-05,243,0
2458,5449,0.01171875,9.419364514264296e-05,243,0
2458,5451,0.00390625,3.400495039907321e-05,231,0
2458,5681,0.00390625,2.3932508861660678e-05,246,0
2459,3795,0.01953125,2.460036828422254e-05,249,0
2459,5113,0.0078125,0.000137819722512912,235,0
1592,2468,-0.1772727272727272,1.0145445913791907e-06,69,1
2468,4159,0.0045454545454545,7.143387767496497e-07,58,1
2468,6284,0.0454545454545454,6.515579687243252e-07,77,1
1521,2469,-0.024793388429752,3.2664782709359315e-07,75,1
1585,2469,-0.0330578512396694,9.520973998487517e-07,56,1
2469,4167,0.0826446280991735,7.886307238385961e-07,72,1
2469,4168,0.0082644628099173,7.319194153703419e-07,61,1
2469,6261,0.0330578512396694,7.744086857427511e-07,58,1
2470,3403,0.0117647058823529,6.757569678141023e-07,81,1
2470,4894,0.0117647058823529,8.391881169765569e-07,84,1
2470,6197,0.0039215686274509,7.01310417463541e-07,95,1
2470,6274,0.0901960784313725,4.0728453740016724e-07,96,1
2470,6277,0.0078431372549019,7.655085169242445e-07,92,1
2439,2473,-0.0313725490196078,4.285977054904353e-07,71,1
2473,2474,0.0078431372549019,1.2085863495908149e-06,73,1
2473,4161,0.0627450980392156,6.836917088314997e-07,62,1
2473,6287,0.1529411764705882,8.948890119546719e-07,82,1
2474,4164,0.0196384803921568,8.887577322649754e-07,73,1
2474,4890,0.0039215686274509,8.322285712852229e-07,76,1
2475,4813,0.2078431372549019,5.199008336651441e-07,82,1
2478,4980,0.032,3.117290594136566e-07,81,1
2479,6460,0.1843137254901961,7.255728840368001e-07,92,1
1547,2480,-0.0178571428571428,2.797406490158272e-07,33,1
2480,2742,-0.0137634105025409,1.1989518577936633e-06,92,1
2480,3640,-0.0328947368421052,3.7922611010993266e-07,32,1
2480,6329,0.1071428571428571,1.8744548649884723e-07,41,1
2480,6347,0.125,7.860764392705365e-07,76,1
2481,3639,0.0894941634241245,8.512970807687399e-08,83,1
2481,6221,0.0311284046692607,8.020865667578861e-07,88,1
2481,6227,0.0116731517509727,9.213600751321974e-07,95,1
2481,6459,0.0272373540856031,1.0455207385099412e-06,71,1
2482,2799,-0.03471546692607,4.505654180951787e-07,79,1
2482,2801,-0.0198376225490196,7.352731633434418e-07,64,1
2482,4280,-0.0310524075875486,3.391419687916496e-07,85,1
482,2483,-0.0583333333333333,5.163590944391163e-07,77,1
2482,2483,-0.0916666666666666,2.752976991367191e-07,69,1
2483,2799,0.125,3.8796554876351227e-07,64,1
2483,2801,0.0083333333333333,6.343968103891162e-07,49,1
2483,4291,0.0083333333333333,8.572431500432023e-07,66,1
2483,4844,0.0083333333333333,3.844554385661363e-07,56,1
2105,2484,-0.0311284046692607,1.1410836328678053e-06,82,1
2484,4829,0.0116731517509727,1.856502639057643e-07,81,1
38,2485,-0.0714285714285714,6.339192804309071e-07,50,1
2485,4246,-0.0983333333333333,8.101111686208224e-07,63,1
2485,4839,-0.141500904159132,2.1558434325643066e-07,56,1
2485,6479,-0.0722402597402597,2.4834507571045704e-07,46,1
1604,2486,-0.0156862745098039,6.644726461196708e-07,76,1
2486,4246,0.0039215686274509,1.1640809634023575e-06,73,1
2486,4830,0.0941176470588235,1.071687981743047e-06,76,1
394,2487,-0.0116731517509727,2.6424027374082262e-05,232,0
2487,2898,0.0116731517509727,2.1472975370984918e-05,241,0
2487,6336,0.0077821011673151,2.0933088726626724e-05,223,0
391,2488,-0.0078431372549019,0.0001139086937459336,217,0
777,2488,-0.0117647058823529,2.9691288270282615e-05,238,0
1352,2488,-0.0039215686274509,1.8783719504889455e-05,239,0
1609,2488,-0.0078431372549019,3.52035772301526e-05,226,0
1896,2488,-0.0117647058823529,5.6872401686271234e-05,228,0
2488,2791,0.0117647058823529,0.00026429554326404617,219,0
2488,3375,0.0235294117647058,0.00010267213676649798,216,0
2488,3974,0.0039215686274509,5.168261624820931e-05,268,0
2488,4026,0.0039215686274509,5.330046857025751e-05,281,0
2488,4027,0.0039215686274509,4.4590071588964715e-05,245,0
2488,4033,0.0039215686274509,2.9446921048913525e-05,217,0
2488,4034,0.0039215686274509,2.5377688011813704e-05,267,0
2488,4836,0.0196078431372549,0.0002578474456984152,233,0
2488,5723,0.0039215686274509,3.5380989719235735e-05,227,0
2488,5834,0.0078431372549019,5.1308442292985904e-05,264,0
2488,5837,0.0078431372549019,2.314655899949637e-05,231,0
2488,5860,0.0039215686274509,5.99960769052815e-05,215,0
2488,5864,0.0117647058823529,0.00010330768519140227,260,0
2488,6463,0.0078431372549019,5.032130405228973e-05,219,0
2490,4904,0.0708661417322834,2.411725241674555e-07,50,1
2493,3669,0.21875,1.1503691461845711e-06,87,1
2493,4865,0.0125968992248061,2.0676306993896482e-07,91,1
2493,6492,-0.16015625,6.117444178786819e-07,94,1
2494,6335,0.0156862745098039,2.198340832209987e-05,254,0
2494,6484,0.0039215686274509,4.0389116103119715e-05,220,0
2494,6595,0.0078431372549019,4.7198150536224014e-05,250,0
391,2495,-0.0038910505836575,2.4684115766037327e-05,241,0
1608,2495,-0.0038910505836575,3.567839819231346e-05,285,0
2495,2791,0.0038910505836575,4.537684463732374e-05,243,0
2495,3375,0.0233463035019455,2.889017919903585e-05,240,0
2495,4836,0.0272373540856031,5.671951201725978e-05,257,0
2495,6335,0.0038910505836575,2.1990115649683773e-05,298,0
2495,6339,0.0272373540856031,2.6656005862143975e-05,245,0
2495,6464,0.0350194552529182,7.399214716463109e-05,246,0
2495,6465,0.0038910505836575,5.252769407176195e-05,234,0
2495,6483,0.0077821011673151,1.89883533176459e-05,276,0
2495,6595,0.0077821011673151,4.532349934962837e-05,294,0
2497,2744,0.02734375,2.2791693751199896e-07,91,1
2497,6228,-0.0309774709302325,7.068739708703712e-07,83,1
2497,6512,0.0234375,1.2325702647442406e-06,89,1
2497,6514,0.1287990196078431,1.2798431929742883e-07,96,1
1724,2498,-0.015625,4.5934655955363694e-05,226,0
2498,2743,0.00390625,2.633773184876164e-05,245,0
508,2499,-0.0078431372549019,9.034579002199515e-05,225,0
992,2499,-0.0078431372549019,2.3862551994832265e-05,253,0
1607,2499,-0.0039215686274509,0.00011117585525010491,313,0
1608,2499,-0.0078431372549019,0.0001951457110711284,315,0
1609,2499,-0.0156862745098039,0.0002818166200225879,280,0
1756,2499,-0.0039215686274509,8.815386936159063e-05,223,0
1896,2499,-0.0078431372549019,0.0007524306373175719,282,0
2424,2499,-0.0039215686274509,0.001331284578062662,286,0
2454,2499,-0.0078431372549019,2.6623552994611534e-05,252,0
2499,2745,0.0117647058823529,6.487503843487635e-05,317,0
2499,2892,0.0039215686274509,1.9231850236877153e-05,259,0
2499,2895,0.0039215686274509,2.2255581607137095e-05,246,0
2499,3332,0.0156862745098039,3.046257979698513e-05,238,0
2499,3627,0.0039215686274509,1.869054155122031e-05,255,0
2499,3635,0.0039215686274509,0.00012966205884192936,291,0
2499,3644,0.0039215686274509,8.154838995066566e-05,258,0
2499,6334,0.0039215686274509,3.6971881682088025e-05,319,0
2499,6335,0.0156862745098039,0.00013305924449741736,328,0
2499,6595,0.0196078431372549,0.0002326544664216067,324,0
1328,2500,-0.0038910505836575,0.0002941356556999829,287,0
1499,2500,-0.0038910505836575,2.223627397742964e-05,273,0
2500,2745,0.0038910505836575,0.00016794128816363416,315,0
2500,3873,0.0116731517509727,9.208212469571114e-05,318,0
2500,5757,0.0077821011673151,2.189044159038026e-05,302,0
2501,3175,0.1953730620155038,5.504047399201875e-07,74,1
2501,4118,-0.0114603599221789,1.4019518501525229e-07,79,1
2502,2752,0.0079051383399209,7.628705571100307e-05,230,0
190,2503,-0.073170731707317,2.520983760891939e-07,56,1
608,2503,-0.0121951219512195,2.7581494728673747e-07,52,1
2102,2503,-0.032520325203252,2.576384695798859e-07,52,1
2503,2553,0.0326791158536585,2.3637876412700766e-07,56,1
2503,3302,0.0250304077843928,1.5509389460006547e-07,44,1
2503,3303,0.016260162601626,2.5846747662293907e-07,39,1
2503,3624,0.016260162601626,1.9078975384842233e-07,45,1
2503,4966,0.0121951219512195,1.9282821222233282e-07,39,1
2503,6522,0.0365853658536585,1.203437601250841e-07,49,1
2504,4148,-0.3076286221170905,2.0755534184645757e-07,25,1
2504,4998,0.3157894736842105,3.685506524318694e-07,19,1
2504,5000,-0.1986504723346828,2.5073860129789994e-07,31,1
1257,2517,-0.2078431372549019,9.162023280408295e-07,41,1
2344,2517,-0.0666666666666666,1.1887971205821855e-06,39,1
522,2519,-0.2260273972602739,1.3535158214601503e-07,17,1
2519,2619,0.022227965882657,1.7853033606370185e-07,19,1
2519,2954,0.0547945205479452,1.3382506054286448e-07,19,1
2519,3689,0.0136986301369863,3.6280330101544623e-07,15,1
2519,4330,0.1095890410958904,1.0449403831090041e-07,18,1
1619,2528,-0.01171875,8.9789509857029e-07,95,1
2528,6509,0.0078125,6.902260603751902e-07,97,1
2175,2529,-0.00390625,3.2417621995276524e-07,98,1
2529,3463,0.0234375,3.3594853247446366e-07,98,1
2529,5231,0.03515625,3.6767807150520884e-07,98,1
2529,6495,0.01953125,3.835824663342067e-07,96,1
2530,4690,0.0274509803921568,4.774823612656145e-07,70,1
2530,6326,0.0352941176470588,1.1286912500867289e-06,41,1
1930,2541,-0.0238095238095238,3.1231318422984814e-07,88,1
2541,2544,0.0317460317460317,6.451265789081155e-07,90,1
2541,3019,-0.01528442317916,1.2241686006799552e-06,83,1
2541,3020,-0.1613600075138536,1.208462210440153e-06,70,1
2541,3021,0.0317460317460317,3.253863045623177e-07,91,1
2541,3230,0.0264375065699569,8.430879145209721e-07,85,1
2541,5341,0.0317460317460317,3.360712240144738e-07,71,1
2542,3521,0.1153846153846153,2.262848598084404e-07,11,1
2543,3020,0.3452077013185954,6.515860595538614e-07,38,1
2543,3517,-0.0869788399018992,1.0367025195125143e-06,18,1
1930,2544,-0.0390625,3.1730515394635023e-07,88,1
2544,3021,-0.0280646459227467,2.6650368933722674e-07,91,1
2544,3230,-0.0337851821192052,2.1565698601307354e-07,85,1
2545,3019,0.0669438582562002,3.2501425519648994e-07,86,1
2545,3022,0.0059679767103347,4.120390334128057e-07,94,1
2545,3227,0.0131004366812227,7.596232251640654e-07,93,1
2545,3229,0.0227551855895196,2.3626323345570873e-07,96,1
2545,4517,-0.006532751091703,3.4592130577198936e-07,92,1
2545,5369,-0.0073063395238985,5.158409113860543e-07,96,1
2545,5371,0.0019030465736665,6.193347089518592e-07,90,1
11,2546,-0.05,5.938522970196603e-07,45,1
2547,3524,0.5,4.419549801835297e-07,12,1
666,2548,-0.0656934306569343,4.213607598712698e-07,21,1
2548,3556,-0.5561525065767535,1.4907206698922323e-07,30,1
2548,3603,-0.0789076264787314,1.8793637412769162e-07,25,1
53,2550,-0.0038910505836575,2.927918203049591e-07,72,1
2550,3500,0.6264591439688716,1.3657918290957486e-07,92,1
2550,4323,0.0700389105058365,3.0271464945605807e-07,94,1
1371,2551,-0.0232558139534883,0.0002775641887380637,262,0
1371,2552,-0.26171875,3.172807420352365e-05,233,0
2102,2553,-0.1328125,2.536952080393617e-07,62,1
2553,3302,-0.0475824311023622,5.430090630152132e-07,54,1
2553,3624,-0.085096914556962,4.1982979872436545e-07,55,1
2553,4824,-0.007454675572519,1.1904648010554414e-07,56,1
2553,4966,0.03515625,2.474010795530782e-07,49,1
190,2554,-0.0140845070422535,8.169013423127468e-07,54,1
608,2554,-0.0046948356807511,6.328590589392847e-07,50,1
684,2554,-0.0140845070422535,1.7084250772123368e-07,40,1
1942,2554,-0.0234741784037558,1.778063357057739e-07,41,1
2102,2554,-0.0234741784037558,6.13697593976247e-07,50,1
2503,2554,-0.0422535211267605,1.588816547711501e-07,44,1
2553,2554,-0.028169014084507,6.314564107424151e-07,54,1
2554,3302,0.0985915492957746,8.014238416540364e-08,42,1
2554,3303,0.028169014084507,1.5177834430267531e-07,37,1
2554,3311,0.0140845070422535,1.1988688735580787e-07,34,1
2554,3621,0.0140845070422535,8.087545726475668e-08,39,1
2554,3624,0.0892018779342723,1.3568888057235017e-07,43,1
2554,4824,0.0751173708920187,4.34456119712229e-07,44,1
2554,6522,0.0798122065727699,1.4833207766487912e-07,47,1
685,2555,-0.238095238095238,1.9879309305790253e-07,26,1
512,2558,-0.0078125,7.469961489237305e-07,97,1
1158,2558,-0.07421875,9.241642573461658e-07,87,1
1760,2558,-0.0078125,2.0365308421013658e-07,98,1
2558,2916,0.0078125,3.4271227931994413e-07,96,1
2558,2917,-0.0116579523346303,2.78892542766704e-07,91,1
2558,2919,-3.075787401574798e-05,1.648917285085783e-07,96,1
2559,5281,-0.0160918824701195,1.1087609035578218e-06,93,1
2560,2917,-0.1011367971313038,3.940951480372568e-07,98,1
2560,3669,-0.019515931372549,2.0374011616449178e-07,95,1
2560,5279,-0.0157634707426277,2.9315637878829503e-07,98,1
2560,5287,0.0039215686274509,1.1106168995519993e-06,98,1
2561,6265,0.0038910505836575,1.111130619390835e-06,94,1
426,2563,-0.0086580086580086,6.838799925963046e-07,67,1
1792,2563,-0.0303030303030303,4.933338641899551e-07,51,1
2563,2566,0.0519480519480519,1.3210766665684069e-07,47,1
2565,5073,-0.0431525735294117,1.0083590156127166e-06,78,1
426,2566,-0.4129353233830846,6.508411820747718e-07,60,1
1792,2566,-0.2039800995024875,2.3774750967006594e-07,44,1
7,2568,-0.0352941176470588,3.5300555494295787e-07,41,1
2568,3915,0.0235294117647058,5.939848888606962e-07,38,1
58,2569,-0.0078431372549019,6.015784028577692e-05,282,0
257,2569,-0.0078431372549019,5.538278141940411e-05,279,0
782,2569,-0.0039215686274509,3.19373756134288e-05,279,0
1091,2569,-0.0392156862745098,2.2632757493478346e-05,247,0
1216,2569,-0.0156862745098039,1.9666309981557276e-05,284,0
1226,2569,-0.0549019607843137,2.4422904741520598e-05,294,0
2152,2569,-0.0313725490196078,1.9116952412116585e-05,283,0
2153,2569,-0.0196078431372549,2.8206059667837786e-05,253,0
2155,2569,-0.0235294117647058,3.265381732867763e-05,270,0
2281,2569,-0.0039215686274509,1.9918473151382086e-05,287,0
2569,3795,0.0117647058823529,0.0001492125884614655,300,0
2569,3992,0.0196078431372549,3.889358197522918e-05,303,0
2569,4005,0.0039215686274509,5.973303161423084e-05,222,0
2569,5104,0.0431372549019607,4.95681354869792e-05,296,0
2569,5110,0.0039215686274509,3.0450336603879323e-05,283,0
2569,5465,0.0431372549019607,3.226915330338693e-05,302,0
2569,5473,0.0039215686274509,6.509626810703622e-05,273,0
2569,5481,0.0470588235294117,2.4759354891647754e-05,288,0
58,2572,-0.00390625,3.231699229455277e-05,253,0
123,2572,-0.0234375,4.5500841645128145e-05,277,0
257,2572,-0.00390625,3.236670386816021e-05,250,0
282,2572,-0.0078125,3.1492265190807e-05,253,0
736,2572,-0.0078125,3.343120761387156e-05,265,0
738,2572,-0.0234375,2.183722019513624e-05,241,0
739,2572,-0.00390625,0.00010929970604389347,252,0
1214,2572,-0.0078125,0.00011644505897545581,268,0
2155,2572,-0.01171875,1.959830540192023e-05,241,0
2279,2572,-0.0078125,3.654951642447021e-05,261,0
2572,3112,0.01953125,2.5104866607521108e-05,257,0
2572,3122,0.00390625,5.081635230430169e-05,245,0
2572,3123,0.00390625,0.0001039389639168105,258,0
2572,3133,0.015625,2.9374620751344844e-05,266,0
2572,3333,0.0078125,8.42625933748444e-05,261,0
2572,3336,0.01953125,3.060449785758471e-05,276,0
2572,3802,0.00390625,4.69844240621158e-05,254,0
2572,3805,0.015625,2.3714327238460247e-05,261,0
2572,3812,0.01953125,1.92945593667856e-05,255,0
2572,3815,0.00390625,7.331028334101646e-05,262,0
2572,3816,0.0234375,2.226657145919029e-05,268,0
2572,3817,0.00390625,8.43998833518486e-05,255,0
2572,3818,0.00390625,7.81130524573977e-05,246,0
2572,3820,0.0078125,3.802939828451249e-05,261,0
2572,3992,0.00390625,2.1006847374400952e-05,274,0
2572,5104,0.05859375,2.8616591050222208e-05,267,0
2572,5423,0.00390625,4.756719561429331e-05,260,0
2572,5440,0.0078125,3.5642364009410974e-05,280,0
2572,5442,0.015625,5.537591590116628e-05,255,0
2572,5468,0.00390625,4.1238416709886765e-05,233,0
2572,5660,0.01171875,1.854269638987453e-05,233,0
2572,5663,0.00390625,7.526792378392592e-05,272,0
2572,5677,0.0078125,0.0003870642360471475,252,0
2572,5680,0.01171875,3.070172774858457e-05,265,0
2572,5681,0.00390625,5.2871485255277186e-05,258,0
2572,5682,0.00390625,2.6541210389252737e-05,258,0
569,2573,-0.0039370078740157,0.00011091297127032446,244,0
737,2573,-0.0196850393700787,7.295178277693672e-05,245,0
1302,2573,-0.0039370078740157,2.246991806216649e-05,224,0
1697,2573,-0.0118110236220472,6.216847466521103e-05,219,0
1824,2573,-0.0039370078740157,5.929248082172236e-05,234,0
2220,2573,-0.0039370078740157,0.00010513457560415925,240,0
2285,2573,-0.0157480314960629,1.8665480740462604e-05,245,0
2459,2573,-0.0118110236220472,2.310733829205567e-05,229,0
2569,2573,-0.0078740157480314,5.084547537042894e-05,280,0
2572,2573,-0.0039370078740157,2.208166200221701e-05,251,0
2573,3130,0.0196850393700787,6.231309244535443e-05,229,0
2573,3131,0.0039370078740157,5.109575173712971e-05,231,0
2573,3722,0.0314960629921259,7.258615825357954e-05,298,0
2573,3734,0.0039370078740157,3.2407649341175796e-05,222,0
2573,3809,0.0078740157480314,4.607854050922761e-05,227,0
2573,3813,0.0039370078740157,3.818649350913822e-05,225,0
2573,5199,0.003389710815296,9.195006468886391e-05,305,0
2573,5431,0.0039370078740157,9.612035042232682e-05,222,0
2573,5434,0.0157480314960629,6.372004203361786e-05,235,0
2573,5435,0.0078740157480314,5.6711776765700135e-05,234,0
2573,5436,0.0039370078740157,3.5745206497378405e-05,229,0
2573,5663,0.0078740157480314,4.089506827459843e-05,227,0
2573,5669,0.0078740157480314,0.0002232543354622386,217,0
2573,5689,0.0039370078740157,7.935778751573214e-05,247,0
2574,3992,0.00390625,2.6903185704128097e-05,224,0
569,2575,-0.0044642857142857,0.00010646836702914124,244,0
1207,2575,-0.0089285714285714,0.0005373680200271133,217,0
1301,2575,-0.0178571428571428,1.8580031535902e-05,228,0
1302,2575,-0.0133928571428571,2.2331234170439018e-05,224,0
1824,2575,-0.1026785714285714,5.490938392875654e-05,234,0
2459,2575,-0.0089285714285714,2.324152073704922e-05,229,0
2569,2575,-0.0357142857142857,4.524080408952271e-05,280,0
2572,2575,-0.0089285714285714,1.9610757652894325e-05,251,0
2575,3130,0.0133928571428571,6.100182174704487e-05,229,0
2575,3131,0.0133928571428571,4.9224854929796446e-05,231,0
2575,3721,0.0089285714285714,0.0002493352123108696,262,0
2575,3722,0.0892857142857142,6.578970899718266e-05,298,0
2575,3734,0.0044642857142857,2.929122258315696e-05,222,0
2575,3808,0.0044642857142857,7.110783990150156e-05,238,0
2575,5199,0.0089285714285714,8.335036179405939e-05,305,0
2575,5429,0.0044642857142857,2.614072965810414e-05,229,0
2575,5431,0.0089285714285714,9.201083236981456e-05,222,0
2575,5435,0.0044642857142857,5.3731853873856825e-05,234,0
2575,5436,0.0089285714285714,3.460046363935651e-05,229,0
2575,5689,0.0133928571428571,7.463676713661746e-05,247,0
2575,5697,0.0044642857142857,3.826886927508709e-05,246,0
2575,6368,0.0357142857142857,3.7496973546432416e-05,219,0
2578,2579,0.4278846153846153,6.51061412451606e-07,84,1
2578,4488,0.0192307692307692,1.0474139471408849e-06,88,1
236,2583,-0.01953125,9.963011601909461e-08,80,1
2195,2583,-0.015625,1.911258264055042e-07,94,1
2583,3006,-0.0157169117647058,8.16725898127951e-08,83,1
2583,3007,0.03515625,1.6148448283780065e-07,97,1
2583,3008,-0.00390625,8.292969673827075e-08,82,1
2583,3773,0.0820464494163424,9.268339005778518e-08,66,1
2583,5292,0.05078125,1.59428685101852e-07,66,1
2583,5293,-0.00390625,1.5125205620609662e-07,80,1
2584,3006,0.00390625,9.069170515900421e-07,94,1
2584,3766,0.00390625,2.5792017023965696e-07,90,1
1849,2587,-0.0039215686274509,1.0722581162127831e-06,92,1
2252,2587,-0.0862745098039215,9.067318100022542e-07,97,1
2374,2587,-0.0235294117647058,6.727050430324745e-07,77,1
2587,5325,0.0078431372549019,7.826159807677727e-07,90,1
2587,5327,0.1217830882352941,8.757852786592217e-07,68,1
2587,5329,0.0001225490196078,5.692810333580281e-07,82,1
2587,5991,-0.062438725490196,5.603247384445239e-07,77,1
2588,5889,0.0116279069767441,0.0014600757380120548,216,0
1849,2590,-0.015625,9.288480793146545e-07,77,1
2252,2590,-0.00390625,7.971831988570723e-07,82,1
2590,5386,0.015625,1.1059571089126572e-06,65,1
1849,2591,-0.0313725490196078,7.618158022743761e-07,81,1
2379,2591,-0.0235294117647058,8.755432894773258e-07,71,1
2591,3023,0.0470588235294117,6.544268022744246e-07,72,1
2591,3026,-0.046859681372549,1.0046387890650357e-06,84,1
2591,5323,0.2156862745098039,6.122098691521634e-07,76,1
2593,3779,0.0053475935828877,6.298682320766596e-07,87,1
795,2595,-0.0039370078740157,0.001121780994396575,243,0
2389,2595,-0.0078740157480314,0.00078223526317327,227,0
2595,2776,0.0078740157480314,0.00925626242875732,230,0
2595,2780,0.0039370078740157,0.005562873365566255,216,0
2595,3826,0.0393700787401574,0.00010648919007306585,226,0
2595,5489,0.0118110236220472,0.0016934250851467199,230,0
2595,5583,0.0039370078740157,0.003018667288296495,226,0
2595,5585,0.0157480314960629,0.0023445736386739266,234,0
2595,5884,0.0157480314960629,0.002060577672851804,224,0
2595,5885,0.0039370078740157,0.006570673247131815,217,0
2595,5889,0.0354330708661417,0.0009284773794920075,251,0
2595,6110,0.0039370078740157,0.004271828692239737,234,0
319,2601,-0.0077519379844961,7.269139282129968e-08,96,1
2601,3211,0.0232558139534883,2.108451962354739e-07,95,1
2601,5531,0.065891472868217,5.588513027900741e-07,77,1
2602,2665,0.1361257343404287,8.717054821632639e-07,49,1
2607,3070,-0.0989981190741238,9.300685773325738e-07,44,1
2607,3073,-0.2343096234309623,2.0638376996134384e-07,41,1
2606,2610,-0.31640625,3.234057797065741e-07,26,1
2610,4105,-0.0463734192607003,2.9200986537791563e-07,27,1
1251,2614,-0.0156862745098039,8.726351393057835e-07,79,1
2614,3077,-0.031188725490196,1.6101513952645082e-07,91,1
2614,5491,0.0039215686274509,1.0348775556256548e-06,89,1
438,2617,-0.0742574257425742,1.2411862909649508e-07,80,1
2616,2617,-0.0247524752475247,2.1500001807325188e-07,81,1
2619,3689,0.0943396226415094,1.0456672981581235e-07,14,1
2619,4327,0.4339622641509434,1.6791737634655995e-07,12,1
1878,2621,-0.019047619047619,7.721079304983694e-07,85,1
2010,2621,-0.0095238095238095,1.168275544128113e-06,97,1
2192,2621,-0.0095238095238095,8.95640427985586e-07,69,1
2621,2909,0.0095238095238095,1.008746052554228e-06,89,1
2621,4082,-0.2479019330504479,7.500454766077458e-07,79,1
2621,6265,0.0571428571428571,8.201799696946007e-07,82,1
2436,2622,-0.0120967741935483,6.327818231705545e-07,79,1
2622,3676,0.0241935483870967,1.061048421719435e-06,89,1
2622,4082,0.0161290322580645,4.4514177970738117e-07,76,1
2622,4997,-0.0384082763115021,6.46613864012234e-07,74,1
2622,5286,0.0040322580645161,1.133892297797654e-06,66,1
1103,2623,-0.003875968992248,8.163446771944467e-07,86,1
125,2624,-0.0133333333333333,2.7670756573919734e-07,89,1
548,2624,-0.0266666666666666,4.2756462947055116e-07,88,1
646,2624,-0.0133333333333333,1.1003492890301985e-06,88,1
1971,2624,-0.04,1.94514573208635e-07,86,1
2624,3043,0.0261111111111111,5.423944789637601e-07,65,1
2624,3045,-0.0131266149870801,3.522890808028603e-07,80,1
2624,3476,0.04,4.969462318213312e-07,88,1
2624,3542,0.0193464052287581,5.81587606166984e-07,74,1
2624,3841,0.0622222222222222,4.907796382794285e-07,78,1
2624,3843,0.0444444444444444,8.370557247265286e-07,80,1
2624,3844,0.0311111111111111,2.4528955812436104e-07,93,1
2624,3848,0.0711111111111111,3.2930408034062445e-07,86,1
2624,3853,0.0088888888888888,1.2108056171350891e-06,84,1
2624,4311,-0.0431978319783197,3.7325920057598786e-07,93,1
125,2625,-0.0077821011673151,1.0988812845914893e-06,94,1
548,2625,-0.0038910505836575,2.53246112140762e-07,93,1
2625,3844,-0.0117795476653696,1.0827947484910037e-06,98,1
125,2626,-0.0552763819095477,5.467713363121619e-07,84,1
440,2626,-0.1457286432160804,3.6324148141646857e-07,80,1
1971,2626,-0.0351758793969849,4.3301781013334484e-07,81,1
2624,2626,-0.0100502512562814,2.0236753727709877e-07,87,1
2625,2626,-0.0050251256281407,1.3224265493549915e-07,92,1
2626,2627,0.0033566268844221,6.164768945635667e-07,82,1
2626,3476,0.0100502512562814,1.096043380023013e-06,83,1
2626,3844,0.0452261306532663,5.458733117042227e-07,88,1
2626,3848,0.0100502512562814,8.577073133627279e-07,81,1
2626,4311,-0.0112350369734853,3.553325591912446e-07,88,1
2626,4312,-0.026720906117891,3.5602865159330293e-07,91,1
646,2627,-0.01171875,5.753190154193917e-07,83,1
1925,2627,-0.02734375,1.527693972856081e-07,83,1
2627,2971,0.00390625,8.579840291445397e-07,52,1
2627,3479,0.01171875,4.799972318642191e-07,78,1
2627,3841,0.0078125,6.33076110692203e-07,73,1
252,2628,-0.0179640718562874,5.040809733997257e-07,78,1
1297,2628,-0.0179640718562874,1.0866109177305714e-06,83,1
2222,2628,-0.0239520958083832,1.9717976538273807e-07,67,1
2276,2628,-0.0119760479041916,9.491144660007477e-07,78,1
2628,2629,0.0119760479041916,8.041208122862308e-07,60,1
2628,2630,0.0179640718562874,1.705001396121186e-07,69,1
2628,3799,0.0119760479041916,7.849405098256053e-07,83,1
2628,3801,0.0119760479041916,7.912852230997706e-07,95,1
2628,5414,0.1476047904191617,2.6997099213977497e-07,73,1
2628,5443,-0.0066664700156337,1.0734360158762002e-06,63,1
2628,5447,0.029940119760479,9.57493949374801e-07,66,1
2628,5450,0.0140730212726298,6.608746653651864e-07,80,1
1297,2629,-0.0056497175141242,6.371752866430544e-07,69,1
2276,2629,-0.0169491525423728,6.93742637604066e-07,64,1
2629,3801,0.0112994350282485,1.0744082923723297e-06,81,1
2629,5445,0.0056497175141242,9.858641405696166e-07,35,1
2629,5447,0.2151549015955795,1.2499477469105981e-07,52,1
2629,5678,0.0514971751412429,3.6174946553154005e-07,58,1
1297,2630,-0.0402010050251256,4.822631032084022e-07,78,1
2276,2630,-0.1407035175879397,3.92760870085376e-07,73,1
2630,3335,0.0077038082976867,1.0731817951651683e-06,73,1
2630,3799,-0.0204329038187044,4.6162063197469943e-07,78,1
2630,3801,0.0402010050251256,4.0742123071021557e-07,90,1
2630,5414,-0.0533082077051926,1.352206235773976e-07,68,1
2630,5444,-0.0057542615035964,3.4465282395067725e-07,76,1
2630,5447,0.0146059970180573,3.1065752503215943e-07,61,1
2630,5448,0.0100502512562814,8.053266943286245e-07,72,1
2630,5450,0.0954773869346733,3.707640963284604e-07,75,1
2630,5668,0.0653266331658291,9.84149747788501e-07,82,1
2630,5678,0.0351758793969849,6.844566912174247e-07,67,1
1607,2636,-0.003875968992248,4.083916536735786e-05,280,0
2636,2745,0.0310077519379844,2.8265189343087766e-05,284,0
2636,3635,0.003875968992248,5.484613950444729e-05,258,0
2636,6205,0.0077519379844961,5.139909225341462e-05,224,0
2636,6483,0.0077519379844961,4.776540873816298e-05,273,0
2636,6484,0.003875968992248,8.873163655182418e-05,261,0
626,2637,-0.0078431372549019,2.1247997607443606e-05,246,0
687,2637,-0.0039215686274509,2.0240787968834525e-05,249,0
1498,2637,-0.0313725490196078,2.6273544926687897e-05,236,0
1627,2637,-0.0117647058823529,2.523041641312858e-05,223,0
1922,2637,-0.0274509803921568,2.149049898280991e-05,279,0
2455,2637,-0.0039215686274509,3.421427520443762e-05,247,0
2637,3386,0.0078431372549019,2.7580909922080602e-05,270,0
2637,3387,0.0196078431372549,2.042662950679646e-05,259,0
2637,3631,0.0196078431372549,1.9539181122219826e-05,302,0
2637,5764,0.0039215686274509,4.4816001409093056e-05,257,0
2637,6205,0.0196078431372549,2.1924088642066583e-05,235,0
2637,6232,0.0039215686274509,7.275753924860009e-05,252,0
2637,6233,0.0039215686274509,3.27041042801627e-05,248,0
1328,2638,-0.0117647058823529,5.074362447665428e-05,248,0
2638,3631,0.0156862745098039,3.653851722255566e-05,283,0
2638,3873,0.0117647058823529,1.9729774096611532e-05,279,0
1328,2639,-0.00390625,0.00024112729272594033,282,0
1498,2639,-0.015625,4.927778091785461e-05,251,0
1607,2639,-0.015625,0.00011518626806891222,306,0
1897,2639,-0.01171875,2.221934716734487e-05,245,0
2639,2745,0.0078125,8.377124523382792e-05,310,0
2639,3635,0.015625,0.00016686369453998656,284,0
2639,5768,0.0078125,3.741191421709221e-05,241,0
2639,6205,0.0078125,3.5067553776720635e-05,250,0
2639,6334,0.02734375,3.891944326984953e-05,312,0
2639,6483,0.00390625,0.0001476294521455443,299,0
34,2640,-0.0116731517509727,5.4727210693019576e-05,287,0
294,2640,-0.0077821011673151,5.430594764976533e-05,309,0
929,2640,-0.0077821011673151,5.3541230145555575e-05,280,0
975,2640,-0.0038910505836575,3.236995773107567e-05,267,0
1746,2640,-0.0077821011673151,0.00010611560839945054,253,0
2063,2640,-0.0038910505836575,3.811635031949538e-05,268,0
2640,3567,0.0077821011673151,1.916960856868303e-05,275,0
2640,3604,0.0038910505836575,7.958534876587004e-05,239,0
2640,4579,0.0155642023346303,4.136745803741779e-05,292,0
2640,4580,0.0116731517509727,2.257069085308181e-05,280,0
2640,4581,0.0038910505836575,2.4425305953289753e-05,279,0
2640,4740,0.0038910505836575,1.963536294973453e-05,297,0
2641,4609,0.0038910505836575,2.475976780858113e-05,215,0
2642,2876,0.00390625,1.862809995529429e-05,226,0
926,2643,-0.01953125,5.704127490988408e-05,250,0
785,2644,-0.01171875,2.446479088291716e-07,44,1
2644,2645,-0.180422794117647,3.904990079374187e-07,53,1
2644,3154,0.00390625,7.950617700399092e-07,43,1
2644,3168,0.2421875,9.470646309694575e-07,57,1
2644,4012,0.0859375,1.029261121464746e-06,50,1
2644,5865,0.09375,2.3152959794475697e-07,46,1
785,2645,-0.0156862745098039,2.92715557302607e-07,57,1
1701,2645,-0.0039215686274509,2.1855469926841832e-07,59,1
2313,2645,-0.2039215686274509,1.9112467442544379e-07,59,1
2645,3154,0.0862745098039215,6.68062946928184e-07,56,1
2645,3287,0.0039215686274509,5.021822904728823e-07,79,1
2645,4014,0.071032475490196,3.595583605941162e-07,69,1
2645,5865,-0.1014399509803921,1.7104823038122727e-07,59,1
926,2646,-0.00390625,5.587247416242035e-05,242,0
785,2647,-0.0274509803921568,3.703073353616909e-07,55,1
2644,2647,-0.0196078431372549,1.0653923903524937e-06,51,1
2647,3154,0.0313725490196078,7.550642513786569e-07,54,1
2647,3155,0.196078431372549,6.518234304837902e-07,70,1
2647,4012,0.0156862745098039,4.477638185391854e-07,61,1
2647,4013,0.1529411764705882,8.319745966361557e-07,65,1
2647,4019,0.0470588235294117,9.225463318204908e-07,83,1
2647,5863,0.0627450980392156,4.749804270823465e-07,69,1
2647,5865,0.0313725490196078,4.0311105606789433e-07,57,1
2648,2725,0.00390625,8.226972667740893e-07,98,1
2648,3183,0.140625,8.149995628513933e-07,93,1
465,2651,-0.1015625,8.711233645220127e-07,80,1
2651,2725,0.03125,3.8066854019325997e-07,82,1
2651,3183,0.0234375,3.193425609716429e-07,77,1
2655,2656,-0.0038910505836575,5.621745984951097e-07,42,1
763,2659,-0.23046875,7.0247757589732e-07,39,1
2659,3919,-0.0347762645914396,7.374022237131537e-07,40,1
2659,5098,0.0234375,5.170998373629016e-07,46,1
1382,2662,-0.015625,1.1555000263863701e-06,63,1
2662,5537,0.015625,7.871706155566308e-07,79,1
2662,5894,0.00390625,1.229948952500106e-06,82,1
2663,2666,0.0078431372549019,9.635585218309052e-07,25,1
2663,6001,0.0156862745098039,7.782831829409114e-07,24,1
2603,2664,-0.2054263565891473,2.3011927616364866e-07,54,1
2666,6001,-0.0777294575417715,1.7273704375883518e-07,25,1
2667,3879,0.4330708661417323,1.380864696279784e-07,29,1
2667,3914,0.0825190525883059,4.1884685230375505e-07,31,1
2375,2669,-0.0077821011673151,8.464496768817399e-07,73,1
2669,6063,0.0817120622568093,7.574996620892901e-07,98,1
2670,2671,-0.0272373540856031,1.1907428397293087e-06,90,1
2672,6369,0.0041322314049586,0.00020879167603904302,250,0
2673,3722,0.0350194552529182,3.3598994680638595e-05,258,0
569,2674,-0.0080645161290322,3.604571939391418e-05,244,0
737,2674,-0.0040322580645161,4.4057446316552945e-05,245,0
1955,2674,-0.0201612903225806,0.0007376545754420588,222,0
2674,3131,0.0040322580645161,2.2672249004529492e-05,231,0
2674,5430,0.0040322580645161,7.168434130986646e-05,228,0
2674,5435,0.0080645161290322,2.053133084541009e-05,234,0
2675,3722,0.1333333333333333,2.5658877761491496e-05,255,0
715,2676,-0.0212765957446808,9.840579388109681e-07,76,1
2676,3722,0.2127659574468085,4.1863922812548885e-05,217,0
2676,4463,0.0638297872340425,9.643087144883165e-07,49,1
2676,5698,0.0212765957446808,1.0624914760897522e-06,85,1
569,2677,-0.0086580086580086,6.209012365984549e-05,233,0
737,2677,-0.0173160173160173,7.379920430769776e-05,234,0
1304,2677,-0.0043290043290043,2.8706975409768085e-05,231,0
1689,2677,-0.0086580086580086,2.5788307923087176e-05,224,0
2572,2677,-0.0043290043290043,2.3283370631568534e-05,240,0
2677,3130,0.0043290043290043,5.0027636119042255e-05,218,0
2677,3131,0.0043290043290043,3.83447057538047e-05,220,0
2677,3808,0.0086580086580086,0.00011649915257065923,227,0
2677,3809,0.0043290043290043,5.480435981201744e-05,216,0
2677,5429,0.0043290043290043,1.9221023542707705e-05,218,0
2677,5435,0.0086580086580086,3.594594172784985e-05,223,0
2677,5436,0.0043290043290043,2.6998583019272445e-05,218,0
2677,5670,0.0043290043290043,1.8569442465553384e-05,227,0
2677,5686,0.0043290043290043,2.9507235163376186e-05,225,0
2677,5689,0.0086580086580086,1.87959310174602e-05,236,0
1119,2678,-0.044776119402985,1.1327169672450244e-06,62,1
2678,4429,0.0746268656716417,1.1274298145606737e-06,60,1
2680,4416,0.0039370078740157,0.00021238138829902549,216,0
2680,5199,0.0039370078740157,0.0012802477469418768,256,0
774,2687,-0.0350194552529182,6.36080285624537e-07,79,1
2686,2687,-0.0038910505836575,8.595815774190337e-07,74,1
2687,3963,0.0116731517509727,3.811004557384113e-07,73,1
2687,5251,0.0116731517509727,5.87362307464002e-07,82,1
1331,2691,-0.0175438596491228,5.995402367218751e-07,86,1
77,2692,-0.003875968992248,2.9411605063651336e-05,240,0
387,2692,-0.003875968992248,0.00023863956782131025,233,0
458,2692,-0.0077519379844961,0.00043295628323599566,234,0
469,2692,-0.0077519379844961,2.0021507274577443e-05,271,0
1497,2692,-0.0116279069767441,6.688265055779664e-05,255,0
1590,2692,-0.0116279069767441,6.89546015635799e-05,271,0
1591,2692,-0.003875968992248,2.8562251317267397e-05,261,0
1594,2692,-0.0077519379844961,0.00012916441831662103,247,0
1607,2692,-0.003875968992248,0.0012531410989512597,307,0
1724,2692,-0.0155038759689922,3.140145675746256e-05,291,0
1944,2692,-0.003875968992248,4.344325878058063e-05,276,0
2419,2692,-0.0193798449612403,7.770241535469294e-05,244,0
2476,2692,-0.0116279069767441,0.00010662982624974344,237,0
2502,2692,-0.0155038759689922,1.857348399787527e-05,230,0
2692,2698,0.003875968992248,0.00022291816456065298,234,0
2692,3631,0.0077519379844961,3.816697603381313e-05,318,0
2692,3635,0.003875968992248,0.0018528702005915952,285,0
2692,6191,0.0077519379844961,0.0001522363323301823,228,0
2692,6200,0.0232558139534883,4.1804120608904125e-05,249,0
2692,6202,0.0310077519379844,7.06878800229628e-05,256,0
2692,6203,0.0077519379844961,0.00012942693664610608,235,0
2692,6204,0.003875968992248,2.0151261280997916e-05,247,0
2692,6207,0.0232558139534883,4.8638442610059305e-05,249,0
2692,6232,0.003875968992248,9.631542829817052e-05,268,0
2692,6443,0.0271317829457364,2.574763827989019e-05,241,0
2692,6445,0.003875968992248,0.00024104126872296266,248,0
2692,6446,0.0155038759689922,2.1922074583142587e-05,247,0
2692,6447,0.0310077519379844,1.850478945795685e-05,234,0
2692,6448,0.0155038759689922,6.20026949718434e-05,265,0
2692,6455,0.0310077519379844,5.0918544856007164e-05,254,0
2692,6456,0.0193798449612403,7.73743017193079e-05,257,0
2692,6516,0.0077519379844961,3.495360783053549e-05,254,0
2692,6519,0.0116279069767441,0.00016317609253550902,258,0
2692,6521,0.003875968992248,1.9449796467098037e-05,273,0
391,2694,-0.0194552529182879,3.0962087253459536e-05,223,0
1608,2694,-0.0077821011673151,2.0709898927239206e-05,267,0
2694,2791,0.0194552529182879,6.400911154939688e-05,225,0
2694,3375,0.0233463035019455,2.5628478304841855e-05,222,0
2694,4790,0.0077821011673151,3.76572704981218e-05,245,0
2694,4836,0.0233463035019455,7.854804320238509e-05,239,0
2694,6339,0.0428015564202334,1.917083244923609e-05,227,0
2694,6464,0.0194552529182879,8.99115966972455e-05,228,0
2694,6465,0.0038910505836575,5.2308334885176814e-05,216,0
2694,6484,0.0038910505836575,2.381660790429233e-05,246,0
1607,2695,-0.0078125,4.988658185478467e-05,274,0
2695,2745,0.00390625,3.3387115291467525e-05,278,0
2695,6484,0.00390625,9.703399448887918e-05,255,0
82,2696,-0.0039215686274509,3.8313678239767284e-05,256,0
1607,2696,-0.0039215686274509,2.954769990569558e-05,277,0
1608,2696,-0.0078431372549019,4.3317505314590205e-05,279,0
1609,2696,-0.0313725490196078,3.8459319790613294e-05,244,0
1896,2696,-0.0274509803921568,9.976496271150677e-05,246,0
2696,2791,0.0039215686274509,0.0004318095419510784,237,0
2696,3635,0.0078431372549019,3.087272200001136e-05,255,0
2696,4790,0.0039215686274509,7.250832239097773e-05,257,0
2696,4836,0.0156862745098039,0.0004757101913175135,251,0
2696,6335,0.0431372549019607,2.9314723817439705e-05,292,0
2696,6463,0.0117647058823529,2.3302709062075925e-05,237,0
2696,6483,0.0156862745098039,2.8626965392025957e-05,270,0
2696,6484,0.0078431372549019,5.012448072802262e-05,258,0
2696,6595,0.0117647058823529,5.413474466531587e-05,288,0
1607,2697,-0.00390625,2.059121369976547e-05,259,0
1608,2697,-0.01171875,4.125082238498197e-05,261,0
1609,2697,-0.046875,2.7803004689100902e-05,226,0
1896,2697,-0.00390625,7.39224358299606e-05,228,0
2697,6335,0.00390625,2.588953228437129e-05,274,0
2697,6483,0.00390625,2.3852762583698596e-05,252,0
2697,6595,0.015625,5.564420609284449e-05,270,0
2702,6178,0.0546875,1.1540848126652974e-06,78,1
2704,3278,0.599206590466926,2.574998058308695e-07,43,1
1714,2705,-0.0235294117647058,6.57722595428612e-07,54,1
2706,5002,-0.1906716843425704,7.676368965265875e-07,18,1
682,2711,-0.0076335877862595,1.1271730548398458e-07,92,1
2712,3615,-0.02734375,2.42670089042598e-07,96,1
2712,5667,0.0468901994163424,1.9225974332217258e-07,95,1
2712,6051,-0.0325520833333333,2.7524479697696955e-07,92,1
1561,2713,-0.2152777777777778,4.1835062026936554e-07,39,1
2711,2713,-0.0138888888888888,7.447998373459241e-07,77,1
2713,3114,0.0221911855990068,1.2065342652971855e-07,56,1
2713,5665,0.0416666666666666,1.5097342848364975e-07,70,1
2713,5675,0.0020778652668416,3.958549532299857e-07,67,1
2713,6365,-0.0555555555555555,8.758125961492271e-07,35,1
875,2718,-0.0038910505836575,4.040566370692898e-07,95,1
2718,4378,0.0622568093385214,2.071836741324683e-07,92,1
2718,5645,0.0583657587548638,4.568575436291788e-07,94,1
1316,2721,-0.75,4.579564809451636e-08,4,1
776,2722,-0.0689655172413793,3.6278381325187995e-07,93,1
2307,2722,-0.0985221674876847,3.7971346556219665e-07,73,1
2722,3976,0.0282295251591425,2.2663649126360181e-07,98,1
2722,3977,0.0344827586206896,3.0190328778492763e-07,92,1
2722,5722,0.0197044334975369,6.743159457824677e-07,76,1
2724,3977,0.3023255813953488,8.251690745516839e-07,68,1
1263,2727,-0.2204724409448819,5.227996881765732e-07,78,1
2727,3428,0.0039370078740157,1.1357190965867922e-06,81,1
2727,4069,0.0472440944881889,1.1068235479581718e-06,69,1
2727,5572,0.2598425196850393,1.1108590568098753e-06,69,1
2727,5578,0.0393700787401574,3.5484403609436693e-07,74,1
2727,5596,0.1496062992125984,7.864375668634059e-07,83,1
2728,4068,0.0158102766798418,3.907300258715562e-07,77,1
1878,2731,-0.074074074074074,9.034535551256537e-07,97,1
2731,6265,0.0462962962962962,8.166261714265773e-07,94,1
319,2734,-0.0118110236220472,5.515140704413293e-07,90,1
2601,2734,-0.0039370078740157,5.942355130910919e-07,92,1
2734,2920,0.1260302092588621,2.6614710248664823e-07,94,1
2734,3207,0.0119488954931217,5.231897985620358e-07,72,1
2734,3208,-0.0741264763779527,4.014709998527473e-07,93,1
2734,3210,-0.0038447342519685,9.415782198807988e-08,94,1
2734,3211,0.0081181712751022,1.781610196242014e-07,89,1
2734,3822,0.0039370078740157,1.0051640321501687e-06,90,1
2734,4100,-0.0350947342519685,4.154911350746188e-07,81,1
319,2736,-0.01953125,1.1467033017170847e-06,93,1
2601,2736,-0.00390625,1.2196184077529612e-06,95,1
2734,2736,-0.0078125,1.3860356291137602e-07,89,1
2736,2920,0.0234375,5.408936497794764e-07,97,1
2736,3207,0.00390625,9.765156093023517e-07,75,1
391,2738,-0.0739299610894941,2.3227757868044752e-05,218,0
394,2738,-0.0077821011673151,3.5464469120716006e-05,247,0
2738,2791,0.046692607003891,4.668991465664007e-05,220,0
2738,2898,0.0077821011673151,2.9374024827525334e-05,256,0
2738,3375,0.0856031128404669,2.0229450882540965e-05,217,0
2738,4836,0.1089494163424124,5.906970847596225e-05,234,0
2738,6464,0.0505836575875486,6.955212562843142e-05,223,0
391,2739,-0.0116731517509727,4.6703544733836695e-05,246,0
394,2739,-0.0038910505836575,0.0002790638254339147,275,0
1657,2739,-0.0077821011673151,8.16934665295677e-05,232,0
1896,2739,-0.0038910505836575,3.056488655069472e-05,257,0
2739,2791,0.0505836575875486,7.068608675347862e-05,248,0
2739,2898,0.0038910505836575,0.00024213025357311144,284,0
2739,3375,0.0505836575875486,7.791558047415326e-05,245,0
2739,4836,0.0311284046692607,0.00010983757992800988,262,0
2739,4908,0.0544747081712062,0.00015266568264527314,215,0
2739,6339,0.0272373540856031,0.0001151834288112857,250,0
2739,6464,0.0622568093385214,0.00018737884018111523,251,0
2739,6465,0.0155642023346303,0.00015743211442771036,239,0
2739,6594,0.0311284046692607,0.00012971782719507172,233,0
391,2740,-0.03515625,5.1999028057861916e-05,230,0
1896,2740,-0.1015625,2.6892849365210695e-05,241,0
2095,2740,-0.00390625,2.0283490750626096e-05,251,0
2740,2791,0.01953125,0.00010932682269995919,232,0
2740,3375,0.0390625,4.632328640590716e-05,229,0
2740,4790,0.00390625,3.0790325804510834e-05,252,0
2740,4836,0.0390625,0.00012314352014603088,246,0
2740,6339,0.05859375,2.091400046871563e-05,234,0
2740,6464,0.01171875,0.0001335139300029038,235,0
2740,6465,0.01171875,8.018944437520054e-05,223,0
2740,6484,0.01171875,2.0753531705432574e-05,253,0
2740,6595,0.02734375,2.2570581985504005e-05,283,0
82,2741,-0.01953125,4.0154060497914135e-05,226,0
394,2741,-0.00390625,6.850692099001198e-05,234,0
1607,2741,-0.00390625,1.9636852774217784e-05,247,0
2449,2741,-0.00390625,8.462646293549093e-05,242,0
2741,2887,0.00390625,7.069823693026984e-05,223,0
2741,2898,0.00390625,5.728281418643744e-05,243,0
2741,3344,0.01953125,9.455128440803882e-05,230,0
2741,3635,0.00390625,2.7146331392962538e-05,225,0
2741,3642,0.00390625,7.119630458665507e-05,238,0
2741,4772,0.015625,4.8296638171767756e-05,222,0
2741,4775,0.00390625,0.0001446576087228658,234,0
2741,4780,0.00390625,0.0001344336643844442,222,0
2741,4790,0.0234375,6.90956405595807e-05,227,0
2741,4836,0.00390625,3.840700547415675e-05,221,0
2741,5870,0.00390625,0.00013946639623237055,215,0
2741,6335,0.00390625,2.5286742419588844e-05,262,0
2741,6483,0.0078125,2.2795356196523633e-05,240,0
2742,6329,0.1304347826086956,1.1506514244466574e-06,97,1
391,2743,-0.0669291338582677,2.977404588914256e-05,253,0
394,2743,-0.0118110236220472,4.0814873599466685e-05,282,0
1608,2743,-0.0039370078740157,2.357181942375632e-05,297,0
1894,2743,-0.0039370078740157,3.781839470536568e-05,220,0
2095,2743,-0.0039370078740157,3.7714492382186325e-05,274,0
2314,2743,-0.0039370078740157,7.592602977451322e-05,256,0
2449,2743,-0.0039370078740157,4.55942080883492e-05,290,0
2743,2791,0.0314960629921259,5.802416734431035e-05,255,0
2743,2887,0.0039370078740157,4.226276355358608e-05,271,0
2743,2898,0.0078740157480314,3.616695678836603e-05,291,0
2743,3375,0.1299212598425196,3.408938047964343e-05,252,0
2743,3437,0.0039370078740157,2.500536531925319e-05,226,0
2743,3634,0.0039370078740157,2.4670262008203713e-05,248,0
2743,4775,0.0039370078740157,0.00010582602858753686,282,0
2743,4836,0.0433070866141732,6.539799911558136e-05,269,0
2743,4908,0.0118110236220472,0.00020392686800720826,222,0
2743,5873,0.0039370078740157,0.00011098332809372759,289,0
2743,6339,0.0314960629921259,1.9286728637148692e-05,257,0
2743,6464,0.0275590551181102,7.541061750748538e-05,258,0
2743,6465,0.1456692913385826,5.257675777527716e-05,246,0
2743,6484,0.0039370078740157,2.4982225355888212e-05,276,0
2743,6594,0.0314960629921259,3.951556786095898e-05,240,0
2743,6595,0.0039370078740157,2.54469779897895e-05,306,0
2744,6222,0.2142857142857142,1.0194953386787167e-06,62,1
135,2745,-0.0038910505836575,5.277543562630353e-05,322,0
391,2745,-0.0311284046692607,2.997094816752526e-05,254,0
789,2745,-0.0077821011673151,1.92697616034157e-05,275,0
1365,2745,-0.0038910505836575,3.611176946196906e-05,274,0
1894,2745,-0.0038910505836575,4.26930076587491e-05,221,0
2745,2791,0.0272373540856031,6.648353952513765e-05,256,0
2745,3342,0.0038910505836575,3.978972494652351e-05,269,0
2745,3375,0.0739299610894941,2.998718017247929e-05,253,0
2745,4031,0.0155642023346303,3.094870975148617e-05,280,0
2745,4034,0.0038910505836575,8.573689430544448e-05,304,0
2745,4778,0.0038910505836575,2.8146329641550226e-05,261,0
2745,4779,0.0077821011673151,0.004481896318358378,249,0
2745,4780,0.0311284046692607,2.2860581499094497e-05,271,0
2745,4836,0.0389105058365758,6.428131940446588e-05,270,0
2745,4908,0.1050583657587548,0.0002875557575109989,223,0
2745,5873,0.0077821011673151,3.6615632147023496e-05,290,0
2745,6338,0.0038910505836575,6.080959162698403e-05,228,0
2745,6362,0.0038910505836575,6.606015694713536e-05,261,0
2745,6461,0.0077821011673151,2.736064737438699e-05,223,0
2745,6464,0.0272373540856031,6.401572788222811e-05,259,0
2745,6465,0.0155642023346303,3.621559669295524e-05,247,0
2745,6594,0.0038910505836575,2.5924536541595964e-05,241,0
2747,6335,0.0039215686274509,0.0003361638277189614,256,0
352,2749,-0.0039215686274509,2.3909062190822927e-05,264,0
391,2749,-0.0078431372549019,5.421678014260187e-05,258,0
1607,2749,-0.0117647058823529,6.461245860647418e-05,300,0
1608,2749,-0.0039215686274509,0.00013693827990843944,302,0
1894,2749,-0.0039215686274509,5.829271040455524e-05,225,0
1896,2749,-0.0078431372549019,2.9686827934499008e-05,269,0
2496,2749,-0.0196078431372549,1.8669472741191537e-05,219,0
2745,2749,-0.0039215686274509,4.571664988347009e-05,304,0
2746,2749,-0.0196078431372549,3.32296921200333e-05,216,0
2749,2791,0.0078431372549019,8.643311385339067e-05,260,0
2749,3375,0.0156862745098039,9.532219826792414e-05,257,0
2749,4836,0.0196078431372549,0.00010773440641264207,274,0
2749,4908,0.0078431372549019,0.00022692395287271066,227,0
2749,6213,0.0039215686274509,4.0501672518375384e-05,225,0
2749,6334,0.0039215686274509,1.903427028027654e-05,306,0
2749,6335,0.0039215686274509,8.546217699904831e-05,315,0
2749,6339,0.0078431372549019,0.00010070740297021496,262,0
2749,6342,0.0078431372549019,5.548452397310443e-05,268,0
2749,6464,0.0156862745098039,0.00017768178793776338,263,0
2749,6465,0.0117647058823529,0.0001585112839081663,251,0
2749,6484,0.0039215686274509,0.0001504830659210956,281,0
2749,6510,1.5318627450980338e-05,1.9705429206931594e-05,240,0
2749,6595,0.0117647058823529,0.0001633061107109335,311,0
391,2750,-0.0038910505836575,0.00027267354191932346,226,0
1609,2750,-0.0155642023346303,5.0564805593943495e-05,235,0
1896,2750,-0.0077821011673151,0.00013297075649791487,237,0
2750,6342,0.0038910505836575,4.139438110507417e-05,236,0
2750,6463,0.0116731517509727,2.9715184398403305e-05,228,0
2750,6595,0.0077821011673151,0.00012125605720673197,279,0
391,2751,-0.0039215686274509,3.476362215889244e-05,224,0
1608,2751,-0.0117647058823529,1.923642133711968e-05,268,0
1896,2751,-0.0313725490196078,1.964252364129931e-05,235,0
2751,3375,0.0039215686274509,2.6994664100072368e-05,223,0
2751,4790,0.0078431372549019,3.3856804327995215e-05,246,0
2751,6339,0.0549019607843137,1.8514408220683872e-05,228,0
2751,6464,0.0196078431372549,0.00010042383154860723,229,0
2751,6465,0.0039215686274509,5.518668197317738e-05,217,0
2751,6484,0.0117647058823529,2.207702020833159e-05,247,0
2751,6595,0.0431372549019607,2.410132091697096e-05,277,0
391,2752,-0.0077821011673151,5.247276863383078e-05,265,0
1894,2752,-0.0038910505836575,5.545750764397684e-05,232,0
1896,2752,-0.0233463035019455,2.9862121569025632e-05,276,0
2752,2791,0.0077821011673151,8.420327120293864e-05,267,0
2752,3375,0.0194552529182879,8.861293310704732e-05,264,0
2752,4836,0.0077821011673151,0.00011269639830455142,281,0
2752,4908,0.0077821011673151,0.00021326913551215787,234,0
2752,6213,1.508159140952564e-05,2.985455831701337e-05,232,0
2752,6334,0.0272373540856031,1.973175705173293e-05,313,0
2752,6335,0.0038910505836575,9.216912385020673e-05,322,0
2752,6339,0.0077821011673151,0.00010670677349723948,269,0
2752,6464,0.0389105058365758,0.00018782628186731493,270,0
2752,6465,0.0077821011673151,0.0001612438361154389,258,0
2752,6483,0.0038910505836575,8.074683701121979e-05,300,0
2752,6595,0.0038910505836575,0.00018531797561711997,318,0
391,2753,-0.015625,6.06263362127288e-05,220,0
1896,2753,-0.0390625,3.156423068116879e-05,231,0
2753,2791,0.00390625,0.0001289831082015918,222,0
2753,3375,0.03515625,5.1732854930416966e-05,219,0
2753,4777,0.0078125,2.4720514740765135e-05,270,0
2753,4790,0.01171875,2.9857494377571072e-05,242,0
2753,4836,0.015625,0.0001450499046084736,236,0
2753,5875,0.0078125,2.1920540501233973e-05,256,0
2753,6339,0.0234375,2.2134351718179607e-05,224,0
2753,6464,0.01171875,0.00015540918148988363,225,0
2753,6484,0.02734375,2.0407359935513052e-05,243,0
2753,6595,0.00390625,2.2153267716996954e-05,273,0
1321,2754,-0.0289256198347107,2.1623908590845943e-07,75,1
2754,4819,0.0537190082644628,4.092415958326873e-07,67,1
2756,6210,0.00390625,3.281214275238417e-05,269,0
2756,6513,0.00390625,2.35532555434361e-05,253,0
1532,2757,-0.11328125,5.19861516735688e-07,66,1
2441,2757,-0.06640625,6.937371031224562e-07,65,1
2757,4164,0.15625,5.101803650371637e-07,75,1
2757,4890,0.00390625,7.736065739202708e-07,78,1
2757,6287,0.0234375,7.497755642205894e-07,79,1
2759,2760,-0.0505836575875486,3.846198668255907e-07,72,1
2759,2763,0.0039966217235242,8.403986224034944e-07,93,1
2759,6175,-0.0587305447470817,2.433233700904436e-07,89,1
2759,6441,0.0859650710342955,2.2507161475108888e-07,84,1
473,2760,-0.1206225680933852,9.937957531855352e-07,73,1
1723,2760,-0.1361867704280155,8.066318952939852e-07,54,1
2760,6441,0.0857388471631526,5.479258801059175e-07,70,1
473,2763,-0.0077519379844961,5.625450921098054e-07,94,1
2286,2767,-0.0172413793103448,8.806232331292915e-05,222,0
2767,3722,0.0172413793103448,0.00013213644125971175,242,0
2767,6369,0.0057471264367816,0.00012458251450779415,222,0
569,2768,-0.0082304526748971,0.00022013016705720617,239,0
737,2768,-0.0041152263374485,0.0001487980687373679,240,0
1295,2768,-0.0041152263374485,1.8500118779521157e-05,226,0
1301,2768,-0.0041152263374485,3.8407721192673384e-05,223,0
1302,2768,-0.0082304526748971,4.6051379074082735e-05,219,0
1304,2768,-0.0041152263374485,2.4299442639550812e-05,237,0
1563,2768,-0.0041152263374485,2.249283107149343e-05,228,0
1824,2768,-0.0823045267489712,0.00011397700604927658,229,0
2220,2768,-0.0041152263374485,0.00021281310686353677,235,0
2285,2768,-0.0164609053497942,3.770717591363337e-05,240,0
2286,2768,-0.0041152263374485,3.593757443843568e-05,273,0
2458,2768,-0.0123456790123456,3.317738855141907e-05,234,0
2569,2768,-0.0864197530864197,0.00010014803867935507,275,0
2572,2768,-0.0164609053497942,4.664109728543084e-05,246,0
2768,3131,0.0164609053497942,0.00010124006139359271,226,0
2768,3721,0.0041152263374485,0.0006596586499209852,257,0
2768,3722,0.037037037037037,0.0001416823216930028,293,0
2768,3734,0.0123456790123456,6.399105942610452e-05,217,0
2768,3808,0.0041152263374485,0.00014451376359548478,233,0
2768,5199,0.0452674897119341,0.00018062771158481323,300,0
2768,5429,0.0082304526748971,5.375966868135864e-05,224,0
2768,5436,0.0082304526748971,7.131860768840898e-05,224,0
2768,5670,0.0041152263374485,3.593423990764022e-05,233,0
2768,5686,0.0082304526748971,1.8483721069687164e-05,231,0
2768,5689,0.0123456790123456,0.00015503588920262533,242,0
2768,5697,0.0041152263374485,8.451151612978146e-05,241,0
2768,6369,0.0041152263374485,8.845735746554268e-05,273,0
2167,2769,-0.0123456790123456,5.67825327244175e-07,46,1
2770,6388,0.2745098039215686,8.997746619100917e-07,22,1
2345,2774,-0.0077519379844961,4.817105420018093e-07,92,1
2387,2774,-0.065891472868217,3.4347806027651105e-07,98,1
2774,3183,0.0077519379844961,6.804670953095377e-07,84,1
2774,3184,0.0271317829457364,4.209233635019311e-07,89,1
2774,3185,0.003875968992248,2.740551267882056e-07,90,1
2774,4068,0.0077519379844961,6.322045633103534e-07,90,1
2774,5608,0.116187870497036,3.83480572198003e-07,93,1
2774,5888,0.003875968992248,3.3657559360120653e-07,92,1
2779,5496,0.0038910505836575,1.1087341386444555e-06,87,1
479,2784,-0.0542635658914728,7.888451263017151e-07,19,1
480,2788,-0.1215686274509803,8.982609177418502e-07,45,1
2788,2790,0.3725490196078431,9.118926005970106e-07,46,1
393,2789,-0.0389105058365758,3.0098837965360386e-07,56,1
2112,2789,-0.2023346303501945,5.402955411344916e-07,58,1
2114,2789,-0.1906614785992217,9.304371274701714e-07,56,1
2789,4909,0.0155642023346303,8.223633128842926e-07,52,1
2789,6471,-0.2557837903055531,3.384803031866174e-07,57,1
393,2792,-0.046875,6.902188882250643e-07,65,1
1007,2792,-0.04296875,7.358130769144863e-07,72,1
2104,2792,-0.05078125,9.834962158294552e-07,63,1
2112,2792,-0.01171875,8.696458932638108e-07,67,1
2789,2792,-0.0234375,4.5772180915559635e-07,73,1
2792,4840,0.0859375,3.2904596052028666e-07,70,1
2792,6468,0.0703125,4.5988811512546677e-07,68,1
2792,6471,0.13671875,4.1406499516667804e-07,66,1
492,2794,-0.1356589147286821,2.973945800839725e-07,43,1
2794,3692,0.1820191375968992,3.782694033471955e-07,42,1
2794,4649,0.1974008207934336,4.921587074921928e-07,46,1
2794,5485,0.0116279069767441,2.794191292569646e-07,43,1
2795,5485,0.0350490196078431,4.0746532621725465e-07,38,1
2232,2797,-0.1034482758620689,1.5624931001262232e-07,16,1
2798,2799,0.012,8.945699980478431e-07,88,1
149,2799,-0.0544747081712062,9.475940100377708e-07,72,1
2799,2801,-0.062928206301976,6.566866909739969e-07,59,1
390,2800,-0.1421800947867298,6.248334154642899e-07,39,1
2800,6222,0.0094786729857819,1.0783988802147304e-06,36,1
2800,6331,0.3364928909952606,5.015818053318767e-07,33,1
2801,4280,0.0598306248569466,9.142990650856803e-07,65,1
2801,4843,0.0431372549019607,1.1770658656704559e-06,57,1
1731,2803,-0.1920529801324503,8.097857395011313e-07,37,1
2286,2805,-0.0114942528735632,0.00014396522042070227,216,0
2805,3722,0.0057471264367816,0.0003015080688907991,236,0
2805,5199,0.0057471264367816,0.0003150305917729689,243,0
485,2806,-0.0472972972972973,3.7781409677975995e-07,14,1
2806,4300,0.0135135135135135,4.759476284108664e-07,14,1
2807,4298,-0.0050125313283208,8.057853319487521e-08,11,1
2807,4300,-0.1494427558257345,1.1874157327363883e-07,13,1
486,2808,-0.0423728813559322,7.988636580021622e-07,54,1
1737,2808,-0.1610169491525423,1.1284829845119998e-06,37,1
158,2809,-0.0087719298245614,1.0487966223444657e-06,72,1
1980,2809,-0.0131578947368421,1.0159495644763602e-06,75,1
2286,2809,-0.0087719298245614,5.1154827451052296e-05,222,0
2569,2809,-0.0087719298245614,5.484627287790944e-05,224,0
2809,2983,0.0131578947368421,6.345754569293526e-07,97,1
2809,2985,0.0614035087719298,1.224661316512923e-06,84,1
2809,3722,0.0043859649122807,5.442878750232857e-05,242,0
2809,4420,0.1281059792337987,5.717110631863423e-07,80,1
2809,5199,0.0043859649122807,6.852030735734581e-05,249,0
2809,6369,0.0043859649122807,4.4198585499782595e-05,222,0
2810,5202,0.4100418410041841,8.364276326455507e-07,50,1
2811,4421,0.0040650406504065,7.811298508223626e-07,43,1
221,2813,-0.0769230769230769,9.437952819172421e-07,46,1
2813,3514,0.0615384615384615,4.4697356940351407e-07,41,1
2813,4426,0.0769230769230769,6.861890860538214e-07,43,1
2569,2814,-0.0077519379844961,0.00010885737242356504,222,0
2814,6369,0.0077519379844961,6.155750585560863e-05,220,0
2038,2815,-0.036144578313253,9.131048384621856e-07,91,1
2815,3722,0.0120481927710843,0.00010470169876586503,217,0
2815,4415,0.0120481927710843,1.1658893924660807e-06,53,1
2815,4452,0.0309726711724948,8.361262749344029e-07,67,1
2815,5197,0.2013927268707858,1.0514418717159734e-06,94,1
2040,2816,-0.0038910505836575,4.6832202377051684e-07,94,1
2815,2816,-0.0077821011673151,9.592119124254414e-07,85,1
2816,4463,0.0038910505836575,8.273223950810611e-07,90,1
2044,2817,-0.0058823529411764,3.4396626363161465e-07,76,1
2045,2818,-0.3552631578947368,8.698949205184365e-08,21,1
901,2819,-0.0163934426229508,2.289782404725818e-07,14,1
2233,2819,-0.5737704918032787,2.289782404725818e-07,14,1
166,2821,-0.0256410256410256,1.1839797604727436e-06,59,1
843,2821,-0.0256410256410256,8.780270584023828e-07,48,1
2021,2821,-0.1282051282051282,1.6760685774444644e-07,38,1
902,2822,-0.0317460317460317,1.0411650644404359e-07,41,1
914,2822,-0.0436507936507936,1.3245102627388147e-07,41,1
1270,2822,-0.3015873015873015,2.4878337471603093e-07,50,1
1271,2822,-0.0634920634920634,1.3010833629068433e-07,32,1
2257,2822,-0.0317460317460317,1.3067945023364847e-07,35,1
2822,4478,0.0476190476190476,1.0930616066972039e-07,34,1
2822,4524,0.0277777777777777,1.3964737955962623e-07,37,1
2822,4525,0.1666666666666666,1.013890610703893e-07,35,1
2822,4914,0.0476190476190476,1.1627067698130532e-07,37,1
2822,4915,0.1468253968253968,1.664830057239172e-07,45,1
2822,5617,0.0357142857142857,1.3379127532344255e-07,39,1
2822,5618,0.0317460317460317,1.1649014271809545e-07,36,1
897,2823,-0.0054054054054054,9.141751011741196e-08,41,1
902,2823,-0.027027027027027,1.751441247866246e-07,38,1
914,2823,-0.0486486486486486,2.1377552406822696e-07,38,1
1270,2823,-0.2594594594594595,4.2485404686932215e-07,47,1
1271,2823,-0.0216216216216216,1.6449220272780227e-07,29,1
2054,2823,-0.0054054054054054,6.595845426946314e-08,38,1
2823,4467,0.0864864864864864,5.068464332428757e-07,24,1
2823,4478,0.0756756756756756,1.5772970743637871e-07,31,1
2823,4524,0.0432432432432432,2.3212580109846214e-07,34,1
2823,4525,0.054054054054054,1.581982567728379e-07,32,1
2823,4914,0.1027027027027027,1.8611042388628158e-07,34,1
2823,4915,0.1513513513513513,2.867095468119151e-07,42,1
2823,5617,0.054054054054054,2.2793611073992194e-07,36,1
2823,5618,0.0108108108108108,1.683777931220749e-07,33,1
481,2824,-0.0420560747663551,9.140149969685306e-07,39,1
491,2824,-0.0186915887850467,4.936534502603287e-07,43,1
2824,2832,-0.4132958528037383,3.197301469331285e-07,41,1
2824,3693,0.0046728971962616,8.506000532475987e-07,43,1
481,2825,-0.0196078431372549,2.4512179025903305e-07,39,1
491,2825,-0.0156862745098039,4.665845414434355e-07,43,1
492,2825,-0.0352941176470588,4.225897248532747e-07,44,1
703,2825,-0.0039215686274509,4.137210438781076e-07,41,1
2794,2825,-0.2431372549019607,1.0821060077979674e-07,39,1
2825,3692,0.1333333333333333,1.0251152288449602e-06,43,1
2825,3693,0.0549019607843137,2.4080056902000404e-07,43,1
2825,5485,0.0235294117647058,5.045591543100124e-07,44,1
176,2826,-0.09375,1.1289826474601237e-06,53,1
703,2826,-0.01171875,1.3155776768699766e-07,42,1
1685,2826,-0.01171875,1.015693158050484e-06,40,1
2794,2826,-0.21875,2.446738007858166e-07,40,1
2825,2826,-0.109375,4.162952836717252e-07,41,1
2826,3692,0.046875,3.9370416935196095e-07,44,1
2826,4649,0.265625,3.287412150382444e-07,48,1
2827,4531,0.8695652173913043,9.352657682432641e-07,39,1
2829,6008,0.0666666666666666,6.711609109750873e-07,97,1
2830,4647,0.046875,4.667672368398161e-07,50,1
115,2831,-0.08984375,5.354711294958547e-07,49,1
493,2831,-0.0703125,1.1406808737579447e-06,53,1
704,2831,-0.015625,6.944932431374807e-07,48,1
1748,2831,-0.10546875,8.744082315799057e-07,57,1
2831,3694,0.00390625,1.0455773684108703e-06,46,1
2831,4542,0.16015625,6.397470846851646e-07,46,1
491,2832,-0.046875,9.321149784089766e-07,44,1
704,2832,-0.05078125,6.112076119113656e-07,46,1
1077,2832,-0.1171875,2.1213584760626334e-07,37,1
1685,2832,-0.0078125,8.030643526162576e-07,40,1
2147,2832,-0.0703125,9.355607877164516e-08,42,1
2832,3699,0.0662506225099601,3.2584681211914397e-07,42,1
115,2833,-0.2222222222222222,1.2150375291099903e-06,59,1
493,2833,-0.0674603174603174,2.720013908706718e-07,63,1
1748,2833,-0.25,4.4284572013344873e-07,67,1
2830,2833,-0.0436507936507936,3.7129319373609675e-07,61,1
2833,2951,0.0198412698412698,2.6608773909940903e-07,63,1
2833,3085,0.0079365079365079,2.4328519410197227e-07,83,1
2833,3694,0.2341269841269841,3.504126501086515e-07,56,1
2833,4639,0.0039682539682539,4.4638202884053255e-07,74,1
2833,4647,0.0079365079365079,4.264803348931856e-07,55,1
2834,2836,0.0347826086956521,9.834535986844166e-07,89,1
1501,2841,-0.003875968992248,2.040000920527428e-05,249,0
1620,2841,-0.1434108527131783,1.865552514889952e-05,251,0
2841,4113,0.003875968992248,3.7327746822528424e-05,216,0
2841,5761,0.0077519379844961,2.5619849653881834e-05,225,0
2841,6210,0.0348837209302325,6.319797622082447e-05,259,0
1620,2842,-0.0393700787401574,1.986116369336602e-05,292,0
2690,2842,-0.0196850393700787,2.7567889967342425e-05,239,0
2842,3386,0.0157480314960629,1.9940004322790046e-05,259,0
2842,3388,0.0039370078740157,5.5424371276126186e-05,223,0
2842,5761,0.0039370078740157,2.513042997991737e-05,266,0
2842,6210,0.0157480314960629,7.858584950507568e-05,300,0
2842,6444,0.0039370078740157,3.0915018968339796e-05,248,0
2843,5756,0.0039215686274509,2.578289379657409e-05,217,0
2843,5757,0.0078431372549019,0.00010080630071833744,238,0
749,2844,-0.0038910505836575,3.2007826188160454e-05,222,0
1327,2844,-0.0038910505836575,3.217075866362104e-05,226,0
2749,2844,-0.0038910505836575,0.00015784857268326367,231,0
2844,6513,0.0038910505836575,8.07120856215144e-05,227,0
1501,2845,-0.0038910505836575,4.391710677944304e-05,333,0
2692,2845,-0.0038910505836575,3.473706152827764e-05,338,0
2845,3859,0.0038910505836575,6.473609301028009e-05,327,0
1620,2846,-0.0078431372549019,5.6275918421933915e-05,275,0
2690,2846,-0.0039215686274509,2.6799462513513707e-05,222,0
2692,2846,-0.0039215686274509,2.5609131393932215e-05,278,0
2846,3386,0.0078431372549019,2.0055356782910396e-05,242,0
2846,5764,0.0039215686274509,2.7310525796838074e-05,229,0
2846,6444,0.0039215686274509,3.256990228822306e-05,231,0
497,2848,-0.0555555555555555,7.959122173028899e-07,75,1
2848,3089,0.0277777777777777,8.207073925045815e-07,60,1
2848,5057,0.0555555555555555,5.825874941698435e-07,58,1
2614,2850,-0.009009009009009,4.88948900155459e-07,94,1
2850,2854,0.1248204726465596,3.830203034138695e-07,65,1
177,2852,-0.0057142857142857,5.544958888077264e-07,77,1
497,2852,-0.04,3.981431248227467e-07,88,1
1253,2852,-0.0171428571428571,1.2188711419131656e-06,40,1
2850,2852,-0.0342857142857142,3.6632464777918496e-07,72,1
2852,2854,0.4514285714285714,2.002955474470095e-07,51,1
2852,3089,0.0057142857142857,9.803225265757308e-07,73,1
2852,4658,0.0171428571428571,6.462133926639589e-07,98,1
2852,4659,0.0057142857142857,7.676991394412537e-07,78,1
2852,5493,0.0057142857142857,8.944100321773386e-07,89,1
2852,5564,0.0057142857142857,9.530292621419733e-07,94,1
1253,2854,-0.0048309178743961,1.0429327883202747e-06,33,1
2854,4658,-0.0654815821256038,7.106979371727007e-07,91,1
2854,4659,0.0096618357487922,9.619773451112584e-07,71,1
2854,5564,0.0048309178743961,1.1064201249138463e-06,87,1
2854,5614,0.0198067632850241,3.587550710452923e-07,64,1
2858,2984,0.0522235822113423,7.100854731832946e-07,40,1
2858,3899,-0.2952925731432858,1.119227628857606e-06,48,1
2859,3898,0.0045871559633027,6.671081148633933e-07,43,1
2859,4703,0.036697247706422,9.598975051334603e-07,67,1
179,2860,-0.03515625,6.25357456270336e-07,59,1
2860,2984,0.00390625,5.738525461744404e-07,50,1
2860,3899,0.0078125,3.3443728184093913e-07,58,1
967,2863,-0.1383399209486166,9.193665778602648e-07,28,1
502,2869,-0.0857142857142857,4.579564809451636e-08,10,1
502,2870,-0.0657894736842105,3.283087970632393e-07,14,1
2869,2870,-0.0657894736842105,3.283087970632393e-07,14,1
2870,6049,0.6052631578947368,6.909755138966733e-08,16,1
2870,6328,0.1578947368421052,1.6508240765499463e-07,14,1
2065,2871,-0.0044444444444444,3.183108643342938e-05,216,0
2069,2871,-0.0044444444444444,1.973557766458288e-05,236,0
2871,4567,0.0044444444444444,3.619898543579555e-05,227,0
2871,5880,0.0133333333333333,3.974158015313292e-05,226,0
926,2873,-0.0194552529182879,2.0549512158720774e-05,265,0
972,2873,-0.0233463035019455,2.315467536897277e-05,249,0
1702,2873,-0.0077821011673151,1.9168210732224666e-05,224,0
2873,4567,0.0038910505836575,2.0314064110641416e-05,242,0
2873,4583,0.0038910505836575,2.7245421929915754e-05,218,0
2873,4606,0.0038910505836575,2.5678154399520164e-05,254,0
2873,5880,0.0116731517509727,0.0001364859528488632,241,0
2874,3296,0.0038910505836575,2.9099599112192064e-05,228,0
2874,5736,0.0311284046692607,4.003512438681849e-05,223,0
2874,5780,0.0700389105058365,1.9184834140555647e-05,218,0
2874,5823,0.0038910505836575,1.9462120348744257e-05,248,0
2874,5880,0.0077821011673151,2.0230709167645256e-05,237,0
79,2875,-0.0078431372549019,6.10336077455311e-05,249,0
2065,2875,-0.0196078431372549,4.668078816130456e-05,265,0
2069,2875,-0.0156862745098039,2.8370054113352096e-05,285,0
2841,2875,-0.0078431372549019,4.683665477425732e-05,221,0
2875,3297,0.0078431372549019,3.887533421360918e-05,243,0
2875,4577,0.0470588235294117,3.6934757702950684e-05,300,0
2875,5780,0.0196078431372549,7.329886144831394e-05,256,0
2875,5880,0.0156862745098039,5.3895668527510156e-05,275,0
1369,2876,-0.0077821011673151,6.412335423307128e-05,266,0
2065,2876,-0.0038910505836575,6.0606292876011124e-05,278,0
2069,2876,-0.0038910505836575,3.7437290515170616e-05,298,0
2841,2876,-0.0077821011673151,6.10478572830697e-05,234,0
2844,2876,-0.0077821011673151,6.401288267660106e-05,218,0
2876,3297,0.0038910505836575,5.168660362572927e-05,256,0
2876,4577,0.0077821011673151,4.994049670160248e-05,313,0
2876,5780,0.0077821011673151,0.00010223618639649248,269,0
2876,5880,0.0116731517509727,6.802579999981699e-05,288,0
2065,2877,-0.00390625,4.060885335195416e-05,223,0
2069,2877,-0.0078125,2.498018320241728e-05,243,0
2877,4567,0.00390625,9.686967727519222e-05,234,0
2877,4577,0.00390625,3.144523827535786e-05,258,0
2877,5880,0.015625,4.954141118388225e-05,233,0
1345,2878,-0.0039370078740157,1.9313818288882742e-05,293,0
2065,2878,-0.0078740157480314,0.00011477296495306212,287,0
2069,2878,-0.0078740157480314,6.915979807853659e-05,307,0
2878,4577,0.0039370078740157,9.196245019222151e-05,322,0
184,2882,-1.0,9.127817968327838e-07,10,1
135,2884,-0.0038910505836575,6.61186527190683e-05,230,0
2884,4026,0.0038910505836575,2.0009955641856766e-05,226,0
2884,4029,0.0933852140077821,4.772060653266876e-07,95,1
2884,4045,-0.0040430447470817,5.221481769681597e-07,98,1
135,2885,-0.0194552529182879,2.084898340628229e-05,228,0
1367,2885,-0.0038910505836575,8.046477041609131e-07,98,1
2885,4029,0.0505836575875486,6.080951135963615e-07,93,1
2885,4045,0.0077821011673151,6.976325635713005e-07,96,1
1367,2886,-0.0158102766798418,2.4648205273813236e-07,77,1
1994,2886,-0.0553359683794466,3.001351989552116e-07,73,1
2884,2886,-0.0039525691699604,9.679625745477818e-07,93,1
2886,3172,0.0079051383399209,7.225520926733675e-07,83,1
2886,3177,0.0357901263272107,9.5254154890649e-07,70,1
2886,4029,0.067193675889328,4.428365319687079e-07,72,1
2886,4043,0.0475234683794466,7.566871313781064e-07,85,1
2886,4044,0.0198554841897233,6.676144967313634e-07,83,1
2886,4045,0.138478878458498,2.527555096739749e-07,75,1
2886,5838,0.0835576198458959,3.856048849409617e-07,82,1
2886,5851,0.0119807446824871,3.034743961765275e-07,87,1
2312,2887,-0.00390625,3.18425307866767e-05,229,0
2887,3980,0.01171875,1.9095334794228418e-05,255,0
2887,4024,0.015625,5.3228370614292984e-05,220,0
2887,5708,0.00390625,2.135502936868381e-05,263,0
135,2888,-0.01171875,4.5512708190157213e-05,244,0
2888,4026,0.0078125,0.0002449062616306631,240,0
2888,5864,0.00390625,0.00039237221094397826,219,0
2888,6334,0.00390625,8.809264710101503e-05,224,0
135,2889,-0.0196078431372549,7.080824435023355e-05,244,0
2889,4034,0.0078431372549019,0.00014048973016009286,226,0
2889,5864,0.0039215686274509,0.000491310250340588,219,0
2889,6335,0.0078431372549019,8.527879006125124e-05,233,0
2889,6595,0.0078431372549019,8.320621186465797e-05,229,0
2891,4802,0.0827080438474602,1.225773878708394e-06,57,1
2891,6317,0.7795735163454763,3.9554174651574273e-07,49,1
135,2892,-0.0116731517509727,2.2626005203860376e-05,264,0
991,2892,-0.0077821011673151,1.9859630113450347e-05,238,0
1540,2892,-0.1284046692607003,2.2403705102903848e-05,246,0
1995,2892,-0.0077821011673151,2.6964140758149888e-05,231,0
2892,5834,0.0038910505836575,2.0958898698040734e-05,243,0
2892,5839,0.0116731517509727,2.356017702490928e-05,234,0
135,2893,-0.0077821011673151,6.0584396633175266e-05,217,0
506,2893,-0.2101167315175097,6.611389212362283e-07,92,1
578,2893,-0.0155642023346303,3.1688212413159117e-07,96,1
1758,2893,-0.0116731517509727,2.4887356849945716e-07,96,1
1994,2893,-0.1284046692607003,4.803870220081363e-07,83,1
2886,2893,-0.0038910505836575,9.283668582912246e-07,80,1
2893,3172,0.0194552529182879,3.903488061282744e-07,93,1
2893,4045,0.0272373540856031,1.1282844287779056e-06,85,1
135,2897,-0.0194552529182879,2.3603627276221587e-05,249,0
1540,2897,-0.0038910505836575,6.585911501472949e-05,231,0
1995,2897,-0.0116731517509727,6.701905185206094e-05,216,0
2897,3974,0.0038910505836575,9.748423334605207e-05,232,0
2897,5834,0.0038910505836575,0.00010479244011730071,228,0
2897,5839,0.0389105058365758,2.3880634690017124e-05,219,0
2897,5864,0.0116731517509727,0.0001663101150484004,224,0
62,2898,-0.0077821011673151,4.5039389454971894e-05,233,0
391,2898,-0.0116731517509727,0.000124573626764539,246,0
777,2898,-0.0155642023346303,5.3296671002506873e-05,267,0
790,2898,-0.0077821011673151,6.560111872149228e-05,224,0
1352,2898,-0.0194552529182879,3.409127419826587e-05,268,0
1353,2898,-0.0077821011673151,2.2696813219857564e-05,215,0
1355,2898,-0.0194552529182879,2.644753341387081e-05,251,0
1540,2898,-0.0077821011673151,6.409583064049846e-05,296,0
1609,2898,-0.0038910505836575,3.546630367800942e-05,255,0
1681,2898,-0.0038910505836575,2.0940705913944723e-05,229,0
1896,2898,-0.0077821011673151,6.19779627586539e-05,257,0
2426,2898,-0.0038910505836575,4.368215374681224e-05,238,0
2791,2898,-0.0077821011673151,0.0002869366147817158,248,0
2898,3375,0.0077821011673151,0.00010284193282737543,245,0
2898,3974,0.0350194552529182,9.099992794150864e-05,297,0
2898,3982,0.0077821011673151,6.542703176554843e-05,232,0
2898,4026,0.0194552529182879,9.390333990517783e-05,310,0
2898,4027,0.0038910505836575,7.420214570698559e-05,274,0
2898,4033,0.0155642023346303,4.638888209087385e-05,246,0
2898,4034,0.0038910505836575,4.0332981794247585e-05,296,0
2898,4035,0.0077821011673151,1.8483071287172463e-05,236,0
2898,4836,0.0116731517509727,0.00029135205253422294,262,0
2898,5723,0.0077821011673151,6.486229487473935e-05,256,0
2898,5832,0.0350194552529182,7.261318790055336e-05,271,0
2898,5834,0.0077821011673151,9.04855383054819e-05,293,0
2898,5839,0.0194552529182879,2.1306776834783402e-05,284,0
2898,5860,0.0038910505836575,0.00010201431130789418,244,0
2898,5864,0.0311284046692607,0.0001800455620778159,289,0
2898,6341,0.0038910505836575,2.522060476783445e-05,234,0
2898,6464,0.0038910505836575,0.0002929966619122714,251,0
2898,6465,0.0038910505836575,0.00014846725637820575,239,0
2898,6593,0.0077821011673151,4.139636299222733e-05,221,0
2898,6594,0.0272373540856031,0.00011211684187189968,233,0
563,2900,-0.0552995391705069,4.5656859609846854e-07,64,1
1056,2900,-0.1336405529953917,9.728293369745713e-07,77,1
1817,2900,-0.0184331797235023,1.1232089813184083e-06,64,1
2900,3103,0.1198156682027649,6.639412872796771e-07,85,1
2900,4994,0.0046082949308755,1.1251208755041655e-06,64,1
609,2901,-0.09765625,1.0402968712267238e-06,59,1
2258,2901,-0.03515625,1.2244472965121599e-06,60,1
2900,2901,-0.00390625,1.0012842986823486e-06,57,1
1517,2902,-0.0117647058823529,3.3558947336645297e-07,66,1
1817,2902,-0.0313725490196078,9.396779770688009e-07,62,1
2258,2902,-0.0039215686274509,1.2473575301903e-07,63,1
2260,2902,-0.0039215686274509,1.6189626852650456e-07,49,1
2902,3307,0.0196078431372549,1.364225345042803e-07,62,1
2902,3687,0.0549019607843137,1.4600401756303174e-07,64,1
2902,4145,0.0039215686274509,7.697151192243739e-07,46,1
1761,2903,-0.0310077519379844,1.2040991292831192e-06,97,1
2904,3318,0.16015625,1.1631528362835654e-06,68,1
2904,4293,0.28515625,3.9469898787124505e-07,60,1
2904,4885,0.046875,5.673696521290617e-07,71,1
2905,4231,0.1328125,3.688778584890046e-07,96,1
2907,4155,0.2140077821011673,3.1561112559464657e-07,68,1
2907,4170,-0.1291038424124513,4.372297499818788e-07,57,1
2907,6285,-0.0077821011673151,6.289185660208674e-07,54,1
512,2909,-0.0039215686274509,2.460623134357013e-07,90,1
2010,2909,-0.1372549019607843,1.8529085828059028e-07,94,1
820,2910,-0.11328125,2.2010774305846089e-07,65,1
2910,6294,0.09375,2.5887255397339516e-07,68,1
2916,2917,0.02734375,1.5469232935184787e-07,87,1
2916,2919,-0.0079355314960629,2.7036435235833285e-07,92,1
1760,2917,-0.0894941634241245,2.781779195343973e-07,89,1
2908,2917,-0.0038910505836575,3.2688218004978647e-07,98,1
2917,2919,0.0077821011673151,2.2636931505256643e-07,87,1
2917,3678,0.0116731517509727,4.1647830544264235e-07,95,1
2917,4864,0.0155642023346303,8.480589051331824e-07,91,1
2917,5279,0.0583657587548638,5.427789597466055e-07,82,1
514,2919,-0.0118110236220472,2.419136463506744e-07,95,1
1158,2919,-0.0236220472440944,6.800357256946326e-07,83,1
1760,2919,-0.0433070866141732,1.693682420884099e-07,94,1
2909,2919,-0.0118110236220472,1.1332152001769544e-06,89,1
2919,5279,0.0275590551181102,4.991265998105743e-07,87,1
2920,3211,-0.0193346001870117,1.0412952587718807e-07,97,1
2921,2925,0.0135135135135135,5.274150009250767e-07,95,1
1060,2925,-0.032520325203252,3.9996701354901835e-07,95,1
2925,3749,0.2926829268292683,1.7129177401209457e-07,98,1
2925,3760,0.008130081300813,1.0403940679710299e-06,91,1
2018,2927,-0.046875,4.5326209417357536e-07,19,1
1051,2931,-0.0604651162790697,1.170514842804318e-06,78,1
2931,2934,0.0186046511627906,6.280475423855195e-07,58,1
2931,3100,0.0697674418604651,7.971537235997936e-07,70,1
2931,3102,0.0232558139534883,1.1165194477339246e-06,62,1
2931,4975,0.0325581395348837,9.890272441030163e-07,56,1
2931,4988,0.0093023255813953,3.1245202653075096e-07,53,1
2931,6301,0.0604651162790697,6.716400186973917e-07,67,1
2932,4149,0.02,1.7936967587406286e-07,88,1
1051,2933,-0.0193798449612403,3.499875813459443e-07,79,1
2932,2933,-0.0077519379844961,3.663168907026326e-07,79,1
2933,2934,0.0968992248062015,2.2193148597502298e-07,59,1
2933,3100,0.0542635658914728,1.4549434991599743e-07,71,1
2933,3102,0.0155038759689922,1.1197198876047351e-07,63,1
2933,4149,0.003875968992248,4.2872729970667546e-07,63,1
2933,4150,0.0232558139534883,1.0856403985641795e-06,89,1
2933,4152,0.4496124031007752,8.362659332217108e-07,94,1
2933,4975,-0.0046346693056242,6.72708926572266e-07,57,1
2933,4987,-0.0227211975407645,4.583953512825118e-07,45,1
2933,6301,0.0077519379844961,3.957096465919679e-07,68,1
2934,4149,0.0202020202020202,2.944071546813787e-07,68,1
1740,2935,-0.0426356589147286,4.5912213606763083e-07,58,1
2935,2938,-0.0229576624925462,1.8013203290461025e-07,47,1
2935,3739,0.0072394131590748,2.9079480693063096e-07,42,1
2935,3741,-0.0402416780665754,2.1153138976573732e-07,48,1
2935,3742,0.0116279069767441,2.643291529645134e-07,61,1
10,2938,-0.1282051282051282,2.541195293105714e-07,52,1
2938,3742,0.0128205128205128,4.88668417751358e-07,56,1
2939,4219,-0.0350042558365758,6.336629189013445e-07,44,1
833,2941,-0.0387596899224806,2.712070712662708e-07,76,1
2941,6108,0.0155038759689922,1.012639449212615e-06,75,1
205,2942,-0.1259842519685039,4.4451355281345664e-07,31,1
663,2947,-0.6190476190476191,4.579564809451636e-08,4,1
2029,2947,-0.3809523809523809,4.579564809451636e-08,4,1
2948,2961,0.07421875,1.08659018148267e-06,65,1
2948,3698,0.07421875,1.0259843151161292e-06,71,1
2948,4537,-0.0116579523346303,1.8964772268904987e-07,74,1
1743,2949,-0.0194552529182879,6.826304107142941e-07,94,1
2949,4537,0.0116731517509727,1.1731240194615265e-06,90,1
498,2950,-0.0039215686274509,3.7773458144022984e-07,96,1
2141,2950,-0.0274509803921568,7.955685684532204e-07,93,1
2950,4533,0.0313725490196078,2.438419164819192e-07,94,1
2950,4640,0.0078431372549019,3.8896858416221684e-07,78,1
919,2951,-0.21484375,4.5371769541925777e-07,59,1
1748,2951,-0.015625,5.619594234203702e-07,64,1
2831,2951,-0.1171875,9.682976951085006e-07,53,1
2948,2951,-0.015625,6.817993107480646e-07,72,1
2951,2961,0.02734375,9.622855528470088e-07,53,1
2951,3697,0.328125,5.533918385309276e-07,57,1
2951,3698,0.03515625,1.2169029024173603e-06,59,1
2951,4537,0.07421875,6.736265430715003e-07,62,1
2951,4539,0.0390625,4.4513265891948256e-07,65,1
175,2952,-0.1705426356589147,2.88488598511757e-07,51,1
946,2952,-0.0697674418604651,2.5937086681004227e-07,53,1
1749,2952,-0.0930232558139534,3.307983084535741e-07,42,1
2952,4203,0.0852713178294573,1.853289743577241e-07,42,1
522,2953,-0.2474747474747475,1.5214331978067102e-07,15,1
1649,2953,-0.1212121212121212,1.4247534962738418e-07,11,1
2519,2953,-0.3737373737373737,1.2975433626779636e-07,18,1
2619,2953,-0.0303030303030303,1.6097533762747063e-07,17,1
2953,2954,0.0101010101010101,1.3153527813813865e-07,17,1
2953,4330,0.0404040404040404,1.670814240400728e-07,16,1
2619,2954,-0.0454545454545454,6.760309956809558e-08,18,1
2954,3689,-0.5108225108225108,9.311781779218326e-08,14,1
1420,2958,-0.017391304347826,2.442752698377342e-07,72,1
2958,4483,0.0705089315807212,6.611542648263832e-07,97,1
2958,4637,0.008695652173913,1.1985889642882163e-06,97,1
2958,6008,-0.0727272727272727,2.038006608783149e-07,85,1
524,2959,-0.6666666666666666,1.8398318809716639e-07,38,1
524,2961,-0.171875,2.647497256368858e-07,42,1
2961,3697,0.0390625,1.8279174739500648e-07,50,1
2961,3698,-0.0390625,1.4668496686897195e-07,52,1
2962,5074,0.0078125,9.957971532295394e-07,88,1
2962,5558,0.00390625,1.5321030709662977e-07,95,1
535,2963,-0.0078125,7.35622470363111e-07,67,1
1249,2963,-0.078125,3.842282430629814e-07,64,1
1953,2963,-0.0390625,6.3422520422322e-07,58,1
2962,2963,-0.140625,8.348218213475264e-07,75,1
2963,2998,0.015625,6.828828341577859e-07,70,1
2963,3708,0.125,1.1751382260888675e-06,72,1
2963,3710,0.0234375,3.647353141395058e-07,59,1
2963,5043,0.015625,1.0366075405311432e-06,58,1
2963,5074,0.0078125,1.1659738401863154e-06,67,1
2963,5075,0.1640625,7.947060642642683e-07,75,1
2963,5558,0.1171875,9.146183092765217e-07,74,1
2963,5559,0.1171875,4.552680626735069e-07,65,1
535,2964,-0.0117647058823529,4.347951303640278e-07,79,1
708,2964,-0.0039215686274509,8.215674802215243e-07,76,1
1891,2964,-0.0156862745098039,4.636830918032367e-07,75,1
2149,2964,-0.0039215686274509,6.904471556760011e-07,95,1
2962,2964,-0.0352941176470588,3.7092895186149615e-07,87,1
2964,2998,0.0039215686274509,4.5033063816303136e-07,82,1
2964,3001,0.0117647058823529,1.203697272804608e-06,93,1
2964,3710,0.0235294117647058,5.574287789183238e-07,71,1
2964,3712,0.0078431372549019,1.0114989265915033e-06,77,1
2964,4490,0.0039215686274509,1.0298310555698753e-06,73,1
2964,5074,0.0196078431372549,9.824940397009951e-07,79,1
2964,5265,0.0078431372549019,6.583426924444738e-07,73,1
2964,5558,0.0274509803921568,3.7194710719432093e-07,86,1
2965,5072,0.02734375,3.389036711535917e-07,55,1
2965,5553,-0.0079350490196078,2.968143727992686e-07,44,1
2967,5003,0.0470588235294117,8.069914959237415e-07,58,1
2967,5034,-0.1137254901960784,2.2565951326177784e-07,46,1
2967,5092,-0.0232230392156862,4.4383008340427073e-07,51,1
2967,5233,-0.2784313725490196,1.1528833722449484e-06,52,1
2967,5234,0.0196383611810482,5.004866399272129e-07,51,1
734,2970,-0.0274725274725274,3.814928783753225e-07,39,1
857,2970,-0.0824175824175824,1.8233737960954095e-07,28,1
2970,4321,0.0054945054945054,1.0526185892587227e-07,30,1
2970,4324,0.0219780219780219,2.2710484886174279e-07,34,1
1100,2972,-0.3720930232558139,2.271212485718082e-07,29,1
2158,2972,-0.0697674418604651,1.3738562860020226e-07,24,1
2972,5140,0.2558139534883721,1.2097377555596235e-06,30,1
2972,5155,0.0093023255813953,3.175488143754103e-07,23,1
2972,5700,0.0372093023255813,1.110576707773797e-06,24,1
1100,2973,-0.1071428571428571,4.3515401340122445e-07,27,1
2972,2973,-0.05,8.682771144943325e-07,28,1
2973,5140,0.1,8.774557743251532e-07,28,1
2973,5143,0.0258928571428571,8.342983186603295e-07,25,1
2973,5460,0.0142857142857142,2.3163803041055542e-07,20,1
529,2974,-0.0196850393700787,1.7912907584942806e-07,53,1
1780,2974,-0.1141732283464567,7.683512126565039e-07,68,1
2974,5146,0.0433070866141732,1.1712070591434431e-06,71,1
2977,5121,-0.1364799327910795,1.0700357950747232e-06,90,1
2978,3722,0.0160427807486631,0.00010964822343667242,245,0
2978,5199,0.0053475935828877,0.0001398190562771854,252,0
251,2979,-0.0042553191489361,0.00020432760132145787,219,0
1824,2979,-0.0127659574468085,0.00023011912063450134,244,0
2979,3722,0.0127659574468085,0.00037259374593114845,308,0
2979,5689,0.0042553191489361,0.00011918813756577321,257,0
2979,6368,0.0085106382978723,0.00019590954778712677,229,0
2980,3032,0.0009487136558959,1.2273331833037834e-06,74,1
2980,4422,0.011049723756906,6.34013289697968e-07,73,1
2980,4764,-0.0548539857932123,3.9106061790114197e-07,65,1
158,2981,-0.0185185185185185,7.038677624496222e-07,47,1
2981,4420,0.0850340136054421,5.617667430241687e-07,55,1
569,2982,-0.03125,6.785156745808504e-05,231,0
1304,2982,-0.00390625,2.1471705121902237e-05,229,0
2572,2982,-0.00390625,2.4364323417254636e-05,238,0
2982,3131,0.0078125,3.5311474374930126e-05,218,0
2982,3808,0.01171875,9.09483097540713e-05,225,0
2982,5435,0.01171875,3.6224603987477664e-05,221,0
2982,5436,0.0078125,2.7016600000210445e-05,216,0
2982,5686,0.01171875,2.173094200626091e-05,223,0
2982,5689,0.015625,1.886478628836756e-05,234,0
158,2983,-0.0072992700729927,9.521745570198992e-07,75,1
1980,2983,-0.0072992700729927,3.884184227990396e-07,78,1
2983,2985,0.0364963503649635,3.7827626314001547e-07,87,1
2983,4420,0.0178161775659168,7.138901456480918e-07,83,1
2984,3899,-0.0939445387662705,3.745382466743769e-07,50,1
2985,4420,-0.0667165295437546,5.701673313187479e-07,70,1
2985,5201,0.0123560209424083,4.5394761660336766e-07,92,1
625,2987,-0.1015625,2.257745070075218e-07,97,1
2175,2987,-0.09375,2.364819389529713e-07,93,1
2987,3382,0.11328125,4.71774906115548e-07,95,1
2987,3463,0.01171875,6.746725477774983e-07,93,1
2987,6495,0.05859375,3.293927177461361e-07,91,1
2987,6605,0.078125,2.9642089298057215e-07,96,1
904,2995,-0.1515151515151515,7.783121332501315e-07,75,1
2995,4486,0.1428571428571428,7.17597059305396e-07,83,1
2995,4500,0.1168831168831168,1.1105459165871043e-06,85,1
2998,5265,0.03515625,7.463302248534325e-07,77,1
212,3000,-0.2064777327935222,9.70762957114051e-07,87,1
766,3000,-0.0850202429149797,5.746865013559221e-07,89,1
1776,3000,-0.3967611336032389,6.914085981344635e-07,94,1
3000,3929,0.0040485829959514,2.778023556576009e-07,87,1
3000,5266,0.0040485829959514,1.1766267987433058e-06,75,1
2150,3001,-0.0116731517509727,2.0259866570128775e-07,98,1
3001,4493,-0.0194552529182879,2.585330007532599e-07,87,1
833,3002,-0.01953125,1.0617781319201883e-06,72,1
833,3004,-0.0078431372549019,1.1243147700599178e-06,68,1
3005,5257,0.0077971827587247,2.688189725024742e-07,58,1
236,3006,-0.0156862745098039,8.675778302957866e-08,83,1
1165,3006,-0.0509803921568627,1.0805759420368483e-07,72,1
2195,3006,-0.0156862745098039,1.6037610946653387e-07,97,1
3006,3008,0.0157322303921568,8.399803689382853e-08,85,1
3006,3773,0.0627450980392156,1.1981642779225295e-07,69,1
3006,5292,0.0549019607843137,1.6213021791150047e-07,69,1
3006,5293,0.0039215686274509,1.5944153716739356e-07,83,1
1165,3008,-0.05078125,8.71513492998857e-08,71,1
1962,3008,-0.09765625,2.0705364344528082e-07,70,1
2195,3008,-0.01953125,1.66892141144182e-07,96,1
3008,3772,0.00390625,4.040343165413506e-07,65,1
3008,3773,0.10546875,1.2013124143597316e-07,68,1
3008,5292,0.140625,1.454798230180031e-07,68,1
3008,5293,-0.01171875,1.5228324494290196e-07,82,1
3008,5319,-0.00390625,8.497257062189952e-07,98,1
1290,3009,-0.01953125,0.00027948364019845574,221,0
3009,4385,0.00390625,4.4851821484240743e-07,95,1
865,3010,-0.0041493775933609,4.928674578098211e-07,91,1
867,3010,-0.0082987551867219,2.1731413404451928e-07,76,1
1227,3010,-0.0041493775933609,2.413650632124998e-07,58,1
1990,3010,-0.0124481327800829,6.731563770429374e-07,92,1
2316,3010,-0.0207468879668049,6.54128446613142e-07,80,1
3010,3179,0.0082987551867219,2.9513058077499116e-07,64,1
3010,3181,0.0207468879668049,5.770039025407002e-07,77,1
3010,3994,0.0041493775933609,4.241330507046501e-07,51,1
3010,3996,0.0082987551867219,6.674861382961757e-07,96,1
3010,4008,0.0082987551867219,2.3111567775595582e-07,66,1
3010,5469,0.0414937759336099,2.3389728584403677e-07,80,1
781,3011,-0.0039525691699604,6.194377124389208e-07,93,1
867,3011,-0.0079051383399209,2.6303854814724734e-07,94,1
1225,3011,-0.0039525691699604,2.9813481865613596e-07,97,1
1371,3011,-0.0039525691699604,0.000802657002952788,232,0
1989,3011,-0.0039525691699604,4.136492912646044e-07,92,1
2277,3011,-0.0039525691699604,4.189494279615607e-07,93,1
2316,3011,-0.0118577075098814,5.615490127639464e-07,98,1
3011,3179,0.0039525691699604,3.375014535435392e-07,82,1
3011,3181,0.0197628458498023,5.666432708502794e-07,95,1
3011,4008,0.0079051383399209,4.084002802979543e-07,84,1
3011,4345,0.0039525691699604,8.885607677397198e-07,93,1
3011,5469,0.0197628458498023,2.62503424506796e-07,98,1
3011,5471,0.0474308300395256,2.995485458430856e-07,96,1
3011,5482,0.0039525691699604,8.360823513691352e-07,67,1
780,3012,-0.0329670329670329,6.76195731035688e-07,39,1
867,3012,-0.0219780219780219,1.0313737774295908e-06,63,1
1291,3012,-0.0219780219780219,8.540103015020061e-07,67,1
3012,3179,0.0439560439560439,7.1748601059203e-07,51,1
3012,3994,0.0439560439560439,7.138682886694159e-07,38,1
3012,3995,0.0219780219780219,6.70526053424739e-07,43,1
3012,3996,0.0109890109890109,9.199895135703136e-07,83,1
3012,4008,0.0109890109890109,1.028319674024124e-06,53,1
3012,4344,0.0109890109890109,7.069786382399081e-07,48,1
3012,5471,0.0659340659340659,7.923554767011386e-07,65,1
3012,5479,0.0109890109890109,1.096062525300373e-06,87,1
3012,5482,0.0659340659340659,7.244884229785926e-07,36,1
3012,5484,0.0329670329670329,9.284576328744426e-07,70,1
3013,4331,-0.0066067104808024,1.4505224342308332e-07,40,1
3013,4332,0.0728121757177447,9.753522545283188e-08,33,1
3013,5312,-0.2076271186440678,2.688099864684572e-07,40,1
3015,4438,-0.1023758455700379,3.460744781502e-07,36,1
3015,4441,0.0689655172413793,1.132848818238165e-06,44,1
242,3017,-0.0198019801980198,1.0789509347659036e-06,12,1
3017,3359,0.099009900990099,5.027897627195016e-07,18,1
3019,3020,-0.055519379406019,6.932159932255887e-07,63,1
3019,3021,0.015339753988952,1.171514995441277e-06,84,1
3019,3022,-0.0027432216905901,1.1938625778018787e-06,84,1
3019,3229,-0.098927183014354,5.440966364983384e-07,86,1
3019,5369,-0.010779513339415,8.482152781282583e-07,86,1
3019,5371,-0.0565784819317483,1.1987097136288544e-06,80,1
591,3020,-0.0059171597633136,4.366177862319863e-07,62,1
330,3021,-0.0815450643776824,2.6731215326550947e-07,88,1
3021,3230,0.0359264417474348,3.173647980871452e-07,86,1
3021,5341,0.0042918454935622,5.241206107895805e-07,72,1
3022,3227,0.0133333333333333,6.893712745940842e-07,91,1
3022,3229,-0.0045833333333333,9.78072558113531e-07,94,1
3022,4517,0.0053333333333333,5.222721681402535e-07,90,1
541,3024,-0.0705882352941176,5.938746588690655e-07,74,1
1258,3024,-0.0039215686274509,9.012458859278299e-07,72,1
2350,3024,-0.0470588235294117,6.853390383831733e-07,74,1
3024,3025,0.0980392156862745,5.716414392112693e-07,75,1
3024,3096,0.2039215686274509,2.161983307151953e-07,72,1
3024,3099,0.1333333333333333,8.82933876191337e-07,72,1
3024,3203,0.0235294117647058,7.38604809783301e-07,73,1
3024,5325,0.0627450980392156,9.224467097019474e-07,85,1
2587,3026,-0.0078125,6.107876977482629e-07,95,1
3026,5329,-0.171875,6.989549342781815e-07,97,1
3026,5984,-0.1015625,9.460375860458661e-07,93,1
3026,5991,0.015625,1.0926122310876877e-06,92,1
3026,6053,0.015625,1.075971998645725e-06,87,1
3027,5393,0.0310077519379844,1.2216250048697929e-06,72,1
3028,3786,0.0076335877862595,7.664393866003713e-07,84,1
3028,3830,0.0076335877862595,3.946109943187931e-07,98,1
910,3029,-0.15,2.489223848037919e-07,40,1
3029,4513,0.01,1.0127280693436672e-07,35,1
3029,4764,0.05,7.894052866405279e-07,44,1
3030,3512,-0.044727503839839,1.0297568175653454e-06,46,1
3030,4514,0.0460251046025104,7.60192431716201e-07,52,1
3030,5183,0.2481745836409877,1.0608192641927043e-06,53,1
3031,3032,0.0134284016636957,9.60457774722289e-07,61,1
1290,3036,-0.0078125,3.022987690314216e-05,251,0
1200,3037,-0.0039525691699604,7.799119543330563e-07,57,1
1212,3037,-0.0039525691699604,8.9613727938214e-07,63,1
3037,3608,0.0632411067193675,6.541033383261051e-07,73,1
3037,3609,0.0158102766798418,9.57767911236423e-07,67,1
3037,5408,0.1740375338458187,3.943527058528006e-07,82,1
3037,5412,0.0079051383399209,1.0130630144253261e-06,70,1
3037,5413,0.0039525691699604,7.228609887040984e-07,69,1
3037,5425,0.0438735177865612,2.3005411197812713e-07,84,1
1371,3038,-0.0311284046692607,5.771959970702784e-05,240,0
547,3040,-0.1125,2.498651688930399e-07,57,1
3040,3540,0.025,9.971542094776817e-07,72,1
3040,4755,0.025,4.567551141001161e-07,68,1
547,3041,-0.0163934426229508,8.523171044097227e-07,70,1
659,3041,-0.0081967213114754,6.852381725432123e-07,77,1
984,3041,-0.0163934426229508,9.43660409647678e-07,85,1
1804,3041,-0.0081967213114754,4.2315079983733163e-07,94,1
1932,3041,-0.040983606557377,7.791481260119895e-07,57,1
548,3042,-0.07421875,2.1170407351625552e-07,94,1
661,3042,-0.015625,6.460136637510614e-07,83,1
745,3042,-0.02734375,9.749059621666487e-07,83,1
2624,3042,-0.01953125,8.043231301984279e-07,98,1
2626,3042,-0.0078125,5.172870716693247e-07,93,1
3042,3043,0.0390625,9.111518281896881e-07,71,1
3042,3045,0.0078125,2.997797602802039e-07,86,1
3042,3842,0.015625,5.481648131169225e-07,80,1
3042,3843,0.06640625,1.2078776779154657e-06,86,1
548,3043,-0.6388888888888888,5.906337503597914e-07,61,1
1971,3043,-0.0138888888888888,6.62582639353267e-07,59,1
3043,3542,-0.011437908496732,2.0794299148105046e-07,47,1
3043,3841,0.0277777777777777,5.663782799225678e-07,51,1
3043,3848,0.0277777777777777,8.613154375588579e-07,59,1
3043,4311,0.010840108401084,4.5464437704914564e-07,66,1
3044,3855,0.0154718137254901,2.1136448785555765e-07,94,1
548,3045,-0.2868217054263566,2.815349791406438e-07,76,1
1971,3045,-0.0348837209302325,7.85099409291267e-07,74,1
2626,3045,-0.003875968992248,3.843455078321076e-07,75,1
3043,3045,-0.0465116279069767,3.189244653072574e-07,53,1
3045,3542,-0.0199726402188782,2.2388409586930446e-07,62,1
3045,3841,0.0232558139534883,8.840010171956215e-07,66,1
3045,3842,0.0463715326421966,1.736099365842408e-07,62,1
3045,3843,-0.0084413395839078,4.3232345716882467e-07,68,1
3045,3848,0.0387596899224806,1.024674877923178e-06,74,1
3045,4311,-0.0330875401777273,1.4320348716122797e-07,81,1
5,3047,-0.0039370078740157,2.763627869444566e-05,243,0
569,3047,-0.0039370078740157,3.2157119178435625e-05,266,0
737,3047,-0.0039370078740157,3.137050552901726e-05,267,0
1207,3047,-0.0039370078740157,2.0412795592859798e-05,239,0
1563,3047,-0.0039370078740157,2.4055793986714208e-05,255,0
2155,3047,-0.0078740157480314,3.6167080784230936e-05,218,0
2220,3047,-0.0039370078740157,5.2597197737234855e-05,262,0
2286,3047,-0.0039370078740157,3.0882637852981717e-05,300,0
2572,3047,-0.0039370078740157,2.8888675954108735e-05,273,0
3047,3131,0.0078740157480314,2.106979006725721e-05,253,0
3047,3614,0.0157480314960629,2.5005955221032856e-05,272,0
3047,3722,0.0275590551181102,2.4782032389591573e-05,320,0
3047,3809,0.0039370078740157,2.438918966747209e-05,249,0
3047,3992,0.0039370078740157,5.637051415137866e-05,251,0
3047,5101,0.0039370078740157,0.0001000473830995036,217,0
3047,5199,0.0039370078740157,3.302013710636686e-05,327,0
3047,5435,0.0039370078740157,2.482946446704395e-05,256,0
3047,5436,0.0039370078740157,2.1829924484678915e-05,251,0
3047,5465,0.0039370078740157,4.444762948124188e-05,250,0
3047,5481,0.0039370078740157,4.356254272687003e-05,236,0
3047,5671,0.0039370078740157,1.8518175463305145e-05,255,0
3047,5682,0.0039370078740157,6.777394274703093e-05,235,0
3048,3722,0.0182648401826484,9.433510321854184e-05,257,0
3048,3733,0.0136986301369863,1.1780602589936629e-06,91,1
1299,3049,-0.0040322580645161,2.5030792510775303e-05,234,0
1955,3049,-0.0080645161290322,0.0003576055287971516,248,0
2152,3049,-0.0040322580645161,4.094812969902338e-05,235,0
2220,3049,-0.0080645161290322,3.890426481943485e-05,266,0
3049,5430,0.0040322580645161,2.368284429536204e-05,254,0
216,3050,-0.0275590551181102,7.305600142534937e-07,95,1
1104,3050,-0.0118110236220472,9.040172964741722e-07,83,1
3050,5138,0.0078740157480314,5.812793372258014e-07,84,1
3050,5161,0.0590551181102362,2.2163896776091373e-07,66,1
1956,3051,-0.0465116279069767,1.6674557726473817e-07,70,1
3051,5161,0.1085271317829457,8.353536821944063e-07,65,1
216,3052,-0.0163043478260869,4.368231539681209e-07,93,1
2976,3052,-0.0054347826086956,4.2054645682522757e-07,97,1
3052,5138,0.0108695652173913,3.9020406759918695e-07,82,1
1109,3054,-0.0181818181818181,2.6250953704820925e-07,64,1
1806,3054,-0.2909090909090909,1.6050822038826294e-07,49,1
1956,3054,-0.0909090909090909,8.350820463947755e-07,63,1
3051,3054,-0.109090909090909,7.341792303640442e-07,61,1
3054,4456,0.0181818181818181,2.2225864736162655e-07,52,1
983,3055,-0.1019607843137254,1.130246412331197e-06,61,1
3055,4456,-0.0285714285714285,8.720287867100784e-07,61,1
2040,3056,-0.0078431372549019,4.64741359061635e-07,87,1
2815,3056,-0.0078431372549019,7.415587530642229e-07,78,1
3056,5199,0.0039215686274509,0.0004642075222797631,258,0
2827,3059,-0.003875968992248,1.882906675678079e-07,53,1
3059,3062,0.0193798449612403,2.0412397381864352e-07,78,1
3059,4468,0.1004138746551044,1.0240263155471941e-07,58,1
3059,4469,0.0155038759689922,1.0404060562597276e-06,65,1
3059,4471,0.0153827519379844,8.764473451291126e-08,65,1
3059,4473,0.0036935704514363,1.9443714820457465e-07,84,1
3059,4474,0.0618787049703602,1.2840408745867365e-07,64,1
3059,4519,0.0038608874008385,1.344986690891614e-07,68,1
3059,4527,0.0426356589147286,2.660774443350161e-07,81,1
3059,4528,0.0077519379844961,4.1716991295828556e-07,60,1
166,3060,-0.0344827586206896,1.1177548695908366e-06,88,1
843,3060,-0.0057471264367816,1.2086548997722902e-07,77,1
923,3060,-0.0057471264367816,3.7054868985495445e-07,96,1
948,3060,-0.0057471264367816,5.64009497587655e-07,93,1
2049,3060,-0.0114942528735632,2.985447758360084e-07,80,1
2957,3060,-0.0057471264367816,4.011544525900902e-07,96,1
2958,3060,-0.0172413793103448,2.600637576785688e-07,82,1
3060,4252,0.0172413793103448,2.12776950829158e-07,79,1
3060,4253,0.0172413793103448,1.315210605810647e-07,95,1
3060,4473,0.0114942528735632,6.594468742854011e-07,93,1
3060,6008,0.0229885057471264,2.1046267792741615e-07,85,1
162,3062,-0.0271317829457364,2.2033823497799353e-07,73,1
166,3062,-0.0193798449612403,2.3975878254773454e-07,93,1
898,3062,-0.003875968992248,5.386001930258705e-07,64,1
913,3062,-0.003875968992248,3.09513482808661e-07,71,1
3060,3062,-0.0077519379844961,4.851503556391476e-07,87,1
3062,4468,0.0193798449612403,2.9988329329309753e-07,72,1
3062,4473,-0.0040583675330597,1.5504155086060056e-07,98,1
3062,4474,0.0077519379844961,2.1210679945721125e-07,78,1
3062,4527,0.0193798449612403,1.319776023748532e-07,95,1
3062,6008,0.0077519379844961,8.966487536171647e-07,90,1
3068,5534,0.0039370078740157,9.041105673755336e-07,98,1
3070,3822,0.0091743119266055,5.393587284302396e-07,69,1
2857,3071,-0.015625,4.452607033551554e-05,227,0
3074,5560,0.0076295109483482,6.111256818842484e-07,81,1
3083,3086,0.0041666666666666,9.479409724804038e-07,94,1
493,3085,-0.0523560209424083,5.842558737177274e-07,80,1
950,3085,-0.2146596858638743,6.134798885414941e-07,75,1
1743,3085,-0.0052356020942408,3.8057742388416164e-07,86,1
1748,3085,-0.1623036649214659,9.573133378756465e-07,84,1
2830,3085,-0.1204188481675392,6.666540971171537e-07,78,1
2951,3085,-0.0209424083769633,5.453560844045699e-07,80,1
3085,3694,0.1099476439790576,6.27356982883564e-07,73,1
3085,3701,0.0157068062827225,6.348168643817114e-07,74,1
3085,4647,0.094240837696335,6.765166580406098e-07,72,1
35,3087,-0.0412371134020618,2.2881471485605686e-07,98,1
493,3087,-0.0257731958762886,9.054413182725019e-07,86,1
2948,3087,-0.1134020618556701,9.701352838693927e-07,98,1
3087,4539,0.0876288659793814,9.357287242826663e-07,91,1
3087,4639,0.016634492956011,2.0077216749936887e-07,97,1
1269,3088,-0.02734375,5.283185463689906e-07,82,1
438,3093,-0.0052631578947368,2.9874593991017326e-07,87,1
742,3093,-0.0263157894736842,4.927062650139522e-07,73,1
3093,3828,0.0473684210526315,5.71049332970056e-07,94,1
541,3096,-0.07421875,7.22120019824382e-07,76,1
2350,3096,-0.01171875,8.925109518117008e-07,76,1
3025,3096,-0.08203125,5.747739871698473e-07,77,1
3096,3099,0.05078125,1.0265745225825208e-06,74,1
3096,5609,0.0896446078431372,9.506237992147782e-07,66,1
3097,3098,0.01171875,1.1667077361698423e-06,55,1
3097,3206,0.28125,2.897189181959892e-07,51,1
3097,5397,-0.0588694852941176,4.295541909727185e-07,47,1
3097,5398,0.00390625,1.3158820963664422e-07,50,1
1266,3098,-0.01171875,6.03613942462583e-07,60,1
1797,3098,-0.03125,9.556075247631705e-07,54,1
3098,3206,-0.05078125,3.1977793198216444e-07,58,1
3098,5398,0.1055143482490272,4.294295486567933e-07,57,1
3098,5569,-0.0267684108527131,3.5454046571317304e-07,60,1
3098,5573,-0.08984375,4.926521481284713e-07,47,1
3098,5575,0.01171875,4.178003508183147e-07,56,1
3098,5610,-0.0464646157587548,1.2395236914234546e-07,55,1
2932,3100,-0.0358565737051792,3.302764333068571e-07,96,1
2934,3100,-0.1235059760956175,2.0661967203346276e-07,76,1
3100,3102,0.0187720732789366,1.3290060672430704e-07,80,1
3100,4149,0.0278884462151394,4.398731355578741e-07,80,1
3100,5001,0.0039840637450199,1.0667180161224446e-06,73,1
562,3101,-0.027027027027027,2.0403832365928513e-07,36,1
1055,3101,-0.0608108108108108,2.0443187898690445e-07,27,1
2934,3101,-0.0067567567567567,5.358040684310843e-07,50,1
3101,3102,0.0202702702702702,8.111770586162242e-07,54,1
3101,4975,0.0445370902817711,2.793923730640362e-07,48,1
3101,4987,0.0135135135135135,6.009193841888339e-07,36,1
2932,3102,-0.0262008733624454,3.1316892558436465e-07,88,1
2934,3102,-0.0873362445414847,1.9585038690527247e-07,68,1
3102,4149,0.0960698689956331,3.230046550785613e-07,72,1
3102,4150,0.0174672489082969,1.013744691136797e-06,98,1
3102,5001,0.0174672489082969,6.959879743223824e-07,65,1
817,3104,-0.3461538461538461,3.6498726802900313e-07,38,1
3104,3105,0.0384615384615384,3.197664381413512e-07,33,1
3104,4991,0.0384615384615384,1.1257555384772234e-06,39,1
3104,5621,0.0056746532156368,4.607155224733884e-07,29,1
3105,3686,0.0907830907830908,1.691312775428811e-07,34,1
3105,4991,0.0153846153846153,3.865936632002712e-07,48,1
25,3106,-0.140625,4.6832278026615747e-07,61,1
1536,3106,-0.015625,2.740907158180107e-07,53,1
3106,3323,0.140625,2.767717839694575e-07,53,1
3106,4991,0.15625,7.94606026425408e-07,50,1
3106,6186,0.0625,6.77445887565896e-07,57,1
3106,6302,0.078125,4.0271856798748603e-07,53,1
1873,3107,-0.015625,1.4087802781413283e-07,25,1
2006,3107,-0.0078125,9.103296577599514e-07,24,1
3107,4135,-0.0681376689189189,9.652029070659264e-07,32,1
3107,4136,-0.0078765368852458,1.0497109917734166e-07,30,1
3107,4815,0.246047794117647,8.614574759659652e-08,31,1
3107,4816,0.0078125,2.1301522557818503e-07,27,1
3107,4820,-0.1446293969849246,1.487784578906135e-07,32,1
3107,5622,0.03125,1.0411454589555137e-07,27,1
3107,5625,0.0349559294871794,9.039888340123941e-08,25,1
1865,3108,-0.0039215686274509,3.711577718581176e-07,96,1
1865,3109,-0.0354330708661417,3.617642763573504e-07,95,1
3109,3262,0.0197773129921259,3.641223002918006e-07,90,1
3109,4355,-0.0541414881279374,1.4699582372025757e-07,98,1
3109,5641,-0.0466466497135328,6.266178525867065e-07,83,1
182,3111,-0.0117647058823529,4.772474585366965e-07,97,1
3111,5829,0.0078431372549019,0.00012673695536692488,216,0
3113,5667,-0.0155182450442721,4.2197063071788564e-07,98,1
3113,6051,-0.0025426509186351,3.289579375326139e-07,95,1
682,3114,-0.0055865921787709,4.0716491587650465e-07,71,1
1561,3114,-0.4581005586592179,6.121623082018035e-07,41,1
2711,3114,-0.0837988826815642,4.528123557286371e-07,79,1
3114,5674,-0.0333239136578049,1.7239157901909962e-07,77,1
303,3116,-0.046692607003891,3.1464875688986133e-07,62,1
1166,3116,-0.1284046692607003,1.7071512608231398e-07,45,1
2200,3116,-0.1245136186770428,2.235289248285177e-07,48,1
3013,3116,-0.0389105058365758,3.41974898352761e-07,32,1
3058,3116,-0.1089494163424124,4.5262098215007296e-07,65,1
3116,3118,0.0038910505836575,1.5885277030740264e-07,39,1
3116,4010,0.0038910505836575,1.8234956877684116e-07,39,1
3116,4331,0.159533073929961,1.7217077463618245e-07,42,1
3116,4332,0.2373540856031128,2.2580173310313456e-07,35,1
3116,4338,0.0077821011673151,3.445477363706306e-07,43,1
3116,5312,0.0972762645914396,1.5868773654369257e-07,42,1
781,3117,-0.0077821011673151,3.01464086654687e-07,69,1
865,3117,-0.0233463035019455,5.355953185302885e-07,85,1
1225,3117,-0.0077821011673151,1.795163880195144e-07,73,1
1989,3117,-0.0116731517509727,2.0016697585927555e-07,68,1
2277,3117,-0.0038910505836575,2.1901386132552684e-07,69,1
2316,3117,-0.0350194552529182,3.2014771536332646e-07,74,1
3117,3179,0.0116731517509727,2.2797446223214834e-07,58,1
3117,3181,0.0700389105058365,4.469721627346187e-07,71,1
3117,3996,0.0155642023346303,2.781304313675418e-07,90,1
3117,5469,0.0077821011673151,2.798972853802626e-07,74,1
3117,5471,0.1167315175097276,2.1321436672377777e-07,72,1
3117,5478,0.0038910505836575,2.766749666473926e-07,58,1
3117,5479,0.0038910505836575,3.237437539683096e-07,94,1
303,3118,-0.2549019607843137,2.494055398855671e-07,67,1
1166,3118,-0.0705882352941176,1.458407764148691e-07,50,1
1835,3118,-0.0078431372549019,5.197492705334632e-07,63,1
2200,3118,-0.0823529411764705,1.758393411574182e-07,53,1
3013,3118,-0.0078431372549019,2.785638003354185e-07,37,1
3058,3118,-0.4274509803921568,2.719246562740566e-07,70,1
3118,3180,0.0039215686274509,3.800558864974723e-07,48,1
3118,4331,-0.0004801920768307,1.5953737299066986e-07,47,1
3118,4332,0.0078431372549019,1.9423140827071277e-07,40,1
3118,4337,0.0039215686274509,2.437423354230743e-07,50,1
3118,5313,0.0039215686274509,7.845910956876002e-07,63,1
303,3119,-0.19140625,2.294911985470363e-07,76,1
580,3119,-0.0078125,3.434504583247427e-07,70,1
1166,3119,-0.05859375,3.507530169373877e-07,59,1
1821,3119,-0.0234375,2.452548407405954e-07,60,1
1835,3119,-0.0078125,2.656294341876534e-07,72,1
2200,3119,-0.125,4.3237712692360723e-07,62,1
2231,3119,-0.0078125,2.805101752341522e-07,71,1
3058,3119,-0.09375,2.601893275992272e-07,79,1
3118,3119,-0.00390625,4.5113124251237695e-07,53,1
3119,3182,0.00390625,2.4559734822592125e-07,79,1
3119,4331,0.0546875,7.436155784889338e-07,56,1
3119,4332,0.09765625,1.0125413770783553e-06,49,1
3119,4337,0.00390625,2.3304642013278054e-07,59,1
3119,4338,0.00390625,2.603363802411262e-07,57,1
3119,5307,0.00390625,3.219665203294119e-07,51,1
3119,5310,0.01171875,4.559486877983073e-07,56,1
3119,5312,0.0703125,4.085542334442563e-07,56,1
3119,5313,0.015625,2.860533118296176e-07,72,1
57,3120,-0.0039215686274509,5.686155293450919e-07,75,1
153,3120,-0.0509803921568627,5.895246926369332e-07,90,1
781,3120,-0.0039215686274509,2.792286911176601e-07,86,1
867,3120,-0.0117647058823529,5.949808404772785e-07,87,1
1225,3120,-0.0352941176470588,2.8066205485467235e-07,90,1
1371,3120,-0.0039215686274509,8.799378543490738e-05,225,0
1989,3120,-0.0156862745098039,2.7451366988122455e-07,85,1
2277,3120,-0.0313725490196078,2.529610743018608e-07,86,1
2316,3120,-0.0117647058823529,2.57782201762265e-07,91,1
3120,3179,0.0039215686274509,4.558017963810151e-07,75,1
3120,3181,0.0039215686274509,7.959650009663471e-07,88,1
3120,3995,0.0078431372549019,4.858670868149483e-07,67,1
3120,3999,0.0549019607843137,5.820814914329011e-07,96,1
3120,4000,0.0039215686274509,9.684648767809654e-07,91,1
3120,4344,0.0039215686274509,5.047923000461786e-07,72,1
3120,4345,0.0196078431372549,2.07229167699004e-07,86,1
3120,5299,0.0352941176470588,2.0244006623208807e-07,98,1
3120,5422,0.0352941176470588,9.539437737451306e-07,91,1
3120,5469,0.0078431372549019,5.967913783234422e-07,91,1
3120,5471,0.0274509803921568,3.300056819575335e-07,89,1
3120,5478,0.0039215686274509,2.473148949213951e-07,75,1
3120,5484,0.0196078431372549,2.300482532358754e-07,94,1
3058,3121,-0.2890625,7.999093811359935e-07,55,1
3124,5474,0.03125,4.872475934276094e-05,217,0
1105,3126,-0.00390625,1.4276757787111478e-07,71,1
3127,5151,0.0121457489878542,1.2087596734962276e-06,86,1
568,3128,-0.0545454545454545,6.812454285024179e-07,53,1
1105,3128,-0.0454545454545454,8.423601465679764e-07,53,1
1217,3128,-0.0636363636363636,3.496152245341181e-07,52,1
3126,3128,-0.4363636363636363,7.404616568405802e-07,54,1
3128,5163,0.0181818181818181,3.523105486021703e-07,44,1
3128,5165,0.1909090909090909,2.92603058067209e-07,47,1
51,3129,-0.0394736842105263,1.0779848298853659e-06,71,1
3129,4310,0.0657894736842105,9.844736089880676e-07,78,1
3129,5146,0.0263157894736842,7.789980253575336e-07,61,1
567,3130,-0.0077821011673151,0.00010619478743509576,235,0
1093,3130,-0.0505836575875486,3.7325982171111415e-05,238,0
1300,3130,-0.0311284046692607,5.944189997227711e-05,222,0
1371,3130,-0.0389105058365758,0.0007548260990838545,302,0
3123,3130,-0.0116731517509727,2.3625539778089926e-05,236,0
3130,3792,0.0116731517509727,2.9953519641484318e-05,217,0
3130,3795,0.0233463035019455,2.343340537060044e-05,249,0
3130,4004,0.046692607003891,2.6970514886287663e-05,219,0
3130,4006,0.0038910505836575,0.00023390146318540516,229,0
3130,5101,0.0155642023346303,2.0944619731897796e-05,218,0
3130,5113,0.0077821011673151,0.000158583724177345,235,0
3130,5410,0.0038910505836575,0.0003687854599872976,219,0
1093,3131,-0.0579150579150579,2.5500419771607593e-05,240,0
1300,3131,-0.0115830115830115,2.4903109136811295e-05,224,0
1371,3131,-0.0308880308880308,0.0004565871796355395,304,0
3131,3792,0.0965250965250965,1.9323982411662052e-05,219,0
3131,5113,0.0154440154440154,0.0001051466859377388,237,0
3133,5474,0.0039215686274509,3.4885721345579625e-05,253,0
3140,3985,0.26171875,7.432715415116764e-05,218,0
61,3141,-0.0038910505836575,4.634917925314457e-05,254,0
3141,5801,0.0038910505836575,1.9024766312414735e-05,254,0
61,3143,-0.0038910505836575,5.7750414830219974e-05,268,0
183,3143,-0.0038910505836575,7.105118535983597e-05,290,0
1290,3143,-0.0038910505836575,0.00010037446765823484,294,0
1341,3143,-0.0077821011673151,5.662051505530802e-05,274,0
1481,3143,-0.0077821011673151,2.3235438649496707e-05,233,0
2070,3143,-0.0272373540856031,6.339566640511006e-05,293,0
2876,3143,-0.0038910505836575,0.00010557815126511987,282,0
3143,4567,0.0038910505836575,6.426076426897471e-05,289,0
3143,4606,0.0038910505836575,3.669345070469847e-05,301,0
3143,4609,0.0038910505836575,0.00010481790196430305,277,0
3143,5302,0.0194552529182879,3.131126874013266e-05,296,0
3143,5306,0.0038910505836575,0.00018936671935794436,217,0
3143,5801,0.0077821011673151,2.6059040847783617e-05,268,0
3143,6150,0.0311284046692607,2.001288368155748e-05,259,0
1290,3144,-0.0620155038759689,2.034134548360657e-05,265,0
2304,3144,-0.003875968992248,3.167581343559183e-05,228,0
2401,3144,-0.003875968992248,3.756132100113213e-05,218,0
3144,3985,0.003875968992248,0.00021455333548212326,226,0
3144,5809,0.003875968992248,2.118346946176974e-05,248,0
3144,6149,0.0116279069767441,2.481516574285153e-05,236,0
1498,3145,-0.0077821011673151,3.0060962788538446e-05,240,0
1627,3145,-0.0038910505836575,3.1500207148377526e-05,227,0
1724,3145,-0.0038910505836575,2.073813261724779e-05,279,0
1922,3145,-0.0038910505836575,2.907183885914317e-05,283,0
3145,3631,0.0389105058365758,2.563945368906611e-05,306,0
3145,6205,0.0038910505836575,2.6619305114626334e-05,239,0
2424,3146,-0.0078431372549019,2.1099235105496123e-05,241,0
3146,5764,0.0039215686274509,3.437271439365858e-05,234,0
2001,3147,-0.0039215686274509,2.0239036269688113e-05,265,0
2743,3147,-0.0039215686274509,4.002907577295788e-05,276,0
2752,3147,-0.0117647058823529,2.0169407491997694e-05,288,0
3147,3873,0.0156862745098039,3.128861186398731e-05,280,0
111,3148,-0.0117647058823529,4.787446803157493e-05,270,0
2690,3148,-0.0039215686274509,2.0212612316980413e-05,243,0
3148,3625,0.0039215686274509,5.829839044421294e-05,244,0
3148,3631,0.0078431372549019,5.075073158754998e-05,295,0
3148,6204,0.0078431372549019,6.30044089338897e-05,224,0
3148,6445,0.0196078431372549,3.262969069297213e-05,225,0
1898,3149,-0.0237154150197628,3.636233051420122e-05,241,0
2499,3149,-0.0276679841897233,3.9699067149920756e-05,292,0
3149,4108,0.0118577075098814,2.9806395763486238e-05,249,0
3149,6237,0.0237154150197628,1.9227670042547593e-05,273,0
2696,3150,-0.03125,6.193577846513913e-05,234,0
2750,3150,-0.00390625,1.980913537094539e-05,225,0
3150,3870,0.0078125,2.3958038281990947e-05,233,0
401,3151,-0.01953125,1.876359451215934e-05,219,0
1358,3151,-0.0078125,2.18365794649498e-05,254,0
2425,3151,-0.00390625,2.1077145282291932e-05,227,0
3151,5853,0.00390625,1.8874589288307535e-05,245,0
3151,6239,0.01171875,2.0818821390089652e-05,254,0
1358,3152,-0.00390625,2.5473606508378654e-05,296,0
3152,6239,0.00390625,2.808748838921533e-05,296,0
3153,4013,0.2165354330708661,1.0842560123544405e-06,70,1
3153,4042,0.0078740157480314,6.578407361918638e-07,86,1
3153,5856,0.0511811023622047,9.885778349128167e-07,66,1
3153,5862,0.0078740157480314,9.073665455492222e-07,84,1
3153,5863,0.0078740157480314,1.025041375218359e-06,74,1
3154,4012,0.1843137254901961,3.4000440049550125e-07,53,1
3154,5862,0.0156862745098039,1.0728480039021164e-06,71,1
3154,5863,0.0313725490196078,5.684292141684394e-07,61,1
3154,5865,0.0352941176470588,6.131028839391948e-07,49,1
1364,3155,-0.03125,6.835538440277155e-07,72,1
1992,3155,-0.03515625,8.027381948359686e-07,92,1
3155,3168,0.06640625,9.483197330800495e-07,76,1
3155,4012,0.0078125,4.956798998449465e-07,69,1
3155,5856,0.01953125,5.638182071717224e-07,69,1
3155,5862,0.04296875,4.038885354055543e-07,87,1
3155,5863,0.0078125,2.9101804133768383e-07,77,1
1486,3156,-0.0077519379844961,5.893652177448459e-05,218,0
3155,3156,-0.0116279069767441,9.102390162977468e-07,92,1
926,3157,-0.0241545893719806,0.0001223255398743165,246,0
972,3157,-0.0096618357487922,3.3734354604504607e-05,230,0
3157,4606,0.0096618357487922,3.456680046906832e-05,235,0
3157,5829,0.0193236714975845,2.9901119091843484e-05,218,0
926,3158,-0.0389105058365758,9.559386402412469e-05,246,0
972,3158,-0.0350194552529182,2.731574585300413e-05,230,0
3158,4567,0.0272373540856031,2.3709939933334513e-05,223,0
3158,4606,0.0233463035019455,2.7912215117073023e-05,235,0
3158,4737,0.0077821011673151,1.9139513639177954e-05,225,0
3158,5829,0.0077821011673151,2.4273169379212587e-05,218,0
972,3159,-0.0039370078740157,0.0001406250989682094,216,0
926,3160,-0.03125,2.6192260450905247e-05,259,0
3160,4724,0.00390625,5.354523639577782e-05,219,0
2070,3161,-0.0038910505836575,9.92395301446002e-05,237,0
2876,3161,-0.0038910505836575,2.350913800952072e-05,226,0
3161,4609,0.0116731517509727,2.1580488840587685e-05,221,0
3161,5829,0.0194552529182879,6.830953276680292e-05,228,0
61,3162,-0.0039215686274509,1.9586612181777044e-05,219,0
926,3162,-0.0078431372549019,9.189358977378177e-05,263,0
2876,3162,-0.0039215686274509,3.6759296760922624e-05,233,0
3162,4610,0.0039215686274509,2.6638509006645397e-05,237,0
926,3163,-0.0039215686274509,3.157299959573091e-05,273,0
936,3163,-0.0235294117647058,1.899319005720815e-05,234,0
937,3163,-0.0078431372549019,1.9896511195864502e-05,236,0
974,3163,-0.0039215686274509,5.788304219444573e-05,252,0
2428,3163,-0.0078431372549019,2.0584679148966684e-05,241,0
3163,4566,0.0196078431372549,2.203483830018731e-05,237,0
3163,4608,0.0235294117647058,2.041589841461287e-05,245,0
3163,4722,0.0039215686274509,3.009496508670002e-05,231,0
3163,4741,0.0039215686274509,2.6360241042937558e-05,268,0
3163,6251,0.0117647058823529,2.1167828052670573e-05,219,0
34,3164,-0.0038910505836575,5.905170603079679e-05,271,0
496,3164,-0.0038910505836575,0.00012910792163737205,269,0
669,3164,-0.0038910505836575,2.940755809076498e-05,262,0
926,3164,-0.0077821011673151,1.9556424920424402e-05,291,0
3164,4579,0.0116731517509727,5.319113471971799e-05,276,0
3164,6169,0.0038910505836575,2.742031783286006e-05,272,0
2404,3165,-0.0038910505836575,4.262095067659435e-05,226,0
3165,4610,0.0038910505836575,2.8237249414505614e-05,218,0
2645,3168,-0.08203125,2.5269902230172116e-07,70,1
3168,3287,0.03125,5.113823232999548e-07,83,1
3168,4014,0.01171875,2.3383806669886622e-07,73,1
2070,3169,-0.0039525691699604,0.00010362669648608913,287,0
2461,3169,-0.0039525691699604,1.8525568793743872e-05,222,0
2582,3169,-0.0039525691699604,9.251289347632686e-05,216,0
3169,3764,0.0039525691699604,2.2605659259631306e-05,241,0
3169,4727,0.0039525691699604,5.705519808338623e-05,273,0
3169,5302,0.0355731225296442,2.9309767089725344e-05,290,0
3169,5807,0.0039525691699604,2.2979824515699197e-05,257,0
3169,6149,0.0079051383399209,2.3699693554755478e-05,259,0
135,3172,-0.01171875,3.1085704516740293e-05,220,0
506,3172,-0.00390625,1.8666724459978305e-07,95,1
1367,3172,-0.03515625,4.530101909677665e-07,90,1
3172,4029,0.109375,4.0489480763339804e-07,85,1
3172,4044,0.0546875,5.425795287708774e-07,96,1
3172,4045,0.1328125,4.254834390061893e-07,88,1
3172,5838,0.02734375,4.1238703064068024e-07,95,1
809,3174,-0.00390625,2.06726116594331e-05,223,0
2001,3174,-0.00390625,2.9392497068464798e-05,226,0
2499,3174,-0.00390625,3.858960563611826e-05,255,0
3175,3177,0.0310077519379844,9.015901237969086e-07,73,1
3175,3629,0.0154887943775827,5.304841334747329e-07,80,1
3175,4118,-0.0039212137664766,4.4643342527094174e-07,81,1
2444,3177,-0.0078431372549019,9.563590865953391e-07,89,1
3177,4042,0.0235294117647058,4.955985551586914e-07,85,1
3177,4043,0.0392310049019607,5.635767678670988e-07,85,1
3177,5848,0.2078431372549019,1.208178804868942e-06,95,1
3177,6249,-0.0039215686274509,4.0468145356661874e-07,95,1
3178,3298,0.3532934131736527,1.9323839461433598e-07,19,1
3178,4573,0.2035928143712574,5.608340419725078e-07,19,1
3178,4575,0.0718562874251497,2.2657736983571557e-07,24,1
3058,3180,-0.1968503937007874,3.033425735162385e-07,74,1
303,3182,-0.11284046692607,2.8242212286103285e-07,93,1
580,3182,-0.0038910505836575,1.6027419945027507e-07,87,1
1821,3182,-0.0038910505836575,4.710936411561814e-07,77,1
1835,3182,-0.0233463035019455,1.230301985243717e-07,89,1
3058,3182,-0.2101167315175097,2.1750132885417336e-07,96,1
3182,4337,0.0038910505836575,2.691466327558676e-07,76,1
3182,4338,0.0038910505836575,2.936889155724065e-07,74,1
3182,4343,-0.0155642023346303,1.841870992624077e-07,82,1
3182,5310,0.0038910505836575,8.220713806628596e-07,73,1
3182,5313,0.0038910505836575,1.3488500498708412e-07,89,1
2725,3183,-0.1019607843137254,2.441045258681707e-07,61,1
3183,3186,0.1294117647058823,1.1221783249668902e-06,87,1
465,3184,-0.0155642023346303,5.257925539892874e-07,64,1
2725,3184,-0.0389105058365758,3.4531025038836526e-07,66,1
137,3185,-0.2890625,1.0054260293350208e-06,51,1
465,3185,-0.01953125,7.443484102221982e-07,65,1
581,3185,-0.00390625,4.6104068606265514e-07,89,1
1837,3185,-0.01171875,8.457877125119702e-07,90,1
2651,3185,-0.04296875,4.45010529092162e-07,83,1
2725,3185,-0.0078125,5.185885296937344e-07,67,1
3183,3185,-0.02734375,3.9099730407271006e-07,62,1
3185,4064,0.1444389763779527,5.53612292572805e-07,59,1
3185,4068,0.1015625,3.7648460091286e-07,68,1
2725,3186,-0.0078125,1.1068072480863493e-06,92,1
3186,4072,0.0390625,1.2234280996651404e-06,96,1
795,3189,-0.0314960629921259,5.743577862131413e-05,216,0
3189,5889,0.0039370078740157,0.00010736558391663369,224,0
131,3193,-0.0823529411764705,1.0554109882049988e-06,95,1
773,3193,-0.0392156862745098,1.1883452005632102e-06,96,1
3193,3960,0.0392156862745098,3.532030561864993e-07,96,1
3193,3969,0.3216601815823605,3.590879954108149e-07,94,1
3196,5901,0.0739299610894941,9.50476942588264e-07,22,1
3196,6106,0.3929961089494163,3.7493669633667593e-07,20,1
541,3203,-0.109375,5.661509343739743e-07,77,1
2350,3203,-0.0546875,2.227819324775211e-07,77,1
3025,3203,-0.18359375,4.586811137023147e-07,78,1
3096,3203,-0.0234375,1.0719418789132452e-06,75,1
3099,3203,-0.27734375,3.431651460543853e-07,75,1
586,3204,-0.00390625,7.707433474087928e-07,61,1
3024,3204,-0.015625,1.0068549785709237e-06,72,1
3096,3204,-0.03125,9.97574595743461e-07,74,1
3204,5569,9.084302325581411e-05,5.560896543435224e-07,66,1
272,3206,-0.015625,5.35945984096397e-07,50,1
3206,5398,0.0235590953307393,2.602477657483889e-07,53,1
3206,5569,0.0118701550387596,6.413099015480126e-07,56,1
3206,5573,0.01171875,4.4864765775274935e-07,43,1
3206,5610,0.0664214494163424,3.850002370266862e-07,51,1
3207,3210,0.0194400535019455,8.729793597821123e-07,80,1
3207,3211,0.0039061321750671,1.1764198078645045e-06,75,1
3207,4100,0.0116275535019455,9.764832555337691e-08,67,1
3207,5531,0.0155642023346303,5.311077801853772e-07,57,1
805,3208,-0.0078125,2.669568992217247e-07,77,1
2736,3208,-0.0546875,6.364975406600536e-07,96,1
3208,5531,0.0703125,6.950460773208015e-07,78,1
262,3209,-0.0116731517509727,1.2049169658537166e-06,44,1
319,3210,-0.01171875,5.244309160296479e-07,98,1
3208,3211,-0.0581395348837209,4.667734959095674e-07,96,1
3210,3211,-0.0310077519379844,1.7957776815603408e-07,97,1
3211,4100,0.0231044089147286,9.947971603176076e-07,84,1
2858,3212,-0.0045045045045045,7.708091747834364e-07,37,1
3212,3216,0.2972972972972973,6.170246378445201e-07,42,1
3213,4447,0.0278884462151394,7.771040908516415e-07,66,1
3213,5199,0.0159362549800796,0.0003542289525658721,236,0
3214,4699,0.0784464062739599,8.11353179457747e-07,37,1
2286,3215,-0.0044642857142857,2.398975297573326e-05,219,0
3215,3722,0.0089285714285714,2.334461112614991e-05,239,0
3215,5199,0.1607142857142857,2.7131924703597e-05,246,0
3215,5360,-0.0119291569086651,4.819253244977889e-07,87,1
3215,6369,0.1071428571428571,2.110253550193409e-05,219,0
2858,3216,-0.4609375,3.650296955617416e-07,43,1
2984,3216,-0.00390625,7.100389221445115e-07,45,1
3216,3899,0.015625,9.193003440555599e-07,53,1
327,3223,-0.046875,3.133973438043773e-07,91,1
1439,3223,-0.078125,4.938906591787746e-07,88,1
2274,3223,-0.015625,4.752059980725154e-07,89,1
3113,3223,-0.015625,3.8656534133348157e-07,86,1
3223,3224,0.00390625,4.090951174187508e-07,91,1
3223,3615,0.015625,3.002238052328472e-07,79,1
3223,5667,0.015625,2.0918601617461405e-07,78,1
3223,6051,0.0208333333333333,3.0105617731098997e-07,75,1
3223,6366,0.015625,3.2115894681552797e-07,94,1
3225,5211,1.508159140952564e-05,2.1562544560709854e-05,215,0
3225,5449,0.0077821011673151,1.9801323484629714e-05,218,0
3226,5335,0.0472440944881889,9.594557711648862e-07,98,1
3227,3229,-0.01171875,6.256446530983026e-07,93,1
3227,4516,-0.0032986111111111,2.5434043828948996e-07,91,1
3227,5368,0.0309731791338582,5.177041751806174e-07,98,1
3227,5369,0.0117339494163424,1.0181417335334806e-07,93,1
3227,5371,-0.0233007052529182,1.394404831737633e-07,87,1
3228,5368,0.0140810101440022,4.669706546909379e-07,76,1
3229,5369,-0.0543987110894941,4.829606541274889e-07,96,1
3229,5371,-0.0388649075875486,5.531057809149846e-07,90,1
1444,3231,-0.0048780487804878,4.4172619571090415e-07,83,1
3231,5335,0.0195121951219512,8.601930930733109e-07,90,1
3231,5345,-0.0146532012195121,5.145752062664723e-07,96,1
3231,5371,0.0292682926829268,4.56205355342641e-07,97,1
1184,3232,-0.009009009009009,1.0430370419394428e-06,20,1
3232,5365,0.0961261261261261,1.8127223359485174e-07,34,1
3232,5373,0.036036036036036,1.1213393845982406e-06,44,1
244,3233,-0.0140845070422535,4.178419379431973e-07,94,1
592,3233,-0.0657276995305164,4.378193617156148e-07,77,1
1185,3233,-0.0093896713615023,4.0023399356883155e-07,85,1
1186,3233,-0.056338028169014,6.554397613409411e-07,67,1
1444,3233,-0.0187793427230046,4.823441335039623e-07,61,1
1671,3233,-0.0140845070422535,4.636872181972337e-07,78,1
1798,3233,-0.0187793427230046,3.1015746109862594e-07,92,1
3231,3233,-0.1596244131455399,4.2562904812474945e-07,88,1
3233,3234,0.0046948356807511,4.2006757885180823e-07,98,1
3233,4516,0.1681533646322378,2.5748393156839867e-07,79,1
3233,5342,0.0328638497652582,5.26081650735822e-07,91,1
3233,5345,0.0140845070422535,2.8289047578231004e-07,74,1
3233,5368,0.0046948356807511,8.622253012144033e-07,86,1
3233,5370,0.0140845070422535,4.389433892024574e-07,95,1
3233,6054,0.0046948356807511,1.0647456481703685e-06,75,1
3233,6055,0.0187793427230046,6.267020433505918e-07,84,1
3233,6058,0.0187793427230046,6.020419886200731e-07,87,1
1444,3234,-0.0038910505836575,8.526290208982431e-07,93,1
1850,3234,-0.0116731517509727,4.052080294632952e-07,90,1
833,3236,-0.0155642023346303,7.885940351874033e-07,70,1
1048,3237,-0.0038910505836575,8.280559449335894e-07,40,1
1048,3238,-0.0234375,7.612179002610786e-07,34,1
3238,4962,-0.039782475490196,6.479286371708332e-07,31,1
3238,4964,0.16796875,6.818924979285461e-07,30,1
3240,3243,-0.0901960784313725,6.562179911968613e-07,49,1
596,3249,-0.0039215686274509,1.0697019350181208e-06,23,1
1480,3261,-0.00390625,0.00025081652725757214,218,0
3261,4377,0.00390625,4.53347313822778e-05,234,0
3261,4724,0.00390625,2.7304785333398882e-05,221,0
1282,3262,-0.68359375,1.1267336880720738e-06,90,1
3262,4346,0.2890625,2.439081301572097e-07,78,1
3262,4355,0.0078125,2.477314379025295e-07,74,1
3262,4357,0.00390625,2.3504278715075513e-07,81,1
3262,5648,-0.01953125,7.185534137212749e-07,82,1
154,3264,-0.0077821011673151,9.286969128190098e-08,93,1
1865,3264,-0.0583657587548638,3.646539468144247e-07,83,1
3264,4346,0.1322957198443579,1.1409569581748855e-07,90,1
3264,4357,-1.5199416342412396e-05,9.611132162347612e-08,93,1
2412,3267,-0.0622568093385214,1.1320644630217294e-06,69,1
2704,3267,-0.0428015564202334,1.0677827704302882e-06,54,1
3267,3396,0.0389105058365758,7.058972763316314e-07,62,1
3267,3680,0.0038910505836575,6.293489790054212e-07,64,1
3267,6178,0.0661478599221789,8.523323927073738e-07,69,1
2704,3268,-0.0901960784313725,8.854210938482706e-07,44,1
1505,3269,-0.01953125,4.929516611053908e-07,88,1
3269,3272,0.046875,3.904926961187387e-07,91,1
1505,3271,-0.0039215686274509,1.0951055585092334e-06,85,1
2024,3271,-0.0431372549019607,1.208206755299293e-06,88,1
2418,3271,-0.0117647058823529,8.224076465643374e-07,94,1
3271,3272,0.0549019607843137,8.008283873782759e-07,88,1
3271,4845,0.0196078431372549,1.2050287272344793e-06,89,1
3273,5766,0.5263157894736842,1.0625558445564404e-06,41,1
2099,3274,-0.03125,1.1730767236091058e-06,35,1
3274,4814,0.03125,6.631205099290481e-07,27,1
1899,3278,-0.27734375,1.1413554968613185e-06,46,1
814,3280,-0.1333333333333333,2.0777269464382166e-07,56,1
1321,3281,-0.0078431372549019,3.583752416335511e-07,84,1
2754,3281,-0.0039215686274509,3.0086073235545136e-07,87,1
2755,3281,-0.0078431372549019,5.842713395425572e-07,93,1
3281,4819,0.0431372549019607,6.092746006012512e-07,76,1
3281,5732,0.0431372549019607,4.464315577127276e-07,78,1
3282,3283,0.0303030303030303,1.9877630287332537e-07,15,1
3282,4816,0.7575757575757576,6.052816683670699e-07,18,1
3282,4820,0.1515151515151515,9.73181447358112e-07,23,1
1003,3283,-0.1714285714285714,1.2875587522187386e-07,20,1
2100,3283,-0.4857142857142857,1.0698372235413406e-07,22,1
3283,4815,0.0571428571428571,2.622273379919421e-07,27,1
3283,4820,0.2285714285714285,1.9122681533935598e-07,28,1
1358,3284,-0.1019607843137254,2.5279432784026505e-05,244,0
3284,5853,0.0078431372549019,2.1743118978981833e-05,235,0
3284,6239,0.0039215686274509,2.450317135461517e-05,244,0
1486,3285,-0.0196078431372549,6.578994375446549e-05,227,0
2696,3286,-0.003875968992248,4.168687088442238e-05,245,0
3286,3628,0.003875968992248,4.0594856166905436e-05,234,0
3286,4110,0.003875968992248,6.480872744343999e-05,234,0
134,3287,-0.02734375,1.0766811476397582e-06,87,1
1991,3287,-0.20703125,7.108409027305984e-07,85,1
2647,3287,-0.00390625,5.238792782839292e-07,77,1
3153,3287,-0.1640625,1.1743879693039756e-06,82,1
3155,3287,-0.03125,3.7390254772658535e-07,85,1
3287,4019,0.15625,9.767152220007338e-07,98,1
2499,3288,-0.0117647058823529,4.766941013655459e-05,297,0
3288,4108,0.0039215686274509,4.408190678057698e-05,254,0
2425,3289,-0.00390625,2.0878333991340155e-05,251,0
3289,3862,0.00390625,2.126090070876908e-05,239,0
3289,6239,0.00390625,2.2421499797658393e-05,278,0
471,3290,-0.0038610038610038,4.397679212791922e-05,265,0
2001,3290,-0.0038610038610038,2.8762379324448845e-05,280,0
2740,3290,-0.0038610038610038,3.01848976094518e-05,268,0
3290,4109,0.0115830115830115,2.20264279049069e-05,275,0
3290,4110,0.0115830115830115,2.2958792204302998e-05,262,0
126,3291,-0.0077519379844961,3.041519245273299e-05,264,0
808,3291,-0.003875968992248,2.9489319093184156e-05,274,0
375,3292,-0.0157480314960629,2.6511044678625024e-05,252,0
457,3292,-0.0039370078740157,2.165734509358365e-05,285,0
809,3292,-0.0039370078740157,1.983507435453856e-05,280,0
2753,3292,-0.0039370078740157,3.580394295333402e-05,261,0
3292,4109,0.0039370078740157,2.3920639564440685e-05,278,0
3292,4110,0.0078740157480314,2.728560371122747e-05,265,0
3292,4111,0.0039370078740157,3.403501327786001e-05,265,0
626,3293,-0.0117647058823529,1.9165360626894866e-05,242,0
1328,3293,-0.0039215686274509,2.831764072097426e-05,263,0
3293,3387,0.0156862745098039,1.978328258795663e-05,255,0
3293,3631,0.0039215686274509,9.073596464015925e-05,298,0
3293,4117,0.0039215686274509,2.6164080103394487e-05,264,0
3293,5764,0.0078431372549019,3.074324514239443e-05,253,0
3293,6212,0.0196078431372549,4.0258668212680656e-05,238,0
3293,6233,0.0078431372549019,2.013836738625984e-05,244,0
1724,3294,-0.0038910505836575,9.497924476151837e-05,261,0
2749,3294,-0.0077821011673151,3.14847069379135e-05,285,0
3294,6210,0.0038910505836575,1.8950026468605e-05,297,0
3294,6212,0.0038910505836575,2.8289096026700246e-05,228,0
3294,6232,0.0038910505836575,4.732560018578729e-05,238,0
3294,6444,0.0077821011673151,2.4573955818060384e-05,245,0
1358,3295,-0.0156862745098039,5.261471611811093e-05,294,0
3295,4133,0.0039215686274509,1.9610699989948696e-05,289,0
3295,6240,0.0156862745098039,1.8529949988250874e-05,255,0
1922,3296,-0.00390625,0.00013645335390714418,272,0
2495,3296,-0.00390625,2.992835682217091e-05,275,0
2739,3296,-0.01171875,3.536566116263542e-05,280,0
2749,3296,-0.00390625,2.639210687882937e-05,292,0
2752,3296,-0.00390625,2.2934834247552883e-05,299,0
3296,6236,0.0078125,0.00021727678179783074,216,0
14,3297,-0.00390625,3.000190948086825e-05,263,0
1501,3297,-0.00390625,3.853623089590768e-05,271,0
1620,3297,-0.10546875,3.539238799609903e-05,273,0
3295,3297,-0.00390625,2.8956410442530158e-05,229,0
3297,4115,0.01171875,3.1451472437380525e-05,258,0
3297,5761,0.00390625,4.820010824235905e-05,247,0
3297,5772,0.00390625,6.390369157782824e-05,242,0
3297,5777,0.00390625,4.260298137516953e-05,254,0
3297,5781,0.00390625,5.872684748055362e-05,278,0
3297,6169,0.00390625,3.190364638214064e-05,267,0
3297,6208,0.00390625,2.038778663411973e-05,241,0
3297,6210,0.01171875,0.00012761082996598115,281,0
3297,6232,0.00390625,2.2243777799307878e-05,222,0
3297,6521,0.01171875,2.681021502902709e-05,227,0
814,3299,-0.0117647058823529,5.576189362564513e-07,70,1
1872,3299,-0.396078431372549,5.871688616484906e-07,95,1
3299,4126,0.0078431372549019,8.964992573074321e-07,93,1
3299,4818,0.0117647058823529,8.682359990899794e-07,97,1
3299,5877,0.1568627450980392,9.934078744595557e-07,73,1
3299,5878,0.0117647058823529,7.795827542545288e-07,75,1
2297,3301,-0.0038910505836575,2.7226814692552928e-05,313,0
2102,3302,-0.1102362204724409,5.357685088759506e-07,50,1
3302,3624,0.0202332303398784,1.2233067387134207e-07,43,1
3302,4966,0.0078740157480314,3.5486277792262884e-07,37,1
3302,6522,-0.0044210662191816,1.2374091448324365e-07,47,1
608,3303,-0.0529411764705882,9.142822705690916e-07,45,1
3303,3624,0.0058823529411764,3.6539033310825564e-07,38,1
510,3304,-0.0104712041884816,6.894980275668508e-07,57,1
1049,3304,-0.0261780104712041,2.46754838199151e-07,83,1
3304,4147,0.0157068062827225,1.4546671174745043e-07,77,1
3304,4828,0.0052356020942408,3.2415160936104447e-07,76,1
1272,3305,-0.15625,1.9718328690318997e-07,66,1
2259,3305,-0.00390625,3.8836728986612284e-07,81,1
3306,3679,0.0068027210884353,6.678733435406653e-07,50,1
817,3307,-0.0122950819672131,6.28975398214364e-07,59,1
1817,3307,-0.0163934426229508,8.423078509640642e-07,66,1
3105,3307,-0.0122950819672131,5.698589732642496e-07,54,1
361,3308,-0.1015625,3.023382714725973e-07,54,1
3278,3308,-0.04296875,4.873483910490172e-07,45,1
3308,6179,0.015625,7.56263497321502e-07,56,1
1056,3309,-0.0389105058365758,2.5540629329983694e-07,77,1
1272,3309,-0.1634241245136186,7.211397894717297e-07,63,1
2259,3309,-0.0194552529182879,7.195744117841264e-07,78,1
3103,3309,-0.0077821011673151,3.468581389945164e-07,85,1
3305,3309,-0.0077821011673151,4.919803410309007e-07,65,1
3309,4994,0.0077821011673151,4.87150368317763e-07,64,1
190,3311,-0.0357142857142857,6.840913461925469e-07,46,1
2102,3311,-0.25,5.448320506958129e-07,42,1
2553,3311,-0.0357142857142857,6.10741627690488e-07,46,1
3311,3624,0.029385171790235,1.485085058945454e-07,35,1
3311,4824,0.0357142857142857,3.7733180144360346e-07,36,1
820,3313,-0.10546875,1.030140903313054e-06,76,1
3313,4858,-0.2178836332684824,5.069018369276507e-07,90,1
3313,6295,0.4296875,1.0664924471531951e-06,83,1
839,3317,-0.09375,6.474796712673285e-07,71,1
1019,3317,-0.00390625,1.1313985980107875e-06,97,1
3317,4897,0.0156401994163424,1.2163677887474798e-06,94,1
3317,3318,-0.1206225680933852,3.7917665383197267e-07,79,1
1051,3320,-0.0983606557377049,1.088209121812396e-06,67,1
3100,3320,-0.0163934426229508,4.861260987381254e-07,59,1
3320,6301,0.2896174863387978,7.474690421033275e-07,56,1
1530,3321,-0.0078740157480314,7.40784313515574e-07,94,1
3321,4973,0.0039370078740157,1.0424742428100952e-06,93,1
3321,6184,0.0039370078740157,6.839329060941437e-07,92,1
2932,3322,-0.00390625,5.352720426949703e-07,69,1
2934,3322,-0.0390625,3.53073264558159e-07,49,1
3100,3322,-0.11328125,9.895580444215804e-07,61,1
3102,3322,-0.05859375,4.717766957121623e-07,53,1
3322,4975,0.00390625,1.4646179234055448e-07,47,1
612,3323,-0.0075757575757575,2.6013567062863653e-07,63,1
3323,4990,0.0227272727272727,1.7054904260288043e-07,70,1
3323,6186,0.0264119797193727,4.6981607676009943e-07,64,1
3323,6301,0.0378787878787878,8.608819784056835e-07,71,1
3323,6302,-0.3115731785944552,1.1115977061400694e-06,60,1
278,3324,-0.0156862745098039,9.112501198178696e-08,45,1
355,3324,-0.0313725490196078,3.338122010901003e-07,45,1
2005,3324,-0.0039215686274509,9.538982392406196e-07,47,1
3324,3973,0.0196078431372549,7.808590414007894e-08,41,1
3324,4138,0.0039215686274509,6.372821588052299e-08,47,1
3324,4139,-0.1746498599439775,1.527460850455071e-07,49,1
3324,4140,0.2002279981760145,7.790433793941297e-08,45,1
3324,4141,0.0431372549019607,2.977350057404912e-07,51,1
3324,4560,0.1058823529411764,1.8012806895957379e-07,34,1
3324,5630,0.0039215686274509,1.0185314442128625e-07,45,1
3324,5637,0.0705882352941176,1.1574452950114031e-07,49,1
3325,6312,0.148471615720524,9.37445365124279e-07,29,1
3327,4690,0.0118110236220472,1.019892633419972e-06,83,1
3327,6403,0.0078740157480314,2.7796492585020287e-07,74,1
135,3329,-0.0313725490196078,3.529892426780971e-05,272,0
991,3329,-0.0078431372549019,2.9132704246488577e-05,246,0
1540,3329,-0.0352941176470588,2.9789104851209738e-05,254,0
1608,3329,-0.0078431372549019,1.8923479457707743e-05,248,0
1995,3329,-0.0196078431372549,3.6575140184083425e-05,239,0
2449,3329,-0.0078431372549019,2.127521550957926e-05,241,0
2887,3329,-0.0078431372549019,2.1448232893006958e-05,222,0
3329,4777,0.0156862745098039,1.8684897861594182e-05,254,0
2898,3331,-0.01171875,1.852475271289102e-05,237,0
3331,4780,0.00390625,4.361277251612384e-05,216,0
3331,4790,0.015625,2.173022449387376e-05,221,0
3331,4836,0.04296875,6.809288901930647e-05,215,0
1371,3333,-0.0625,6.714621087177382e-05,289,0
286,3335,-0.0661157024793388,1.711517393299337e-07,75,1
2628,3335,-0.0041322314049586,1.1069361522119245e-06,78,1
3335,3799,0.0250345692510531,1.0359338183051828e-06,87,1
3335,5444,0.020871819802301,6.05820942610621e-07,85,1
1371,3336,-0.0389105058365758,8.737386375374411e-05,304,0
1553,3338,-0.08984375,1.64517515298955e-07,55,1
3338,3340,0.0390625,1.8048768402508357e-07,62,1
3339,4782,0.0274509803921568,5.398552426049849e-07,97,1
3339,6353,0.0156862745098039,7.242520458418531e-07,95,1
3339,6361,0.1098039215686274,8.483417929618017e-07,90,1
1832,3340,-0.0699588477366255,1.5108399249060336e-07,73,1
3340,4796,-0.0038212815990593,3.2195566871634155e-07,65,1
3340,6304,0.0486845972957084,1.9169271913974234e-07,59,1
3341,6353,0.0039215686274509,8.444874127565328e-07,96,1
3341,6361,0.0352941176470588,9.126491566054231e-07,91,1
570,3342,-0.00390625,9.624450783606367e-05,226,0
571,3342,-0.00390625,3.927145982966848e-05,238,0
1483,3342,-0.0078125,0.000147870073382117,224,0
2292,3342,-0.0078125,4.668397986446474e-05,247,0
2312,3342,-0.00390625,2.094024609510356e-05,226,0
2398,3342,-0.00390625,0.00015629111545933458,229,0
3143,3342,-0.01171875,7.580033663532376e-05,260,0
3342,3508,0.00390625,2.3810386365427842e-05,256,0
3342,5712,0.00390625,9.737283945785043e-05,225,0
3342,5714,0.015625,6.364050493667948e-05,232,0
3342,5717,0.015625,4.5900928349797146e-05,218,0
3342,5787,0.00390625,4.446337221074582e-05,223,0
1338,3344,-0.0078125,2.5418898676126082e-05,284,0
1826,3344,-0.0078125,1.8669119832868374e-05,228,0
3167,3344,-0.01171875,5.490378150917086e-05,218,0
3344,3980,0.02734375,2.2468065503364918e-05,262,0
3344,4024,0.015625,6.676290935830506e-05,227,0
3344,5708,0.015625,2.4624027900355932e-05,270,0
3344,5792,0.03515625,2.1446544902180273e-05,266,0
3348,4213,0.01953125,1.2047115317166154e-06,20,1
431,3351,-0.015625,6.884711839307828e-07,77,1
2374,3351,-0.03125,9.543576456036509e-07,75,1
3351,5986,0.00390625,7.436391999470311e-07,94,1
3351,5990,0.01953125,1.0554135200366537e-06,69,1
620,3356,-0.1513157894736842,1.0930991423526169e-06,19,1
3014,3359,-0.0928961748633879,7.763153461432759e-07,19,1
163,3361,-0.357976653696498,7.780733364559449e-07,74,1
3361,4491,0.0505836575875486,3.4098506527168675e-07,66,1
708,3362,-0.0274509803921568,4.465581930835648e-07,63,1
1081,3362,-0.0078431372549019,6.791048017337576e-07,65,1
1793,3362,-0.0549019607843137,1.2007777126711769e-06,87,1
1891,3362,-0.188235294117647,3.4200378752628083e-07,62,1
2149,3362,-0.0156862745098039,1.005448774553566e-06,82,1
2150,3362,-0.0039215686274509,5.410655697558466e-07,70,1
3001,3362,-0.0156862745098039,7.542500318618536e-07,80,1
3362,4490,0.0509803921568627,4.0781264461819837e-07,60,1
3362,4493,0.0352941176470588,5.445183643733657e-07,59,1
1496,3366,-0.109375,1.128569107955735e-06,68,1
3366,3403,0.04296875,1.0236762013688217e-06,74,1
3366,4894,0.0430595930232558,7.339182805976474e-07,77,1
3366,6196,0.01171875,5.205380490089212e-07,79,1
3366,6435,0.00390625,9.678728799937326e-07,69,1
3366,3367,-0.1872509960159362,1.233385144476729e-06,93,1
3368,4892,0.0458988264852774,3.564439535968959e-07,92,1
1524,3369,-0.0308880308880308,2.7313850461214843e-07,59,1
3368,3369,-0.054054054054054,4.810297293442676e-07,89,1
3369,6192,0.0678498939368504,2.2033743705745837e-07,79,1
3369,6195,-0.0078421946126226,1.199458364708033e-06,97,1
3369,6199,0.1721615588803088,5.886032497922833e-07,51,1
3369,6271,-0.0483010044763032,5.768016665078325e-07,88,1
3272,3370,-0.00390625,3.5212965191460026e-07,83,1
3376,3380,0.0042918454935622,4.254543097858043e-07,74,1
3376,3460,0.0128755364806866,1.1525533821609874e-06,80,1
3376,3650,0.0284252228458237,1.1119458905773238e-06,79,1
3378,3460,0.013837275390198,3.582004229378258e-07,86,1
3378,3650,8.979347500748247e-05,5.014310890898019e-07,85,1
119,3380,-0.1,7.407248858721024e-07,41,1
2175,3382,-0.0038910505836575,1.9339207172961802e-07,88,1
3382,3463,0.0233463035019455,1.4975843618053759e-07,88,1
3382,4944,0.0116731517509727,4.7585031765185723e-07,97,1
3382,5231,0.0350194552529182,7.181314938389469e-07,88,1
3382,6495,0.0389105058365758,1.5447330889075365e-07,86,1
3382,6605,0.0077821011673151,2.0418652581190127e-07,91,1
1619,3384,-0.0196850393700787,1.0679682353524591e-06,97,1
94,3391,-0.048076923076923,7.549316281939675e-07,68,1
600,3391,-0.0288461538461538,6.984117764784425e-07,67,1
700,3391,-0.0096153846153846,7.968465686276471e-07,63,1
1714,3391,-0.0192307692307692,8.939030124887355e-07,70,1
1949,3391,-0.0096153846153846,3.1372852856194807e-07,71,1
3391,4813,0.0865384615384615,4.1573609001651115e-07,71,1
1493,3395,-0.0155038759689922,4.880675672923044e-07,78,1
1535,3395,-0.0310077519379844,7.981545565000689e-07,84,1
3395,4973,0.0465116279069767,6.377372698871753e-07,84,1
3395,6184,0.003875968992248,3.7891198616181373e-07,83,1
3395,6299,0.2054263565891473,8.294953641562873e-07,95,1
350,3396,-0.4747081712062256,3.9857209002954616e-07,58,1
3396,6178,-0.0194552529182879,2.3672329195010862e-07,71,1
3403,4894,0.0398540811673506,1.3140086854211847e-07,75,1
3403,6196,-0.0964039669922022,7.986218306572442e-07,77,1
3318,3404,-0.0233463035019455,5.302210725590545e-07,85,1
3404,4234,0.0544747081712062,1.228761278622057e-06,85,1
3404,4293,0.0116731517509727,5.16727166573323e-07,77,1
1528,3405,-0.0192307692307692,1.03744263423348e-06,52,1
2468,3405,-0.0769230769230769,7.415268536769251e-07,47,1
630,3408,-0.1634241245136186,1.0616328135256278e-06,56,1
1532,3408,-0.0272373540856031,6.540216237475266e-07,64,1
2009,3408,-0.0272373540856031,6.97200500630295e-07,64,1
2441,3408,-0.0155642023346303,1.1524460883670864e-06,63,1
3408,4164,0.0036934581712062,2.692716182553124e-07,73,1
3409,4805,0.3428571428571428,1.296142942762455e-07,20,1
3409,6309,-0.0304347826086956,4.6013436386865063e-07,16,1
3409,6356,0.1857142857142857,4.2352278129090214e-07,15,1
2387,3420,-0.00390625,3.490527397097853e-07,96,1
2725,3420,-0.01171875,9.019170879611402e-07,87,1
3183,3420,-0.03125,8.404763320545491e-07,82,1
3420,5608,0.0546875,4.223203794937123e-07,91,1
3424,4068,0.02734375,1.0313873938652711e-06,96,1
3424,5924,0.01171875,5.800504394236179e-07,96,1
1257,3426,-0.03125,1.1135309980733016e-06,52,1
3426,5572,0.0859375,1.219544406855931e-06,56,1
3426,5576,0.07421875,9.207459589362145e-07,51,1
3426,5596,0.109375,5.447180514714537e-07,70,1
3428,5596,0.1176470588235294,4.81110950438473e-07,82,1
2388,3430,-0.05078125,6.55975025903284e-07,47,1
3433,3482,0.0142857142857142,2.7477388856709813e-07,9,1
3433,3568,0.1985376827896512,3.6636518475613087e-07,10,1
3433,4326,0.0285714285714285,3.6636518475613087e-07,4,1
1680,3435,-0.08984375,1.1093010524135627e-06,42,1
3437,3974,0.00390625,8.535451117109246e-05,232,0
3437,5864,0.00390625,0.00015756078529306742,224,0
3440,6588,0.00390625,1.08964956660076e-06,24,1
3457,4850,0.1372549019607843,5.398462469415038e-07,94,1
3457,5222,0.110031919744642,5.28977159679248e-07,93,1
3457,5225,0.1725490196078431,4.1093610529896214e-07,89,1
2924,3460,-0.0168539325842696,7.835037916491601e-07,90,1
3460,3758,0.2415730337078651,6.558116725486656e-07,87,1
3460,5247,0.0056179775280898,9.432145404914108e-07,78,1
3463,4944,0.0350194552529182,3.4840787071888336e-07,95,1
3325,3465,-0.8267716535433071,7.544270012052539e-07,34,1
3465,3469,-0.0196078431372549,6.95222292915823e-07,25,1
860,3476,-0.078125,6.312228345170088e-07,65,1
1925,3476,-0.03125,2.6623836940285935e-07,84,1
2627,3476,-0.00390625,1.774192699983153e-07,83,1
3476,3481,0.0234375,1.6946609809117042e-07,84,1
3476,3846,-0.1514925826848249,5.863990046088208e-07,64,1
3476,3848,-1.5318627450980338e-05,1.388840003753778e-07,82,1
3476,3853,0.00390625,1.7375816282263312e-07,80,1
3477,3852,-0.0278104191147669,3.927587130561371e-07,14,1
150,3478,-0.0059523809523809,1.9416340309101803e-07,94,1
1220,3478,-0.0059523809523809,8.980099270785493e-07,96,1
3044,3478,-0.0119047619047619,2.738167660837957e-07,96,1
3478,3479,-0.017156862745098,5.372582302468988e-07,79,1
3478,3854,0.0059523809523809,1.8604946136223177e-07,95,1
3478,4307,0.0059523809523809,1.7090462832524242e-07,92,1
150,3479,-0.0039215686274509,7.163968528081389e-07,89,1
748,3479,-0.0274509803921568,6.808502527113794e-07,90,1
1972,3479,-0.0039215686274509,1.1848761361965389e-06,98,1
2026,3479,-0.0039215686274509,1.1846864164155615e-06,86,1
2624,3479,-0.0039215686274509,1.1442381200850116e-06,83,1
2971,3479,-0.0823529411764705,4.804187891188977e-07,48,1
3044,3479,-0.0078431372549019,1.0018719941303924e-06,91,1
3479,3854,0.0235294117647058,6.763458459524644e-07,90,1
3479,3855,0.0039215686274509,6.694240422551049e-07,77,1
3479,4324,0.0039215686274509,1.0208012068210392e-06,55,1
3479,5129,0.0156862745098039,7.578123385623486e-07,95,1
3479,5132,0.0156862745098039,1.1569266570302038e-06,84,1
1103,3480,-0.0352941176470588,6.663424344441479e-07,89,1
646,3481,-0.0116279069767441,8.335321744136394e-07,84,1
860,3481,-0.0387596899224806,3.9000479388875905e-07,65,1
3479,3481,-0.0581395348837209,7.006538787473158e-07,79,1
2028,3482,-0.0864197530864197,1.0990955542683927e-07,11,1
2620,3482,-0.1481481481481481,1.00750425807936e-07,12,1
3482,3568,0.3522892971711869,5.495477771341964e-08,13,1
648,3487,-0.0194552529182879,5.652727864382856e-07,26,1
2912,3487,-0.2607003891050584,9.659151829342902e-07,26,1
651,3499,-0.0058479532163742,1.113715330276262e-06,25,1
3499,4342,0.1403508771929824,3.075337795399452e-07,14,1
3500,4323,0.0574240159441953,3.2440203747486885e-07,94,1
1290,3508,-0.0232558139534883,5.1107083580028935e-05,290,0
1343,3508,-0.003875968992248,2.153785545880704e-05,256,0
1480,3508,-0.003875968992248,2.4299902017112227e-05,265,0
2271,3508,-0.0232558139534883,3.5550556900020826e-05,274,0
2304,3508,-0.0077519379844961,5.0298442834832265e-05,253,0
2401,3508,-0.003875968992248,5.1497651874611994e-05,243,0
2643,3508,-0.003875968992248,4.274160017874863e-05,216,0
3508,3985,0.003875968992248,0.001605166847755395,251,0
3508,4388,0.0077519379844961,3.6809406760567644e-05,241,0
3508,4727,0.003875968992248,5.752230592931665e-05,275,0
3508,6149,0.003875968992248,3.4099658651868215e-05,261,0
3509,3529,0.025,8.823080221134769e-07,33,1
3509,4511,-0.0371212121212121,6.698467250648491e-07,40,1
3509,4512,0.0384615384615384,2.2933571804146294e-07,43,1
2543,3510,-0.0238095238095238,4.39122772266057e-07,30,1
221,3514,-0.0846153846153846,2.239857898813702e-07,59,1
888,3514,-0.0076923076923076,1.216883310031578e-06,45,1
1707,3514,-0.0615384615384615,1.8221904269857088e-07,45,1
3514,3896,0.0307692307692307,2.6291076689810664e-07,52,1
3514,4426,0.1837879252221881,1.9110669933321414e-07,56,1
888,3515,-0.0112359550561797,8.81934865653266e-07,53,1
890,3515,-0.1123595505617977,1.11919077907225e-06,77,1
2163,3515,-0.0112359550561797,7.413924652382605e-07,72,1
3515,4442,0.0224719101123595,4.472056780134733e-07,69,1
159,3516,-0.0426356589147286,1.2271420937066281e-06,83,1
2814,3516,-0.065891472868217,1.2150816654781155e-06,73,1
3517,3518,-0.284729315628192,2.526994908307921e-07,9,1
3520,3893,0.3085106382978723,1.093896994512868e-06,88,1
1736,3522,-0.0341880341880341,1.0781386595038396e-06,97,1
118,3523,-0.0150375939849624,1.9948413599893862e-07,42,1
657,3523,-0.0601503759398496,5.728527117866028e-07,46,1
909,3523,-0.0075187969924812,4.3062095728290435e-07,42,1
1931,3523,-0.0601503759398496,8.431913419668213e-07,49,1
2050,3523,-0.0451127819548872,5.74021759114668e-07,52,1
3523,3525,0.0601503759398496,7.307773971979805e-07,54,1
3523,3526,0.0150375939849624,1.0255762772917071e-06,53,1
3523,3528,0.1729323308270676,1.9376001824674244e-07,40,1
3523,4501,0.0300751879699248,1.5445520770282064e-07,51,1
3523,4503,0.112781954887218,3.3763541286778714e-07,48,1
3523,5037,0.075187969924812,9.475494787306311e-07,53,1
3524,4502,0.0185185185185185,1.8402466164302794e-07,17,1
118,3525,-0.0168776371308016,2.924107831625653e-07,48,1
1740,3525,-0.0084388185654008,1.2070869136710031e-06,62,1
1931,3525,-0.0042194092827004,3.1326732118152183e-07,55,1
2050,3525,-0.0168776371308016,2.8439198256967e-07,58,1
3525,3526,0.0337552742616033,2.7439693553722574e-07,59,1
3525,3528,0.0042194092827004,8.226137017046636e-07,46,1
3525,3742,0.0084388185654008,3.0578996301191427e-07,65,1
3525,4503,0.0337552742616033,5.04117597732469e-07,54,1
3525,5037,0.1729957805907173,2.8000638031172583e-07,59,1
3526,5037,0.0039370078740157,1.2766799792460927e-07,58,1
33,3527,-0.00390625,6.87316940488124e-07,46,1
163,3527,-0.00390625,8.864891880371452e-07,75,1
719,3527,-0.046875,3.4166948603817985e-07,73,1
1931,3527,-0.00390625,4.631766300144523e-07,58,1
3361,3527,-0.1015625,2.1613004836026445e-07,65,1
3526,3527,-0.0078125,3.787568223906975e-07,62,1
3527,4496,0.0546875,3.234007845846521e-07,77,1
3527,5069,-0.0005185287610619,4.6871566743935444e-07,57,1
118,3528,-0.0212765957446808,1.641110232479656e-07,34,1
1122,3530,-0.0666666666666666,2.8142380368900383e-07,72,1
1123,3530,-0.0235294117647058,1.021869086013666e-07,71,1
3530,3531,-0.1496217384591632,3.5192024651073533e-07,66,1
3530,5192,0.1372549019607843,2.1036358435954798e-07,68,1
658,3531,-0.0787401574803149,1.213889522073717e-07,69,1
1122,3531,-0.0236220472440944,1.053233004607817e-06,76,1
1123,3531,-0.0629921259842519,3.8251208948439957e-07,75,1
3531,5192,0.0078740157480314,6.918506370120702e-07,72,1
13,3532,-0.0392156862745098,2.3013627841243246e-07,51,1
3532,3851,0.1529411764705882,4.462059052137112e-07,53,1
3532,4319,0.0352941176470588,4.3301739771661325e-07,57,1
3532,5639,0.388235294117647,4.825157800275657e-07,43,1
3533,3544,0.0155038759689922,8.792567626403137e-07,56,1
3533,3843,0.0077519379844961,4.563562725372241e-07,65,1
660,3534,-0.0619469026548672,3.8296676441213215e-07,21,1
1198,3534,-0.2566371681415929,5.263635729409298e-07,40,1
2166,3534,-0.0088495575221238,7.29080453711597e-07,28,1
3534,3541,0.0176991150442477,8.387932551303514e-07,27,1
3534,5194,0.1061946902654867,2.4659771440925616e-07,35,1
3534,5216,0.0530973451327433,1.9707718917020437e-07,37,1
3534,5217,0.0088495575221238,2.7103668988750675e-07,38,1
1198,3535,-0.0240963855421686,2.7066967110404026e-07,43,1
3535,5217,0.0240963855421686,6.100581552416954e-07,41,1
222,3536,-0.0200803212851405,2.930403993752698e-07,28,1
2263,3536,-0.2650602409638554,3.9754017424287864e-07,21,1
3536,5216,0.1325301204819277,3.6061213790269187e-07,33,1
3536,5217,0.1556661428321983,6.909838995692312e-07,34,1
3536,5405,-0.1184500849246789,9.710559322241095e-08,26,1
658,3538,-0.0454545454545454,1.1808865857320873e-06,72,1
1123,3538,-0.0511363636363636,1.22225246561432e-06,78,1
2089,3538,-0.1818181818181818,9.807187359273082e-07,81,1
3538,3540,0.1193181818181818,9.181448340028817e-07,82,1
3538,4755,0.0056818181818181,4.5659877789079883e-07,78,1
3538,5195,0.0568181818181818,1.222920865728081e-06,74,1
659,3539,-0.0416666666666666,3.732769269140323e-07,58,1
3539,4754,0.1354166666666666,3.1207393078623846e-07,56,1
658,3540,-0.0416666666666666,6.155462730052247e-07,78,1
1123,3540,-0.0166666666666666,9.486033342249217e-07,84,1
3530,3540,-0.0333333333333333,1.0694203142574096e-06,75,1
3531,3540,-0.0041666666666666,7.756762463444617e-07,79,1
1198,3541,-0.0235849056603773,6.778850678580705e-07,35,1
2166,3541,-0.2452830188679245,1.4919058647580544e-07,23,1
3535,3541,-0.0660377358490566,4.0777183866912665e-07,30,1
3541,5216,0.4056603773584906,5.950792314253286e-07,32,1
548,3542,-0.0980392156862745,4.1590632699993207e-07,70,1
3542,3841,0.0117647058823529,7.732249125432046e-07,60,1
3542,3842,-0.1849279470824474,1.2751081855677353e-07,56,1
3542,3843,-0.0791443850267379,3.3259787374010305e-07,62,1
3542,4311,-0.0743185078909612,3.3365969768085514e-07,75,1
13,3543,-0.045045045045045,3.57881959944459e-07,50,1
3532,3543,-0.0675675675675675,2.596635165294108e-07,55,1
3543,4319,0.0405405405405405,8.471136791685819e-07,56,1
3476,3544,-0.2062256809338521,9.105002025975343e-07,67,1
3544,3845,0.0038910505836575,1.0069605149075481e-06,52,1
3544,3846,0.178988326848249,7.416354935577342e-07,47,1
3544,3853,0.0700389105058365,7.438207007260121e-07,63,1
3545,4640,0.0530973451327433,4.006750640286615e-07,71,1
208,3546,-0.00390625,8.224245586771039e-07,46,1
919,3546,-0.0078125,1.2078957052775154e-06,58,1
2058,3546,-0.0078125,4.0926904119468817e-07,53,1
2948,3546,-0.01953125,6.111690573150797e-07,71,1
2961,3546,-0.015625,7.642342304613412e-07,52,1
3546,3698,0.078125,8.489536638747302e-07,58,1
3546,4537,0.00390625,4.0645965729860323e-07,61,1
3546,4538,0.0390625,1.0294754686439062e-06,42,1
3546,4539,0.00390625,8.015343105797088e-07,64,1
916,3547,-0.008130081300813,2.5493309249120485e-07,35,1
2058,3547,-0.024390243902439,7.121315487415805e-07,39,1
2959,3547,-0.008130081300813,2.272804963164159e-07,34,1
3547,3696,0.1626016260162601,1.3915594709685983e-07,28,1
3550,4591,0.213953488372093,1.1034670916598017e-06,71,1
108,3551,-0.3698630136986301,4.2974774480253806e-07,24,1
2548,3551,-0.0136986301369863,3.1079687456603066e-07,25,1
3551,3556,0.0273972602739726,3.9636602369607814e-07,23,1
3551,3607,0.0410958904109589,6.453986002319052e-07,24,1
927,3553,-0.1317829457364341,3.198166097763168e-07,90,1
3553,3605,0.0134274640088593,2.063612993793097e-07,96,1
3553,4577,0.003875968992248,2.5700347845086673e-05,222,0
2424,3554,-0.0116279069767441,6.732626489222813e-05,215,0
3554,3859,0.0077519379844961,4.2792742866522e-05,246,0
3554,5757,0.003875968992248,8.218727992878563e-05,233,0
108,3555,-0.0298507462686567,5.298216967200915e-07,30,1
2548,3555,-0.0298507462686567,5.254000696566929e-07,31,1
3555,3556,0.1890547263681592,3.95880355167234e-07,29,1
3555,3558,0.0099502487562189,1.083275280177814e-06,46,1
3555,3562,0.0049751243781094,5.819124306088913e-07,28,1
3555,3607,0.0149253731343283,5.263514801839534e-07,30,1
3555,4595,0.0398009950248756,1.0200260144405942e-06,45,1
108,3556,-0.0507614213197969,1.3559640925998437e-07,29,1
3556,3562,0.015228426395939,2.6005774223571103e-07,27,1
3556,3603,-0.1341020479607912,2.9998356890991174e-07,23,1
1501,3557,-0.0078125,0.00010320371298436505,242,0
1620,3557,-0.015625,9.759506165606948e-05,244,0
2692,3557,-0.02734375,4.3268279944627795e-05,247,0
3557,3872,0.00390625,5.901061416955218e-05,222,0
3557,3873,0.00390625,2.4518226622892752e-05,239,0
3557,4115,0.0078125,8.401144810354348e-05,229,0
3557,5757,0.00390625,2.986152715399829e-05,223,0
3557,6217,0.05078125,2.4045135353260356e-05,227,0
667,3558,-0.02734375,3.3750407210133876e-07,90,1
668,3558,-0.0078125,6.158924627583802e-07,42,1
3558,3560,0.49609375,1.1591016061094934e-06,47,1
3558,4593,0.0390625,4.331677712362552e-07,72,1
1501,3559,-0.0117647058823529,2.339122241378084e-05,237,0
1620,3559,-0.1176470588235294,2.2229655177704275e-05,239,0
3559,4115,0.0117647058823529,1.884679846228664e-05,224,0
3559,6210,0.0117647058823529,7.960078503290633e-05,247,0
3560,3562,0.1878787878787878,3.394142057817315e-07,29,1
2548,3562,-0.375,1.828386170310938e-07,29,1
752,3563,-0.00390625,4.098491100701016e-05,258,0
3563,3859,0.00390625,8.492217620505933e-05,293,0
3563,3872,0.00390625,6.222551016362881e-05,279,0
3563,3873,0.0078125,0.00020814873654855965,296,0
1328,3564,-0.003875968992248,6.949644129323213e-05,219,0
2424,3564,-0.0155038759689922,5.597570085183595e-05,216,0
3564,3859,0.0155038759689922,4.019678953394696e-05,247,0
2424,3566,-0.0193798449612403,9.197360722730613e-05,235,0
3566,3859,0.0155038759689922,3.766468410358706e-05,266,0
3566,3872,0.003875968992248,7.192112945084444e-05,252,0
3566,3873,0.0077519379844961,6.413050738043927e-05,269,0
3566,5757,0.0116279069767441,5.17265478608382e-05,253,0
2297,3567,-0.0196078431372549,4.5380312777352835e-05,302,0
3567,4130,0.0117647058823529,5.0120523481808805e-05,254,0
3567,5880,0.0039215686274509,1.884034363467753e-05,286,0
2028,3568,-0.0236220472440944,1.00750425807936e-07,12,1
2620,3568,-0.0236220472440944,9.159129618903272e-08,13,1
3568,3569,0.0134514435695538,1.4654607390245235e-07,12,1
2620,3569,-0.4166666666666667,5.495477771341963e-08,11,1
3571,3582,-0.343503937007874,7.118558181540415e-07,30,1
1934,3579,-0.01171875,9.829610664449976e-07,44,1
3580,4685,0.2686567164179104,9.159129618903272e-08,5,1
2857,3597,-0.0078125,2.6512262107640465e-05,218,0
557,3598,-0.02734375,2.867006859150647e-05,216,0
3078,3598,-0.015625,2.7916297644974533e-05,226,0
3601,3859,0.00390625,3.518951406053194e-05,237,0
3601,3873,0.00390625,5.53845446660663e-05,240,0
3601,5757,0.00390625,6.729771556173506e-05,224,0
3601,5821,0.00390625,3.0247098751232445e-05,229,0
108,3603,-0.0387931034482758,3.848063851226023e-07,24,1
666,3603,-0.5517241379310345,9.893866884508734e-08,14,1
3603,3607,0.021551724137931,4.900614761522204e-07,24,1
3604,5780,0.01171875,2.103476433931162e-05,231,0
927,3605,-0.1666666666666666,3.3533663614458663e-07,86,1
3605,5745,0.0059523809523809,2.1204366829648613e-05,220,0
3558,3606,-0.0278884462151394,8.680962347762411e-07,74,1
3606,4593,0.1354581673306772,8.859522243554005e-07,84,1
3606,4595,0.1354581673306772,1.195494645101775e-06,73,1
108,3607,-0.0157480314960629,2.071728802867188e-07,30,1
668,3607,-0.0078740157480314,9.20383212712485e-07,26,1
2548,3607,-0.7244094488188977,2.641330233719278e-07,31,1
3560,3607,-0.1496062992125984,2.3160836788135448e-07,31,1
3562,3607,-0.0708661417322834,4.43664229067197e-07,28,1
1212,3608,-0.0098039215686274,3.5961573177179494e-07,66,1
3608,3609,0.0050093029912695,2.81244731205928e-07,70,1
1212,3609,-0.0072992700729927,1.53014022887949e-07,60,1
2222,3609,-0.0656934306569343,6.599263862767788e-07,62,1
2628,3609,-0.0948905109489051,5.199513473673137e-07,69,1
2629,3609,-0.0145985401459854,1.0702894343092205e-06,55,1
2630,3609,-0.0948905109489051,1.1769770818051498e-06,64,1
3609,3610,-0.052333757449943,5.078451577148564e-07,67,1
252,3610,-0.0504587155963302,6.546336932935562e-07,76,1
1212,3610,-0.0137614678899082,4.0601893127440354e-07,63,1
2222,3610,-0.1009174311926605,2.083034961911782e-07,65,1
2276,3610,-0.0229357798165137,1.1190603824767263e-06,76,1
2628,3610,-0.0412844036697247,9.16593852353708e-08,72,1
2629,3610,-0.0045871559633027,7.414834710641877e-07,58,1
2630,3610,-0.1834862385321101,1.9143118800756004e-07,67,1
3335,3610,-0.0091743119266055,1.0764860444513735e-06,76,1
3610,3801,0.0275229357798165,1.049486809401321e-06,93,1
3610,5413,-0.1726050778749733,3.775304438868266e-07,69,1
3610,5414,0.0412844036697247,2.977142391184432e-07,71,1
3610,5444,0.036697247706422,5.903909247603123e-07,79,1
3610,5447,0.0045871559633027,8.896825402925013e-07,64,1
3610,5450,0.018348623853211,7.144322750113104e-07,78,1
3612,5435,0.015625,1.9517903561970592e-05,250,0
1214,3614,-0.0038910505836575,2.6004457043940733e-05,267,0
3614,3617,0.0038910505836575,4.534387906091215e-05,247,0
3614,3619,0.0233463035019455,2.784597108810582e-05,216,0
3614,5211,-0.0116128253853346,4.9460883509197224e-05,251,0
3614,5423,0.0077821011673151,2.4176347278021736e-05,259,0
3614,5442,0.0038910505836575,2.118197978057659e-05,254,0
3614,5666,0.0038910505836575,4.935943508573138e-05,216,0
3615,5667,0.0156401994163424,1.422671235495302e-07,91,1
5,3617,-0.00390625,3.195966978707023e-05,218,0
123,3617,-0.00390625,0.0004555135756160317,229,0
681,3617,-0.0078125,2.889173919292001e-05,219,0
711,3617,-0.0234375,2.988258209540189e-05,222,0
713,3617,-0.0546875,2.1729779655445884e-05,220,0
1295,3617,-0.00390625,4.902937142702252e-05,228,0
1302,3617,-0.0078125,0.00010665955975247585,221,0
1304,3617,-0.00390625,5.7315829385396356e-05,239,0
1563,3617,-0.0234375,5.806507065439474e-05,230,0
1689,3617,-0.05859375,4.777812673228342e-05,232,0
1697,3617,-0.00390625,0.00029581419198314285,216,0
1955,3617,-0.015625,6.139237107601253e-05,219,0
2285,3617,-0.0078125,9.780232866539494e-05,242,0
2286,3617,-0.01953125,0.00010257382573530077,275,0
2459,3617,-0.00390625,0.00010888717071877956,226,0
2569,3617,-0.00390625,0.00026536149002738036,277,0
3612,3617,-0.015625,3.517221640136067e-05,219,0
3617,3721,0.00390625,0.0017701737603225125,259,0
3617,3722,0.0078125,0.00037513920732410735,295,0
3617,3806,0.01171875,7.309435671587525e-05,222,0
3617,5199,0.01171875,0.0004650389745744043,302,0
3617,5215,0.01171875,2.506691671125851e-05,215,0
3617,5661,0.01953125,5.191494474267274e-05,229,0
3617,5663,0.00390625,0.00018049703834062603,224,0
3617,5670,0.00390625,9.44151764010378e-05,235,0
3617,5671,0.00390625,6.400009338721331e-05,230,0
3617,5688,0.00390625,8.151170000555207e-05,218,0
3617,5694,0.00390625,0.0003221774248548535,235,0
3617,6369,0.00390625,0.00023821531038291865,275,0
2286,3618,-0.0047393364928909,4.4845113000784574e-05,228,0
3618,6048,0.0995260663507109,4.891866360607126e-07,84,1
2285,3620,-0.01953125,8.702184194482105e-05,222,0
2286,3620,-0.02734375,9.346164229712005e-05,255,0
2569,3620,-0.01953125,0.00022697266415987817,257,0
3620,3722,0.00390625,0.0003152090780515536,275,0
3620,5199,0.01953125,0.00039050260109462994,282,0
3620,5670,0.00390625,8.802259663597449e-05,215,0
3620,5697,0.0078125,0.00019042231493972042,223,0
608,3621,-0.0194174757281553,6.811105514180068e-07,47,1
684,3621,-0.029126213592233,1.766432922892081e-07,37,1
1942,3621,-0.203883495145631,1.446376166339417e-07,38,1
2503,3621,-0.087378640776699,1.8437541364804196e-07,41,1
2553,3621,-0.058252427184466,7.812773051954719e-07,51,1
3302,3621,-0.2621359223300971,1.2512994291226482e-07,39,1
3303,3621,-0.087378640776699,1.049211134231462e-07,34,1
3621,3624,0.0097087378640776,2.447335820052928e-07,40,1
3621,4824,0.0194174757281553,5.676880503542679e-07,41,1
3621,6522,0.029126213592233,1.8152752002365828e-07,44,1
2102,3624,-0.2721518987341772,3.5226029798514625e-07,51,1
1944,3625,-0.003875968992248,2.2325085687645246e-05,221,0
2449,3625,-0.0193798449612403,8.132101830514438e-05,247,0
2745,3625,-0.0077519379844961,3.090043654776417e-05,256,0
3625,4773,0.003875968992248,3.728810867406549e-05,235,0
3625,6335,0.003875968992248,6.0777303716012115e-05,267,0
3625,6342,0.003875968992248,2.936571640811508e-05,220,0
3625,6483,0.003875968992248,7.343690304947752e-05,245,0
391,3626,-0.046875,5.265206362488161e-05,221,0
1896,3626,-0.01953125,2.790921799632655e-05,232,0
2095,3626,-0.0078125,2.1527461767683887e-05,242,0
2488,3626,-0.0078125,3.476709292775416e-05,230,0
2791,3626,-0.03515625,0.0001099629704182357,223,0
2898,3626,-0.00390625,2.9501010105748836e-05,259,0
3375,3626,-0.05859375,4.450856437633585e-05,220,0
3626,3642,0.00390625,2.415383885026916e-05,254,0
3626,4790,0.015625,3.1708223277711995e-05,243,0
3626,4836,0.05859375,0.00012788772615034654,237,0
3626,6339,0.046875,2.14402871678784e-05,225,0
3626,6464,0.0625,0.00013846729102279508,226,0
3626,6484,0.01171875,2.1136248520122886e-05,244,0
3626,6595,0.01171875,2.285867559186991e-05,274,0
2449,3627,-0.0155642023346303,7.255558983227753e-05,229,0
82,3628,-0.0078125,2.865543944666679e-05,245,0
391,3628,-0.00390625,0.00015228471112774074,224,0
1607,3628,-0.01171875,2.457880023207037e-05,266,0
1608,3628,-0.0078125,3.308909555438814e-05,268,0
1896,3628,-0.0625,7.919313724339726e-05,235,0
3375,3628,-0.00390625,0.00012263170755869214,223,0
3628,3635,0.015625,2.349091384892632e-05,244,0
3628,4790,0.00390625,5.472569010792224e-05,246,0
3628,4836,0.03125,0.00037531385130831985,240,0
3628,6335,0.01171875,2.2556504081817814e-05,281,0
3628,6339,0.015625,4.659272762116644e-05,228,0
3628,6463,0.0078125,1.9913398233858874e-05,226,0
3628,6483,0.0234375,2.216614785713442e-05,259,0
3628,6484,0.015625,3.8203809795406465e-05,247,0
3628,6595,0.0078125,4.113899936303646e-05,277,0
391,3630,-0.0625,2.750125115959274e-05,238,0
2791,3630,-0.03125,5.568679509458224e-05,240,0
2898,3630,-0.0078125,2.7735876800058608e-05,276,0
3375,3630,-0.109375,2.3717406806543574e-05,237,0
3630,4836,0.04296875,6.843386050182747e-05,254,0
3630,6464,0.0078125,7.828953075345535e-05,243,0
3630,6465,0.0390625,4.624825670505747e-05,231,0
3630,6484,0.00390625,2.0299801187446417e-05,261,0
3630,6595,0.015625,2.207067727554796e-05,291,0
82,3631,-0.0505836575875486,3.840940919518048e-05,282,0
391,3631,-0.0194552529182879,3.528343965607954e-05,261,0
394,3631,-0.0116731517509727,6.127553425211966e-05,290,0
617,3631,-0.0077821011673151,9.76227829023306e-05,282,0
789,3631,-0.0038910505836575,8.100063444922602e-05,282,0
993,3631,-0.0038910505836575,0.00015242015839298794,228,0
1368,3631,-0.0077821011673151,0.00011557497090983955,300,0
1607,3631,-0.0077821011673151,2.0623344853718934e-05,303,0
1608,3631,-0.0116731517509727,3.6653406942288355e-05,305,0
1657,3631,-0.0272373540856031,2.1544623095793436e-05,247,0
1894,3631,-0.0038910505836575,4.2957808569312825e-05,228,0
1995,3631,-0.0038910505836575,0.0005319259074785278,296,0
2095,3631,-0.0428015564202334,5.694502736449734e-05,282,0
2314,3631,-0.0038910505836575,9.999542187413236e-05,264,0
2449,3631,-0.0116731517509727,6.784192942667606e-05,298,0
2791,3631,-0.0116731517509727,6.501273155375744e-05,263,0
2887,3631,-0.0116731517509727,6.359086783544383e-05,279,0
2898,3631,-0.0389105058365758,5.626850589059335e-05,299,0
3344,3631,-0.0583657587548638,8.220411862567417e-05,286,0
3372,3631,-0.0155642023346303,4.779811805890175e-05,218,0
3375,3631,-0.0272373540856031,4.883363710309896e-05,260,0
3631,3634,0.0038910505836575,4.028459488179924e-05,256,0
3631,3635,0.0038910505836575,2.3144485292807097e-05,281,0
3631,3642,0.0038910505836575,5.505047751685814e-05,294,0
3631,3644,0.0038910505836575,2.768914314417137e-05,248,0
3631,3646,0.0038910505836575,4.712544297376308e-05,300,0
3631,4031,0.0194552529182879,0.00013850771162426077,287,0
3631,4772,0.0077821011673151,4.0566853195812954e-05,278,0
3631,4775,0.0077821011673151,0.00014976445839793383,290,0
3631,4778,0.0038910505836575,0.00016723914704566402,268,0
3631,4790,0.0350194552529182,6.397231564805537e-05,283,0
3631,4836,0.0350194552529182,6.613664410498683e-05,277,0
3631,4908,0.0038910505836575,0.00022960749627839755,230,0
3631,5842,0.0038910505836575,0.00012871050653136314,256,0
3631,5870,0.0077821011673151,0.0001027267266169609,271,0
3631,5873,0.0077821011673151,0.00014878870674335575,297,0
3631,6335,0.0077821011673151,2.4110797845221945e-05,318,0
3631,6338,0.0428015564202334,2.1245616896000904e-05,235,0
3631,6339,0.0116731517509727,3.0020434050677013e-05,265,0
3631,6464,0.0155642023346303,8.416708773599555e-05,266,0
3631,6465,0.0194552529182879,6.995027632194328e-05,254,0
3631,6483,0.0038910505836575,2.2261834288356762e-05,296,0
3631,6484,0.0038910505836575,4.0021204578354476e-05,284,0
3631,6593,0.0077821011673151,2.3372270042542438e-05,236,0
3631,6594,0.046692607003891,4.9114201392908404e-05,248,0
3631,6595,0.0077821011673151,4.169636039643205e-05,314,0
135,3632,-0.015625,4.301722550146051e-05,282,0
2791,3632,-0.015625,5.5579255443263626e-05,216,0
3342,3632,-0.00390625,3.281113978848806e-05,229,0
3632,4031,0.0078125,2.777320676004099e-05,240,0
3632,4836,0.05859375,6.331659255254135e-05,230,0
3632,5873,0.01953125,3.2309195847257443e-05,250,0
3632,6464,0.06640625,6.550255444542386e-05,219,0
1598,3633,-0.0585106382978723,7.284499726294818e-07,75,1
3633,6333,-0.0413734580677208,6.618719530871009e-07,84,1
3633,6337,0.037923561859732,1.152566877567275e-06,96,1
3633,6462,-0.2772124576009867,2.4536002508448064e-07,43,1
3633,6488,0.0212765957446808,3.8651890620056893e-07,47,1
135,3635,-0.0272373540856031,4.232044019703433e-05,296,0
391,3635,-0.0194552529182879,3.2235052428880836e-05,228,0
2791,3635,-0.0077821011673151,7.359953472090786e-05,230,0
3375,3635,-0.0038910505836575,3.6728606247025533e-05,227,0
3635,4026,0.0038910505836575,0.00018673292414650682,292,0
3635,4030,0.0077821011673151,2.8312054789102416e-05,237,0
3635,4031,0.0155642023346303,2.363979862546104e-05,254,0
3635,4778,0.0038910505836575,2.3865856436717314e-05,235,0
3635,4779,0.0038910505836575,0.004055042928231049,223,0
3635,4780,0.0038910505836575,2.06765710817151e-05,245,0
3635,5839,0.0116731517509727,4.4112041175998e-05,266,0
3635,5842,0.0038910505836575,1.8874213925939794e-05,223,0
3635,5873,0.0544747081712062,2.729297498720575e-05,264,0
3635,6465,0.0038910505836575,3.658625519188335e-05,221,0
3635,6594,0.0077821011673151,2.615452230398953e-05,215,0
135,3636,-0.0039215686274509,0.0001861166939308756,278,0
394,3636,-0.0549019607843137,2.16970634927178e-05,239,0
991,3636,-0.0039215686274509,6.16708181001169e-05,252,0
1368,3636,-0.0039215686274509,6.355346203232266e-05,249,0
2449,3636,-0.0039215686274509,3.7051294905039294e-05,247,0
2887,3636,-0.0313725490196078,3.245724220395514e-05,228,0
3636,3646,0.0039215686274509,2.4159474913115534e-05,249,0
3636,4775,0.0039215686274509,7.218597336287413e-05,239,0
3636,4836,0.0274509803921568,1.990460613974853e-05,226,0
3636,5875,0.0039215686274509,3.786722634196948e-05,246,0
3636,6336,0.0078431372549019,3.0179110293525327e-05,230,0
3636,6464,0.0392156862745098,2.3164566925882427e-05,215,0
82,3637,-0.0038910505836575,2.6847230450842283e-05,232,0
394,3637,-0.0116731517509727,4.319453524454559e-05,240,0
1368,3637,-0.0038910505836575,8.637699862316944e-05,250,0
2095,3637,-0.0038910505836575,4.059489490810117e-05,232,0
2898,3637,-0.0038910505836575,3.7708446369274434e-05,249,0
3637,3642,0.0038910505836575,4.598079280458746e-05,244,0
3637,3646,0.0077821011673151,3.391110975628708e-05,250,0
3637,4773,0.0077821011673151,3.728514133900043e-05,236,0
3637,4790,0.0038910505836575,4.4008542870874315e-05,233,0
3637,4836,0.0077821011673151,3.640598836593144e-05,227,0
3637,6464,0.0194552529182879,4.772993645838173e-05,216,0
2481,3638,-0.0905511811023622,5.678320315437915e-07,93,1
2744,3638,-0.0393700787401574,3.6485444062564606e-07,96,1
3638,3639,0.0708661417322834,6.003006503848717e-07,94,1
3638,6228,0.055789537935665,3.6313982782680915e-07,88,1
3639,6221,-0.1292567619933348,7.631250465014597e-07,89,1
3639,6227,-0.0038595675424319,9.138063091644398e-07,96,1
2448,3640,-0.0350877192982456,2.2728657287492164e-07,27,1
3141,3642,-0.0039215686274509,9.975536437428144e-05,264,0
3508,3642,-0.0117647058823529,2.8552534672405783e-05,274,0
135,3643,-0.0118110236220472,9.588471349082262e-05,309,0
302,3643,-0.0039370078740157,2.7365804180882787e-05,229,0
391,3643,-0.0393700787401574,2.6792907419162204e-05,241,0
789,3643,-0.0275590551181102,3.6660940965739413e-05,262,0
991,3643,-0.0118110236220472,4.6520251372614024e-05,283,0
1368,3643,-0.0078740157480314,4.4496783777483835e-05,280,0
2093,3643,-0.0039370078740157,2.2337727202813865e-05,237,0
2095,3643,-0.0511811023622047,2.206525739082569e-05,262,0
2449,3643,-0.0118110236220472,2.2952901590997755e-05,278,0
2488,3643,-0.0039370078740157,2.0656732161272806e-05,250,0
2791,3643,-0.0118110236220472,5.4853920753990655e-05,243,0
2887,3643,-0.0236220472440944,2.126476567563601e-05,259,0
3342,3643,-0.0039370078740157,7.599405735558536e-05,256,0
3344,3643,-0.0314960629921259,2.75890328325045e-05,266,0
3375,3643,-0.0157480314960629,2.753702626705392e-05,240,0
3642,3643,-0.0314960629921259,2.3986796174253303e-05,274,0
3643,4031,0.0078740157480314,5.5741997530721044e-05,267,0
3643,4773,0.0118110236220472,1.995151332622387e-05,266,0
3643,4775,0.0039370078740157,5.613262470607535e-05,270,0
3643,4777,0.0275590551181102,3.85880388160113e-05,291,0
3643,4778,0.0039370078740157,7.28987065286455e-05,248,0
3643,4836,0.0118110236220472,5.897190327384555e-05,257,0
3643,5842,0.0039370078740157,5.545140714517038e-05,236,0
3643,5873,0.0196850393700787,5.9946827937088766e-05,277,0
3643,5875,0.0511811023622047,2.2751481959761024e-05,277,0
3643,6464,0.0275590551181102,6.154013199504987e-05,246,0
3643,6465,0.0314960629921259,3.9566388954752765e-05,234,0
3643,6594,0.0039370078740157,2.853817362710448e-05,228,0
3645,5834,0.0155642023346303,2.1167420307590584e-05,234,0
1338,3646,-0.04296875,2.9560358741290846e-05,298,0
2404,3646,-0.0078125,2.82373903215363e-05,296,0
3646,4024,0.00390625,4.084502792189656e-05,241,0
2925,3647,-0.0606060606060606,7.371953822479654e-07,98,1
3647,3749,0.0865800865800865,1.1049517753381689e-06,98,1
3460,3650,-0.1384615384615384,2.8603847130954173e-07,57,1
1060,3656,-0.0790513833992094,9.60606179902037e-07,82,1
2577,3656,-0.0909090909090909,1.0801014561533945e-06,94,1
2580,3656,-0.0237154150197628,1.0279380111920553e-06,98,1
2925,3656,-0.0158102766798418,8.573142844526838e-07,85,1
3656,3749,0.0197628458498023,9.69355710651705e-07,85,1
3656,3761,0.1343873517786561,1.0149095304362273e-06,81,1
2993,3660,-0.0038910505836575,5.914462204056321e-07,38,1
3664,4091,0.1192387158296249,7.746370688823968e-07,84,1
398,3667,-0.0745098039215686,8.73451569592336e-07,81,1
3667,3669,0.0588848039215686,8.633711833530981e-07,91,1
3667,5279,0.0194071329319129,2.769707426887691e-07,94,1
3667,5281,-0.0240918678228263,8.203671440767917e-07,84,1
3667,6493,0.0272156862745098,8.580849421036086e-07,83,1
3668,5279,-0.1303348754557431,2.705393897166535e-07,96,1
2558,3669,-0.0078125,6.348617005367007e-07,88,1
3668,3669,-0.078125,1.0356593277000514e-06,93,1
3669,4865,-0.0577156007751938,6.338718247877125e-07,80,1
3669,5279,0.0973486712598425,3.134698318264005e-07,79,1
1153,3670,-0.0277777777777777,3.241312641561632e-07,98,1
3670,3671,0.0016339869281045,1.232338093523902e-06,89,1
3670,3672,0.0166666666666666,5.910915508703106e-07,71,1
3670,3673,0.0267921146953405,3.073574009586867e-07,95,1
3670,4091,-0.066559829059829,5.109233515673679e-07,94,1
3670,5281,0.0111111111111111,8.383467875511497e-07,77,1
1154,3671,-0.0235294117647058,6.776208049320393e-07,74,1
1155,3671,-0.0509803921568627,9.544008392994106e-07,98,1
2106,3671,-0.0666666666666666,1.0370352605086329e-06,93,1
2191,3671,-0.0156862745098039,5.393902321620499e-07,94,1
3671,3673,0.0313725490196078,1.0653879266238243e-06,92,1
3671,5277,0.0274509803921568,3.1835023529268487e-07,86,1
3671,5278,0.0352941176470588,1.1973946593346784e-06,71,1
3671,5280,0.0117647058823529,8.429451036282112e-07,69,1
3671,5281,0.0313725490196078,5.908197401924385e-07,74,1
3671,5282,0.0392156862745098,3.961125176824299e-07,98,1
3671,6493,0.0392156862745098,6.850448516051019e-07,73,1
1153,3672,-0.0188679245283018,9.216144703667736e-07,77,1
3667,3672,-0.0188679245283018,7.995258141816009e-07,78,1
3672,3673,0.0377358490566037,7.64112971264064e-07,74,1
3672,5278,0.0377358490566037,7.794864294868966e-07,53,1
3673,5281,0.0362903225806451,8.598345364798357e-07,80,1
3673,6493,0.0524193548387096,9.074185533297849e-07,79,1
398,3675,-0.0047619047619047,1.2151307736515595e-06,79,1
3670,3675,-0.0285714285714285,3.143996169275502e-07,97,1
3675,5279,0.0095238095238095,5.442589075581062e-07,92,1
3675,5281,0.0047619047619047,1.0511655096732401e-06,82,1
384,3676,-0.5984848484848485,1.102652487860477e-06,77,1
1521,3676,-0.0606060606060606,6.226225153845898e-07,94,1
2436,3676,-0.0075757575757575,5.143970761061437e-07,82,1
609,3679,-0.22265625,6.899899491991005e-07,61,1
1272,3679,-0.125,1.2101349989150802e-06,60,1
3305,3679,-0.02734375,8.268567347290785e-07,62,1
2412,3680,-0.0078431372549019,1.000149872259901e-06,73,1
609,3681,-0.1181102362204724,6.770205519009827e-07,51,1
3679,3681,-0.0078740157480314,1.2105053784535064e-06,46,1
94,3684,-0.07421875,1.1710156690601267e-06,66,1
3684,4813,0.12890625,4.4062450975269246e-07,69,1
3104,3685,-0.036036036036036,1.7962251012109264e-07,24,1
3685,3686,-0.054054054054054,5.243398055626195e-07,25,1
3685,4143,-0.0717384050717384,7.700484081513361e-07,26,1
3685,4144,-0.3572538055296676,9.534965849780666e-08,22,1
3686,4144,0.2528735632183908,7.77303989760797e-07,23,1
3686,5621,0.009009009009009,2.3491582721347297e-07,30,1
817,3687,-0.1184210526315789,5.100023319146722e-07,61,1
1817,3687,-0.0263157894736842,7.981172056915939e-07,68,1
3105,3687,-0.0197368421052631,4.982424031366109e-07,56,1
3307,3687,-0.0263157894736842,1.5989204176481575e-07,68,1
701,3688,-0.0039370078740157,8.07233396464304e-07,56,1
1273,3688,-0.0118110236220472,1.1132893385858138e-06,45,1
1517,3688,-0.0866141732283464,1.817304553061615e-07,65,1
1817,3688,-0.0078740157480314,4.3010611598577405e-07,61,1
2258,3688,-0.0236220472440944,5.093616246483826e-07,62,1
2260,3688,-0.0078740157480314,6.270685487476316e-07,48,1
2900,3688,-0.0275590551181102,8.235208685371379e-07,59,1
2902,3688,-0.0039370078740157,5.506428346802758e-07,57,1
3307,3688,-0.0511811023622047,5.496872100119567e-07,61,1
3687,3688,-0.0905511811023622,6.921069218937289e-07,63,1
3688,4993,0.0748031496062992,1.0154767686080405e-06,61,1
522,3690,-0.1949685534591195,1.5715903361959425e-07,19,1
702,3690,-0.0062893081761006,2.3043207057082045e-07,20,1
1649,3690,-0.0377358490566037,3.536441713965431e-07,15,1
2519,3690,-0.2893081761006289,1.0304020821266181e-07,22,1
2619,3690,-0.0377358490566037,1.7362365948214653e-07,21,1
2953,3690,-0.2264150943396226,1.3357064027567274e-07,20,1
2954,3690,-0.0062893081761006,1.6708142404007277e-07,21,1
3690,4327,0.0062893081761006,4.6558908896091626e-07,15,1
3690,4330,0.10062893081761,1.2248518577660328e-07,20,1
3690,6582,0.0880503144654088,3.1439075874410044e-07,16,1
176,3691,-0.1007751937984496,9.26037081170226e-07,85,1
2249,3691,-0.0077519379844961,4.921439692880458e-07,87,1
176,3692,-0.00390625,4.6345385507384517e-07,55,1
492,3692,-0.015625,4.1947184976584306e-07,47,1
2796,3692,-0.01953125,4.246683705969838e-07,72,1
2829,3692,-0.20703125,6.894597647410717e-07,76,1
3692,4649,0.2654258578431372,1.3518265857765802e-07,50,1
3692,5485,-0.0274969362745098,1.3693858146891262e-07,47,1
481,3693,-0.11328125,7.376983848743244e-08,42,1
492,3693,-0.05078125,3.7516043982688503e-07,47,1
2144,3693,-0.02734375,7.211630716178613e-07,40,1
2145,3693,-0.00390625,7.198910725981221e-07,39,1
2794,3693,-0.00390625,3.675636876351015e-07,42,1
2795,3693,-0.09375,2.4514499975696805e-07,37,1
3692,3693,-0.01953125,1.1995501993899625e-06,46,1
3693,5485,0.15625,5.372565562219807e-07,47,1
703,3694,-0.1472868217054263,6.893093825487663e-07,44,1
3694,4649,0.1162790697674418,4.3095347365144984e-07,50,1
3695,4540,0.0119047619047619,2.20722884026827e-07,19,1
524,3697,-0.0546875,7.868213804736956e-07,46,1
524,3698,-0.09765625,3.3899981889626645e-07,48,1
916,3698,-0.0078125,1.1052160009737597e-06,49,1
2959,3698,-0.04296875,9.973357812531024e-07,48,1
3697,3698,-0.046875,2.3973231717421856e-07,56,1
3698,4537,-0.2217442850194552,4.0003164273698753e-07,61,1
481,3699,-0.0916334661354581,6.230322120444639e-07,40,1
491,3699,-0.0398406374501992,3.8199659683236196e-07,44,1
2824,3699,-0.2828685258964143,1.7462882857552035e-07,41,1
2825,3699,-0.0836653386454183,5.118462378965332e-07,41,1
3693,3699,-0.1314741035856573,5.349569947870958e-07,44,1
3700,3702,0.1245136186770427,8.576037096359394e-07,90,1
3700,4651,0.0038910505836575,9.955240809390643e-07,94,1
950,3701,-0.01953125,7.548332730711274e-08,49,1
3691,3701,-0.03515625,1.1869045532745383e-06,77,1
3701,3702,0.3281553988326848,2.824462503315687e-07,47,1
3701,4646,0.2615342027559055,8.470826573548294e-07,55,1
3701,4647,0.125,1.7847015906870208e-07,46,1
947,3702,-0.0155642023346303,1.0511326495480538e-06,79,1
1814,3702,-0.0038910505836575,9.133770918321531e-07,92,1
2076,3702,-0.2762645914396887,6.019153152905952e-07,65,1
3085,3702,-0.0272373540856031,4.822481343683047e-07,73,1
3702,4554,0.1050583657587548,1.0594005097511704e-06,91,1
3702,4637,0.0271454395048867,8.17219466075286e-07,79,1
3702,4646,0.1011673151750972,2.447130959507205e-07,54,1
3702,4648,0.0619516289005874,6.187260187981329e-07,71,1
3706,5084,0.5454545454545454,3.647695329704024e-07,75,1
3706,5093,0.0909090909090909,1.183415169725275e-06,63,1
212,3708,-0.0040816326530612,9.91687447571718e-07,82,1
1083,3708,-0.0489795918367346,5.944060773033236e-07,82,1
2565,3708,-0.0040816326530612,1.039499599934888e-06,85,1
3706,3708,-0.036734693877551,9.144511599967647e-07,74,1
3708,3929,0.0040816326530612,4.092078704291036e-07,82,1
3708,5073,0.0001600640256102,6.88006538962198e-07,83,1
3708,5075,0.0196588010204081,1.007733482704903e-06,93,1
3708,5084,0.0122448979591836,7.356640342023036e-07,91,1
1151,3709,-0.0078125,1.1699951478299382e-06,76,1
3709,3916,0.00390625,8.319008825816998e-07,78,1
3709,6004,0.01953125,2.081906164419755e-07,77,1
116,3710,-0.02734375,8.593813491192291e-07,93,1
2567,3710,-0.0703125,9.393196955140356e-07,94,1
3708,3710,-0.02734375,9.990289295458523e-07,77,1
268,3711,-0.0196850393700787,1.1478532999372281e-06,77,1
707,3711,-0.0078740157480314,9.387048207973958e-07,79,1
3709,3711,-0.0433070866141732,1.89375672429841e-07,71,1
3711,5073,0.0078740157480314,5.001088645787224e-07,70,1
3711,6004,0.0354330708661417,3.197790245918711e-07,70,1
2149,3712,-0.015625,1.0185681044566763e-06,94,1
2150,3712,-0.015625,3.7345159665615356e-07,82,1
2999,3712,-0.11328125,1.0177102022769332e-06,94,1
3001,3712,-0.05078125,4.01970427497897e-07,92,1
3712,4490,-0.02734375,2.996724918664617e-07,72,1
3712,4493,-0.034973857003891,1.739087207864032e-07,71,1
3713,5074,0.00390625,7.173620605969939e-07,82,1
3713,5265,0.05078125,8.70939719266542e-07,76,1
233,3716,-0.0862068965517241,5.037970138693027e-07,53,1
3716,3717,-0.0025728414862336,8.632017675166925e-07,48,1
3716,3718,0.1296836817811566,9.758607988559782e-07,51,1
3716,3880,0.0818965517241379,6.0334958187379e-07,46,1
3716,5094,-0.1041612652320456,1.0045099957992455e-06,50,1
3716,5099,-0.0260859829825347,2.7092711552914526e-07,49,1
3717,5095,0.0852713178294573,3.7668429057919293e-07,46,1
3717,5096,0.0155038759689922,4.405761168945388e-07,52,1
7,3718,-0.0472440944881889,9.686797337229272e-07,42,1
1687,3718,-0.0551181102362204,5.803130444594952e-07,50,1
2568,3718,-0.0314960629921259,2.6007103473292413e-07,47,1
3718,5099,-0.0700480621740464,7.354340397772042e-07,46,1
2286,3719,-0.005,5.262644059889007e-05,246,0
2569,3719,-0.05,0.00016931591429305857,248,0
2572,3719,-0.015,7.058191587537818e-05,219,0
3614,3719,-0.005,3.0454955059051572e-05,218,0
3719,3722,0.015,0.0002522921880971028,266,0
3719,5199,0.03,0.0003110450352543986,273,0
3719,6369,0.005,0.00014764802122230018,246,0
737,3720,-0.0116279069767441,0.00039551555094388186,231,0
1295,3720,-0.0116279069767441,4.763781357118048e-05,217,0
1689,3720,-0.0193798449612403,4.0569288508582744e-05,221,0
1824,3720,-0.003875968992248,0.0003211880468052249,220,0
2220,3720,-0.003875968992248,0.0005673749849626057,226,0
2285,3720,-0.0077519379844961,9.879518507546302e-05,231,0
2286,3720,-0.0116279069767441,9.14423088483264e-05,264,0
2458,3720,-0.0077519379844961,8.771088425813007e-05,225,0
2459,3720,-0.0077519379844961,0.0001244929580199609,215,0
2569,3720,-0.0503875968992248,0.00026558159058818375,266,0
2572,3720,-0.0077519379844961,0.00011328824303425699,237,0
3614,3720,-0.0310077519379844,4.644427952534577e-05,236,0
3720,3722,0.0542635658914728,0.0003878688313402704,284,0
3720,3808,0.003875968992248,0.00038550609850614295,224,0
3720,5199,0.0155038759689922,0.0004803774642271281,291,0
3720,5434,0.003875968992248,0.00034566816790572246,221,0
3720,5435,0.0077519379844961,0.0003029415958648078,220,0
3720,5436,0.0116279069767441,0.00019428822609524792,215,0
3720,5670,0.003875968992248,8.322329977022631e-05,224,0
3720,5671,0.0077519379844961,5.42882401454055e-05,219,0
3720,5697,0.0271317829457364,0.00022349956450674787,232,0
3720,6369,0.0077519379844961,0.00023481452679623063,264,0
5,3721,-0.0039215686274509,2.4360641891161826e-05,277,0
257,3721,-0.0039215686274509,0.0002993770259371638,261,0
287,3721,-0.0039215686274509,4.1216544261860914e-05,268,0
569,3721,-0.0235294117647058,2.93416792286451e-05,300,0
681,3721,-0.0039215686274509,4.441373910386547e-05,278,0
737,3721,-0.0078431372549019,5.317706861247722e-05,301,0
782,3721,-0.0039215686274509,0.00014262597372639513,261,0
1207,3721,-0.0156862745098039,6.649978950751107e-05,273,0
1208,3721,-0.0156862745098039,2.6293932675395425e-05,265,0
1226,3721,-0.0039215686274509,0.0001477118308030816,276,0
1299,3721,-0.0078431372549019,8.397761417244623e-05,264,0
1302,3721,-0.0156862745098039,4.126911866345553e-05,280,0
1697,3721,-0.0039215686274509,6.17426851067933e-05,275,0
1848,3721,-0.0039215686274509,0.00013242407967179815,261,0
2152,3721,-0.0078431372549019,0.00013430272733284067,265,0
2173,3721,-0.0039215686274509,9.002676799960524e-05,261,0
2219,3721,-0.0078431372549019,0.00010882451238434711,291,0
2220,3721,-0.0039215686274509,0.00017377433236044764,296,0
2281,3721,-0.0039215686274509,0.00013628235453407822,269,0
2373,3721,-0.0117647058823529,2.6039426707669445e-05,279,0
2459,3721,-0.0039215686274509,4.3577826837180605e-05,285,0
2576,3721,-0.0078431372549019,5.5528951103345666e-05,267,0
3131,3721,-0.0156862745098039,3.284474221520723e-05,287,0
3133,3721,-0.0039215686274509,0.00038579373801681525,277,0
3135,3721,-0.0117647058823529,6.363706972705708e-05,228,0
3136,3721,-0.0392156862745098,1.8740506500127264e-05,249,0
3225,3721,-0.0039215686274509,6.899365742110153e-05,270,0
3721,3729,0.0039215686274509,8.495232627936997e-05,267,0
3721,3795,0.0039215686274509,0.0007202460887814789,282,0
3721,3813,0.0039215686274509,0.0001163897674203108,281,0
3721,5104,0.0039215686274509,0.00028415477261445007,278,0
3721,5212,0.0117647058823529,3.5984626794821944e-05,261,0
3721,5215,0.0117647058823529,8.56710608161748e-05,274,0
3721,5429,0.0117647058823529,2.0263941851074676e-05,285,0
3721,5430,0.0039215686274509,7.565613718559765e-05,284,0
3721,5431,0.0196078431372549,6.405286276100628e-05,278,0
3721,5434,0.0039215686274509,8.578245684539413e-05,291,0
3721,5441,0.0117647058823529,6.434834582956135e-05,265,0
3721,5465,0.0039215686274509,0.00016667718040899054,284,0
3721,5693,0.0117647058823529,2.336559939548563e-05,276,0
1091,3722,-0.005524861878453,2.298748407089579e-05,265,0
1216,3722,-0.0165745856353591,2.0547452839415243e-05,302,0
1226,3722,-0.0276243093922651,2.489364994640809e-05,312,0
2152,3722,-0.011049723756906,1.951073808723034e-05,301,0
2155,3722,-0.005524861878453,3.273704476198043e-05,288,0
3222,3722,-0.005524861878453,8.217002039211845e-05,298,0
3722,3812,0.005524861878453,3.613492540709291e-05,302,0
3722,3816,0.005524861878453,4.0939864907183216e-05,315,0
3722,3992,0.0165745856353591,4.026139550651747e-05,321,0
3722,4002,0.005524861878453,5.854657592219537e-05,279,0
3722,5104,0.0165745856353591,5.001122561325655e-05,314,0
3722,5109,0.005524861878453,4.988892532439125e-05,227,0
3722,5465,0.0165745856353591,3.3329464380236026e-05,320,0
3722,5481,0.0165745856353591,2.5078965993329787e-05,306,0
1209,3725,-0.0153846153846153,6.568781354525626e-07,90,1
3725,5433,0.0076923076923076,7.518832103226489e-07,81,1
2167,3726,-0.046875,7.763371458327668e-08,34,1
2769,3726,-0.03125,4.866648804889172e-07,42,1
569,3728,-0.0194552529182879,0.00014495808203233992,227,0
737,3728,-0.0038910505836575,8.611746379911045e-05,228,0
1824,3728,-0.0389105058365758,7.735991583966908e-05,217,0
2220,3728,-0.0038910505836575,0.0001228951181172035,223,0
2285,3728,-0.0155642023346303,2.9043812270431973e-05,228,0
2286,3728,-0.0077821011673151,3.5436274898352695e-05,261,0
2458,3728,-0.0038910505836575,2.3738452064842058e-05,222,0
2569,3728,-0.0077821011673151,7.875122703266305e-05,263,0
2572,3728,-0.0272373540856031,3.976486814118823e-05,234,0
3722,3728,-0.0155642023346303,0.0001049441068684094,281,0
3728,3808,0.0038910505836575,8.388479883234063e-05,221,0
3728,5199,0.0194552529182879,0.0001312675474460807,288,0
3728,5434,0.0077821011673151,7.57231454414247e-05,218,0
3728,5435,0.0194552529182879,7.897635723391832e-05,217,0
3728,5671,0.0038910505836575,2.3709130115889965e-05,216,0
3728,5694,0.0038910505836575,9.398183376737739e-05,221,0
3728,6369,0.0155642023346303,7.20756138148417e-05,261,0
3729,5669,0.0039370078740157,7.195885997575388e-05,222,0
3730,5159,-0.0714285714285714,6.406137521237643e-08,56,1
3730,5163,0.0084033613445378,1.68450830959542e-07,53,1
3730,5164,-0.0558168221417007,1.1756502752731304e-07,63,1
3730,5459,0.0252100840336134,1.2754891146621495e-07,55,1
256,3731,-0.2413793103448276,1.4663538756997622e-07,40,1
1217,3731,-0.0689655172413793,2.6432860016618214e-07,48,1
3126,3731,-0.0172413793103448,8.504731548770758e-07,50,1
3128,3731,-0.0862068965517241,3.8610599201928046e-07,32,1
3731,5159,0.0517241379310344,3.0289626012687456e-07,43,1
3731,5163,0.0172413793103448,1.6931330923958945e-07,40,1
3731,5165,0.1206896551724138,1.902297978012399e-07,43,1
3731,5172,0.0351952123111997,1.199655938124898e-07,34,1
2571,3733,-0.0087719298245614,6.345171947038376e-07,95,1
3733,5698,0.3245614035087719,5.807434030450729e-07,92,1
58,3734,-0.01953125,2.172753136049578e-05,224,0
1093,3734,-0.03125,9.400874164640903e-05,231,0
2230,3734,-0.00390625,3.275141679735183e-05,222,0
2279,3734,-0.00390625,2.6331082378482273e-05,232,0
3133,3734,-0.0078125,2.1030795851372776e-05,237,0
3613,3734,-0.00390625,5.1147669071898433e-05,229,0
3734,3795,0.02734375,4.8307010361794935e-05,242,0
3734,5113,0.015625,0.00041410242485244523,228,0
3734,5423,0.00390625,3.388821162911841e-05,231,0
3734,5473,0.01953125,2.682033502806826e-05,215,0
3734,5681,0.00390625,4.172598544542486e-05,229,0
3735,3795,0.0493827160493827,3.197510096907088e-05,221,0
3737,4415,0.0072665429808286,5.493229027106387e-07,55,1
3737,4462,0.1287878787878787,4.4708945288884883e-07,34,1
3737,5162,-0.0079852579852579,2.2616099911793648e-07,55,1
3737,5199,0.0227272727272727,0.00029904064683339136,226,0
118,3739,-0.0082644628099173,5.935734057265834e-07,34,1
1740,3739,-0.1074380165289256,1.003040751503332e-06,48,1
2938,3739,-0.0661157024793388,1.8547107054909305e-07,37,1
3739,3741,0.1322314049586777,1.603491741417332e-07,38,1
10,3741,-0.0147058823529411,2.964726459836376e-07,53,1
1740,3741,-0.1470588235294117,8.835440661236481e-07,54,1
2938,3741,-0.088235294117647,1.1284299696641812e-07,43,1
3741,3742,0.1029411764705882,5.23316361230241e-07,57,1
1740,3742,-0.0235294117647058,5.385987675194392e-07,67,1
2050,3742,-0.0431372549019607,4.522748361165842e-07,63,1
163,3743,-0.0233463035019455,7.062844043169779e-07,73,1
3361,3743,-0.0583657587548638,1.139388532243317e-07,63,1
3743,4496,0.0194552529182879,2.0692649775929472e-07,75,1
3743,5069,0.0077821011673151,3.341400631019903e-07,55,1
3361,3744,-0.1935483870967742,6.196298282687821e-07,46,1
3743,3744,-0.0161290322580645,6.189869120551662e-07,45,1
3744,5069,0.1129032258064516,3.130360173312346e-07,38,1
3744,5070,-0.1073200992555831,9.456446212833816e-07,23,1
3745,5041,0.0078431372549019,1.2194022884999105e-06,97,1
2995,3747,-0.0101010101010101,7.861476530272188e-07,64,1
228,3748,-0.0316205533596837,4.1206202483270426e-07,83,1
720,3748,-0.0079051383399209,6.658454782224733e-07,78,1
1060,3748,-0.0790513833992094,7.385249541362092e-07,90,1
2126,3748,-0.0079051383399209,4.1613464796218367e-07,86,1
2178,3748,-0.0158102766798418,6.052301486248969e-07,98,1
3748,3749,0.0237154150197628,1.0061452733731729e-06,93,1
3748,3760,0.0395256916996047,6.989539416379779e-07,86,1
3748,3761,0.0513833992094861,3.888654026113604e-07,89,1
3656,3750,-0.0739299610894941,2.3751821690665312e-07,81,1
1960,3751,-0.02734375,5.776111550786908e-07,98,1
203,3760,-0.0078431372549019,6.049124037241265e-07,84,1
1777,3760,-0.0117647058823529,8.316369659511661e-07,86,1
2127,3761,-0.0509803921568627,1.2341107063442448e-06,73,1
3760,3761,-0.0274509803921568,5.18840678999491e-07,87,1
3761,5092,0.1333333333333333,5.497830518102074e-07,72,1
518,3762,-0.00390625,2.108345247298497e-07,87,1
718,3762,-0.09765625,4.6767354455149367e-07,91,1
3762,4500,0.04296875,3.6617845139704585e-07,86,1
1290,3765,-0.5058365758754864,1.8754248732270146e-05,218,0
3765,5302,0.0038910505836575,6.557154101863228e-05,220,0
3766,3770,-0.0078125,3.1582001944774865e-07,98,1
236,3772,-0.0277777777777777,4.2572544779228507e-07,63,1
537,3772,-0.0138888888888888,7.149087577303963e-07,80,1
872,3772,-0.0138888888888888,7.589556484322949e-07,83,1
1794,3772,-0.0694444444444444,3.99876060602403e-07,73,1
2036,3772,-0.0555555555555555,4.147584992443242e-07,81,1
2196,3772,-0.0138888888888888,9.21908098480863e-07,69,1
2583,3772,-0.0277777777777777,5.543301136171545e-07,63,1
3009,3772,-0.0277777777777777,7.921325289405849e-07,91,1
3772,3774,0.0277777777777777,8.970576912746341e-07,61,1
3772,4364,0.0277777777777777,4.1749634667990393e-07,84,1
3772,5292,0.0052083333333333,5.538126210369533e-07,49,1
1962,3773,-0.0622568093385214,1.9547882298547152e-07,54,1
2195,3773,-0.0038910505836575,3.226379418468352e-07,80,1
3007,3773,-0.0077821011673151,2.6501758690311045e-07,83,1
3772,3773,-0.0116731517509727,6.505543903648814e-07,49,1
3773,3774,0.0077821011673151,2.9959051919631945e-07,64,1
3773,5292,0.3190661478599221,1.433707362901072e-07,52,1
3773,5293,-0.0039214494163424,2.2357187496908503e-07,66,1
537,3774,-0.0379746835443038,8.241094890909291e-07,95,1
872,3774,-0.0379746835443038,8.373230765073911e-07,98,1
883,3774,-0.0379746835443038,1.763416250844652e-07,85,1
2036,3774,-0.0126582278481012,1.7628589108349113e-07,96,1
3774,3776,0.0379746835443038,5.660700880792372e-07,61,1
3774,4365,0.0126582278481012,8.27772914721526e-07,98,1
3774,5319,0.0253164556962025,8.366293545642669e-07,94,1
3775,4371,0.0116731517509727,3.563335689424556e-07,95,1
3775,4402,0.0038910505836575,4.548566852269767e-07,91,1
3775,5416,0.0077821011673151,3.598354600138939e-07,96,1
3775,5418,0.0077821011673151,3.7909210433310984e-07,91,1
289,3776,-0.046875,5.994427215184837e-07,83,1
872,3776,-0.015625,3.7450397094178616e-07,83,1
2194,3776,-0.015625,3.41519333486557e-07,68,1
2584,3776,-0.015625,3.97619819219461e-07,74,1
3776,4365,0.015625,3.6834981604850784e-07,83,1
3776,4406,0.015625,6.876854160737832e-07,93,1
3776,4408,0.046875,5.314128543586826e-07,85,1
3776,4413,0.03125,6.464255946147117e-07,73,1
3776,5295,0.015625,4.1802764174045043e-07,90,1
3776,5316,0.015625,4.150462099906375e-07,67,1
3776,5415,0.03125,3.390312581894885e-07,72,1
3776,5651,0.078125,6.240390259989385e-07,94,1
873,3777,-0.0078125,5.748255556516635e-07,98,1
3777,4359,0.00390625,8.590147230832231e-07,96,1
3777,4371,0.0078125,4.981319161456032e-07,96,1
3777,4402,0.00390625,1.0767826968439291e-06,92,1
3777,5418,0.00390625,2.8362343096299334e-07,92,1
2295,3778,-0.0333333333333333,6.196776438068788e-07,60,1
3778,4413,0.0333333333333333,4.828572089278244e-07,61,1
3778,5289,0.0666666666666666,9.588212640145803e-07,69,1
3779,3830,0.0136986301369863,2.3225466841449832e-07,78,1
1193,3784,-0.0289855072463768,1.2211181077753858e-06,84,1
2210,3784,-0.0289855072463768,1.0881853607878606e-06,81,1
3094,3784,-0.0144927536231884,1.0580594039786848e-06,90,1
3784,3823,0.0434782608695652,1.1396432707274566e-06,97,1
3784,3825,0.0289855072463768,9.616040367243928e-07,84,1
3784,5332,0.0144927536231884,8.548620523051563e-07,84,1
1190,3786,-0.0347826086956521,1.908312960924917e-07,68,1
2617,3786,-0.008695652173913,2.32175772908417e-07,70,1
3779,3786,-0.0608695652173913,4.127971855488666e-07,64,1
3786,3830,0.0608695652173913,2.2394869129404003e-07,76,1
438,3787,-0.0105263157894736,8.041718696986483e-07,61,1
742,3787,-0.031578947368421,3.551320061524453e-07,47,1
2616,3787,-0.0105263157894736,8.441019175298371e-07,62,1
3779,3787,-0.0210526315789473,9.271062130529953e-07,53,1
3788,5474,0.0101010101010101,3.7378722651528746e-05,216,0
1371,3795,-0.0079681274900398,4.26223719452282e-05,299,0
3795,5474,0.1035856573705179,2.1944233146469977e-05,258,0
53,3797,-0.00390625,1.1498476336646236e-06,89,1
3797,5106,-0.0028051593959731,1.0890511801953218e-06,86,1
3797,5124,-0.0183159722222222,1.1947297809529813e-06,92,1
651,3798,-0.0161290322580645,3.683722339319683e-07,29,1
3500,3798,-0.2258064516129032,1.0897217239249772e-06,58,1
3798,5115,0.2096774193548387,6.518660576876531e-07,51,1
252,3799,-0.046692607003891,1.1838888636104972e-06,87,1
1297,3799,-0.0194552529182879,1.0956114701105986e-06,92,1
2222,3799,-0.0077821011673151,7.718495976835158e-07,76,1
2276,3799,-0.0350194552529182,6.301397610789123e-07,87,1
3799,5414,0.0038910505836575,2.7930283832193805e-07,82,1
3799,5444,0.0739299610894941,1.6104788270222906e-07,90,1
3799,5448,0.0272373540856031,3.638966838547051e-07,86,1
3799,5450,0.0428015564202334,1.659513445491466e-07,89,1
3801,5448,0.090497737556561,5.425554115415622e-07,98,1
3801,5675,-0.0212705312288452,1.1423078911675713e-06,98,1
1371,3802,-0.0039215686274509,0.00020103669674060592,282,0
3803,5414,0.0314960629921259,1.076460400891312e-06,96,1
3805,4006,0.0196078431372549,1.8559034121142472e-05,216,0
3806,4006,0.0078125,7.967109998180012e-05,225,0
283,3808,-0.0118110236220472,7.802850005269691e-05,233,0
1093,3808,-0.0039370078740157,2.1200177930087158e-05,247,0
1371,3808,-0.0826771653543307,0.000309094560909166,311,0
3808,3989,0.0118110236220472,2.4859704691632914e-05,219,0
3808,4006,0.0039370078740157,8.304412565365224e-05,238,0
1093,3809,-0.0666666666666666,2.775833632617042e-05,236,0
1300,3809,-0.0078431372549019,2.2852631053504652e-05,220,0
1371,3809,-0.0235294117647058,0.00043755486981807075,300,0
3792,3809,-0.0705882352941176,2.0449162466330537e-05,215,0
3795,3809,-0.0745098039215686,2.0321002081344056e-05,247,0
3809,5101,0.0313725490196078,1.873002483434993e-05,216,0
3809,5113,0.0235294117647058,0.00011559762452234702,233,0
1093,3811,-0.0788381742738589,3.897220962427851e-05,218,0
3795,3811,-0.0207468879668049,2.8519365384805836e-05,229,0
3811,5113,0.0290456431535269,0.00016206179676064598,215,0
283,3813,-0.0117647058823529,3.991097666151461e-05,220,0
3813,5410,0.0039215686274509,7.102854214092072e-05,215,0
3818,5474,0.0038910505836575,2.2173933429216502e-05,233,0
1694,3822,-0.0153846153846153,8.909933955244646e-07,63,1
2059,3822,-0.0076923076923076,4.968032726215734e-07,69,1
2920,3822,-0.0153846153846153,5.706014681412808e-07,98,1
3595,3822,-0.0076923076923076,8.156910059515736e-07,57,1
3596,3822,-0.0076923076923076,4.6847652697458173e-07,63,1
63,3826,-0.003875968992248,0.00010459919071056341,222,0
3828,3830,0.0042918454935622,3.3088091762905214e-07,93,1
125,3841,-0.0038910505836575,6.767126650698903e-07,75,1
985,3841,-0.1478599221789883,4.07243835683791e-07,54,1
3476,3841,-0.0428015564202334,4.056984549293895e-07,74,1
3481,3841,-0.0116731517509727,6.835781695026644e-07,74,1
3841,3848,0.0077821011673151,2.7487611839818514e-07,72,1
3841,3853,0.2023346303501945,3.640454044819337e-07,70,1
548,3842,-0.0040160642570281,4.586696961711109e-07,70,1
661,3842,-0.072289156626506,1.1164838675906661e-07,59,1
745,3842,-0.0522088353413654,3.70656533318798e-07,59,1
3533,3842,-0.1526104417670682,7.131998530190553e-07,59,1
3841,3842,-0.036144578313253,9.792210704333423e-07,60,1
3842,3843,0.2369477911646586,3.4287798281352824e-07,62,1
3842,5178,0.0040160642570281,1.0948541355035628e-06,65,1
3544,3843,-0.1976284584980237,5.406892533907497e-07,59,1
3841,3843,-0.0079051383399209,3.5871844971613174e-07,66,1
125,3844,-0.01953125,1.2251875490111737e-07,90,1
646,3844,-0.0546875,6.008112170130131e-07,89,1
745,3844,-0.01171875,8.659932879913442e-07,78,1
860,3844,-0.015625,7.50799304653185e-07,70,1
985,3844,-0.04296875,1.117465532414576e-06,69,1
1925,3844,-0.1171875,2.5397504265041645e-07,89,1
2627,3844,-0.09765625,1.6204036915389533e-07,88,1
3045,3844,-0.015625,1.156386610690433e-06,81,1
3476,3844,-0.0078125,3.1954605823097473e-07,89,1
3479,3844,-0.00390625,5.402380236230196e-07,84,1
3481,3844,-0.1015625,2.3848360563500615e-07,89,1
3841,3844,-0.0078125,7.559613268967036e-07,79,1
3844,3847,0.00390625,8.152796452219358e-07,74,1
3844,3848,0.02734375,3.3039983195000157e-07,87,1
3844,3853,0.0234375,5.224011316393317e-07,85,1
860,3846,-0.0116731517509727,6.091437809880338e-07,45,1
1925,3846,-0.0739299610894941,9.88416804673885e-07,64,1
2627,3846,-0.0077821011673151,8.981072329307682e-07,63,1
3481,3846,-0.0972762645914396,6.776598645279638e-07,64,1
3846,3847,0.0505836575875486,4.039075600592699e-07,49,1
3846,3853,0.1088430204280155,1.8249116183940972e-07,60,1
858,3847,-0.0352941176470588,7.313474544783666e-07,38,1
860,3847,-0.3607843137254902,2.419496324116258e-07,50,1
1925,3847,-0.0196078431372549,3.869347330865619e-07,69,1
3847,4314,0.1686274509803921,5.408900409004644e-07,42,1
860,3848,-0.0078431372549019,8.474616341630995e-07,63,1
985,3848,-0.0549019607843137,4.657822971909008e-07,62,1
1925,3848,-0.0588235294117647,3.4307704743774097e-07,82,1
2627,3848,-0.0039215686274509,2.3595852917507876e-07,81,1
3481,3848,-0.0588235294117647,2.252098815587598e-07,82,1
3846,3848,-0.2352941176470588,6.946353432500121e-07,62,1
3848,3853,0.0470588235294117,2.1497639399553442e-07,78,1
747,3849,-0.01953125,4.33599937309436e-07,42,1
2165,3849,-0.15234375,2.6464059440663675e-07,43,1
3849,3850,0.1875,6.735623189882351e-07,43,1
151,3850,-0.1634241245136186,8.810136933193761e-07,28,1
3850,4316,0.7354085603112841,1.4656329582191638e-07,40,1
859,3851,-0.0116279069767441,2.531489542903969e-07,45,1
3852,4314,0.0096618357487922,1.2262934796476564e-06,24,1
860,3853,-0.015625,5.574808120123216e-07,61,1
1925,3853,-0.05078125,3.9133033404256874e-07,80,1
2627,3853,-0.01953125,3.3588757695455824e-07,79,1
3481,3853,-0.00390625,2.4685768625232905e-07,80,1
3853,4314,0.0703125,8.878556680770355e-07,53,1
1966,3854,-0.0039370078740157,8.990216258270438e-07,94,1
3854,3855,-0.0234985332715763,1.5893272239628877e-07,93,1
3854,5115,0.0039370078740157,8.599375896051015e-07,92,1
3854,5123,0.0039370078740157,1.1354811371736081e-06,94,1
214,3855,-0.0039215686274509,7.362231411771293e-07,97,1
2026,3855,-0.0156862745098039,1.9594296039938856e-07,89,1
3855,4307,0.0980392156862745,1.5703121657887146e-07,90,1
3855,5129,0.0821359373789041,2.2318931693657644e-07,98,1
150,3856,-0.0038910505836575,3.020971222015028e-07,95,1
1098,3856,-0.0233463035019455,3.188047504142174e-07,75,1
1103,3856,-0.0038910505836575,3.716914028460703e-07,69,1
1778,3856,-0.0155642023346303,3.1609892536924633e-07,77,1
1803,3856,-0.0038910505836575,4.289196142581092e-07,91,1
2226,3856,-0.0233463035019455,6.767690176132644e-07,69,1
3856,4313,0.2023346303501945,1.5382376031491538e-07,81,1
3856,4323,0.0116731517509727,7.32485220296809e-07,91,1
3856,5115,0.0194552529182879,4.346403434850264e-07,82,1
3856,5118,0.0077821011673151,2.9409817271590897e-07,79,1
3856,5130,0.0116731517509727,4.063141147932413e-07,95,1
1371,3858,-0.0043668122270742,6.102018066536324e-05,244,0
103,3859,-0.0311284046692607,2.176123271257048e-05,218,0
387,3859,-0.0116731517509727,0.00011728010684866809,222,0
468,3859,-0.0038910505836575,2.222034380223141e-05,270,0
469,3859,-0.0077821011673151,3.373172479891078e-05,260,0
688,3859,-0.0038910505836575,3.506521456782575e-05,255,0
1590,3859,-0.0038910505836575,1.8911428011610897e-05,260,0
1594,3859,-0.0038910505836575,4.001298070684766e-05,236,0
1717,3859,-0.0038910505836575,0.0003886346737718121,217,0
1724,3859,-0.0077821011673151,5.057202521852958e-05,280,0
1944,3859,-0.0194552529182879,6.815026019980445e-05,265,0
2476,3859,-0.0077821011673151,2.8673915487538627e-05,226,0
2698,3859,-0.0038910505836575,8.598365403472275e-05,223,0
2741,3859,-0.0077821011673151,4.2601210715081425e-05,251,0
3276,3859,-0.0038910505836575,0.000758097933788631,219,0
3631,3859,-0.0077821011673151,6.156373838150253e-05,307,0
3636,3859,-0.0116731517509727,4.0677508955422285e-05,256,0
3637,3859,-0.0077821011673151,2.6886812021662848e-05,257,0
3859,6202,0.0116731517509727,2.0487238663642525e-05,245,0
3859,6203,0.0311284046692607,3.7495240787033974e-05,224,0
3859,6334,0.0038910505836575,0.000939824827450873,302,0
3859,6438,0.0038910505836575,0.00023595995414729944,218,0
3859,6456,0.0155642023346303,2.2425964414650766e-05,246,0
3859,6519,0.0038910505836575,4.29787636828832e-05,247,0
77,3860,-0.0077519379844961,0.00013843775341069824,224,0
1548,3860,-0.003875968992248,2.398370420634832e-05,253,0
1591,3860,-0.0348837209302325,0.0001300166249250413,245,0
1607,3860,-0.003875968992248,0.0001564331975664579,291,0
1608,3860,-0.003875968992248,0.0003617223963551162,293,0
2745,3860,-0.003875968992248,0.00011876680692381357,295,0
3635,3860,-0.0077519379844961,0.000234030232003891,269,0
3860,6200,0.0155038759689922,0.00021221395425245822,233,0
3860,6204,0.0155038759689922,0.00010213323998607549,231,0
3860,6205,0.003875968992248,3.843179794307391e-05,235,0
3860,6334,0.0077519379844961,5.049543408364097e-05,297,0
3860,6335,0.003875968992248,0.00022862133417583276,306,0
3860,6443,0.0077519379844961,0.0001143832332831573,225,0
3860,6447,0.0193798449612403,8.709051972040631e-05,218,0
3860,6456,0.003875968992248,0.0003898333295304171,241,0
3860,6483,0.003875968992248,0.0002044043902399706,284,0
3860,6516,0.003875968992248,0.0001680534308315803,238,0
3860,6521,0.003875968992248,8.949902097155223e-05,257,0
3860,6595,0.003875968992248,0.0004291840689283248,302,0
111,3861,-0.0078431372549019,2.290513762314248e-05,254,0
1724,3861,-0.0431372549019607,1.8759591814658915e-05,252,0
1922,3861,-0.0078431372549019,2.751852553033446e-05,256,0
1944,3861,-0.0078431372549019,2.07923766357413e-05,237,0
3631,3861,-0.0117647058823529,2.462538087489733e-05,279,0
3861,6202,0.0039215686274509,3.081488617355777e-05,217,0
3861,6346,0.0196078431372549,1.8753716954078176e-05,248,0
3861,6455,0.0117647058823529,2.0146259558878212e-05,215,0
402,3862,-0.00390625,4.294944822610493e-05,241,0
626,3862,-0.0078125,4.676550346425416e-05,242,0
1498,3862,-0.015625,2.398875190183906e-05,232,0
1591,3862,-0.01171875,4.3099063454418134e-05,241,0
1627,3862,-0.01171875,1.9602888722165107e-05,219,0
3387,3862,-0.00390625,3.448473835758985e-05,255,0
3635,3862,-0.00390625,0.0002487527136161522,265,0
3862,5768,0.015625,2.0041884348743256e-05,222,0
3862,6204,0.0078125,6.900047628316796e-05,227,0
3862,6449,0.015625,2.2361367765492303e-05,224,0
3862,6483,0.00390625,0.00021564632010327844,280,0
1328,3863,-0.0039370078740157,6.863943983501036e-05,259,0
1607,3863,-0.0039370078740157,0.00028930831422515154,283,0
1627,3863,-0.0039370078740157,2.2192578407660527e-05,215,0
3386,3863,-0.0039370078740157,3.118226812180273e-05,262,0
3387,3863,-0.0039370078740157,1.870923632063572e-05,251,0
3863,6205,0.0118110236220472,1.9347230228253897e-05,227,0
3863,6334,0.0078740157480314,8.809895394975644e-05,289,0
3863,6521,0.0039370078740157,2.7301995031916452e-05,249,0
1328,3864,-0.0117647058823529,0.00010107084965894325,269,0
1498,3864,-0.0235294117647058,2.8593875916380554e-05,238,0
1607,3864,-0.0039215686274509,0.00025755152575087915,293,0
1627,3864,-0.0078431372549019,2.6253590276156852e-05,225,0
2424,3864,-0.0039215686274509,0.00010399816424221364,266,0
3387,3864,-0.0156862745098039,3.554854795745545e-05,261,0
3864,6205,0.0235294117647058,2.2018230743619173e-05,237,0
3864,6485,0.0039215686274509,1.9432683563877793e-05,282,0
3864,6521,0.0039215686274509,3.423732000629728e-05,259,0
1328,3865,-0.00390625,5.667796414439977e-05,256,0
3865,3873,0.00390625,1.8772149854907626e-05,287,0
111,3866,-0.0039215686274509,7.141626277964804e-05,266,0
1498,3866,-0.0078431372549019,2.6650532062786083e-05,225,0
3866,6205,0.0117647058823529,2.4160986981923316e-05,224,0
2745,3867,-0.003875968992248,5.11793210383347e-05,300,0
3635,3867,-0.003875968992248,9.992539263270145e-05,274,0
3867,3873,0.003875968992248,8.24983299690198e-05,303,0
3867,5757,0.003875968992248,1.8375917602852096e-05,287,0
3867,6334,0.0077519379844961,3.618209416397019e-05,302,0
1328,3868,-0.0078431372549019,0.00011162224929001637,258,0
2745,3868,-0.0078431372549019,0.00013921361361687832,286,0
3868,3873,0.0039215686274509,3.0329937622427704e-05,289,0
352,3869,-0.0039370078740157,2.7896677286512805e-05,250,0
1328,3869,-0.0078740157480314,0.0003757132871027639,262,0
1607,3869,-0.0118110236220472,7.731056705623165e-05,286,0
1608,3869,-0.0078740157480314,0.00016360862774731247,288,0
2745,3869,-0.0039370078740157,5.43235577563079e-05,290,0
3869,6334,0.0039370078740157,2.7751430418817056e-05,292,0
3869,6483,0.0078740157480314,9.74523504675889e-05,279,0
3869,6484,0.0039370078740157,0.000178789580458495,267,0
1609,3870,-0.015625,5.197400564673142e-05,243,0
2791,3870,-0.00390625,0.000537832829026192,236,0
3870,6483,0.01171875,0.00011529358542466412,269,0
1498,3872,-0.0503875968992248,2.358204986849333e-05,227,0
1591,3872,-0.0077519379844961,4.328934172162654e-05,236,0
1607,3872,-0.0077519379844961,0.0004911963199283024,282,0
3386,3872,-0.0077519379844961,6.190652936289252e-05,261,0
3387,3872,-0.0503875968992248,3.25561269624183e-05,250,0
3388,3872,-0.0077519379844961,5.331715074905618e-05,225,0
3872,5768,0.0077519379844961,2.1318498973335057e-05,217,0
3872,6204,0.0077519379844961,5.9886365969898235e-05,222,0
3872,6233,0.0077519379844961,9.289832344120732e-05,239,0
3872,6444,0.003875968992248,0.00017961730976071512,250,0
3872,6446,0.0116279069767441,3.199814585837825e-05,222,0
3872,6455,0.003875968992248,8.96089327502534e-05,229,0
3872,6484,0.003875968992248,0.0011585889522612975,263,0
3872,6485,0.0077519379844961,4.317319356031653e-05,271,0
3872,6521,0.0232558139534883,3.0394947371419104e-05,248,0
356,3873,-0.05859375,0.00013231355674722434,221,0
387,3873,-0.0078125,0.00011730187205930737,225,0
458,3873,-0.0078125,0.0002091777737503493,226,0
810,3873,-0.00390625,5.903668513967181e-05,271,0
1497,3873,-0.046875,3.113480139556913e-05,247,0
1590,3873,-0.0078125,2.4985187090430756e-05,263,0
1594,3873,-0.01171875,5.927909104568807e-05,239,0
1922,3873,-0.01953125,0.0006244193434524992,287,0
2419,3873,-0.00390625,3.2141694279665486e-05,236,0
2424,3873,-0.0234375,4.127579393520017e-05,272,0
2476,3873,-0.0078125,4.7353230619376066e-05,229,0
2498,3873,-0.00390625,2.099223324564766e-05,249,0
2698,3873,-0.01953125,0.00010175129786873831,226,0
2743,3873,-0.00390625,0.00023758581757493097,302,0
2749,3873,-0.00390625,7.166881154212469e-05,307,0
2752,3873,-0.00390625,7.297085543410066e-05,314,0
3276,3873,-0.00390625,0.0007073150914953112,222,0
3636,3873,-0.00390625,0.0002940340963120617,259,0
3637,3873,-0.00390625,0.0002008508501155868,260,0
3643,3873,-0.00390625,0.0005123251229400115,290,0
3873,4113,0.00390625,4.076905352595131e-05,276,0
3873,6191,0.00390625,6.864524917600823e-05,220,0
3873,6200,0.0078125,1.8399412563190843e-05,241,0
3873,6202,0.015625,3.4959799085165606e-05,248,0
3873,6203,0.01953125,5.199314357387715e-05,227,0
3873,6210,0.0078125,5.784608111318344e-05,319,0
3873,6232,0.03125,3.528549836504787e-05,260,0
3873,6233,0.00390625,2.23531549129706e-05,256,0
3873,6236,0.00390625,0.0002435986125041753,231,0
3873,6342,0.00390625,0.014515547499685554,267,0
3873,6438,0.015625,0.0002460199954036035,221,0
3873,6439,0.00390625,0.00016540407356165258,220,0
3873,6440,0.00390625,0.00026942127523424983,229,0
3873,6444,0.01171875,4.282439197780455e-05,267,0
3873,6445,0.0078125,8.515629527231113e-05,240,0
3873,6448,0.0078125,2.3309958503599516e-05,257,0
3873,6454,0.01171875,9.638441814681339e-05,243,0
3873,6455,0.03515625,2.5435909783016328e-05,246,0
3873,6456,0.0390625,3.275208781128477e-05,249,0
3873,6513,0.00390625,5.494770924712931e-05,303,0
3873,6516,0.0078125,2.2126852716840394e-05,246,0
3873,6519,0.00390625,5.691176045203203e-05,250,0
3875,5549,0.1222222222222222,4.892432416634136e-07,19,1
1413,3876,-0.2448979591836734,3.4469844243176734e-07,22,1
2244,3876,-0.2204081632653061,4.1554747766483975e-07,24,1
127,3877,-0.0745098039215686,1.184843385063847e-06,27,1
3878,3887,0.0310077519379844,4.847885685779251e-07,31,1
3718,3879,-0.1245136186770428,1.165013188302906e-06,39,1
3718,3880,-0.0422535211267605,3.657800329770969e-07,43,1
3880,3912,0.4929577464788732,8.74393082481507e-07,34,1
3880,3914,0.0605237852819729,4.451922839716023e-07,36,1
2603,3881,-0.2470588235294117,5.78422935548375e-07,44,1
3883,5520,-0.0858302696078431,5.013976718187252e-07,22,1
2602,3884,-0.0038910505836575,4.6571943220244704e-07,38,1
762,3886,-0.1529411764705882,9.269231775247485e-07,34,1
1977,3887,-0.2117647058823529,2.518464166893398e-07,25,1
2361,3889,-0.0808080808080808,1.092229050011317e-07,31,1
3889,3915,-0.0473688497882046,9.039771227033262e-08,29,1
890,3890,-0.0088495575221238,8.061847162731493e-07,86,1
2163,3890,-0.0221238938053097,7.058313070529828e-07,81,1
2814,3890,-0.0088495575221238,1.0856215666869305e-06,89,1
3890,4442,0.0663716814159292,5.126190121339983e-07,78,1
221,3891,-0.2,8.172541123690788e-07,45,1
3891,4426,0.0333333333333333,7.267327038762635e-07,42,1
159,3892,-0.0199203187250996,9.851224348655264e-07,97,1
888,3892,-0.0039840637450199,6.697198959408172e-07,60,1
2163,3892,-0.0119521912350597,6.051103208227139e-07,79,1
2814,3892,-0.095617529880478,1.0327976187916392e-06,87,1
3892,4442,0.0079681274900398,3.1222020426964576e-07,76,1
48,3893,-0.0224719101123595,6.3216274780386e-07,70,1
1978,3893,-0.0112359550561797,7.940353048989924e-07,68,1
3890,3893,-0.0112359550561797,5.781813476832678e-07,83,1
3722,3894,-0.0350877192982456,2.57344452484301e-05,232,0
569,3895,-0.004,0.0001863077320705558,227,0
1824,3895,-0.024,2.9739608718705e-05,217,0
2285,3895,-0.004,5.3580993168399916e-05,228,0
2286,3895,-0.004,5.826922774549928e-05,261,0
2569,3895,-0.004,4.770936970205803e-05,263,0
3722,3895,-0.064,4.8658613198673635e-05,281,0
3895,5199,0.008,6.622490667603177e-05,288,0
3895,5689,0.004,4.793741311058657e-05,230,0
3895,5694,0.004,3.0233703154935624e-05,221,0
3895,5697,0.004,4.2985923597272585e-05,229,0
3895,6369,0.004,2.7754920773671392e-05,261,0
3896,4422,0.0303030303030303,7.426263518589814e-07,59,1
3721,3897,-0.05,2.7561517621122457e-05,215,0
3897,5696,0.0071428571428571,1.070512349473079e-06,97,1
3898,3900,0.127906976744186,1.1199205196643043e-06,52,1
3898,4703,0.0238947099412215,1.2071205128275179e-06,58,1
2809,3899,-0.0080645161290322,1.1868843186600734e-06,76,1
965,3900,-0.0102564102564102,1.0607788643916063e-06,88,1
3900,4703,0.0051282051282051,1.0517885657045126e-06,76,1
3721,3902,-0.0044444444444444,2.0645686449702764e-05,237,0
3722,3902,-0.0222222222222222,6.712552973847492e-05,273,0
3902,5199,0.0044444444444444,8.560800940776833e-05,280,0
3902,5689,0.0266666666666666,3.2345893459866587e-05,222,0
3722,3903,-0.2745098039215686,7.494241182171313e-05,247,0
3733,3903,-0.0098039215686274,9.900757542999316e-07,81,1
569,3905,-0.0041152263374485,9.100241691081907e-05,218,0
1304,3905,-0.0082304526748971,2.190674562042819e-05,216,0
1807,3905,-0.0452674897119341,2.173039466417261e-05,215,0
3721,3905,-0.0205761316872428,6.0453517902301217e-05,236,0
3905,5689,0.0082304526748971,2.41907196985816e-05,221,0
3908,5199,0.01171875,0.00019354523343309996,233,0
1687,3912,-0.28125,1.0899757940190125e-06,41,1
2568,3912,-0.0625,5.005368307068182e-07,38,1
3718,3912,-0.00390625,7.093574163608205e-07,39,1
3881,3913,-0.0901960784313725,1.2155087947350613e-06,32,1
2568,3914,-0.2248995983935743,6.590846423080787e-07,40,1
3718,3914,-0.2048192771084337,3.916474565507725e-07,41,1
3879,3914,-0.0160642570281124,3.3538323758562563e-07,32,1
3912,3914,-0.2650602409638554,8.66155196361532e-07,32,1
425,3915,-0.1088709677419354,4.978507209925418e-07,34,1
3915,6006,0.0584518669037338,1.6422910067119e-07,35,1
763,3917,-0.06640625,6.256109251194558e-07,56,1
2652,3917,-0.00390625,1.1659604523398259e-06,64,1
3919,5098,0.1867704280155642,5.684917467479552e-07,52,1
3920,5252,0.00390625,6.167424018272243e-07,59,1
129,3921,-0.1015625,8.940928606926346e-07,69,1
1860,3921,-0.05078125,8.918354777163918e-07,63,1
3921,3930,0.1484375,7.576797097704215e-07,72,1
1860,3922,-0.0390625,9.407940797728733e-07,47,1
231,3923,-0.3176470588235294,8.746381910888263e-07,65,1
3920,3923,-0.0470588235294117,7.905954549390949e-07,59,1
3923,5252,0.2000610360875868,1.032205918308613e-06,58,1
765,3925,-0.1439688715953307,3.1255854492468596e-07,43,1
1382,3925,-0.0778210116731517,6.857971136870095e-07,49,1
1143,3927,-0.0625,6.48363581224761e-07,57,1
766,3929,-0.1254901960784313,3.0832061397954977e-07,76,1
1151,3929,-0.0862745098039215,6.736669224585343e-07,74,1
1776,3929,-0.0313725490196078,4.1562715364321286e-07,81,1
3919,3929,-0.0196078431372549,9.518614806056918e-07,60,1
3929,3931,0.2862745098039215,5.561764014188522e-07,55,1
3929,5266,0.1450980392156863,5.627125314160101e-07,62,1
129,3930,-0.0274509803921568,1.9121362462543734e-07,67,1
1860,3930,-0.0745098039215686,7.7107539447013e-07,61,1
1151,3931,-0.08203125,6.661237307552997e-07,55,1
2659,3931,-0.58984375,5.729802071086321e-07,35,1
3919,3931,-0.078125,6.448667197517838e-07,41,1
3931,5098,0.21484375,8.319667230939925e-07,47,1
3932,5095,0.0234375,8.918344898040649e-07,63,1
3932,5096,0.02734375,1.591054500085694e-07,69,1
3932,5266,0.0703125,9.131038522491699e-07,63,1
3944,6087,0.0817120622568093,9.240122043311845e-07,20,1
3947,6384,0.4941634241245136,6.382370974436103e-07,15,1
3958,3969,0.0117647058823529,5.445983172335904e-07,95,1
3960,3969,-0.0266858666013051,3.564662564971822e-07,82,1
3963,5251,0.01171875,1.174735093425729e-06,87,1
3005,3964,-0.10546875,7.835565774451599e-07,48,1
3964,5249,0.02734375,1.0723958675999838e-06,47,1
3003,3965,-0.015625,1.0252737569982707e-06,56,1
773,3969,-0.0894941634241245,1.2094502666771982e-06,82,1
1276,3973,-0.0056818181818181,3.832649920121645e-07,48,1
1279,3973,-0.0113636363636363,1.9435121910168296e-07,39,1
2004,3973,-0.0056818181818181,2.2092583345227494e-07,46,1
2005,3973,-0.0113636363636363,8.596984610807793e-07,44,1
3973,4140,0.0227272727272727,1.0244707636513395e-07,42,1
3973,4141,0.0056818181818181,5.045330904918643e-07,48,1
3973,4560,0.625,1.36739141777685e-07,31,1
3973,5630,0.0170454545454545,1.2583354500728483e-07,42,1
3973,5632,0.0909090909090909,5.85888085153326e-07,25,1
3973,5637,0.0568181818181818,1.66676884959536e-07,46,1
59,3974,-0.01953125,2.7339720281069283e-05,234,0
120,3974,-0.00390625,7.211838548810754e-05,235,0
239,3974,-0.00390625,7.15010139298032e-05,229,0
344,3974,-0.00390625,0.00012525471862612396,269,0
442,3974,-0.01171875,0.00017846835403048718,261,0
570,3974,-0.0078125,5.453850958980969e-05,262,0
571,3974,-0.00390625,2.4353042457302406e-05,274,0
576,3974,-0.03125,0.00017304895540358022,244,0
876,3974,-0.02734375,8.062737743478656e-05,246,0
1161,3974,-0.01953125,0.0001553119456848205,244,0
1202,3974,-0.0078125,1.9108799448035428e-05,226,0
1337,3974,-0.01171875,8.532781323921108e-05,259,0
1362,3974,-0.00390625,6.076926974623633e-05,260,0
1363,3974,-0.00390625,0.0001136417882580352,253,0
1480,3974,-0.00390625,0.00046067505917587423,283,0
1483,3974,-0.01953125,9.071265632391684e-05,260,0
1564,3974,-0.0078125,0.00011690645961140323,229,0
1863,3974,-0.05078125,9.608050165419284e-05,228,0
2201,3974,-0.01171875,9.561747978478237e-05,246,0
2217,3974,-0.015625,4.148839381420408e-05,249,0
2291,3974,-0.00390625,0.0001341834872046026,224,0
2292,3974,-0.00390625,2.857889329674512e-05,283,0
2398,3974,-0.0078125,9.38121674734136e-05,265,0
2399,3974,-0.02734375,0.00021522668384525766,234,0
2585,3974,-0.00390625,0.0005234470775703076,242,0
3033,3974,-0.01171875,2.2144690515322676e-05,236,0
3138,3974,-0.08203125,3.001457307343297e-05,263,0
3139,3974,-0.01171875,5.0412733177751446e-05,236,0
3141,3974,-0.0078125,7.076614422874824e-05,282,0
3143,3974,-0.01171875,4.642303417664638e-05,296,0
3144,3974,-0.0078125,4.138064181502671e-05,267,0
3162,3974,-0.01171875,3.993457793444288e-05,247,0
3163,3974,-0.00390625,9.764778212988273e-05,257,0
3165,3974,-0.0078125,0.00011842987016598292,228,0
3767,3974,-0.00390625,5.7926797141266536e-05,231,0
3974,4373,0.0078125,0.0002043276330921839,245,0
3974,4377,0.00390625,5.211157881056665e-05,299,0
3974,4384,0.00390625,9.858444336114705e-05,248,0
3974,4395,0.01171875,8.501638473386518e-05,220,0
3974,4724,0.00390625,0.00034590972716310413,286,0
3974,5288,0.02734375,0.0003359342231295514,249,0
3974,5290,0.0078125,0.00011455316191344288,256,0
3974,5315,0.01171875,0.00024336524792087236,252,0
3974,5420,0.0078125,6.690543034590377e-05,264,0
3974,5710,0.0078125,8.254055274911866e-05,224,0
3974,5711,0.0078125,0.00011524660724832498,236,0
3974,5714,0.015625,3.8788488219505624e-05,268,0
3974,5717,0.0078125,2.8154188113523763e-05,254,0
3974,5783,0.01171875,4.26424354622791e-05,232,0
3974,5784,0.015625,0.00010705187153557609,243,0
3974,5787,0.01171875,2.7228320648641977e-05,259,0
3974,5789,0.00390625,7.847562641003106e-05,218,0
3974,5791,0.0078125,3.1717863764852024e-05,269,0
3974,5867,0.00390625,8.295848268455766e-05,219,0
3974,6157,0.00390625,0.00017548632460845514,216,0
3974,6159,0.00390625,0.0001518991737506758,220,0
2724,3976,-0.0091324200913242,1.1921027862886647e-06,74,1
3976,5722,0.0045662100456621,5.088180226269807e-07,84,1
3977,5722,0.0178571428571428,3.027455285725142e-07,78,1
3978,5722,0.2222222222222222,1.1329432002328498e-06,81,1
444,3980,-0.00390625,2.078032345874968e-05,245,0
1290,3980,-0.00390625,0.00027277431797882295,286,0
1480,3980,-0.0078125,3.9017790119494465e-05,261,0
2461,3980,-0.00390625,2.5945413806937744e-05,220,0
2585,3980,-0.00390625,3.3196500769948083e-05,220,0
3980,5288,0.0078125,1.9135748822724618e-05,227,0
3980,5302,0.00390625,3.926003872521331e-05,288,0
3980,5808,0.00390625,1.836043390551936e-05,229,0
1317,3981,-0.0082644628099173,5.009531697923672e-07,79,1
3981,5722,0.0909090909090909,8.562579792452833e-07,76,1
3981,5724,0.0495867768595041,1.1655187829666493e-06,63,1
3981,5793,0.0165289256198347,3.3917825391486934e-07,79,1
3982,5302,0.0053763440860215,4.3723077416765565e-05,245,0
3983,4377,0.00390625,6.305168481516153e-05,235,0
3984,5302,0.01953125,2.4172273094919222e-05,256,0
153,3988,-0.0077220077220077,6.494726437217001e-07,82,1
1225,3988,-0.0154440154440154,2.1506690250289084e-07,82,1
1371,3988,-0.0386100386100386,0.00012752660706097922,217,0
1989,3988,-0.0115830115830115,2.058840962659999e-07,77,1
2277,3988,-0.0038610038610038,2.144840838284522e-07,78,1
2316,3988,-0.0154440154440154,2.57627120976274e-07,83,1
3181,3988,-0.0424710424710424,5.58560714519734e-07,80,1
3988,3999,0.0077220077220077,6.4504291451976e-07,88,1
3988,4000,0.0077220077220077,1.1303324218257449e-06,83,1
3988,4339,0.027027027027027,8.581402816908408e-07,97,1
3988,4344,0.0077220077220077,3.9752927152348403e-07,64,1
3988,4345,0.0501930501930501,2.1065374307564165e-07,78,1
3988,5471,0.027027027027027,2.5502804298588115e-07,81,1
1371,3992,-0.01171875,4.110546650273101e-05,302,0
3992,5474,0.61328125,3.074182496560971e-05,261,0
2316,3993,-0.0038610038610038,6.421942874520814e-07,70,1
1808,3994,-0.0354330708661417,1.0800410758407171e-06,94,1
1371,3996,-0.0234375,0.00016775009984305422,234,0
2277,3996,-0.0078125,1.712367117924507e-07,95,1
3181,3996,-0.09765625,4.736511125722478e-07,97,1
3993,3996,-0.0078125,4.640966861497104e-07,86,1
3996,4344,0.00390625,4.1356356677932603e-07,81,1
3996,4345,0.06640625,2.362254248248802e-07,95,1
3996,5478,0.00390625,2.833964773380253e-07,84,1
1371,3998,-0.0389105058365758,5.600637239024664e-05,248,0
1371,3999,-0.6299212598425197,5.881302493799293e-05,223,0
2316,3999,-0.0551181102362204,7.478479059976875e-07,89,1
286,4000,-0.0052356020942408,8.174195454887937e-07,76,1
1199,4000,-0.0261780104712041,6.025471077977275e-07,85,1
1206,4000,-0.0157068062827225,1.0014586123537666e-06,84,1
3037,4000,-0.1308900523560209,2.6407654391413275e-07,77,1
3335,4000,-0.0052356020942408,1.1787013448205077e-06,83,1
4000,5408,0.0575916230366492,5.196153573164889e-07,89,1
4000,5413,0.0052356020942408,1.1007504365399108e-06,76,1
4000,5425,0.0575916230366492,5.83295571758679e-07,91,1
4005,5108,0.0967741935483871,4.5144263997422433e-07,82,1
4005,5699,0.032258064516129,3.500406546515975e-07,75,1
4006,5474,0.1796875,1.9880830952423832e-05,238,0
21,4007,-0.0039215686274509,2.39745475195462e-07,39,1
303,4007,-0.2470588235294117,2.8134282278181816e-07,65,1
580,4007,-0.0078431372549019,4.264298865035607e-07,59,1
1166,4007,-0.0392156862745098,2.983537784743647e-07,48,1
1835,4007,-0.0352941176470588,3.7483110537335985e-07,61,1
2200,4007,-0.0431372549019607,3.416812330372779e-07,51,1
3058,4007,-0.3333333333333333,3.3334087978156207e-07,68,1
3182,4007,-0.0235294117647058,3.5782703012827207e-07,68,1
4007,4331,0.0156862745098039,5.119006863057257e-07,45,1
4007,4332,0.0039215686274509,6.761843076673288e-07,38,1
4007,4337,0.0078431372549019,2.3374233689410845e-07,48,1
4007,5313,0.0039215686274509,3.920134877464329e-07,61,1
865,4008,-0.0393700787401574,5.97373504953154e-07,81,1
867,4008,-0.0157480314960629,2.1446513181055905e-07,66,1
1990,4008,-0.0039370078740157,6.461270986833879e-07,82,1
3179,4008,-0.0078740157480314,2.1633010016400437e-07,54,1
3181,4008,-0.0551181102362204,5.656739100624534e-07,67,1
4008,5469,0.0196850393700787,2.698154952185713e-07,70,1
4008,5471,0.0118110236220472,2.817340644398009e-07,68,1
153,4009,-0.01171875,5.971585897943364e-07,96,1
778,4009,-0.01171875,6.761204688415251e-07,88,1
781,4009,-0.0078125,2.9879169697858823e-07,92,1
867,4009,-0.0078125,6.668647231567684e-07,93,1
1225,4009,-0.01171875,3.199754451056593e-07,96,1
1371,4009,-0.03125,9.831552092479235e-05,231,0
1989,4009,-0.00390625,3.120203840387792e-07,91,1
2277,4009,-0.0078125,2.938192266953959e-07,92,1
2316,4009,-0.0078125,2.6698876244218793e-07,97,1
3179,4009,-0.00390625,5.737247901590129e-07,81,1
3181,4009,-0.0234375,8.680623635714489e-07,94,1
3993,4009,-0.0078125,5.00608904237614e-07,83,1
4009,4345,0.0078125,2.1275210665901293e-07,92,1
4009,5422,0.0234375,1.0240077460876537e-06,97,1
4009,5469,0.0078125,7.429474583088386e-07,97,1
4009,5471,0.00390625,3.5546728224315e-07,95,1
303,4010,-0.2023346303501945,2.4312729289829104e-07,67,1
580,4010,-0.0077821011673151,8.394244012897141e-07,61,1
1166,4010,-0.0350194552529182,1.412593482813843e-07,50,1
1169,4010,-0.0038910505836575,1.656905204578088e-07,41,1
1795,4010,-0.0077821011673151,2.0257294164495526e-07,44,1
1835,4010,-0.0038910505836575,5.389720476909317e-07,63,1
2200,4010,-0.0155642023346303,1.5968937882203247e-07,53,1
3058,4010,-0.4552529182879377,2.569036709847257e-07,70,1
3180,4010,-0.0038910505836575,3.512409894380001e-07,48,1
4010,4331,0.0038910505836575,1.6344507971691237e-07,47,1
4010,4337,0.0194552529182879,2.544786492886744e-07,50,1
4010,5307,0.0077821011673151,1.8726485806221498e-07,42,1
4010,5312,0.0077821011673151,1.24326992564912e-07,47,1
4010,5313,0.0155642023346303,8.065545841177551e-07,63,1
2645,4012,-0.0392156862745098,3.768458360724221e-07,63,1
4012,4014,0.0509803921568627,8.996359310651177e-07,66,1
1361,4013,-0.0509803921568627,9.130339469291255e-07,97,1
1992,4013,-0.1686274509803921,6.529365131359825e-07,87,1
2444,4013,-0.0470588235294117,1.0570415510351816e-06,88,1
4013,4028,0.0470588235294117,8.238307217272531e-07,92,1
4013,5856,0.2039215686274509,1.777772149505894e-07,64,1
4013,5862,0.1411764705882353,5.859272730910065e-07,82,1
3287,4014,-0.015625,8.43679041971546e-07,82,1
2499,4015,-0.01171875,5.8260991152525737e-05,236,0
4015,6237,0.015625,2.4547368173121006e-05,217,0
4017,5834,0.0039370078740157,0.00010622091090883527,218,0
2499,4018,-0.0038910505836575,0.00010448457467833037,245,0
4018,4026,0.0077821011673151,8.035907308690122e-05,246,0
4019,5863,0.0387596899224806,1.0961377229730122e-06,90,1
2499,4020,-0.0038910505836575,0.00011867338569666743,250,0
4021,6239,0.0038910505836575,4.958784976883431e-05,243,0
2499,4022,-0.015625,6.280988291228846e-05,262,0
4022,6237,0.00390625,2.4256310156082437e-05,243,0
3153,4023,-0.2440944881889764,3.762969396789013e-07,75,1
3155,4023,-0.0118110236220472,7.368171027758837e-07,78,1
4019,4023,-0.1102362204724409,3.349549121682682e-07,91,1
4023,5861,0.0708661417322834,3.27693248402083e-07,91,1
3508,4025,-0.0078431372549019,2.5118863788778778e-05,233,0
59,4026,-0.01171875,2.0403946530043547e-05,247,0
120,4026,-0.01171875,6.411402257251213e-05,248,0
239,4026,-0.01953125,5.749541833505342e-05,242,0
301,4026,-0.0078125,0.0002235708904894946,221,0
442,4026,-0.00390625,0.00015180737235629194,274,0
570,4026,-0.0078125,4.4088954547920214e-05,275,0
576,4026,-0.0234375,0.00011185410290162326,257,0
876,4026,-0.0078125,6.007995407646594e-05,259,0
1161,4026,-0.00390625,0.00013565096082176928,257,0
1313,4026,-0.0078125,0.00011061568926813382,247,0
1337,4026,-0.015625,6.0587548774136804e-05,272,0
1362,4026,-0.00390625,4.0698302768611095e-05,273,0
1363,4026,-0.01171875,8.22286106411067e-05,266,0
1483,4026,-0.01171875,6.632899661729853e-05,273,0
1564,4026,-0.00390625,9.384382943264819e-05,242,0
1863,4026,-0.0546875,6.582724161798249e-05,241,0
1928,4026,-0.00390625,4.152552378483595e-05,234,0
2035,4026,-0.00390625,0.0001443977736325222,224,0
2201,4026,-0.0078125,7.678698571999276e-05,259,0
2217,4026,-0.01171875,3.074468916427055e-05,262,0
2291,4026,-0.00390625,0.00010078683550071681,237,0
2292,4026,-0.015625,2.0723137812673577e-05,296,0
2296,4026,-0.00390625,0.0002392434847972838,221,0
2303,4026,-0.015625,0.0001427344223596038,286,0
2398,4026,-0.0078125,6.5592847428983e-05,278,0
2399,4026,-0.0625,0.00013704697092200804,247,0
2640,4026,-0.00390625,0.00025401445649179033,304,0
2646,4026,-0.01171875,0.00012428192904410815,239,0
3033,4026,-0.0390625,2.000667668009206e-05,249,0
3138,4026,-0.00390625,2.4573337211274414e-05,276,0
3139,4026,-0.015625,4.002846410218145e-05,249,0
3140,4026,-0.00390625,0.00013085114494767607,272,0
3141,4026,-0.03125,4.881709036435066e-05,295,0
3143,4026,-0.03515625,3.2438746764896756e-05,309,0
3162,4026,-0.01171875,2.9000767449965726e-05,260,0
3163,4026,-0.01171875,6.475056159653252e-05,270,0
3165,4026,-0.0078125,8.788209886241013e-05,241,0
3166,4026,-0.00390625,5.4181118122086163e-05,250,0
3337,4026,-0.01171875,0.00010750480848841163,233,0
3503,4026,-0.015625,2.4590402524568795e-05,226,0
3763,4026,-0.00390625,0.00017195201843558776,266,0
3767,4026,-0.00390625,4.8668640063605554e-05,244,0
3771,4026,-0.0078125,3.578512825133551e-05,222,0
4026,4377,0.0390625,3.6895920160281654e-05,312,0
4026,4384,0.00390625,7.208443636240821e-05,261,0
4026,4395,0.015625,6.339422523512081e-05,233,0
4026,5302,0.00390625,0.000577366865214854,323,0
4026,5314,0.00390625,4.760166299222639e-05,229,0
4026,5315,0.01171875,0.00020307481596928156,265,0
4026,5420,0.0078125,5.108003433068808e-05,277,0
4026,5710,0.00390625,5.997451602056732e-05,237,0
4026,5711,0.00390625,8.561024899520582e-05,249,0
4026,5712,0.00390625,4.1637556846525977e-05,274,0
4026,5714,0.0078125,2.7485332728401656e-05,281,0
4026,5717,0.0078125,2.0670143044373147e-05,267,0
4026,5730,0.00390625,7.099032397621034e-05,244,0
4026,5783,0.01171875,3.249945518780403e-05,245,0
4026,5784,0.01171875,7.612950752813267e-05,256,0
4026,5785,0.0078125,5.913512440489047e-05,271,0
4026,5786,0.00390625,0.00020124723630816837,237,0
4026,5787,0.03125,2.099253916674378e-05,272,0
4026,5791,0.02734375,2.197810212345163e-05,282,0
4026,5798,0.00390625,7.858344269094895e-05,275,0
4026,6157,0.015625,0.00012095350927743448,229,0
576,4027,-0.0348837209302325,2.7730767507905216e-05,221,0
1483,4027,-0.0116279069767441,1.9400430457652437e-05,237,0
1867,4027,-0.003875968992248,6.416575523215433e-05,246,0
2201,4027,-0.0077519379844961,2.368291254921846e-05,223,0
2303,4027,-0.003875968992248,3.569985555052422e-05,250,0
2398,4027,-0.0232558139534883,1.8670596699169065e-05,242,0
3140,4027,-0.003875968992248,3.797350193315699e-05,236,0
4027,4384,0.0348837209302325,2.0359789243560808e-05,225,0
4027,5784,0.003875968992248,2.1477510214434125e-05,220,0
4029,4044,0.0117647058823529,3.458455854169787e-07,85,1
4029,4045,-0.218734681372549,2.20076272296659e-07,77,1
4029,5836,0.0980392156862745,2.819971646682209e-07,88,1
4029,5838,0.0001525902189669,2.3912765515570886e-07,84,1
4029,5851,-0.1515373464560921,8.623283006281894e-07,89,1
4029,5874,-0.0078431372549019,4.517256982140218e-07,96,1
571,4030,-0.0038910505836575,5.677509549296942e-05,232,0
1338,4030,-0.0077821011673151,2.5999192640790303e-05,268,0
2292,4030,-0.0038910505836575,6.869234127559355e-05,241,0
3144,4030,-0.0038910505836575,0.00010977876138585714,225,0
3508,4030,-0.0077821011673151,3.389697992225889e-05,250,0
545,4031,-0.0234375,2.5249999678947375e-05,228,0
571,4031,-0.00390625,5.7462957623825845e-05,249,0
577,4031,-0.00390625,7.755473190744658e-05,231,0
2292,4031,-0.00390625,6.667419533562137e-05,258,0
2312,4031,-0.00390625,2.7336535880281038e-05,237,0
3034,4031,-0.00390625,2.4978450454537356e-05,225,0
3141,4031,-0.0078125,0.0001547286136750121,257,0
3142,4031,-0.0234375,2.4967571070829263e-05,219,0
3162,4031,-0.00390625,9.437603486123958e-05,222,0
3507,4031,-0.00390625,3.538818987494407e-05,215,0
3508,4031,-0.01171875,3.3584007736755087e-05,267,0
4024,4031,-0.01171875,5.202136216565783e-05,228,0
4031,4373,0.00390625,0.00048039605064024364,220,0
4031,4377,0.00390625,0.00012153888510600817,274,0
4031,5717,0.00390625,6.949347342115007e-05,229,0
4031,5725,0.0078125,2.294320037063988e-05,215,0
4031,5791,0.00390625,7.25653003820641e-05,244,0
239,4034,-0.00390625,4.479693882048785e-05,228,0
570,4034,-0.00390625,3.844001756733268e-05,261,0
576,4034,-0.01953125,3.907877370000789e-05,243,0
876,4034,-0.0234375,4.047961077585631e-05,245,0
1312,4034,-0.0078125,3.226542195940975e-05,248,0
1313,4034,-0.00390625,6.185120337575206e-05,233,0
2217,4034,-0.015625,1.9627663583749175e-05,248,0
2646,4034,-0.00390625,4.6884890242638146e-05,225,0
3033,4034,-0.0078125,1.9498324862240284e-05,235,0
3138,4034,-0.00390625,2.029551180706649e-05,262,0
3141,4034,-0.015625,2.259618349058955e-05,281,0
3163,4034,-0.00390625,2.4957492474871035e-05,256,0
4034,4373,0.00390625,7.64192557207873e-05,244,0
4034,4377,0.0078125,1.940434762230092e-05,298,0
4034,5420,0.01171875,3.472876670521259e-05,263,0
4034,5710,0.0078125,3.309500799367418e-05,223,0
4034,5711,0.00390625,4.712357074818264e-05,235,0
4034,5712,0.00390625,2.0076878042141452e-05,260,0
4034,5785,0.00390625,2.848036332448218e-05,257,0
4034,5789,0.00390625,3.747934180647863e-05,217,0
374,4037,-0.08984375,2.706590212362065e-07,84,1
2096,4037,-0.02734375,2.207255615379517e-07,96,1
4037,4793,0.046875,3.005984125982815e-07,91,1
374,4039,-0.0390625,7.056536031057115e-07,86,1
997,4039,-0.02734375,3.637359951156445e-07,95,1
1993,4039,-0.02734375,1.599384780735655e-07,96,1
2096,4039,-0.02734375,6.2820206780813e-07,98,1
2714,4039,-0.0234375,3.421013089800056e-07,96,1
4037,4039,-0.09765625,2.367138246082035e-07,96,1
462,4040,-0.1057692307692307,5.483475254945309e-07,86,1
2307,4040,-0.048076923076923,3.714898670601735e-07,76,1
2722,4040,-0.0673076923076923,3.014655156553525e-07,93,1
3977,4040,-0.0192307692307692,4.6245291282174837e-07,95,1
1832,4041,-0.1224489795918367,7.134192240146384e-07,67,1
1885,4041,-0.0816326530612244,2.1192836029464258e-07,51,1
3340,4041,-0.036734693877551,5.008576588380718e-07,64,1
4041,4795,0.0326530612244898,6.879042249163821e-07,51,1
4041,4796,-0.0591836734693877,4.779645243705628e-07,59,1
4041,6304,0.1142857142857142,4.0117319056772597e-07,53,1
4042,4118,0.0039215686274509,4.917096490444051e-07,93,1
4026,4044,-0.02734375,2.0938228555597545e-05,216,0
4043,4044,-0.046875,8.226567759142055e-07,98,1
4044,4045,-0.09375,3.1109049584440107e-07,88,1
4044,5833,0.0234375,1.1435796327014987e-06,98,1
4044,5838,-0.0035870622568093,1.614561890142982e-07,95,1
792,4045,-0.01953125,1.883480714924249e-07,82,1
2427,4045,-0.01953125,6.425934895334535e-07,96,1
4043,4045,-0.0078125,9.670460084414692e-07,90,1
4045,5838,0.0195616488326848,1.4211891597031625e-07,87,1
4045,5851,0.039138497081712,2.3828225622874984e-07,92,1
263,4058,-0.05859375,5.78309105318559e-07,93,1
4058,5538,0.12890625,8.357411975585129e-07,90,1
4061,5534,0.0116279069767441,6.753636291707717e-07,92,1
4062,5921,0.078125,6.65300934592592e-07,95,1
137,4064,-0.1811023622047244,7.293043743395058e-07,42,1
800,4064,-0.1220472440944882,4.680229516814125e-07,53,1
1469,4064,-0.0039370078740157,3.084284267221534e-07,61,1
4064,4068,0.0590551181102362,1.030703060673395e-06,59,1
4066,4075,0.03515625,1.0004471553406506e-06,29,1
1195,4069,-0.04296875,6.146454936795183e-07,59,1
2254,4069,-0.14453125,2.2787473644685267e-07,62,1
4069,5394,0.04296875,2.7535120599168353e-07,62,1
4069,5396,0.01171875,1.6342075281044268e-07,61,1
4069,5574,0.0078125,1.7303577648589828e-07,51,1
4069,5597,0.285125612745098,2.179405986279246e-07,55,1
4069,5603,0.0118555447470817,9.117322495762756e-08,60,1
1256,4070,-0.0274509803921568,5.82104420564569e-07,64,1
1266,4070,-0.0901960784313725,1.0166689032721755e-06,60,1
4069,4070,-0.0039215686274509,3.391287876188706e-07,59,1
4070,5394,0.1333333333333333,2.9600922132892835e-07,65,1
4070,5396,0.2040441176470588,3.3413691511576466e-07,64,1
4070,5399,-0.0002170037975664,5.514548996452065e-07,73,1
4070,5595,0.0196078431372549,1.4849997818594593e-07,64,1
4070,5597,0.0078431372549019,5.492554601039824e-07,58,1
4070,5598,0.0352941176470588,5.875098544511391e-07,66,1
4070,5603,0.0078431372549019,2.4350396532970626e-07,63,1
1263,4071,-0.015625,1.0682229909891663e-06,93,1
2727,4071,-0.02734375,5.903248516087924e-07,97,1
4071,4072,0.00390625,8.646284448399148e-07,93,1
4071,5571,0.02734375,8.798667134540531e-07,94,1
4071,5578,0.0078125,6.002554304365368e-07,89,1
634,4072,-0.05078125,5.15513777884934e-07,72,1
2727,4072,-0.03125,3.3209321238902107e-07,78,1
3425,4072,-0.09765625,1.044369882709853e-06,61,1
3428,4072,-0.05859375,1.1762219796605473e-06,77,1
4072,5578,0.01953125,6.467034014494764e-07,70,1
137,4073,-0.12890625,6.489539584505356e-07,46,1
2335,4073,-0.14453125,1.1268664521508219e-06,52,1
4064,4073,-0.00390625,3.374506828593572e-07,54,1
4068,4073,-0.0546875,6.734690041845071e-07,63,1
4066,4074,-0.015625,1.3831509023119197e-07,32,1
1407,4075,-0.0039215686274509,9.457932494289769e-07,26,1
3427,4075,-0.3568627450980392,9.209334832480792e-07,27,1
4075,4076,0.0117647058823529,3.4021953595812907e-07,28,1
798,4076,-0.1322957198443579,3.297675725125323e-07,25,1
3244,4078,-0.15625,7.195091699418225e-07,93,1
4081,5272,0.1286764705882352,1.3738694428354906e-07,5,1
2193,4082,-0.0148514851485148,4.220849046780468e-07,71,1
2731,4082,-0.099009900990099,6.896460520257232e-07,91,1
4082,6265,0.0247524752475247,9.26086226753394e-07,69,1
1878,4084,-0.024793388429752,5.363762095775421e-07,81,1
2436,4084,-0.0165289256198347,8.798833419579092e-07,78,1
3676,4084,-0.024793388429752,8.049113359051306e-07,88,1
4084,5286,0.0165289256198347,9.357471763382099e-07,65,1
4084,6265,0.0578512396694214,7.219198805106323e-07,78,1
4087,4088,0.025,1.4331058594818322e-07,19,1
2730,4089,-0.0476190476190476,7.72810311628381e-07,44,1
4089,5286,0.0476190476190476,5.684005746564431e-07,35,1
3664,4090,-0.1931818181818181,3.202337868951511e-07,60,1
4090,4091,0.1420454545454545,3.175251615334803e-07,72,1
695,4092,-0.3103448275862069,8.679359359676935e-07,27,1
587,4093,-0.0317460317460317,2.370457057654669e-07,53,1
2734,4093,-0.0634920634920634,1.0550601830454708e-06,64,1
3207,4093,-0.0476190476190476,1.8926965143238624e-07,50,1
4093,4100,0.0317460317460317,2.153685296929042e-07,59,1
4093,4102,0.0952380952380952,3.996584612554202e-07,37,1
4093,5548,0.0234126984126984,4.4270943164172473e-07,46,1
555,4094,-0.0089285714285714,6.593987367974987e-07,67,1
924,4094,-0.09375,1.1473886819864056e-06,38,1
1694,4094,-0.15625,3.1209446029548e-07,47,1
1812,4094,-0.0491071428571428,8.074296516882294e-07,76,1
3070,4094,-0.0044642857142857,3.206245472682912e-07,53,1
3822,4094,-0.0848214285714285,3.546052491393954e-07,78,1
467,4096,-0.016,2.372550900016993e-07,89,1
587,4096,-0.072,3.9539080078855214e-07,72,1
2734,4096,-0.016,1.39077571698844e-07,83,1
2736,4096,-0.008,8.970720819940979e-08,86,1
2920,4096,-0.036,6.041379478421146e-07,91,1
3207,4096,-0.024,5.243069615547497e-07,69,1
3208,4096,-0.004,6.037326459890666e-07,90,1
3210,4096,-0.06,1.7367729882922095e-07,91,1
3211,4096,-0.14,4.052734218593341e-07,86,1
4096,4100,0.008,3.9851557889940256e-07,78,1
4098,5527,-0.0116123540856031,2.6140790387767836e-07,28,1
2736,4100,-0.01171875,7.778690588896241e-07,84,1
3070,4100,-0.00390625,1.2065075886990836e-06,60,1
3210,4100,-0.1796875,6.967093948011707e-07,89,1
4100,4102,-0.1283438715953307,6.239878393861237e-07,54,1
4101,5516,0.02734375,6.914322996167022e-07,73,1
807,4104,-0.1333333333333333,9.136558629328958e-07,32,1
4104,5530,0.0666666666666666,7.64634802268063e-07,34,1
2606,4105,-0.11284046692607,1.5060446187351064e-07,25,1
2745,4106,-0.0038910505836575,0.0001284054615535167,309,0
3631,4106,-0.0038910505836575,2.060690922933189e-05,316,0
3859,4106,-0.0038910505836575,2.5121318029549705e-05,309,0
1328,4107,-0.0038910505836575,0.00011777907398758109,251,0
1498,4107,-0.0038910505836575,7.216594937984795e-05,220,0
2745,4107,-0.0038910505836575,0.00014039339548003243,279,0
187,4108,-0.0078125,5.6621483979718754e-05,221,0
1607,4108,-0.00390625,5.358635149469484e-05,270,0
1608,4108,-0.0234375,7.399642733929263e-05,272,0
1896,4108,-0.00390625,0.00050312961650152,239,0
2745,4108,-0.03125,2.533138769954685e-05,274,0
3635,4108,-0.01953125,5.044761005731103e-05,248,0
4108,6335,0.01171875,5.233303565147106e-05,285,0
4108,6342,0.01171875,2.993035878989855e-05,238,0
4108,6463,0.00390625,9.854199348395811e-05,230,0
4108,6595,0.00390625,9.114484714116007e-05,281,0
82,4109,-0.0116731517509727,3.2027371491922426e-05,258,0
391,4109,-0.0233463035019455,9.769117798623783e-05,237,0
1549,4109,-0.0077821011673151,3.9396212751623285e-05,221,0
1608,4109,-0.0038910505836575,3.543352044484468e-05,281,0
1609,4109,-0.0661478599221789,1.8971490900766704e-05,246,0
1896,4109,-0.11284046692607,4.858641077026661e-05,248,0
3635,4109,-0.0038910505836575,2.4700814422855192e-05,257,0
4109,4790,0.0155642023346303,5.960677527049467e-05,259,0
4109,4836,0.0856031128404669,0.00022148541124413477,253,0
4109,6335,0.0194552529182879,2.3634474726916676e-05,294,0
4109,6339,0.0817120622568093,3.935396601470568e-05,241,0
4109,6341,0.0038910505836575,2.0259900763427884e-05,225,0
4109,6464,0.0116731517509727,0.00024135517209054283,242,0
4109,6483,0.0116731517509727,2.264097610143346e-05,272,0
4109,6484,0.0194552529182879,4.06906592288597e-05,260,0
4109,6594,0.0038910505836575,0.00011324830235910399,224,0
4109,6595,0.0038910505836575,4.381575033156741e-05,290,0
391,4110,-0.03125,0.00011307527281288758,224,0
1608,4110,-0.01953125,3.737234414015113e-05,268,0
1609,4110,-0.03515625,2.2715714027098097e-05,233,0
1896,4110,-0.07421875,5.855182506108095e-05,235,0
2791,4110,-0.0078125,0.00023911876004807956,226,0
3375,4110,-0.015625,9.927825266464994e-05,223,0
3634,4110,-0.00390625,3.1613707623084935e-05,219,0
3635,4110,-0.01171875,2.649350135208347e-05,244,0
4110,4790,0.0546875,6.323969078532104e-05,246,0
4110,4836,0.015625,0.00027468230985158303,240,0
4110,6335,0.01171875,2.4837535973046703e-05,281,0
4110,6339,0.046875,4.381531386718627e-05,228,0
4110,6483,0.0078125,2.3759825123452786e-05,259,0
4110,6484,0.00390625,4.2855021104693556e-05,247,0
4110,6595,0.03515625,4.677156836644458e-05,277,0
391,4111,-0.0116731517509727,8.26706466303698e-05,224,0
1608,4111,-0.0077821011673151,1.9273967670818895e-05,268,0
1896,4111,-0.046692607003891,4.387244145960647e-05,235,0
2095,4111,-0.0077821011673151,1.900534192870013e-05,245,0
2791,4111,-0.0077821011673151,0.00017831460494873407,226,0
2898,4111,-0.0077821011673151,3.1677241398808076e-05,262,0
3375,4111,-0.0272373540856031,6.58174946248809e-05,223,0
4111,4777,0.0038910505836575,2.456892825492881e-05,274,0
4111,4790,0.0077821011673151,3.2297439005305604e-05,246,0
4111,4836,0.0350194552529182,0.0002037616559219195,240,0
4111,5875,0.0077821011673151,2.1830329276493475e-05,260,0
4111,6339,0.0505836575875486,2.6753331669102907e-05,228,0
4111,6464,0.0155642023346303,0.00021514139184554277,229,0
4111,6484,0.0077821011673151,2.251630809400428e-05,247,0
4111,6595,0.0077821011673151,2.4307388885749574e-05,277,0
1724,4112,-0.046692607003891,5.625297152018299e-05,247,0
391,4113,-0.00390625,6.57901185084376e-05,227,0
2791,4113,-0.01171875,0.00011157947115414205,229,0
4113,4836,0.01171875,0.0001309836462252301,243,0
4113,6335,0.00390625,8.033815205183758e-05,284,0
4113,6339,0.00390625,9.900556133671899e-05,231,0
4113,6341,0.00390625,2.762421307606426e-05,215,0
4113,6483,0.01171875,7.215018841677003e-05,262,0
4113,6595,0.00390625,0.00015723302533241526,280,0
1608,4114,-0.0039215686274509,2.5516080833394294e-05,239,0
4114,6484,0.0117647058823529,3.05800572082381e-05,218,0
1548,4115,-0.003875968992248,2.7642643826798604e-05,251,0
1607,4115,-0.0077519379844961,0.00019772970062678668,289,0
2745,4115,-0.0116279069767441,0.00013549716544957154,293,0
4115,6334,0.0387596899224806,6.407878275043007e-05,295,0
4115,6485,0.0077519379844961,2.234113264136975e-05,278,0
4115,6595,0.003875968992248,0.00047348793283098545,300,0
2739,4116,-0.0078125,3.6286275357658066e-05,234,0
2745,4116,-0.0078125,3.0005477871706132e-05,242,0
4116,6485,0.00390625,3.285814075803077e-05,227,0
187,4117,-0.0233463035019455,8.260738192424851e-05,220,0
1608,4117,-0.0038910505836575,0.00011910744556343971,271,0
2745,4117,-0.0194552529182879,4.232316485608681e-05,273,0
3635,4117,-0.0038910505836575,7.889537475258768e-05,247,0
4117,6335,0.0038910505836575,9.041939265038476e-05,284,0
4117,6342,0.0038910505836575,4.611977872658748e-05,237,0
4117,6595,0.0038910505836575,0.00015243522832947157,280,0
2498,4120,-0.00390625,2.106749570070477e-05,229,0
2749,4120,-0.00390625,6.718995350793083e-05,287,0
3387,4120,-0.00390625,3.9580007767845995e-05,247,0
4120,5760,0.00390625,2.5674558398090037e-05,220,0
4120,6444,0.00390625,6.192318215179683e-05,247,0
4121,6210,0.0039370078740157,5.9868230616014177e-05,258,0
1328,4122,-0.0155642023346303,7.393660462560783e-05,290,0
1501,4122,-0.0155642023346303,2.0963885974075817e-05,324,0
1620,4122,-0.0155642023346303,2.211016648105419e-05,326,0
2424,4122,-0.0038910505836575,5.35279509786213e-05,287,0
2690,4122,-0.0038910505836575,8.033735255769941e-05,273,0
3386,4122,-0.0077821011673151,5.913161944966841e-05,293,0
3871,4122,-0.0038910505836575,2.6553874627794463e-05,240,0
4113,4122,-0.0038910505836575,6.83474993661565e-05,291,0
4122,5755,0.0077821011673151,1.8858918888359003e-05,329,0
4122,6210,0.0155642023346303,9.81563699205732e-05,334,0
4122,6220,0.0038910505836575,3.45326118845212e-05,250,0
111,4123,-0.0157480314960629,5.25337053982715e-05,229,0
468,4123,-0.0039370078740157,2.352414989552023e-05,217,0
1922,4123,-0.0039370078740157,6.594952468166614e-05,231,0
291,4124,-0.1123595505617977,2.73891943222554e-07,23,1
1321,4126,-0.08984375,5.654313675646149e-07,92,1
4126,4819,0.1015625,1.0647118647505762e-06,84,1
2739,4127,-0.0078125,2.835379886127577e-05,255,0
2749,4127,-0.00390625,2.1783924259480933e-05,267,0
2752,4127,-0.00390625,1.8651989743265855e-05,274,0
3631,4127,-0.0078125,0.00010116969364590088,270,0
4124,4128,-0.5517241379310345,3.982823032638507e-07,24,1
4128,4819,0.0344827586206896,1.011020870208856e-06,42,1
4128,4129,-0.625,7.286880855239238e-07,19,1
1501,4130,-0.0115830115830115,1.935007389949023e-05,271,0
2749,4130,-0.0038610038610038,7.065597772181353e-05,269,0
4130,6513,0.0038610038610038,3.6520507428143486e-05,265,0
3631,4131,-0.00390625,9.281787190198811e-05,279,0
4131,5757,0.0078125,2.3730685146200596e-05,259,0
4131,6210,0.0078125,1.8366402002686087e-05,288,0
126,4132,-0.0078125,1.8393563954363116e-05,285,0
2297,4132,-0.00390625,3.0784232235763405e-05,299,0
2499,4132,-0.0078125,3.225652840729519e-05,303,0
3625,4132,-0.00390625,2.1113134764932953e-05,242,0
399,4133,-0.0077821011673151,2.9100078519708838e-05,302,0
1498,4133,-0.0116731517509727,2.7676472129415852e-05,266,0
1590,4133,-0.0038910505836575,2.3085841965084e-05,285,0
1591,4133,-0.0194552529182879,3.0634813122372384e-05,275,0
4133,6205,0.0272373540856031,2.63082213878758e-05,265,0
4133,6210,0.0077821011673151,2.4349669242258484e-05,341,0
4133,6232,0.0155642023346303,2.3552031978033256e-05,282,0
4133,6236,0.0038910505836575,0.001000737759848212,253,0
4133,6445,0.0077821011673151,5.050842652098968e-05,262,0
4133,6446,0.0038910505836575,2.0907214711582303e-05,261,0
4133,6513,0.0038910505836575,2.3147020642966422e-05,325,0
4133,6519,0.0077821011673151,4.8675658531765506e-05,272,0
4133,6521,0.0272373540856031,2.270131417237084e-05,287,0
111,4134,-0.0077821011673151,4.1287786564312936e-05,280,0
468,4134,-0.0038910505836575,1.8937889989350864e-05,268,0
1328,4134,-0.0038910505836575,3.400818089215862e-05,270,0
4134,6212,0.0077821011673151,4.601684662064284e-05,245,0
277,4135,-0.2972972972972973,8.001615768534538e-07,29,1
4135,5623,-0.081786133960047,1.0805152265880762e-06,43,1
4135,5626,0.0378378378378378,6.726534862051367e-07,37,1
1003,4136,-0.0081967213114754,4.907529471819771e-07,26,1
4136,4815,-0.2239151398264224,6.742137080581575e-08,33,1
4136,4820,-0.2893566191613806,7.12376748136921e-08,34,1
4136,5625,-0.1670870113493064,9.404463447981038e-08,27,1
355,4137,-0.2301587301587301,2.2419952187291562e-07,38,1
816,4137,-0.0714285714285714,1.8901203981818367e-07,41,1
1276,4137,-0.0555555555555555,1.9291538233852038e-07,44,1
2004,4137,-0.0873015873015873,1.6092486212967502e-07,42,1
2421,4137,-0.0317460317460317,2.443464147630874e-07,33,1
4137,4139,0.0714285714285714,2.1433169943440657e-07,42,1
4137,4141,0.0714285714285714,1.9558679514403386e-07,44,1
4137,5623,0.0238095238095238,2.8038321838716383e-07,40,1
4137,5637,0.0793650793650793,1.1076533268921154e-07,42,1
4137,5881,0.1428571428571428,1.3253455349068892e-07,39,1
1279,4138,-0.0784313725490196,1.2376897588486408e-07,45,1
2005,4138,-0.0588235294117647,1.0420465061119907e-06,50,1
3973,4138,-0.0039215686274509,1.061041622648045e-07,44,1
4138,4139,0.0174369747899159,1.1420516670200405e-07,52,1
4138,4140,-0.0578659370725034,7.524751688451787e-08,48,1
4138,4142,-0.0087314483804571,6.211916691812198e-08,47,1
4138,4560,0.0196078431372549,2.2812051674043332e-07,37,1
4138,5626,0.0078431372549019,2.1983047952594877e-07,44,1
4138,5629,0.2235294117647059,1.4230410187248353e-07,39,1
4138,5630,0.0235294117647058,8.890701651973604e-08,48,1
4138,5635,0.0509803921568627,6.850566393475607e-08,49,1
4138,5881,-0.1169155745199634,1.0889108054908428e-07,49,1
278,4139,-0.0803571428571428,2.0006534941011563e-07,50,1
1277,4139,-0.2321428571428571,1.1832005410764352e-07,51,1
3973,4139,-0.0089285714285714,2.390717629215264e-07,46,1
4139,4140,-0.0480343300110742,1.612079988575716e-07,50,1
4139,4560,0.0089285714285714,5.263890094472911e-07,39,1
4139,5635,0.2767857142857143,9.784401314166743e-08,51,1
4139,5636,0.0089285714285714,2.706120782072631e-07,45,1
4139,5881,0.0089285714285714,8.219591917916568e-08,51,1
2421,4140,-0.003875968992248,3.0410768205329997e-07,41,1
4140,4141,-0.0235750113999088,2.69328323265146e-07,52,1
4140,4142,0.1821705426356589,7.435276997846955e-08,45,1
4140,5626,0.0581395348837209,2.903465729225705e-07,42,1
4140,5628,0.003875968992248,1.1934643842987257e-07,40,1
4140,5635,0.0620155038759689,9.965757610865016e-08,47,1
4140,5881,0.1976744186046511,1.4214974032796025e-07,47,1
816,4141,-0.1490196078431372,8.294203714608054e-08,55,1
1276,4141,-0.0901960784313725,7.913924139761899e-08,58,1
1277,4141,-0.0117647058823529,2.994558090432709e-07,53,1
2004,4141,-0.0039215686274509,1.0315655400446317e-07,56,1
2421,4141,-0.0196078431372549,1.5011222330998296e-07,47,1
4138,4141,-0.0823529411764705,2.1355392269347015e-07,54,1
4139,4141,-0.0549019607843137,1.5918915919816228e-07,56,1
4141,4142,0.0627450980392156,2.885170169151739e-07,51,1
4141,5626,0.3490196078431372,1.6088117506739528e-07,48,1
4141,5635,0.0196078431372549,1.5472541081144095e-07,53,1
4141,5881,0.0862745098039215,1.0319289975691914e-07,53,1
278,4142,-0.0220994475138121,9.22910490677485e-08,45,1
1277,4142,-0.1104972375690607,8.243364671389462e-08,46,1
1279,4142,-0.1602209944751381,1.4041227096783655e-07,42,1
2005,4142,-0.0220994475138121,1.0026462303059586e-06,47,1
2262,4142,-0.0662983425414364,1.3986474606155668e-07,38,1
3324,4142,-0.0331491712707182,7.46640113988914e-08,44,1
3973,4142,-0.005524861878453,8.958368681425373e-08,41,1
4142,4560,0.011049723756906,1.9813889624391864e-07,34,1
4142,5628,0.005524861878453,1.0470431280442264e-07,39,1
4142,5629,0.0773480662983425,1.5523075567359862e-07,36,1
4142,5630,0.005524861878453,1.0075573182038077e-07,45,1
4142,5635,0.3646408839779005,8.514895901772856e-08,46,1
4142,5636,0.0441988950276243,9.766220420723917e-08,40,1
4142,5637,-0.0007157715793947,1.1238970920145055e-07,49,1
817,4143,-0.1481481481481481,2.52133462561018e-07,40,1
3105,4143,-0.074074074074074,2.641249551057485e-07,35,1
4143,4991,0.0123456790123456,4.0156142869977965e-07,41,1
4143,5621,0.1564460635498887,1.5105194024503992e-07,31,1
276,4144,-0.0114942528735632,2.1024399399383976e-07,20,1
4143,4144,-0.0114942528735632,1.2069450229416928e-06,24,1
276,4145,-0.06,2.12412097639829e-07,27,1
817,4145,-0.18,3.921799516005237e-07,43,1
3307,4145,-0.02,5.795829757760749e-07,50,1
3687,4145,-0.1,6.402879153002796e-07,52,1
701,4146,-0.08,1.8202559013260678e-07,48,1
1273,4146,-0.08,7.145168900972908e-08,37,1
1517,4146,-0.12,6.077301760195382e-07,57,1
1817,4146,-0.0133333333333333,1.1569608815786478e-06,53,1
2258,4146,-0.0666666666666666,3.1866781526392456e-07,54,1
3307,4146,-0.0533333333333333,2.0525257592677886e-07,53,1
3687,4146,-0.08,2.8360129935164406e-07,55,1
3688,4146,-0.1466666666666666,8.011067515660869e-07,48,1
4145,4146,-0.0133333333333333,2.1518111028851957e-07,37,1
4148,5000,-0.1220973782771535,9.230526509972636e-08,32,1
4149,4983,0.0792386011509517,6.222580101000297e-07,80,1
4149,5001,0.1111111111111111,2.0609279591707473e-07,65,1
4149,4150,-0.0038910505836575,4.2503070944186926e-07,98,1
4151,4968,0.0094786729857819,6.462484357578604e-07,72,1
4151,4983,0.1848341232227488,4.3536975537785226e-07,78,1
1050,4153,-0.0119047619047619,5.704539299487384e-07,72,1
4151,4153,-0.0714285714285714,2.428190524606598e-07,59,1
4153,4968,0.0039682539682539,3.7898075288861115e-07,63,1
4153,4976,0.0317460317460317,1.1016893537728706e-06,81,1
4153,4983,0.1507936507936507,4.430220380559534e-07,69,1
4153,6264,-0.011031746031746,7.509417567772296e-07,58,1
820,4156,-0.0114942528735632,2.873975487857769e-07,52,1
2910,4156,-0.0344827586206896,3.1686509449384715e-07,55,1
4156,4157,0.0344827586206896,6.377958652330963e-07,62,1
4156,6294,0.0344827586206896,3.225165872137589e-07,55,1
1592,4158,-0.01171875,2.9741803410872275e-07,69,1
2478,4158,-0.09375,8.741834454218615e-07,87,1
4158,4980,0.08984375,5.188185448417829e-07,60,1
4158,4981,0.0390625,1.698653823335845e-07,73,1
4158,6284,-0.0388953064202334,4.7380626523868534e-07,77,1
1592,4159,-0.1346153846153846,1.5107199241192185e-07,61,1
2478,4159,-0.173076923076923,6.664455758380375e-07,79,1
4158,4159,-0.0192307692307692,3.5031735592368643e-07,58,1
4159,4980,0.3173076923076923,3.380549487493767e-07,52,1
4159,4981,0.0096153846153846,2.3339173806900182e-07,65,1
4159,6279,0.0961538461538461,7.8169031729184e-07,35,1
4159,6284,0.0096153846153846,2.3464809779790687e-07,69,1
1532,4161,-0.5175438596491229,3.1854146092381796e-07,53,1
2441,4161,-0.1140350877192982,7.183997488332003e-07,52,1
3408,4161,-0.0263157894736842,1.1019639437422626e-06,57,1
4161,4164,0.0175438596491228,6.255572198280907e-07,62,1
4161,6287,0.087719298245614,4.291927955482774e-07,66,1
630,4164,-0.0390625,5.567606925704381e-07,61,1
1532,4164,-0.0546875,2.3453167060686477e-07,69,1
2441,4164,-0.08203125,1.985912169936006e-07,68,1
4164,4165,-0.02734375,4.052276455569e-07,67,1
4164,4243,0.0859375,1.1550147824445007e-06,68,1
4164,4890,0.050735294117647,5.460305114751558e-07,81,1
822,4165,-0.26171875,3.0994265981443525e-07,50,1
1529,4165,-0.02734375,3.0763550067910226e-07,64,1
2009,4165,-0.0078125,2.555995921063329e-07,58,1
2757,4165,-0.01953125,4.1088226713939457e-07,64,1
4165,4890,-0.0435814950980392,3.1515685461823044e-07,70,1
4165,6287,0.0192180907172995,9.681224947448045e-07,71,1
4167,6261,0.0038910505836575,1.0417025303045272e-06,76,1
823,4168,-0.11284046692607,4.2195400320594204e-07,60,1
4168,4169,0.1945525291828793,1.0079671609699552e-06,55,1
4168,6262,0.0272373540856031,4.1548760484728765e-07,70,1
4168,6263,0.178988326848249,4.471189850016599e-07,56,1
4168,6285,0.0933852140077821,8.286265627148688e-07,53,1
1533,4169,-0.0233463035019455,2.4641470941459306e-07,41,1
4155,4169,-0.0116731517509727,8.779879935870417e-07,54,1
4169,4170,-0.0664366488326848,3.883716612345193e-07,43,1
4169,6262,-0.1055295476653696,5.292049250999028e-07,57,1
4169,6283,0.1515373464560921,3.281473274146081e-07,38,1
4169,6285,0.0038910505836575,1.8203387286211862e-07,40,1
823,4170,-0.0078125,1.1857656308144508e-06,48,1
4170,6262,-0.0546875,3.0126522501633793e-07,58,1
4170,6285,-0.1242704280155642,2.0507905486536268e-07,41,1
81,4171,-0.1356589147286821,2.182555037714206e-07,53,1
2435,4171,-0.003875968992248,2.6957056763264196e-07,54,1
4171,6267,0.0425900592795257,2.9207592397524656e-07,60,1
4171,6270,0.1550387596899224,3.243311495649251e-07,59,1
179,4173,-0.0598290598290598,4.158740715637198e-07,65,1
2984,4173,-0.0341880341880341,1.1732149293144956e-06,56,1
3899,4173,-0.0042735042735042,5.996541552293452e-07,64,1
2811,4174,-0.00836820083682,8.442700874745581e-07,49,1
825,4179,-0.0566037735849056,2.6357123461512803e-07,38,1
4179,4693,0.0849056603773584,5.245356475998469e-07,29,1
569,4182,-0.0348837209302325,0.0003533571093501959,231,0
1301,4182,-0.0155038759689922,6.160622308532142e-05,215,0
1304,4182,-0.0193798449612403,4.591000121411e-05,229,0
1689,4182,-0.003875968992248,3.5477269637157606e-05,222,0
1824,4182,-0.0736434108527131,0.00017544648753808063,221,0
2220,4182,-0.0077519379844961,0.0003589270020813601,227,0
2458,4182,-0.003875968992248,5.6855015835802007e-05,226,0
2569,4182,-0.0077519379844961,0.00016730704546561486,267,0
2572,4182,-0.0116279069767441,9.124896795368428e-05,238,0
3130,4182,-0.0077519379844961,0.00021019425455402372,216,0
3131,4182,-0.0077519379844961,0.00016228622242158908,218,0
3614,4182,-0.003875968992248,3.164256062039735e-05,237,0
3721,4182,-0.003875968992248,0.0012899324932242147,249,0
3722,4182,-0.0736434108527131,0.0002258886790328958,285,0
3808,4182,-0.003875968992248,0.0002467539892585111,225,0
4182,5199,0.0116279069767441,0.00028568618085082493,292,0
4182,5429,0.0116279069767441,8.519921038683468e-05,216,0
4182,5434,0.003875968992248,0.0002158409037396146,222,0
4182,5436,0.0116279069767441,0.00011891800998003137,216,0
4182,5686,0.003875968992248,3.464094204139969e-05,223,0
4182,5689,0.003875968992248,0.00024648586268508055,234,0
4182,5697,0.003875968992248,0.00014548539396512316,233,0
4182,6369,0.0077519379844961,0.00014639215810999227,265,0
966,4183,-0.05859375,9.182956176506056e-07,47,1
2013,4183,-0.08984375,6.141265806604151e-07,60,1
4183,4186,0.0390625,7.62135651286021e-07,51,1
4183,4671,0.05859375,7.71589522633614e-07,57,1
144,4185,-0.0780487804878048,1.2061174772007845e-06,40,1
966,4186,-0.0207253886010362,1.0237439602598033e-06,46,1
4186,4697,0.238341968911917,4.841829886185541e-07,45,1
4185,4187,-0.1074380165289256,1.2123834478096303e-06,53,1
4187,4695,0.2396694214876033,1.9042407751363766e-07,55,1
2014,4190,-0.0193050193050193,4.322089122108319e-07,94,1
4191,5509,0.078125,9.692966162691036e-07,76,1
830,4199,-0.33984375,7.582079099013482e-07,63,1
2239,4199,-0.0078125,9.694159831803969e-07,48,1
2357,4199,-0.12890625,6.325635748496309e-07,53,1
4199,4201,0.01171875,8.764503428016808e-07,54,1
4199,5511,0.08203125,5.83077726121238e-07,49,1
4199,5897,-0.0588388480392156,2.852203156538377e-07,52,1
1380,4201,-0.0272373540856031,1.19332523978933e-06,49,1
2239,4201,-0.2023346303501945,1.1518669638954303e-07,42,1
4201,5897,0.0077821011673151,9.656298232327407e-07,46,1
1749,4204,-0.0888888888888888,3.9144092653220625e-07,31,1
4203,4204,-0.1777777777777777,7.02906022058357e-07,31,1
1456,4211,-0.1725490196078431,4.595815707058358e-07,17,1
3347,4213,-0.20703125,9.40116569620301e-07,19,1
4219,4938,0.0233311040856031,6.47596485190178e-07,40,1
4219,5010,-0.0516406752657863,3.078653107196727e-07,41,1
1765,4228,-0.1102362204724409,8.675199331333134e-07,22,1
4230,4231,0.0155642023346303,4.1131129766719e-07,78,1
4230,4888,0.0583657587548638,1.0031197804777064e-06,94,1
4231,4232,-0.0241735347283924,8.597556959640662e-07,90,1
4231,4234,0.0116731517509727,5.579962221840152e-07,79,1
4231,4886,-0.06669718471046,4.782100410716886e-07,82,1
4231,4888,-0.003845805809429,7.69097019959478e-07,90,1
4231,4898,0.1236168531128404,1.2277489250753476e-06,69,1
4232,4898,0.0079662893700787,4.964535829277918e-07,85,1
4234,4888,0.1015625,6.822263253251122e-07,95,1
4237,4854,0.01953125,0.00014248958872988096,218,0
4241,4859,0.0310077519379844,4.4059395555969725e-07,92,1
4241,6502,0.003875968992248,3.184812819903154e-07,95,1
4244,4882,-0.2421875,9.732621401218874e-07,90,1
4246,4839,-0.0659240506329113,4.2529438870037655e-07,75,1
4246,4882,-0.01153125,1.6813506650708024e-07,82,1
4250,4252,0.0833333333333333,5.37312984391673e-07,48,1
4250,4257,0.0833333333333333,2.1625350951893486e-07,30,1
166,4252,-0.01171875,4.386529432510446e-07,85,1
923,4252,-0.0078125,6.624388724654629e-07,93,1
2021,4252,-0.00390625,3.502172186225856e-07,64,1
2049,4252,-0.02734375,2.9736999785905887e-07,77,1
2958,4252,-0.0078125,4.1850099468264805e-07,79,1
4252,4253,0.00390625,2.713357926017644e-07,92,1
4252,4473,0.00390625,3.473712935033875e-07,90,1
4252,6008,0.0546875,3.664453407661585e-07,82,1
2958,4253,-0.0038910505836575,2.2918992283898937e-07,95,1
4253,6008,0.0311284046692607,1.8223139584838305e-07,98,1
948,4254,-0.0114285714285714,9.348115442807963e-07,83,1
2021,4254,-0.04,3.718108151172431e-07,57,1
2049,4254,-0.0628571428571428,2.5983781684093727e-07,70,1
2958,4254,-0.0285714285714285,3.9056568367642335e-07,72,1
4253,4254,-0.0114285714285714,5.725736432666264e-07,85,1
4254,4551,0.0099582289055973,3.100256935891488e-07,70,1
4254,6008,0.0817617165443252,4.48579081460734e-07,75,1
2021,4255,-0.25,1.0987345882122852e-06,29,1
162,4257,-0.0377358490566037,8.753095789421035e-08,47,1
166,4257,-0.0188679245283018,4.4641549170710956e-07,67,1
3060,4257,-0.0188679245283018,8.957430444382461e-07,61,1
3062,4257,-0.0377358490566037,2.8972855618462093e-07,66,1
4252,4257,-0.2075471698113207,2.2478466895439432e-07,58,1
4257,4469,0.0377358490566037,9.76543362622297e-07,53,1
4257,4473,0.0188679245283018,3.7780205765397826e-07,72,1
4257,4519,0.0377358490566037,1.8945382995949016e-07,56,1
2053,4259,-0.0689655172413793,1.0511465635808271e-07,19,1
2105,4278,-0.0159362549800796,8.568995100978442e-07,81,1
4245,4278,-0.1075697211155378,9.340628503051108e-07,88,1
4280,4843,0.1712062256809338,4.661890633194184e-07,78,1
2025,4281,-0.1918367346938775,1.0276965906323461e-06,86,1
4281,4833,0.0816326530612244,6.425417495703631e-07,68,1
2482,4282,-0.0193798449612403,9.680293913689981e-07,83,1
4280,4282,-0.0426356589147286,7.187120615067195e-07,84,1
4283,4296,0.0390625,1.189181896152984e-06,70,1
4283,4845,0.09375,6.086034160496269e-07,79,1
353,4284,-0.00418410041841,5.027787091678977e-07,98,1
4284,4845,0.0627615062761506,5.905961172383382e-07,88,1
4284,6226,0.0125523012552301,1.1423013133427128e-06,82,1
1505,4285,-0.0354330708661417,9.83067748518784e-07,91,1
2024,4285,-0.0118110236220472,1.052927282667391e-06,94,1
3272,4285,-0.0748031496062992,8.771583090772155e-07,94,1
4285,4845,0.2992125984251969,7.002906836588255e-07,95,1
4284,4286,-0.0307692307692307,1.1612019683675724e-06,85,1
4286,6227,0.0384615384615384,9.048942251926319e-07,87,1
2024,4287,-0.0583657587548638,9.885050257463242e-07,90,1
3272,4287,-0.0622568093385214,5.788713882211716e-07,90,1
1010,4288,-0.03515625,1.226763315255188e-06,54,1
4288,4845,0.015625,9.553015857500804e-07,57,1
4288,6231,0.01171875,2.2973813271351206e-07,54,1
91,4289,-0.1957671957671957,1.5107623650983006e-07,49,1
482,4289,-0.037037037037037,9.528213774025737e-07,79,1
1009,4289,-0.037037037037037,9.138988046366766e-07,80,1
2482,4289,-0.0211640211640211,3.002621623602594e-07,71,1
2483,4289,-0.0052910052910052,3.3540382206880485e-07,56,1
2799,4289,-0.0582010582010582,5.281894251447966e-07,66,1
2801,4289,-0.0264550264550264,4.324918296331009e-07,51,1
4280,4289,-0.0634920634920634,4.568060680222556e-07,72,1
4289,4843,0.0264550264550264,8.054035435072217e-07,64,1
4289,6340,0.1534391534391534,6.341072251528218e-07,84,1
482,4290,-0.0228571428571428,3.011354511429201e-07,93,1
2482,4290,-0.0571428571428571,3.5042996629547715e-07,85,1
2799,4290,-0.0457142857142857,8.156277548297142e-07,80,1
4290,4844,0.1828571428571428,5.670933301266286e-07,72,1
2798,4291,-0.0258620689655172,5.295699637049671e-07,90,1
4284,4291,-0.0172413793103448,1.1628694589773433e-06,91,1
2482,4292,-0.008,7.759741415446252e-07,84,1
4290,4292,-0.016,4.3678169468412165e-07,85,1
4292,4844,-0.1090980392156862,4.307277375172065e-07,71,1
4292,6227,0.032,1.0028697538278286e-06,96,1
3318,4293,-0.0748031496062992,4.1933144075538427e-07,76,1
2024,4294,-0.1811023622047244,6.813136641771612e-07,57,1
392,4295,-0.0703125,8.817370639479676e-07,94,1
852,4295,-0.23046875,5.675359813178522e-07,77,1
4295,4885,0.01953125,8.975933901583032e-07,84,1
852,4296,-0.1811023622047244,6.963467312085011e-07,65,1
511,4297,-0.311284046692607,1.1299915606748348e-06,61,1
4298,4300,-0.0719484882418813,1.2212172825204363e-07,14,1
4298,5627,-0.1432748538011695,8.057853319487521e-08,11,1
4299,5634,0.9607843137254902,4.563209220846451e-07,10,1
853,4300,-0.2872340425531915,9.617086099848446e-07,16,1
4300,5627,0.1382978723404255,1.481816327629708e-07,13,1
4300,5634,0.1063829787234042,1.057552359211226e-06,16,1
853,4301,-0.0921052631578947,9.922390420478543e-08,16,1
4300,4301,-0.1842105263157894,9.235455699060807e-07,16,1
4301,5627,0.0131578947368421,1.0259315545745362e-06,13,1
4301,5634,0.0789473684210526,1.7216982938390792e-07,16,1
2806,4302,-1.0,8.48855048609071e-07,8,1
1103,4307,-0.0055865921787709,7.107543998504666e-07,76,1
548,4308,-0.0236220472440944,4.2811718675110637e-07,75,1
661,4308,-0.0787401574803149,4.0327852649786447e-07,64,1
3042,4308,-0.0078740157480314,4.037367719277721e-07,85,1
3043,4308,-0.0078740157480314,7.40114818684545e-07,52,1
3045,4308,-0.0157480314960629,3.7228873576277114e-07,67,1
3542,4308,-0.0078740157480314,4.04008397748087e-07,61,1
3842,4308,-0.0314960629921259,3.371138223511388e-07,61,1
3843,4308,-0.0078740157480314,1.0181509884008627e-06,67,1
4308,5178,0.4409448818897638,9.786299028196355e-07,70,1
4308,4310,-0.0176991150442477,1.0391367748877849e-06,97,1
440,4311,-0.0040650406504065,9.416814969997955e-07,86,1
661,4311,-0.0203252032520325,4.1053009626271086e-07,78,1
745,4311,-0.008130081300813,4.4900177905277736e-07,78,1
1971,4311,-0.1178861788617886,9.414575083556506e-07,87,1
3842,4311,-0.0447154471544715,3.031496451556305e-07,75,1
3843,4311,-0.0121951219512195,6.147700441497514e-07,81,1
548,4312,-0.1468253968253968,1.9209526968363362e-07,92,1
661,4312,-0.0079365079365079,1.0008873669572397e-06,81,1
2624,4312,-0.0595238095238095,9.024879540611139e-07,96,1
214,4313,-0.0045871559633027,4.807889255795319e-07,95,1
1966,4313,-0.0045871559633027,5.630713841538791e-07,79,1
4313,4323,0.0045871559633027,7.194413895744128e-07,86,1
4313,5115,0.0091743119266055,5.572761543598133e-07,77,1
4313,5129,0.0091743119266055,3.248097386662413e-07,96,1
4313,5130,0.0091743119266055,4.25917008915063e-07,90,1
222,4318,-0.2196078431372549,1.978561527056867e-07,33,1
1198,4318,-0.1019607843137254,7.519274295471604e-07,41,1
1674,4318,-0.0745098039215686,1.8438751296812277e-07,34,1
3536,4318,-0.1098039215686274,2.0479024503400166e-07,29,1
4318,5194,-0.2139772640573739,1.2318943836664126e-07,36,1
4318,5216,0.1450980392156863,2.788191498585469e-07,38,1
4318,5217,0.0117647058823529,2.750223272535692e-07,39,1
4318,5405,0.188235294117647,1.2110215879508612e-07,31,1
859,4319,-0.3424124513618677,4.292864703890776e-07,49,1
1672,4319,-0.0077821011673151,9.241673538434449e-07,67,1
3851,4319,-0.0038910505836575,1.046750283620265e-07,54,1
4319,5639,0.1906614785992217,4.6725635214400155e-07,44,1
1281,4320,-0.1393442622950819,1.476935287413844e-07,23,1
4320,5638,0.2336065573770492,9.789155208552668e-07,23,1
731,4322,-0.0039215686274509,5.239865530101433e-07,94,1
2550,4322,-0.0039215686274509,8.956392392729415e-07,84,1
3500,4322,-0.1843137254901961,9.359889646680627e-07,84,1
734,4324,-0.1509433962264151,1.914646433425191e-07,41,1
3909,4328,-1.0,7.785260176067781e-07,4,1
522,4329,-0.125,3.89263008803389e-07,14,1
2519,4329,-0.125,6.10608641260218e-07,17,1
3690,4329,-0.25,7.632608015752726e-07,19,1
4329,4330,0.125,4.0452822483489454e-07,15,1
702,4330,-0.0212765957446808,1.66827003772881e-07,16,1
2954,4330,-0.3404255319148936,1.0958244365473557e-07,17,1
303,4331,-0.0122448979591836,4.851799161488864e-07,70,1
1166,4331,-0.5061224489795918,1.1361066706976695e-07,53,1
2200,4331,-0.1510204081632653,1.832860208716549e-07,56,1
4331,4332,-0.0326530612244897,9.184358309217248e-08,43,1
4331,4338,0.0081632653061224,5.383825343298852e-07,51,1
4331,5312,0.0653061224489796,1.1866511195565111e-07,50,1
4332,5312,0.0505861919235779,1.8834487432591613e-07,43,1
303,4337,-0.2364341085271318,1.8237927843107267e-07,73,1
1166,4337,-0.003875968992248,3.205805120951827e-07,56,1
2200,4337,-0.0155038759689922,2.8854151109203457e-07,59,1
3058,4337,-0.562015503875969,1.855349586706997e-07,76,1
303,4338,-0.5214007782101168,2.2501291017126582e-07,71,1
2200,4338,-0.046692607003891,3.886860142027132e-07,57,1
3058,4338,-0.3968871595330739,2.4029337183918316e-07,74,1
1371,4339,-0.7392996108949417,2.2897119354693874e-05,232,0
303,4343,-0.1439688715953307,2.76493080468339e-07,79,1
580,4343,-0.0038910505836575,2.2751187837109076e-07,73,1
1821,4343,-0.0233463035019455,4.08401340435748e-07,63,1
1835,4343,-0.0389105058365758,2.3057928584611558e-07,75,1
3058,4343,-0.2684824902723735,2.3641930051109838e-07,82,1
3180,4343,-0.0077821011673151,2.8196807196195623e-07,60,1
4337,4343,-0.0038910505836575,2.409549407721296e-07,62,1
4338,4343,-0.0038910505836575,2.439677787259545e-07,60,1
4343,5307,0.0038910505836575,4.1541701220833745e-07,54,1
4343,5310,0.0077821011673151,6.166604142986688e-07,59,1
4343,5313,0.0194552529182879,2.2430660077432933e-07,75,1
4343,5483,0.0038910505836575,5.45092914207407e-07,49,1
868,4347,-0.0135135135135135,2.405788121873601e-07,40,1
4347,4357,-0.0685177364864864,9.31604115262038e-07,69,1
868,4349,-0.00390625,5.386067192668329e-07,71,1
3262,4349,-0.00390625,1.189320815396075e-07,85,1
3264,4349,-0.0078125,1.3773208368687936e-07,97,1
4346,4349,-0.21484375,1.3243033715011823e-07,97,1
4347,4349,-0.04296875,1.1125448626906281e-06,73,1
4349,4355,0.0314014050387596,1.5869057414816387e-07,93,1
4349,5641,0.0234678988326848,2.804146063429213e-07,78,1
4349,5649,0.0156401994163424,4.0170960379149284e-07,73,1
926,4350,-0.0078740157480314,4.672352510217145e-05,261,0
2070,4350,-0.0118110236220472,1.9246985085475436e-05,242,0
4350,4579,0.0039370078740157,8.954221158353179e-05,246,0
4350,4600,0.0039370078740157,2.0222491994131322e-05,223,0
4350,4724,0.0078740157480314,6.778184310397808e-05,221,0
156,4352,-0.1666666666666666,9.253975835363662e-07,27,1
3262,4353,-0.0115830115830115,8.751942744443723e-07,85,1
3264,4353,-0.027027027027027,2.363383918341782e-07,97,1
4346,4353,-0.0077220077220077,2.5985968931122456e-07,97,1
868,4355,-0.0310077519379844,9.33722071717034e-07,60,1
1282,4355,-0.2131782945736434,2.988588841060086e-07,98,1
1865,4355,-0.0193798449612403,4.6339852034799524e-07,79,1
3264,4355,-0.003875968992248,1.2248609133505544e-07,86,1
4346,4355,-0.1124031007751938,1.26029064347453e-07,86,1
4355,4357,-0.0235283430232558,1.0705837471773773e-07,89,1
4355,5641,0.0967333273006967,4.657308795965521e-07,67,1
4355,5648,-0.0040273740310077,1.9496359806159726e-07,90,1
4355,5649,0.0232407323620788,4.5877386624674416e-07,62,1
868,4357,-0.00390625,7.708948817776373e-07,67,1
1865,4357,-0.0390625,3.1399719148991555e-07,86,1
4346,4357,-0.1015625,1.140096202700633e-07,93,1
4357,5641,0.0508420476653696,3.8478649468406543e-07,74,1
4357,5648,0.0078125,1.5354878329562083e-07,97,1
4357,5649,0.0781553988326848,3.9327671455334955e-07,69,1
2878,4358,-0.0038610038610038,5.6669614529287e-05,218,0
725,4359,-0.0389105058365758,4.202278739810594e-07,81,1
1159,4359,-0.0194552529182879,5.49208876770671e-07,91,1
1171,4359,-0.0077821011673151,5.60785811925415e-07,85,1
1690,4359,-0.0155642023346303,3.862118357964658e-07,90,1
2295,4359,-0.0116731517509727,4.886621611490044e-07,83,1
2584,4359,-0.0116731517509727,6.047428276850651e-07,85,1
3770,4359,-0.0233463035019455,4.757146447508333e-07,93,1
4359,4413,0.0155642023346303,4.6127855722881903e-07,84,1
4359,5317,0.0194552529182879,5.73564908327143e-07,96,1
4359,5416,0.0038910505836575,2.738612689370979e-07,69,1
4359,5417,0.0038910505836575,2.2883310516853426e-07,88,1
1480,4360,-0.01953125,0.0001735819059928734,216,0
2640,4360,-0.0078125,3.657221686768712e-05,224,0
3141,4360,-0.00390625,2.727895876457192e-05,215,0
4360,4724,0.00390625,1.8861479184926938e-05,219,0
4361,4377,0.015625,7.284670873581251e-05,218,0
875,4362,-0.0077821011673151,4.903626806119541e-07,90,1
2034,4362,-0.0077821011673151,7.038537531021228e-07,97,1
4362,5645,0.0038910505836575,1.1233516068917098e-06,89,1
1165,4364,-0.0079051383399209,1.9560677236733128e-07,90,1
3773,4364,-0.0276679841897233,2.2433265902457108e-07,87,1
4364,5292,0.0158102766798418,2.689435456324753e-07,87,1
236,4367,-0.0314960629921259,1.3569683195838538e-07,97,1
1165,4367,-0.0039370078740157,2.1658983230622116e-07,86,1
2583,4367,-0.0078740157480314,1.4603754708152488e-07,97,1
3773,4367,-0.0118110236220472,2.425216339990735e-07,83,1
4367,5292,0.0039370078740157,2.5231631581927875e-07,83,1
1159,4369,-0.0038910505836575,8.153743587256955e-07,76,1
725,4370,-0.0078125,1.943272875875413e-07,93,1
1171,4370,-0.00390625,5.443116181861917e-07,97,1
2295,4370,-0.00390625,2.7959330832285276e-07,95,1
2198,4371,-0.0272373540856031,5.834898734795397e-07,92,1
4372,4385,0.00390625,2.3586755311894653e-07,86,1
4372,5416,0.0078125,1.5429745821692645e-07,94,1
1480,4373,-0.0354330708661417,3.8998079649933365e-05,218,0
4373,4600,0.0157480314960629,2.7426028762606556e-05,223,0
1310,4374,-0.005524861878453,4.27800367751816e-07,43,1
2302,4374,-0.0331491712707182,1.094053597177371e-06,59,1
4374,4375,0.0386740331491712,1.0663796621230832e-06,72,1
4374,5731,0.0220994475138121,2.797028767714756e-07,52,1
2302,4375,-0.0329218106995884,5.050304260474201e-07,79,1
4375,5729,0.0617283950617283,5.915076840320192e-07,91,1
4375,5731,0.0033291718684977,5.270546001317071e-07,72,1
4376,4600,0.0038910505836575,3.580243237113485e-05,217,0
61,4377,-0.0077821011673151,6.796412019484757e-05,271,0
1290,4377,-0.0077821011673151,5.6746388522771845e-05,297,0
2070,4377,-0.0038910505836575,8.495796856268372e-05,296,0
2271,4377,-0.0038910505836575,3.494576113096821e-05,281,0
2304,4377,-0.0077821011673151,2.0651485826000742e-05,260,0
2401,4377,-0.0077821011673151,2.2257430464534644e-05,250,0
4377,4606,0.0116731517509727,4.872309782578079e-05,304,0
4377,4727,0.0038910505836575,2.0230156376354815e-05,282,0
4377,5801,0.0038910505836575,3.1771143003236454e-05,271,0
4377,6150,0.0077821011673151,2.5283057375782776e-05,262,0
288,4378,-0.0117647058823529,1.1504625859720607e-06,93,1
4378,5645,0.0313725490196078,3.7352743044065685e-07,82,1
4378,5703,0.0705882352941176,5.752835161486001e-07,91,1
4378,5707,0.1725490196078431,1.196506802589999e-06,90,1
3143,4379,-0.0078125,3.0458805005074853e-05,218,0
4377,4379,-0.0078125,2.2631612161196504e-05,221,0
1284,4382,-0.05859375,1.1159382125500195e-06,87,1
2198,4385,-0.0039215686274509,6.274991008716447e-07,85,1
4385,5305,0.0039215686274509,6.817928091243379e-07,98,1
1369,4387,-0.0039215686274509,0.00013315745541928278,237,0
2069,4387,-0.0039215686274509,7.928744854031326e-05,269,0
4387,4577,0.0039215686274509,0.00010195268030872633,284,0
4387,4727,0.0078431372549019,2.2826771967630636e-05,250,0
4387,5880,0.0078431372549019,0.00015252984273560042,259,0
2065,4388,-0.0068493150684931,0.0001668675976296788,241,0
2405,4388,-0.0068493150684931,2.0686917158172693e-05,234,0
4388,5800,0.0068493150684931,2.474691488233656e-05,221,0
972,4389,-0.0160427807486631,1.904239607616753e-05,250,0
2065,4389,-0.0053475935828877,0.00023718335340366088,232,0
4389,4606,0.0053475935828877,2.010599760841861e-05,255,0
290,4390,-0.0056497175141242,6.623128689625735e-07,51,1
4374,4390,-0.0056497175141242,2.5030042117826174e-07,45,1
4375,4390,-0.2259887005649717,1.2083877437733602e-06,65,1
4390,5731,0.0225988700564971,3.491266138199028e-07,45,1
1310,4393,-0.0185185185185185,1.3938767245073337e-07,32,1
4374,4393,-0.4074074074074074,3.3525830765101083e-07,41,1
4393,5731,0.0092592592592592,2.6197055978095164e-07,41,1
34,4396,-0.0039215686274509,7.481896556839355e-05,247,0
926,4396,-0.0549019607843137,2.9248327490378472e-05,267,0
2070,4396,-0.0196078431372549,2.0761236569065213e-05,248,0
4396,4727,0.0274509803921568,2.2953399562446814e-05,234,0
4397,4577,0.00390625,0.0009072119477060325,267,0
4397,4727,0.0234375,2.0038631059283205e-05,233,0
4398,5829,0.0038910505836575,7.736682934979491e-05,216,0
926,4399,-0.0271317829457364,9.547652767952852e-05,266,0
972,4399,-0.0232558139534883,2.295439138985614e-05,250,0
1702,4399,-0.0116279069767441,2.02236258486879e-05,225,0
2063,4399,-0.003875968992248,2.877623925691248e-05,227,0
2070,4399,-0.0077519379844961,2.941487124798732e-05,247,0
4399,4567,0.0348837209302325,2.0384012182787216e-05,243,0
4399,4604,0.0077519379844961,2.0911604717692584e-05,249,0
4399,4606,0.003875968992248,2.2513379728839054e-05,255,0
4399,4727,0.0193798449612403,2.6154891552999732e-05,233,0
4399,5801,0.003875968992248,1.941251350806301e-05,222,0
4399,5829,0.0193798449612403,2.0478934407071635e-05,238,0
4401,5419,0.00390625,9.592946262278877e-07,76,1
2198,4402,-0.0077821011673151,6.54907914943993e-07,88,1
4385,4403,-0.0039215686274509,2.5213533033972907e-07,83,1
1290,4405,-0.05859375,9.341306079982766e-05,227,0
1290,4406,-0.1462450592885375,8.333182847908441e-05,223,0
4385,4406,-0.0039525691699604,3.5259179665881896e-07,97,1
1290,4407,-0.0039370078740157,0.00016070994409928647,226,0
1290,4408,-0.2265625,0.00013109161535998016,215,0
4408,5416,0.00390625,1.8412190518827114e-07,97,1
4409,5302,0.0126582278481012,4.509260833586658e-05,240,0
873,4411,-0.00390625,2.0238343533822117e-07,96,1
1319,4411,-0.00390625,4.198169301817641e-07,80,1
4369,4411,-0.00390625,4.5749034347403524e-07,79,1
4385,4411,-0.0078125,2.7607907848155884e-07,87,1
4411,5416,0.01171875,2.3319507893977126e-07,95,1
4411,5418,0.01171875,2.863335186567289e-07,90,1
1165,4412,-0.0077821011673151,1.0955673944398551e-06,90,1
3773,4412,-0.0077821011673151,1.2002246324947057e-06,87,1
3722,4414,-0.0387596899224806,2.0332473530267306e-05,285,0
3808,4414,-0.0077519379844961,2.3040770019339723e-05,225,0
52,4415,-0.0204081632653061,4.0169434477259164e-07,46,1
4415,4462,0.010204081632653,6.02574959233682e-07,41,1
4415,5162,0.010204081632653,3.868145709377847e-07,62,1
428,4416,-0.0041493775933609,2.8381804682163745e-05,259,0
713,4416,-0.0041493775933609,3.159111423946808e-05,282,0
737,4416,-0.0041493775933609,3.4308313366015886e-05,304,0
1216,4416,-0.0082987551867219,2.9125152790260353e-05,269,0
1226,4416,-0.0041493775933609,3.795597978899371e-05,279,0
1302,4416,-0.0041493775933609,3.250837894638153e-05,283,0
2155,4416,-0.0041493775933609,3.887447041612926e-05,255,0
2219,4416,-0.0124481327800829,3.555644275263003e-05,294,0
2285,4416,-0.0041493775933609,2.1162491157242e-05,304,0
2286,4416,-0.0041493775933609,2.396461281562877e-05,337,0
2574,4416,-0.0041493775933609,2.7916248761823046e-05,260,0
3131,4416,-0.0041493775933609,2.1174814772051125e-05,290,0
3614,4416,-0.0041493775933609,2.052931977201018e-05,309,0
3722,4416,-0.0082987551867219,2.0497267233027818e-05,357,0
3727,4416,-0.0082987551867219,2.8120337352620094e-05,256,0
3729,4416,-0.0082987551867219,4.569563715117938e-05,270,0
4416,5104,0.0041493775933609,6.840334902071679e-05,281,0
4416,5110,0.0041493775933609,4.37162480845694e-05,268,0
4416,5199,0.0041493775933609,2.5884159643926782e-05,364,0
4416,5212,0.0165975103734439,2.894693441101398e-05,264,0
4416,5215,0.0082987551867219,5.7577865420009e-05,277,0
4416,5430,0.0041493775933609,2.4502152428919506e-05,287,0
4416,5435,0.0041493775933609,2.5521685409681616e-05,293,0
4416,5436,0.0041493775933609,2.174205828538339e-05,288,0
4416,5481,0.0165975103734439,4.411196304777191e-05,273,0
4416,5680,0.0041493775933609,0.00010758822905485593,279,0
4416,5686,0.0041493775933609,2.721999408659761e-05,295,0
4416,5693,0.0041493775933609,1.953856995582684e-05,279,0
5,4417,-0.0042372881355932,2.586762223780891e-05,260,0
255,4417,-0.0127118644067796,0.0005186688756031587,215,0
569,4417,-0.0211864406779661,3.364148099679693e-05,283,0
1226,4417,-0.0042372881355932,3.996645234820002e-05,259,0
1304,4417,-0.0084745762711864,2.5775322970047228e-05,281,0
1563,4417,-0.0042372881355932,2.1808423862639586e-05,272,0
1689,4417,-0.0042372881355932,4.486015144858034e-05,274,0
1802,4417,-0.0042372881355932,4.048107028345312e-05,249,0
2155,4417,-0.0169491525423728,4.1453244042540514e-05,235,0
2219,4417,-0.0042372881355932,3.749639073878327e-05,274,0
2220,4417,-0.0042372881355932,5.689551155739794e-05,279,0
2285,4417,-0.0042372881355932,2.3312896259822905e-05,284,0
2286,4417,-0.0084745762711864,2.785778409181403e-05,317,0
2569,4417,-0.0084745762711864,2.272901645058903e-05,319,0
3133,4417,-0.0042372881355932,0.00013249494325856783,260,0
3614,4417,-0.0042372881355932,2.3114919358180045e-05,289,0
3722,4417,-0.0466101694915254,2.2083845621425197e-05,337,0
3795,4417,-0.0084745762711864,0.0001632804538700195,265,0
3809,4417,-0.0042372881355932,2.5295521398200356e-05,266,0
4417,5101,0.0084745762711864,0.00011283391626195389,234,0
4417,5199,0.0296610169491525,2.954186231391491e-05,344,0
4417,5465,0.0042372881355932,5.1170003213922434e-05,267,0
4417,5670,0.0127118644067796,2.5176901290771956e-05,277,0
4417,5693,0.0127118644067796,2.1950660297606944e-05,259,0
4417,5697,0.0084745762711864,1.9457766197554953e-05,285,0
45,4419,-0.0227272727272727,1.0483806556980786e-06,43,1
2167,4419,-0.1590909090909091,2.4640713948515664e-07,31,1
2769,4419,-0.0227272727272727,7.836211569186188e-07,39,1
158,4420,-0.0448979591836734,2.8597538050290855e-07,58,1
4420,5199,0.0163265306122449,4.603002159149624e-05,235,0
3046,4422,-0.1639344262295081,4.78391775264049e-07,53,1
251,4424,-0.0102564102564102,2.9593169778638257e-05,221,0
257,4424,-0.0102564102564102,6.922959178945981e-05,217,0
1226,4424,-0.0102564102564102,3.9570135142082565e-05,232,0
1562,4424,-0.0666666666666666,2.2190379024696478e-05,219,0
1824,4424,-0.1589743589743589,3.198948713976186e-05,246,0
2152,4424,-0.0256410256410256,3.815330207793483e-05,221,0
2219,4424,-0.0102564102564102,4.555489041852197e-05,247,0
3722,4424,-0.0153846153846153,5.3056517048232064e-05,310,0
3795,4424,-0.0051282051282051,0.00013986302835737054,238,0
3992,4424,-0.0051282051282051,6.417849207001044e-05,241,0
4424,5104,0.0051282051282051,6.80422078802361e-05,234,0
4424,5199,0.0051282051282051,7.017244501429072e-05,317,0
4424,5437,0.0051282051282051,2.9693098390226225e-05,226,0
4424,5689,0.0102564102564102,2.140382367468739e-05,259,0
4424,6368,0.0051282051282051,2.6717762325424105e-05,231,0
219,4425,-0.0097087378640776,1.2337972271409424e-06,78,1
221,4426,-0.0239043824701195,2.1395805668828524e-07,61,1
1707,4426,-0.0278884462151394,3.343447875278989e-07,47,1
3522,4426,-0.0239043824701195,7.587561762999721e-07,59,1
3896,4426,-0.0039840637450199,1.6750261523108313e-07,54,1
4426,4431,0.0119521912350597,3.946325609325578e-07,51,1
2286,4427,-0.00390625,7.362131468908797e-05,238,0
2569,4427,-0.00390625,6.657593164868544e-05,240,0
4427,6369,0.0078125,3.631772348879579e-05,238,0
1824,4428,-0.0041152263374485,4.050290890688103e-05,223,0
2458,4428,-0.0041152263374485,5.4186776879480295e-05,228,0
2569,4428,-0.0041152263374485,6.947764800757025e-05,269,0
3722,4428,-0.0534979423868312,6.765103124768572e-05,287,0
4428,5689,0.0041152263374485,3.315850680801547e-05,236,0
4428,5697,0.0041152263374485,5.912977173121419e-05,235,0
4428,6369,0.0082304526748971,3.548449119230888e-05,267,0
2214,4430,-0.0235294117647058,1.088019948351614e-06,90,1
4430,6369,0.0039215686274509,7.28588392217083e-05,227,0
1799,4432,-0.0266666666666666,9.72210634560599e-07,96,1
2214,4432,-0.0088888888888888,3.3073980984830694e-07,94,1
2569,4432,-0.0044444444444444,0.00010368347334087751,233,0
3032,4432,-0.0355555555555555,5.670664946825515e-07,91,1
3721,4432,-0.0044444444444444,4.217293248160387e-05,215,0
4433,5199,0.0039370078740157,0.00011062163321604768,260,0
4433,6369,0.0039370078740157,5.049452140568076e-05,233,0
569,4434,-0.02734375,7.324251214243838e-05,218,0
737,4434,-0.015625,9.063146226438285e-05,219,0
2572,4434,-0.0078125,2.734650994793388e-05,225,0
4434,5689,0.01953125,2.2026156867968748e-05,221,0
4435,4441,0.0606060606060606,8.936345551685524e-07,60,1
223,4436,-0.0080645161290322,5.1982328224767825e-05,224,0
569,4436,-0.0040322580645161,0.0030044959010880907,232,0
1118,4436,-0.0282258064516129,7.75479588894319e-05,221,0
1125,4436,-0.0040322580645161,5.6538895841064104e-05,219,0
1295,4436,-0.0040322580645161,0.00018902473016702318,219,0
1563,4436,-0.0040322580645161,0.00020793269168931162,221,0
1689,4436,-0.0040322580645161,0.00046613461027101845,223,0
1807,4436,-0.0120967741935483,6.19819073269691e-05,229,0
2039,4436,-0.0120967741935483,6.324156413743665e-05,216,0
2285,4436,-0.0201612903225806,0.00034072297694999454,233,0
2286,4436,-0.0120967741935483,0.00025168090860692993,266,0
3047,4436,-0.0040322580645161,8.364545900747908e-05,216,0
3049,4436,-0.0161290322580645,6.28927053173663e-05,220,0
3721,4436,-0.0161290322580645,8.831603800936796e-05,250,0
3722,4436,-0.0483870967741935,0.00019068254273732073,286,0
4416,4436,-0.0040322580645161,7.485873071912711e-05,253,0
4417,4436,-0.0120967741935483,9.909313164592807e-05,233,0
4436,4765,0.0080645161290322,0.0003406732289104431,222,0
4436,5199,0.0161290322580645,0.0002506587029017072,293,0
4436,5670,0.0040322580645161,0.00034649085898979983,226,0
4436,5697,0.0120967741935483,0.00018574150888445078,234,0
4436,6369,0.0040322580645161,0.00015007101472259269,266,0
2286,4437,-0.0039525691699604,5.864481785479543e-05,231,0
2569,4437,-0.0118577075098814,4.670944958777231e-05,233,0
3721,4437,-0.0197628458498023,1.8667950937204695e-05,215,0
4437,5199,0.0197628458498023,6.425053599744382e-05,258,0
4437,6369,0.0276679841897233,3.201332316187787e-05,231,0
3722,4440,-0.0117647058823529,3.0652295514801056e-05,244,0
3522,4442,-0.0038610038610038,8.631843549985347e-07,64,1
223,4443,-0.0038610038610038,6.0612633265398204e-05,232,0
1118,4443,-0.0501930501930501,7.234236237104773e-05,229,0
1124,4443,-0.0231660231660231,9.667941197400364e-05,228,0
1125,4443,-0.0077220077220077,6.850222965054622e-05,227,0
1295,4443,-0.0038610038610038,0.0002811576592526043,227,0
1304,4443,-0.0038610038610038,0.0010979096620120784,238,0
1563,4443,-0.0038610038610038,0.00030788171441099534,229,0
1689,4443,-0.0038610038610038,0.0006393301366425662,231,0
1807,4443,-0.027027027027027,7.23732335208559e-05,237,0
1824,4443,-0.0308880308880308,0.0002005657353448779,230,0
2039,4443,-0.0154440154440154,8.862679611906115e-05,224,0
2285,4443,-0.0077220077220077,0.0004716794371292164,241,0
2286,4443,-0.0115830115830115,0.0003815139974973172,274,0
2569,4443,-0.0077220077220077,0.0002767328220427973,276,0
2572,4443,-0.0077220077220077,0.0005661556746779369,247,0
3049,4443,-0.0154440154440154,8.761138659183577e-05,228,0
3614,4443,-0.0038610038610038,0.00045433325845370995,246,0
3721,4443,-0.0115830115830115,0.00012014904926492324,258,0
3722,4443,-0.0308880308880308,0.00030546112551921794,294,0
3734,4443,-0.0077220077220077,0.000355675794938903,218,0
4416,4443,-0.0115830115830115,8.603032313189487e-05,261,0
4417,4443,-0.0077220077220077,0.00012722927026890605,241,0
4443,4765,0.0231660231660231,0.0003702627911991074,230,0
4443,5196,0.0038610038610038,8.701531796889692e-05,221,0
4443,5199,0.0115830115830115,0.000397678128471628,301,0
4443,5670,0.0038610038610038,0.0004781452024102718,234,0
4443,5689,0.0077220077220077,0.0006635057633969877,243,0
4443,5694,0.0115830115830115,0.00020672589532200056,234,0
4443,5697,0.0038610038610038,0.0002843332631353425,242,0
4443,6368,0.0193050193050193,0.00013473639394298229,215,0
4443,6369,0.0115830115830115,0.00021706108345349227,274,0
2163,4444,-0.037037037037037,5.809960942271119e-07,51,1
3515,4444,-0.037037037037037,9.032405896701455e-07,49,1
1118,4445,-0.0149253731343283,7.154976414869769e-05,217,0
1124,4445,-0.0373134328358208,8.322938384396345e-05,216,0
1807,4445,-0.0298507462686567,6.423077606330611e-05,225,0
1824,4445,-0.0223880597014925,0.00013063663779070792,218,0
2285,4445,-0.0074626865671641,0.00035573339196804353,229,0
2286,4445,-0.0074626865671641,0.00025827840387734,262,0
2569,4445,-0.0298507462686567,0.0001690327258307679,264,0
3049,4445,-0.0149253731343283,6.64059266777998e-05,216,0
3721,4445,-0.0149253731343283,8.930666639713471e-05,246,0
3722,4445,-0.1492537313432835,0.00019633426607005484,282,0
4416,4445,-0.0149253731343283,7.688649249981153e-05,249,0
4417,4445,-0.0074626865671641,0.00010456274656041393,229,0
4445,4765,0.0373134328358208,0.00035192786825860556,218,0
4445,5199,0.0223880597014925,0.00025591622355450436,289,0
4445,5670,0.0074626865671641,0.0003613700678550561,222,0
4445,5689,0.0074626865671641,0.0005504436984447176,231,0
4445,5694,0.0074626865671641,0.00014480564975831247,222,0
4445,5697,0.0074626865671641,0.0001899283752764265,230,0
4445,6369,0.0149253731343283,0.00015541554621279578,262,0
3908,4447,-0.0119521912350597,3.6444323871963664e-07,63,1
4447,5199,0.0517928286852589,0.0001262547051964553,234,0
1824,4449,-0.0062893081761006,9.843722353348916e-05,223,0
4449,5689,0.0125786163522012,6.35091593029564e-05,236,0
2040,4452,-0.0048780487804878,5.844690716938402e-07,76,1
2044,4452,-0.0048780487804878,4.2979102333217794e-07,78,1
4452,4463,0.0048780487804878,9.764041105127448e-07,72,1
505,4455,-0.025531914893617,5.217040608609647e-07,75,1
551,4455,-0.0340425531914893,5.492000724615513e-07,78,1
2227,4455,-0.0042553191489361,7.660603286629356e-07,60,1
4455,4752,0.0340425531914893,7.886964661929679e-07,58,1
983,4456,-0.0462184873949579,2.3682925413227156e-07,50,1
1109,4456,-0.0336134453781512,5.381980384682752e-07,62,1
1806,4456,-0.0924369747899159,3.5032594953847606e-07,47,1
4456,4750,0.0252100840336134,5.021581003675135e-07,58,1
4456,4752,0.12531328320802,1.2035173119673625e-06,47,1
2883,4459,-0.0793650793650793,1.2234768055486448e-07,20,1
4459,4746,0.0158730158730158,2.2843554618851652e-07,25,1
4459,4752,0.0317460317460317,6.724821890888214e-07,33,1
897,4465,-0.0483870967741935,1.1285076554866046e-07,36,1
902,4465,-0.032258064516129,1.5213262290092694e-07,33,1
914,4465,-0.0161290322580645,1.9513809369924915e-07,33,1
1270,4465,-0.0483870967741935,4.0978294814779815e-07,42,1
2822,4465,-0.0161290322580645,1.1469196485070605e-07,34,1
4465,4475,0.0710009976720984,1.2062664874846765e-07,30,1
4465,4524,0.0161290322580645,1.9478848109089016e-07,29,1
4465,4525,0.032258064516129,1.3131746239920207e-07,27,1
4465,4914,0.0161290322580645,1.551518206832119e-07,29,1
4465,4915,0.1290322580645161,2.590266998612272e-07,37,1
914,4466,-0.0444444444444444,2.818318450583744e-07,29,1
1270,4466,-0.0222222222222222,7.820559247282706e-07,38,1
4466,4479,0.0268518518518518,1.1914432632755656e-07,17,1
4466,4524,0.0074074074074074,4.4013925415359335e-07,25,1
4466,4915,0.2518518518518518,3.894958650834777e-07,33,1
4466,5618,0.2518518518518518,2.141403851520713e-07,24,1
4468,4469,-0.3243341404358353,8.345949683620335e-07,59,1
4468,4474,0.0172648720505151,1.486532370695065e-07,58,1
4468,4527,0.0127118644067796,3.935580586870063e-07,75,1
4468,4528,0.0042372881355932,2.919800994722612e-07,54,1
4469,4519,0.0071428571428571,1.1432960355328716e-06,69,1
166,4470,-0.0909090909090909,8.424467005966568e-07,54,1
3062,4470,-0.0909090909090909,8.330085907071484e-07,53,1
4470,4473,0.2727272727272727,8.655483301838682e-07,59,1
4470,4519,0.0909090909090909,4.984818439539253e-07,43,1
166,4471,-0.02734375,2.3477139534380054e-07,80,1
898,4471,-0.08203125,1.4187679599963903e-07,51,1
913,4471,-0.12890625,9.955948692819087e-08,58,1
949,4471,-0.00390625,2.472908640038853e-07,50,1
2827,4471,-0.00390625,1.9048659974721425e-07,54,1
2829,4471,-0.00390625,9.267247821919296e-07,86,1
3062,4471,-0.00390625,1.6880580373348425e-07,79,1
4468,4471,-0.01953125,9.805885506835849e-08,59,1
4469,4471,-0.03125,1.0284607020044841e-06,66,1
4471,4473,0.050719975490196,1.9067133891484753e-07,85,1
4471,4474,0.02734375,1.1005830033100152e-07,65,1
4471,4519,0.00390625,1.0511112453982112e-07,69,1
4471,4527,0.06640625,2.3043443623611e-07,82,1
4471,4528,0.0234677810077519,3.652934266716567e-07,61,1
2144,4472,-0.0117647058823529,3.80093961634619e-07,30,1
2145,4472,-0.0039215686274509,2.682948576079111e-07,29,1
4258,4472,-0.0039215686274509,4.123063255553932e-07,27,1
4472,4531,0.9333333333333332,2.2353048441279926e-07,31,1
913,4473,-0.0156862745098039,3.1628681193152576e-07,77,1
949,4473,-0.0039215686274509,3.809462331480438e-07,69,1
2827,4473,-0.0274509803921568,2.9974926800478236e-07,73,1
4468,4473,-0.0235294117647058,2.892965188278008e-07,78,1
4473,4474,0.0039215686274509,1.949404774744822e-07,84,1
4473,4519,-0.0388799877927824,1.754593661870111e-07,88,1
4473,4528,0.0117647058823529,7.517122943139571e-07,80,1
4473,4531,0.0274509803921568,1.082422656824436e-06,70,1
4473,4650,-0.011703431372549,1.664432912882646e-07,85,1
4473,6008,0.0039215686274509,1.0997311419166288e-06,96,1
166,4474,-0.0666666666666666,2.432318397019017e-07,79,1
949,4474,-0.0313725490196078,1.7231381856487324e-07,49,1
2827,4474,-0.0117647058823529,2.2536777381504076e-07,53,1
2829,4474,-0.0156862745098039,6.589980842763302e-07,85,1
4474,4527,0.1215686274509803,2.407352690804166e-07,81,1
4474,4528,0.0274509803921568,2.936987788141579e-07,60,1
4474,4650,-0.117172181372549,1.3457834373788217e-07,65,1
490,4475,-0.0051546391752577,1.3038639915729315e-07,35,1
897,4475,-0.0257731958762886,1.5082418964358437e-07,40,1
900,4475,-0.3556701030927835,4.4067694505386164e-07,22,1
1270,4475,-0.0051546391752577,7.088012530360782e-07,46,1
1271,4475,-0.0051546391752577,1.648533574198426e-07,28,1
2048,4475,-0.0309278350515463,2.1941303230327048e-07,33,1
2054,4475,-0.056701030927835,1.1304667940868565e-07,37,1
2822,4475,-0.0206185567010309,1.471255465244948e-07,38,1
2823,4475,-0.0103092783505154,1.0255184338702564e-07,35,1
4467,4475,-0.0463917525773195,3.2573223434685316e-07,23,1
4475,4476,-0.1031545157108463,3.008779541669311e-07,27,1
4475,4524,0.0103092783505154,2.54615205205677e-07,33,1
4475,4525,0.0051546391752577,1.606708000602946e-07,31,1
4475,5618,0.0051546391752577,2.4952951388940854e-07,32,1
490,4476,-0.029940119760479,5.164101963013128e-07,28,1
897,4476,-0.029940119760479,7.189135289130896e-07,33,1
900,4476,-0.1197604790419161,1.6803789120996662e-07,15,1
2046,4476,-0.0059880239520958,5.00714570043355e-07,33,1
2054,4476,-0.0179640718562874,4.910768456560981e-07,30,1
2823,4476,-0.0059880239520958,4.344960001794613e-07,28,1
4465,4476,-0.0059880239520958,3.724576530411242e-07,23,1
4467,4476,-0.0059880239520958,1.5159813349383155e-07,16,1
275,4478,-0.0622568093385214,1.9221621290714683e-07,21,1
914,4478,-0.0038910505836575,1.3085104089260247e-07,33,1
1270,4478,-0.4980544747081712,2.8747113739623403e-07,42,1
4478,4915,0.4319066147859922,1.674392899104084e-07,37,1
4478,5617,0.0038910505836575,1.2502379679429686e-07,31,1
26,4479,-0.0333333333333333,7.58781231060855e-07,10,1
275,4479,-0.0083333333333333,2.14307054702338e-07,16,1
914,4479,-0.15,3.079172610683164e-07,28,1
4479,4915,0.4416666666666666,4.598152188885223e-07,32,1
4479,5618,0.0083333333333333,2.65188553085452e-07,23,1
902,4480,-0.0531914893617021,1.3279047483924653e-07,33,1
914,4480,-0.0319148936170212,1.4745367635891865e-07,33,1
1270,4480,-0.1595744680851064,2.7182793235722464e-07,42,1
1271,4480,-0.0425531914893617,1.5689293650996006e-07,24,1
2822,4480,-0.0212765957446808,1.420282073746387e-07,34,1
4478,4480,-0.0319148936170212,1.1837034102812272e-07,26,1
4480,4524,0.0425531914893617,2.0212590702492225e-07,29,1
4480,4525,0.1489361702127659,1.450801749847083e-07,27,1
4480,4914,0.1276595744680851,1.3775455055915243e-07,29,1
4480,4915,0.0851063829787234,1.8580643113305066e-07,37,1
4480,5617,0.0106382978723404,1.3831166258699838e-07,31,1
4480,5618,0.0319148936170212,1.393047975357074e-07,28,1
2049,4481,-0.044776119402985,6.571848765516183e-07,66,1
4254,4481,-0.0597014925373134,3.6273821087725746e-07,58,1
4481,4483,0.0149253731343283,5.95488806972051e-07,83,1
4481,4551,0.0524570131797154,2.352634997780546e-07,66,1
4483,4547,0.003875968992248,1.0146494087889829e-06,87,1
4483,4551,0.032843737250102,4.34882504601642e-07,95,1
4483,4552,0.0077519379844961,6.097262802150257e-07,89,1
2128,4486,-0.0116279069767441,6.94196225703822e-07,89,1
2151,4486,-0.0310077519379844,1.0692746692690706e-06,87,1
4487,5041,0.0431372549019607,1.1372992643776915e-06,75,1
708,4489,-0.0314960629921259,5.998881829614662e-07,72,1
1081,4489,-0.0039370078740157,2.4327370196358946e-07,74,1
1793,4489,-0.0826771653543307,7.899637915751064e-07,96,1
1891,4489,-0.0078740157480314,4.920428349767556e-07,71,1
2150,4489,-0.0236220472440944,5.576406780568804e-07,79,1
2999,4489,-0.0511811023622047,1.0943579739029034e-06,91,1
3001,4489,-0.0748031496062992,5.176090521079404e-07,89,1
3707,4489,-0.0157480314960629,7.034302808967213e-07,85,1
4489,4493,0.0039370078740157,6.553628895397325e-07,68,1
1081,4490,-0.00390625,2.8474589422829056e-07,73,1
1793,4490,-0.1015625,7.417201499734382e-07,95,1
1891,4490,-0.15234375,1.752779246197383e-07,70,1
2150,4490,-0.015625,3.033595587322992e-07,78,1
2999,4490,-0.07421875,1.0068139813671732e-06,90,1
3001,4490,-0.0625,4.5345100977411356e-07,88,1
3707,4490,-0.04296875,1.2012767233352516e-06,84,1
4490,4493,0.0195464494163424,3.0561685731950177e-07,67,1
163,4491,-0.0078125,1.49813499003869e-07,76,1
708,4491,-0.00390625,8.466922952141587e-07,71,1
1069,4491,-0.05078125,1.1607726589656066e-06,54,1
3001,4491,-0.05859375,8.528235893706918e-07,88,1
4489,4491,-0.04296875,7.265677420359383e-07,69,1
4491,4493,0.015625,1.0537671216369072e-06,67,1
708,4492,-0.0284360189573459,5.360139827166972e-07,67,1
1081,4492,-0.0094786729857819,6.516711525366e-07,69,1
1891,4492,-0.0758293838862559,8.826054975760889e-07,66,1
2150,4492,-0.0047393364928909,7.807959309679964e-07,74,1
3001,4492,-0.0758293838862559,5.698967270682858e-07,84,1
4490,4492,-0.0142180094786729,6.541576325094212e-07,64,1
4492,4493,0.0094786729857819,7.07170501609436e-07,63,1
1793,4493,-0.2412451361867704,7.007336352850059e-07,94,1
1891,4493,-0.0077821011673151,3.43170049430061e-07,69,1
2149,4493,-0.0272373540856031,7.561930072234924e-07,89,1
2150,4493,-0.0116731517509727,2.8915341586161024e-07,77,1
2999,4493,-0.0933852140077821,9.273156170714389e-07,89,1
3361,4494,-0.0909090909090909,6.868024522300707e-07,43,1
42,4495,-0.0601503759398496,7.261635640410077e-07,65,1
163,4495,-0.075187969924812,6.520688076577259e-07,71,1
1891,4495,-0.0676691729323308,8.799177992653463e-07,65,1
2150,4495,-0.0150375939849624,1.059272525059941e-06,73,1
3001,4495,-0.0451127819548872,8.469397181620552e-07,83,1
3712,4495,-0.0526315789473684,6.76596248979262e-07,67,1
4490,4495,-0.0676691729323308,5.874257672310377e-07,63,1
4491,4495,-0.0075187969924812,5.310064252091524e-07,63,1
4492,4495,-0.0075187969924812,8.140563254035627e-07,59,1
4493,4495,-0.0225563909774436,4.2774263860558904e-07,62,1
4495,5069,0.0030940182314192,3.2598507400043786e-07,53,1
163,4496,-0.0778210116731517,3.0834251970361063e-07,86,1
3001,4496,-0.1050583657587548,1.1704472815357131e-06,98,1
3361,4496,-0.0077821011673151,2.479581079041707e-07,76,1
4489,4496,-0.1750972762645914,1.1397220441554763e-06,79,1
4491,4496,-0.0428015564202334,2.918896079901233e-07,78,1
118,4501,-0.0192307692307692,1.5506920624780254e-07,45,1
657,4501,-0.0288461538461538,2.362962929935096e-07,49,1
2050,4501,-0.0144230769230769,2.062408419820297e-07,55,1
3525,4501,-0.0096153846153846,3.2237630537681107e-07,57,1
3526,4501,-0.0576923076923076,4.280286158846393e-07,56,1
3528,4501,-0.0576923076923076,1.5950072224800142e-07,43,1
3742,4501,-0.0048076923076923,8.762229503627623e-07,62,1
4501,4503,0.0288461538461538,1.3596458287627023e-07,51,1
4501,5037,0.0528846153846153,4.0618616682143845e-07,56,1
2050,4503,-0.0068027210884353,1.728816778096541e-07,52,1
3526,4503,-0.0068027210884353,4.1134986351130654e-07,53,1
3742,4503,-0.0136054421768707,1.1228762784321524e-06,59,1
4503,5037,0.0204081632653061,3.531935225907523e-07,53,1
1141,4504,-0.2318840579710145,2.8545347426038217e-07,44,1
1777,4504,-0.0289855072463768,6.025099769189534e-07,70,1
1960,4504,-0.0144927536231884,4.487447609567607e-07,69,1
2578,4504,-0.0144927536231884,6.288939758812148e-07,51,1
3740,4504,-0.0289855072463768,7.462424417887729e-07,90,1
4488,4504,-0.0144927536231884,7.926273643974393e-07,89,1
89,4506,-0.0588235294117647,3.504098352703267e-07,39,1
1078,4506,-0.088235294117647,3.30134053998904e-07,34,1
1686,4506,-0.1764705882352941,3.936699743593532e-07,35,1
2965,4506,-0.1764705882352941,3.137782312949912e-07,41,1
4506,5068,0.0193107546048722,3.687434673704138e-07,34,1
535,4509,-0.0078431372549019,9.207692381222534e-07,72,1
1080,4509,-0.0313725490196078,1.1856548123139143e-06,59,1
1249,4509,-0.0509803921568627,2.7535218928028234e-07,69,1
1953,4509,-0.0431372549019607,6.186757069808259e-07,63,1
2962,4509,-0.1058823529411764,6.74093447447256e-07,80,1
2998,4509,-0.0588235294117647,6.581661888596431e-07,75,1
3708,4509,-0.0588235294117647,9.258558050802642e-07,77,1
3710,4509,-0.0039215686274509,3.5501809372710084e-07,64,1
3713,4509,-0.0431372549019607,7.905719944756165e-07,74,1
4509,5074,0.0039215686274509,8.60720424106261e-07,72,1
4509,5075,0.0588235294117647,4.880511371853333e-07,80,1
4509,5558,0.1568627450980392,7.820944346822308e-07,79,1
4509,5559,0.0901960784313725,4.448563284529613e-07,70,1
535,4510,-0.0089686098654708,4.992198184148483e-07,79,1
708,4510,-0.0269058295964125,1.1334609101895068e-06,76,1
1249,4510,-0.0493273542600896,7.930360927463741e-07,76,1
1891,4510,-0.0448430493273542,6.326951711592631e-07,75,1
2149,4510,-0.0044843049327354,1.0797304196871594e-06,95,1
2150,4510,-0.0179372197309417,9.917194639854404e-07,83,1
2962,4510,-0.1300448430493273,5.457610287830808e-07,87,1
2998,4510,-0.0044843049327354,4.6659576019406693e-07,82,1
3710,4510,-0.0089686098654708,4.729935097747956e-07,71,1
3712,4510,-0.0089686098654708,1.0806266052785884e-06,77,1
3713,4510,-0.0044843049327354,5.394129965707158e-07,81,1
4490,4510,-0.0044843049327354,1.219560490536135e-06,73,1
4510,5043,0.0134529147982062,9.265793302553362e-07,70,1
4510,5074,0.0179372197309417,1.0640613127449733e-06,79,1
4510,5558,0.1121076233183856,5.510352328326521e-07,86,1
4510,5559,0.0313901345291479,6.523689655396804e-07,77,1
1183,4511,-0.0454545454545454,7.929382631764804e-08,33,1
4513,4764,0.1269841269841269,1.0614267645308281e-06,43,1
4514,5183,0.0110231910022892,2.276906762646534e-07,53,1
1185,4516,-0.0222222222222222,2.7377807158537653e-07,98,1
1186,4516,-0.0111111111111111,8.85196792107755e-07,80,1
1442,4516,-0.0055555555555555,7.241055158294381e-07,86,1
1444,4516,-0.0111111111111111,4.8870401616232e-07,74,1
1671,4516,-0.0222222222222222,7.701614283813673e-07,91,1
4516,4517,0.092,3.3748807811569486e-07,90,1
4516,5369,0.0055555555555555,3.379920009342538e-07,94,1
4516,5371,0.0055555555555555,2.245713185560208e-07,88,1
4516,6054,0.0055555555555555,8.122432593839976e-07,88,1
4516,6055,0.0055555555555555,3.36166967106016e-07,97,1
591,4517,-0.08,6.324819785481771e-07,81,1
3019,4517,-0.1,8.85537066384332e-07,82,1
3227,4517,-0.024,2.542265260700592e-07,89,1
3229,4517,-0.016,3.5357285525113557e-07,92,1
4517,5368,0.024,8.339570025311178e-07,97,1
4517,5369,0.012,2.296332479859676e-07,92,1
4517,5371,-0.0113463035019455,1.1040850076328453e-07,86,1
166,4518,-0.0633802816901408,2.0303663687852417e-07,74,1
552,4518,-0.0352112676056338,5.148627515031404e-07,85,1
913,4518,-0.0070422535211267,1.8312601815985455e-07,52,1
2829,4518,-0.0070422535211267,5.176038476560861e-07,80,1
4252,4518,-0.0070422535211267,2.404546874896725e-07,65,1
4468,4518,-0.056338028169014,1.6883404355070632e-07,53,1
4469,4518,-0.0070422535211267,1.0075884987722438e-06,60,1
4473,4518,-0.028169014084507,1.8621458253953804e-07,79,1
4518,4527,0.0352112676056338,2.0693623293505146e-07,76,1
4518,4528,0.0070422535211267,4.5154133424643836e-07,55,1
166,4519,-0.0972762645914396,2.238145141777351e-07,83,1
913,4519,-0.0038910505836575,1.662115902045772e-07,61,1
2827,4519,-0.0038910505836575,2.3512109769081991e-07,57,1
4252,4519,-0.0155642023346303,3.0937823435811974e-07,74,1
4468,4519,-0.046692607003891,1.5654712160421403e-07,62,1
4474,4519,-0.0038910505836575,1.5019162172366273e-07,68,1
4519,4527,0.0233463035019455,2.0192062733661806e-07,85,1
901,4520,-0.0232558139534883,7.25097761496509e-08,10,1
2233,4520,-0.2790697674418604,7.25097761496509e-08,10,1
2819,4520,-0.0046511627906976,2.5569236852771634e-07,12,1
4521,5616,0.2319819819819819,1.642215872020902e-07,12,1
165,4522,-0.0239234449760765,6.869347214177453e-08,5,1
275,4523,-0.0909090909090909,1.6635467835606277e-07,12,1
4523,4914,0.4545454545454545,3.7814394628904225e-07,20,1
4523,4915,0.2727272727272727,7.237175653702025e-07,28,1
4523,5617,0.0909090909090909,4.851029084604617e-07,22,1
1270,4524,-0.875,3.573423931490627e-07,45,1
4521,4524,-0.0078125,3.9011401267814933e-07,23,1
4524,4915,0.1171875,2.7194226835798154e-07,40,1
1270,4525,-0.625,3.065154014937439e-07,43,1
4521,4525,-0.375,2.743318005290901e-07,21,1
4527,4648,0.0079365079365079,1.1660757030201892e-06,97,1
4527,6008,0.0436507936507936,6.144054523579239e-07,93,1
492,4528,-0.0155038759689922,7.500007291225035e-07,52,1
949,4528,-0.0077519379844961,3.503270951130432e-07,45,1
2144,4528,-0.0271317829457364,3.474658222250591e-07,45,1
2145,4528,-0.0503875968992248,3.387271664782368e-07,44,1
2827,4528,-0.0155038759689922,5.562670252772119e-07,49,1
4528,4530,0.003875968992248,7.221895216485193e-07,35,1
4528,4531,0.6589147286821705,1.5055968768223016e-07,46,1
4529,5049,0.0159362549800796,2.7680792153714294e-05,224,0
4530,4531,0.4166666666666667,3.9118108831811134e-07,25,1
843,4532,-0.0047619047619047,1.6666050065064185e-07,83,1
2021,4532,-0.0285714285714285,9.915877898691827e-07,73,1
2049,4532,-0.0619047619047619,3.3545871700325845e-07,86,1
2958,4532,-0.0285714285714285,2.2145606064898926e-07,88,1
4532,4648,0.0047619047619047,3.285428607503383e-07,95,1
4532,6008,0.0436664784490871,2.166988004737473e-07,91,1
4533,5565,-0.1217421558704453,7.245269192700675e-07,88,1
2948,4536,-0.0163934426229508,5.760261659901611e-07,73,1
3546,4536,-0.0163934426229508,9.113274808698193e-07,60,1
208,4537,-0.0077821011673151,7.088132680467623e-07,49,1
2961,4537,-0.0350194552529182,4.075790056285559e-07,55,1
3697,4537,-0.0778210116731517,5.454023753245015e-07,59,1
916,4538,-0.0158730158730158,2.0175916367289685e-07,33,1
2057,4538,-0.0793650793650793,3.3551341162106484e-07,22,1
2959,4538,-0.0158730158730158,2.0869470178347133e-07,32,1
3547,4538,-0.2222222222222222,1.414925710202701e-07,28,1
3698,4538,-0.0158730158730158,1.0834820618920541e-06,42,1
521,4539,-0.0078431372549019,5.793342097439872e-07,97,1
2948,4539,-0.1098039215686274,1.421847829107631e-07,77,1
2961,4539,-0.1725490196078431,6.777150553782471e-07,58,1
3697,4539,-0.0431372549019607,6.991378727147726e-07,62,1
3698,4539,-0.0941176470588235,7.12891758469525e-07,64,1
4537,4539,-0.1372549019607843,1.6935200500538955e-07,67,1
916,4540,-0.1568627450980392,1.0895883705824957e-06,31,1
2141,4541,-0.00390625,9.594873388920294e-07,88,1
4541,4640,0.04296875,2.1518204675072602e-07,73,1
4541,4642,0.01953125,9.166389499721303e-07,96,1
491,4542,-0.0078125,1.2302176411607853e-06,46,1
704,4542,-0.0703125,3.9080178329710484e-07,48,1
1077,4542,-0.1796875,5.769062082123062e-07,39,1
2147,4542,-0.24609375,3.544849870829438e-07,44,1
2824,4542,-0.171875,8.274930329599207e-07,43,1
2832,4542,-0.078125,2.3048195960570722e-07,44,1
2960,4542,-0.015625,9.183884116255801e-07,38,1
3699,4542,-0.22265625,7.522087632423487e-07,44,1
175,4543,-0.0196078431372549,3.6456228434947404e-07,55,1
946,4543,-0.0705882352941176,1.8182415623268576e-07,57,1
1749,4543,-0.0039215686274509,6.33722333684324e-07,46,1
4203,4543,-0.0196078431372549,3.109945834528028e-07,46,1
4543,5565,0.0784313725490196,1.0315532485544888e-06,59,1
4190,4546,-0.0039525691699604,5.225380991679657e-07,98,1
4546,5507,0.0039525691699604,1.167005161213802e-06,85,1
174,4547,-0.0425531914893617,4.217901726564541e-07,98,1
2250,4547,-0.0106382978723404,5.822789666560115e-07,84,1
174,4548,-0.7313432835820896,1.0542811730145785e-06,80,1
558,4551,-0.0058479532163742,9.882021767160566e-07,84,1
3085,4551,-0.0058479532163742,8.57166110814939e-07,89,1
168,4552,-0.0422535211267605,4.696162020653841e-07,98,1
2062,4552,-0.0704225352112676,3.488859377052191e-07,74,1
4552,5564,0.0070422535211267,8.115695786832363e-07,98,1
950,4555,-0.1712062256809338,1.2160722206896228e-06,87,1
2249,4555,-0.0155642023346303,4.4018010518688075e-07,96,1
2833,4555,-0.0116731517509727,8.381888743141589e-07,95,1
3702,4555,-0.0077821011673151,9.321553485218677e-07,85,1
4555,4651,0.1556420233463035,8.507970190066623e-07,89,1
555,4558,-0.00390625,1.20217792724091e-06,95,1
1278,4559,-0.1611111111111111,3.28459632202557e-07,17,1
4137,4559,-0.0277777777777777,1.1187603905813097e-06,24,1
4559,5630,0.0333333333333333,7.600829897685266e-07,32,1
4559,5631,0.4444444444444444,1.4344443823707592e-07,14,1
4560,5632,0.1428571428571428,4.249965500753657e-07,18,1
2065,4561,-0.0038910505836575,2.84351827790375e-05,215,0
4561,4577,0.0116731517509727,2.16829231286866e-05,250,0
4562,4577,0.0041493775933609,0.0001137229988347813,237,0
79,4563,-0.0038910505836575,2.74927991900244e-05,243,0
1369,4563,-0.0155642023346303,2.239296785645301e-05,247,0
2065,4563,-0.0194552529182879,2.1772255198999917e-05,259,0
4563,5880,0.0272373540856031,2.4201837324598547e-05,269,0
2065,4564,-0.0078431372549019,2.799453012591769e-05,226,0
4564,4577,0.0274509803921568,2.1617996731154847e-05,261,0
4564,5780,0.0235294117647058,4.1553598526548094e-05,217,0
4564,5880,0.0352941176470588,3.558843934326742e-05,236,0
4565,5736,0.0396825396825396,3.029496516011884e-05,217,0
4133,4566,-0.0077821011673151,0.00010271863173319757,310,0
1829,4567,-0.0352941176470588,2.2345065382878545e-05,313,0
2069,4567,-0.0039215686274509,4.418442816084047e-05,305,0
4133,4567,-0.0117647058823529,4.591549265837516e-05,323,0
4567,5880,0.0039215686274509,7.115301498103688e-05,295,0
2424,4568,-0.0039370078740157,0.0001460270018948313,261,0
4568,5757,0.0039370078740157,4.5840823100628144e-05,279,0
1829,4569,-0.0077519379844961,2.1833005482979596e-05,286,0
4133,4569,-0.0116279069767441,0.00010480174095329515,296,0
3872,4570,-0.003875968992248,0.00011037067622130699,247,0
3558,4571,-0.0227272727272727,9.479412146286842e-07,59,1
752,4572,-0.0039215686274509,2.9949630379909704e-05,234,0
3298,4573,-0.2777777777777778,1.652112436414556e-07,20,1
3873,4574,-0.0039215686274509,2.3543096414282267e-05,215,0
3298,4575,-0.2,2.678108988233669e-07,25,1
4573,4575,-0.1641025641025641,4.30196443451617e-07,25,1
4575,4576,0.0461538461538461,3.839130767831297e-07,21,1
4575,5876,0.0307692307692307,2.3551505716497872e-07,24,1
356,4577,-0.003875968992248,2.5536865447671956e-05,240,0
626,4577,-0.0116279069767441,2.6987264565256917e-05,273,0
1620,4577,-0.0116279069767441,7.325602047605965e-05,330,0
2420,4577,-0.0077519379844961,0.0008554540975931303,249,0
2690,4577,-0.0232558139534883,4.251479000317957e-05,277,0
3295,4577,-0.0193798449612403,2.818084763959631e-05,286,0
3386,4577,-0.0077519379844961,2.9375838338619498e-05,297,0
3387,4577,-0.003875968992248,2.7033151367851484e-05,286,0
3388,4577,-0.0155038759689922,6.22995725273473e-05,261,0
4115,4577,-0.0077519379844961,6.089421441960118e-05,315,0
4577,4812,0.003875968992248,0.0010230046911161939,224,0
4577,5742,0.003875968992248,3.243327753384592e-05,339,0
4577,5764,0.0155038759689922,4.601086382419535e-05,284,0
4577,5776,0.003875968992248,6.969417984220408e-05,338,0
4577,6208,0.003875968992248,5.301215523647684e-05,298,0
4577,6233,0.0155038759689922,3.331676457202231e-05,275,0
4577,6236,0.0116279069767441,0.002107001107566765,250,0
4577,6444,0.0077519379844961,5.6831226920858804e-05,286,0
4577,6448,0.0077519379844961,3.2913773712442274e-05,276,0
4577,6519,0.003875968992248,0.00015555396089658797,269,0
4577,6521,0.0310077519379844,0.00010839753134162242,284,0
1973,4578,-0.0038910505836575,4.9407655029310174e-05,290,0
4578,5757,0.0038910505836575,8.70269867272406e-05,281,0
752,4579,-0.0077821011673151,3.754960275615235e-05,271,0
1973,4579,-0.0038910505836575,3.080164563394464e-05,302,0
2424,4579,-0.0116731517509727,0.00043050631727211975,275,0
2692,4579,-0.0038910505836575,4.6251355118807104e-05,317,0
3859,4579,-0.0077821011673151,7.449994066608777e-05,306,0
3872,4579,-0.0038910505836575,2.509679523284208e-05,292,0
4579,5734,0.0077821011673151,0.0001790967801941568,243,0
4579,5757,0.0428015564202334,8.378164241999099e-05,293,0
2297,4580,-0.0156862745098039,2.4864459719081404e-05,307,0
4130,4580,-0.0156862745098039,2.6933974546200877e-05,259,0
4580,5756,0.0039215686274509,7.779296920620927e-05,260,0
1973,4581,-0.0038910505836575,4.162218636130938e-05,289,0
2423,4581,-0.0038910505836575,2.608808333669967e-05,268,0
4581,5756,0.0038910505836575,4.459332291536494e-05,259,0
4581,5757,0.0038910505836575,9.225693079287814e-05,280,0
752,4582,-0.0116731517509727,2.0900955779803934e-05,258,0
1973,4582,-0.0077821011673151,5.1446435749913334e-05,289,0
3873,4582,-0.0038910505836575,9.654597295263302e-05,296,0
4582,5734,0.0038910505836575,8.114194040579665e-05,230,0
4582,5757,0.0077821011673151,5.535154896816525e-05,280,0
359,4583,-0.0039215686274509,5.416174664224261e-05,225,0
1327,4583,-0.0039215686274509,2.2717784084269577e-05,273,0
1501,4583,-0.0078431372549019,2.673366072711402e-05,280,0
1620,4583,-0.1764705882352941,2.5385694557590442e-05,282,0
4115,4583,-0.0313725490196078,2.136669618219251e-05,267,0
4583,5761,0.0117647058823529,3.306892710214113e-05,256,0
4583,5773,0.0039215686274509,2.171032242754236e-05,221,0
4583,6210,0.0352941176470588,9.547640904150603e-05,290,0
4583,6250,0.0039215686274509,2.792614278787076e-05,239,0
4583,6444,0.0039215686274509,1.9503946334137737e-05,238,0
1327,4584,-0.0038910505836575,2.398001792067422e-05,314,0
1328,4584,-0.0038910505836575,6.111087584845269e-05,287,0
1501,4584,-0.0038910505836575,2.8691278603773085e-05,321,0
1620,4584,-0.0116731517509727,2.903268645149697e-05,323,0
2424,4584,-0.0038910505836575,4.5330231687798566e-05,284,0
2690,4584,-0.0155642023346303,8.778626879164898e-05,270,0
3386,4584,-0.0155642023346303,7.090277271202421e-05,290,0
3387,4584,-0.0038910505836575,6.694576501142098e-05,279,0
4584,5734,0.0116731517509727,2.1430337532142315e-05,252,0
4584,6210,0.0038910505836575,0.00012304521517116884,331,0
4584,6233,0.0038910505836575,4.639984756042584e-05,268,0
2749,4585,-0.0078125,3.90529093311117e-05,258,0
2752,4585,-0.00390625,3.2301786418904906e-05,265,0
4585,6210,0.00390625,2.871258996669744e-05,270,0
4585,6513,0.00390625,2.1081213253461345e-05,254,0
4585,6521,0.015625,1.959209721515853e-05,216,0
456,4586,-0.0039215686274509,7.506324867588526e-05,223,0
1328,4586,-0.0039215686274509,8.573934848811228e-05,272,0
1501,4586,-0.0039215686274509,2.0924316823443835e-05,306,0
1620,4586,-0.0078431372549019,2.3109319183514527e-05,308,0
2639,4586,-0.0039215686274509,2.1290320715670842e-05,310,0
3873,4586,-0.0039215686274509,3.408627970631191e-05,303,0
4586,5734,0.0039215686274509,3.3237275837124016e-05,237,0
4586,5757,0.0078431372549019,1.9979419290581547e-05,287,0
4586,5769,0.0039215686274509,3.174720314922035e-05,262,0
4586,6210,0.0078431372549019,0.00011654511333257525,316,0
1329,4587,-0.00390625,2.072799850920644e-05,263,0
1620,4587,-0.0390625,3.2509137641055756e-05,311,0
4587,5761,0.0078125,3.652983607059438e-05,285,0
4587,5762,0.00390625,1.9027664312139768e-05,252,0
4587,6210,0.02734375,0.00015580337935477363,319,0
3558,4588,-0.003875968992248,7.621869064389733e-07,89,1
4588,4595,0.0232558139534883,1.113346670853755e-06,88,1
2692,4589,-0.0077821011673151,4.666900327569832e-05,216,0
1620,4590,-0.0039215686274509,0.00010514695947388157,244,0
3859,4590,-0.0039215686274509,2.825576695174894e-05,236,0
3300,4591,-0.1220930232558139,5.678334763048535e-07,42,1
1501,4592,-0.00390625,3.7638842105903165e-05,239,0
1620,4592,-0.015625,3.610558457411314e-05,241,0
4115,4592,-0.015625,3.065138356379167e-05,226,0
4592,5761,0.00390625,4.761492033931193e-05,215,0
3299,4593,-0.0395256916996047,1.0209357528796491e-06,78,1
1501,4594,-0.0232558139534883,9.769557548864503e-05,223,0
2692,4594,-0.1007751937984496,3.9275177555808895e-05,228,0
668,4595,-0.0116279069767441,6.678102600681343e-07,41,1
3560,4595,-0.7868217054263565,1.0640251595534863e-06,46,1
4593,4595,-0.0310077519379844,4.347795058782478e-07,71,1
1501,4596,-0.003875968992248,0.00021680632618403838,226,0
2692,4596,-0.003875968992248,9.339763126988656e-05,231,0
3859,4596,-0.003875968992248,3.657121323607682e-05,220,0
3873,4596,-0.003875968992248,7.248703525881494e-05,223,0
752,4597,-0.0077821011673151,3.9665769474236316e-05,255,0
3874,4597,-0.0505836575875486,2.982963412006803e-05,227,0
4597,5735,0.0077821011673151,7.203173620129086e-05,236,0
4597,5756,0.0077821011673151,4.7557380918448773e-05,256,0
4598,6237,0.0038910505836575,0.00010113854439607356,231,0
1866,4599,-0.0038910505836575,1.9986459391970924e-05,231,0
294,4600,-0.00390625,2.9676203699920272e-05,306,0
2065,4600,-0.00390625,0.0007249948933410603,270,0
4122,4600,-0.00390625,6.659594897057311e-05,301,0
4601,6237,0.003875968992248,9.629230190286826e-05,238,0
1333,4602,-0.0038910505836575,2.2945889090872957e-05,293,0
2409,4602,-0.0038910505836575,3.141446894547261e-05,335,0
1358,4603,-0.00390625,2.8720961011520805e-05,309,0
1486,4603,-0.00390625,1.8940567035198318e-05,294,0
2310,4603,-0.0078125,1.8767936228309862e-05,265,0
2500,4603,-0.00390625,1.870452066897837e-05,294,0
4603,6239,0.00390625,3.233796471893883e-05,309,0
401,4604,-0.003875968992248,1.8938793513440615e-05,299,0
2425,4604,-0.0116279069767441,1.8710529412431048e-05,307,0
4604,6237,0.003875968992248,0.00010893405332304574,302,0
981,4606,-0.0039215686274509,1.8973410743872098e-05,285,0
1515,4606,-0.0078431372549019,1.8445311775822407e-05,302,0
2065,4606,-0.0039215686274509,9.728527073683498e-05,297,0
2430,4606,-0.0039215686274509,1.9519292797163197e-05,283,0
2843,4606,-0.0039215686274509,2.6492654441516187e-05,261,0
3293,4606,-0.0117647058823529,1.857769972604447e-05,301,0
3294,4606,-0.0039215686274509,1.9418092467977593e-05,291,0
4133,4606,-0.0039215686274509,8.270048493839678e-05,335,0
4577,4606,-0.0078431372549019,8.888592508249313e-05,332,0
4606,5880,0.0039215686274509,0.00010309595155190047,307,0
4607,5749,0.0078431372549019,2.477540322259703e-05,275,0
1877,4608,-0.0039215686274509,4.669898757778881e-05,272,0
79,4609,-0.0078125,8.143914260122692e-05,257,0
1369,4609,-0.015625,6.258527690207217e-05,261,0
2065,4609,-0.015625,5.9540083253898285e-05,273,0
2069,4609,-0.0078125,3.661249112594036e-05,293,0
2841,4609,-0.00390625,6.001975992938525e-05,229,0
4577,4609,-0.01953125,4.8716200583656075e-05,308,0
4609,5780,0.00390625,9.939412696646573e-05,264,0
4609,5880,0.00390625,6.669588021488066e-05,283,0
79,4610,-0.0039215686274509,8.553568306618859e-05,266,0
678,4610,-0.0039215686274509,1.9665828602379892e-05,219,0
2065,4610,-0.0078431372549019,5.946162048546813e-05,282,0
2069,4610,-0.0117647058823529,3.7360398792587584e-05,302,0
2841,4610,-0.0039215686274509,5.950019511644512e-05,238,0
3297,4610,-0.0039215686274509,5.150879720525176e-05,260,0
4577,4610,-0.0117647058823529,5.090195384453777e-05,317,0
4585,4610,-0.0039215686274509,3.390534548070683e-05,249,0
4592,4610,-0.0039215686274509,1.926879183797272e-05,228,0
4610,5780,0.0117647058823529,0.0001022022146835328,273,0
4610,5880,0.0156862745098039,6.744473549254764e-05,292,0
4611,5744,0.0117647058823529,1.9382292052599e-05,287,0
4612,6237,0.0038910505836575,9.42797894848535e-05,246,0
4133,4613,-0.0078431372549019,9.703777769109612e-05,315,0
1898,4614,-0.015625,2.189053106409399e-05,249,0
2499,4614,-0.01171875,1.9851144633349236e-05,300,0
2696,4614,-0.01171875,9.475721369673694e-05,264,0
2750,4614,-0.00390625,3.4798060187353515e-05,255,0
3870,4614,-0.0078125,4.583103286995078e-05,263,0
375,4615,-0.01171875,2.7308893360092557e-05,237,0
471,4615,-0.00390625,6.448868455548726e-05,253,0
2740,4615,-0.00390625,3.535312614483207e-05,256,0
2753,4615,-0.01171875,3.6739234570050946e-05,246,0
4109,4615,-0.01171875,2.503359495992877e-05,263,0
4615,5754,0.00390625,2.0629771912739696e-05,266,0
809,4616,-0.00390625,5.99722374566201e-05,274,0
2696,4616,-0.01171875,5.072234616702562e-05,270,0
3870,4616,-0.00390625,2.0355886830848717e-05,269,0
809,4617,-0.0039215686274509,4.252816963038207e-05,241,0
2696,4617,-0.0039215686274509,3.534583169442838e-05,237,0
3628,4617,-0.0078431372549019,3.468972943594611e-05,226,0
4110,4617,-0.0117647058823529,5.646503962527839e-05,226,0
4618,6237,0.00390625,9.300706467577115e-05,263,0
926,4619,-0.015625,8.173801448797432e-05,236,0
972,4619,-0.0078125,3.922174891574287e-05,220,0
2070,4619,-0.00390625,4.9692265542824286e-05,217,0
4606,4619,-0.0078125,4.216695557553843e-05,225,0
34,4621,-0.0039525691699604,1.8406148558877808e-05,226,0
496,4621,-0.0079051383399209,3.731543735524769e-05,224,0
926,4621,-0.0197628458498023,2.3267413233209034e-05,246,0
972,4621,-0.0237154150197628,2.175714366936683e-05,230,0
4567,4621,-0.0237154150197628,1.846440327238549e-05,223,0
4606,4621,-0.0039525691699604,2.367547648414287e-05,235,0
4621,5829,0.0079051383399209,1.9665513025743844e-05,218,0
979,4622,-0.015625,1.613707685985373e-07,27,1
2872,4622,-0.09375,5.826189246967745e-07,47,1
3552,4622,-0.75390625,4.275094194880411e-07,23,1
926,4624,-0.0117647058823529,4.3866745564565966e-05,262,0
972,4624,-0.0078431372549019,4.437261738784078e-05,246,0
1702,4624,-0.0274509803921568,3.6207234672104503e-05,221,0
4567,4624,-0.0196078431372549,3.846184493046724e-05,239,0
4584,4624,-0.0039215686274509,0.00011046002894418834,256,0
4586,4624,-0.0039215686274509,4.0758874840868685e-05,241,0
4606,4624,-0.0039215686274509,4.914087690490161e-05,251,0
4624,5829,0.0039215686274509,4.049156914030289e-05,234,0
182,4625,-0.003875968992248,6.786117941310716e-07,96,1
4625,5803,0.003875968992248,2.788298971768172e-05,222,0
182,4626,-0.00390625,3.729327072610333e-07,81,1
182,4627,-0.05078125,6.302591787002197e-07,93,1
972,4627,-0.00390625,6.001429686674032e-05,224,0
2408,4628,-0.0816326530612244,1.09959877775302e-06,53,1
2847,4628,-0.0612244897959183,6.599763020646352e-07,16,1
2878,4629,-0.00390625,2.645123552227167e-05,221,0
926,4630,-0.0039525691699604,0.00010174259453837136,260,0
972,4630,-0.0118577075098814,1.906610064446203e-05,244,0
2070,4630,-0.0118577075098814,2.4844758345678362e-05,241,0
4600,4630,-0.0079051383399209,2.4326827913257252e-05,222,0
4606,4630,-0.0316205533596837,1.8319966539250157e-05,249,0
4630,4727,0.0039525691699604,1.93303189950279e-05,227,0
705,4637,-0.0196850393700787,1.2225732179382327e-06,94,1
2249,4637,-0.0118110236220472,6.85935361200978e-07,90,1
4637,4651,0.0196850393700787,1.1984499440729934e-06,83,1
493,4639,-0.1673306772908366,6.696131938742906e-07,71,1
919,4639,-0.0318725099601593,9.843805671132711e-07,70,1
1748,4639,-0.0039840637450199,8.902880262658346e-07,75,1
2830,4639,-0.0318725099601593,1.0037909910641073e-06,69,1
2948,4639,-0.199203187250996,4.5951941416519484e-07,83,1
2951,4639,-0.0159362549800796,2.3811590592374437e-07,71,1
4537,4639,-0.0597609561752988,7.388313190872355e-07,73,1
4539,4639,-0.0836653386454183,4.2786917948964584e-07,76,1
167,4643,-0.00390625,4.435617365953709e-07,81,1
3545,4643,-0.01171875,4.462026400067267e-07,71,1
270,4646,-0.0748031496062992,2.369843266382002e-07,77,1
558,4646,-0.0157480314960629,9.183627863030222e-07,76,1
923,4646,-0.0275590551181102,7.996208155116304e-07,86,1
947,4646,-0.0157480314960629,4.7003667536233327e-07,87,1
2076,4646,-0.0118110236220472,1.9798402451268717e-07,73,1
3085,4646,-0.0472440944881889,5.086872211831445e-07,81,1
3700,4646,-0.0354330708661417,5.99477531189898e-07,98,1
4637,4646,-0.0393700787401574,4.333756522846391e-07,87,1
4646,4648,0.0669291338582677,4.1239539338761994e-07,79,1
176,4647,-0.0859375,3.4343241989870496e-07,54,1
923,4647,-0.0078125,1.0749567464858465e-06,77,1
2249,4647,-0.01953125,3.4797280099402536e-07,56,1
4647,4649,0.03125,4.962269975910223e-07,49,1
558,4648,-0.0039215686274509,7.582965513389405e-07,93,1
705,4648,-0.1176470588235294,7.154284666193458e-07,86,1
2833,4648,-0.0039215686274509,9.990209964174318e-07,81,1
3085,4648,-0.0078431372549019,4.3655380657005377e-07,98,1
3701,4648,-0.2784313725490196,1.1662896778779796e-06,72,1
4648,4651,0.0666666666666666,9.22034342619497e-07,75,1
492,4649,-0.0313725490196078,6.800524727427765e-07,51,1
2796,4649,-0.196078431372549,3.4734676774817856e-07,76,1
2829,4649,-0.1372549019607843,5.165725766088792e-07,80,1
4649,5485,0.0156862745098039,2.469315950870711e-07,51,1
166,4650,-0.015625,1.7586103901339392e-07,80,1
552,4650,-0.015625,9.319279058611529e-07,91,1
898,4650,-0.16015625,2.152457373310549e-07,51,1
899,4650,-0.01953125,9.019385688395065e-08,65,1
913,4650,-0.04296875,1.3562953388508008e-07,58,1
949,4650,-0.00390625,2.394381534550589e-07,50,1
2796,4650,-0.00390625,8.886966110854425e-07,82,1
2827,4650,-0.01953125,1.9632278959429116e-07,54,1
2829,4650,-0.01171875,7.030262397155863e-07,86,1
3059,4650,-0.0546875,1.1927149525717435e-07,65,1
3062,4650,-0.0234375,2.3988394039349974e-07,79,1
4468,4650,-0.09765625,1.215791950776343e-07,59,1
4471,4650,-0.0625,1.0199815050799095e-07,66,1
4518,4650,-0.0078125,1.4309443996719442e-07,60,1
4519,4650,-0.0234375,1.6187021808584677e-07,69,1
4527,4650,-0.01171875,2.757245124655625e-07,82,1
4528,4650,-0.015625,2.5173489974391105e-07,61,1
4531,4650,-0.04296875,3.540198815631847e-07,51,1
950,4651,-0.00390625,3.1047521871092495e-07,52,1
2830,4651,-0.01171875,3.436067189047904e-07,55,1
3694,4651,-0.0703125,3.1376010736867685e-07,50,1
4647,4651,-0.15234375,2.813886059928275e-07,49,1
4653,5889,0.0077519379844961,4.082958290941318e-05,216,0
795,4656,-0.0042553191489361,0.0001427732504162668,217,0
2850,4659,-0.1106719367588932,5.467654483833554e-07,92,1
4663,5889,0.0039215686274509,0.003011737587902683,233,0
588,4669,-0.1694915254237288,1.2330003481856682e-06,53,1
966,4671,-0.0089686098654708,7.799001171055006e-07,52,1
2013,4671,-0.0134529147982062,3.6702376557159145e-07,65,1
4186,4671,-0.0403587443946188,6.934963061810728e-07,56,1
1752,4672,-0.0862745098039215,6.699512003687752e-07,33,1
4676,6030,0.065200293624161,8.321184439745713e-07,31,1
3571,4677,-0.1397849462365591,4.437263934026025e-07,47,1
3582,4677,-0.2258064516129032,8.476545135130809e-07,37,1
710,4683,-0.0101010101010101,2.599540613587073e-07,91,1
3722,4683,-0.0303030303030303,0.00014942998636678485,231,0
2169,4684,-0.0684931506849315,4.0185653387962026e-07,25,1
4179,4684,-0.0753424657534246,1.2335014419838677e-06,29,1
4179,4686,-0.2,4.988193808375985e-07,36,1
4690,6043,-0.0792847503373819,1.0771006208446222e-06,88,1
2286,4691,-0.005050505050505,0.00019693715112069812,238,0
4691,5199,0.0101010101010101,0.0006313859312613189,265,0
4174,4692,-0.0096618357487922,3.485808874135305e-07,51,1
2169,4693,-0.3103448275862069,1.1154290897806609e-07,25,1
825,4694,-0.0555555555555555,1.002652498051467e-06,28,1
4179,4694,-0.1666666666666666,8.610022745922083e-07,24,1
4185,4695,-0.1609756097560975,9.694853195694458e-07,46,1
2811,4698,-0.0344827586206896,5.494432108286372e-07,45,1
4421,4698,-0.0551724137931034,1.3890448012992668e-07,36,1
179,4700,-0.2170212765957447,1.5545835875806557e-07,56,1
2981,4700,-0.0085106382978723,9.148673245032812e-07,48,1
4175,4700,-0.051063829787234,1.5475834091666533e-07,40,1
4420,4700,-0.2127659574468085,1.2179565549853996e-06,59,1
3722,4702,-0.0217391304347826,5.019306550819509e-05,230,0
3906,4702,-0.036231884057971,9.773266050980303e-07,84,1
4701,4702,-0.0144927536231884,1.2170093109263843e-06,45,1
4702,5199,0.0507246376811594,5.987555302289638e-05,237,0
2286,4703,-0.0109890109890109,3.466743411793216e-05,216,0
2569,4703,-0.0109890109890109,3.549567648284414e-05,218,0
3722,4703,-0.0329670329670329,3.612899419355109e-05,236,0
3901,4703,-0.0109890109890109,1.1176657645868225e-06,98,1
4703,5199,0.0329670329670329,4.311447610902975e-05,243,0
4703,6369,0.0879120879120879,2.274293678576194e-05,216,0
1980,4704,-0.15,8.261489133788354e-07,47,1
2983,4704,-0.05,1.0651407557415302e-06,69,1
2985,4704,-0.325,8.821075168481084e-07,56,1
4420,4704,-0.1,4.5131184449534487e-07,52,1
3722,4705,-0.4785992217898833,2.656951708625749e-05,235,0
971,4706,-0.4432989690721649,1.0137154444364168e-06,45,1
1934,4707,-0.0234375,1.0770549679186018e-06,43,1
969,4712,-0.5291828793774319,6.807031244023468e-07,29,1
969,4713,-0.1703703703703703,1.2340659023607532e-06,23,1
1573,4713,-0.2888888888888888,2.005345883461455e-07,19,1
4713,6404,-0.3487897346165062,2.0614332751141988e-07,20,1
4706,4714,-0.1976744186046511,1.020594125886772e-06,29,1
2065,4718,-0.0078125,4.899166717074645e-05,248,0
4577,4718,-0.00390625,3.868680425488652e-05,283,0
4718,5880,0.00390625,5.4237584185686055e-05,258,0
926,4719,-0.04296875,2.2597301637904003e-05,255,0
4719,4724,0.00390625,5.10524318676416e-05,215,0
2065,4720,-0.0116731517509727,4.93673878683801e-05,260,0
2069,4720,-0.0155642023346303,2.9934801618442946e-05,280,0
3297,4720,-0.0116731517509727,4.071834196117721e-05,238,0
4577,4720,-0.0038910505836575,3.876874852115369e-05,295,0
4720,5780,0.0038910505836575,7.619079340048767e-05,251,0
4720,5880,0.0116731517509727,5.599145846793156e-05,270,0
925,4721,-0.0155642023346303,7.257242745634291e-07,96,1
4717,4721,-0.0622568093385214,5.3290178801577e-07,87,1
1369,4722,-0.0038910505836575,8.794132298110055e-05,254,0
4133,4722,-0.0038910505836575,5.129160533153929e-05,304,0
1870,4723,-0.0039215686274509,2.1104007299996077e-05,218,0
2297,4723,-0.0039215686274509,2.3324690477424652e-05,308,0
4130,4723,-0.0039215686274509,2.322616909207522e-05,260,0
4724,6169,0.027027027027027,2.915634662044558e-05,283,0
972,4725,-0.0117647058823529,2.5927613116502793e-05,276,0
1369,4725,-0.0039215686274509,7.53830796202308e-05,246,0
1702,4725,-0.0039215686274509,2.2868265990030947e-05,251,0
2069,4725,-0.0039215686274509,4.4614708937210453e-05,278,0
4567,4725,-0.0039215686274509,2.3727977638284247e-05,269,0
4577,4725,-0.0039215686274509,5.7406830092924464e-05,293,0
4725,5829,0.0117647058823529,2.451453613291055e-05,264,0
4725,5880,0.0078431372549019,8.540372711705866e-05,268,0
2065,4726,-0.00390625,5.832353925981046e-05,263,0
2069,4726,-0.00390625,3.513459116642726e-05,283,0
3297,4726,-0.00390625,4.795192313245689e-05,241,0
4726,5880,0.0078125,6.443295062897145e-05,273,0
1877,4727,-0.0039370078740157,2.0569892252099098e-05,267,0
2065,4727,-0.0039370078740157,0.0001794993693875285,275,0
2066,4727,-0.0039370078740157,1.843544033209628e-05,277,0
2069,4727,-0.0039370078740157,0.00011459717677192788,295,0
4584,4727,-0.0157480314960629,2.1223673763509536e-05,303,0
4727,5815,0.0039370078740157,2.9305873123936373e-05,284,0
79,4728,-0.0039215686274509,2.5138233165552365e-05,229,0
1369,4728,-0.0196078431372549,2.00575657810041e-05,233,0
2065,4728,-0.0117647058823529,1.9476305737834716e-05,245,0
3567,4729,-0.003875968992248,2.774950842010776e-05,222,0
4606,4729,-0.003875968992248,4.9679216563292496e-05,243,0
4727,4729,-0.0116279069767441,5.415012832287218e-05,221,0
4729,4741,0.003875968992248,3.207736434014831e-05,249,0
4729,5829,0.003875968992248,4.521408060337452e-05,226,0
939,4730,-0.00390625,1.1701278076157584e-06,62,1
3552,4731,-0.1,6.883801723738492e-07,14,1
926,4732,-0.0392156862745098,7.040752467473308e-05,249,0
972,4732,-0.0313725490196078,2.7137629419738007e-05,233,0
4567,4732,-0.0352941176470588,2.3196139848346448e-05,226,0
4597,4732,-0.0117647058823529,3.210056617610414e-05,218,0
4606,4732,-0.0117647058823529,2.861853581462964e-05,238,0
4732,5829,0.0117647058823529,2.426276954145895e-05,221,0
2876,4733,-0.0039370078740157,2.061652058258808e-05,224,0
4610,4733,-0.0039370078740157,2.6976223298952548e-05,228,0
4733,5829,0.0196850393700787,0.00012122886173264401,226,0
972,4734,-0.0040816326530612,9.946701498459487e-05,227,0
4610,4734,-0.0040816326530612,2.7112366594547037e-05,217,0
927,4736,-0.0549019607843137,3.9879336461205183e-07,74,1
3553,4736,-0.0352941176470588,2.955389162050802e-07,84,1
752,4737,-0.0039215686274509,7.419445029635099e-05,265,0
2297,4737,-0.0117647058823529,2.3849577052963073e-05,313,0
4130,4737,-0.0039215686274509,2.6690808459606776e-05,265,0
4737,5780,0.0078431372549019,1.9044299495391147e-05,278,0
401,4738,-0.0038910505836575,3.53044236676451e-05,290,0
1358,4738,-0.0038910505836575,3.116757597517948e-05,325,0
1486,4738,-0.0077821011673151,2.1721943050538408e-05,310,0
1508,4738,-0.0038910505836575,1.898343524697742e-05,308,0
2310,4738,-0.0038910505836575,1.856950058107054e-05,281,0
2425,4738,-0.0038910505836575,3.464169460801125e-05,298,0
2500,4738,-0.0038910505836575,2.054623500510939e-05,310,0
4738,5853,0.0194552529182879,2.6050787238592985e-05,316,0
4739,5853,0.0038910505836575,2.330051635319208e-05,314,0
4739,6239,0.0038910505836575,2.9812157879207475e-05,323,0
79,4740,-0.003875968992248,2.36005142461986e-05,282,0
2297,4740,-0.003875968992248,3.688683667540506e-05,324,0
3863,4740,-0.003875968992248,3.258371348864244e-05,298,0
4740,5736,0.0116279069767441,2.9377772715567053e-05,294,0
4740,5780,0.003875968992248,3.1307265705963556e-05,289,0
141,4741,-0.0039525691699604,3.787563981190216e-05,250,0
2297,4741,-0.0118577075098814,7.862735544606367e-05,329,0
3296,4741,-0.0513833992094861,2.59865343078194e-05,304,0
4127,4741,-0.0039525691699604,5.590988596263671e-05,279,0
4133,4741,-0.0276679841897233,2.065670593968208e-05,341,0
4741,5736,0.0237154150197628,5.5937048575489066e-05,299,0
4130,4742,-0.0078431372549019,4.247063900375972e-05,255,0
984,4747,-0.02,4.706188537461638e-07,68,1
1804,4747,-0.12,8.475849120912578e-07,77,1
4310,4747,-0.03,1.1582953202422893e-06,88,1
4747,5146,0.14,8.221854880025985e-07,71,1
1104,4748,-0.037037037037037,6.98526190604326e-07,91,1
1956,4750,-0.0617283950617283,8.283761343458192e-07,69,1
3051,4750,-0.0246913580246913,6.828168802506826e-07,67,1
4746,4752,-0.0350877192982456,5.308951802280485e-07,36,1
658,4753,-0.0188679245283018,2.758672860149165e-07,53,1
1122,4753,-0.1509433962264151,5.464725224016559e-07,60,1
1123,4753,-0.0377358490566037,2.594582152053914e-07,59,1
2089,4753,-0.1886792452830188,3.658728060201769e-07,62,1
3530,4753,-0.0188679245283018,2.1231069527385418e-07,50,1
3531,4753,-0.2264150943396226,3.534120560931901e-07,54,1
3540,4753,-0.0943396226415094,1.112762494244702e-06,63,1
4753,5192,0.0188679245283018,3.59615755046875e-07,56,1
4753,5195,0.0754716981132075,4.024298359358804e-07,55,1
658,4754,-0.0578947368421052,8.466761316951725e-07,68,1
659,4754,-0.031578947368421,1.6775295311445982e-07,70,1
1114,4754,-0.0105263157894736,1.1597518842466749e-06,63,1
1123,4754,-0.0263157894736842,9.693123179382538e-07,74,1
2089,4754,-0.1947368421052631,7.496363317771923e-07,77,1
3531,4754,-0.0736842105263157,1.2319359749206059e-06,69,1
3540,4754,-0.0473684210526315,6.634065273579277e-07,78,1
4754,5195,0.0157894736842105,1.0312615795113026e-06,70,1
658,4755,-0.0445344129554655,6.991575126186243e-07,74,1
1123,4755,-0.0121457489878542,1.0245936100374285e-06,80,1
2089,4755,-0.0607287449392712,5.94191582301274e-07,83,1
3530,4755,-0.0161943319838056,1.1843365511840511e-06,71,1
3531,4755,-0.0728744939271255,1.0908550835038076e-06,75,1
3540,4755,-0.0121457489878542,3.669524889668745e-07,84,1
4755,5195,0.0040485829959514,1.1099584587858831e-06,76,1
1114,4756,-0.0192307692307692,4.449795518349232e-07,54,1
3531,4756,-0.0048076923076923,9.769022934487848e-07,60,1
2092,4758,-0.0392156862745098,8.251754352509386e-07,11,1
549,4761,-0.0059880239520958,6.574578948803528e-07,92,1
887,4761,-0.0179640718562874,8.558301673389801e-07,91,1
2569,4761,-0.0119760479041916,0.0001403536128861506,218,0
3032,4761,-0.0119760479041916,3.729612410779861e-07,76,1
4761,4763,0.0249149941323383,3.077280111331408e-07,84,1
4761,5177,-0.0239951751173911,1.6344384858837693e-07,70,1
4761,5199,0.0059880239520958,0.0001706145756290959,243,0
2569,4762,-0.0086206896551724,9.927105525033006e-05,253,0
4762,5199,0.0086206896551724,0.0001226287643961169,278,0
4762,5689,0.0172413793103448,4.9656560949842444e-05,220,0
4762,5697,0.0086206896551724,8.443237851261667e-05,219,0
549,4763,-0.0050251256281407,4.428437008937202e-07,94,1
887,4763,-0.0050251256281407,4.928768116479278e-07,93,1
2213,4763,-0.0351758793969849,2.285735463748527e-07,93,1
2569,4763,-0.0050251256281407,9.349791300065155e-05,220,0
4763,5177,-0.0086764759047033,2.5615001908298905e-07,72,1
4763,5199,0.0050251256281407,0.00011274832965882515,245,0
251,4765,-0.0038910505836575,0.00020982905022179455,237,0
1562,4765,-0.0038910505836575,0.00016284974584603767,235,0
1824,4765,-0.0155642023346303,0.00023684101007076896,262,0
2458,4765,-0.0038910505836575,0.0002410145259731212,267,0
2569,4765,-0.0038910505836575,0.00039181757688045875,308,0
3721,4765,-0.0038910505836575,0.00010553875016830137,290,0
3722,4765,-0.0194552529182879,0.0003808774817727999,326,0
4765,5199,0.0038910505836575,0.0004898192494977488,333,0
4765,5685,0.0233463035019455,0.00020201212974630967,241,0
4765,5689,0.0038910505836575,0.0001230864414322876,275,0
4765,6369,0.0038910505836575,0.00018915843661222801,306,0
3046,4766,-0.04,3.4741166547201e-07,42,1
4415,4766,-0.28,1.1264943232712934e-06,54,1
4422,4766,-0.04,6.053689274531787e-07,57,1
1824,4767,-0.0042372881355932,3.9249074463406595e-05,231,0
2569,4767,-0.0042372881355932,6.520329781857429e-05,277,0
3721,4767,-0.0042372881355932,1.9603015229477705e-05,259,0
3722,4767,-0.0211864406779661,6.448507277840107e-05,295,0
3734,4767,-0.0042372881355932,2.8731013565813254e-05,219,0
4767,5199,0.0084745762711864,8.29341157566455e-05,302,0
4767,5435,0.0042372881355932,8.861243255276554e-05,231,0
4767,5694,0.0084745762711864,3.956909005351934e-05,235,0
4767,5697,0.0127118644067796,5.5602852449283885e-05,243,0
4767,6368,0.0084745762711864,3.3064336730384184e-05,216,0
3508,4771,-0.0038910505836575,4.764644288010985e-05,217,0
4771,5708,0.0038910505836575,4.902238947301113e-05,221,0
3508,4772,-0.00390625,2.4605416423901745e-05,258,0
4024,4772,-0.00390625,2.2939585169796637e-05,219,0
4024,4773,-0.0116731517509727,2.3974403184542225e-05,227,0
1338,4775,-0.003875968992248,6.666990445231317e-05,288,0
2404,4775,-0.0077519379844961,6.107905267021826e-05,286,0
3036,4775,-0.0077519379844961,2.690931909106817e-05,231,0
3169,4775,-0.003875968992248,3.1010660140226516e-05,268,0
3508,4775,-0.0077519379844961,9.971986345088799e-05,270,0
4024,4775,-0.0077519379844961,0.00011119612707989818,231,0
4046,4775,-0.0077519379844961,3.8332349245635e-05,215,0
4775,5719,0.0077519379844961,2.6575790335803057e-05,257,0
4775,5792,0.0116279069767441,4.310387239081649e-05,270,0
4775,5866,0.0232558139534883,2.109780534708152e-05,255,0
1311,4776,-0.0233463035019455,1.927608449257808e-05,248,0
1338,4776,-0.0116731517509727,4.477528935326124e-05,278,0
2404,4776,-0.0194552529182879,4.61380019394425e-05,276,0
3169,4776,-0.0077821011673151,2.0149354758493774e-05,258,0
3508,4776,-0.0038910505836575,5.855651011901129e-05,260,0
4776,5708,0.0116731517509727,3.795396848604569e-05,264,0
4776,5792,0.0155642023346303,2.664443176497655e-05,260,0
1311,4777,-0.0235294117647058,1.9739224476301437e-05,279,0
1338,4777,-0.0549019607843137,4.371316997467701e-05,309,0
1511,4777,-0.0039215686274509,2.499512492111423e-05,230,0
2404,4777,-0.0392156862745098,4.639161725223797e-05,307,0
3169,4777,-0.0156862745098039,1.8833596050054478e-05,289,0
3508,4777,-0.0039215686274509,7.128803254768217e-05,291,0
3980,4777,-0.0039215686274509,2.227971904083766e-05,287,0
4016,4777,-0.0196078431372549,1.8542130577904907e-05,243,0
4024,4777,-0.0156862745098039,5.0497053980441707e-05,252,0
4046,4777,-0.0078431372549019,2.075860502392035e-05,236,0
4774,4777,-0.0196078431372549,1.9491437878899857e-05,221,0
4777,5708,0.0196078431372549,3.682204274504931e-05,295,0
4777,5719,0.0078431372549019,1.8362308161261945e-05,278,0
4777,5792,0.0196078431372549,2.3460549966040552e-05,291,0
1338,4778,-0.01953125,3.368412299605016e-05,266,0
2404,4778,-0.01171875,3.159653727211047e-05,264,0
4778,5708,0.0078125,2.9377044589353287e-05,252,0
4778,5792,0.015625,2.270580969881999e-05,248,0
22,4779,-0.0039215686274509,0.004563344131154187,215,0
135,4779,-0.0039215686274509,0.0007904251616011478,271,0
617,4779,-0.0078431372549019,0.00017464519565588732,224,0
1352,4779,-0.0039215686274509,0.0006270141989502056,225,0
1365,4779,-0.0039215686274509,0.00016804254137042066,223,0
1995,4779,-0.0039215686274509,0.0015524451487996288,238,0
2404,4779,-0.0117647058823529,0.019285682618718034,252,0
3974,4779,-0.0039215686274509,0.002491432724688511,254,0
4031,4779,-0.0039215686274509,0.0004817178685271997,229,0
4779,5839,0.0313725490196078,0.0006546351762292071,241,0
1311,4780,-0.0078740157480314,2.164293691229678e-05,246,0
1338,4780,-0.0078740157480314,4.763707213491225e-05,276,0
2404,4780,-0.0236220472440944,4.5284980222377526e-05,274,0
3169,4780,-0.0078740157480314,2.2073911342742926e-05,256,0
4780,5708,0.0157480314960629,4.124336130592508e-05,262,0
4780,5792,0.0118110236220472,2.9853887479859032e-05,258,0
1311,4781,-0.0038910505836575,1.94164790997561e-05,222,0
1338,4781,-0.0233463035019455,4.423809810937927e-05,252,0
2404,4781,-0.0077821011673151,4.2508955907209745e-05,250,0
3169,4781,-0.0077821011673151,2.0307327469611626e-05,232,0
4781,5708,0.0038910505836575,3.8983582885100554e-05,238,0
4781,5792,0.0038910505836575,2.7894443817280894e-05,234,0
4782,4784,0.0265389876880984,3.878411663371928e-07,94,1
4782,4786,0.0037553162609718,5.638846896148619e-07,93,1
4782,6351,0.065891472868217,2.493946757172363e-07,65,1
4782,6352,0.1201399571682804,1.8005789574636973e-07,67,1
4783,4792,0.1468900689739364,7.770998267627211e-07,74,1
188,4784,-0.0784313725490196,3.5523853193421716e-07,94,1
4784,6352,-0.003768978408484,5.352556407647758e-07,79,1
4786,4798,0.0038910505836575,4.543221496160834e-07,97,1
135,4787,-0.0115830115830115,3.573558206479226e-05,282,0
1355,4787,-0.0038610038610038,4.256111132293906e-05,219,0
1609,4787,-0.0193050193050193,2.31104903549132e-05,223,0
1896,4787,-0.0115830115830115,3.3959642535366884e-05,225,0
1995,4787,-0.0038610038610038,0.00010969065245412143,249,0
2791,4787,-0.0077220077220077,0.00016182016380121756,216,0
3342,4787,-0.0038610038610038,2.579054139515791e-05,229,0
4026,4787,-0.0077220077220077,0.000174998351044815,278,0
4031,4787,-0.0193050193050193,2.2124488565759914e-05,240,0
4034,4787,-0.0038610038610038,6.793244982835031e-05,264,0
4787,4836,0.0154440154440154,0.00014916453560093784,230,0
4787,5832,0.0038610038610038,0.00013272831862996004,239,0
4787,5834,0.0038610038610038,0.00016307970473161963,261,0
4787,5837,0.0115830115830115,6.17293140300698e-05,228,0
4787,5839,0.0038610038610038,3.829559696683426e-05,252,0
4787,5873,0.0077220077220077,2.6189385155499636e-05,250,0
4787,6463,0.0077220077220077,3.251299614968464e-05,216,0
4787,6464,0.0154440154440154,0.00015043227098434422,219,0
1311,4788,-0.0274509803921568,3.162491320620194e-05,227,0
1338,4788,-0.0235294117647058,7.918240360876163e-05,257,0
2404,4788,-0.0352941176470588,9.08197794673937e-05,255,0
3980,4788,-0.0039215686274509,3.350594007782122e-05,235,0
4788,5708,0.0313725490196078,6.569637044701316e-05,243,0
4788,5719,0.0078431372549019,2.248820789000616e-05,226,0
4788,5792,0.0470588235294117,4.0919239588454496e-05,239,0
4789,5708,0.0038910505836575,6.456352955090356e-05,220,0
4779,4790,-0.0078431372549019,0.0002908913434484725,225,0
4790,5708,0.0117647058823529,4.6481016049882314e-05,267,0
4793,6320,0.0163934426229508,6.595564018107193e-07,66,1
2096,4794,-0.0039215686274509,1.908645903542006e-07,81,1
4782,4794,-0.0117647058823529,3.67285141239458e-07,73,1
4793,4794,-0.0274509803921568,5.512052451216571e-07,76,1
4794,6351,0.1019607843137254,5.609979352831497e-07,56,1
4794,6353,0.0471047794117647,1.3619722934230197e-07,71,1
4794,6361,-0.1120839033287733,1.9291009288944893e-07,66,1
462,4795,-0.0517241379310344,7.589365816467885e-07,60,1
2715,4795,-0.0086206896551724,6.916615753328679e-07,32,1
4040,4795,-0.5172413793103449,6.367201005533455e-07,70,1
1832,4796,-0.0476190476190476,4.533922081567595e-07,68,1
4796,6304,0.0515873015873015,2.9602056088426846e-07,54,1
4797,6304,0.3504273504273504,4.4541719637092215e-07,41,1
84,4798,-0.015625,2.085340627755178e-07,94,1
374,4798,-0.03515625,4.31409651654527e-07,82,1
2096,4798,-0.08203125,2.890949694654722e-07,94,1
4037,4798,-0.0078125,1.8394152114395492e-07,92,1
4784,4798,-0.01953125,3.122198402567405e-07,98,1
4793,4798,-0.125,2.4399892856728707e-07,89,1
4794,4798,-0.0078125,5.000144756018191e-07,77,1
4798,6353,0.015625,2.44099947526772e-07,84,1
4802,6317,-0.0229495689326314,4.480162255793746e-07,58,1
2803,4804,-0.1574803149606299,9.477091044281792e-07,47,1
4805,6315,0.0084745762711864,3.050120159357779e-07,16,1
4805,6356,0.1075558371614129,5.639300852754443e-07,17,1
1714,4813,-0.1111111111111111,3.305258713344665e-07,63,1
94,4814,-0.1,2.521735021776435e-07,45,1
2432,4814,-0.14,1.2128721765289256e-06,53,1
2705,4814,-0.04,6.852371301997771e-07,39,1
4813,4814,-0.18,3.757904245699226e-07,48,1
1003,4815,-0.0313725490196078,4.818482378302657e-07,27,1
2006,4815,-0.0627450980392156,4.026966121629521e-07,27,1
4815,4820,0.2986501133116563,7.250977614965088e-08,35,1
4815,5625,-0.097209653092006,8.793854806720819e-08,28,1
1003,4816,-0.0431654676258992,2.547427004806734e-07,23,1
2006,4816,-0.0287769784172661,2.4284204332452937e-07,23,1
2100,4816,-0.0863309352517985,1.2937538820759005e-07,25,1
3283,4816,-0.0215827338129496,1.3918515425997708e-07,23,1
4136,4816,-0.2086330935251798,1.1558067799754995e-07,29,1
4815,4816,-0.0359712230215827,1.1685277933350873e-07,30,1
4816,4820,0.3884892086330935,9.77712592941269e-08,31,1
1321,4818,-0.0864197530864197,3.867788600360181e-07,96,1
1321,4819,-0.2391304347826087,3.1339913798248636e-07,64,1
1003,4820,-0.0452261306532663,3.6769195499588276e-07,28,1
2006,4820,-0.100502512562814,3.219657029228738e-07,28,1
4820,5625,0.0542455869089034,1.3755050016960093e-07,29,1
1949,4821,-0.0232558139534883,8.719182953843729e-07,90,1
2691,4821,-0.0116279069767441,8.576856094326994e-07,91,1
3684,4821,-0.0406976744186046,6.656774500233549e-07,95,1
1949,4823,-0.0404858299595141,7.925363747854442e-07,89,1
3391,4823,-0.0040485829959514,1.0545543057375217e-06,96,1
3684,4823,-0.0161943319838056,5.803587521473458e-07,94,1
4823,5766,0.020242914979757,4.0097716831870216e-07,89,1
4823,6234,0.0080971659919028,3.96565841141597e-07,98,1
190,4824,-0.0229007633587786,1.544333393160854e-07,56,1
2102,4824,-0.3740458015267175,2.631177609229e-07,52,1
4147,4826,-0.0892857142857142,4.301979631810778e-07,64,1
609,4827,-0.0935251798561151,8.203868126544515e-07,63,1
1517,4827,-0.2230215827338129,3.6024862791472216e-07,67,1
2901,4827,-0.014388489208633,9.64031225037912e-08,56,1
4827,6256,0.0071942446043165,2.553660226733807e-07,60,1
510,4828,-0.1213592233009708,9.750500027489568e-07,59,1
1049,4828,-0.0339805825242718,3.7457052738117245e-07,85,1
4147,4828,-0.1067961165048543,3.8877572108183985e-07,79,1
4826,4828,-0.2427184466019417,1.5507495305874017e-07,63,1
2105,4829,-0.0078740157480314,5.386889839305023e-07,81,1
4245,4829,-0.0196850393700787,6.874785827601015e-07,88,1
4245,4830,-0.0354330708661417,9.894015987604728e-07,92,1
3317,4831,-0.0272373540856031,1.1088742954746609e-06,94,1
4244,4832,-0.0544747081712062,8.93009928216944e-07,94,1
4246,4832,-0.0077821011673151,3.9631453439964456e-07,86,1
4832,4882,-0.0195464494163424,2.602997834669672e-07,86,1
2105,4833,-0.0077821011673151,8.4638570779143e-07,79,1
2484,4833,-0.0116731517509727,5.234353349059339e-07,79,1
4245,4833,-0.1050583657587548,8.98554313321613e-07,86,1
4278,4833,-0.0116731517509727,2.3541176475143735e-07,78,1
4829,4833,-0.0077821011673151,4.4533056910506346e-07,78,1
4830,4833,-0.0311284046692607,1.0698086174873732e-06,82,1
191,4834,-0.0426356589147286,1.234443966995467e-06,48,1
1007,4834,-0.1201550387596899,2.111743483058665e-07,52,1
2104,4834,-0.3604651162790697,5.721689410397312e-07,43,1
4834,6468,0.1085271317829457,2.874072639716221e-07,48,1
149,4835,-0.03515625,1.1391983460487245e-06,70,1
191,4835,-0.03125,4.809080482995122e-07,62,1
1601,4835,-0.02734375,8.964506727451183e-07,91,1
2025,4835,-0.04296875,5.775811242518984e-07,91,1
4281,4835,-0.05859375,1.6084825603247666e-07,65,1
4833,4835,-0.0546875,1.04213954128759e-06,73,1
4835,4843,0.02734375,9.411296083918313e-07,70,1
4837,6470,0.0038910505836575,2.71536996367242e-07,74,1
4837,6472,0.0778210116731517,4.2722057798627935e-07,76,1
4246,4838,-0.0237154150197628,8.048288610067411e-07,73,1
4838,4839,0.0197628458498023,6.756291329093948e-07,66,1
4838,4882,0.0237154150197628,1.024906163008385e-06,73,1
4838,6476,0.0039525691699604,5.235423377468834e-07,66,1
4838,6479,0.0276679841897233,1.0356061618256512e-06,56,1
4839,4841,0.0042194092827004,3.639700133789762e-07,65,1
4839,4882,-0.0032799314345991,5.211444279503246e-07,75,1
4839,6479,-0.0469169543536632,2.8561359185843595e-07,58,1
393,4840,-0.0313725490196078,2.842967211017903e-07,53,1
2112,4840,-0.2274509803921568,3.084223749357278e-07,55,1
2789,4840,-0.0313725490196078,4.5594759882861593e-07,61,1
4840,6471,-0.077063383492932,2.3406072938387852e-07,54,1
2485,4841,-0.0082987551867219,2.3209335296012687e-07,53,1
2482,4842,-0.0617283950617283,4.880542511361412e-07,97,1
4280,4842,-0.0493827160493827,4.174927922307206e-07,98,1
4290,4842,-0.0041152263374485,1.0901225476101188e-06,98,1
149,4843,-0.0039215686274509,1.0548873798808754e-07,70,1
2482,4843,-0.0156862745098039,1.0148220231115197e-06,77,1
2799,4843,-0.0588235294117647,9.649998246754695e-07,72,1
91,4844,-0.0980392156862745,8.365412674707923e-07,49,1
482,4844,-0.0098039215686274,5.301186541605261e-07,79,1
851,4844,-0.0098039215686274,5.749909229595867e-07,82,1
2024,4845,-0.2934362934362934,5.318956272718085e-07,71,1
4294,4845,-0.4401544401544401,3.8604535089783387e-07,58,1
2024,4846,-0.01953125,4.944579193338874e-07,90,1
4294,4846,-0.11328125,1.1923718678549342e-06,77,1
4845,4846,-0.18359375,6.234597090469516e-07,91,1
1011,4847,-0.1490196078431372,6.727496064918164e-07,67,1
1611,4847,-0.1176470588235294,7.772577882122097e-07,72,1
1917,4847,-0.0980392156862745,1.939052266280626e-07,74,1
4847,4849,0.0667279411764705,1.9935148521967769e-07,79,1
4847,5222,-0.0075239398084815,4.184323237856857e-07,79,1
4847,5283,0.3098039215686274,5.737210602867615e-07,77,1
4848,4850,-0.0272373540856031,9.035052773491006e-07,71,1
4848,5277,-0.0748950641870155,4.58148481834598e-07,76,1
4848,5281,0.0116731517509727,1.1504980628847437e-06,64,1
4848,5282,-0.0077821011673151,8.739113476676736e-07,88,1
4849,5222,0.015625,5.498191462375784e-07,74,1
4849,5283,0.0390625,5.099848889231777e-07,72,1
4849,6496,-0.09375,3.5071514440151137e-07,91,1
4850,5225,0.0930495155260547,1.858597044429446e-07,71,1
1043,4857,-0.0077821011673151,2.0175945728556956e-05,216,0
1728,4857,-0.0077821011673151,2.4135450495716982e-05,215,0
4854,4857,-0.0155642023346303,2.7647518448933918e-05,239,0
4857,5240,0.0505836575875486,0.00020564303444905814,220,0
2917,4858,-0.0038910505836575,5.297021182365859e-07,86,1
4858,4864,0.0077821011673151,5.189346616919097e-07,95,1
4858,6295,0.0038910505836575,1.22722995978882e-06,83,1
92,4859,-0.0077821011673151,3.1284895481712005e-07,98,1
2108,4859,-0.0038910505836575,7.27971619097072e-07,89,1
4859,4869,-0.0739299610894941,3.624676369351086e-07,85,1
4859,4876,-0.0937803988326848,4.7671785402426346e-07,75,1
4859,4877,0.0038910505836575,6.940320104581528e-07,74,1
4859,5221,0.0038910505836575,4.6457121894722065e-07,98,1
4859,6504,0.0194552529182879,4.679039177824583e-07,74,1
4859,6509,0.0116731517509727,4.484303475679973e-07,81,1
92,4862,-0.0944881889763779,2.229802021956118e-07,93,1
4859,4862,-0.0354330708661417,2.568830886726866e-07,85,1
4862,4869,0.0393700787401574,1.3735026189766767e-07,80,1
4862,4876,0.0001845472440944,1.70881396724486e-07,70,1
4862,4877,-0.0702817421259842,1.6401355438453207e-07,69,1
4862,5221,0.0196850393700787,1.0020400987560585e-06,93,1
4862,6502,0.0669291338582677,3.210210967508234e-07,88,1
4862,6504,-0.1049204938876803,2.012512299496113e-07,69,1
4862,6509,0.0039370078740157,5.709122567547218e-07,76,1
2919,4864,-0.0118110236220472,8.18116218090229e-07,96,1
4864,4865,0.0433681254959409,7.335617830599083e-07,92,1
4864,5287,0.0039370078740157,9.445506319107785e-07,91,1
1015,4865,-0.0155038759689922,1.0769511703667893e-06,88,1
1611,4865,-0.1511627906976744,9.401967256597008e-07,72,1
4865,6492,-0.0118095930232558,6.306138572065747e-07,87,1
4859,4866,-0.0354330708661417,4.2963855799750584e-07,93,1
4866,6502,0.0157480314960629,3.579489173491886e-07,96,1
1016,4867,-0.01171875,3.416530865440067e-07,88,1
4241,4867,-0.0078125,2.78824152364977e-07,94,1
4859,4867,-0.03515625,4.796708820889191e-07,92,1
4862,4867,-0.00390625,1.1629523900344942e-06,87,1
4866,4867,-0.05078125,2.5692405818418954e-07,95,1
4867,6502,0.0546875,3.412320294045859e-07,95,1
92,4869,-0.0505836575875486,3.7669007191685134e-07,93,1
1016,4869,-0.0389105058365758,2.29273410787879e-07,81,1
4869,5221,0.0661478599221789,1.1457326739265415e-06,93,1
4869,6502,0.0311284046692607,3.997414482475205e-07,88,1
1017,4871,-0.0041152263374485,3.838245586886556e-07,78,1
4841,4873,-0.0048780487804878,5.482394085151998e-07,56,1
4873,6481,-0.2686262247237857,9.915089156049144e-08,47,1
1016,4874,-0.0775193798449612,4.1440144763497207e-07,79,1
4241,4874,-0.0465116279069767,9.9166808550413e-07,85,1
4867,4874,-0.003875968992248,7.701732083696875e-07,85,1
4869,4874,-0.003875968992248,8.358875668873068e-07,78,1
4874,6502,0.0077519379844961,5.96490109729566e-07,86,1
92,4876,-0.16796875,6.737919216728983e-07,83,1
4869,4876,-0.0234375,1.252884455274056e-07,70,1
4876,6502,0.09765625,5.511810446222332e-07,78,1
1016,4877,-0.1328125,4.303135219676345e-07,70,1
4869,4877,-0.13671875,1.8926388054854183e-07,69,1
842,4882,-0.01953125,3.7189512704052306e-07,77,1
2485,4882,-0.0625,8.911374698080772e-07,63,1
3317,4885,-0.01953125,8.169967621346615e-07,82,1
3318,4885,-0.08984375,3.426727580688249e-07,87,1
4231,4887,-0.0039215686274509,8.838643216898312e-07,91,1
4887,4890,0.0745098039215686,7.048506827316934e-07,96,1
4888,4898,0.003875968992248,2.5077544213225213e-07,85,1
4231,4889,-0.0193798449612403,6.606302827017853e-07,90,1
630,4890,-0.0745098039215686,9.31891003373626e-07,64,1
822,4890,-0.0549019607843137,6.9166110821149e-07,64,1
2009,4890,-0.1450980392156863,4.146760731912031e-07,72,1
2441,4890,-0.0039215686274509,1.023759937467359e-06,71,1
363,4892,-0.0276679841897233,1.1211643007839604e-06,60,1
3369,4892,-0.0632411067193675,2.3623349042812507e-07,69,1
4892,4893,-0.0960458928653819,1.0351123306587046e-06,85,1
4892,6192,0.0355731225296442,1.6963883110736576e-07,82,1
4892,6458,0.1541501976284585,8.110822237525658e-07,57,1
1023,4893,-0.0194552529182879,9.86482405459338e-07,97,1
3366,4893,-0.0661478599221789,1.1974143891177854e-06,87,1
4893,6192,0.0155026837483274,8.792954421966916e-07,95,1
2438,4894,-0.0310077519379844,1.0290681163483063e-06,64,1
4894,6196,-0.015414085181527,7.430989022506664e-07,80,1
4898,6290,0.00390625,1.2175292664001814e-06,90,1
4873,4903,-0.0745098039215686,4.686619189767187e-07,46,1
4903,4904,0.0627450980392156,6.735473033034838e-07,48,1
4903,6477,0.0224225173940543,4.488851700355347e-07,51,1
4903,6481,0.0420814479638009,3.807874730915322e-07,43,1
4871,4904,-0.0161290322580645,1.0844978187903896e-06,58,1
4904,5243,0.0685483870967741,9.531850742455033e-07,56,1
2789,4906,-0.0830039525691699,9.291219468789131e-07,66,1
2792,4906,-0.0197628458498023,8.418230026942339e-07,75,1
4840,4906,-0.0039525691699604,1.1809554621699275e-06,63,1
4906,6471,0.217391304347826,9.89816175655359e-07,59,1
275,4914,-0.0099009900990099,1.823842273399705e-07,24,1
1270,4914,-0.8217821782178217,3.0475784740531316e-07,45,1
4914,4915,0.1336633663366336,1.3082539221779242e-07,40,1
4914,5617,0.0297029702970297,1.1196029461348931e-07,34,1
1270,4915,-0.3529411764705882,2.108209746310135e-07,53,1
4937,5012,0.1011673151750972,8.999871465574949e-07,46,1
4938,5010,0.081908218503937,3.9565471672882773e-07,33,1
2175,4943,-0.0284552845528455,2.769362900675922e-07,97,1
3463,4943,-0.024390243902439,2.4179619351414684e-07,97,1
4943,5231,0.056910569105691,3.6714274438831044e-07,97,1
4943,6495,0.032520325203252,2.718620364186695e-07,95,1
4944,5231,0.11284046692607,1.9614776112328556e-07,95,1
515,4945,-0.00390625,5.841734618993951e-07,96,1
3380,4945,-0.0078125,6.83580716549013e-07,92,1
3460,4945,-0.01171875,1.1728706536853642e-06,98,1
1016,4948,-0.1167315175097276,1.1785654654586093e-06,86,1
4241,4948,-0.22568093385214,1.1659751466218084e-06,92,1
4866,4948,-0.1361867704280155,9.584646409338556e-07,93,1
4867,4948,-0.0116731517509727,6.535663949920258e-07,92,1
146,4960,-0.65625,7.596704061687919e-07,21,1
4962,4963,0.0509803921568627,4.873551811994596e-07,31,1
1048,4964,-0.00390625,5.495434540661697e-07,34,1
4962,4964,-0.14453125,4.011774632444896e-07,31,1
4963,4964,-0.2578125,9.501048334969176e-07,30,1
81,4968,-0.0275590551181102,9.815566745202517e-07,65,1
2435,4968,-0.0629921259842519,4.529072887320028e-07,66,1
4968,6269,-0.0039061293808862,4.847632057819331e-07,89,1
4968,4969,-0.1215686274509803,6.070429006527007e-07,86,1
4969,6267,0.0078431372549019,3.832030409545705e-07,82,1
4972,6278,0.0347826086956521,7.90574574610181e-07,91,1
562,4975,-0.0425531914893617,2.3161768339863868e-07,48,1
1051,4975,-0.0085106382978723,1.0368517541799967e-06,82,1
2932,4975,-0.0212765957446808,4.861644153033959e-07,82,1
2934,4975,-0.0340425531914893,2.7480921885849074e-07,62,1
3100,4975,-0.1659574468085106,7.851496411379875e-07,74,1
3102,4975,-0.0595744680851063,3.509374179623309e-07,66,1
4152,4975,-0.1787234042553191,1.0852560801129435e-06,97,1
4975,4987,-0.0017119100024455,4.5665201806478846e-07,48,1
2435,4976,-0.0233463035019455,4.3831455905275e-07,84,1
4968,4976,-0.0038910505836575,4.3713788016572347e-07,94,1
2504,4977,-0.0389610389610389,2.2306392727372186e-07,21,1
4148,4977,-0.0259740259740259,6.007668342464897e-07,22,1
4977,5000,0.1196137196137196,8.282538462617523e-07,28,1
1537,4978,-0.0235294117647058,3.0566153084706073e-07,98,1
4978,4980,0.0039215686274509,1.208229576345905e-06,72,1
4978,6185,0.0627450980392156,8.007474131099976e-07,91,1
4978,6300,0.0156862745098039,8.73665415537488e-07,96,1
4979,6173,-0.0949180130214613,3.0361606968518676e-07,82,1
4979,6278,-0.1734654234654234,4.0167733406150184e-07,68,1
2478,4981,-0.0193050193050193,5.004741071686743e-07,94,1
4980,4981,-0.0424710424710424,3.5016384682071297e-07,67,1
2932,4983,-0.1952191235059761,6.542217367078401e-07,96,1
4983,6269,0.0120146863526287,9.255069616070545e-07,95,1
20,4985,-0.3671497584541063,1.3464703371379166e-07,12,1
4985,4986,-0.0120772946859903,4.2959345115574177e-07,15,1
2934,4987,-0.0229885057471264,4.213813270249976e-07,50,1
3100,4987,-0.0344827586206896,6.583536211592466e-07,62,1
3102,4987,-0.0229885057471264,4.974366803942426e-07,54,1
25,4988,-0.0489510489510489,3.6388303172835933e-07,65,1
612,4988,-0.0069930069930069,2.524307801361139e-07,60,1
1051,4988,-0.0139860139860139,7.457360070390685e-07,79,1
1536,4988,-0.0069930069930069,1.4206214317900684e-07,57,1
2431,4988,-0.0069930069930069,4.4148246846093904e-07,60,1
3106,4988,-0.0069930069930069,4.3545478206837873e-07,50,1
3323,4988,-0.0209790209790209,1.4766651908486478e-07,57,1
4988,4990,0.0209790209790209,2.2244741742438244e-07,67,1
4988,6301,0.1608391608391608,4.990543544695575e-07,68,1
1051,4989,-0.2598425196850393,1.071209953293814e-06,72,1
2932,4989,-0.0157480314960629,4.273824298454335e-07,72,1
2934,4989,-0.0078740157480314,2.791594181292506e-07,52,1
3100,4989,-0.0748031496062992,7.326074969070947e-07,64,1
3102,4989,-0.0354330708661417,3.429819910136224e-07,56,1
4150,4989,-0.0354330708661417,1.1414844356074604e-06,82,1
4152,4989,-0.0629921259842519,1.0846174398193938e-06,87,1
4975,4989,-0.0078740157480314,1.412155131765657e-07,50,1
4989,6301,0.1141732283464567,1.095371570709998e-06,61,1
1051,4990,-0.0389105058365758,6.929789239904539e-07,92,1
2934,4990,-0.0077821011673151,1.04670516100995e-06,72,1
3100,4990,-0.0155642023346303,8.792936826168083e-07,84,1
4990,6301,0.0233463035019455,4.265564196091927e-07,81,1
4991,6302,-0.0227338968230836,1.5347158956121047e-07,57,1
25,4992,-0.01953125,4.927753077721712e-07,89,1
3323,4992,-0.0859375,9.66153682483448e-07,81,1
4992,6186,0.00390625,6.851256310021635e-07,85,1
563,4993,-0.0175438596491228,2.6190614312820313e-07,66,1
1056,4993,-0.0526315789473684,3.537185983335556e-07,79,1
3103,4993,-0.0263157894736842,2.8542256616055326e-07,87,1
2622,4995,-0.0560344827586206,3.473203229303243e-07,80,1
4082,4995,-0.0301724137931034,9.719825185550885e-07,70,1
4995,4997,-0.0360936955764542,2.409392877292109e-07,68,1
2707,4996,-0.0384615384615384,1.658747931238422e-07,27,1
4088,4996,-0.0064102564102564,6.268948326692686e-07,26,1
4996,5002,-0.066699123661149,1.2088109291818653e-06,24,1
88,4997,-0.005050505050505,7.164500872934214e-07,42,1
2707,5002,-0.0084388185654008,3.991637073475643e-07,21,1
1060,5003,-0.1422924901185771,1.0736887491811434e-06,80,1
2127,5003,-0.0869565217391304,5.285487561556968e-07,62,1
2577,5003,-0.0158102766798418,1.0665359395461343e-06,92,1
3760,5003,-0.0355731225296442,5.8803426157708e-07,76,1
3761,5003,-0.0790513833992094,2.453864263413185e-07,79,1
5003,5092,0.1106719367588932,2.5737322168642467e-07,61,1
720,5006,-0.0852713178294573,1.0027859718265085e-06,65,1
2126,5006,-0.0077519379844961,4.516620064044569e-07,73,1
3748,5006,-0.1162790697674418,1.2323770566751073e-06,75,1
3750,5006,-0.0542635658914728,1.172383073059075e-06,76,1
5006,5007,0.1085271317829457,1.040172301202437e-06,75,1
2925,5007,-0.003875968992248,1.207994060959292e-06,93,1
3656,5007,-0.0116279069767441,3.3907480801402443e-07,80,1
3750,5007,-0.0155038759689922,1.6035649292742203e-07,89,1
3761,5007,-0.0620155038759689,1.1627308826090172e-06,89,1
232,5008,-0.2156862745098039,4.4601450843008257e-07,30,1
4219,5008,-0.0862745098039215,9.865950038794612e-07,37,1
4939,5008,-0.0627450980392156,5.255939699882424e-07,29,1
232,5010,-0.1771653543307086,7.299557663455628e-07,34,1
2939,5010,-0.0354330708661417,1.0954789963306393e-06,37,1
5022,5930,-0.0476894305019305,2.499268257721427e-07,44,1
5034,5092,-0.0938711240310077,1.2121714896108802e-06,49,1
5034,5233,-0.1294573643410852,1.0691536031773797e-06,50,1
1740,5036,-0.029585798816568,5.11354756132047e-07,67,1
3762,5036,-0.0059171597633136,9.246481679817706e-07,74,1
719,5037,-0.00390625,9.784152346192904e-07,69,1
1146,5043,-0.0583657587548638,1.0538433886570077e-06,57,1
5043,5085,0.3151750972762646,8.625340676009117e-07,70,1
5043,5264,0.0233463035019455,1.2163370323173692e-06,54,1
5043,5265,0.0038910505836575,8.716271519894383e-07,65,1
228,5045,-0.0348837209302325,3.8739047417579587e-07,70,1
720,5045,-0.1511627906976744,6.789373553646943e-07,65,1
2126,5045,-0.0697674418604651,1.805775363376252e-07,73,1
2967,5045,-0.003875968992248,7.98395615740503e-07,55,1
3748,5045,-0.0465116279069767,6.77998150995915e-07,75,1
3761,5045,-0.0503875968992248,6.162880775569356e-07,76,1
5003,5045,-0.1511627906976744,4.379149859833323e-07,65,1
5045,5092,-0.0235283430232558,4.1355245609220685e-07,58,1
2942,5047,-0.0813953488372093,4.378997037547021e-07,30,1
557,5049,-0.0155642023346303,3.674876374473326e-05,221,0
3078,5049,-0.0194552529182879,3.7216397588486626e-05,231,0
1938,5057,-0.0054945054945054,3.1112325670817635e-07,93,1
1749,5061,-0.2363636363636363,9.332158814045054e-07,29,1
4204,5061,-0.1272727272727272,4.022802387940805e-07,18,1
1077,5062,-0.25390625,6.493905837254845e-07,32,1
2960,5062,-0.6875,2.1295692094558798e-07,31,1
2232,5063,-1.0,4.994010769918416e-07,16,1
1249,5066,-0.00390625,1.1415811632803073e-06,62,1
1953,5066,-0.0078125,1.2069207255293898e-06,56,1
2963,5066,-0.00390625,9.084704265824032e-07,52,1
5066,5075,0.05078125,8.268400601648308e-07,73,1
1249,5067,-0.0111111111111111,4.0917170059793107e-07,66,1
2962,5067,-0.0833333333333333,9.532335839832862e-07,77,1
2963,5067,-0.0111111111111111,2.2057538478402888e-07,56,1
2998,5067,-0.0111111111111111,9.61210697337736e-07,72,1
3710,5067,-0.0333333333333333,4.884681033783757e-07,61,1
5067,5075,0.0777777777777777,6.643203913231708e-07,77,1
5067,5558,0.0555555555555555,1.1139557195179435e-06,76,1
5067,5559,0.0388888888888888,6.030602203038594e-07,67,1
2965,5068,-0.0202020202020202,5.388623794352005e-07,45,1
5068,5081,0.0353535353535353,8.541626044398162e-07,39,1
5068,5557,-0.2568484848484849,6.918966183147469e-07,40,1
3361,5069,-0.0176991150442477,2.5673631262889107e-07,56,1
4491,5069,-0.0530973451327433,6.881424950917057e-07,58,1
4494,5069,-0.0044247787610619,2.9115900498837644e-07,35,1
4496,5069,-0.0442477876106194,6.651225661725276e-07,68,1
33,5070,-0.0384615384615384,1.0905814869587807e-06,22,1
708,5071,-0.0038910505836575,3.458620064792808e-07,59,1
1793,5071,-0.046692607003891,8.5781641047145e-07,83,1
2150,5071,-0.0077821011673151,3.5729811848895163e-07,66,1
2999,5071,-0.0350194552529182,9.878016733884912e-07,78,1
3001,5071,-0.0428015564202334,5.646171212361211e-07,76,1
3704,5071,-0.0077821011673151,1.1165598731681543e-06,76,1
3712,5071,-0.0155642023346303,4.5501149514367036e-07,60,1
5071,5265,0.0350194552529182,7.792615962694733e-07,56,1
5072,5080,-0.0346966911764705,3.072676347957855e-07,51,1
5072,5552,-0.0967879758907453,2.234785907830274e-07,62,1
268,5073,-0.2196078431372549,1.7408297369042489e-07,83,1
707,5073,-0.0117647058823529,1.3924540140851245e-07,85,1
1083,5073,-0.0352941176470588,8.042702234318663e-07,75,1
1151,5073,-0.0078431372549019,1.0638070883179806e-06,75,1
1775,5073,-0.0196078431372549,1.1688476689197317e-06,80,1
3000,5073,-0.0235294117647058,9.132043572103116e-07,88,1
3706,5073,-0.0196078431372549,1.0920747760215183e-06,67,1
3709,5073,-0.0039215686274509,3.3802608928563705e-07,77,1
3916,5073,-0.0039215686274509,8.473309110925549e-07,77,1
3929,5073,-0.0117647058823529,8.613310302099493e-07,75,1
5073,5084,0.0431372549019607,8.193661554591687e-07,84,1
3708,5074,-0.0314960629921259,8.082958123791495e-07,85,1
5074,5265,0.0039370078740157,6.500934817714579e-07,74,1
1249,5075,-0.0546875,3.009921901336126e-07,85,1
1953,5075,-0.07421875,6.352810590203488e-07,79,1
708,5076,-0.0859375,4.350894948958998e-07,64,1
1081,5076,-0.015625,4.0596625394913296e-07,66,1
1793,5076,-0.11328125,9.445535189656788e-07,88,1
1891,5076,-0.11328125,4.4982392661462774e-07,63,1
2150,5076,-0.00390625,5.035426206650516e-07,71,1
3001,5076,-0.05859375,5.250545703806892e-07,81,1
3707,5076,-0.0078125,1.0396301619842601e-06,77,1
4490,5076,-0.015625,2.825429387558181e-07,61,1
4493,5076,-0.03125,5.186067613318528e-07,60,1
1082,5078,-0.0912698412698412,3.7214543537188666e-07,48,1
1247,5078,-0.0634920634920634,4.953314812894644e-07,46,1
1250,5078,-0.0238095238095238,7.637923577249735e-07,32,1
5072,5078,-0.0039682539682539,5.600320461968895e-07,49,1
5078,5079,0.0753968253968253,2.7130301838770253e-07,40,1
5078,5551,0.0793650793650793,1.2633432706654258e-07,38,1
5078,5552,0.1746031746031746,4.1198362333668355e-07,53,1
5078,5553,0.0039682539682539,4.835456865695912e-07,38,1
1082,5079,-0.35546875,1.6199820842156814e-07,48,1
2965,5079,-0.015625,4.96854458003625e-07,46,1
5072,5079,-0.04296875,1.8007847684593756e-07,49,1
5079,5080,0.0078125,3.1346573058882277e-07,42,1
5079,5552,0.1953125,1.8870435332249758e-07,53,1
1082,5080,-0.6015625,3.2277808230982375e-07,50,1
5080,5552,0.09765625,2.802007965829983e-07,55,1
1082,5081,-0.1141732283464567,3.611251892980641e-07,48,1
2965,5081,-0.1614173228346456,1.554253645158531e-07,46,1
5072,5081,-0.0944881889763779,3.67005252363902e-07,49,1
5079,5081,-0.0196850393700787,5.001210765069148e-07,40,1
5081,5552,0.0472440944881889,8.164834268725559e-07,53,1
5081,5553,0.0236220472440944,1.4169400629327422e-07,38,1
3921,5083,-0.0038910505836575,1.1245337191324004e-06,80,1
212,5084,-0.0705128205128205,1.0325390043146201e-06,83,1
1776,5084,-0.0576923076923076,1.0520531380187386e-06,90,1
3932,5084,-0.0512820512820512,6.075879397075092e-07,84,1
5084,5093,0.0192307692307692,4.541680911427254e-07,80,1
5084,5096,0.0576923076923076,9.003461261249578e-07,77,1
5084,5266,0.0256410256410256,1.028267365983225e-06,71,1
5089,5255,-0.004852591100531,3.416796279039196e-07,74,1
5089,5930,-0.1837754360465116,1.0128357958053642e-06,70,1
526,5092,-0.1328125,8.358641989418087e-07,52,1
1151,5093,-0.10546875,9.814470995459476e-07,71,1
1776,5093,-0.0703125,1.0935715913007424e-06,78,1
3931,5093,-0.0703125,1.0273984003726056e-06,52,1
3932,5093,-0.01171875,3.1725576787588863e-07,72,1
5093,5096,0.07421875,4.3881594083780966e-07,65,1
5093,5266,0.07421875,5.700789250008255e-07,59,1
1087,5094,-0.0075187969924812,1.019369113306888e-06,48,1
1792,5094,-0.037593984962406,6.066082266041716e-07,47,1
5094,5095,-0.1849624060150376,4.254120147199456e-07,48,1
2652,5098,-0.0542635658914728,7.805261781229962e-07,59,1
233,5099,-0.1428571428571428,3.5198003696152293e-07,48,1
3880,5099,-0.1818181818181818,5.42035256488299e-07,41,1
5101,5474,0.0292887029288702,2.6850285609617478e-05,227,0
1965,5103,-0.0405405405405405,7.543277335068111e-07,95,1
1371,5104,-0.0078740157480314,3.656591322147977e-05,295,0
5104,5474,0.2086614173228346,2.3059181716200088e-05,254,0
53,5106,-0.0134228187919463,4.491807036765571e-07,49,1
1220,5106,-0.0402684563758389,1.143737254147251e-06,77,1
2156,5106,-0.1543624161073825,9.5691751757884e-07,78,1
5106,5124,0.0335570469798657,5.100520487890721e-07,52,1
5106,5126,-0.0806409656105301,6.246751949387408e-07,59,1
5106,5147,0.1006711409395973,8.449456626563932e-07,74,1
5106,5462,0.1409395973154362,6.984696168451761e-07,72,1
1090,5108,-0.0193548387096774,9.990061756249313e-07,93,1
5108,5109,0.1096774193548387,2.791752769299509e-07,69,1
5110,5474,0.0441767068273092,1.9031766066571257e-05,241,0
1371,5111,-0.0078740157480314,0.00028811321210294447,249,0
53,5112,-0.0078740157480314,7.516424169414777e-07,84,1
5112,5124,-0.0143482064741907,3.3824045443291954e-07,87,1
1096,5114,-0.0789473684210526,4.3661365648790317e-07,62,1
2156,5114,-0.1842105263157894,5.362476752291527e-07,71,1
651,5115,-0.047945205479452,6.27311275612421e-07,56,1
1103,5115,-0.0136986301369863,2.1690991782809633e-07,65,1
1966,5115,-0.0068493150684931,1.0895026217627398e-07,80,1
2550,5115,-0.0410958904109589,9.488196493237473e-07,85,1
3500,5115,-0.2671232876712329,9.490673188631942e-07,85,1
4323,5115,-0.0136986301369863,6.753623879193272e-07,87,1
1103,5117,-0.0039215686274509,5.409213816717467e-07,87,1
214,5118,-0.0050251256281407,8.559594248416718e-07,93,1
651,5118,-0.0050251256281407,1.0700976605008096e-06,53,1
1094,5118,-0.0402010050251256,5.312861086265089e-07,66,1
1966,5118,-0.0100502512562814,2.1653389518955384e-07,77,1
2226,5118,-0.0452261306532663,3.1020658899620597e-07,62,1
2550,5118,-0.0351758793969849,1.0409583265754832e-06,82,1
3500,5118,-0.1658291457286432,1.0742032949221545e-06,82,1
4323,5118,-0.0653266331658291,6.206597824934427e-07,84,1
5115,5118,-0.0854271356783919,1.8674083716642332e-07,75,1
5118,5129,0.0050251256281407,7.337309025589354e-07,94,1
1103,5119,-0.0140845070422535,9.80509841310268e-07,94,1
5120,5133,0.0566714490674318,7.405673083198374e-07,40,1
529,5121,-0.0098522167487684,1.0421430854652058e-06,66,1
1106,5121,-0.0344827586206896,1.0461699822068456e-07,72,1
5121,5122,0.1684903439557086,1.155301171816817e-06,53,1
5121,5130,-0.0022671294223018,1.1525751596369696e-06,89,1
5121,5135,0.1280788177339901,2.7696484085349755e-07,76,1
5121,5139,0.064039408866995,6.245696707930902e-07,68,1
5121,5144,0.0130590167101323,1.0140568094459521e-06,88,1
5121,5145,0.0098522167487684,6.62816006041238e-07,49,1
5122,5135,0.2566371681415929,1.2081359705661758e-06,55,1
5122,5152,0.0088495575221238,6.11210346939142e-07,27,1
5122,5154,0.0832982160415788,5.362242452843319e-07,32,1
1220,5123,-0.0078125,2.1538265930012648e-07,95,1
2157,5123,-0.125,3.1002880966456236e-07,80,1
2550,5123,-0.01171875,7.179133754838955e-07,87,1
3500,5123,-0.00390625,9.615244822229483e-07,87,1
4323,5123,-0.015625,4.6854559696905737e-07,89,1
5123,5126,0.00390625,2.106144015659746e-07,77,1
5123,5133,-0.0082888719512195,2.7292277783644747e-07,72,1
5123,5147,-0.0703125,2.7253571634349394e-07,92,1
53,5124,-0.0111111111111111,2.763844891391631e-07,55,1
731,5124,-0.0111111111111111,8.760513985860715e-07,85,1
1309,5124,-0.0555555555555555,2.699445199933928e-07,43,1
2156,5124,-0.1666666666666666,2.74188614608436e-07,84,1
2550,5124,-0.0111111111111111,3.3759816481052844e-07,75,1
3500,5124,-0.0111111111111111,4.661942315641952e-07,75,1
3789,5124,-0.0666666666666666,7.160193662464343e-07,98,1
5124,5462,0.0222222222222222,9.52286166240763e-07,78,1
214,5126,-0.0232558139534883,4.845328057113277e-07,93,1
1101,5126,-0.0232558139534883,1.1881745212444833e-06,94,1
1102,5126,-0.0310077519379844,1.695339405510859e-07,84,1
1220,5126,-0.0077519379844961,3.938561068368872e-07,90,1
1688,5126,-0.0155038759689922,4.0522267255249834e-07,80,1
5126,5130,0.0077519379844961,4.330483404360094e-07,88,1
5126,5133,0.0232558139534883,4.6151401461183615e-07,67,1
5126,5147,0.0387596899224806,2.447509716497305e-07,87,1
1803,5132,-0.046875,2.3535090766424812e-07,95,1
2026,5132,-0.0078125,1.8869663527024444e-07,96,1
3855,5132,-0.0234375,1.6295728818500844e-07,87,1
4307,5132,-0.03125,1.2242533291340933e-07,97,1
5115,5132,-0.01171875,7.656731562077782e-07,86,1
214,5133,-0.0609756097560975,5.491852340974181e-07,88,1
1101,5133,-0.0365853658536585,1.1695141749690063e-06,89,1
1102,5133,-0.048780487804878,4.3199707127873543e-07,79,1
1106,5133,-0.0365853658536585,7.460685999552316e-07,66,1
1220,5133,-0.024390243902439,5.704676118385697e-07,85,1
2157,5133,-0.048780487804878,2.7683703040492353e-07,70,1
2290,5133,-0.0121951219512195,1.2068720138972695e-06,98,1
5121,5133,-0.0853658536585365,5.764702950300629e-07,68,1
5133,5144,0.0121951219512195,9.805999463674761e-07,82,1
5133,5147,0.0365853658536585,1.0120931458026779e-06,82,1
5133,5148,0.0121951219512195,1.0987648256849589e-06,97,1
529,5135,-0.0233463035019455,5.399833716066249e-07,68,1
1780,5135,-0.0194552529182879,7.040467041579157e-07,83,1
2974,5135,-0.0038910505836575,1.0356212528431928e-06,63,1
5135,5139,0.1050583657587548,2.6714201617664814e-07,70,1
2974,5136,-0.1750972762645914,8.272882544247915e-07,48,1
1107,5137,-0.6731517509727627,2.5548171309757817e-07,24,1
984,5138,-0.0661478599221789,5.228247244401473e-07,93,1
3041,5138,-0.0077821011673151,1.0863487351697238e-06,90,1
51,5139,-0.0116731517509727,1.1310984000529764e-06,88,1
529,5139,-0.0038910505836575,1.8691235564193376e-07,60,1
1780,5139,-0.1167315175097276,3.181214063268494e-07,75,1
4310,5139,-0.11284046692607,1.1861656799394335e-06,95,1
5139,5146,0.0116731517509727,1.1301536313385466e-06,78,1
5140,5460,0.0823529411764705,9.098903704822716e-07,22,1
1107,5141,-0.1929824561403508,5.999562316615708e-07,25,1
5137,5141,-0.0701754385964912,3.008645153173675e-07,23,1
5141,5157,0.0409356725146198,3.025221763942923e-07,22,1
5141,5700,0.3333333333333333,5.912399116997195e-07,21,1
2223,5142,-0.0078431372549019,3.170172069073519e-07,43,1
5142,5156,0.0588235294117647,8.696411477999125e-07,53,1
2972,5143,-0.08203125,1.2321765055011672e-06,27,1
5140,5143,-0.31640625,9.728105852804838e-08,27,1
5143,5460,0.0078125,7.782116627300513e-07,19,1
1106,5145,-0.0714285714285714,6.054056147762392e-07,47,1
5122,5145,-0.1428571428571428,2.4026596042831685e-07,28,1
5145,5154,0.1428571428571428,9.737057805615823e-07,28,1
548,5146,-0.0652173913043478,5.688266501716866e-07,89,1
3045,5146,-0.0108695652173913,8.978945171614622e-07,81,1
3542,5146,-0.1195652173913043,1.1681168760506055e-06,75,1
3842,5146,-0.0760869565217391,9.285865958006911e-07,75,1
4311,5146,-0.0326086956521739,8.220121607408243e-07,94,1
2157,5147,-0.109375,6.451877737257993e-07,90,1
2550,5147,-0.00390625,5.698472178664114e-07,97,1
984,5149,-0.064516129032258,1.0695180992276602e-06,69,1
3041,5149,-0.1505376344086021,1.1545172293392401e-06,66,1
4747,5149,-0.075268817204301,4.3681212551166194e-07,49,1
5131,5149,-0.064516129032258,9.274603951295774e-07,51,1
5146,5149,-0.2150537634408602,9.131543282247853e-07,72,1
529,5151,-0.1782945736434108,8.35594192601999e-07,72,1
5138,5151,-0.1046511627906976,4.622648154554466e-07,92,1
5151,5461,-0.0316005471956224,8.047696042006734e-07,85,1
5152,5154,-0.2063492063492063,2.7894495572453833e-07,27,1
1100,5155,-0.0156862745098039,3.3245432957079313e-07,22,1
1105,5156,-0.046875,7.699565767868145e-07,62,1
3126,5156,-0.01171875,1.0917396457823645e-06,63,1
5156,5165,0.0113007973251028,6.67153488971789e-07,56,1
5137,5157,-0.0327868852459016,8.911189260214988e-07,21,1
51,5158,-0.0826771653543307,1.2082970972065804e-06,88,1
984,5158,-0.0157480314960629,6.623398403816512e-07,75,1
1110,5158,-0.0118110236220472,1.4587393312491374e-07,70,1
3041,5158,-0.0236220472440944,7.636555512028029e-07,72,1
3127,5158,-0.0157480314960629,3.5593303196087997e-07,74,1
4310,5158,-0.0433070866141732,1.0437318626516299e-06,95,1
5146,5158,-0.0118110236220472,8.778738890654357e-07,78,1
5150,5158,-0.0118110236220472,9.777198706422232e-07,90,1
5151,5158,-0.0236220472440944,9.882997278917585e-07,74,1
568,5159,-0.0058823529411764,2.6326331243647765e-07,64,1
714,5159,-0.0058823529411764,1.5182855095258306e-07,46,1
1217,5159,-0.0235294117647058,2.3878785475129766e-07,63,1
2224,5159,-0.0117647058823529,1.3535290998272333e-07,58,1
5159,5164,0.0130599028602266,1.1870195855295524e-07,65,1
5159,5165,0.0352941176470588,1.969781410043441e-07,58,1
5159,5457,0.0117647058823529,5.385116638121161e-07,59,1
5159,5459,0.0764705882352941,1.3398573381355257e-07,57,1
1217,5160,-0.0857142857142857,3.2895298104598045e-07,50,1
2224,5160,-0.0285714285714285,1.740768833730552e-07,45,1
3730,5160,-0.1714285714285714,1.8447669735450473e-07,43,1
5160,5163,0.0285714285714285,1.8097005742097416e-07,42,1
5160,5164,0.0571428571428571,3.1676251967849765e-07,52,1
5160,5459,0.2285714285714285,1.4984031436261507e-07,44,1
2976,5161,-0.0131578947368421,6.644820211361624e-07,95,1
3052,5161,-0.0131578947368421,2.334754791562128e-07,64,1
52,5162,-0.054054054054054,4.4858386114768553e-07,46,1
4462,5162,-0.1418918918918918,5.91055034888798e-07,41,1
5162,5199,0.027027027027027,0.00013102694979973345,233,0
568,5163,-0.1809954751131221,2.484158030456272e-07,61,1
1105,5163,-0.171945701357466,5.201636465193154e-07,61,1
2225,5163,-0.0452488687782805,2.6689116189757514e-07,52,1
3126,5163,-0.1945701357466063,3.431075714528608e-07,62,1
5156,5163,-0.0135746606334841,8.685059604933871e-07,53,1
5163,5165,0.0497737556561085,8.990791798316855e-08,55,1
218,5164,-0.0045871559633027,6.966443002177898e-07,61,1
547,5164,-0.0137614678899082,1.1863834212062302e-06,65,1
1932,5164,-0.0045871559633027,4.729338766786319e-07,52,1
3040,5164,-0.0045871559633027,9.934354762206955e-07,64,1
3127,5164,-0.0458715596330275,1.1533469245412365e-06,79,1
3538,5164,-0.0137614678899082,1.0197345669400117e-06,74,1
5163,5164,-0.0091743119266055,2.567761918298912e-07,62,1
5164,5165,0.0045871559633027,3.2642949612344157e-07,65,1
5164,5459,0.0489852654990269,1.6551178015659273e-07,64,1
1105,5165,-0.1275720164609053,4.5771897219550767e-07,64,1
3126,5165,-0.0823045267489712,3.070344756866466e-07,65,1
253,5166,-0.0977011494252873,9.831105208072294e-07,18,1
2225,5169,-0.0909090909090909,3.724279425178208e-07,36,1
5169,5457,0.1672550750220653,3.015885797306252e-07,40,1
1100,5170,-0.1428571428571428,7.544863698994099e-07,19,1
2973,5170,-0.1428571428571428,2.5593758491251677e-07,18,1
2223,5171,-0.2041666666666666,2.8501421442447523e-07,40,1
5142,5171,-0.0166666666666666,2.6601200270180914e-07,49,1
5156,5171,-0.0375,6.53979387809581e-07,50,1
256,5172,-0.1074380165289256,1.1223330050838572e-07,46,1
568,5172,-0.0413223140495867,3.0417472404665604e-07,55,1
1105,5172,-0.0165289256198347,5.762555490826995e-07,55,1
1217,5172,-0.0991735537190082,1.2717289826206895e-07,54,1
2225,5172,-0.0082644628099173,2.7156858997148263e-07,46,1
3126,5172,-0.0165289256198347,4.046909976340448e-07,56,1
3128,5172,-0.0165289256198347,2.8355410469553785e-07,38,1
5165,5172,-0.024793388429752,9.608031953329254e-08,49,1
5172,5457,-0.003811281392923,1.7874137690583047e-07,50,1
1121,5175,-0.0173410404624277,1.1428915590233852e-06,93,1
2569,5175,-0.0057803468208092,0.00012798936996658413,226,0
3722,5175,-0.0289017341040462,0.00012416567169050655,244,0
4415,5175,-0.0173410404624277,1.0301709702496965e-06,80,1
5162,5175,-0.0115606936416184,6.633809934172408e-07,80,1
5175,5186,0.0057803468208092,6.279508667735407e-07,68,1
3722,5176,-0.0096618357487922,0.00044233182819047124,284,0
5176,5435,0.0048309178743961,0.00031815009632239625,220,0
987,5177,-0.0935251798561151,6.402942345762241e-07,86,1
1116,5177,-0.079136690647482,9.205185207396969e-07,92,1
2213,5177,-0.0215827338129496,3.855773287567786e-07,79,1
5177,5181,0.138742131294964,4.776377975256874e-07,93,1
5177,5199,0.0071942446043165,0.00019775043036883034,231,0
3533,5178,-0.0155038759689922,3.001685301470946e-07,68,1
3722,5179,-0.0153061224489795,7.729652564840658e-05,284,0
5179,5199,0.0051020408163265,9.751694481557307e-05,291,0
5179,5689,0.0051020408163265,3.5476357528671196e-05,233,0
2569,5180,-0.0078125,0.00015268697550443832,248,0
2572,5180,-0.00390625,0.00017003155288405477,219,0
5180,5689,0.01953125,7.930370594957656e-05,215,0
2569,5181,-0.0078125,0.00011538726399690513,241,0
3721,5181,-0.00390625,6.960661198405753e-05,223,0
3722,5181,-0.00390625,0.00011512164144708815,259,0
3722,5184,-0.0378787878787878,8.121903703243423e-05,274,0
4422,5185,-0.303030303030303,9.072080958997256e-07,48,1
3048,5186,-0.0357142857142857,5.941698453587543e-07,81,1
4418,5186,-0.0357142857142857,5.453111389885891e-07,76,1
2286,5188,-0.0038910505836575,4.248225116674039e-05,247,0
2569,5188,-0.0116731517509727,3.6246554982807274e-05,249,0
3722,5188,-0.0077821011673151,3.644155678900616e-05,267,0
5188,5199,0.0077821011673151,4.768251850942447e-05,274,0
5188,5697,0.0116731517509727,3.189198856860869e-05,215,0
5188,6369,0.0350194552529182,2.0025732807906762e-05,247,0
1304,5189,-0.0042553191489361,5.9399991147302644e-05,233,0
2286,5189,-0.0042553191489361,5.505603836900134e-05,269,0
2569,5189,-0.0085106382978723,4.8258937013501564e-05,271,0
3722,5189,-0.0127659574468085,4.8344123474285534e-05,289,0
5189,5694,0.0042553191489361,2.7411258145839654e-05,229,0
5189,5697,0.0340425531914893,4.2401754454477065e-05,237,0
5189,6369,0.0170212765957446,2.773285123624476e-05,269,0
3722,5191,-0.0116731517509727,0.0003787674239576783,272,0
5191,5199,0.0116731517509727,0.00048429302739363527,279,0
1672,5192,-0.0040322580645161,5.475232947785972e-07,75,1
222,5194,-0.0933852140077821,4.1761180141606535e-07,35,1
1198,5194,-0.0038910505836575,6.338311049476018e-07,43,1
1674,5194,-0.311284046692607,3.127688759522383e-07,36,1
3536,5194,-0.0233463035019455,4.7059952485852984e-07,31,1
5194,5405,0.1206225680933852,3.205626370539349e-07,33,1
658,5195,-0.0462184873949579,4.893104536514865e-07,70,1
1122,5195,-0.226890756302521,6.995306486883559e-07,77,1
1123,5195,-0.0504201680672268,1.8841482818871928e-07,76,1
3530,5195,-0.0378151260504201,2.2558679024708817e-07,67,1
5192,5195,-0.0630252100840336,5.799245283426308e-07,73,1
1207,5196,-0.0049261083743842,1.9966868192569626e-05,236,0
1299,5196,-0.0049261083743842,2.0051371009832965e-05,227,0
2155,5196,-0.0049261083743842,3.3644685687612e-05,215,0
2219,5196,-0.0049261083743842,2.8393240877944223e-05,254,0
2220,5196,-0.0049261083743842,4.961231791356648e-05,259,0
2281,5196,-0.0098522167487684,3.310143069506199e-05,232,0
2458,5196,-0.0049261083743842,1.8318536085518428e-05,258,0
3130,5196,-0.0049261083743842,2.3797767998807357e-05,248,0
3131,5196,-0.0098522167487684,1.9126052453054676e-05,250,0
3795,5196,-0.0049261083743842,0.00013851681895044661,245,0
3992,5196,-0.0049261083743842,5.126406081792234e-05,248,0
5196,5430,0.0049261083743842,2.0624417342306694e-05,247,0
5196,5465,0.0098522167487684,4.0009839630277044e-05,247,0
5196,5481,0.0098522167487684,3.83568818533544e-05,233,0
2286,5197,-0.0045871559633027,5.597608912956653e-05,247,0
2569,5197,-0.0045871559633027,4.9613267216697514e-05,249,0
2572,5197,-0.0045871559633027,5.1377035079403764e-05,220,0
5197,5199,0.0045871559633027,6.0921723032336526e-05,274,0
257,5199,-0.0089686098654708,9.226902049058161e-05,304,0
1091,5199,-0.0089686098654708,3.4691951013873246e-05,272,0
1210,5199,-0.0089686098654708,2.9527049211518084e-05,313,0
1216,5199,-0.0089686098654708,3.153831874400492e-05,309,0
1226,5199,-0.0179372197309417,4.129811841734761e-05,319,0
1292,5199,-0.0044843049327354,3.5990344508922135e-05,321,0
1697,5199,-0.0044843049327354,2.2214250130771203e-05,318,0
1802,5199,-0.0044843049327354,3.437307407141877e-05,309,0
2152,5199,-0.0179372197309417,3.478344081973092e-05,308,0
2153,5199,-0.0044843049327354,4.414765844284076e-05,278,0
2173,5199,-0.0044843049327354,2.511152909633521e-05,304,0
2219,5199,-0.0089686098654708,2.852020257429078e-05,334,0
2279,5199,-0.0044843049327354,0.00010432246096667344,315,0
2281,5199,-0.0089686098654708,3.63488861335739e-05,312,0
3133,5199,-0.0044843049327354,8.877002210769811e-05,320,0
3612,5199,-0.0044843049327354,5.953418806961367e-05,321,0
3729,5199,-0.0089686098654708,2.3815112933491804e-05,310,0
3805,5199,-0.0044843049327354,6.555575581189627e-05,315,0
3808,5199,-0.0044843049327354,2.6176771107776856e-05,337,0
3814,5199,-0.0044843049327354,3.3430768783300085e-05,299,0
5104,5199,-0.0224215246636771,8.277497079033849e-05,321,0
5199,5423,0.0044843049327354,0.00014631169215510294,314,0
5199,5430,0.0089686098654708,2.037062546293409e-05,327,0
5199,5439,0.0044843049327354,2.8053474452833067e-05,315,0
5199,5465,0.0179372197309417,5.2723026586682295e-05,327,0
5199,5481,0.0089686098654708,4.517294268173373e-05,313,0
5199,5659,0.0089686098654708,1.8526944860190067e-05,310,0
5199,5680,0.0044843049327354,9.309789037849269e-05,319,0
5199,6367,-0.0187715090207529,8.380108625993734e-05,301,0
4420,5201,-0.035,1.2260022129707988e-06,88,1
5201,5696,0.005,1.11769374135497e-06,96,1
2167,5202,-0.2577319587628865,1.8816012043757793e-07,36,1
2769,5202,-0.0103092783505154,9.313154659031439e-07,44,1
3722,5203,-0.1262135922330097,3.064687936770823e-05,259,0
569,5204,-0.0077519379844961,0.00032559732737722153,216,0
2170,5204,-0.003875968992248,1.0355534085212042e-06,97,1
2285,5204,-0.003875968992248,5.454199372598615e-05,217,0
2286,5204,-0.0271317829457364,5.1132511331711325e-05,250,0
2569,5204,-0.0387596899224806,0.0001456745839972358,252,0
2572,5204,-0.0077519379844961,6.437865524719155e-05,223,0
3614,5204,-0.0232558139534883,2.5430430507585227e-05,222,0
3722,5204,-0.0155038759689922,0.00020972323000188238,270,0
5199,5204,-0.0116279069767441,0.00026063535646292596,277,0
5204,5697,0.0116279069767441,0.00012252812134793097,218,0
569,5205,-0.0079051383399209,0.0004166227624439882,218,0
2285,5205,-0.0197628458498023,6.604734016441951e-05,219,0
2286,5205,-0.0039525691699604,5.688062909739764e-05,252,0
2569,5205,-0.0513833992094861,0.00017612417361636754,254,0
2572,5205,-0.0039525691699604,7.42001220770249e-05,225,0
3722,5205,-0.0592885375494071,0.00025964278504913885,272,0
5199,5205,-0.0039525691699604,0.0003216535854756171,279,0
5205,5697,0.0118577075098814,0.000148426280836321,220,0
681,5206,-0.0078431372549019,2.8176354966270952e-05,221,0
711,5206,-0.0392156862745098,2.5217639942370856e-05,224,0
713,5206,-0.0745098039215686,2.117217404023651e-05,222,0
736,5206,-0.0039215686274509,0.0002431557239539359,219,0
1295,5206,-0.0078431372549019,4.429129684765896e-05,230,0
1302,5206,-0.0156862745098039,0.0001034884478470234,223,0
1304,5206,-0.0156862745098039,5.370842168062541e-05,241,0
1563,5206,-0.0156862745098039,5.26276807572087e-05,232,0
1689,5206,-0.0196078431372549,4.0779079121629886e-05,234,0
1955,5206,-0.0078431372549019,4.673743524987226e-05,221,0
2285,5206,-0.0509803921568627,9.00683772031187e-05,244,0
2286,5206,-0.0196078431372549,8.948945315093798e-05,277,0
2373,5206,-0.0039215686274509,3.095916854011426e-05,222,0
2458,5206,-0.0039215686274509,7.861836368631456e-05,238,0
2459,5206,-0.0078431372549019,0.0001058385232495233,228,0
2569,5206,-0.0156862745098039,0.00024275523692641012,279,0
2572,5206,-0.0039215686274509,0.00010657633768245534,250,0
3612,5206,-0.0078431372549019,3.439691053430271e-05,221,0
3614,5206,-0.0117647058823529,4.1938617270829466e-05,249,0
3722,5206,-0.0117647058823529,0.0003489026634435763,297,0
3806,5206,-0.0078431372549019,7.12718194248723e-05,224,0
3813,5206,-0.0039215686274509,0.0001712781853994403,224,0
5199,5206,-0.0666666666666666,0.00043100129802994765,304,0
5206,5215,0.0078431372549019,2.4560879616458405e-05,217,0
5206,5435,0.0117647058823529,0.00026979802237338615,233,0
5206,5661,0.0235294117647058,5.0525455892463606e-05,231,0
5206,5663,0.0078431372549019,0.00017651977221494404,226,0
5206,5670,0.0196078431372549,8.162674417348066e-05,237,0
5206,5671,0.0117952239261463,5.457503081906075e-05,232,0
5206,5686,0.0078431372549019,4.201638826281929e-05,235,0
5206,5693,0.0039215686274509,3.283312498743176e-05,219,0
5206,5694,0.0039215686274509,0.0002986266021751924,237,0
5206,5697,0.0039215686274509,0.00020436101075406028,245,0
224,5207,-0.0263157894736842,3.436912137623212e-07,30,1
5199,5207,-0.0263157894736842,7.105010792351055e-05,219,0
5207,5209,0.0263157894736842,4.221836519489702e-07,29,1
4177,5208,-0.1052631578947368,4.3697837852468877e-07,5,1
224,5210,-0.0253164556962025,8.642559060934395e-07,52,1
5199,5210,-0.0063291139240506,2.1468239328666218e-05,241,0
569,5211,-0.0077519379844961,0.0006423326951464113,245,0
681,5211,-0.0310077519379844,3.4262962887947766e-05,223,0
711,5211,-0.0193798449612403,2.8496867086866943e-05,226,0
713,5211,-0.0155038759689922,2.564545587134125e-05,224,0
1214,5211,-0.003875968992248,0.0007349298899907002,224,0
1295,5211,-0.003875968992248,5.175548296208895e-05,232,0
1302,5211,-0.0193798449612403,0.0001247262461357649,225,0
1824,5211,-0.0077519379844961,0.00033925258387162624,235,0
1955,5211,-0.0116279069767441,4.989261702088563e-05,223,0
2220,5211,-0.003875968992248,0.0005828995311649752,241,0
2286,5211,-0.0155038759689922,0.00010257786051429811,279,0
2373,5211,-0.003875968992248,3.7081557587480155e-05,224,0
2459,5211,-0.003875968992248,0.00012776636998891583,230,0
2569,5211,-0.003875968992248,0.0002854569468421245,281,0
3131,5211,-0.003875968992248,0.0002936617463649233,232,0
3612,5211,-0.0155038759689922,4.194683606441667e-05,223,0
3722,5211,-0.0116279069767441,0.0004117352823268676,299,0
3806,5211,-0.003875968992248,8.647887389286546e-05,226,0
3813,5211,-0.003875968992248,0.00020854002485042131,226,0
3815,5211,-0.003875968992248,0.000470042020658977,218,0
5199,5211,-0.0077519379844961,0.0005085889738539555,306,0
5211,5215,0.0155038759689922,2.990740011490366e-05,219,0
5211,5437,0.0077519379844961,9.33205730375939e-05,215,0
5211,5440,0.0077519379844961,0.00046424397005291075,236,0
5211,5661,0.0271317829457364,6.142284039528243e-05,233,0
5211,5663,0.0116279069767441,0.00021578126055309945,228,0
5211,5669,0.003875968992248,0.001358182658616174,218,0
5211,5670,0.003875968992248,9.353101014335638e-05,239,0
5211,5686,0.003875968992248,4.957811876821225e-05,237,0
5211,5688,0.003875968992248,9.584014764927721e-05,222,0
5211,5693,0.0077519379844961,3.9404041154663937e-05,221,0
5211,5694,0.0116279069767441,0.0003545351328088241,239,0
2286,5213,-0.005050505050505,5.5109186225234e-05,239,0
2569,5213,-0.0404040404040404,0.00017325004251617272,241,0
3721,5213,-0.0101010101010101,0.0009866172842707256,223,0
3722,5213,-0.0101010101010101,0.0002569224692811795,259,0
5199,5213,-0.005050505050505,0.0003175087250571302,266,0
5213,6369,0.0202020202020202,0.00015159028323745555,239,0
5214,5435,0.0117647058823529,2.039899842718653e-05,231,0
5215,5442,0.00390625,1.966737118641968e-05,222,0
5215,5449,0.0078125,1.942180730948628e-05,222,0
222,5216,-0.0094339622641509,9.287353763627979e-07,37,1
5216,5217,0.0536300246103363,1.9893601681169633e-07,43,1
222,5217,-0.0380434782608695,1.0878184848379715e-06,38,1
1674,5217,-0.0054347826086956,8.772288108549823e-07,39,1
5217,5405,0.0153162055335968,6.415118261386473e-07,36,1
1011,5222,-0.2325581395348837,5.652070754708324e-07,62,1
4850,5222,-0.0232558139534883,1.018844303990567e-06,75,1
5222,5225,0.1666666666666666,4.486146856621922e-07,70,1
5222,5283,0.0736434108527131,7.578073577996438e-07,72,1
5225,5283,0.0352941176470588,1.060758892705042e-06,68,1
721,5228,-0.2580645161290322,1.168078777693009e-06,54,1
1960,5228,-0.032258064516129,1.2066359473416879e-06,55,1
3376,5231,-0.00390625,3.3517815754538535e-07,94,1
3460,5231,-0.00390625,5.957169426827001e-07,72,1
228,5234,-0.1167315175097276,2.3482713210648072e-07,66,1
2126,5234,-0.0933852140077821,3.923244298502356e-07,69,1
2127,5234,-0.0194552529182879,3.5479649857248466e-07,55,1
3761,5234,-0.0311284046692607,5.745394231129106e-07,72,1
5003,5234,-0.0505836575875486,3.3998818333118733e-07,61,1
5092,5234,-0.1089494163424124,1.8529283812803788e-07,54,1
5237,5243,0.1129694835680751,7.878177725435613e-07,56,1
5237,6508,0.0091825462579397,2.611462231763451e-07,53,1
2109,5238,-0.0039215686274509,3.240144791196771e-07,95,1
1616,5239,-0.11328125,1.0597614161570024e-06,48,1
1017,5243,-0.0572916666666666,3.271957344465295e-07,76,1
1138,5243,-0.0104166666666666,6.942671042134031e-07,69,1
4871,5243,-0.0104166666666666,3.127277995287868e-07,60,1
5243,6508,0.03125,1.1758131348768784e-06,55,1
697,5244,-0.009009009009009,8.816924072292675e-07,82,1
1153,5244,-0.045045045045045,6.934348510639281e-07,78,1
2191,5244,-0.045045045045045,5.229272346661208e-07,77,1
3667,5244,-0.054054054054054,5.949184126078544e-07,79,1
3668,5244,-0.1351351351351351,1.0087201211640968e-06,81,1
3671,5244,-0.018018018018018,4.963609178410894e-07,69,1
3672,5244,-0.045045045045045,1.2104631992703116e-07,51,1
3673,5244,-0.036036036036036,5.083663934745892e-07,75,1
5244,5278,0.027027027027027,8.35773068167711e-07,54,1
5244,6493,0.009009009009009,3.282389802332158e-07,56,1
1722,5245,-0.0555555555555555,1.450195522993018e-07,12,1
5245,6259,0.3888888888888889,9.998716500636072e-08,12,1
2658,5248,-0.3035019455252918,1.012089885983063e-06,54,1
3926,5248,-0.0544747081712062,9.901673247492573e-07,69,1
5249,5257,0.0077821011673151,4.6428535101576027e-07,57,1
1143,5250,-0.0117647058823529,7.041854574803761e-07,47,1
3965,5250,-0.0392156862745098,7.393466739248499e-07,41,1
3003,5251,-0.08984375,7.326799206798032e-07,85,1
2339,5254,-0.35546875,4.32777088252845e-07,38,1
3923,5254,-0.1484375,4.998877364817709e-07,50,1
5022,5255,-0.2244094488188976,8.901225876159073e-07,48,1
5255,5930,0.0836921751968504,4.949262823953544e-07,56,1
5254,5256,-0.3607843137254902,7.479304780772628e-07,50,1
593,5259,-0.0039525691699604,1.1674302473961225e-06,37,1
5259,6104,0.1664385352424601,3.19587487459477e-07,27,1
1841,5261,-0.067193675889328,3.576571929826996e-07,54,1
5261,5904,0.225389081027668,3.2806319876173095e-07,46,1
833,5262,-0.09765625,5.843631322887967e-07,74,1
2941,5262,-0.0078125,6.833549154548558e-07,70,1
2657,5264,-0.0503875968992248,5.247493756766417e-07,40,1
5264,5265,-0.1162790697674418,7.091080598402661e-07,57,1
763,5266,-0.1176470588235294,6.245519603251301e-07,47,1
1151,5266,-0.2941176470588235,2.863297015675638e-07,62,1
2659,5266,-0.0627450980392156,7.33540165213137e-07,42,1
3919,5266,-0.0235294117647058,8.743980045039818e-07,48,1
5096,5266,-0.0901960784313725,8.963338990178584e-07,56,1
5098,5266,-0.3215686274509804,3.318127939575769e-07,54,1
2353,5271,-0.0778210116731517,8.708070826153281e-08,49,1
5274,5278,0.1176470588235294,3.25963225808874e-07,45,1
3672,5276,-0.0384615384615384,6.492655699999671e-07,40,1
5276,5278,0.1153846153846153,2.907878933527171e-07,43,1
2107,5277,-0.0196850393700787,9.53526762372558e-07,86,1
5275,5277,-0.0236220472440944,1.0430048848651808e-06,93,1
5277,5282,-0.0075982720058825,1.8757321760570892e-07,98,1
2558,5279,-0.0118110236220472,9.774688376553967e-07,91,1
5279,5281,-0.0719484267653794,1.1384936574908543e-06,72,1
5279,6493,-0.1400629921259842,9.951821908073497e-07,71,1
398,5280,-0.0271317829457364,6.044984293978691e-07,54,1
3669,5280,-0.0077519379844961,1.196563343335103e-06,64,1
4848,5280,-0.1782945736434108,8.390994641196674e-07,59,1
5280,5281,-0.0604095246919299,2.094852151918469e-07,57,1
398,5281,-0.2071713147410358,4.545266737428365e-07,59,1
5281,6493,0.0916334661354581,1.0803301592745474e-07,61,1
2107,5282,-0.0077821011673151,1.147172821285268e-06,98,1
1521,5284,-0.0194552529182879,7.100810197062986e-07,82,1
1585,5284,-0.0894941634241245,1.0395965632875508e-06,63,1
4167,5284,-0.11284046692607,2.3968460362626155e-07,79,1
5284,6261,0.0233463035019455,1.1079074948045425e-06,65,1
384,5286,-0.2334630350194552,1.9624305738335635e-07,54,1
2436,5286,-0.0933852140077821,2.030365564606069e-07,59,1
4168,5286,-0.0972762645914396,4.566210361000757e-07,57,1
4170,5286,-0.0272373540856031,9.463201788165102e-07,45,1
5286,6262,0.0155642023346303,9.194850954163432e-07,59,1
512,5287,-0.0157480314960629,4.156657206355798e-07,88,1
514,5287,-0.0039370078740157,2.3623952810408996e-07,90,1
610,5287,-0.0236220472440944,2.8677461686105683e-07,95,1
2010,5287,-0.0039370078740157,6.990684677251865e-07,92,1
2908,5287,-0.0748031496062992,2.016410864493563e-07,98,1
2916,5287,-0.0078740157480314,3.2009718058446147e-07,87,1
4858,5287,-0.0196850393700787,3.6952949367776317e-07,86,1
1962,5292,-0.015625,1.7753731444057017e-07,54,1
3007,5292,-0.015625,2.664317816973195e-07,83,1
1962,5293,-0.04296875,1.878360578505673e-07,68,1
3007,5293,-0.03125,1.7989909916996847e-07,97,1
3772,5293,-0.09375,9.460312190260748e-07,63,1
3774,5293,-0.0703125,1.6140700535471194e-07,78,1
5292,5293,-0.2734375,1.993396935539529e-07,66,1
289,5294,-0.0555555555555555,4.83473890277007e-07,87,1
872,5294,-0.0138888888888888,5.814008783338789e-07,87,1
881,5294,-0.0277777777777777,5.800369316317997e-07,97,1
1203,5294,-0.0138888888888888,5.52379465361422e-07,88,1
1318,5294,-0.0277777777777777,6.495207684077777e-07,96,1
1319,5294,-0.0138888888888888,9.370378774248357e-07,47,1
2270,5294,-0.0277777777777777,5.942684332627675e-07,98,1
2272,5294,-0.0972222222222222,5.160981634222682e-07,60,1
3009,5294,-0.0277777777777777,6.518028056451249e-07,95,1
4365,5294,-0.0694444444444444,5.791734538742856e-07,87,1
4408,5294,-0.0138888888888888,4.941064642409556e-07,89,1
4412,5294,-0.0138888888888888,6.421661393914886e-07,88,1
5294,5416,0.0138888888888888,5.929394115505752e-07,62,1
5294,5651,0.0277777777777777,5.231778456324941e-07,98,1
1290,5295,-0.0313725490196078,0.00028097922423702055,220,0
57,5296,-0.0060975609756097,4.1014104554058746e-07,69,1
133,5296,-0.0121951219512195,8.268602948550135e-07,94,1
778,5296,-0.0853658536585365,2.935232412458242e-07,76,1
781,5296,-0.0182926829268292,5.748856480052955e-07,80,1
1989,5296,-0.0182926829268292,6.546974013327062e-07,79,1
2218,5296,-0.0060975609756097,6.905271941793681e-07,80,1
2283,5296,-0.0060975609756097,1.83944831709537e-07,93,1
3999,5296,-0.0060975609756097,9.004765365561102e-07,90,1
4000,5296,-0.0304878048780487,4.98294019066694e-07,85,1
5296,5299,0.0060975609756097,5.303760025056597e-07,92,1
5296,5408,0.0365853658536585,1.009512937371849e-06,90,1
57,5297,-0.00390625,1.0375712423111583e-06,75,1
153,5297,-0.015625,9.362076467045658e-07,90,1
781,5297,-0.00390625,3.083775580649368e-07,86,1
867,5297,-0.0078125,4.301264776210096e-07,87,1
1225,5297,-0.0078125,2.4443356360707553e-07,90,1
1371,5297,-0.08203125,0.00016163823148780004,225,0
1989,5297,-0.01953125,2.3974709108469884e-07,85,1
2197,5297,-0.00390625,1.052407767164499e-06,91,1
2277,5297,-0.00390625,2.5723326363876884e-07,86,1
2316,5297,-0.01171875,2.692464427471236e-07,91,1
3181,5297,-0.05078125,7.677023231122404e-07,88,1
3999,5297,-0.00390625,9.489641941926588e-07,96,1
4345,5297,-0.01171875,2.7828007901402236e-07,86,1
5297,5299,0.0078125,2.0899021298030193e-07,98,1
5297,5469,0.015625,4.6206237677089314e-07,91,1
5297,5471,0.0234375,2.7635213267252363e-07,89,1
5297,5484,0.00390625,2.412235153870219e-07,94,1
865,5298,-0.0116279069767441,5.957460374626426e-07,78,1
867,5298,-0.003875968992248,2.3211760496435236e-07,63,1
1989,5298,-0.0077519379844961,2.692439322456031e-07,61,1
2316,5298,-0.0271317829457364,3.5050754361430023e-07,67,1
3181,5298,-0.0503875968992248,4.949572230167588e-07,64,1
3993,5298,-0.003875968992248,6.646289976452681e-07,53,1
4345,5298,-0.0077519379844961,4.150078079357808e-07,62,1
5298,5469,0.003875968992248,3.060488221343403e-07,67,1
5298,5471,0.0348837209302325,2.1798356639186628e-07,65,1
781,5299,-0.0078740157480314,1.664866119358875e-07,86,1
1225,5299,-0.0314960629921259,1.2136741125496143e-07,90,1
1371,5299,-0.0472440944881889,0.00015952102046922658,225,0
2277,5299,-0.0157480314960629,1.2881700491296511e-07,86,1
2316,5299,-0.1496062992125984,2.2939655204169945e-07,91,1
3181,5299,-0.0629921259842519,4.6748017330165696e-07,88,1
3999,5299,-0.0118110236220472,8.083300076232356e-07,96,1
4345,5299,-0.0433070866141732,2.1971351500560383e-07,86,1
5299,5471,0.0078740157480314,1.8445935846397648e-07,89,1
5299,5478,0.0078740157480314,2.360180841375728e-07,75,1
781,5300,-0.0118110236220472,3.8131576685329366e-07,97,1
1371,5300,-0.0236220472440944,7.344332855334118e-05,236,0
1989,5300,-0.0078740157480314,3.707413709139385e-07,96,1
2277,5300,-0.0393700787401574,3.634221875438912e-07,97,1
4345,5300,-0.0433070866141732,2.1213048677761857e-07,97,1
5300,5478,0.0039370078740157,3.2569906448030024e-07,86,1
4343,5303,-0.0373831775700934,1.1132998397338233e-06,67,1
303,5304,-0.088235294117647,5.034815787788164e-07,64,1
1795,5304,-0.0294117647058823,4.09093386088998e-07,41,1
3058,5304,-0.0294117647058823,5.205540737858285e-07,67,1
3119,5304,-0.0588235294117647,4.4264281254473677e-07,50,1
4343,5304,-0.0294117647058823,3.5212961447599143e-07,53,1
5304,5307,0.0294117647058823,3.2647490563184596e-07,39,1
5304,5309,0.0294117647058823,3.610232731561531e-07,38,1
5304,5483,0.0294117647058823,3.3688233883656134e-07,34,1
303,5307,-0.38671875,2.7765812049823857e-07,65,1
1166,5307,-0.14453125,2.0734483010343244e-07,48,1
2200,5307,-0.3984375,2.634863233304697e-07,51,1
3058,5307,-0.046875,3.111262639690411e-07,68,1
4331,5307,-0.01953125,2.5676122430250503e-07,45,1
303,5309,-0.24609375,2.731906065357271e-07,64,1
580,5309,-0.0078125,8.34692515492393e-07,58,1
1166,5309,-0.09375,1.429447653935294e-07,47,1
1821,5309,-0.00390625,1.5125877459860996e-07,48,1
2200,5309,-0.09375,1.9885963841782834e-07,50,1
3058,5309,-0.12890625,3.0803967399602443e-07,67,1
4331,5309,-0.0703125,1.921132925006445e-07,44,1
4332,5309,-0.078125,2.2660005899867549e-07,37,1
4337,5309,-0.00390625,2.3668716529232748e-07,47,1
5309,5310,-0.0078584558823529,1.3444682064018128e-07,44,1
5309,5312,0.02734375,1.2867242792840096e-07,44,1
5309,5313,0.0078125,8.234056852413647e-07,60,1
303,5310,-0.1058823529411764,2.4367035467858443e-07,70,1
1166,5310,-0.2196078431372549,1.4409977695173666e-07,53,1
2200,5310,-0.0745098039215686,1.8143502570697027e-07,56,1
3013,5310,-0.0705882352941176,3.4357299555556553e-07,40,1
3058,5310,-0.0078431372549019,2.668263785517367e-07,73,1
4007,5310,-0.0078431372549019,3.79272667092495e-07,45,1
4010,5310,-0.0039215686274509,1.626285107726373e-07,47,1
4331,5310,-0.0352941176470588,1.592982214025139e-07,50,1
4332,5310,-0.1411764705882353,2.359794635722669e-07,43,1
4338,5310,-0.0117647058823529,2.7887178117090156e-07,51,1
5307,5310,-0.0039215686274509,1.5552160507105307e-07,45,1
5310,5312,0.2196078431372549,1.4131306158697409e-07,50,1
5310,5483,0.0078431372549019,2.6498996180724205e-07,40,1
153,5311,-0.0426356589147286,6.59184761049248e-07,97,1
780,5311,-0.0116279069767441,6.108201424977284e-07,70,1
1225,5311,-0.0077519379844961,3.008931482328449e-07,97,1
1371,5311,-0.0271317829457364,0.00010670997478152928,232,0
1989,5311,-0.003875968992248,2.9376968770889457e-07,92,1
2277,5311,-0.0193798449612403,2.752943650419462e-07,93,1
2316,5311,-0.0116279069767441,2.44328092770341e-07,98,1
3179,5311,-0.0155038759689922,4.6008437488453217e-07,82,1
3181,5311,-0.0620155038759689,8.012065431127898e-07,95,1
3993,5311,-0.0116279069767441,5.123332166615763e-07,84,1
3994,5311,-0.003875968992248,7.059210017353858e-07,69,1
3995,5311,-0.0503875968992248,4.7494876603984197e-07,74,1
4344,5311,-0.003875968992248,4.678765636284661e-07,79,1
4345,5311,-0.0155038759689922,2.381768288785255e-07,93,1
5311,5422,0.0116279069767441,1.1523589205259666e-06,98,1
5311,5469,0.0077519379844961,5.58582563182379e-07,98,1
5311,5471,0.0852713178294573,3.204280111021437e-07,96,1
5311,5478,0.003875968992248,2.564871605757284e-07,82,1
303,5312,-0.0691489361702127,2.5142485761053304e-07,70,1
1166,5312,-0.0531914893617021,1.2887523304960007e-07,53,1
2200,5312,-0.0159574468085106,1.3249736598191958e-07,56,1
2231,5312,-0.0053191489361702,8.934347884944987e-07,65,1
3058,5312,-0.0904255319148936,2.6957022017426295e-07,73,1
5312,5313,0.026595744680851,7.975071477855255e-07,66,1
3058,5313,-0.02734375,2.592364845150509e-07,89,1
3766,5316,-0.00390625,2.5905826127098853e-07,83,1
4413,5316,-0.00390625,1.8809320740118998e-07,94,1
1290,5317,-0.03125,0.000234432938507913,215,0
236,5319,-0.05859375,8.617586663246821e-07,96,1
1165,5319,-0.015625,1.0929459500464076e-06,85,1
2583,5319,-0.015625,8.532876247863301e-07,96,1
3766,5319,-0.07421875,2.1129280618241185e-07,95,1
3773,5319,-0.01953125,1.172517106501489e-06,82,1
1175,5320,-0.0700389105058365,7.373709984999723e-07,91,1
5320,5388,0.0038910505836575,1.1613573959279785e-06,96,1
3023,5321,-0.0155642023346303,7.588060499733236e-07,93,1
5321,5386,0.0155642023346303,6.826672360700274e-07,90,1
541,5325,-0.1505791505791505,6.687482466214808e-07,89,1
1258,5325,-0.1196911196911196,3.016221282293877e-07,87,1
3025,5325,-0.0115830115830115,1.0339010126801063e-06,90,1
3203,5325,-0.0038610038610038,9.315919580819471e-07,88,1
5325,5386,0.0077220077220077,7.73460036612533e-07,90,1
5325,5991,-9.04922779922778e-05,5.675585718431834e-07,87,1
5325,6053,0.0077220077220077,5.729653486515324e-07,82,1
431,5326,-0.0078125,1.029766227534623e-06,87,1
1172,5326,-0.03125,9.99013751680306e-07,75,1
1174,5326,-0.01171875,1.194304435866506e-06,87,1
1258,5326,-0.05078125,5.769760186919462e-07,85,1
2590,5326,-0.015625,8.995794388974073e-07,73,1
3023,5326,-0.04296875,1.0544171740530377e-06,91,1
5321,5326,-0.09375,9.457997523884197e-07,98,1
5326,5329,0.01171875,3.694079765041801e-07,90,1
5326,5386,0.0390625,6.324624840484267e-07,88,1
5326,5991,0.03125,7.108723630158808e-07,85,1
5326,6053,0.01953125,8.023266307549391e-07,80,1
240,5327,-0.19921875,1.1276869317619425e-06,68,1
431,5327,-0.0859375,9.094414231087774e-07,67,1
1172,5327,-0.0625,5.071591973614899e-07,55,1
2202,5327,-0.0234375,7.610442803508808e-07,67,1
2590,5327,-0.06640625,5.146357093923612e-07,53,1
2591,5327,-0.01953125,1.13612077883919e-06,57,1
5321,5327,-0.0703125,1.0166639027360963e-06,78,1
5327,5329,-0.15234375,5.026326877171303e-07,70,1
5327,5991,-0.01953125,3.2794386715880376e-07,65,1
5327,6053,0.06640625,5.904738484491863e-07,60,1
1849,5329,-0.07421875,4.606442631244094e-07,94,1
2590,5329,-0.01171875,6.144079111378386e-07,67,1
3023,5329,-0.00390625,6.885979438230063e-07,85,1
5321,5329,-0.03515625,7.447444624011231e-07,92,1
5329,5386,0.0078125,6.796809880468302e-07,82,1
5329,5984,0.0390625,7.183255677771085e-07,80,1
5329,5991,-0.01171875,3.4657490190361036e-07,79,1
5330,5984,0.0077821011673151,9.816786482244084e-07,97,1
1194,5332,-0.0392156862745098,1.2295460608397157e-06,93,1
246,5333,-0.01953125,6.976952808759465e-07,79,1
2212,5333,-0.015625,1.1733577975128623e-06,87,1
5333,5890,0.109375,1.0879836577699658e-06,98,1
5333,6065,0.0234375,6.598249107063187e-07,85,1
1194,5334,-0.0193798449612403,1.22373343893039e-06,81,1
1849,5336,-0.0703125,9.115497834255009e-07,96,1
2379,5336,-0.0859375,7.642212251472532e-07,86,1
3023,5336,-0.015625,8.343307074337755e-07,87,1
5323,5336,-0.046875,6.256124810598915e-07,91,1
5336,5984,0.01953125,4.137948283273084e-07,82,1
3893,5339,-0.0769230769230769,6.323061418845984e-07,65,1
5339,5341,-0.0101010101010101,5.428822514384572e-07,52,1
1442,5342,-0.0583657587548638,4.607094823202424e-07,98,1
1444,5342,-0.0038910505836575,5.346111168223354e-07,86,1
5335,5342,-0.0194552529182879,5.765512411208992e-07,93,1
5343,5376,0.00390625,2.9505380803073145e-07,94,1
4516,5345,-0.00390625,1.832167613368228e-07,87,1
5335,5345,-0.01171875,7.776279497092149e-07,76,1
5345,5369,0.04296875,6.92895001446852e-07,89,1
5345,6054,-0.0679811017786561,5.082284551682693e-07,83,1
5345,6055,-0.1689797794117647,1.709675435514296e-07,92,1
5345,6058,0.0788214631782945,5.400049911113436e-07,95,1
1119,5347,-0.0192307692307692,1.1209585021618815e-06,71,1
2675,5347,-0.0096153846153846,1.1883424949847132e-06,93,1
4429,5347,-0.0096153846153846,1.1090892966846218e-06,69,1
4437,5347,-0.0288461538461538,7.896472998327874e-07,89,1
4440,5347,-0.0192307692307692,7.795661259547877e-07,82,1
5199,5347,-0.0096153846153846,8.262681888772185e-05,235,0
1180,5354,-0.0887096774193548,8.891523362095508e-07,56,1
4438,5354,-0.0403225806451612,1.1573559506866487e-06,49,1
1423,5355,-0.008695652173913,1.2015828998641682e-06,41,1
2569,5356,-0.0078431372549019,0.0003764108121338246,244,0
2572,5356,-0.0117647058823529,0.000954536837614604,215,0
3721,5356,-0.0313725490196078,0.0002012446164822936,226,0
3722,5356,-0.0039215686274509,0.0004374307812592802,262,0
4416,5356,-0.0078431372549019,0.00016549380634716,229,0
5199,5356,-0.0117647058823529,0.0005624584371959381,269,0
5356,6369,0.0156862745098039,0.000345847314459049,242,0
1181,5357,-0.3578431372549019,6.284338835932647e-07,38,1
588,5358,-0.1550387596899224,8.6507937751523e-07,52,1
5199,5358,-0.0077519379844961,0.0009510953882989723,228,0
620,5359,-0.048780487804878,5.829801248588358e-07,28,1
2569,5360,-0.0040983606557377,6.0692898110308685e-05,220,0
3722,5360,-0.0204918032786885,6.262801798463788e-05,238,0
5199,5360,-0.180327868852459,7.06863072075485e-05,245,0
5360,6369,0.0163934426229508,6.033111142051064e-05,218,0
1180,5361,-0.0159362549800796,1.1818961498921757e-06,57,1
5354,5361,-0.047808764940239,6.111740710889375e-07,55,1
4438,5363,-0.0188679245283018,7.438279869139684e-07,33,1
5355,5363,-0.0188679245283018,1.505385513075923e-07,24,1
5365,5373,-0.0806896551724138,4.392848531905166e-07,50,1
5365,5376,-0.0109803921568627,4.014188112036671e-07,63,1
2210,5366,-0.0132743362831858,8.727418805039809e-07,97,1
3784,5366,-0.0132743362831858,4.956530982045842e-07,92,1
5366,5373,0.0624046383887702,9.71683202714692e-07,84,1
1186,5368,-0.0118110236220472,4.643189286336593e-07,87,1
3230,5368,-0.0433070866141732,9.125873107092112e-07,93,1
1186,5369,-0.0038910505836575,2.3147644844765298e-07,82,1
3022,5369,-0.0389105058365758,5.24190378905677e-07,94,1
5369,5371,-0.0038910505836575,1.7508583343701645e-07,90,1
1186,5370,-0.0350194552529182,1.2138655202543788e-06,96,1
1444,5370,-0.0077821011673151,5.24881985945647e-07,90,1
5335,5370,-0.0155642023346303,9.975332105996476e-07,97,1
3022,5371,-0.0155642023346303,6.959905630980927e-07,88,1
5368,5371,-0.0778210116731517,7.486661452723261e-07,95,1
5371,6058,0.0155642023346303,1.0623465580220985e-06,96,1
2381,5373,-0.0344827586206896,1.1965084001895908e-06,85,1
2594,5373,-0.028735632183908,5.151316647820253e-07,96,1
2596,5373,-0.0057471264367816,1.1899148348713261e-06,97,1
5373,5376,-0.0039215686274509,8.525184880115535e-07,73,1
5379,5889,0.0117647058823529,2.9881259916939477e-05,217,0
1194,5387,-0.003875968992248,7.573823387240801e-07,93,1
1194,5388,-0.0117647058823529,7.304682680784477e-07,87,1
5390,5393,-0.0039215686274509,1.150053866145754e-06,91,1
5394,5396,0.05078125,2.569849930850029e-07,67,1
5394,5574,0.0078125,3.141407463652902e-07,57,1
5394,6064,0.0078125,9.422762537035919e-07,67,1
1196,5395,-0.078125,4.409957455797041e-07,82,1
1264,5395,-0.046875,8.291127032953745e-07,75,1
5395,5399,0.0078125,5.688011587115752e-07,86,1
5395,6064,0.0625,8.278785983096816e-07,77,1
274,5396,-0.1171875,2.2890680480876855e-07,54,1
1263,5396,-0.01171875,5.495120155020297e-07,70,1
5396,5574,-0.2525687013618677,1.360518720009687e-07,56,1
5396,5595,-0.02734375,2.1453407168593734e-07,66,1
5396,5597,0.0078125,1.512193255048006e-07,60,1
1797,5397,-0.1686274509803921,5.099203594127193e-07,46,1
5397,5398,-0.2526131074998092,3.7794089482941447e-07,49,1
5397,6064,0.0980392156862745,4.1328014591535124e-07,56,1
1196,5399,-0.0079051383399209,2.0543663803345065e-07,80,1
1263,5399,-0.0237154150197628,4.0365490390455796e-07,79,1
3426,5399,-0.0434782608695652,1.205933279304913e-06,70,1
3428,5399,-0.0039525691699604,9.702509170098315e-07,82,1
5399,5571,0.0988142292490118,5.422550236907187e-07,80,1
5399,5595,-0.0193459733201581,7.450493229888747e-07,75,1
5399,5596,0.0039525691699604,6.668027618466024e-07,84,1
5399,5603,0.0277295027760262,1.2339763831737656e-06,74,1
1196,5400,-0.0038910505836575,3.08479714349934e-07,70,1
1263,5400,-0.0038910505836575,1.101384421552331e-06,69,1
5400,5571,0.0077821011673151,1.1107481141296025e-06,70,1
5400,6064,0.0428015564202334,8.844321828004056e-07,65,1
1194,5401,-0.0039215686274509,5.872399639273822e-07,92,1
222,5405,-0.1541501976284585,1.2218990786000792e-07,30,1
1674,5405,-0.0592885375494071,1.6518757711937398e-07,31,1
2263,5405,-0.0355731225296442,4.068080187804629e-07,23,1
5216,5405,-0.0592885375494071,4.112190447682069e-07,35,1
1206,5408,-0.0787401574803149,1.172927760749982e-06,89,1
5408,5413,0.0708661417322834,7.004241747591993e-07,81,1
5408,5425,0.0275590551181102,8.563763444125949e-07,96,1
5408,5443,0.0039370078740157,9.175626817019537e-07,73,1
680,5412,-0.024,6.410456092498584e-07,45,1
1212,5412,-0.02,6.653173322884402e-07,63,1
3608,5412,-0.148,3.561301784630377e-07,73,1
3609,5412,-0.02,1.850018424348555e-07,67,1
5412,5425,0.008,6.866576353335702e-07,84,1
5412,5443,-0.1259310344827586,7.740259559320564e-07,61,1
2628,5413,-0.0775193798449612,4.80682149433969e-07,71,1
3335,5413,-0.003875968992248,5.323428947817272e-07,75,1
3609,5413,-0.0155038759689922,8.459640204036901e-07,66,1
3799,5413,-0.0077519379844961,7.5945545649243e-07,80,1
5413,5414,0.0077519379844961,6.808552394406618e-07,70,1
5413,5425,0.0070824524312896,1.131892192806473e-06,83,1
5413,5443,-0.1115248023828617,7.553246805583467e-07,60,1
5413,5444,0.003875968992248,6.855112842100721e-07,78,1
252,5414,-0.0416666666666666,3.561248666775729e-07,77,1
1297,5414,-0.05,5.295244589148083e-07,82,1
2222,5414,-0.0416666666666666,1.9747230740097567e-07,66,1
2276,5414,-0.0666666666666666,3.6042916862791225e-07,77,1
3801,5414,-0.025,3.8511607121677573e-07,94,1
5414,5444,0.017156862745098,2.34228044711778e-07,80,1
5414,5447,0.0083333333333333,5.375317197677007e-07,65,1
5414,5450,0.0761024643320363,2.5197044094126156e-07,79,1
5414,5668,0.0083333333333333,8.703366726964736e-07,86,1
236,5415,-0.0544747081712062,9.198671950435014e-07,89,1
883,5415,-0.0155642023346303,6.679354603223943e-07,96,1
3006,5415,-0.0038910505836575,8.635987282991604e-07,92,1
3766,5415,-0.0272373540856031,2.323966485259755e-07,88,1
2198,5416,-0.0077821011673151,5.864288907032026e-07,93,1
5416,5417,-0.0039215686274509,1.0855783309728115e-07,89,1
2198,5418,-0.0310077519379844,6.451738483841975e-07,88,1
2198,5419,-0.0739299610894941,9.095833661496807e-07,89,1
1290,5421,-0.0271317829457364,0.00015332878292017123,224,0
4339,5422,-0.0078431372549019,5.933767230016003e-07,98,1
5423,5474,0.1089494163424124,2.0321529592365744e-05,247,0
1371,5424,-0.0234375,2.1840234147029884e-05,245,0
1200,5425,-0.0409090909090909,7.672855517461171e-07,71,1
1212,5425,-0.0272727272727272,9.092458764807574e-07,77,1
3335,5425,-0.0227272727272727,8.807905294125351e-07,90,1
3608,5425,-0.0636363636363636,4.914295388745664e-07,87,1
3609,5425,-0.0318181818181818,7.762274117681796e-07,81,1
1371,5427,-0.12109375,2.1156209824296185e-05,238,0
5413,5427,-0.02734375,8.479838723829495e-07,96,1
1093,5429,-0.0326530612244898,2.007355073194608e-05,238,0
5113,5429,-0.0448979591836734,8.088533992561863e-05,235,0
5113,5430,-0.0147783251231527,3.358206419111964e-05,234,0
5430,5474,0.0295566502463054,0.0008185253699804,260,0
1371,5431,-0.1699604743083003,0.0002035006413194615,295,0
5113,5431,-0.0237154150197628,5.293381034007999e-05,228,0
1371,5432,-0.015625,0.0001767083666687282,279,0
1209,5433,-0.036697247706422,4.242087345239269e-07,91,1
283,5434,-0.0038910505836575,6.876546881762457e-05,230,0
1371,5434,-0.0038910505836575,0.00027745247639793567,308,0
3989,5434,-0.0077821011673151,2.2234735017991103e-05,216,0
4006,5434,-0.0155642023346303,7.370619837569314e-05,235,0
5113,5434,-0.0077821011673151,7.15357670513428e-05,241,0
5410,5434,-0.0038910505836575,0.00013243352858085763,225,0
50,5435,-0.0038910505836575,2.3497826308367455e-05,221,0
257,5435,-0.0194552529182879,2.41771901349281e-05,233,0
1093,5435,-0.0817120622568093,0.00011056535749641868,243,0
1371,5435,-0.0077821011673151,0.0026371274954732427,307,0
2230,5435,-0.0038910505836575,3.585484086239769e-05,234,0
2279,5435,-0.0038910505836575,2.9054456715987034e-05,244,0
2282,5435,-0.0038910505836575,7.71668876069898e-05,222,0
3122,5435,-0.0077821011673151,4.153465168405153e-05,228,0
3125,5435,-0.0155642023346303,3.418504546529403e-05,217,0
3133,5435,-0.0077821011673151,2.2355980955821603e-05,249,0
3336,5435,-0.0077821011673151,2.5493487201592483e-05,259,0
3790,5435,-0.046692607003891,3.5433099468615674e-05,216,0
3792,5435,-0.0933852140077821,9.444483799566992e-05,222,0
3795,5435,-0.0661478599221789,6.002245745988261e-05,254,0
3818,5435,-0.0116731517509727,6.446507286210493e-05,229,0
3989,5435,-0.0038910505836575,0.00024521553340254074,215,0
4002,5435,-0.0038910505836575,2.5716719249169242e-05,215,0
4004,5435,-0.0077821011673151,9.118701283663644e-05,224,0
5101,5435,-0.0311284046692607,5.0477382954116394e-05,223,0
5104,5435,-0.0933852140077821,2.1533031106294002e-05,250,0
5113,5435,-0.046692607003891,0.00048169860803642993,240,0
5435,5442,0.0038910505836575,4.461943004209286e-05,238,0
5435,5454,0.0038910505836575,4.711871820059801e-05,226,0
5435,5468,0.0038910505836575,3.2099383651139434e-05,216,0
5435,5473,0.0155642023346303,3.150461591368158e-05,227,0
5435,5480,0.0233463035019455,5.2557383143391056e-05,226,0
5435,5680,0.0077821011673151,2.4202012822433314e-05,248,0
5435,5682,0.0038910505836575,2.0219416169749416e-05,241,0
1093,5436,-0.0790513833992094,4.9286507065929517e-05,238,0
1300,5436,-0.0079051383399209,6.217693083474275e-05,222,0
1371,5436,-0.0039525691699604,0.0009280880994950351,302,0
2282,5436,-0.0039525691699604,2.5860821242141772e-05,217,0
3792,5436,-0.0079051383399209,3.847210765877118e-05,217,0
3795,5436,-0.0395256916996047,3.316665872137907e-05,249,0
4004,5436,-0.0316205533596837,3.3328927808378564e-05,219,0
5101,5436,-0.1027667984189723,2.983932712197043e-05,218,0
5113,5436,-0.0316205533596837,0.00020833808596800395,235,0
5436,5454,0.0039525691699604,1.9210099138983265e-05,221,0
5436,5480,0.0079051383399209,2.3857038644287916e-05,221,0
1093,5437,-0.0355029585798816,4.026840738936005e-05,223,0
5113,5437,-0.0059171597633136,0.00016302095499357792,220,0
283,5440,-0.0039215686274509,2.0054650471218946e-05,230,0
1371,5440,-0.0235294117647058,8.881882684798135e-05,308,0
4006,5440,-0.0078431372549019,2.1491702021720735e-05,235,0
1371,5441,-0.003875968992248,3.0408941202896942e-05,282,0
5442,5474,0.0039370078740157,2.5275337643534305e-05,242,0
286,5443,-0.0197044334975369,3.4919381236241377e-07,60,1
1199,5443,-0.0098522167487684,3.676949081548463e-07,69,1
1212,5443,-0.0049261083743842,3.0722973934163257e-07,54,1
3335,5443,-0.0344827586206896,5.061675604383444e-07,67,1
3608,5443,-0.1379310344827586,3.5258851065291005e-07,64,1
3609,5443,-0.0197044334975369,3.878288236982356e-07,58,1
3610,5443,-0.1034482758620689,9.307571353213443e-07,61,1
5425,5443,-0.0049261083743842,3.971492294692052e-07,75,1
2276,5444,-0.0352941176470588,4.193726679894732e-07,85,1
5444,5448,0.1058823529411764,3.409887691792744e-07,84,1
5444,5450,0.0511024643320363,1.0351697251964216e-07,87,1
1297,5447,-0.0659340659340659,4.4966978182443006e-07,75,1
1560,5447,-0.0054945054945054,8.666662585055554e-07,67,1
2276,5447,-0.0769230769230769,4.823869746597048e-07,70,1
3801,5447,-0.0384615384615384,8.46342590431441e-07,87,1
5447,5668,0.1098901098901098,7.975300107247385e-07,79,1
5447,5674,0.0329670329670329,8.038096552312439e-07,77,1
5447,5675,0.0164835164835164,7.353228498405312e-07,69,1
5447,5678,0.0169780219780219,2.2653888611590293e-07,64,1
5448,5450,-0.1197070267795834,2.64742545396492e-07,83,1
1307,5452,-0.0082644628099173,1.3183142881531464e-07,19,1
1090,5453,-0.0077519379844961,8.29583200586236e-07,98,1
5109,5453,-0.0193798449612403,3.6536021804835254e-07,74,1
256,5457,-0.0097087378640776,3.283822858489701e-07,56,1
568,5457,-0.087378640776699,5.610195697925218e-07,65,1
1105,5457,-0.0097087378640776,9.88712094001214e-07,65,1
1217,5457,-0.0776699029126213,1.6383890249769997e-07,64,1
2225,5457,-0.0048543689320388,2.5008866545264494e-07,56,1
3126,5457,-0.0388349514563106,7.189275078279894e-07,66,1
3128,5457,-0.0145631067961165,3.261247461624364e-07,48,1
3730,5457,-0.0339805825242718,5.566847754883865e-07,57,1
5160,5457,-0.0097087378640776,4.4543819428539516e-07,46,1
5163,5457,-0.0048543689320388,2.678449635259885e-07,56,1
5164,5457,-0.029126213592233,9.155355320826525e-07,66,1
5165,5457,-0.058252427184466,1.8639086248691956e-07,59,1
5457,5459,0.0728155339805825,4.1234942617697726e-07,58,1
254,5458,-0.0051020408163265,4.6599690731082517e-07,34,1
5143,5458,-0.0204081632653061,8.467208103228225e-07,34,1
5171,5458,-0.086734693877551,1.047144240878096e-06,45,1
568,5459,-0.0727272727272727,2.817972993418624e-07,63,1
1105,5459,-0.0363636363636363,6.76067334976258e-07,63,1
3126,5459,-0.0484848484848484,4.6146078493244546e-07,64,1
5163,5459,-0.0727272727272727,1.1852314603185685e-07,54,1
5165,5459,-0.0484848484848484,1.649880073289653e-07,57,1
5138,5461,-0.2470588235294117,1.2307532606990415e-06,91,1
1102,5462,-0.0236220472440944,1.202224808825563e-06,97,1
2550,5462,-0.0039370078740157,8.519371619105594e-07,95,1
716,5463,-0.0579710144927536,4.823462921070561e-07,84,1
3736,5463,-0.1014492753623188,6.031657473509972e-07,88,1
5433,5463,-0.0144927536231884,3.996382654198984e-07,89,1
218,5464,-0.04,8.618382066449861e-07,45,1
1108,5464,-0.14,4.5034287582589407e-07,52,1
5459,5464,-0.02,3.0139126830155736e-07,48,1
1371,5465,-0.0313725490196078,3.793676738905599e-05,301,0
5465,5474,0.3725490196078431,3.262003184751686e-05,260,0
1371,5469,-0.00390625,0.0006852527209315905,218,0
1371,5471,-0.0390625,0.00021785736845030787,216,0
122,5472,-0.0080645161290322,1.229175379411033e-06,92,1
5105,5472,-0.4758064516129032,2.5568624498908536e-07,42,1
1371,5473,-0.0047393364928909,3.805541537685979e-05,272,0
1371,5474,-0.0531914893617021,3.007725265663851e-05,311,0
1371,5479,-0.0272373540856031,0.00010544977265867448,238,0
1989,5479,-0.0155642023346303,1.8438374284604648e-07,98,1
3993,5479,-0.0077821011673151,3.9782538397409286e-07,90,1
5478,5479,-0.0077821011673151,2.5136644206724284e-07,88,1
5474,5481,-0.146788990825688,8.197174822050983e-05,246,0
2316,5482,-0.00390625,5.931678231106469e-07,53,1
303,5483,-0.2101167315175097,3.172417130738696e-07,60,1
1835,5483,-0.0038910505836575,4.993972145513267e-07,56,1
2200,5483,-0.0350194552529182,2.59866568894605e-07,46,1
3058,5483,-0.4552529182879377,3.131143362685639e-07,63,1
3182,5483,-0.0038910505836575,7.497915255552643e-07,63,1
5313,5483,-0.0038910505836575,7.943360225286998e-07,56,1
153,5484,-0.0117647058823529,6.820404248236266e-07,86,1
865,5484,-0.0078431372549019,7.044069325691129e-07,98,1
1225,5484,-0.0039215686274509,1.7218963999901268e-07,86,1
1371,5484,-0.2274509803921568,0.00013415754485342695,221,0
2316,5484,-0.0078431372549019,2.792390283718284e-07,87,1
3179,5484,-0.0039215686274509,2.6576049143667947e-07,71,1
3181,5484,-0.0274509803921568,5.429086543642175e-07,84,1
3999,5484,-0.0078431372549019,6.899930598199056e-07,92,1
4345,5484,-0.0117647058823529,2.444696302105777e-07,82,1
5469,5484,-0.0039215686274509,3.840170327366715e-07,87,1
5471,5484,-0.0078431372549019,1.873387858551277e-07,85,1
5478,5484,-0.0039215686274509,2.173187079566893e-07,71,1
492,5485,-0.2823529411764706,1.8925931369437592e-07,48,1
2144,5485,-0.2039215686274509,3.2037047962041383e-07,41,1
2796,5485,-0.0627450980392156,7.019994028888775e-07,73,1
2829,5485,-0.0823529411764705,1.2210397611298188e-06,77,1
1262,5492,-0.0859375,1.0826622111188595e-06,96,1
5492,5560,0.015625,6.842358845239253e-07,84,1
261,5494,-0.0625,1.062632919891735e-06,88,1
1230,5494,-0.140625,5.426936663473241e-07,83,1
1997,5494,-0.02734375,8.152651392973287e-07,90,1
2318,5494,-0.03125,8.236682721742148e-07,98,1
2783,5494,-0.015625,8.388649207820993e-07,98,1
5494,5560,-0.18828125,7.322624427214629e-07,71,1
1251,5495,-0.3204633204633205,4.82834074091233e-07,84,1
5491,5495,-0.0115830115830115,3.4614694678413773e-07,94,1
5495,5496,0.0114310035569878,4.657454077602102e-07,89,1
5495,5560,0.2857142857142857,5.216583072952703e-07,90,1
1251,5496,-0.2480314960629921,6.79337553051999e-07,61,1
2834,5496,-0.0472440944881889,1.1206369272946166e-06,91,1
5491,5496,-0.0275590551181102,8.679603461769442e-07,71,1
5496,5560,0.1064381658175081,4.7137140109688227e-07,67,1
1269,5498,-0.0570175438596491,5.771161912146599e-07,85,1
5503,5510,0.11328125,7.525703326287289e-07,53,1
1416,5507,-0.0669291338582677,1.2288523543289511e-06,59,1
2014,5507,-0.0157480314960629,7.912443439891775e-07,81,1
4190,5507,-0.0078740157480314,3.7098431433050753e-07,83,1
4200,5507,-0.0039370078740157,8.274716230822148e-07,94,1
4201,5507,-0.0472440944881889,8.753942534835359e-07,59,1
54,5508,-0.0544747081712062,7.218484170956436e-07,42,1
2356,5508,-0.1867704280155642,5.279656511005401e-07,45,1
5508,5897,0.0193942168307011,7.825397100103991e-07,41,1
4191,5510,-0.0431372549019607,4.956041501324277e-07,56,1
5511,5525,-0.0191512645914396,2.1506940274495656e-07,35,1
5511,5896,0.02734375,5.813420193488088e-07,34,1
5511,5897,-0.0745863970588235,2.145231725879854e-07,41,1
5511,6000,-0.0859375,2.1677596529989235e-07,37,1
319,5513,-0.0129870129870129,7.266163301133808e-07,69,1
1844,5513,-0.0129870129870129,1.0491450611737842e-06,82,1
2601,5513,-0.0129870129870129,6.918087703309176e-07,71,1
1238,5515,-0.05859375,7.803647555761961e-07,50,1
1416,5515,-0.00390625,7.280602936779599e-07,55,1
5515,5523,0.0234375,4.093890661379262e-07,53,1
5515,5998,0.02734375,2.022408847713932e-07,53,1
4101,5517,-0.0234375,5.897909768699404e-07,93,1
1417,5523,-0.0772200772200772,1.02716228852684e-06,43,1
4199,5525,-0.1361867704280155,9.090267243141366e-07,46,1
5525,5897,0.2178988326848249,5.187112494625709e-07,38,1
5525,6000,0.3968871595330739,4.0671144705552277e-07,34,1
5526,5892,0.0275590551181102,8.742350354174164e-07,64,1
1239,5527,-0.2918287937743191,2.0029399170548697e-07,26,1
4104,5527,-0.11284046692607,8.920523731273442e-07,31,1
587,5528,-0.0077519379844961,7.51448575133394e-07,55,1
1245,5528,-0.0232558139534883,2.897253749565295e-07,34,1
4096,5528,-0.0193798449612403,1.0717925169024433e-06,63,1
4100,5528,-0.0271317829457364,1.2136184455955315e-06,61,1
5528,5548,0.0542635658914728,5.949816730704218e-07,48,1
139,5531,-0.0826771653543307,2.127887458246479e-07,66,1
467,5531,-0.0275590551181102,5.049719417484338e-07,77,1
804,5531,-0.0039370078740157,8.298402000920558e-07,68,1
2352,5531,-0.0118110236220472,9.348552440310324e-07,51,1
2734,5531,-0.0196850393700787,3.331533808948779e-07,71,1
2736,5531,-0.326771653543307,5.960526479422208e-07,74,1
3210,5531,-0.2322834645669291,3.761129562383949e-07,79,1
3211,5531,-0.0039370078740157,3.397405684051916e-07,74,1
4096,5531,-0.1535433070866141,5.579918397084569e-07,68,1
4100,5531,-0.0078740157480314,4.899205934570453e-07,66,1
4558,5531,-0.1023622047244094,1.1456168641797616e-06,87,1
765,5533,-0.1897233201581027,1.9225259764558513e-07,44,1
1382,5533,-0.0316205533596837,5.777452136016259e-07,50,1
2241,5533,-0.308300395256917,9.199361100463762e-07,55,1
5536,5538,0.0622568093385214,6.592909374100073e-07,97,1
2688,5537,-0.2265625,1.075509929271097e-06,75,1
1382,5539,-0.0038910505836575,1.1551269073109054e-06,49,1
3971,5543,-0.0891472868217054,8.573323704335402e-07,47,1
131,5544,-0.0625,3.726557982171802e-07,75,1
2687,5544,-0.01171875,2.9806599170093124e-07,68,1
3963,5544,-0.0234375,2.174633166395874e-07,73,1
5251,5544,-0.0546875,8.875149819715958e-07,82,1
467,5547,-0.017094017094017,2.5612849506951377e-07,85,1
587,5547,-0.0085470085470085,7.329614562114312e-07,68,1
2734,5547,-0.0085470085470085,2.118824530017434e-07,79,1
2920,5547,-0.017094017094017,6.451383582249796e-07,87,1
3207,5547,-0.0427350427350427,8.263622128569333e-07,65,1
3211,5547,-0.0085470085470085,4.7412738971136874e-07,82,1
4094,5547,-0.0256410256410256,8.462059786631457e-07,67,1
4100,5547,-0.0085470085470085,7.256538441848959e-07,74,1
4558,5547,-0.017094017094017,4.970274775053504e-07,95,1
5547,5548,0.0085470085470085,9.039790852205079e-07,61,1
2734,5548,-0.0083333333333333,9.85871635757731e-07,68,1
2244,5550,-0.05,8.919730403811394e-07,27,1
3875,5550,-0.01875,4.3990453569621714e-07,24,1
1082,5551,-0.2879377431906614,2.7619648738076673e-07,46,1
5072,5551,-0.0933852140077821,3.9101697591115234e-07,47,1
5551,5552,0.245136186770428,3.0647527615716304e-07,51,1
1082,5552,-0.4124513618677042,1.6129663196518523e-07,61,1
1082,5553,-0.1568627450980392,1.98755025071898e-07,46,1
5072,5553,-0.1058823529411764,2.8757980513772885e-07,47,1
5079,5553,-0.0117647058823529,2.4456540300014963e-07,38,1
5552,5553,-0.0823529411764705,4.1289863595610996e-07,51,1
5064,5554,-0.1203007518796992,1.7523633024701058e-07,19,1
5064,5556,-0.0975609756097561,3.9741590014161874e-07,23,1
5555,5556,-0.1463414634146341,2.2029076534094203e-07,22,1
89,5557,-0.036,4.119253399188593e-07,45,1
706,5557,-0.004,6.075335943357789e-07,43,1
1248,5557,-0.008,9.6072112802131e-07,34,1
1686,5557,-0.124,5.371545988622621e-07,41,1
2965,5557,-0.148,3.641662308264964e-07,47,1
5066,5557,-0.028,1.1348993022425832e-06,46,1
5072,5557,-0.008,5.849151909165675e-07,50,1
5081,5557,-0.196,6.355788824444339e-07,41,1
5074,5558,-0.0038910505836575,9.134857270477203e-07,87,1
5265,5558,-0.0272373540856031,9.852463781636518e-07,81,1
766,5559,-0.015625,4.6865859360558376e-07,77,1
1776,5559,-0.0234375,1.0470272819478068e-06,82,1
3000,5559,-0.03125,6.542715443199608e-07,88,1
3708,5559,-0.02734375,5.28781691896785e-07,83,1
3929,5559,-0.06640625,5.848801011791992e-07,75,1
1230,5560,-0.2,6.155653404332132e-07,80,1
5560,5591,0.0666666666666666,9.437672465920366e-07,83,1
498,5565,-0.0242914979757085,1.0046643104760177e-06,90,1
917,5565,-0.0040485829959514,1.103923832680763e-06,83,1
3083,5565,-0.2307692307692307,1.015088546232366e-06,94,1
4203,5565,-0.1133603238866396,9.396219795341939e-07,55,1
4659,5565,-0.0080971659919028,8.129251416404184e-07,83,1
1258,5566,-0.046692607003891,8.451223988817714e-07,72,1
1411,5566,-0.0272373540856031,9.040669650597616e-07,72,1
2252,5566,-0.0350194552529182,9.521034684812648e-07,92,1
3024,5566,-0.0583657587548638,9.060988234207626e-07,70,1
3203,5566,-0.0700389105058365,7.835012780186898e-07,73,1
5325,5566,-0.1089494163424124,7.775758432228998e-07,85,1
5326,5566,-0.0894941634241245,1.062232082122231e-06,83,1
5329,5566,-0.0505836575875486,9.933846500638448e-07,77,1
1255,5567,-0.1058823529411764,9.435845663641286e-07,65,1
3024,5567,-0.0274509803921568,8.455431536845923e-07,71,1
3096,5567,-0.2235294117647059,1.0285945198795729e-06,73,1
3204,5567,-0.0784313725490196,7.228612895018454e-07,73,1
5567,5570,0.0627450980392156,1.0288572121634911e-06,72,1
5567,5609,0.0156862745098039,5.829751528411035e-07,65,1
1255,5568,-0.0118110236220472,5.961488500646658e-07,53,1
5566,5568,-0.1929133858267716,7.551056324693852e-07,59,1
561,5569,-0.0348837209302325,5.029487433643128e-07,54,1
5398,5569,-0.0426356589147286,9.091242209290735e-07,55,1
5569,5573,0.0344597868217054,7.288522944603831e-07,45,1
5569,5610,-0.0079329170814104,4.4996736607132454e-07,53,1
3024,5570,-0.0859375,6.501648184011047e-07,71,1
3096,5570,-0.02734375,1.0355128081123767e-06,73,1
1195,5572,-0.05859375,3.1173711659129314e-07,59,1
4069,5572,-0.0625,3.03907188470016e-07,56,1
5394,5572,-0.01953125,2.592922936857633e-07,62,1
5572,5574,0.04296875,3.588472639817869e-07,51,1
5572,5597,0.00390625,3.0879294936119185e-07,55,1
5572,5603,0.01171875,2.827557485309377e-07,60,1
5572,6064,0.0703125,4.5912282871284746e-07,61,1
5573,5610,-0.2021218385214007,3.539917977693613e-07,40,1
272,5575,-0.13671875,2.3699789687426877e-07,48,1
5569,5575,-0.0859375,6.683087734891147e-07,54,1
5575,5610,0.0546875,2.2702690876558834e-07,49,1
272,5576,-0.0891472868217054,1.0215391037632626e-06,46,1
1257,5576,-0.0620155038759689,2.596313969006379e-07,47,1
5575,5576,-0.0813953488372093,4.5727226372717357e-07,48,1
5576,6029,0.0891472868217054,4.14539098545656e-07,47,1
5494,5591,-0.0156862745098039,2.6367915760303494e-07,86,1
274,5595,-0.125,3.249166496484315e-07,54,1
1195,5595,-0.03125,3.399428525812011e-07,64,1
1256,5595,-0.05078125,1.0412407235136883e-06,66,1
4069,5595,-0.00390625,1.4373848534727935e-07,61,1
5394,5595,-0.20703125,2.5319413707657096e-07,67,1
5574,5595,-0.03515625,2.7041943438926407e-07,56,1
5595,5597,0.1015625,3.9959701416145266e-07,60,1
5595,5603,-0.0194400535019455,1.0682841059306191e-07,65,1
1195,5596,-0.0310077519379844,7.770064418608261e-07,73,1
1256,5596,-0.0116279069767441,6.880115940941125e-07,75,1
5394,5596,-0.0271317829457364,1.1620120334078258e-06,76,1
5596,5598,0.0155038759689922,4.849658061562316e-07,77,1
1195,5597,-0.0117647058823529,9.59085923695564e-07,58,1
5574,5597,-0.1450980392156863,1.868313618108144e-07,50,1
5394,5598,-0.00390625,9.184381690954952e-07,69,1
5578,5599,-0.0235294117647058,9.930184158998879e-07,91,1
315,5602,-0.0661478599221789,8.281293102291274e-07,79,1
1263,5602,-0.0350194552529182,1.1841555491590085e-06,80,1
1705,5602,-0.0505836575875486,1.0388821646104213e-06,93,1
5571,5602,-0.0583657587548638,1.1333642122211175e-06,81,1
5578,5602,-0.2217898832684824,9.766181646947395e-07,76,1
1195,5603,-0.1828793774319066,5.425133589397767e-07,63,1
1263,5603,-0.0233463035019455,3.743954513288606e-07,69,1
5394,5603,-0.0583657587548638,2.533431963735843e-07,66,1
5396,5603,-0.0272373540856031,1.0894450291289626e-07,65,1
5574,5603,-0.1634241245136186,1.663362663259777e-07,55,1
5597,5603,-0.0622568093385214,2.0926710737141549e-07,59,1
5606,5924,0.0078125,6.988910638916775e-07,97,1
2651,5607,-0.0233463035019455,7.791730676405949e-07,93,1
98,5608,-0.1176470588235294,3.3066623008918613e-07,92,1
465,5608,-0.0980392156862745,9.60748958399173e-07,68,1
581,5608,-0.0078431372549019,6.579025862855743e-07,92,1
1265,5608,-0.0117647058823529,5.674127873768717e-07,93,1
1837,5608,-0.0470588235294117,4.4254014454214745e-07,93,1
2346,5608,-0.0117647058823529,1.1454784613879737e-06,95,1
2651,5608,-0.1019607843137254,1.581057854363502e-07,86,1
2725,5608,-0.0901960784313725,3.1828914487710494e-07,70,1
3183,5608,-0.1058823529411764,1.9155343002332236e-07,65,1
3186,5608,-0.1647058823529411,1.0813636383780964e-06,96,1
3024,5609,-0.2392156862745098,1.0312794082009815e-06,64,1
3204,5609,-0.0549019607843137,1.1694310818520645e-06,66,1
5609,6028,0.0157628676470588,7.47053106645782e-07,62,1
5398,5610,-0.0038910505836575,5.341339861351567e-07,50,1
1269,5611,-0.0555555555555555,5.058184326715908e-07,43,1
498,5614,-0.0266666666666666,1.126510217099606e-06,98,1
2850,5614,-0.0333333333333333,2.575142270758915e-07,85,1
2852,5614,-0.02,2.8448662639707525e-07,71,1
4659,5614,-0.0266666666666666,6.621120379458158e-07,91,1
5615,5889,0.0039215686274509,2.6458600441838634e-05,221,0
4522,5616,-0.1351351351351351,1.522705299142669e-07,8,1
4915,5616,-0.0990990990990991,7.804890647671999e-07,29,1
1270,5617,-0.852760736196319,2.488212260433803e-07,47,1
4521,5617,-0.1349693251533742,3.3739179790024534e-07,25,1
4915,5617,-0.0122699386503067,1.5119591091750383e-07,42,1
914,5618,-0.01171875,1.0432588533362884e-07,35,1
1270,5618,-0.0625,3.132467524017396e-07,44,1
4915,5618,-0.92578125,1.7133530128402166e-07,39,1
3396,5619,-0.1640625,6.595422221568501e-07,68,1
1272,5620,-0.12890625,2.7781237224744013e-07,65,1
3305,5620,-0.01171875,1.7807894052249038e-07,67,1
4991,5621,-0.1639344262295081,2.1113407431070378e-07,44,1
1003,5622,-0.0975609756097561,9.146114215017345e-07,23,1
1873,5622,-0.0292682926829268,1.200775674821277e-07,24,1
3283,5622,-0.0048780487804878,3.905602146876209e-07,23,1
4136,5622,-0.3658536585365853,1.4417213118653886e-07,29,1
4815,5622,-0.1658536585365853,1.0553834451729261e-07,30,1
4820,5622,-0.3317073170731707,1.7789519567293743e-07,31,1
5622,5625,0.0048780487804878,1.4597367689184903e-07,24,1
816,5623,-0.1106719367588932,1.0420840680005307e-07,51,1
1276,5623,-0.0988142292490118,1.022098263476568e-07,54,1
1277,5623,-0.0118577075098814,4.802434203607666e-07,49,1
2004,5623,-0.0118577075098814,1.410293231699928e-07,52,1
2421,5623,-0.0474308300395256,1.4130393365677267e-07,43,1
4138,5623,-0.0711462450592885,3.665988697682946e-07,50,1
4139,5623,-0.1067193675889328,2.127438706667059e-07,52,1
4141,5623,-0.0039525691699604,1.0961901003803748e-07,54,1
4142,5623,-0.0434782608695652,4.7024359723750193e-07,47,1
5623,5626,0.1976284584980237,1.5900187662261756e-07,44,1
5623,5635,0.0316205533596837,2.2643684312649436e-07,49,1
5623,5881,0.0513833992094861,1.1954227536004048e-07,49,1
277,5624,-0.2,2.5898206251053616e-07,18,1
1275,5624,-0.2666666666666666,2.7309036407801974e-07,28,1
1818,5624,-0.1333333333333333,2.357774423281423e-07,18,1
1871,5624,-0.0666666666666666,2.67870337428016e-07,21,1
2422,5624,-0.0666666666666666,3.9446147105918583e-07,29,1
5622,5624,-0.1333333333333333,3.314269293193781e-07,20,1
277,5625,-0.032051282051282,1.1090002577184247e-07,22,1
278,5626,-0.0425531914893617,4.1258970307714273e-07,42,1
1277,5626,-0.3404255319148936,3.081404091350322e-07,43,1
2262,5626,-0.0212765957446808,1.7088414798179934e-07,35,1
3324,5626,-0.2127659574468085,2.7587305604590666e-07,41,1
5626,5635,0.2978723404255319,1.7573619666097708e-07,43,1
5626,5636,0.0638297872340425,4.983449257951084e-07,37,1
5627,5634,0.2352941176470588,9.774099750458224e-07,13,1
278,5628,-0.1485148514851485,1.2383604933745376e-07,40,1
1277,5628,-0.0693069306930693,8.825470143051857e-08,41,1
1279,5628,-0.1287128712871287,2.147020644293524e-07,37,1
2005,5628,-0.0594059405940594,1.1444686428060359e-06,42,1
3324,5628,-0.0198019801980198,9.218356674609924e-08,39,1
3973,5628,-0.1782178217821782,9.091146541014045e-08,36,1
4138,5628,-0.0099009900990099,1.202389635917681e-07,42,1
4560,5628,-0.2574257425742574,1.6179107369604869e-07,29,1
5628,5630,0.0198019801980198,1.53346526213951e-07,40,1
5628,5635,0.0099009900990099,1.592814872041945e-07,41,1
5628,5636,0.0544308162159499,1.0885270661434677e-07,35,1
5628,5637,0.0099009900990099,2.1700444143324553e-07,44,1
355,5629,-0.0116731517509727,2.995377222026815e-07,37,1
1276,5629,-0.0661478599221789,2.596904732749072e-07,43,1
2004,5629,-0.2762645914396887,1.9117379382528652e-07,41,1
4139,5629,-0.0700389105058365,2.1894933958432046e-07,41,1
4140,5629,-0.0233463035019455,1.7083757293187208e-07,37,1
4141,5629,-0.2412451361867704,3.185562148337119e-07,43,1
5623,5629,-0.0661478599221789,4.4550038106092503e-07,39,1
5629,5635,-0.0902571145189593,1.5074620432405735e-07,38,1
5629,5637,0.0038910505836575,2.691234505575274e-07,41,1
5629,5881,0.046692607003891,1.7543199628849118e-07,38,1
355,5630,-0.0869565217391304,3.0393114492338266e-07,46,1
816,5630,-0.0676328502415458,1.928951676405053e-07,49,1
1276,5630,-0.144927536231884,1.8899675460481344e-07,52,1
2004,5630,-0.0966183574879227,1.2951361491229446e-07,50,1
2421,5630,-0.0193236714975845,3.0850896272959627e-07,41,1
4137,5630,-0.1207729468599033,1.0450939232239346e-07,38,1
4139,5630,-0.0483091787439613,1.5556398288291002e-07,50,1
4140,5630,-0.0048309178743961,9.128309699126592e-08,46,1
4141,5630,-0.1545893719806763,2.4014978305738087e-07,52,1
5623,5630,-0.1256038647342995,4.412558932332216e-07,48,1
5630,5637,0.0531400966183574,7.416335776572386e-08,50,1
5630,5881,0.0144927536231884,1.324169991378945e-07,47,1
1278,5631,-0.1904761904761904,5.545037761224559e-07,13,1
1280,5631,-0.1904761904761904,1.2212172825204364e-06,12,1
4559,5632,-0.46,5.861580614669835e-07,15,1
5631,5632,-0.02,5.650996838034951e-07,11,1
278,5635,-0.1098039215686274,1.1211149142191428e-07,47,1
1277,5635,-0.0745098039215686,8.864353873397875e-08,48,1
2005,5635,-0.0274509803921568,1.1520315775056831e-06,49,1
3324,5635,-0.0823529411764705,8.163443210324088e-08,46,1
4560,5635,-0.0196078431372549,2.876933151040465e-07,36,1
5630,5635,-0.0901960784313725,1.0745425637700235e-07,47,1
5635,5636,0.0039215686274509,1.441379712392831e-07,42,1
5635,5637,-0.0411209018020163,8.868324471053144e-08,51,1
278,5636,-0.0298507462686567,8.80998438439102e-08,41,1
1279,5636,-0.0049751243781094,2.025609051686555e-07,38,1
2005,5636,-0.0049751243781094,9.760845249654293e-07,43,1
2262,5636,-0.0746268656716417,1.9506840252494532e-07,34,1
3324,5636,-0.0248756218905472,8.717281171380995e-08,40,1
3973,5636,-0.1741293532338308,7.643889103394902e-08,37,1
4140,5636,-0.0149253731343283,1.1433260687797425e-07,41,1
4560,5636,-0.6119402985074627,1.4795550244185757e-07,30,1
5632,5636,-0.0099502487562189,5.568492436158596e-07,24,1
5636,5637,0.0149253731343283,1.8622792593653488e-07,45,1
355,5637,-0.0769230769230769,2.4042762368132995e-07,50,1
816,5637,-0.145748987854251,1.3580186465240981e-07,53,1
1276,5637,-0.1133603238866396,1.1945897097511672e-07,56,1
2004,5637,-0.0769230769230769,8.996178287165261e-08,54,1
2421,5637,-0.0080971659919028,2.639778776774167e-07,45,1
4138,5637,-0.020242914979757,9.447431278251929e-08,52,1
4139,5637,-0.1578947368421052,1.216627716017159e-07,54,1
4141,5637,-0.0040485829959514,1.493678906711306e-07,56,1
5623,5637,-0.0040485829959514,2.640182092473095e-07,52,1
5626,5637,-0.1376518218623481,2.696961272278169e-07,46,1
5637,5881,0.117408906882591,9.908177091098792e-08,51,1
154,5640,-0.0169491525423728,1.28080763230739e-07,93,1
868,5640,-0.0254237288135593,1.129547205862856e-06,64,1
1865,5640,-0.0169491525423728,3.247566187543683e-07,83,1
3262,5640,-0.0127118644067796,3.5012266109122495e-07,78,1
3264,5640,-0.0254237288135593,1.452031598456749e-07,90,1
4346,5640,-0.1101694915254237,1.3822736677029956e-07,90,1
4347,5640,-0.1398305084745762,1.014471577323337e-06,66,1
4349,5640,-0.0296610169491525,1.967670156917198e-07,97,1
4353,5640,-0.0169491525423728,2.6833111983226636e-07,97,1
4355,5640,-0.0338983050847457,1.0922392661509996e-07,86,1
4357,5640,-0.0169491525423728,1.0362944340850709e-07,93,1
5640,5641,0.0296610169491525,4.880773463935636e-07,71,1
5640,5642,-0.0046724690792487,1.5476579720978142e-07,98,1
5640,5648,0.0042372881355932,1.4361441919713838e-07,94,1
5640,5649,0.0172953900943085,4.079172594964806e-07,66,1
868,5641,-0.0389105058365758,1.3305271784772868e-07,45,1
1283,5641,-0.2101167315175097,1.1346492531053749e-06,38,1
4346,5641,-0.1828793774319066,4.435070477875892e-07,71,1
4347,5641,-0.2996108949416342,1.6440607250381437e-07,47,1
5641,5648,-0.0156553988326848,1.0086259848107228e-06,75,1
5641,5649,-0.0194552529182879,1.3782520198129817e-07,47,1
3262,5642,-0.0378378378378378,4.170094965975962e-07,86,1
3264,5642,-0.0162162162162162,1.9477366393704117e-07,98,1
4346,5642,-0.0756756756756756,2.209642835486824e-07,98,1
4355,5642,-0.0162162162162162,1.8573248023477679e-07,94,1
5641,5642,-0.0324324324324324,7.302360419766525e-07,79,1
5642,5649,0.027027027027027,7.960064325551994e-07,74,1
1284,5646,-0.1450980392156863,1.096337856185832e-06,93,1
1865,5648,-0.01171875,2.20375662789878e-07,87,1
3264,5648,-0.01953125,1.635760623545677e-07,94,1
4346,5648,-0.203125,1.737655626067735e-07,94,1
868,5649,-0.0311284046692607,2.3266541257524436e-07,40,1
1282,5649,-0.0038910505836575,1.119604463288101e-06,78,1
3109,5649,-0.0116731517509727,5.913720375184884e-07,78,1
4346,5649,-0.0505836575875486,4.168177024303367e-07,66,1
4347,5649,-0.3501945525291828,9.530853753620208e-08,42,1
1290,5650,-0.1568627450980392,2.5570804976144397e-05,220,0
4385,5650,-0.0117647058823529,2.6319367487630646e-07,94,1
5302,5650,-0.0039215686274509,7.535794046920577e-05,222,0
5418,5650,-0.0039215686274509,2.707472577450666e-07,97,1
5419,5650,-0.0196078431372549,6.747080028092577e-07,98,1
1290,5651,-0.11284046692607,7.499086616938798e-05,224,0
4385,5651,-0.0077821011673151,3.4092455202374827e-07,98,1
1290,5652,-0.02734375,2.7389883653028874e-05,224,0
725,5653,-0.0039215686274509,3.5867945330436213e-07,93,1
1171,5653,-0.0078431372549019,3.7341581867998946e-07,97,1
2295,5653,-0.0078431372549019,3.522928944408202e-07,95,1
2584,5653,-0.0117647058823529,6.427998297503578e-07,97,1
4370,5653,-0.0039215686274509,2.206284152760162e-07,92,1
5419,5653,-0.0039215686274509,4.165204141322056e-07,77,1
153,5655,-0.0622568093385214,1.0511049758416877e-06,93,1
781,5655,-0.0038910505836575,3.4235538327063813e-07,89,1
867,5655,-0.0077821011673151,3.849113875364899e-07,90,1
1225,5655,-0.0428015564202334,2.3703587064167215e-07,93,1
1371,5655,-0.0155642023346303,0.00020357973334320507,228,0
1989,5655,-0.0077821011673151,2.429207991030147e-07,88,1
2277,5655,-0.0350194552529182,2.403199695506644e-07,89,1
3179,5655,-0.0272373540856031,3.381206835515373e-07,78,1
3993,5655,-0.0311284046692607,6.034348284478579e-07,80,1
3995,5655,-0.0311284046692607,4.1237213748340975e-07,70,1
4344,5655,-0.0233463035019455,3.7321144546534115e-07,75,1
4345,5655,-0.0233463035019455,2.802018232604208e-07,89,1
5469,5655,-0.0350194552529182,4.0004462312944444e-07,94,1
5471,5655,-0.0155642023346303,2.4649642363439373e-07,92,1
5478,5655,-0.0038910505836575,3.134698187581758e-07,78,1
5484,5655,-0.0077821011673151,2.2650575680729058e-07,97,1
873,5657,-0.00390625,5.233904785176706e-07,93,1
1319,5657,-0.00390625,7.39542928094957e-07,77,1
2272,5657,-0.0078125,3.7011441698163495e-07,90,1
4371,5657,-0.00390625,5.265908513735311e-07,91,1
5418,5657,-0.01171875,8.253428682047576e-07,87,1
5419,5657,-0.00390625,7.666742304245673e-07,88,1
865,5658,-0.0038910505836575,4.893201716047611e-07,92,1
867,5658,-0.0077821011673151,2.493375787844438e-07,77,1
1225,5658,-0.0272373540856031,1.6215895459997285e-07,80,1
1371,5658,-0.0233463035019455,0.00031280699328933875,215,0
1989,5658,-0.0116731517509727,1.890129175257129e-07,75,1
2277,5658,-0.0116731517509727,2.0762503641420433e-07,76,1
2316,5658,-0.0272373540856031,3.1281822984713306e-07,81,1
3181,5658,-0.0544747081712062,4.3056305161563844e-07,78,1
3995,5658,-0.0038910505836575,2.742019115330047e-07,57,1
3996,5658,-0.0817120622568093,2.2472323264424676e-07,97,1
4344,5658,-0.0038910505836575,2.4018499138658443e-07,62,1
4345,5658,-0.0155642023346303,3.6180610636303657e-07,76,1
5299,5658,-0.0194552529182879,1.9519667481108702e-07,88,1
5471,5658,-0.0972762645914396,1.9848349198287924e-07,79,1
5478,5658,-0.0116731517509727,2.7246623544363965e-07,65,1
5484,5658,-0.0077821011673151,2.6452819978747857e-07,84,1
4004,5663,-0.0078125,2.2719963072050396e-05,217,0
4006,5663,-0.00390625,9.461845209814234e-05,227,0
5435,5664,-0.0038910505836575,7.161563127962781e-05,221,0
682,5665,-0.0206611570247933,4.287991418829145e-07,85,1
1561,5665,-0.2809917355371901,8.811121125607744e-07,55,1
2711,5665,-0.0991735537190082,4.613491603510043e-07,93,1
3114,5665,-0.0578512396694214,1.4846719555400687e-07,72,1
5665,5668,0.0044034589489134,6.072606074108436e-07,93,1
5665,5672,-0.0095359186268277,3.0203623690531324e-07,62,1
5665,5675,-0.0068978980933168,2.557532376506416e-07,83,1
565,5667,-0.0583657587548638,2.1815617710770084e-07,95,1
5667,6051,0.0194552529182879,1.2995957990219897e-07,87,1
682,5668,-0.0231660231660231,4.0075572314019517e-07,92,1
5668,5674,0.1158301158301158,2.5382922666765915e-07,98,1
58,5669,-0.0038910505836575,0.00026738677942270405,219,0
287,5669,-0.0077821011673151,3.12697628735575e-05,223,0
569,5669,-0.0155642023346303,2.0359217348664978e-05,255,0
713,5669,-0.0077821011673151,3.783376376055628e-05,234,0
737,5669,-0.0038910505836575,4.279595339177142e-05,256,0
782,5669,-0.0116731517509727,0.00011872729201131358,216,0
1208,5669,-0.0272373540856031,2.228122805117366e-05,220,0
1210,5669,-0.0038910505836575,5.777305950303283e-05,225,0
1216,5669,-0.0038910505836575,8.479220020472947e-05,221,0
1299,5669,-0.0038910505836575,7.27702262938643e-05,219,0
1302,5669,-0.0077821011673151,3.250835571411603e-05,235,0
1697,5669,-0.0155642023346303,4.8524673842666654e-05,230,0
1883,5669,-0.0038910505836575,6.938995753809777e-05,223,0
1967,5669,-0.0038910505836575,5.586492796110394e-05,219,0
2152,5669,-0.0233463035019455,0.00011674334950134557,220,0
2219,5669,-0.0155642023346303,9.354494809636618e-05,246,0
2281,5669,-0.0038910505836575,0.00011841294110006783,224,0
2459,5669,-0.0077821011673151,3.306771708704936e-05,240,0
3131,5669,-0.0038910505836575,2.7566810971292304e-05,242,0
3222,5669,-0.0038910505836575,0.0004120584088460358,217,0
3611,5669,-0.0116731517509727,4.468223344789488e-05,220,0
3806,5669,-0.0038910505836575,7.603409332984695e-05,236,0
3809,5669,-0.0155642023346303,4.081821170700583e-05,238,0
3810,5669,-0.0038910505836575,5.4810115113534473e-05,221,0
3992,5669,-0.0155642023346303,0.00019603747058076753,240,0
5110,5669,-0.0038910505836575,0.00013980905996239043,220,0
5212,5669,-0.0038910505836575,3.006980121371963e-05,216,0
5215,5669,-0.0116731517509727,7.07036267143567e-05,229,0
5423,5669,-0.0116731517509727,0.000498830603536718,226,0
5439,5669,-0.0038910505836575,6.376071102431776e-05,227,0
5465,5669,-0.0194552529182879,0.00014435188255191667,239,0
5481,5669,-0.0155642023346303,0.00017450179319218457,225,0
5659,5669,-0.0038910505836575,4.868207340732242e-05,222,0
5669,5680,0.0038910505836575,0.0002971439690646151,231,0
5669,5682,0.0077821011673151,0.00019296350260216327,224,0
5669,5690,0.0038910505836575,5.48483689107265e-05,216,0
5669,5693,0.0077821011673151,1.9998908438765223e-05,231,0
50,5670,-0.0078431372549019,3.117899097056178e-05,225,0
123,5670,-0.0196078431372549,4.982017677176671e-05,264,0
282,5670,-0.0156862745098039,3.383363274795384e-05,240,0
615,5670,-0.0156862745098039,0.0001438568993285269,227,0
736,5670,-0.0039215686274509,3.530426833643411e-05,252,0
738,5670,-0.0313725490196078,2.2437300497789035e-05,228,0
1211,5670,-0.0156862745098039,4.6601608391054186e-05,251,0
1214,5670,-0.0039215686274509,0.00012681398920390087,255,0
1822,5670,-0.0039215686274509,0.00040925873914567394,219,0
2279,5670,-0.0039215686274509,3.807741354622707e-05,248,0
2282,5670,-0.0039215686274509,0.0001000942542209636,226,0
3112,5670,-0.0313725490196078,2.7111138495759005e-05,244,0
3122,5670,-0.0078431372549019,5.462669272843914e-05,232,0
3125,5670,-0.0117647058823529,4.614338082628993e-05,221,0
3133,5670,-0.0431372549019607,3.0131987148526265e-05,253,0
3333,5670,-0.0078431372549019,9.224002959536416e-05,248,0
3334,5670,-0.0117647058823529,0.0001845960309110379,227,0
3336,5670,-0.0117647058823529,3.258327311039828e-05,263,0
3802,5670,-0.0156862745098039,5.0747731300535896e-05,241,0
3805,5670,-0.0235294117647058,2.5217572157666012e-05,248,0
3812,5670,-0.0627450980392156,2.0240162845843245e-05,242,0
3816,5670,-0.0039215686274509,2.309104545577987e-05,255,0
3820,5670,-0.0352941176470588,3.965512587147515e-05,248,0
5104,5670,-0.0039215686274509,3.121747554961086e-05,254,0
5214,5670,-0.0039215686274509,2.3973968627524485e-05,235,0
5440,5670,-0.0078431372549019,3.777794352495234e-05,267,0
5442,5670,-0.0196078431372549,5.9135493877203865e-05,242,0
5660,5670,-0.0431372549019607,1.9062107776684554e-05,220,0
5670,5680,0.0039215686274509,3.203346358651933e-05,252,0
2279,5671,-0.0077821011673151,3.042001728495765e-05,243,0
3222,5671,-0.0038910505836575,3.1908452246185596e-05,233,0
3336,5671,-0.0038910505836575,2.5948815022945424e-05,258,0
5423,5671,-0.0077821011673151,4.03861441031418e-05,242,0
5440,5671,-0.0077821011673151,2.9600724202719218e-05,262,0
5661,5671,-0.0038910505836575,2.560585266443591e-05,259,0
5671,5680,0.0038910505836575,2.5989675667165875e-05,247,0
1560,5672,-0.0769230769230769,8.479071503614282e-07,57,1
1561,5672,-0.0153846153846153,3.6232775057026364e-07,31,1
2713,5672,-0.0153846153846153,2.203532139825624e-07,46,1
3114,5672,-0.0153846153846153,2.9252345180767704e-07,48,1
5672,5674,0.0153846153846153,4.348725833577778e-07,67,1
5672,5675,0.25366444579043,8.228979406552577e-07,59,1
461,5674,-0.046692607003891,7.89311778397889e-07,97,1
682,5674,-0.0077821011673151,2.2818628469949805e-07,90,1
2711,5674,-0.0894941634241245,2.5050435684335905e-07,98,1
2713,5674,-0.0038910505836575,2.43374804948106e-07,75,1
5665,5674,-0.0311284046692607,1.1745538796915177e-07,91,1
461,5675,-0.0078740157480314,1.1965550976093442e-06,89,1
682,5675,-0.0118110236220472,3.1094124787305224e-07,82,1
2711,5675,-0.0157480314960629,3.642722762625564e-07,90,1
3114,5675,-0.0314960629921259,2.867654449490927e-07,69,1
5668,5675,-0.0157480314960629,2.2062133391647357e-07,90,1
5674,5675,-0.0905511811023622,1.5839699666801846e-07,88,1
2219,5677,-0.0157480314960629,1.9152012041527286e-05,236,0
3795,5677,-0.0078740157480314,2.615614817579014e-05,227,0
682,5678,-0.005,1.0526533804175063e-06,77,1
1297,5678,-0.03,3.2593568962472947e-07,81,1
1560,5678,-0.055,4.868208850876622e-07,73,1
2713,5678,-0.015,8.608182561001542e-07,62,1
3801,5678,-0.05,7.178367360959811e-07,93,1
5665,5678,-0.01,6.157542691180433e-07,78,1
5668,5678,-0.03,4.290666504844877e-07,85,1
5674,5678,-0.075,4.322284548107276e-07,83,1
5675,5678,-0.03,3.600082898552018e-07,75,1
5474,5680,-0.0859375,2.245741078874298e-05,252,0
1093,5685,-0.068,4.0913463004696594e-05,222,0
3795,5685,-0.032,2.9246468085436227e-05,233,0
5113,5685,-0.012,0.0001669573570833213,219,0
2282,5686,-0.00390625,3.2961734321754165e-05,224,0
3817,5686,-0.0078125,2.3043166224347285e-05,240,0
5423,5686,-0.00390625,2.14758394251637e-05,245,0
5442,5686,-0.00390625,1.9264773449019506e-05,240,0
1093,5687,-0.0669291338582677,0.00010189362438326923,221,0
1371,5687,-0.0039370078740157,0.0024918286914818785,285,0
3795,5687,-0.0826771653543307,5.449091334082203e-05,232,0
5104,5687,-0.1141732283464567,1.9949247267013968e-05,228,0
5113,5687,-0.0472440944881889,0.0004432715833913649,218,0
5682,5687,-0.0039370078740157,1.8965968956941964e-05,219,0
3795,5688,-0.0078740157480314,1.8886769738855214e-05,241,0
4006,5688,-0.0039370078740157,7.70932161265803e-05,221,0
58,5689,-0.0150753768844221,2.2492288627615024e-05,249,0
257,5689,-0.0150753768844221,1.8912122209717638e-05,246,0
1093,5689,-0.0351758793969849,8.243514110450489e-05,256,0
2228,5689,-0.0150753768844221,4.008432986420395e-05,221,0
2279,5689,-0.0150753768844221,2.7805323787871388e-05,257,0
3790,5689,-0.0150753768844221,2.6261588308311224e-05,229,0
3792,5689,-0.0150753768844221,7.207455535931297e-05,235,0
3795,5689,-0.0703517587939698,4.407407398225382e-05,267,0
4002,5689,-0.0150753768844221,2.1795651943958404e-05,228,0
4004,5689,-0.0050251256281407,7.557305239131443e-05,237,0
4006,5689,-0.0050251256281407,0.0006893667447322031,247,0
5101,5689,-0.0351758793969849,3.5606541234047066e-05,236,0
5410,5689,-0.0100502512562814,0.0010483405409363936,237,0
5423,5689,-0.0100502512562814,3.456992697133506e-05,256,0
5454,5689,-0.0050251256281407,4.028277231286029e-05,239,0
5455,5689,-0.0050251256281407,7.223445342384684e-05,231,0
5473,5689,-0.0201005025125628,2.4271343459968557e-05,240,0
5480,5689,-0.0050251256281407,4.0866402679652906e-05,239,0
5680,5689,-0.0150753768844221,2.2676260570312947e-05,261,0
5683,5689,-0.0050251256281407,0.0002928400068741332,223,0
3795,5692,-0.06640625,5.70575435367731e-05,215,0
257,5694,-0.0039215686274509,5.595467576004704e-05,237,0
782,5694,-0.0039215686274509,3.284848161614366e-05,237,0
1216,5694,-0.0078431372549019,1.902638861283818e-05,242,0
1226,5694,-0.0039215686274509,2.582873547447012e-05,252,0
2155,5694,-0.0039215686274509,3.2176773491771926e-05,228,0
2281,5694,-0.0117647058823529,2.4197247978810797e-05,245,0
3992,5694,-0.0039215686274509,4.0950733285760034e-05,261,0
5104,5694,-0.0078431372549019,5.067734436578036e-05,254,0
5465,5694,-0.0039215686274509,3.2826032615494554e-05,260,0
5481,5694,-0.0156862745098039,3.0057353851656683e-05,246,0
3722,5695,-0.0833333333333333,5.193046475890627e-05,232,0
715,5696,-0.0362694300518134,4.703841438391813e-07,95,1
1306,5696,-0.0155440414507772,4.259861182665157e-07,60,1
50,5697,-0.0077821011673151,3.9729472314522324e-05,233,0
58,5697,-0.0077821011673151,4.7111670114294306e-05,248,0
257,5697,-0.0155642023346303,4.4234927272698015e-05,245,0
782,5697,-0.0194552529182879,2.4672300957473488e-05,245,0
1211,5697,-0.0038910505836575,5.8183408751556747e-05,259,0
1226,5697,-0.0389105058365758,1.971461526849867e-05,260,0
1292,5697,-0.0038910505836575,1.9644273563165905e-05,262,0
2155,5697,-0.0077821011673151,2.6291084521984842e-05,236,0
2230,5697,-0.0038910505836575,6.265744694037605e-05,246,0
3133,5697,-0.0077821011673151,4.233915615601047e-05,261,0
3790,5697,-0.0038910505836575,6.0382299622676136e-05,228,0
3812,5697,-0.0077821011673151,2.5849396381107502e-05,250,0
3814,5697,-0.0077821011673151,1.8322982107246123e-05,240,0
3992,5697,-0.0038910505836575,3.1152688305967516e-05,269,0
5101,5697,-0.0038910505836575,9.61161453570903e-05,235,0
5104,5697,-0.0233463035019455,3.98395100990511e-05,262,0
5110,5697,-0.0194552529182879,2.4421673271804277e-05,249,0
5423,5697,-0.0038910505836575,6.767600202897425e-05,255,0
5442,5697,-0.0077821011673151,8.148384514615269e-05,250,0
5465,5697,-0.0155642023346303,2.5723102722864053e-05,268,0
5473,5697,-0.0194552529182879,5.158854657507549e-05,239,0
5480,5697,-0.0038910505836575,9.40964144258435e-05,238,0
5481,5697,-0.0077821011673151,2.01486371393511e-05,254,0
5660,5697,-0.0194552529182879,2.350926301015658e-05,228,0
5680,5697,-0.0077821011673151,4.376890123667649e-05,260,0
5682,5697,-0.0077821011673151,3.745359298355774e-05,253,0
122,5699,-0.0412371134020618,1.1506618643163679e-06,95,1
1090,5699,-0.0412371134020618,6.985282742379154e-07,86,1
5109,5699,-0.0412371134020618,4.1978949074004594e-07,62,1
5472,5699,-0.0309278350515463,1.190125464778005e-06,57,1
5134,5701,-0.6666666666666666,9.204801411289622e-08,11,1
4375,5703,-0.0235294117647058,7.996857042949232e-07,97,1
5703,5729,0.0078431372549019,6.169425199517005e-07,96,1
4377,5705,-0.03125,1.833619214487704e-05,215,0
2302,5707,-0.0039370078740157,5.517936887165476e-07,83,1
5707,5729,0.0393700787401574,3.3635767019102615e-07,95,1
61,5708,-0.0039370078740157,0.00016447913261114858,268,0
726,5708,-0.0039370078740157,6.269293256294836e-05,219,0
972,5708,-0.0039370078740157,0.0001721474558441005,296,0
1290,5708,-0.0078740157480314,0.00020200502676201155,294,0
1481,5708,-0.0078740157480314,6.361310652394186e-05,233,0
2070,5708,-0.0078740157480314,0.00010286208901024224,293,0
2304,5708,-0.0118110236220472,4.266530025549612e-05,257,0
2461,5708,-0.0078740157480314,2.277101452394164e-05,228,0
2585,5708,-0.0039370078740157,3.082837108321411e-05,228,0
2633,5708,-0.0078740157480314,7.41943220330117e-05,215,0
3764,5708,-0.0118110236220472,2.7456743731835167e-05,247,0
4598,5708,-0.0078740157480314,1.8999517931765685e-05,224,0
4727,5708,-0.0157480314960629,5.7481083213165614e-05,279,0
5288,5708,-0.0039370078740157,1.8874758641915177e-05,235,0
5302,5708,-0.0629921259842519,3.644193263056162e-05,296,0
5708,5807,0.0118110236220472,2.268962718211917e-05,263,0
5708,5811,0.0039370078740157,6.65221986438298e-05,272,0
5708,6149,0.0078740157480314,2.3082032776159764e-05,265,0
5708,6150,0.0118110236220472,4.488308641386482e-05,259,0
972,5712,-0.0039370078740157,2.0858654510677338e-05,261,0
4569,5712,-0.0078740157480314,5.1981049416435356e-05,227,0
4741,5712,-0.0039370078740157,6.040901813114025e-05,272,0
5713,5797,0.0143540669856459,6.021590515485096e-07,88,1
5713,5806,0.2200956937799043,6.958201160937276e-07,97,1
61,5714,-0.00390625,2.880567220658553e-05,240,0
1341,5714,-0.00390625,3.283297179118177e-05,246,0
2070,5714,-0.03515625,2.1550283106148827e-05,265,0
4609,5714,-0.00390625,5.9086146436606964e-05,249,0
5714,5829,0.00390625,2.4730556005791645e-05,256,0
1480,5716,-0.01171875,2.4853881572091095e-05,222,0
4600,5716,-0.01953125,2.0760607468759676e-05,227,0
5716,5809,0.00390625,2.309578732595728e-05,230,0
5716,6149,0.015625,3.828664055074377e-05,218,0
442,5718,-0.0059523809523809,5.993605751994112e-05,220,0
570,5718,-0.0119047619047619,1.9526516154531794e-05,221,0
3140,5718,-0.0059523809523809,7.231214598686514e-05,218,0
3141,5718,-0.0059523809523809,3.894014072582705e-05,241,0
3143,5718,-0.0059523809523809,3.644614711765207e-05,255,0
3144,5718,-0.0059523809523809,2.1250448368080004e-05,226,0
3764,5718,-0.0059523809523809,0.00011315580684173322,220,0
4377,5718,-0.0059523809523809,3.130534390344674e-05,258,0
5290,5718,-0.1130952380952381,3.302646939229893e-05,215,0
5302,5718,-0.0178571428571428,0.00020050181102688027,269,0
5420,5718,-0.0238095238095238,2.6346670218906982e-05,223,0
5718,5791,0.0059523809523809,3.019997079416038e-05,228,0
1343,5719,-0.0039682539682539,3.7087263316974235e-05,243,0
4600,5719,-0.0039682539682539,2.986397327304618e-05,257,0
570,5723,-0.0116731517509727,2.0249009549181e-05,221,0
5290,5723,-0.0155642023346303,3.5692575329082935e-05,215,0
5420,5723,-0.0038910505836575,2.6464565846062588e-05,223,0
5723,6155,0.0038910505836575,0.00010495048758856965,245,0
5722,5724,-0.0106382978723404,4.2620267016405624e-07,49,1
1319,5726,-0.0275590551181102,5.854008534885676e-07,84,1
4369,5726,-0.0078740157480314,5.723305795770033e-07,83,1
4371,5726,-0.0039370078740157,4.072036310854158e-07,98,1
4385,5726,-0.0157480314960629,6.16701775294254e-07,91,1
4402,5726,-0.0078740157480314,4.158035254124098e-07,94,1
5418,5726,-0.0157480314960629,8.61698552388448e-07,94,1
5419,5726,-0.0078740157480314,7.030563690751323e-07,95,1
4385,5727,-0.0077519379844961,4.4492877852339353e-07,85,1
5416,5727,-0.003875968992248,4.662340820047278e-07,93,1
5418,5727,-0.003875968992248,6.488757167876058e-07,88,1
5419,5727,-0.003875968992248,6.177509202297772e-07,89,1
1319,5728,-0.0116731517509727,7.254228682258882e-07,95,1
5729,5797,0.0039840637450199,3.7389502385184153e-07,68,1
5729,5806,0.0199203187250996,3.534596657511337e-07,77,1
288,5731,-0.0168539325842696,6.579112331455618e-07,79,1
2302,5731,-0.1067415730337078,3.3540266456292987e-07,59,1
5707,5731,-0.0056179775280898,7.955280100476351e-07,76,1
5729,5731,-0.1292134831460674,6.025447191349968e-07,71,1
1321,5732,-0.1242603550295858,2.226192697241816e-07,66,1
4818,5732,-0.0118343195266272,1.0471930671593346e-06,90,1
4819,5732,-0.301775147928994,3.8495680537504674e-07,58,1
1594,5736,-0.0157480314960629,2.5682053667902187e-05,219,0
2752,5736,-0.0039370078740157,2.4846603799774365e-05,294,0
3631,5736,-0.0039370078740157,0.00012479871283070282,290,0
5736,6210,0.0039370078740157,1.9195516647931185e-05,299,0
111,5737,-0.0078740157480314,5.415514375657172e-05,291,0
1328,5737,-0.0039370078740157,2.839805070379912e-05,281,0
1498,5737,-0.0039370078740157,3.8106741800653093e-05,250,0
2310,5737,-0.0039370078740157,2.589228662072223e-05,295,0
2424,5737,-0.0118110236220472,2.390352181100344e-05,278,0
3386,5737,-0.0078740157480314,1.869775812566068e-05,284,0
5737,5764,0.0039370078740157,2.737650029897554e-05,271,0
5737,6164,0.0039370078740157,4.891876399166413e-05,296,0
5737,6232,0.0039370078740157,5.357396161653027e-05,266,0
687,5738,-0.0038910505836575,3.198353222977906e-05,222,0
3626,5738,-0.0038910505836575,2.920330564131189e-05,235,0
1328,5739,-0.01171875,5.691267042840241e-05,256,0
3626,5739,-0.00390625,2.5536140128954312e-05,251,0
3873,5739,-0.00390625,2.2256205825123308e-05,287,0
5739,5760,0.00390625,4.318967936054165e-05,221,0
2745,5740,-0.00390625,0.0001371385203652592,301,0
3873,5740,-0.00390625,5.511625460830651e-05,304,0
1328,5741,-0.00390625,4.764570015665093e-05,235,0
1922,5741,-0.00390625,4.979606756015734e-05,247,0
3873,5741,-0.0078125,1.897106807899156e-05,266,0
2499,5742,-0.00390625,3.799399545418331e-05,334,0
4108,5742,-0.00390625,3.569829095472249e-05,291,0
4133,5742,-0.0078125,2.042429891364329e-05,342,0
5742,6237,0.00390625,2.747141308222405e-05,315,0
2750,5743,-0.00390625,9.285790209490905e-05,275,0
5743,6237,0.00390625,4.4053372024184956e-05,301,0
1620,5744,-0.003875968992248,2.158654652470069e-05,292,0
4113,5744,-0.003875968992248,5.0086803336506116e-05,257,0
5744,6212,0.003875968992248,0.000131545064961116,231,0
1510,5745,-0.0078431372549019,2.207437018736879e-05,302,0
2499,5745,-0.0117647058823529,4.1604506189152636e-05,341,0
4108,5745,-0.0039215686274509,3.828539004110647e-05,298,0
5745,6237,0.0078431372549019,2.713345426555488e-05,322,0
2738,5746,-0.003875968992248,2.5393958944203896e-05,241,0
2743,5746,-0.0116279069767441,4.160907912692945e-05,276,0
3626,5746,-0.0116279069767441,3.067277026495893e-05,244,0
3630,5746,-0.003875968992248,2.5766678475614633e-05,261,0
2456,5747,-0.0039370078740157,5.9288452015049094e-05,231,0
2694,5747,-0.0078740157480314,2.190153954146653e-05,239,0
4109,5747,-0.0078740157480314,1.848344719627732e-05,253,0
5747,5757,0.0039370078740157,2.5365716795136445e-05,257,0
2424,5748,-0.0039215686274509,4.91914840215612e-05,259,0
2749,5748,-0.0039215686274509,1.9763832168590117e-05,294,0
3631,5748,-0.0039215686274509,6.306506045934733e-05,297,0
3873,5748,-0.0117647058823529,2.038840866026185e-05,293,0
5748,6212,0.0039215686274509,5.795506791412525e-05,237,0
471,5749,-0.0077821011673151,2.0058044500873137e-05,294,0
687,5749,-0.0077821011673151,2.709125149281662e-05,275,0
2738,5749,-0.0038910505836575,2.4498541650657223e-05,285,0
2743,5749,-0.0038910505836575,3.6632587535383515e-05,320,0
3331,5749,-0.0038910505836575,2.928315210843075e-05,266,0
3626,5749,-0.0116731517509727,2.388826944986656e-05,288,0
3630,5749,-0.0038910505836575,2.371040672864901e-05,305,0
5749,6364,0.0116731517509727,2.552859200140894e-05,279,0
3873,5750,-0.0155642023346303,3.4397927777084924e-05,284,0
471,5752,-0.00390625,3.798866533764537e-05,272,0
2740,5752,-0.00390625,2.262054039954923e-05,275,0
4111,5752,-0.00390625,2.4311085408144283e-05,269,0
2739,5753,-0.0038910505836575,2.780743343622512e-05,300,0
2745,5753,-0.0116731517509727,0.00016353589394988317,308,0
111,5754,-0.0196078431372549,2.4078459594865724e-05,268,0
1922,5754,-0.0039215686274509,2.9796356040513902e-05,270,0
1944,5754,-0.0039215686274509,2.400626770123716e-05,251,0
3643,5754,-0.0039215686274509,2.4253410854940645e-05,273,0
5754,6202,0.0039215686274509,4.655213009895485e-05,231,0
5754,6346,0.0078431372549019,2.0366815453109962e-05,262,0
5754,6444,0.0039215686274509,2.308661667225893e-05,250,0
5754,6455,0.0078431372549019,2.983583017690924e-05,229,0
5754,6516,0.0078431372549019,4.777249004651857e-05,229,0
626,5755,-0.003875968992248,8.090887646913015e-05,262,0
1329,5755,-0.0077519379844961,1.9364673731047493e-05,271,0
1498,5755,-0.0116279069767441,4.0616113443625295e-05,252,0
1591,5755,-0.0077519379844961,7.583598996656866e-05,261,0
1608,5755,-0.0077519379844961,0.0003352550273399708,309,0
1627,5755,-0.003875968992248,3.245419722957242e-05,239,0
1897,5755,-0.0077519379844961,2.264055343906417e-05,246,0
3387,5755,-0.0116279069767441,5.7816446563437504e-05,275,0
3635,5755,-0.003875968992248,0.00022395604834127928,285,0
5755,5760,0.003875968992248,2.1326729642069903e-05,248,0
5755,6204,0.003875968992248,0.00010147172155719556,247,0
5755,6205,0.0271317829457364,2.618375171619265e-05,251,0
5755,6220,0.003875968992248,0.00011412892765706185,243,0
5755,6342,0.003875968992248,0.00013161323409603855,275,0
5755,6483,0.003875968992248,0.00020074491974144293,300,0
111,5756,-0.0156862745098039,0.0003363948819097065,248,0
468,5756,-0.0039215686274509,0.00010842717019221577,236,0
1620,5756,-0.0039215686274509,1.8907827865354134e-05,274,0
1922,5756,-0.0235294117647058,0.0004014148777688823,250,0
2495,5756,-0.0039215686274509,6.890900422950654e-05,253,0
2739,5756,-0.0039215686274509,7.254658542151113e-05,258,0
2749,5756,-0.0117647058823529,5.9539005211435884e-05,270,0
2752,5756,-0.0078431372549019,5.1134685710733056e-05,277,0
3631,5756,-0.0039215686274509,0.0003524199860822347,273,0
5756,5761,0.0039215686274509,2.7411218895155236e-05,248,0
5756,6210,0.0039215686274509,4.837629615317551e-05,282,0
5756,6513,0.0078431372549019,3.5829523637285834e-05,266,0
77,5757,-0.0078431372549019,2.287044947479186e-05,216,0
1497,5757,-0.0549019607843137,4.4259959948072845e-05,231,0
1590,5757,-0.0039215686274509,3.9381042334612576e-05,247,0
1594,5757,-0.0039215686274509,8.258111434429201e-05,223,0
2419,5757,-0.0274509803921568,4.71438758211142e-05,220,0
3388,5757,-0.0117647058823529,2.3887172599870425e-05,226,0
3635,5757,-0.0039215686274509,0.003628229258549952,261,0
5757,5764,0.0039215686274509,8.158566077252395e-05,249,0
5757,6200,0.0196078431372549,2.6229930688396148e-05,225,0
5757,6202,0.0509803921568627,4.9201086270846856e-05,232,0
5757,6232,0.0039215686274509,5.5026976190566565e-05,244,0
5757,6236,0.0039215686274509,0.0003774808165563716,215,0
5757,6444,0.0039215686274509,7.036200586832548e-05,251,0
5757,6455,0.0470588235294117,3.5388026370935526e-05,230,0
5757,6456,0.0196078431372549,4.759857331930538e-05,233,0
5757,6516,0.0156862745098039,2.876109129876247e-05,230,0
4822,5758,-0.0555555555555555,3.163600750847899e-07,25,1
5759,6334,0.0039370078740157,0.00010276324973626709,263,0
1607,5761,-0.0395256916996047,0.00010666852475720171,278,0
5761,6334,0.0276679841897233,3.4259616687567635e-05,284,0
5761,6483,0.0079051383399209,0.00012955135115801352,271,0
5761,6484,0.0039525691699604,0.00023192818361744653,259,0
5761,6595,0.0158102766798418,0.00025543047571011655,289,0
1724,5762,-0.08203125,6.598044034757831e-05,229,0
1922,5762,-0.00390625,0.00010242046842437825,233,0
2739,5762,-0.0390625,2.054687125490434e-05,241,0
2743,5762,-0.00390625,4.5277095653300487e-05,248,0
3631,5762,-0.0234375,8.713926265423657e-05,256,0
5762,6346,0.00390625,6.803650750730434e-05,225,0
1724,5763,-0.0117647058823529,8.157857361876537e-05,262,0
2739,5763,-0.0039215686274509,2.2056322928206254e-05,274,0
2749,5763,-0.0039215686274509,1.8682974685747804e-05,286,0
626,5765,-0.00390625,4.150069619286705e-05,256,0
1328,5765,-0.00390625,0.00012767572807347523,277,0
1498,5765,-0.01953125,2.495442171083344e-05,246,0
1591,5765,-0.01171875,4.1959216288309836e-05,255,0
1607,5765,-0.0078125,0.0002444814700808248,301,0
1627,5765,-0.01953125,2.102911047494301e-05,233,0
3387,5765,-0.0078125,3.1034368765556416e-05,269,0
3388,5765,-0.00390625,4.7035393473516755e-05,244,0
5765,5768,0.015625,1.8929575694122522e-05,236,0
5765,6334,0.0078125,7.478367883045713e-05,307,0
5765,6449,0.00390625,2.3117532776252226e-05,238,0
5765,6483,0.00390625,0.00031072922307632243,294,0
5765,6485,0.00390625,2.003307117346755e-05,290,0
5765,6521,0.00390625,3.1370772481137616e-05,267,0
1506,5766,-0.15,3.6555923251140505e-07,87,1
2475,5766,-0.0142857142857142,5.470272458499223e-07,82,1
3684,5766,-0.1071428571428571,3.2840716568820575e-07,69,1
4813,5766,-0.0142857142857142,5.538414504512464e-07,64,1
5766,5767,0.0714285714285714,4.017695550190452e-07,46,1
5766,6234,0.0714285714285714,3.2278282887859167e-07,73,1
5766,6520,0.0428571428571428,5.000823572890538e-07,78,1
1506,5767,-0.2631578947368421,1.0939808353264205e-06,69,1
1949,5767,-0.0263157894736842,8.923428580368391e-07,46,1
5767,6234,0.0526315789473684,8.868194919798334e-07,55,1
1607,5769,-0.0352941176470588,5.0644928854994654e-05,258,0
1608,5769,-0.0039215686274509,9.193792516166829e-05,260,0
2745,5769,-0.0313725490196078,3.3417861973246105e-05,262,0
5769,6334,0.0313725490196078,1.8740360560059454e-05,264,0
5769,6335,0.0078431372549019,5.981235238047035e-05,273,0
5769,6483,0.0039215686274509,5.970697685694941e-05,251,0
5769,6595,0.0039215686274509,0.00011674899678944547,269,0
77,5770,-0.0117647058823529,3.279472896646745e-05,216,0
402,5770,-0.0078431372549019,2.1956894804735835e-05,237,0
1497,5770,-0.0039215686274509,5.8243633114498305e-05,231,0
1591,5770,-0.0078431372549019,2.342980801965647e-05,237,0
1607,5770,-0.0078431372549019,0.0003151210633315347,283,0
2419,5770,-0.0039215686274509,6.874244263471323e-05,220,0
3387,5770,-0.0156862745098039,2.2625992507464884e-05,251,0
5770,6200,0.0039215686274509,4.1935592000536894e-05,225,0
5770,6204,0.0509803921568627,3.198846743205574e-05,223,0
5770,6334,0.0039215686274509,9.509623730061191e-05,289,0
5770,6455,0.0196078431372549,4.695988885384681e-05,230,0
5770,6516,0.0078431372549019,4.7619156385009034e-05,230,0
1607,5771,-0.0078431372549019,4.056261743831719e-05,295,0
1608,5771,-0.0039215686274509,6.515949464521162e-05,297,0
5771,6335,0.0039215686274509,4.3627705787089804e-05,310,0
5771,6483,0.0039215686274509,4.438132206999746e-05,288,0
5771,6595,0.0117647058823529,8.754584035369205e-05,306,0
5772,6237,0.0039525691699604,0.0001060432225803896,275,0
1358,5773,-0.0078125,2.0498020922226482e-05,277,0
5755,5773,-0.00390625,3.058052629301513e-05,258,0
5773,5853,0.00390625,2.1134280660560355e-05,268,0
126,5774,-0.0039215686274509,3.562788646996432e-05,259,0
1327,5774,-0.0549019607843137,2.047552003412406e-05,259,0
1328,5774,-0.0039215686274509,9.783146445849099e-05,232,0
1973,5774,-0.0235294117647058,1.8573969964449326e-05,256,0
2692,5774,-0.0039215686274509,1.8980586060138764e-05,271,0
5755,5774,-0.0156862745098039,2.1094027712450097e-05,271,0
1510,5775,-0.0039370078740157,2.5859447849274207e-05,286,0
2499,5775,-0.0078740157480314,6.46405911844646e-05,325,0
4133,5775,-0.0039370078740157,4.8834633527381245e-05,333,0
5775,6237,0.0078740157480314,3.876023415482085e-05,306,0
4133,5776,-0.0039525691699604,4.7712666524893085e-05,341,0
5776,5853,0.0039525691699604,4.9358907368376674e-05,337,0
4108,5777,-0.0039215686274509,4.661383017822125e-05,263,0
4133,5777,-0.0039215686274509,3.0151483997502924e-05,314,0
5777,6237,0.0078431372549019,3.318721771219905e-05,287,0
2749,5778,-0.003875968992248,3.376385412033554e-05,263,0
5778,6210,0.0077519379844961,2.4159565763341727e-05,275,0
2690,5779,-0.0272373540856031,2.1491599179341906e-05,219,0
5769,5779,-0.0038910505836575,2.092275054490237e-05,226,0
5779,6210,0.0077821011673151,4.803869088010741e-05,280,0
1590,5780,-0.0119047619047619,2.1394223900575396e-05,238,0
1591,5780,-0.0039682539682539,3.3258386892722604e-05,228,0
3863,5780,-0.0079365079365079,2.132177736537444e-05,265,0
3872,5780,-0.0039682539682539,4.680176458911101e-05,264,0
5757,5780,-0.0039682539682539,2.0057441802275714e-05,265,0
5761,5780,-0.0039682539682539,0.00010841815398474239,260,0
5780,6208,0.0039682539682539,4.1132124393774895e-05,254,0
5780,6217,0.0039682539682539,2.2244562973308487e-05,269,0
5780,6232,0.0357142857142857,1.871579876022122e-05,235,0
5780,6445,0.0158730158730158,3.8734156221158045e-05,215,0
5780,6519,0.0436507936507936,3.47384340483194e-05,225,0
5780,6521,0.0079365079365079,2.2895563417899087e-05,240,0
1327,5781,-0.0038910505836575,4.0887287213577184e-05,312,0
1358,5781,-0.0077821011673151,2.3396138434425203e-05,343,0
4133,5781,-0.0155642023346303,3.5946837895393935e-05,338,0
5770,5781,-0.0038910505836575,4.713669111360039e-05,300,0
5781,5854,0.0038910505836575,1.8416610171103823e-05,289,0
808,5782,-0.0039215686274509,2.3322962314477376e-05,288,0
4108,5782,-0.0039215686274509,6.124721255298389e-05,253,0
5782,6237,0.0039215686274509,3.794261627133671e-05,277,0
2404,5784,-0.0155038759689922,4.0052579956383396e-05,241,0
926,5785,-0.0078431372549019,7.539508730377576e-05,274,0
2070,5786,-0.0039215686274509,3.386987143543935e-05,221,0
2070,5787,-0.00390625,2.6392589310599103e-05,256,0
5787,5829,0.00390625,2.4694962819583946e-05,247,0
3764,5788,-0.0078431372549019,2.1262374345883367e-05,228,0
4600,5788,-0.0039215686274509,3.0946724481313854e-05,255,0
4727,5788,-0.0039215686274509,0.00017667663326619186,260,0
5302,5788,-0.0705882352941176,2.655164409646142e-05,277,0
5788,5809,0.0039215686274509,4.5398323993765595e-05,258,0
2404,5789,-0.01171875,2.6514426776363595e-05,216,0
3141,5790,-0.0038910505836575,2.902051570134551e-05,222,0
5302,5790,-0.0350194552529182,0.00018244519834821127,250,0
926,5791,-0.015625,0.0003704112019591746,285,0
1290,5791,-0.00390625,0.00032811463408308683,267,0
2070,5791,-0.01171875,3.0701869650160197e-05,266,0
2428,5791,-0.0078125,6.582341522584196e-05,253,0
4607,5791,-0.01953125,3.449820742764426e-05,218,0
4610,5791,-0.00390625,4.77463288838107e-05,259,0
5302,5791,-0.00390625,7.177329852735791e-05,269,0
3764,5792,-0.0077821011673151,2.5192676622563e-05,243,0
4606,5792,-0.0077821011673151,9.943272405817383e-05,297,0
4610,5792,-0.0038910505836575,0.00025008559814330094,282,0
5302,5792,-0.0311284046692607,3.298688937523814e-05,292,0
5792,5811,0.0038910505836575,7.429585842395523e-05,268,0
5302,5794,-0.1153846153846153,2.2988180122153843e-05,219,0
5793,5794,-0.0384615384615384,7.447559257392191e-07,98,1
5302,5795,-0.11328125,0.00018974291071348443,263,0
5420,5795,-0.0078125,2.3532069189529463e-05,217,0
5714,5795,-0.00390625,1.9243723625533716e-05,221,0
34,5796,-0.00625,4.188959182623084e-05,250,0
2405,5796,-0.00625,2.260439132685996e-05,229,0
2875,5796,-0.00625,2.3342277309267584e-05,227,0
4579,5796,-0.0125,3.3883653273127726e-05,255,0
4597,5796,-0.00625,1.862421569561306e-05,239,0
4723,5796,-0.00625,2.0817341649786696e-05,244,0
5797,5804,0.1500711237553343,1.1062948967485355e-06,32,1
980,5798,-0.003875968992248,2.2198452271441228e-05,256,0
2878,5798,-0.0077519379844961,2.3921142031811544e-05,257,0
4566,5798,-0.0077519379844961,1.839077517660497e-05,242,0
4569,5798,-0.0077519379844961,2.2172477948920764e-05,228,0
4718,5798,-0.003875968992248,2.9199535194534336e-05,218,0
5781,5798,-0.003875968992248,2.912199656178153e-05,270,0
5798,5803,0.003875968992248,2.031720391678333e-05,257,0
926,5800,-0.003875968992248,2.125071953589011e-05,288,0
972,5800,-0.0077519379844961,2.320644522590374e-05,272,0
1702,5800,-0.0155038759689922,1.9901055791918355e-05,247,0
2069,5800,-0.003875968992248,0.00012941169115167822,274,0
4577,5800,-0.003875968992248,0.00016525564578507326,289,0
5800,5829,0.003875968992248,2.1508886509112604e-05,260,0
2065,5801,-0.003875968992248,0.0002465047476573099,264,0
2846,5801,-0.0116279069767441,2.669002659079879e-05,244,0
3564,5801,-0.0155038759689922,3.510636251305759e-05,224,0
3604,5801,-0.003875968992248,1.970300616214495e-05,230,0
4570,5801,-0.003875968992248,3.5602215938996314e-05,238,0
2065,5802,-0.0116731517509727,7.72027060955003e-05,278,0
2069,5802,-0.0038910505836575,4.66671493881446e-05,298,0
4577,5802,-0.0077821011673151,6.034823637276778e-05,313,0
5802,5880,0.0077821011673151,8.862662008020337e-05,288,0
1369,5803,-0.01171875,9.254977485535453e-05,275,0
2065,5803,-0.00390625,8.816776338807267e-05,287,0
4577,5803,-0.00390625,7.081794131977698e-05,322,0
926,5805,-0.0039370078740157,5.814690638377568e-05,242,0
5797,5805,-0.0039370078740157,8.643972783909084e-07,94,1
296,5806,-0.0307692307692307,9.357709229875566e-07,87,1
5797,5806,-0.0461538461538461,2.3865912646716916e-07,55,1
5804,5806,-0.0307692307692307,6.781115164524003e-07,41,1
34,5807,-0.0117647058823529,2.9757677132865024e-05,273,0
496,5807,-0.0039215686274509,5.713280432723676e-05,271,0
1351,5807,-0.0039215686274509,1.999392593444665e-05,249,0
2405,5807,-0.0039215686274509,2.3687968643499942e-05,252,0
3301,5807,-0.0039215686274509,1.863454600773742e-05,272,0
3604,5807,-0.0039215686274509,2.7248657688812432e-05,225,0
4579,5807,-0.0274509803921568,2.6561870657018112e-05,278,0
4582,5807,-0.0078431372549019,2.28303608122736e-05,265,0
4742,5807,-0.0039215686274509,1.8731103339858634e-05,262,0
4580,5808,-0.0156862745098039,2.3416757893779088e-05,240,0
5808,5822,0.0039215686274509,2.9180225376211114e-05,238,0
5808,6169,0.0039215686274509,2.761214146502065e-05,248,0
4577,5809,-0.0038910505836575,0.0002163067094736682,308,0
4584,5809,-0.0116731517509727,2.5848705412912084e-05,301,0
2069,5811,-0.003875968992248,5.7174171430148185e-05,288,0
3297,5811,-0.003875968992248,7.848054216267464e-05,246,0
5780,5811,-0.003875968992248,0.00015741573260597596,259,0
1284,5814,-0.0542635658914728,1.1373308954422942e-06,98,1
687,5815,-0.003875968992248,2.2948143637059933e-05,250,0
2456,5815,-0.003875968992248,2.6514900915615236e-05,257,0
2738,5815,-0.003875968992248,2.068188907791699e-05,260,0
2743,5815,-0.003875968992248,3.2552534029888964e-05,295,0
3331,5815,-0.0077519379844961,2.458385828323282e-05,241,0
3626,5815,-0.0193798449612403,2.027471726956672e-05,263,0
5815,6364,0.0155038759689922,2.1665240265527763e-05,254,0
5815,6515,0.003875968992248,2.326404328516891e-05,277,0
457,5816,-0.0038910505836575,2.3980527514984413e-05,264,0
809,5816,-0.0077821011673151,2.4976483882236257e-05,259,0
2696,5816,-0.0233463035019455,2.043260927376921e-05,255,0
2753,5816,-0.0038910505836575,4.152348498596936e-05,240,0
3628,5816,-0.0077821011673151,1.9927177594997418e-05,244,0
4110,5816,-0.0077821011673151,3.169862690203768e-05,244,0
4111,5816,-0.0077821011673151,3.969979537087551e-05,244,0
457,5817,-0.0039370078740157,2.7325276391381716e-05,260,0
2696,5817,-0.0236220472440944,2.3383007488977455e-05,251,0
3628,5817,-0.0157480314960629,2.3694904698729157e-05,240,0
4109,5817,-0.0078740157480314,3.484067131325442e-05,253,0
4110,5817,-0.0118110236220472,3.6567349995476066e-05,240,0
1358,5819,-0.0310077519379844,4.031071261075071e-05,290,0
1485,5819,-0.003875968992248,2.3711230856115935e-05,263,0
1486,5819,-0.003875968992248,3.0441134325564745e-05,275,0
1508,5819,-0.0116279069767441,3.9519826768726064e-05,273,0
2309,5819,-0.0116279069767441,2.96117662911827e-05,259,0
2310,5819,-0.0077519379844961,1.9400811146704306e-05,246,0
2409,5819,-0.003875968992248,2.74599028035182e-05,297,0
2425,5819,-0.0077519379844961,4.1177440864858206e-05,263,0
2500,5819,-0.003875968992248,8.247092687855735e-05,275,0
5815,5819,-0.0077519379844961,1.914598091004577e-05,256,0
5819,5852,0.0426356589147286,3.31757708477676e-05,273,0
5819,5853,0.0077519379844961,3.9411520351295255e-05,281,0
5819,6160,0.0116279069767441,1.913728631742334e-05,251,0
5819,6164,0.003875968992248,1.843714965366626e-05,247,0
5819,6239,0.003875968992248,3.683138971768505e-05,290,0
1991,5820,-0.0078125,9.753153779276893e-07,83,1
3153,5820,-0.1796875,7.259963357453749e-07,80,1
3156,5820,-0.0390625,4.771001807421265e-07,97,1
4019,5820,-0.09765625,5.00751438718452e-07,96,1
4023,5820,-0.1328125,2.475022747056001e-07,83,1
5820,5861,0.09375,5.303434202908068e-07,96,1
471,5821,-0.01171875,5.79211301067459e-05,265,0
2001,5821,-0.0078125,2.8245382286987654e-05,280,0
2740,5821,-0.00390625,3.107744229216938e-05,268,0
2753,5821,-0.00390625,3.2783946586528177e-05,258,0
4109,5821,-0.0078125,2.1602879507657086e-05,275,0
4110,5821,-0.01953125,2.5228277764741698e-05,262,0
4111,5821,-0.00390625,3.101067229020957e-05,262,0
375,5822,-0.01953125,2.199058208079774e-05,249,0
471,5822,-0.00390625,4.804450937833356e-05,265,0
2740,5822,-0.00390625,2.7989792987330503e-05,268,0
2753,5822,-0.01171875,2.9360924638014636e-05,258,0
3626,5822,-0.01171875,5.5284273982243625e-05,259,0
4110,5822,-0.01171875,2.204974684839897e-05,262,0
4111,5822,-0.0078125,2.8237678221167694e-05,262,0
809,5823,-0.0039215686274509,4.716289410778136e-05,293,0
2696,5823,-0.0078431372549019,3.9734702837873265e-05,289,0
3628,5823,-0.0039215686274509,4.311908899802428e-05,278,0
4109,5823,-0.0039215686274509,5.5582871576827316e-05,291,0
1358,5824,-0.0078740157480314,6.317977497737343e-05,263,0
5753,5824,-0.0039370078740157,3.44408922281431e-05,241,0
445,5825,-0.0891472868217054,5.042320132651855e-07,61,1
574,5825,-0.1937984496124031,7.562425683586933e-07,64,1
785,5825,-0.0193798449612403,4.828393433539657e-07,65,1
1701,5825,-0.0155038759689922,2.0668530781962347e-07,67,1
2313,5825,-0.0620155038759689,3.737384549814926e-07,67,1
2644,5825,-0.0891472868217054,8.555044523894571e-07,61,1
2647,5825,-0.0077519379844961,3.8060197316784357e-07,72,1
3154,5825,-0.2790697674418604,6.657049308631377e-07,64,1
3155,5825,-0.0775193798449612,7.414491998570934e-07,80,1
4014,5825,-0.0116279069767441,6.001417934780789e-07,77,1
5825,5863,0.0116279069767441,4.689413677345122e-07,79,1
5825,5865,0.0155038759689922,2.975458296567693e-07,67,1
926,5826,-0.0078740157480314,2.6301232278619456e-05,276,0
972,5826,-0.0078740157480314,2.938576946907345e-05,260,0
1702,5826,-0.0196850393700787,2.4652146490573944e-05,235,0
2069,5826,-0.0118110236220472,0.0001238632289048325,262,0
4567,5826,-0.0157480314960629,2.5851673310242732e-05,253,0
4577,5826,-0.0039370078740157,0.00015917543700314686,277,0
5826,5880,0.0039370078740157,0.00023650185186442464,252,0
34,5827,-0.0038910505836575,0.00020765659207534683,271,0
669,5827,-0.0194552529182879,2.99523317088708e-05,262,0
926,5827,-0.0272373540856031,5.4359507056716756e-05,291,0
2070,5827,-0.0038910505836575,1.9133376520190827e-05,272,0
2843,5827,-0.0038910505836575,3.701359698193388e-05,221,0
3563,5827,-0.0038910505836575,4.561773264850616e-05,263,0
4580,5827,-0.0077821011673151,2.021343068020359e-05,264,0
4581,5827,-0.0038910505836575,3.5786524014106195e-05,263,0
4582,5827,-0.0038910505836575,7.315340303179358e-05,263,0
4614,5827,-0.0038910505836575,9.957669432361456e-05,253,0
4724,5827,-0.0038910505836575,5.8997229828340676e-05,251,0
926,5828,-0.0390625,3.541878193908418e-05,233,0
972,5828,-0.0234375,2.795258930409956e-05,217,0
4579,5828,-0.00390625,3.373223506303625e-05,218,0
2065,5829,-0.00390625,0.00010003942088698707,280,0
2069,5829,-0.01171875,6.227460399160408e-05,300,0
2843,5829,-0.0078125,2.0961979204785756e-05,244,0
3294,5829,-0.00390625,2.569240579790382e-05,274,0
3602,5829,-0.01171875,3.396926681511818e-05,218,0
4572,5829,-0.0078125,2.744044460875196e-05,262,0
4577,5829,-0.0078125,8.475605548039794e-05,315,0
4583,5829,-0.015625,2.6683840339134628e-05,267,0
5780,5829,-0.0078125,0.0001639940628736182,271,0
344,5832,-0.00390625,7.758594506637699e-05,243,0
442,5832,-0.00390625,0.00011211323187631165,235,0
570,5832,-0.0078125,3.3329279918138946e-05,236,0
876,5832,-0.00390625,4.7593264351608715e-05,220,0
1312,5832,-0.00390625,5.991269354666223e-05,223,0
2201,5832,-0.01953125,5.892098777991522e-05,220,0
2217,5832,-0.0078125,2.4508978238448098e-05,223,0
3138,5832,-0.01953125,1.8490358762744628e-05,237,0
3140,5832,-0.01953125,0.00010259571484473719,233,0
3141,5832,-0.01171875,4.191543411946456e-05,256,0
3144,5832,-0.0078125,2.4825677604550775e-05,241,0
4377,5832,-0.0078125,3.1659000093654125e-05,273,0
4384,5832,-0.0078125,5.814600990916078e-05,222,0
5315,5832,-0.015625,0.00015100983468024272,226,0
5420,5832,-0.01171875,3.9914661684262426e-05,238,0
5712,5832,-0.00390625,3.6950805755621266e-05,235,0
5832,6155,0.00390625,0.00012704121808445384,260,0
239,5834,-0.0038910505836575,4.2597352807313135e-05,225,0
344,5834,-0.0038910505836575,7.02917480852827e-05,265,0
570,5834,-0.0272373540856031,3.328193542757863e-05,258,0
576,5834,-0.0505836575875486,9.290599989960018e-05,240,0
876,5834,-0.0311284046692607,4.741831841540421e-05,242,0
1312,5834,-0.0116731517509727,5.526289987794969e-05,245,0
1337,5834,-0.0194552529182879,4.934939460811526e-05,255,0
1340,5834,-0.0038910505836575,0.00012640634010554266,221,0
1362,5834,-0.0116731517509727,3.413391448951582e-05,256,0
1363,5834,-0.0116731517509727,6.586192638071996e-05,249,0
1483,5834,-0.0116731517509727,5.2919805142781906e-05,256,0
1564,5834,-0.0077821011673151,7.05300465883563e-05,225,0
1863,5834,-0.0155642023346303,5.3880206381176796e-05,224,0
1867,5834,-0.0038910505836575,0.00027543023744906254,265,0
2201,5834,-0.0350194552529182,5.8151848829488604e-05,242,0
2217,5834,-0.0194552529182879,2.440994323470953e-05,245,0
2291,5834,-0.0116731517509727,7.982842755689524e-05,220,0
2303,5834,-0.0116731517509727,0.00011865167852390907,269,0
2398,5834,-0.0077821011673151,5.300016567136907e-05,261,0
2399,5834,-0.0350194552529182,0.00011498939721439838,230,0
3138,5834,-0.0038910505836575,1.880623719166175e-05,259,0
3139,5834,-0.0155642023346303,3.002749665591344e-05,232,0
3140,5834,-0.0155642023346303,0.00010237500456670137,255,0
3141,5834,-0.046692607003891,3.9900917784277465e-05,278,0
3143,5834,-0.0350194552529182,2.6399738565548288e-05,292,0
3144,5834,-0.0194552529182879,2.4436994138593798e-05,263,0
3162,5834,-0.0155642023346303,2.322442666025296e-05,243,0
3163,5834,-0.0116731517509727,5.302215929203889e-05,253,0
3165,5834,-0.0077821011673151,6.999792557388338e-05,224,0
3763,5834,-0.0038910505836575,0.0001211507232032351,249,0
4373,5834,-0.0038910505836575,0.00011669553803906242,241,0
4377,5834,-0.0311284046692607,2.993206865028521e-05,295,0
4384,5834,-0.0194552529182879,5.773374129920288e-05,244,0
4395,5834,-0.0272373540856031,5.0411718121004694e-05,216,0
5315,5834,-0.0038910505836575,0.00015177221562688532,248,0
5420,5834,-0.0311284046692607,3.969963849185917e-05,260,0
5710,5834,-0.0038910505836575,4.8027998121071165e-05,220,0
5712,5834,-0.0077821011673151,3.36931401187644e-05,257,0
5714,5834,-0.0272373540856031,2.2247537436078302e-05,264,0
5730,5834,-0.0116731517509727,5.707680289924227e-05,227,0
5783,5834,-0.0272373540856031,2.573894904870957e-05,228,0
5784,5834,-0.0116731517509727,6.136363991186418e-05,239,0
5798,5834,-0.0038910505836575,6.324023477987368e-05,258,0
5810,5834,-0.0077821011673151,7.623402869900227e-05,237,0
5834,5867,0.0038910505836575,5.190258259933532e-05,215,0
792,5836,-0.0078431372549019,4.3527201075853134e-07,93,1
4045,5836,-0.0039215686274509,3.65747048102589e-07,91,1
5836,5838,0.078461890592813,2.2278331576565131e-07,98,1
2303,5837,-0.00390625,3.3647630212460686e-05,236,0
135,5838,-0.0116731517509727,0.00010928700277757308,219,0
792,5838,-0.1245136186770428,1.4197242496021322e-07,89,1
4026,5838,-0.0038910505836575,3.584093875432471e-05,215,0
4043,5838,-0.046692607003891,8.857797831915714e-07,97,1
59,5839,-0.0078431372549019,4.633438617179688e-05,221,0
570,5839,-0.0078431372549019,0.00010275997681250223,249,0
576,5839,-0.0117647058823529,0.0002887140536523733,231,0
876,5839,-0.0039215686274509,0.00014006773506586358,233,0
2217,5839,-0.0117647058823529,7.05880472691995e-05,236,0
2292,5839,-0.0196078431372549,4.8947919759054926e-05,270,0
2312,5839,-0.0039215686274509,2.160723078977577e-05,249,0
3035,5839,-0.0078431372549019,2.3443846859925974e-05,230,0
3138,5839,-0.0117647058823529,5.460602455274091e-05,250,0
3139,5839,-0.0078431372549019,9.108277231673314e-05,223,0
3140,5839,-0.0039215686274509,0.00030230718227796044,246,0
3141,5839,-0.0039215686274509,0.0001139475031259608,269,0
3144,5839,-0.0039215686274509,6.954906143686548e-05,254,0
3162,5839,-0.0078431372549019,6.72205751255675e-05,234,0
3163,5839,-0.0078431372549019,0.0001628728364246745,244,0
3167,5839,-0.0039215686274509,3.2437550043086295e-05,231,0
3504,5839,-0.0039215686274509,3.0397911587232864e-05,222,0
3507,5839,-0.0117647058823529,2.5190623025756458e-05,227,0
3508,5839,-0.0039215686274509,2.5543670475232506e-05,279,0
4377,5839,-0.0117647058823529,8.628410302030897e-05,286,0
4384,5839,-0.0039215686274509,0.00016568148281543725,235,0
5714,5839,-0.0039215686274509,6.43612272875195e-05,255,0
5717,5839,-0.0039215686274509,4.8212263852528685e-05,241,0
5730,5839,-0.0039215686274509,0.00015920524539295549,218,0
5783,5839,-0.0039215686274509,7.18036596466907e-05,219,0
5787,5839,-0.0039215686274509,4.563088944719642e-05,246,0
1338,5842,-0.0038910505836575,2.560755054493142e-05,254,0
471,5843,-0.0155642023346303,3.4088486244281184e-05,245,0
2740,5843,-0.0038910505836575,1.928428413717266e-05,248,0
2753,5843,-0.0038910505836575,1.9964824736780813e-05,238,0
3626,5843,-0.0038910505836575,3.8203359097425433e-05,239,0
4111,5843,-0.0155642023346303,1.9016031697701246e-05,242,0
2499,5844,-0.0117647058823529,2.574862073028504e-05,259,0
471,5845,-0.0040160642570281,8.709978390691917e-05,217,0
809,5845,-0.0040160642570281,3.120233331096343e-05,229,0
2499,5845,-0.0120481927710843,3.495527118369104e-05,261,0
2499,5846,-0.0039215686274509,9.512230337931455e-05,232,0
471,5847,-0.0038910505836575,3.122909440617536e-05,259,0
2753,5847,-0.0038910505836575,2.0969738021750004e-05,252,0
3630,5847,-0.0038910505836575,3.557594969752757e-05,270,0
4111,5847,-0.0038910505836575,2.039630965408534e-05,256,0
5847,6515,0.0038910505836575,3.980712215545116e-05,267,0
4026,5848,-0.0077519379844961,9.719403136942235e-05,228,0
809,5849,-0.0038910505836575,3.812029714692482e-05,218,0
809,5850,-0.0077821011673151,3.060284018059265e-05,242,0
3628,5850,-0.0155642023346303,2.436780820344817e-05,227,0
4111,5850,-0.0038910505836575,4.839140543493119e-05,227,0
135,5851,-0.0116731517509727,0.00013926355646879868,224,0
792,5851,-0.0116731517509727,2.3923317961122744e-07,94,1
1357,5851,-0.0194552529182879,8.468743201037064e-07,96,1
1608,5852,-0.0038910505836575,0.00018275438904403349,311,0
1973,5852,-0.0038910505836575,2.1037539543403396e-05,309,0
2745,5852,-0.0077821011673151,6.019793445294433e-05,313,0
3635,5852,-0.0077821011673151,0.00011421534457017795,287,0
1607,5853,-0.00390625,0.00015961627212482792,317,0
1608,5853,-0.00390625,0.00020688734811326703,319,0
2745,5853,-0.015625,6.791279135529653e-05,321,0
3635,5853,-0.00390625,0.00013241059163310531,295,0
5853,6334,0.00390625,6.358819413122205e-05,323,0
187,5854,-0.0078125,0.00013498712898172012,223,0
471,5854,-0.015625,1.849363190160424e-05,249,0
687,5854,-0.00390625,1.9502071621395718e-05,230,0
1607,5854,-0.00390625,0.00021151098744981052,272,0
2745,5854,-0.00390625,8.005189074042538e-05,276,0
3331,5854,-0.0078125,2.251243691314193e-05,221,0
3632,5854,-0.0078125,2.0158201657005326e-05,236,0
3643,5854,-0.00390625,3.343422464934083e-05,263,0
5854,6364,0.00390625,1.863091854644734e-05,234,0
2745,5855,-0.0118110236220472,0.000166730725486121,295,0
4028,5856,-0.0232558139534883,1.1880941777508924e-06,88,1
5833,5856,-0.0116279069767441,1.1698954228931545e-06,80,1
5856,5862,0.2015503875968992,7.712279863575905e-07,78,1
4026,5858,-0.0392156862745098,9.373915299487089e-05,217,0
2499,5859,-0.003875968992248,0.00011132084658168831,242,0
1486,5861,-0.0039215686274509,6.479052640750754e-05,217,0
2645,5862,-0.0077821011673151,8.00725323628647e-07,81,1
1364,5863,-0.00390625,6.042239956986553e-07,71,1
1992,5863,-0.04296875,8.976762601959447e-07,91,1
3168,5863,-0.00390625,1.0258319057360962e-06,75,1
4028,5863,-0.01171875,9.264141839848965e-07,96,1
5856,5863,-0.0234375,2.9097893585629354e-07,68,1
5862,5863,-0.11328125,3.225273024006119e-07,86,1
120,5864,-0.00390625,3.1429967889181034e-05,227,0
239,5864,-0.01171875,2.736101002996933e-05,221,0
295,5864,-0.0078125,2.7758473210699457e-05,215,0
344,5864,-0.0078125,4.1950733697332113e-05,261,0
570,5864,-0.04296875,2.0887136072579086e-05,254,0
876,5864,-0.04296875,2.595687955717222e-05,238,0
1161,5864,-0.0078125,6.695204418026344e-05,236,0
1290,5864,-0.0078125,0.0020892317374077004,300,0
1337,5864,-0.00390625,2.770182392793795e-05,251,0
1340,5864,-0.00390625,5.7824628295330063e-05,217,0
1483,5864,-0.01953125,3.262462326070334e-05,252,0
1564,5864,-0.0234375,4.430703915271049e-05,221,0
1867,5864,-0.01171875,0.00011866217969505886,261,0
2201,5864,-0.015625,3.643035906729559e-05,238,0
2398,5864,-0.0078125,3.135076821366218e-05,257,0
2461,5864,-0.00390625,0.00018636229350222424,234,0
3139,5864,-0.0234375,1.9000828793636406e-05,228,0
3140,5864,-0.0546875,5.9068024762317154e-05,251,0
3763,5864,-0.00390625,8.126248981508771e-05,245,0
3767,5864,-0.0078125,2.4312301165339958e-05,223,0
4384,5864,-0.0078125,3.141001819216772e-05,240,0
4724,5864,-0.01171875,0.00011066461476715034,278,0
5288,5864,-0.00390625,0.00013343212639993732,241,0
5290,5864,-0.00390625,5.0505742580257916e-05,248,0
5302,5864,-0.00390625,0.000283306763389516,302,0
5315,5864,-0.00390625,0.00010000147087544144,244,0
5420,5864,-0.046875,2.35325009537957e-05,256,0
5712,5864,-0.00390625,1.9830369633319302e-05,253,0
5785,5864,-0.046875,2.7572455067799e-05,250,0
5798,5864,-0.015625,3.866498103863763e-05,254,0
5810,5864,-0.0078125,4.447410915950525e-05,233,0
5864,5868,0.0078125,7.01501431023733e-05,229,0
5864,6155,0.00390625,6.39564628715454e-05,278,0
4014,5865,-0.17578125,7.77505736298228e-07,62,1
1290,5866,-0.0078431372549019,0.00017073817898534532,275,0
1867,5866,-0.0039215686274509,2.0225820299803615e-05,236,0
2271,5866,-0.0039215686274509,0.00013974162673788062,259,0
2400,5866,-0.0039215686274509,2.5361245229156385e-05,231,0
3764,5866,-0.0117647058823529,1.9864568842262622e-05,228,0
4600,5866,-0.0039215686274509,3.731095422886325e-05,255,0
5302,5866,-0.0745098039215686,2.4196675020384603e-05,277,0
4741,5868,-0.0116731517509727,3.57186071926774e-05,248,0
2453,5869,-0.0078740157480314,8.176657407516885e-07,95,1
571,5870,-0.003875968992248,7.551447326639687e-05,233,0
1338,5870,-0.0310077519379844,2.7051540196989773e-05,269,0
2292,5870,-0.0077519379844961,9.072954328549662e-05,242,0
2312,5870,-0.0116279069767441,3.2679450370635896e-05,221,0
2404,5870,-0.0426356589147286,2.11860575836728e-05,267,0
3138,5870,-0.003875968992248,0.00015347265501693713,222,0
3143,5870,-0.003875968992248,0.0001408173857599117,255,0
3508,5870,-0.0271317829457364,4.56898255943186e-05,251,0
3980,5870,-0.0271317829457364,2.062359591283657e-05,247,0
5708,5870,-0.0193798449612403,2.497662538052099e-05,255,0
5792,5870,-0.0310077519379844,2.0222293654846425e-05,251,0
4026,5872,-0.00390625,2.9993174516356518e-05,244,0
59,5873,-0.0078125,6.707720229594429e-05,219,0
545,5873,-0.0078125,2.5277765403187833e-05,238,0
571,5873,-0.01953125,5.421985848643265e-05,259,0
876,5873,-0.00390625,0.0002311205457406381,231,0
1312,5873,-0.00390625,0.00020472125710075558,234,0
1362,5873,-0.0078125,0.00013699338571615844,245,0
1511,5873,-0.00390625,2.2046563572262105e-05,216,0
2217,5873,-0.0078125,0.000103968947893521,234,0
2292,5873,-0.0078125,6.325780267865142e-05,268,0
2312,5873,-0.0078125,2.5828157402285058e-05,247,0
3034,5873,-0.00390625,2.5147018455172054e-05,235,0
3137,5873,-0.0078125,2.329677202752035e-05,220,0
3138,5873,-0.00390625,9.064075966808801e-05,248,0
3141,5873,-0.00390625,0.00014966081193561336,267,0
3142,5873,-0.03125,2.3680786701137086e-05,229,0
3143,5873,-0.0078125,9.395850206332507e-05,281,0
3144,5873,-0.0078125,9.407445858462307e-05,252,0
3167,5873,-0.0078125,4.063773249961362e-05,229,0
3507,5873,-0.0234375,3.454768310539325e-05,225,0
3508,5873,-0.01953125,3.186404991218725e-05,277,0
4384,5873,-0.00390625,0.00024323443819693885,233,0
4386,5873,-0.0078125,4.324033223966098e-05,220,0
5420,5873,-0.03125,0.0001915438323419965,249,0
5712,5873,-0.00390625,0.00013914766442471555,246,0
5714,5873,-0.00390625,8.268219230270499e-05,253,0
5717,5873,-0.01171875,6.664213223905197e-05,239,0
5725,5873,-0.0078125,2.2535423384189436e-05,225,0
5730,5873,-0.0078125,0.00022506808020499229,216,0
5791,5873,-0.0078125,6.898827943031055e-05,254,0
5840,5873,-0.00390625,2.0066979735843304e-05,221,0
1994,5874,-0.0196078431372549,4.648241226830016e-07,97,1
1511,5875,-0.00390625,2.0137583834045698e-05,216,0
3142,5875,-0.0078125,2.4059767622137032e-05,229,0
3508,5875,-0.01953125,3.296009262023803e-05,277,0
4011,5875,-0.00390625,3.6788773431915505e-05,218,0
4377,5875,-0.0078125,0.0001137065260928115,284,0
5725,5875,-0.00390625,2.3262662635650647e-05,225,0
1321,5877,-0.0314960629921259,8.073409583739296e-07,72,1
4819,5877,-0.0472440944881889,9.024729707186534e-07,64,1
4818,5878,-0.0098039215686274,1.1939458310854017e-06,98,1
5732,5878,-0.0049019607843137,4.000823507861966e-07,68,1
5877,5878,-0.2450980392156862,1.0865199491756788e-06,74,1
1327,5880,-0.0078431372549019,1.9559818184700604e-05,296,0
1499,5880,-0.0039215686274509,3.444534401653954e-05,255,0
1501,5880,-0.0039215686274509,2.426979391224821e-05,303,0
1590,5880,-0.0078431372549019,3.7691575560169636e-05,257,0
1591,5880,-0.0039215686274509,6.013877186700413e-05,247,0
1620,5880,-0.0235294117647058,2.3169988400857482e-05,305,0
2420,5880,-0.0156862745098039,0.00037778183979669604,224,0
2690,5880,-0.0862745098039215,1.9646013496805142e-05,252,0
2749,5880,-0.0039215686274509,0.0001648542631899096,301,0
2752,5880,-0.0117647058823529,0.00015588209355028187,308,0
3388,5880,-0.0823529411764705,2.4722076494398924e-05,236,0
3860,5880,-0.0039215686274509,4.1719934983336e-05,292,0
5880,6210,0.0117647058823529,8.986211357457517e-05,313,0
5880,6232,0.0352941176470588,3.332093456977527e-05,254,0
5880,6236,0.0039215686274509,0.0009093092724179488,225,0
5880,6444,0.0823529411764705,2.2536078898712317e-05,261,0
5880,6445,0.0117647058823529,6.841263732125123e-05,234,0
5880,6513,0.0039215686274509,0.00010094949957954096,297,0
5880,6521,0.0274509803921568,4.17928706289676e-05,259,0
278,5881,-0.0155440414507772,1.9851419238384315e-07,47,1
1277,5881,-0.0880829015544041,1.511690080334874e-07,48,1
4142,5881,-0.005181347150259,1.3778422799824806e-07,46,1
5635,5881,-0.4559585492227979,8.6932681110529e-08,48,1
5636,5881,-0.005181347150259,2.6495105532635466e-07,42,1
98,5888,-0.0194552529182879,9.213304039317976e-07,91,1
465,5888,-0.0661478599221789,6.734159280620434e-07,67,1
581,5888,-0.0038910505836575,2.899336047778765e-07,91,1
1837,5888,-0.0389105058365758,7.448252623771405e-07,92,1
2651,5888,-0.0583657587548638,5.499325562124743e-07,85,1
2725,5888,-0.0700389105058365,5.611373799061917e-07,69,1
3183,5888,-0.1517509727626459,7.440599839414791e-07,64,1
136,5889,-0.0666666666666666,3.2635594625124444e-05,219,0
793,5889,-0.0039215686274509,2.2413709419501842e-05,225,0
1232,5889,-0.0431372549019607,3.328417561647023e-05,216,0
1235,5889,-0.0156862745098039,0.0002428176645447134,219,0
2236,5889,-0.0235294117647058,1.945114322981452e-05,232,0
2777,5889,-0.0039215686274509,1.833238492364555e-05,234,0
4050,5889,-0.0078431372549019,4.6909563767017046e-05,219,0
5502,5889,-0.0588235294117647,2.161338892135248e-05,226,0
5504,5889,-0.0196078431372549,3.3707252850031244e-05,215,0
263,5894,-0.01171875,8.364437874253995e-07,92,1
2688,5894,-0.03125,1.073504056410789e-06,78,1
1380,5895,-0.12109375,1.0480555289013271e-06,38,1
2357,5897,-0.0352941176470588,6.317019908457759e-07,45,1
5897,6000,-0.113265931372549,3.031086850860883e-07,40,1
765,5899,-0.0314960629921259,9.916020891574274e-07,48,1
5532,5899,-0.0118110236220472,2.671025990303716e-07,56,1
5533,5899,-0.0472440944881889,1.0927745050513479e-06,52,1
5538,5899,-0.0157480314960629,7.446229836699275e-07,72,1
263,5900,-0.0390625,5.704353733347891e-07,80,1
4058,5900,-0.03125,9.663773091692109e-07,79,1
5532,5900,-0.0546875,8.449934833106362e-07,61,1
5536,5900,-0.04296875,8.652940535030192e-07,86,1
5538,5900,-0.09765625,6.090951928618197e-07,77,1
1388,5902,-0.245136186770428,6.808640815319191e-07,31,1
3195,5902,-0.22568093385214,1.1457291076941055e-06,32,1
1841,5904,-0.04296875,6.604623416543921e-07,52,1
1404,5905,-0.4078431372549019,1.0951369268535767e-06,18,1
5908,5976,0.30859375,1.0622510177538827e-06,17,1
5917,5920,0.3058823529411765,9.716392888187346e-07,24,1
4051,5921,-0.01953125,4.4488562131347033e-07,63,1
800,5924,-0.15625,6.59245010234953e-07,62,1
1469,5924,-0.20703125,2.2637128476073538e-07,70,1
2728,5924,-0.015625,3.1118897278537207e-07,77,1
3185,5924,-0.27734375,4.2634556428548817e-07,68,1
4064,5924,-0.0703125,3.2997711300965687e-07,59,1
5888,5924,-0.0859375,6.467170108960553e-07,70,1
1385,5926,-0.4689922480620155,7.173086607056262e-07,19,1
1390,5927,-0.05078125,7.153168758827309e-07,37,1
2336,5927,-0.0234375,9.25541007707774e-07,38,1
5931,6108,0.0078125,1.1669299790447183e-06,78,1
2940,5932,-0.109375,4.624088006188818e-07,35,1
5568,5949,-0.2196078431372549,1.091512468224459e-06,42,1
5949,6010,0.1058823529411764,1.112539826640977e-06,33,1
5949,6041,0.2156862745098039,8.976695723478031e-07,36,1
2366,5950,-0.2078431372549019,5.235369905496373e-07,29,1
1255,5958,-0.5725490196078431,1.1146200194827063e-06,54,1
2251,5958,-0.1333333333333333,4.532427779616253e-07,56,1
2517,5962,-0.0194552529182879,1.0013688191492372e-06,38,1
4066,5978,-0.0472440944881889,5.449043192295996e-07,34,1
4074,5978,-0.0984251968503937,4.161254730541934e-07,36,1
2379,5984,-0.1015625,1.2120122715433042e-06,80,1
5321,5984,-0.00390625,9.226618360538376e-07,88,1
5323,5984,-0.03515625,8.86738000479849e-07,85,1
431,5986,-0.046692607003891,1.0918506329230628e-06,95,1
2587,5986,-0.0038910505836575,9.223446420835073e-07,96,1
431,5987,-0.0039370078740157,1.086896858219709e-06,73,1
2374,5987,-0.0078740157480314,8.406716991128965e-07,71,1
1255,5990,-0.00390625,1.1479042439025933e-06,60,1
2587,5990,-0.00390625,7.659318460335809e-07,71,1
5566,5990,-0.00390625,1.1804264361757686e-06,66,1
1849,5991,-0.02734375,9.097872763800297e-07,89,1
2252,5991,-0.23046875,5.917762969489701e-07,94,1
2604,5996,-0.0708661417322834,1.1911401698405847e-06,36,1
1238,5998,-0.0666666666666666,6.555382657750059e-07,41,1
263,5999,-0.0194552529182879,6.569930682864263e-07,80,1
1861,5999,-0.0272373540856031,1.1332612114712146e-06,65,1
5532,5999,-0.2023346303501945,8.736560592253724e-07,61,1
5538,5999,-0.1089494163424124,7.218934663108131e-07,77,1
5899,5999,-0.0272373540856031,1.2327867848682958e-06,61,1
5508,6000,-0.12890625,9.005060575715959e-07,37,1
212,6004,-0.0165289256198347,6.169064125420165e-07,75,1
1083,6004,-0.024793388429752,9.983787501426724e-07,75,1
1151,6004,-0.0206611570247933,6.597428588329178e-07,75,1
1775,6004,-0.0165289256198347,1.1120056180332104e-06,80,1
3000,6004,-0.0206611570247933,1.0830152369182443e-06,88,1
3706,6004,-0.0413223140495867,1.197549221849306e-06,67,1
3916,6004,-0.1198347107438016,4.898260333922116e-07,77,1
3929,6004,-0.0165289256198347,1.076986872739879e-06,75,1
5084,6004,-0.012396694214876,9.595030718608604e-07,84,1
5093,6004,-0.0454545454545454,1.1074660217066094e-06,72,1
268,6005,-0.0392156862745098,9.022286540518533e-07,79,1
707,6005,-0.0352941176470588,8.286879035502393e-07,81,1
3709,6005,-0.0823529411764705,2.1289685514931315e-07,73,1
3711,6005,-0.0509803921568627,1.8777054327503613e-07,66,1
5073,6005,-0.0392156862745098,4.475289011904835e-07,72,1
6004,6005,-0.0941176470588235,3.9292930016675274e-07,72,1
1687,6006,-0.0275590551181102,6.575354186998956e-07,46,1
2361,6006,-0.0118110236220472,9.751212761871988e-08,37,1
3889,6006,-0.0078740157480314,1.7232017767782695e-07,34,1
705,6008,-0.0039525691699604,7.517964470371545e-07,82,1
4551,6008,-0.0237154150197628,3.613609326931857e-07,83,1
6010,6041,0.0156862745098039,4.6343945066511133e-07,33,1
431,6011,-0.0194552529182879,1.1914246848981805e-06,79,1
1410,6011,-0.0272373540856031,5.205097805952406e-07,82,1
5986,6011,-0.0155642023346303,9.657927137830136e-07,96,1
5990,6011,-0.0038910505836575,1.1101955531580642e-06,71,1
3024,6028,-0.015625,8.322669404928899e-07,68,1
3096,6028,-0.08984375,9.80310204108342e-07,70,1
272,6029,-0.0546875,5.810710369711499e-07,47,1
3098,6029,-0.12890625,9.7904101783284e-07,55,1
5569,6029,-0.0078125,1.0381590637012792e-06,53,1
5575,6029,-0.046875,3.81150019876399e-07,49,1
5610,6029,-0.11328125,6.033246235629005e-07,48,1
1753,6030,-0.1208053691275167,5.333099330399774e-07,28,1
5359,6030,-0.1879194630872483,8.56703156746143e-07,29,1
5568,6041,-0.0233463035019455,7.15065200704459e-07,42,1
5199,6043,-0.0083333333333333,0.0008468366003964739,246,0
2286,6045,-0.0046948356807511,0.0002229394075893507,236,0
5199,6045,-0.0046948356807511,0.0006498931478746047,263,0
2569,6047,-0.012,1.9799511748092925e-05,244,0
3722,6047,-0.004,2.2354321320465796e-05,262,0
5199,6047,-0.008,2.8716239100183955e-05,269,0
565,6048,-0.0394736842105263,3.215229786581475e-07,81,1
1440,6048,-0.0921052631578947,1.0938730495671042e-06,45,1
2275,6048,-0.0131578947368421,1.0017583580773945e-06,88,1
3113,6048,-0.0131578947368421,7.15545730350498e-07,84,1
3223,6048,-0.3815789473684211,2.3669748196527379e-07,64,1
5673,6048,-0.0131578947368421,7.180345144161698e-07,88,1
6048,6366,0.0394736842105263,4.813654049686125e-07,92,1
502,6049,-0.3779527559055118,2.9928506164749385e-07,12,1
2869,6049,-0.0078740157480314,2.9928506164749385e-07,12,1
1439,6051,-0.0520833333333333,3.50609620478547e-07,97,1
3615,6051,-0.0572916666666666,1.324256640516602e-07,88,1
795,6052,-0.00390625,0.0003962626878799904,219,0
5889,6052,-0.00390625,0.00014632168764168931,227,0
1442,6054,-0.0632411067193675,4.1979512191221364e-07,82,1
1444,6054,-0.0237154150197628,6.249849720364247e-07,70,1
5335,6054,-0.0395256916996047,3.340705597598522e-07,77,1
6054,6055,-0.0077191350848639,5.526520705768618e-07,93,1
6054,6058,0.0209884486932009,4.79736200157872e-07,96,1
5335,6055,-0.0117647058823529,8.853132971506114e-07,86,1
2675,6057,-0.08203125,1.1481595470903991e-06,96,1
2676,6057,-0.00390625,1.06822751411188e-06,58,1
5335,6058,-0.0542635658914728,6.172821459316847e-07,89,1
2286,6059,-0.0121457489878542,0.00018619135257959266,230,0
2569,6059,-0.0080971659919028,0.0001269752593357037,232,0
3722,6059,-0.0364372469635627,0.00014508831288360244,250,0
4416,6059,-0.0040485829959514,4.960968986135827e-05,217,0
5199,6059,-0.0080971659919028,0.00018911881571816237,257,0
6059,6369,0.0040485829959514,0.00010891530131828931,230,0
2286,6060,-0.0077519379844961,0.0002655083366528478,251,0
2569,6060,-0.0193798449612403,0.00017388933261725447,253,0
2572,6060,-0.0077519379844961,0.0004490107102791631,224,0
3721,6060,-0.0387596899224806,9.177156623314148e-05,235,0
3722,6060,-0.0077519379844961,0.00020217366333589778,271,0
4416,6060,-0.0193798449612403,7.877902451541342e-05,238,0
4417,6060,-0.0271317829457364,0.00010728991507642567,218,0
5199,6060,-0.0348837209302325,0.00026268826606198,278,0
6060,6369,0.0310077519379844,0.00015995497064878478,251,0
2375,6063,-0.00390625,5.487435677396804e-07,81,1
1196,6064,-0.0700389105058365,4.811581222872988e-07,71,1
4070,6064,-0.0894941634241245,3.690310764100917e-07,64,1
5399,6064,-0.0272373540856031,6.306645298279917e-07,75,1
5595,6064,-0.0311284046692607,6.760723765470184e-07,66,1
5603,6064,-0.0194552529182879,1.1875344169984373e-06,65,1
2465,6078,-0.2392156862745098,1.2129107979605019e-06,23,1
6078,6079,-0.35546875,1.0603581719579666e-06,27,1
5918,6080,-0.2086614173228346,3.5051531363330026e-07,19,1
3238,6104,-0.0778210116731517,1.1326275672995722e-06,25,1
312,6107,-0.0157480314960629,6.171081357624507e-07,98,1
6112,6592,0.1341340114586844,4.4505614688356546e-07,11,1
1654,6115,-0.4007936507936508,1.9554864382939174e-07,19,1
2114,6122,-0.0157480314960629,1.1682545120198242e-06,58,1
2540,6123,-0.2093023255813953,6.679388011185493e-07,20,1
6124,6580,0.01171875,1.0958775404655249e-06,23,1
1746,6149,-0.0039215686274509,4.599088183323193e-05,241,0
2065,6149,-0.0196078431372549,0.0006385188586855377,261,0
3564,6149,-0.0039215686274509,9.358340105816122e-05,221,0
4577,6149,-0.0039215686274509,0.0005594697165793361,296,0
4723,6149,-0.0078431372549019,2.237879363999641e-05,269,0
4742,6149,-0.0039215686274509,2.1228449177719685e-05,264,0
2065,6150,-0.0116731517509727,0.00011468065941545523,255,0
4577,6150,-0.0077821011673151,9.958429200782469e-05,290,0
1334,6151,-0.0039370078740157,2.0973139078197835e-05,276,0
4579,6151,-0.0039370078740157,0.0001045517435985239,268,0
6151,6161,0.0039370078740157,3.620982320169474e-05,221,0
2500,6152,-0.0078431372549019,2.2428438504556328e-05,245,0
6152,6237,0.0039215686274509,9.244143464527831e-05,228,0
496,6153,-0.0039370078740157,8.806795818834652e-05,234,0
4580,6153,-0.0039370078740157,2.0467313883464246e-05,229,0
5815,6154,-0.0038910505836575,1.984254365559948e-05,254,0
34,6155,-0.00390625,9.452890001782009e-05,282,0
360,6155,-0.00390625,2.749181092435345e-05,269,0
1334,6155,-0.01171875,2.7140034556749465e-05,295,0
1712,6155,-0.00390625,2.959632436846764e-05,266,0
4579,6155,-0.01171875,6.988288788419717e-05,287,0
468,6160,-0.0039215686274509,2.4762583611665875e-05,261,0
687,6160,-0.0117647058823529,2.3071300563182575e-05,245,0
3331,6160,-0.0039215686274509,2.4473121234741367e-05,236,0
3626,6160,-0.0352941176470588,2.0813249730936545e-05,258,0
3630,6160,-0.0235294117647058,2.0012002103024312e-05,275,0
6160,6364,0.0117647058823529,2.1917187440060686e-05,249,0
375,6161,-0.0039215686274509,1.858409923058836e-05,216,0
471,6161,-0.0039215686274509,4.455650384333401e-05,232,0
749,6161,-0.0039215686274509,2.62865145621519e-05,254,0
2456,6161,-0.0039215686274509,5.736380607692094e-05,220,0
2740,6161,-0.0039215686274509,2.433570403812877e-05,235,0
2753,6161,-0.0078431372549019,2.5104227799390657e-05,225,0
3630,6161,-0.0039215686274509,4.873607266560952e-05,243,0
3860,6161,-0.0039215686274509,2.4182180840603563e-05,254,0
4110,6161,-0.0156862745098039,1.9225328031021867e-05,229,0
4111,6161,-0.0156862745098039,2.401423934569823e-05,229,0
375,6162,-0.0039370078740157,2.8954866017952924e-05,231,0
471,6162,-0.0039370078740157,5.411884804141126e-05,247,0
2696,6162,-0.0118110236220472,1.841100675868101e-05,255,0
3626,6162,-0.0039370078740157,6.450132851107122e-05,241,0
4110,6162,-0.0078740157480314,2.8568262706811005e-05,244,0
2752,6163,-0.0078125,2.1022977237837333e-05,317,0
2894,6163,-0.00390625,0.0002127002590345757,243,0
2002,6164,-0.0118110236220472,2.543808632276698e-05,240,0
2495,6164,-0.0157480314960629,3.904842958019652e-05,274,0
2739,6164,-0.0118110236220472,7.576291354139352e-05,279,0
2743,6164,-0.0039370078740157,4.015065279675688e-05,286,0
2745,6164,-0.0039370078740157,9.825949724455514e-05,287,0
2894,6164,-0.0039370078740157,8.351742393187967e-05,224,0
3331,6164,-0.0196850393700787,3.024601598531026e-05,232,0
3626,6164,-0.0039370078740157,2.486044206110934e-05,254,0
3637,6164,-0.0039370078740157,5.513333693983062e-05,244,0
3643,6164,-0.0039370078740157,2.779022957110061e-05,274,0
3644,6164,-0.0039370078740157,8.684216982224698e-05,228,0
6164,6342,0.0039370078740157,0.00010335100406603387,251,0
6164,6364,0.0039370078740157,2.4993927834877098e-05,245,0
471,6165,-0.0078431372549019,4.690667572320781e-05,244,0
614,6165,-0.0078431372549019,2.0055126270903707e-05,217,0
2001,6165,-0.0078431372549019,2.388706369760935e-05,259,0
2753,6165,-0.0078431372549019,2.7712256548675053e-05,237,0
3626,6165,-0.0039215686274509,5.206412418326685e-05,238,0
4109,6165,-0.0039215686274509,2.0814090048139312e-05,254,0
4111,6165,-0.0156862745098039,2.6222471319254818e-05,241,0
5741,6165,-0.0039215686274509,2.4291282921718593e-05,234,0
2740,6166,-0.0078125,1.8686049401209838e-05,241,0
2753,6166,-0.0078125,1.9485973058304932e-05,231,0
3626,6166,-0.0078125,4.125783941054256e-05,232,0
4111,6166,-0.01171875,1.9023077444125745e-05,235,0
2745,6167,-0.0116731517509727,0.00014421878220899042,272,0
471,6168,-0.015625,3.553358308428668e-05,270,0
2001,6168,-0.015625,1.9833156302762306e-05,285,0
2740,6168,-0.01171875,2.1869801116491138e-05,273,0
3630,6168,-0.00390625,4.309204170547716e-05,281,0
4111,6168,-0.03125,2.229844286902602e-05,267,0
375,6169,-0.0077220077220077,2.976232927829143e-05,259,0
457,6169,-0.0038610038610038,2.7274127644574005e-05,292,0
471,6169,-0.0077220077220077,7.031069643823743e-05,275,0
809,6169,-0.0154440154440154,1.9593981607142944e-05,287,0
2001,6169,-0.0077220077220077,3.404778926730611e-05,290,0
2740,6169,-0.0038610038610038,3.7880553559790234e-05,278,0
2753,6169,-0.0115830115830115,4.010142413701797e-05,268,0
3626,6169,-0.0115830115830115,7.760265353936669e-05,269,0
3628,6169,-0.027027027027027,1.9615847791737015e-05,272,0
4109,6169,-0.0193050193050193,2.52392148474595e-05,285,0
4110,6169,-0.054054054054054,3.1748204145938186e-05,272,0
2743,6170,-0.0078740157480314,3.1594997948406965e-05,279,0
3331,6170,-0.0039370078740157,2.4700689556806448e-05,225,0
3626,6170,-0.0078740157480314,2.1192026737970555e-05,247,0
3630,6170,-0.0039370078740157,2.0339806056604482e-05,264,0
6170,6364,0.0039370078740157,2.2131340703485076e-05,238,0
2499,6171,-0.01171875,3.5951624081227114e-05,333,0
4108,6171,-0.00390625,3.410175029818507e-05,290,0
4133,6171,-0.0078125,1.8853451080055287e-05,341,0
375,6172,-0.02734375,1.9015021863060814e-05,252,0
471,6172,-0.015625,3.8012612112387254e-05,268,0
2740,6172,-0.0078125,2.367558311191973e-05,271,0
2753,6172,-0.0078125,2.4981756401668446e-05,261,0
3626,6172,-0.00390625,4.485181628634176e-05,262,0
4110,6172,-0.02734375,1.8957169209448487e-05,265,0
4111,6172,-0.00390625,2.383122482487155e-05,265,0
6173,6185,-0.0348575712143928,8.112303785663212e-07,93,1
6173,6278,-0.3475415070242657,2.9557416249653326e-07,80,1
2763,6175,-0.0078125,8.434003783530431e-07,96,1
6175,6441,0.0195918120155038,4.2936038026679794e-07,87,1
6176,6280,0.085922181372549,3.9857662443862055e-07,76,1
6176,6282,0.140625,1.1001317287901845e-06,79,1
350,6177,-0.0745098039215686,4.689170340663273e-07,73,1
2765,6177,-0.0588235294117647,3.5423489535994394e-07,85,1
3396,6177,-0.2039215686274509,6.074297966837052e-07,79,1
6177,6178,0.1059433890287632,2.3274152774692753e-07,86,1
1490,6178,-0.0155642023346303,9.910624733807714e-07,76,1
1491,6178,-0.0233463035019455,4.6737084627232796e-07,73,1
2765,6178,-0.1050583657587548,2.95373607378821e-07,77,1
5619,6178,-0.0505836575875486,9.052591733046407e-07,75,1
3278,6179,-0.0039215686274509,5.989407283673435e-07,49,1
3393,6179,-0.2,8.548780319842274e-07,58,1
6180,6183,0.27734375,8.672969582039042e-07,57,1
6180,6189,0.015625,9.486340951994916e-07,85,1
6180,6190,0.34765625,1.6280759320267165e-07,59,1
2470,6183,-0.3828125,7.973464962223952e-07,74,1
1535,6184,-0.01171875,2.1080199122881746e-07,89,1
4979,6185,-0.0241545893719806,9.420197323836136e-07,81,1
6185,6278,-0.0249597423510467,2.598603081327736e-07,79,1
6185,6300,-0.0562212332154132,1.5763391807284485e-07,97,1
1051,6186,-0.0116731517509727,1.1186940834766335e-06,86,1
4990,6186,-0.0038910505836575,3.48548240902223e-07,74,1
6186,6299,0.1011673151750972,1.1434642827597673e-06,90,1
6186,6301,0.0233463035019455,7.4639485103342e-07,75,1
1051,6187,-0.0234375,4.577623911906331e-07,86,1
2932,6187,-0.09765625,1.2131720538363125e-06,86,1
2934,6187,-0.00390625,8.897573453430487e-07,66,1
3100,6187,-0.0234375,5.977293631782733e-07,78,1
6187,6299,0.01953125,9.617019567730507e-07,90,1
2701,6188,-0.0196078431372549,3.581309264245672e-07,94,1
6189,6190,0.0196850393700787,8.721695842250254e-07,88,1
90,6190,-0.0549019607843137,1.1911764268490105e-06,80,1
6183,6190,-0.3254901960784314,5.582995917080551e-07,60,1
2470,6196,-0.0386100386100386,1.2172721886190768e-06,86,1
6196,6435,-0.1192688223938223,4.3001581682912434e-07,72,1
4230,6197,-0.0274509803921568,1.0972796210480237e-06,91,1
1524,6199,-0.05078125,3.8887021327753563e-07,44,1
6199,6437,-0.01127796692607,1.062417418603156e-06,37,1
6199,6458,-0.0230755308880308,5.865313714267304e-07,39,1
2752,6206,-0.0039215686274509,4.045447127255778e-05,261,0
1550,6208,-0.0039215686274509,5.548815453306808e-05,235,0
6208,6464,0.0039215686274509,0.000718102012369296,235,0
1607,6209,-0.0078431372549019,2.1449448862834543e-05,252,0
4836,6209,-0.0392156862745098,7.727182001808307e-05,226,0
6209,6335,0.0156862745098039,2.89166591462428e-05,267,0
6209,6342,0.0039215686274509,2.5350065151021093e-05,220,0
6209,6464,0.0117647058823529,0.00010275193559840407,215,0
6209,6483,0.0078431372549019,2.519543250352901e-05,245,0
391,6210,-0.01171875,0.0001595411637949955,270,0
1549,6210,-0.00390625,3.59448962912912e-05,254,0
1607,6210,-0.01171875,0.0001241174648811795,312,0
1608,6210,-0.0078125,0.00025634012872631837,314,0
1609,6210,-0.08203125,2.6683610576692367e-05,279,0
1896,6210,-0.02734375,6.336899571361394e-05,281,0
2745,6210,-0.0078125,8.491772646205609e-05,316,0
2791,6210,-0.0078125,0.00026645127268351847,272,0
4836,6210,-0.0390625,0.00023463225503981408,286,0
6210,6334,0.03125,3.6422102385031197e-05,318,0
6210,6335,0.0078125,0.00016223486176931992,327,0
6210,6338,0.00390625,4.587723594440261e-05,244,0
6210,6339,0.03515625,0.00020123449727098557,274,0
6210,6341,0.00390625,5.950582718041043e-05,258,0
6210,6463,0.0703125,2.067559173164202e-05,272,0
6210,6464,0.02734375,0.0003707040466644136,275,0
6210,6465,0.00390625,0.0004102387795760027,263,0
6210,6483,0.00390625,0.00014939409591598497,305,0
6210,6484,0.00390625,0.0002789103414104103,293,0
2743,6211,-0.0077220077220077,2.543812082066345e-05,225,0
1724,6212,-0.0078740157480314,0.0001857007359798046,227,0
2752,6212,-0.0039370078740157,2.7257644414645513e-05,258,0
2418,6214,-0.003875968992248,2.2436747722994162e-07,90,1
6214,6216,0.0541414881279374,2.140262919320958e-07,91,1
6214,6224,0.0542334027086538,2.0880899708799427e-07,97,1
6214,6229,0.003875968992248,3.7718018865178813e-07,87,1
6214,6452,0.0736434108527131,4.822074946925967e-07,95,1
6214,6453,0.0581244532923114,5.299307858654482e-07,98,1
6214,6460,0.0851804748062015,3.0191368389609066e-07,90,1
6214,6512,0.0116128253853346,5.345401645480533e-07,91,1
400,6216,-0.0393700787401574,1.6534912903973516e-07,83,1
1593,6216,-0.0551181102362204,3.2619416237807304e-07,90,1
1596,6216,-0.1771653543307086,7.109562733813466e-07,71,1
2418,6216,-0.1102362204724409,4.55348339209646e-07,83,1
6216,6224,0.0436747449370385,4.6462944999424946e-07,90,1
6216,6229,0.0196850393700787,2.305022432439528e-07,80,1
6216,6452,0.0905511811023622,7.885317465069475e-07,88,1
1550,6217,-0.0038910505836575,2.825234849104114e-05,250,0
2745,6217,-0.0038910505836575,0.00026986047293730734,291,0
6217,6334,0.0116731517509727,0.00010671420223674942,293,0
469,6218,-0.0078125,7.609659828942168e-05,224,0
2752,6218,-0.00390625,2.864382595132686e-05,275,0
1607,6219,-0.01171875,3.507839970454495e-05,266,0
1608,6219,-0.01171875,5.825629349685567e-05,268,0
2745,6219,-0.00390625,2.2352033644026288e-05,270,0
3635,6219,-0.00390625,4.252066781419301e-05,244,0
6219,6335,0.0078125,3.9673366211116544e-05,281,0
353,6221,-0.0666666666666666,5.255800621735229e-07,93,1
6221,6459,0.0196078431372549,2.4171989603924866e-07,77,1
1505,6223,-0.046875,4.7047841772804794e-07,68,1
1732,6223,-0.07421875,4.2242633304781574e-07,83,1
2024,6223,-0.04296875,7.210733694467822e-07,71,1
3272,6223,-0.1015625,4.785318187114217e-07,71,1
4285,6223,-0.02734375,4.367738444119354e-07,95,1
4287,6223,-0.00390625,9.138110415691971e-07,91,1
4294,6223,-0.03515625,9.415236733924369e-07,58,1
4845,6223,-0.06640625,3.827347337174332e-07,72,1
4846,6223,-0.0390625,4.680414935757946e-07,91,1
6224,6460,-1.5199416342412396e-05,2.2728702225959875e-07,89,1
1596,6226,-0.05078125,5.659156922729378e-07,59,1
2417,6226,-0.03515625,9.048842445640408e-07,58,1
6226,6452,0.02734375,1.0855521878159461e-06,76,1
6226,6459,-0.0090631175889328,7.125599926349303e-07,60,1
4291,6227,-0.0039215686274509,8.361061241530587e-07,93,1
6227,6459,-0.0398666976672091,4.484625156549128e-07,84,1
390,6228,-0.0155038759689922,9.085721971129134e-07,57,1
2481,6228,-0.0891472868217054,2.5711656177683857e-07,77,1
2744,6228,-0.0116279069767441,1.039060896979855e-06,80,1
3639,6228,-0.0813953488372093,2.7533386618836966e-07,78,1
3641,6228,-0.0852713178294573,3.537102058372471e-07,95,1
6222,6228,-0.0271317829457364,1.088916382565801e-06,54,1
6228,6347,0.003875968992248,1.0059226095785349e-06,94,1
6224,6229,-0.0155038759689922,6.032820223362481e-07,86,1
6229,6452,-0.0041787790697674,6.174474978626105e-07,84,1
6229,6459,-0.0003064007108496,1.0475349272970274e-06,68,1
6229,6512,0.0115977437939251,2.868118971841193e-07,80,1
1010,6231,-0.1215686274509803,7.63527947155711e-07,66,1
4845,6231,-0.0745098039215686,5.313385561704712e-07,69,1
1949,6234,-0.0140845070422535,3.8140741907004833e-07,73,1
2475,6234,-0.0422535211267605,3.5096020836868896e-07,91,1
2701,6234,-0.0140845070422535,6.871351084420546e-07,82,1
3684,6234,-0.0140845070422535,2.7934282554247446e-07,78,1
4813,6234,-0.028169014084507,5.78009796029368e-07,73,1
6234,6520,0.0140845070422535,4.0039468566764514e-07,87,1
1607,6237,-0.00390625,8.427025793574017e-05,294,0
1608,6237,-0.0078125,0.00011994148580454339,296,0
1609,6237,-0.00390625,0.0006997133201627622,261,0
2745,6237,-0.03515625,3.931796447316263e-05,298,0
3635,6237,-0.0078125,7.89634568823876e-05,272,0
6237,6334,0.03125,2.8949022664486336e-05,300,0
6237,6335,0.0078125,8.476247881324883e-05,309,0
6237,6342,0.00390625,4.619738961368553e-05,262,0
6237,6463,0.00390625,0.00033799439353838584,254,0
6237,6483,0.0078125,8.647746979463194e-05,287,0
6237,6595,0.01171875,0.00014388614656202442,305,0
1607,6238,-0.0039370078740157,0.0001768297050307971,292,0
3873,6238,-0.0039370078740157,5.229244866355293e-05,299,0
187,6239,-0.0077220077220077,0.00010986085712209023,277,0
1330,6239,-0.0038610038610038,2.7700838584092377e-05,306,0
2487,6239,-0.0115830115830115,2.6980363089268286e-05,279,0
2739,6239,-0.0077220077220077,2.0765152323516368e-05,322,0
2745,6239,-0.0077220077220077,5.4543320677005006e-05,330,0
2894,6239,-0.0077220077220077,6.088938348850928e-05,267,0
6239,6334,0.0077220077220077,5.90566636903864e-05,332,0
6239,6335,0.0193050193050193,0.0001232079332779808,341,0
6239,6342,0.0038610038610038,6.0284499906138614e-05,294,0
6239,6485,0.0308880308880308,3.9915711980949776e-05,315,0
6239,6595,0.0077220077220077,0.0002006641869322898,337,0
1607,6240,-0.00390625,0.00016795873537471125,287,0
2745,6240,-0.0078125,0.00010108324096805365,291,0
3631,6241,-0.0039215686274509,2.446052852583776e-05,305,0
3873,6241,-0.0039215686274509,4.656764435120226e-05,301,0
2456,6242,-0.0039215686274509,1.9346248398598807e-05,240,0
2743,6242,-0.0078431372549019,1.894258536721724e-05,278,0
687,6243,-0.0039370078740157,2.6765193397457397e-05,220,0
2743,6243,-0.0039370078740157,3.071632986128259e-05,265,0
3626,6243,-0.0039370078740157,2.316082169467199e-05,233,0
3630,6243,-0.0039370078740157,1.8910632080495468e-05,250,0
3873,6243,-0.0039370078740157,3.853767837191503e-05,269,0
1328,6244,-0.003875968992248,4.986517764860069e-05,235,0
2001,6244,-0.003875968992248,2.4332278250579577e-05,251,0
2694,6244,-0.003875968992248,1.9351951067528163e-05,232,0
3873,6244,-0.003875968992248,2.3309471331452556e-05,266,0
3631,6245,-0.0116731517509727,3.330737656514664e-05,306,0
3873,6245,-0.0038910505836575,4.342274675924566e-05,302,0
2456,6246,-0.0079051383399209,1.8613198994719675e-05,248,0
2743,6246,-0.0039525691699604,1.8821337086629512e-05,286,0
809,6248,-0.0038910505836575,1.9249210046753528e-05,219,0
2501,6249,-0.0588235294117647,3.48519731171902e-07,96,1
3175,6249,-0.0235294117647058,4.612347686976157e-07,98,1
126,6250,-0.0078740157480314,2.7864235436471178e-05,264,0
808,6250,-0.0039370078740157,4.633999826860349e-05,274,0
2310,6251,-0.0077821011673151,2.2982618201187057e-05,253,0
6239,6251,-0.0038910505836575,4.167422106083936e-05,297,0
4108,6252,-0.0039370078740157,7.08219614947806e-05,264,0
6237,6252,-0.0157480314960629,4.321468036050443e-05,288,0
1973,6253,-0.0039215686274509,7.074992592425668e-05,276,0
2424,6253,-0.0039215686274509,8.179740425162763e-05,249,0
3859,6253,-0.0039215686274509,2.687387721108033e-05,280,0
5734,6253,-0.0039215686274509,3.911584558678468e-05,217,0
1517,6256,-0.12109375,1.5988952020977953e-07,67,1
1817,6256,-0.0078125,8.101726214751948e-07,63,1
2900,6256,-0.00390625,7.957572836536884e-07,61,1
2901,6256,-0.00390625,1.8531673422328647e-07,56,1
3307,6256,-0.03125,6.907829617230309e-07,63,1
4993,6256,-0.02734375,1.1973505507112103e-06,63,1
2707,6257,-0.0084033613445378,7.729498273094718e-07,19,1
4088,6258,-0.0336134453781512,5.717386176360007e-07,27,1
384,6260,-0.2244094488188976,9.570912646539533e-07,54,1
823,6260,-0.0472440944881889,4.52931919840974e-07,49,1
1521,6260,-0.0984251968503937,5.594312377286889e-07,71,1
2436,6260,-0.0708661417322834,4.6936415606248176e-07,59,1
4168,6260,-0.1181102362204724,2.2464368795751448e-07,57,1
6260,6262,0.0118110236220472,9.714437465302363e-07,59,1
6260,6263,0.0354330708661417,4.713377939706394e-07,45,1
823,6261,-0.0311284046692607,9.343420348462491e-07,57,1
1585,6261,-0.0233463035019455,1.932581639919258e-07,60,1
2121,6261,-0.0116731517509727,2.670218699682884e-07,76,1
4968,6261,-0.2840466926070039,6.131207934700057e-07,69,1
6261,6267,0.22568093385214,3.406983776582375e-07,65,1
2907,6262,-0.0546875,5.225123282464439e-07,71,1
6262,6285,0.0432727383268482,3.73462441779604e-07,55,1
362,6264,-0.035,2.2365510679183333e-07,74,1
1585,6264,-0.01,6.665006845254355e-07,62,1
2121,6264,-0.065,7.305963487165213e-07,78,1
4968,6264,-0.015,6.960691071379784e-07,71,1
4969,6264,-0.03,4.2083463364678797e-07,81,1
6261,6264,-0.035,3.9955073893357915e-07,64,1
6264,6267,0.025,6.857767279715949e-07,67,1
384,6265,-0.627906976744186,7.026548429111879e-07,67,1
2010,6265,-0.1162790697674418,7.676165909267183e-07,87,1
2436,6265,-0.0697674418604651,7.274305260338287e-07,72,1
81,6267,-0.1058823529411764,6.150878502015481e-07,61,1
2435,6267,-0.0823529411764705,4.007000676008277e-07,62,1
4150,6267,-0.0039215686274509,9.990789318971273e-07,96,1
6267,6270,0.1450980392156863,1.0420881067801857e-06,67,1
2932,6270,-0.0196850393700787,5.391275050976433e-07,85,1
4150,6270,-0.0393700787401574,4.4803944181539835e-07,95,1
6270,6281,0.0078740157480314,2.1605633294763005e-07,54,1
2701,6271,-0.0517928286852589,9.08127930814124e-07,96,1
473,6275,-0.1011673151750972,5.970387168421407e-07,95,1
1526,6275,-0.0622568093385214,2.2178285242427612e-07,94,1
6272,6275,-0.0116731517509727,4.10972577743862e-07,96,1
6275,6277,0.0350194552529182,7.813011875923017e-07,98,1
6275,6441,0.0622568093385214,1.0449455532648957e-06,92,1
4890,6277,-0.07421875,1.0729124230248126e-06,89,1
6272,6277,-0.00390625,5.972479488933547e-07,92,1
6278,6300,-0.0129775444736074,4.7238698189767796e-07,84,1
6280,6282,0.0666356661241571,8.336662333780867e-07,79,1
2932,6281,-0.0857142857142857,4.2203755421240644e-07,73,1
4149,6281,-0.0285714285714285,2.991470862684506e-07,57,1
4152,6281,-0.0571428571428571,8.866360554096867e-07,88,1
4170,6283,-0.0588235294117647,1.1376995422433671e-06,39,1
6283,6285,0.0392156862745098,4.0829009465638715e-07,36,1
1592,6284,-0.0233463035019455,1.710358539243446e-07,80,1
2478,6284,-0.0933852140077821,5.934000451168804e-07,98,1
4980,6284,-0.3229571984435798,6.174418142782705e-07,71,1
4981,6284,-0.0233463035019455,2.1725320886545595e-07,84,1
81,6286,-0.1422924901185771,1.9790129007501267e-07,46,1
4171,6286,-0.1304347826086956,4.129257189600226e-07,45,1
6270,6286,-0.0197628458498023,4.82892772814363e-07,52,1
1532,6287,-0.189873417721519,2.7480420211009887e-07,73,1
2441,6287,-0.3206751054852321,3.3810947979932855e-07,72,1
2474,6287,-0.0084388185654008,8.742800501816908e-07,77,1
3408,6287,-0.0084388185654008,4.857856422158898e-07,77,1
4164,6287,-0.0379746835443038,1.6273981807145426e-07,82,1
1493,6289,-0.0856031128404669,7.081376600716499e-07,71,1
1535,6289,-0.0739299610894941,1.2131573514490808e-06,77,1
4973,6289,-0.0428015564202334,1.0480357739689915e-06,77,1
6184,6289,-0.0428015564202334,5.89215398935477e-07,76,1
4854,6292,-0.0149253731343283,1.885385382604287e-05,220,0
4157,6294,-0.019108280254777,5.018257860257774e-07,75,1
820,6295,-0.0980392156862745,1.0702663870150453e-06,69,1
4854,6296,-0.0078431372549019,2.179879243311115e-05,224,0
1535,6300,-0.0118110236220472,1.0532776042610816e-06,96,1
1051,6301,-0.0705882352941176,1.852030360704555e-07,93,1
2932,6301,-0.0784313725490196,4.550298889915502e-07,93,1
2934,6301,-0.1333333333333333,3.260357954783636e-07,73,1
3100,6301,-0.0156862745098039,2.2152068454666695e-07,85,1
3102,6301,-0.0392156862745098,3.531542992072448e-07,77,1
2724,6306,-0.5,4.5176631259255025e-07,31,1
3328,6307,-0.112781954887218,7.86215438465393e-07,6,1
4805,6309,-0.1413043478260869,6.936526751780132e-07,18,1
6309,6356,0.0326086956521739,8.042418873432737e-07,13,1
4690,6310,-0.01953125,1.134462791771545e-06,61,1
6310,6326,0.015625,4.6367056599000354e-07,32,1
6311,6326,0.0352941176470588,8.280535535145085e-07,34,1
4690,6313,-0.0193798449612403,1.1732292638085995e-06,70,1
4797,6314,-0.1935483870967742,3.2394179355988684e-07,29,1
6304,6314,-0.4838709677419355,5.83359030962802e-07,36,1
999,6316,-0.0290697674418604,3.916903090627608e-07,68,1
1608,6319,-0.0379746835443038,7.492173990107193e-05,216,0
4689,6324,-0.3214285714285714,6.774012504972306e-07,12,1
5199,6325,-0.0476190476190476,0.00014197720266230908,215,0
967,6327,-0.1288343558282208,5.604637294526464e-07,29,1
502,6328,-0.375,2.0769376545846098e-07,10,1
2869,6328,-0.5625,2.0769376545846098e-07,10,1
2448,6329,-0.1657142857142857,1.6226376551617536e-07,36,1
3640,6329,-0.1657142857142857,3.143626849667226e-07,37,1
4290,6332,-0.0075187969924812,5.612515806856136e-07,73,1
6227,6332,-0.037593984962406,1.233205410472002e-06,84,1
6333,6462,0.0544747081712062,7.998886201458668e-07,79,1
991,6334,-0.0038910505836575,5.641833070991066e-05,298,0
2791,6334,-0.0583657587548638,2.1915025988282245e-05,258,0
4777,6334,-0.0038910505836575,3.817232388207838e-05,306,0
4908,6334,-0.1439688715953307,7.627249206158658e-05,225,0
135,6335,-0.0234375,6.150933567089217e-05,333,0
391,6335,-0.01171875,2.3067828864153156e-05,265,0
789,6335,-0.0078125,2.2099260858824653e-05,286,0
2791,6335,-0.05859375,5.323752712648243e-05,267,0
3342,6335,-0.00390625,4.532239769509725e-05,280,0
3375,6335,-0.015625,2.7161726048216004e-05,264,0
4030,6335,-0.0078125,3.4664528154430135e-05,274,0
4031,6335,-0.00390625,3.675252322425806e-05,291,0
4776,6335,-0.00390625,2.3305180027313e-05,284,0
4780,6335,-0.00390625,1.907831451404043e-05,282,0
4836,6335,-0.05078125,4.359333566772827e-05,281,0
4908,6335,-0.05859375,0.0002453041513771944,234,0
5842,6335,-0.00390625,2.3437135214898885e-05,260,0
5870,6335,-0.0078125,1.854241417295361e-05,275,0
5873,6335,-0.04296875,4.377323269348259e-05,301,0
6335,6461,0.0078125,4.073034042464688e-05,234,0
6335,6464,0.04296875,4.3936108233008345e-05,270,0
6335,6465,0.02734375,2.7451512075588975e-05,258,0
22,6336,-0.0118577075098814,0.00017194374141944095,240,0
62,6336,-0.0039525691699604,2.7835949732184573e-05,215,0
777,6336,-0.0039525691699604,3.41495128808957e-05,249,0
1352,6336,-0.0276679841897233,2.098187138007666e-05,250,0
1540,6336,-0.0118577075098814,4.163419439909477e-05,278,0
1609,6336,-0.0118577075098814,8.126944351915522e-05,237,0
1896,6336,-0.0039525691699604,0.0001739296115788745,239,0
1995,6336,-0.0592885375494071,4.1006538867103574e-05,263,0
2404,6336,-0.0039525691699604,0.00026082206209964223,277,0
2426,6336,-0.0039525691699604,2.816481346711208e-05,220,0
2791,6336,-0.0039525691699604,0.000811515586900045,230,0
3169,6336,-0.0118577075098814,0.00021118821594668855,259,0
3375,6336,-0.0118577075098814,0.00023576981243645347,227,0
3974,6336,-0.0079051383399209,5.896871580958868e-05,279,0
3984,6336,-0.0158102766798418,0.00011245787037005782,225,0
4034,6336,-0.0039525691699604,2.5849633096232776e-05,278,0
4836,6336,-0.0158102766798418,0.0008739803758348901,244,0
5708,6336,-0.0197628458498023,0.0003634959302845757,265,0
5718,6336,-0.0039525691699604,0.00013474334964637288,238,0
5723,6336,-0.0316205533596837,4.044261373313761e-05,238,0
5788,6336,-0.0158102766798418,0.0001363472553653248,246,0
5792,6336,-0.0276679841897233,0.00025890692093820476,261,0
5795,6336,-0.0158102766798418,8.97347066458808e-05,232,0
5832,6336,-0.0118577075098814,4.7021205336545885e-05,253,0
5834,6336,-0.0039525691699604,5.94552477752767e-05,275,0
5837,6336,-0.0039525691699604,2.3581255066527022e-05,242,0
5864,6336,-0.0237154150197628,0.00011413530842958941,271,0
5866,6336,-0.0039525691699604,0.00022231677589789424,246,0
6336,6339,0.0079051383399209,5.137500740077807e-05,232,0
6336,6342,0.0039525691699604,1.9329729239224762e-05,238,0
6336,6463,0.0039525691699604,8.583511586822755e-05,230,0
6336,6465,0.0079051383399209,0.0004304781082765326,221,0
6336,6594,0.0039525691699604,0.0003378992448913178,215,0
6337,6462,0.002818035426731,9.917170987593004e-07,91,1
2482,6340,-0.0084745762711864,5.406163589081402e-07,97,1
2483,6340,-0.0169491525423728,9.732495423292932e-07,82,1
4280,6340,-0.0127118644067796,7.635287468449514e-07,98,1
135,6342,-0.0428015564202334,4.365830937920633e-05,286,0
617,6342,-0.0116731517509727,2.513788513506605e-05,239,0
1368,6342,-0.0272373540856031,2.2027758115922118e-05,257,0
1540,6342,-0.0116731517509727,0.00011750669519308423,268,0
1609,6342,-0.0038910505836575,2.146940858308707e-05,227,0
1988,6342,-0.0038910505836575,5.460136732783137e-05,221,0
1995,6342,-0.0038910505836575,9.522756775787003e-05,253,0
2314,6342,-0.0038910505836575,2.4514219981367167e-05,221,0
3342,6342,-0.0155642023346303,3.493696257519324e-05,233,0
3974,6342,-0.0116731517509727,0.00019913910825670767,269,0
4026,6342,-0.0272373540856031,0.00018383714100293324,282,0
4030,6342,-0.0116731517509727,3.9026456372036396e-05,227,0
4031,6342,-0.0077821011673151,2.372307933474483e-05,244,0
4034,6342,-0.0038910505836575,5.625448868499836e-05,268,0
4775,6342,-0.0311284046692607,2.888264047259373e-05,247,0
4776,6342,-0.0077821011673151,4.335606411554955e-05,237,0
4777,6342,-0.0038910505836575,2.39324162097744e-05,268,0
4778,6342,-0.0077821011673151,3.963732837376905e-05,225,0
4780,6342,-0.0116731517509727,3.975574874611846e-05,235,0
4836,6342,-0.0038910505836575,0.00019616648019213855,234,0
5832,6342,-0.0077821011673151,0.00016462198488343316,243,0
5837,6342,-0.0038910505836575,5.442723406644095e-05,232,0
5839,6342,-0.0311284046692607,4.978677910836656e-05,256,0
5870,6342,-0.0155642023346303,2.082977784281337e-05,228,0
5873,6342,-0.0661478599221789,2.3894179909534382e-05,254,0
4026,6343,-0.0077519379844961,2.0210427390745846e-05,259,0
789,6346,-0.0078431372549019,2.694550764071974e-05,251,0
1368,6346,-0.0196078431372549,3.187546626390062e-05,269,0
2449,6346,-0.0078431372549019,1.9095483308169662e-05,267,0
2791,6346,-0.0117647058823529,3.4716314108589776e-05,232,0
3344,6346,-0.0352941176470588,2.228681340113777e-05,255,0
4031,6346,-0.0039215686274509,4.696635887188802e-05,256,0
4775,6346,-0.0078431372549019,3.78016536840411e-05,259,0
4777,6346,-0.0156862745098039,2.1660655440462246e-05,280,0
5870,6346,-0.0039215686274509,3.051421709139085e-05,240,0
5873,6346,-0.0078431372549019,5.325810081232036e-05,266,0
6346,6464,0.0117647058823529,4.395819538964824e-05,235,0
6346,6465,0.0078431372549019,2.7200635008620435e-05,223,0
6346,6594,0.0078431372549019,2.0990633876059962e-05,217,0
689,6347,-0.211340206185567,7.487537687700364e-07,76,1
1338,6349,-0.0154440154440154,7.77362392049934e-05,239,0
2404,6349,-0.0038610038610038,9.551133859602313e-05,237,0
3169,6349,-0.0115830115830115,3.0351793575208145e-05,219,0
5708,6349,-0.0154440154440154,6.260231670481722e-05,225,0
5792,6349,-0.0038610038610038,3.5996983823906604e-05,221,0
4786,6351,-0.16015625,7.446170247526546e-07,76,1
6350,6352,-0.0038910505836575,1.0400700542344829e-06,92,1
2096,6353,-0.01171875,1.574452209070991e-07,88,1
2450,6353,-0.01171875,4.85224271932007e-07,67,1
4782,6353,-0.04296875,2.441085630146628e-07,80,1
4784,6353,-0.0078125,8.280043359183205e-07,92,1
4793,6353,-0.01953125,3.301199412601431e-07,83,1
6320,6353,-0.01171875,1.1712398298722731e-06,61,1
6353,6361,-0.058078972868217,1.1222335398256667e-07,73,1
135,6357,-0.0196850393700787,1.9220598271882e-05,251,0
1608,6357,-0.0196850393700787,3.089182457464154e-05,227,0
6335,6357,-0.0039370078740157,5.879333133617207e-05,240,0
3974,6358,-0.0433070866141732,2.3701577683089823e-05,235,0
5834,6358,-0.0275590551181102,2.657876630555493e-05,231,0
5864,6358,-0.0118110236220472,3.3292914659902315e-05,227,0
5864,6359,-0.00390625,2.177420567265931e-05,227,0
84,6360,-0.0038910505836575,2.6483323547726284e-07,96,1
374,6360,-0.1322957198443579,3.6140534298336014e-07,84,1
616,6360,-0.0544747081712062,1.4468563661090624e-07,97,1
997,6360,-0.0194552529182879,2.1383624959955397e-07,93,1
2096,6360,-0.0155642023346303,2.497677270178957e-07,96,1
4037,6360,-0.046692607003891,2.148623232296749e-07,94,1
4782,6360,-0.0311284046692607,2.446489198117492e-07,88,1
4794,6360,-0.0077821011673151,4.141388572520529e-07,79,1
4798,6360,-0.0077821011673151,1.7512766182539527e-07,92,1
6353,6360,-0.0233463035019455,2.313605495119088e-07,86,1
6360,6361,0.0194552529182879,2.6587558133439644e-07,81,1
997,6361,-0.003875968992248,1.9447867223712608e-07,80,1
2096,6361,-0.0077519379844961,2.275113808580639e-07,83,1
2450,6361,-0.0232558139534883,2.058620427225931e-07,62,1
2453,6361,-0.0077519379844961,1.2940490583074068e-07,64,1
4782,6361,-0.0736434108527131,2.0474181034536156e-07,75,1
4784,6361,-0.0697674418604651,8.641394714142989e-07,87,1
4793,6361,-0.0581395348837209,4.266486381464519e-07,78,1
6351,6361,-0.0077519379844961,3.6349084950041843e-07,58,1
571,6362,-0.0038910505836575,3.8449565853979494e-05,230,0
3138,6362,-0.0038910505836575,5.471057952225786e-05,219,0
3508,6362,-0.0116731517509727,2.6334714246937015e-05,248,0
4377,6362,-0.0038910505836575,9.935465984025978e-05,255,0
5712,6362,-0.0038910505836575,0.0001220632329014551,217,0
5714,6362,-0.0038910505836575,7.21381011194828e-05,224,0
5787,6362,-0.0038910505836575,5.3581369682519915e-05,215,0
2745,6363,-0.00390625,2.059926657862395e-05,242,0
6363,6483,0.00390625,3.3416518478996214e-05,231,0
6363,6595,0.01171875,7.423598074321447e-05,249,0
3344,6364,-0.00390625,2.287928710277321e-05,237,0
4836,6364,-0.0546875,6.566517679918448e-05,228,0
6364,6464,0.03125,7.096622978144574e-05,217,0
1561,6365,-0.375,1.7682494024595202e-07,20,1
569,6367,-0.0155038759689922,0.00010404699443669078,240,0
737,6367,-0.0077519379844961,7.001048424409915e-05,241,0
1211,6367,-0.003875968992248,0.0001800527122651244,215,0
1301,6367,-0.0193798449612403,1.8359509435055513e-05,224,0
1302,6367,-0.0077519379844961,2.1512755021945335e-05,220,0
1697,6367,-0.0077519379844961,5.947865001748562e-05,215,0
1824,6367,-0.0542635658914728,5.494297426794416e-05,230,0
2220,6367,-0.0155038759689922,0.00010081311124605937,236,0
2459,6367,-0.003875968992248,2.219289645770765e-05,225,0
2569,6367,-0.003875968992248,4.535033748603363e-05,276,0
2572,6367,-0.0077519379844961,1.9158909596760392e-05,247,0
3130,6367,-0.003875968992248,5.894638340041038e-05,225,0
3131,6367,-0.0116279069767441,4.817689328168636e-05,227,0
3722,6367,-0.1162790697674418,6.600090411687656e-05,294,0
3734,6367,-0.0077519379844961,2.9058796941665053e-05,218,0
3808,6367,-0.0155038759689922,6.806191590977712e-05,234,0
3809,6367,-0.0077519379844961,4.380272881927347e-05,223,0
5429,6367,-0.0116279069767441,2.5855553832852845e-05,225,0
5431,6367,-0.0193798449612403,9.029056698672424e-05,218,0
5435,6367,-0.003875968992248,5.233079649628023e-05,230,0
5436,6367,-0.003875968992248,3.366087078406685e-05,225,0
5689,6367,-0.0116279069767441,7.375713939285287e-05,243,0
6367,6368,0.0271317829457364,3.7618002406921116e-05,215,0
257,6368,-0.0101010101010101,3.934917265043922e-05,218,0
3992,6368,-0.0202020202020202,2.8549524545190663e-05,242,0
5465,6368,-0.0101010101010101,2.4016602280253175e-05,241,0
5481,6368,-0.0202020202020202,1.902664283471611e-05,227,0
58,6369,-0.0078125,4.218176044460713e-05,280,0
257,6369,-0.01171875,3.763704094097892e-05,277,0
736,6369,-0.00390625,5.5271593067681404e-05,292,0
738,6369,-0.00390625,2.8635600710382373e-05,268,0
782,6369,-0.00390625,2.171877600408539e-05,277,0
1292,6369,-0.0078125,2.081471228143988e-05,294,0
2153,6369,-0.00390625,1.9794679383746764e-05,251,0
2155,6369,-0.01171875,2.1920930106954675e-05,268,0
2279,6369,-0.00390625,4.969967490436956e-05,288,0
3133,6369,-0.01171875,4.0616822497893685e-05,293,0
3795,6369,-0.0078125,9.051118856646949e-05,298,0
3814,6369,-0.0078125,1.8351482955591335e-05,272,0
3992,6369,-0.01953125,2.6104055272679398e-05,301,0
4005,6369,-0.00390625,4.7675206430159974e-05,220,0
5104,6369,-0.046875,3.4440065359095044e-05,294,0
5110,6369,-0.00390625,2.1266624878133513e-05,281,0
5423,6369,-0.01171875,6.481303774394624e-05,287,0
5465,6369,-0.0234375,2.1613689765514672e-05,300,0
5473,6369,-0.0078125,4.9015480911118387e-05,271,0
5481,6369,-0.01953125,1.9151146884250494e-05,286,0
5660,6369,-0.00390625,2.3537975211532888e-05,260,0
5680,6369,-0.00390625,4.184196527174603e-05,292,0
5682,6369,-0.00390625,3.349160678419508e-05,285,0
5688,6369,-0.0078125,3.451656446947272e-05,293,0
3768,6370,-0.032258064516129,6.611164755345415e-07,80,1
5314,6370,-0.0080645161290322,7.075739885713564e-07,75,1
2771,6388,-0.1686274509803921,1.1573569796307486e-06,23,1
379,6389,-0.1472868217054263,1.2143321170335917e-06,25,1
4706,6393,-0.18359375,7.712028961809868e-07,33,1
1546,6405,-0.0112359550561797,4.3795475423801463e-07,92,1
1679,6405,-0.0056179775280898,9.65198777273551e-08,83,1
1904,6406,-0.0077821011673151,3.3043879298311493e-07,30,1
1477,6423,-0.2156862745098039,7.984397699033084e-07,35,1
6435,6437,-0.2879073443579766,1.1863628085012584e-06,50,1
2701,6436,-0.119047619047619,3.0199099929750904e-07,97,1
2757,6441,-0.1627906976744186,8.977330949867889e-07,77,1
2752,6449,-0.0038910505836575,8.207469926526055e-05,244,0
6449,6513,0.0038910505836575,5.036874841701042e-05,233,0
1732,6452,-0.0859375,8.059453318644196e-07,93,1
2418,6452,-0.0078125,2.0280340505695575e-07,87,1
1593,6453,-0.0077821011673151,5.633784156373522e-07,97,1
6216,6453,-0.0583657587548638,7.031590643080902e-07,91,1
6224,6453,-0.0116731517509727,7.206299456262807e-07,97,1
6453,6460,0.046692607003891,9.133357686595185e-07,90,1
3369,6458,-0.2393822393822393,5.405697648225317e-07,54,1
6192,6458,-0.054054054054054,8.248364760519571e-07,67,1
6452,6459,-0.0316205533596837,7.126854774526653e-07,76,1
1593,6460,-0.00390625,2.7086847480607923e-07,89,1
1596,6460,-0.0234375,5.391678803108399e-07,70,1
1732,6460,-0.0234375,1.1315495345624098e-06,88,1
3271,6460,-0.00390625,1.0036103215778807e-06,94,1
6452,6460,-0.00390625,4.079425721007403e-07,87,1
1598,6462,-0.0144927536231884,1.1076377859255192e-06,70,1
191,6468,-0.0984251968503937,5.799893797665005e-07,54,1
2104,6468,-0.0551181102362204,4.176438083484924e-07,49,1
4280,6469,-0.0155038759689922,1.211305682069596e-06,92,1
2103,6470,-0.0039215686274509,4.088519449306006e-07,70,1
6470,6472,0.0078736552986953,5.142621571724592e-07,80,1
393,6471,-0.1124031007751938,2.639586646075909e-07,49,1
2112,6471,-0.127906976744186,7.064555688823557e-07,51,1
6122,6471,-0.0348837209302325,1.2029490554329979e-06,59,1
2486,6472,-0.0038910505836575,8.398115418448768e-07,73,1
4830,6472,-0.0505836575875486,4.170014888986329e-07,85,1
3447,6473,-0.140625,4.4795130044218327e-07,24,1
480,6474,-0.05078125,1.1366252999026667e-06,39,1
639,6475,-0.2441860465116279,1.0483174956964858e-06,19,1
397,6477,-0.0685483870967741,7.430063807537815e-07,59,1
4873,6477,-0.0201612903225806,7.41607004381496e-07,55,1
4904,6477,-0.0282258064516129,1.6237786290998137e-07,57,1
5243,6477,-0.0564516129032258,1.2144609427158478e-06,59,1
6477,6481,-0.0258822718500137,5.981590535416139e-07,52,1
38,6479,-0.3863636363636363,7.566665968094956e-07,52,1
4246,6479,-0.0284090909090909,1.0451533580960613e-06,65,1
4841,6479,-0.1477272727272727,1.5709866732999337e-07,55,1
4873,6479,-0.0227272727272727,6.218080757090982e-07,49,1
4882,6479,-0.0227272727272727,1.2206499767965392e-06,65,1
4841,6481,-0.017094017094017,6.798923203580768e-07,53,1
2791,6483,-0.0622568093385214,1.9414389473706403e-05,245,0
4777,6483,-0.0038910505836575,2.3698599898256524e-05,293,0
135,6484,-0.0116731517509727,3.8721309296220184e-05,299,0
391,6484,-0.0428015564202334,6.162612647810225e-05,231,0
1549,6484,-0.0077821011673151,3.6756412028244583e-05,215,0
1896,6484,-0.046692607003891,2.934859465578314e-05,242,0
2791,6484,-0.0544747081712062,0.00014252661399503716,233,0
3342,6484,-0.0038910505836575,2.8722545883274737e-05,246,0
3375,6484,-0.0272373540856031,5.960556304626427e-05,230,0
3974,6484,-0.0077821011673151,0.00017870463794599615,282,0
3983,6484,-0.0038910505836575,4.276937873466142e-05,218,0
4026,6484,-0.0038910505836575,0.00017886931640810052,295,0
4033,6484,-0.0038910505836575,8.793014575669216e-05,231,0
4836,6484,-0.0194552529182879,0.00013283401612549468,247,0
5832,6484,-0.0077821011673151,0.00014574594617072033,256,0
5834,6484,-0.0038910505836575,0.0001754202796819334,278,0
5839,6484,-0.0038910505836575,4.1802208735897034e-05,269,0
5864,6484,-0.0038910505836575,0.00037980857036067707,274,0
5873,6484,-0.0077821011673151,2.7276959335956317e-05,267,0
6464,6484,-0.0233463035019455,0.0001337496885104393,236,0
6465,6484,-0.0311284046692607,7.338972045320917e-05,224,0
6484,6594,0.0272373540856031,5.100986058072351e-05,218,0
394,6485,-0.0196850393700787,2.4490259153006178e-05,268,0
6336,6485,-0.0078740157480314,2.079179352147524e-05,259,0
4777,6486,-0.00390625,2.219057651677037e-05,217,0
1598,6488,-0.2325581395348837,3.856724959780988e-07,74,1
6332,6488,-0.0930232558139534,1.0345802418132717e-06,53,1
6335,6489,-0.0078125,7.06594483929326e-05,219,0
6489,6595,0.00390625,6.784356067943485e-05,215,0
135,6490,-0.0117647058823529,0.0007981554930045225,240,0
1540,6490,-0.0078431372549019,0.001789613245319862,222,0
1608,6490,-0.0039215686274509,0.001388612704934796,216,0
4777,6490,-0.0078431372549019,0.00028920800775894556,222,0
135,6491,-0.0038910505836575,3.8801363929733425e-05,253,0
1540,6491,-0.0077821011673151,0.000121347329979566,235,0
1607,6491,-0.0038910505836575,9.396558043746602e-05,227,0
3974,6491,-0.0116731517509727,0.00017693679323597846,236,0
4026,6491,-0.0077821011673151,0.00018410222961405008,249,0
5834,6491,-0.0077821011673151,0.0001767294869391044,232,0
5839,6491,-0.0038910505836575,4.149396624174904e-05,223,0
5864,6491,-0.0077821011673151,0.0003437519716436848,228,0
6483,6491,-0.0155642023346303,3.499811837744108e-05,220,0
6485,6491,-0.0077821011673151,6.157193470700862e-05,216,0
398,6493,-0.22,3.7377017861184933e-07,58,1
2559,6493,-0.004,9.62689999322055e-07,92,1
3669,6493,-0.228,7.480334604067569e-07,68,1
5280,6493,-0.004,1.720653239218029e-07,56,1
395,6495,-0.0784313725490196,8.438507859719102e-07,74,1
1917,6495,-0.0117647058823529,1.0709057920393506e-06,73,1
3377,6495,-0.0156862745098039,2.727013991768968e-07,98,1
4847,6495,-0.2,8.701484943700694e-07,83,1
6495,6606,-0.0662990196078431,6.495313000372102e-07,95,1
1917,6496,-0.09765625,3.791248978983061e-07,86,1
4847,6496,-0.03515625,2.8767453557833765e-07,96,1
5222,6496,-0.015625,4.2218319691143555e-07,91,1
2108,6502,-0.0078125,7.904188061512943e-07,92,1
4877,6502,-0.02734375,7.10674031222008e-07,77,1
6502,6504,0.015625,6.144354661053079e-07,77,1
6502,6509,0.00390625,5.328756269907049e-07,84,1
92,6503,-0.0078125,1.1074618500273686e-06,79,1
1016,6503,-0.20703125,3.9536234731544953e-07,67,1
2108,6503,-0.0234375,8.570701787171115e-07,70,1
4859,6503,-0.01171875,6.537916634533633e-07,71,1
4862,6503,-0.03515625,3.520576133981873e-07,66,1
4867,6503,-0.140625,1.0282819334916033e-06,73,1
4869,6503,-0.03125,3.7019826441710716e-07,66,1
6502,6503,-0.0078125,7.052841453543285e-07,74,1
92,6504,-0.0350194552529182,7.411441544161464e-07,82,1
4869,6504,-0.2490272373540856,1.5723243230262004e-07,69,1
4876,6504,-0.0077821011673151,1.4369068339300878e-07,59,1
6502,6505,-0.0077821011673151,9.665584198364785e-07,95,1
4872,6508,-0.0049019607843137,1.1668149013622611e-06,85,1
1016,6509,-0.3031496062992126,4.2844901965099166e-07,77,1
4241,6509,-0.0275590551181102,7.164679182815889e-07,83,1
4860,6509,-0.0039370078740157,1.011408127986116e-06,97,1
4866,6509,-0.2401574803149606,5.620931785300453e-07,84,1
4867,6509,-0.1220472440944882,4.236047702496817e-07,83,1
4869,6509,-0.0078740157480314,6.984367440477113e-07,76,1
1724,6510,-0.01171875,0.00011788370186806431,216,0
2739,6510,-0.01171875,2.4396211486881462e-05,228,0
1724,6511,-0.0039215686274509,4.271887474020772e-05,219,0
3631,6511,-0.0039215686274509,5.606965906189269e-05,246,0
1593,6512,-0.0038910505836575,8.883259693249031e-07,90,1
6228,6512,-0.1011673151750972,7.69716551769436e-07,78,1
6512,6514,0.0271763179980163,8.306180586471019e-07,91,1
391,6513,-0.0038910505836575,8.354994991360532e-05,254,0
1549,6513,-0.0194552529182879,1.9602843500211488e-05,238,0
1609,6513,-0.0194552529182879,1.9805264529986784e-05,263,0
1894,6513,-0.0038910505836575,8.276135458912513e-05,221,0
2791,6513,-0.0077821011673151,0.00012862871393786698,256,0
3375,6513,-0.0038910505836575,0.0001498936443661341,253,0
6215,6513,-0.0038910505836575,0.00010194958844558188,226,0
6334,6513,-0.0038910505836575,3.7724993202290167e-05,302,0
6335,6513,-0.0038910505836575,0.00018594214931599238,311,0
6339,6513,-0.0038910505836575,0.0002141102734307391,258,0
6464,6513,-0.0155642023346303,0.00035023993123178094,259,0
6465,6513,-0.0038910505836575,0.00029707378757222924,247,0
6228,6514,-0.0862745098039215,7.033519596145357e-07,85,1
391,6515,-0.03515625,2.1271822039763286e-05,235,0
1608,6515,-0.00390625,2.30656005580573e-05,279,0
2791,6515,-0.0390625,4.1874098219730335e-05,237,0
3375,6515,-0.0703125,1.9571208069479346e-05,234,0
4836,6515,-0.02734375,5.367637952159427e-05,251,0
6339,6515,-0.0703125,1.88662900164933e-05,239,0
6464,6515,-0.04296875,6.604422619444957e-05,240,0
6465,6515,-0.01171875,4.116253108750015e-05,228,0
6484,6515,-0.00390625,2.650952142042205e-05,258,0
6515,6594,0.00390625,3.44850631597337e-05,222,0
6515,6595,0.015625,2.9974181073776136e-05,288,0
3177,6517,-0.109375,6.016629541051857e-07,60,1
94,6520,-0.0275229357798165,7.44204366820132e-07,75,1
600,6520,-0.0045871559633027,8.504122332331767e-07,74,1
1949,6520,-0.0137614678899082,3.321293823713629e-07,78,1
2475,6520,-0.0137614678899082,2.936143174686589e-07,96,1
2701,6520,-0.0045871559633027,1.1443865395427361e-06,87,1
3266,6520,-0.0091743119266055,1.2306766455910283e-06,70,1
3684,6520,-0.0229357798165137,4.156700963122865e-07,83,1
4813,6520,-0.0642201834862385,3.633506032150358e-07,78,1
190,6522,-0.0368852459016393,2.718243384131901e-07,59,1
608,6522,-0.0655737704918032,3.206631379888538e-07,55,1
1950,6522,-0.0737704918032786,7.937735834564449e-07,35,1
2102,6522,-0.0122950819672131,3.703651342710158e-07,55,1
2553,6522,-0.0942622950819672,2.5715781642707737e-07,59,1
3303,6522,-0.1229508196721311,2.2692219380978466e-07,42,1
3624,6522,-0.0327868852459016,1.6424884782506775e-07,48,1
4966,6522,-0.0163934426229508,2.699870420773083e-07,42,1
684,6523,-0.0060975609756097,3.8644919206868993e-07,39,1
1628,6523,-0.1341463414634146,1.1597215300717829e-07,42,1
1942,6523,-0.0060975609756097,4.4354691616210766e-07,40,1
2101,6523,-0.3353658536585366,1.6480968493642375e-07,36,1
2503,6523,-0.0121951219512195,4.1304876787279544e-07,43,1
2554,6523,-0.0365853658536585,9.431833577180489e-08,41,1
3302,6523,-0.0975609756097561,1.1899164628813538e-07,41,1
3303,6523,-0.0121951219512195,2.108005387808642e-07,36,1
3311,6523,-0.0121951219512195,1.560847895019675e-07,33,1
3621,6523,-0.0060975609756097,1.4839788703840118e-07,38,1
3624,6523,-0.0975609756097561,3.292607343465719e-07,42,1
6522,6523,-0.0365853658536585,3.4609841250400003e-07,46,1
1904,6524,-0.0274509803921568,6.331239285752907e-07,39,1
2863,6525,-0.1875,6.541523894312677e-07,21,1
4690,6526,-0.0196850393700787,5.400112673685244e-07,68,1
6326,6526,-0.0236220472440944,6.300575420186081e-07,39,1
2464,6530,-0.0039215686274509,4.966745497894176e-07,27,1
3468,6531,-0.2723735408560311,2.87902300793138e-07,18,1
96,6532,-0.75,1.156784052404892e-06,23,1
135,6537,-0.00390625,0.0013602512246115867,239,0
1608,6537,-0.0078125,0.00012565330837507204,215,0
4777,6537,-0.00390625,0.0001125086823568751,221,0
6335,6537,-0.0234375,0.0001683084687665694,228,0
6537,6595,0.02734375,0.00016134789234973872,224,0
1680,6546,-0.16015625,1.137768877395146e-06,41,1
368,6550,-0.8888888888888888,9.159129618903272e-08,5,1
2569,6551,-0.0052910052910052,0.00041020063123018525,237,0
4683,6551,-0.0052910052910052,1.2004091280508426e-06,96,1
5199,6551,-0.0052910052910052,0.0005688335263991958,262,0
3414,6568,-0.1434262948207171,4.060453204136377e-07,19,1
522,6582,-0.0416666666666666,1.6791737634655998e-07,11,1
2953,6582,-0.4583333333333333,1.4145766855861715e-07,12,1
6582,6583,0.0416666666666666,1.963397547671249e-07,12,1
522,6583,-0.3089005235602094,2.0193700064534362e-07,15,1
2619,6583,-0.0052356020942408,1.306266343267395e-07,17,1
2954,6583,-0.2513089005235602,1.0118657483740756e-07,17,1
3689,6583,-0.0052356020942408,1.4527397256649358e-07,13,1
4330,6583,-0.4240837696335078,1.787120648259817e-07,16,1
1603,6587,-0.0118110236220472,5.907299495116596e-07,28,1
135,6595,-0.0078740157480314,0.00010515596890381835,329,0
617,6595,-0.0236220472440944,2.7375369212736994e-05,282,0
777,6595,-0.0078740157480314,0.0003021461480331364,282,0
1352,6595,-0.0118110236220472,0.0001909838226006732,283,0
1353,6595,-0.0039370078740157,0.00010818919709157715,230,0
1355,6595,-0.0118110236220472,0.00016057726542627367,266,0
1368,6595,-0.0157480314960629,2.4140761566749736e-05,300,0
1540,6595,-0.0039370078740157,0.0003395033361485913,311,0
1549,6595,-0.0157480314960629,4.8589673677585e-05,245,0
1599,6595,-0.0118110236220472,3.581098092781733e-05,219,0
1609,6595,-0.0157480314960629,2.474138036089664e-05,270,0
1894,6595,-0.0039370078740157,0.00012585524952962837,228,0
1896,6595,-0.0196850393700787,3.953594436056115e-05,272,0
1988,6595,-0.0078740157480314,9.685370582715255e-05,264,0
1995,6595,-0.0039370078740157,0.0003126006950780502,296,0
2093,6595,-0.0039370078740157,2.9708738555629832e-05,257,0
2314,6595,-0.0039370078740157,2.9670211120972364e-05,264,0
2791,6595,-0.0354330708661417,0.0001923070784082602,263,0
3170,6595,-0.0039370078740157,0.00012342455082679012,216,0
3342,6595,-0.0078740157480314,7.683386464285589e-05,276,0
3372,6595,-0.0118110236220472,6.951136226763369e-05,218,0
3375,6595,-0.0039370078740157,8.027252759915219e-05,260,0
3642,6595,-0.0078740157480314,1.9287933664756193e-05,294,0
3974,6595,-0.0314960629921259,0.000508975028420658,312,0
3983,6595,-0.0078740157480314,8.784607573523445e-05,248,0
4025,6595,-0.0039370078740157,7.271376925393839e-05,253,0
4026,6595,-0.0393700787401574,0.0005074356951902862,325,0
4027,6595,-0.0118110236220472,0.00037003442026085616,289,0
4030,6595,-0.0039370078740157,5.776087446171614e-05,270,0
4031,6595,-0.0039370078740157,6.290933102442231e-05,287,0
4034,6595,-0.0157480314960629,0.00018671482826816585,311,0
4779,6595,-0.0039370078740157,0.0021846599539581046,256,0
4836,6595,-0.0196850393700787,0.00018061919476342544,277,0
4908,6595,-0.0118110236220472,0.0010209989527839713,230,0
5831,6595,-0.0039370078740157,8.095724588543758e-05,219,0
5832,6595,-0.0157480314960629,0.0003976937081322244,286,0
5834,6595,-0.0157480314960629,0.0004708984352044916,308,0
5837,6595,-0.0078740157480314,0.00017087708612145632,275,0
5839,6595,-0.0039370078740157,0.00011320251696557914,299,0
5842,6595,-0.0039370078740157,3.939091757803914e-05,256,0
5864,6595,-0.0157480314960629,0.001103894780736769,304,0
5870,6595,-0.0157480314960629,3.1187671853797746e-05,271,0
6338,6595,-0.0039370078740157,0.00023374084761120276,235,0
6461,6595,-0.0039370078740157,0.00010733399866398371,230,0
6463,6595,-0.0039370078740157,3.549403000077432e-05,263,0
6464,6595,-0.0118110236220472,0.00018139632727633153,266,0
6465,6595,-0.0118110236220472,9.947606101321613e-05,254,0
6593,6595,-0.0511811023622047,3.3029951964071006e-05,236,0
6594,6595,-0.0157480314960629,6.953939509666895e-05,248,0
135,6596,-0.0078125,2.364456011653091e-05,264,0
777,6596,-0.00390625,5.639289845181421e-05,217,0
1995,6596,-0.00390625,7.31271191319732e-05,231,0
3635,6596,-0.00390625,4.558842371501283e-05,216,0
3974,6596,-0.015625,0.00010217041916695826,247,0
4026,6596,-0.00390625,0.00010797308990211012,260,0
4027,6596,-0.00390625,8.198478706508262e-05,224,0
5832,6596,-0.00390625,7.769126901913493e-05,221,0
6483,6596,-0.02734375,2.1558066592028572e-05,231,0
6485,6596,-0.00390625,3.4945290399391097e-05,227,0
625,6605,-0.0078431372549019,1.4171790642366214e-07,93,1
3463,6605,-0.0039215686274509,2.394256594460916e-07,89,1
6495,6605,-0.0352941176470588,1.876813370125377e-07,87,1
2175,6606,-0.1015625,6.755061801792973e-07,97,1
3463,6606,-0.046875,6.046265576492339e-07,97,1
135,6612,-0.01171875,6.082688687098666e-05,238,0
6335,6612,-0.01953125,2.992057049643484e-05,227,0
6595,6612,-0.01953125,2.800939927887982e-05,223,0
