{
    "KS_statistic": 0.09807692307692308,
    "p_value": 0.2758242218849454
}