{
    "KS_statistic": 0.08261802575107297,
    "p_value": 0.46822000160918786
}