{
    "KS_statistic": 0.05633553563001416,
    "p_value": 0.5247112740925842
}