{
    "KS_statistic": 0.052459951396121605,
    "p_value": 0.6330601597354706
}