{
    "KS_statistic": 0.11778846153846154,
    "p_value": 0.11709417220809226
}