{
    "observed_skl": 0.36794647801970043,
    "p_value": 0.013986013986013986,
    "optimal_k": 11,
    "k_candidates": [
        8,
        9,
        10,
        11,
        12,
        13,
        14,
        15,
        16
    ],
    "#class1": 126,
    "#class2": 159
}