{
    "KS_statistic": 0.06723078423722201,
    "p_value": 0.7215202329913317
}