{
    "KS_statistic": 0.188231746689246,
    "p_value": 1.1784787659542813e-12
}