{
    "KS_statistic": 0.08252465483234714,
    "p_value": 0.12585613910778531
}