{
    "observed_skl": 0.4867269864304192,
    "p_value": 0.025974025974025976,
    "optimal_k": 8,
    "k_candidates": [
        8,
        9,
        10,
        11,
        12,
        13,
        14,
        15,
        16
    ],
    "#class1": 126,
    "#class2": 159
}