{
    "KS_statistic": 0.11633169639211935,
    "p_value": 3.1779982203603296e-05
}