{
    "KS_statistic": 0.05387305188182969,
    "p_value": 0.1842850096345043
}