{
    "KS_statistic": 0.22532011062243393,
    "p_value": 5.5765363770640046e-18
}