{
    "KS_statistic": 0.1100415262046682,
    "p_value": 0.00010134193105380518
}