{
    "KS_statistic": 0.2050885710456744,
    "p_value": 5.934292107414041e-15
}