{
    "observed_skl": 0.2012778150933827,
    "p_value": 0.24275724275724275,
    "optimal_k": 13,
    "k_candidates": [
        8,
        9,
        10,
        11,
        12,
        13,
        14,
        15,
        16,
        17,
        18,
        19,
        20,
        21,
        23,
        24
    ],
    "#class1": 254,
    "#class2": 326
}