{
    "KS_statistic": 0.08292826805096744,
    "p_value": 0.11841510363093527
}