{
    "KS_statistic": 0.04959579427664534,
    "p_value": 0.7002277414404705
}