{
    "observed_skl": 0.20266758684060576,
    "p_value": 0.9090909090909091,
    "optimal_k": 9,
    "k_candidates": [
        8,
        9,
        10,
        11,
        12,
        13,
        14,
        15,
        16
    ],
    "#class1": 126,
    "#class2": 159
}