{
    "observed_skl": 0.16684931997241811,
    "p_value": 0.7412587412587412,
    "optimal_k": 12,
    "k_candidates": [
        8,
        9,
        10,
        11,
        12,
        13,
        14,
        15,
        16,
        17,
        18,
        19,
        20,
        21,
        23,
        24
    ],
    "#class1": 254,
    "#class2": 326
}