{
    "KS_statistic": 0.043863332469706036,
    "p_value": 0.4120787192615028
}