{
    "KS_statistic": 0.05591099597458274,
    "p_value": 0.15280671539296814
}