{
    "KS_statistic": 0.04406588949510015,
    "p_value": 0.39860490741838506
}