{
    "observed_skl": 0.16139909528369595,
    "p_value": 0.45854145854145856,
    "optimal_k": 14,
    "k_candidates": [
        8,
        9,
        10,
        11,
        12,
        13,
        14,
        15,
        16
    ],
    "#class1": 126,
    "#class2": 159
}