{
    "KS_statistic": 0.11707271276346054,
    "p_value": 0.007381211680451741
}