{
    "KS_statistic": 0.04159307087438343,
    "p_value": 0.47130108868202303
}