{
    "KS_statistic": 0.0655470416108714,
    "p_value": 0.3536998304896309
}