{
    "KS_statistic": 0.04281500707881076,
    "p_value": 0.8359411492567266
}