{
    "KS_statistic": 0.05496696554978764,
    "p_value": 0.5560945380613069
}