{
    "KS_statistic": 0.058622707764338665,
    "p_value": 0.8543109077591226
}