{
    "observed_skl": 0.135677890187266,
    "p_value": 0.9690309690309691,
    "optimal_k": 12,
    "k_candidates": [
        8,
        9,
        10,
        11,
        12,
        13,
        14,
        15,
        16,
        17,
        18,
        19,
        20,
        21,
        23,
        24
    ],
    "#class1": 253,
    "#class2": 331
}