{
    "KS_statistic": 0.1309500585251658,
    "p_value": 0.0572614009038217
}