{
    "KS_statistic": 0.03443490483720626,
    "p_value": 0.714736345176824
}