{
    "KS_statistic": 0.04162359949933055,
    "p_value": 0.4703606818013269
}