{
    "KS_statistic": 0.05600605068690175,
    "p_value": 0.5505695626779402
}