{
    "KS_statistic": 0.0850033235948824,
    "p_value": 0.005497812126433467
}