{
    "KS_statistic": 0.11609867154860817,
    "p_value": 0.008096840033486114
}