{
    "KS_statistic": 0.2537000973709834,
    "p_value": 1.2863999524691687e-11
}