{
    "KS_statistic": 0.1290236051502146,
    "p_value": 0.06343959887684066
}