{
    "KS_statistic": 0.0576309885236929,
    "p_value": 0.1311164406443697
}