{
    "KS_statistic": 0.1856377799415774,
    "p_value": 2.0978268603706316e-06
}