{
    "KS_statistic": 0.11324619586422162,
    "p_value": 0.13860053203658118
}