{
    "KS_statistic": 0.03699633220377421,
    "p_value": 0.6209581212054622
}