{
    "KS_statistic": 0.03249025441268877,
    "p_value": 0.7778231375439302
}