{
    "observed_skl": 0.2451572512097694,
    "p_value": 0.8671328671328671,
    "optimal_k": 8,
    "k_candidates": [
        8,
        9,
        10,
        11,
        12,
        13,
        14,
        15,
        16
    ],
    "#class1": 126,
    "#class2": 159
}