{
    "KS_statistic": 0.09032562529495045,
    "p_value": 0.07036940213555455
}