{
    "KS_statistic": 0.051923076923076926,
    "p_value": 0.937374829576551
}