{
    "KS_statistic": 0.042445759368836294,
    "p_value": 0.8487360060237867
}