{
    "KS_statistic": 0.06944651093587263,
    "p_value": 0.2878555327176608
}