{
    "observed_skl": 0.16290686349050468,
    "p_value": 0.28771228771228774,
    "optimal_k": 16,
    "k_candidates": [
        8,
        9,
        10,
        11,
        12,
        13,
        14,
        15,
        16
    ],
    "#class1": 126,
    "#class2": 159
}