{
    "observed_skl": 0.25441658566267705,
    "p_value": 0.3926073926073926,
    "optimal_k": 10,
    "k_candidates": [
        8,
        9,
        10,
        11,
        12,
        13,
        14,
        15,
        16,
        17,
        18,
        19,
        20,
        21,
        23,
        24
    ],
    "#class1": 246,
    "#class2": 332
}