{
    "KS_statistic": 0.14916601638704644,
    "p_value": 0.02014844141305073
}