{
    "KS_statistic": 0.08437378072571206,
    "p_value": 0.4416998125098127
}