{
    "KS_statistic": 0.04192017105776475,
    "p_value": 0.46933017112325265
}