{
    "KS_statistic": 0.036041222366142885,
    "p_value": 0.6533057711943591
}