{
    "KS_statistic": 0.0555013655872025,
    "p_value": 0.8939430372588165
}