{
    "KS_statistic": 0.042290868016031886,
    "p_value": 0.4501031169004097
}