{
    "KS_statistic": 0.09561548966055404,
    "p_value": 0.29378502658195144
}