{
    "KS_statistic": 0.23149951314508277,
    "p_value": 9.821985661143919e-10
}