{
    "KS_statistic": 0.02761968311287305,
    "p_value": 0.9067243761031545
}