{
    "KS_statistic": 0.2179371596349947,
    "p_value": 7.67293781835007e-17
}