{
    "KS_statistic": 0.09549502487927207,
    "p_value": 0.0011812432061303587
}