{
    "KS_statistic": 0.03696319018404908,
    "p_value": 0.934713136514528
}