{
    "KS_statistic": 0.07069033530571991,
    "p_value": 0.2602631857469962
}