{
    "KS_statistic": 0.14506172839506173,
    "p_value": 0.0003751051828253849
}