{
    "KS_statistic": 0.07818151670381561,
    "p_value": 0.013574916108141386
}