{
    "KS_statistic": 0.23882667964946447,
    "p_value": 2.455757649133093e-10
}