{
    "KS_statistic": 0.11730769230769231,
    "p_value": 0.11979362802518455
}