{
    "KS_statistic": 0.06935232149824425,
    "p_value": 0.6858970193504106
}