{
    "KS_statistic": 0.07259615384615385,
    "p_value": 0.6428465540912647
}