{
    "KS_statistic": 0.10873257947726032,
    "p_value": 0.01824133027790178
}