{
    "KS_statistic": 0.13142285574309742,
    "p_value": 1.5085885484130624e-06
}