{
    "KS_statistic": 0.06196319018404908,
    "p_value": 0.4042198339874669
}