{
    "KS_statistic": 0.08772256112681645,
    "p_value": 0.0929222975915057
}