{
    "KS_statistic": 0.10548983711214382,
    "p_value": 0.021026136541221825
}