{
    "KS_statistic": 0.10115099492781897,
    "p_value": 0.23550792332304282
}