{
    "KS_statistic": 0.10339445961763559,
    "p_value": 0.21441031906263724
}