{
    "KS_statistic": 0.24664070107108083,
    "p_value": 5.333386007714042e-11
}