{
    "KS_statistic": 0.15961366943622965,
    "p_value": 6.180668510183123e-05
}