{
    "KS_statistic": 0.039130377363750954,
    "p_value": 0.5510622918346917
}