{
    "KS_statistic": 0.04863646077289756,
    "p_value": 0.2834909854129265
}