{
    "KS_statistic": 0.1970545277507303,
    "p_value": 3.656491524009769e-07
}