{
    "KS_statistic": 0.040865384615384616,
    "p_value": 0.9937375483854753
}