{
    "KS_statistic": 0.071766484588373,
    "p_value": 0.6452749541400183
}