{
    "KS_statistic": 0.18332521908471275,
    "p_value": 2.9500387801289284e-06
}