{
    "KS_statistic": 0.10510854176498348,
    "p_value": 0.02178185186351469
}