{
    "KS_statistic": 0.11543351724620607,
    "p_value": 3.7640194490476525e-05
}