{
    "KS_statistic": 0.053526260973069485,
    "p_value": 0.6078696679413567
}