{
    "KS_statistic": 0.032807414091419414,
    "p_value": 0.7677947806743247
}