{
    "KS_statistic": 0.13438276429212986,
    "p_value": 7.943654080754448e-07
}