{
    "observed_skl": 0.37329139177928317,
    "p_value": 0.13486513486513488,
    "optimal_k": 8,
    "k_candidates": [
        8,
        9,
        10,
        11,
        12,
        13,
        14,
        15,
        16
    ],
    "#class1": 126,
    "#class2": 159
}