{
    "KS_statistic": 0.08066135991667907,
    "p_value": 0.14841043973655366
}