{
    "KS_statistic": 0.2107917788525968,
    "p_value": 8.899588277615912e-16
}