{
    "observed_skl": 0.11739917090186937,
    "p_value": 0.1928071928071928,
    "optimal_k": 24,
    "k_candidates": [
        8,
        9,
        10,
        11,
        12,
        13,
        14,
        15,
        16,
        17,
        18,
        19,
        20,
        21,
        23,
        24
    ],
    "#class1": 253,
    "#class2": 331
}