{
    "KS_statistic": 0.049764039641340255,
    "p_value": 0.6793752363243566
}