{
    "KS_statistic": 0.22538948393378774,
    "p_value": 3.016841497130382e-09
}