{
    "KS_statistic": 0.0320539737278621,
    "p_value": 0.7914515954768577
}