{
    "KS_statistic": 0.060555708198680294,
    "p_value": 0.09835725508822211
}