{
    "KS_statistic": 0.066647982145032,
    "p_value": 0.05273492881835197
}