{
    "KS_statistic": 0.05760972156677678,
    "p_value": 0.49604873126331583
}