{
    "KS_statistic": 0.03102836879432624,
    "p_value": 0.9882318696720181
}