{
    "KS_statistic": 0.12920715392198281,
    "p_value": 0.0021945305568277797
}