{
    "KS_statistic": 0.04983757377374399,
    "p_value": 0.6944890062621962
}