{
    "KS_statistic": 0.04702169625246548,
    "p_value": 0.7508741053372278
}