{
    "KS_statistic": 0.060494650948786054,
    "p_value": 0.09895186567634932
}