{
    "observed_skl": 0.18365326738149038,
    "p_value": 0.10589410589410589,
    "optimal_k": 16,
    "k_candidates": [
        8,
        9,
        10,
        11,
        12,
        13,
        14,
        15,
        16,
        17,
        18,
        19,
        20,
        21,
        23,
        24
    ],
    "#class1": 254,
    "#class2": 326
}