{
    "KS_statistic": 0.21638266796494646,
    "p_value": 1.4883835765117322e-08
}