{
    "KS_statistic": 0.064797627554876,
    "p_value": 0.06425466939976483
}