{
    "KS_statistic": 0.17485800122048537,
    "p_value": 7.769244135797188e-06
}