{
    "KS_statistic": 0.14717624148003894,
    "p_value": 0.0003465867286779127
}