node1,node2,flow,betweenness,degree,class
6288,17838,1.0,2.7362840818889926e-09,2,1
12388,24839,1.0,2.7362840818889926e-09,2,1
5492,12390,-1.0,1.094513632755597e-08,5,1
12391,24844,1.0,2.7362840818889926e-09,2,1
6088,17673,1.0,2.7362840818889926e-09,2,1
6089,17674,1.0,2.7362840818889926e-09,2,1
12393,24847,1.0,2.7362840818889926e-09,2,1
12394,24848,1.0,2.7362840818889926e-09,2,1
2643,14955,1.0,1.094513632755597e-08,3,1
6880,9687,-1.0,5.472568163777985e-09,3,1
6093,17676,1.0,5.472568163777985e-09,3,1
9685,17259,1.0,1.0489768719788254e-06,6,1
2638,14950,1.0,2.7362840818889926e-09,2,1
7573,12399,-1.0,5.472568163777985e-09,4,1
9678,19740,1.0,5.472568163777985e-09,3,1
9689,9690,1.0,1.6417704491333955e-08,3,1
6102,17684,1.0,2.7362840818889926e-09,2,1
9690,21551,1.0,2.7362840818889927e-08,4,1
12374,24830,1.0,8.208852245666977e-09,3,1
12375,24832,1.0,2.7362840818889926e-09,2,1
12378,24833,1.0,5.472568163777985e-09,3,1
12379,13982,1.0,2.0243810825538538e-07,6,1
9700,21567,1.0,2.7362840818889926e-09,2,1
9699,21564,1.0,2.7362840818889926e-09,2,1
6080,17661,1.0,1.094513632755597e-08,3,1
9698,21560,1.0,5.472568163777985e-09,3,1
6082,17664,1.0,5.472568163777985e-09,3,1
9697,21559,1.0,2.7362840818889926e-09,2,1
2654,14963,1.0,2.7362840818889926e-09,2,1
12383,13754,1.0,5.472568163777985e-09,3,1
9695,21554,1.0,2.7362840818889926e-09,2,1
12385,24835,1.0,2.7362840818889926e-09,2,1
6086,6412,1.0,1.094513632755597e-08,4,1
12401,24855,1.0,2.7362840818889926e-09,2,1
12402,24856,1.0,8.208852245666977e-09,3,1
12419,24871,1.0,2.7362840818889926e-09,2,1
2615,14928,1.0,5.472568163777985e-09,3,1
6128,17706,1.0,2.7362840818889926e-09,2,1
6132,17712,1.0,2.7362840818889926e-09,2,1
12425,13798,1.0,5.472568163777985e-09,3,1
12426,24874,1.0,1.3681420409444964e-08,3,1
6134,17713,1.0,2.7362840818889926e-09,2,1
12430,24877,1.0,1.094513632755597e-08,4,1
12431,24878,1.0,2.7362840818889926e-09,2,1
12432,24879,1.0,2.7362840818889926e-09,2,1
9661,21523,1.0,8.208852245666977e-09,3,1
12436,24884,1.0,2.7362840818889926e-09,2,1
12417,24869,1.0,2.7362840818889926e-09,2,1
12404,24857,1.0,2.7362840818889926e-09,2,1
2619,4007,1.0,1.3681420409444964e-08,6,1
12406,24858,1.0,2.7362840818889926e-09,2,1
9673,21535,1.0,2.7362840818889926e-09,2,1
12408,24859,1.0,2.7362840818889926e-09,2,1
12410,24860,1.0,2.7362840818889926e-09,2,1
6108,17691,1.0,2.7362840818889926e-09,2,1
6114,9814,1.0,1.094513632755597e-08,4,1
12412,24865,1.0,1.6417704491333955e-08,3,1
9669,21434,1.0,8.208852245666977e-09,3,1
2624,14936,1.0,2.7362840818889926e-09,2,1
12413,18225,1.0,2.7362840818889926e-09,4,1
6119,17698,1.0,2.7362840818889926e-09,2,1
6120,17699,1.0,5.472568163777985e-09,3,1
12414,23381,1.0,2.7362840818889927e-08,3,1
12415,24867,1.0,2.7362840818889926e-09,2,1
12369,24822,1.0,2.7362840818889926e-09,2,1
12324,17447,1.0,1.3681420409444964e-08,3,1
9741,21619,1.0,2.7362840818889926e-09,2,1
12329,24769,1.0,5.472568163777985e-09,3,1
7692,9740,-1.0,7.387967021100281e-08,5,1
2707,15008,1.0,5.472568163777985e-09,3,1
6028,17608,1.0,2.7362840818889926e-09,2,1
9737,21615,1.0,2.7362840818889926e-09,2,1
12331,24775,1.0,5.472568163777985e-09,3,1
12332,24776,1.0,2.7362840818889926e-09,2,1
12335,24782,1.0,2.7362840818889926e-09,2,1
9734,21612,1.0,2.7362840818889926e-09,2,1
6039,17618,1.0,2.7362840818889926e-09,2,1
8980,12325,-1.0,1.094513632755597e-08,6,1
6041,17622,1.0,2.7362840818889926e-09,2,1
9745,18536,1.0,1.094513632755597e-08,3,1
12307,13709,1.0,5.472568163777985e-09,3,1
12310,24744,1.0,2.7362840818889926e-09,2,1
6010,17009,1.0,2.7362840818889926e-09,4,1
6012,17590,1.0,1.3681420409444964e-08,3,1
9759,10621,1.0,5.472568163777985e-09,3,1
12314,24753,1.0,2.7362840818889926e-09,2,1
9756,21637,1.0,5.472568163777985e-09,3,1
9754,21635,1.0,8.208852245666977e-09,3,1
2724,11561,1.0,5.472568163777985e-09,3,1
12322,24762,1.0,5.472568163777985e-09,3,1
9749,21630,1.0,2.7362840818889926e-09,2,1
9748,21626,1.0,5.472568163777985e-09,3,1
6022,17601,1.0,2.7362840818889926e-09,2,1
12337,24788,1.0,1.094513632755597e-08,3,1
12367,24821,1.0,2.7362840818889926e-09,2,1
12352,23503,1.0,5.472568163777985e-09,3,1
6057,17635,1.0,2.7362840818889926e-09,2,1
12356,13241,1.0,1.3681420409444964e-08,4,1
12358,13801,1.0,1.094513632755597e-08,3,1
9713,21587,1.0,4.378054531022388e-08,3,1
12360,24816,1.0,2.7362840818889926e-09,2,1
2676,14977,1.0,2.7362840818889926e-09,2,1
12362,24818,1.0,2.7362840818889926e-09,2,1
9706,21573,1.0,2.7362840818889926e-09,2,1
2685,14988,1.0,2.7362840818889926e-09,2,1
12351,24810,1.0,2.7362840818889926e-09,2,1
9721,21597,1.0,2.7362840818889926e-09,2,1
2700,15001,1.0,2.7362840818889926e-09,2,1
9728,21609,1.0,2.7362840818889926e-09,2,1
12339,24790,1.0,2.7362840818889926e-09,2,1
12340,24794,1.0,2.7362840818889926e-09,2,1
9726,21604,1.0,2.7362840818889926e-09,2,1
9725,21603,1.0,2.7362840818889926e-09,2,1
1065,9724,-1.0,0.000619197134033097,76,0
2693,14993,1.0,2.7362840818889926e-09,2,1
2692,13800,1.0,1.094513632755597e-08,4,1
12209,12346,-1.0,4.378054531022388e-08,4,1
6051,13215,1.0,5.472568163777985e-09,3,1
12348,24806,1.0,2.7362840818889926e-09,2,1
12349,19950,1.0,5.472568163777985e-09,3,1
12350,24807,1.0,2.7362840818889926e-09,2,1
9723,21600,1.0,2.7362840818889926e-09,2,1
9654,21513,1.0,2.7362840818889926e-09,2,1
6141,17718,1.0,2.7362840818889926e-09,2,1
2476,14861,1.0,2.7362840818889926e-09,2,1
12530,20395,1.0,2.7362840818889926e-09,4,1
6241,17800,1.0,2.7362840818889926e-09,2,1
6244,17801,1.0,1.915398857322295e-08,3,1
6246,17803,1.0,2.7362840818889926e-09,2,1
12532,24996,1.0,2.7362840818889926e-09,2,1
12534,25001,1.0,2.7362840818889926e-09,2,1
12537,25003,1.0,2.7362840818889926e-09,2,1
6253,17810,1.0,2.7362840818889926e-09,2,1
12540,25007,1.0,2.7362840818889926e-09,2,1
12529,24990,1.0,2.7362840818889926e-09,2,1
12513,24974,1.0,2.7362840818889926e-09,2,1
12514,24975,1.0,2.7362840818889926e-09,2,1
6222,17788,1.0,2.7362840818889926e-09,2,1
6225,17791,1.0,2.7362840818889926e-09,2,1
12516,24976,1.0,8.208852245666977e-09,3,1
10849,12519,-1.0,5.472568163777985e-09,3,1
12521,24977,1.0,2.7362840818889926e-09,2,1
12522,24979,1.0,8.208852245666977e-09,3,1
12523,24981,1.0,2.7362840818889926e-09,2,1
12526,24986,1.0,5.472568163777985e-09,3,1
12528,24989,1.0,2.7362840818889926e-09,2,1
12543,25012,1.0,2.7362840818889926e-09,2,1
9652,21507,1.0,2.7362840818889926e-09,2,1
9549,9736,1.0,1.094513632755597e-08,5,1
5715,6279,-1.0,6.931919674118781e-09,6,1
12560,25030,1.0,2.7362840818889926e-09,2,1
921,6280,-1.0,9.973358213321974e-05,147,0
6283,17836,1.0,2.7362840818889926e-09,2,1
9543,21382,1.0,2.7362840818889926e-09,2,1
2425,14827,1.0,2.7362840818889926e-09,2,1
2424,11003,1.0,2.7362840818889926e-09,5,1
6296,17841,1.0,2.7362840818889926e-09,2,1
6297,17845,1.0,2.7362840818889926e-09,2,1
9532,21361,1.0,2.7362840818889926e-09,2,1
12558,25025,1.0,2.7362840818889926e-09,2,1
12544,25013,1.0,2.7362840818889926e-09,2,1
9569,21415,1.0,5.472568163777985e-09,3,1
12546,25016,1.0,2.7362840818889926e-09,2,1
6274,17824,1.0,2.7362840818889926e-09,2,1
9563,21408,1.0,2.7362840818889926e-09,2,1
9562,21406,1.0,2.7362840818889926e-09,2,1
2440,14841,1.0,2.7362840818889926e-09,2,1
6276,8230,1.0,8.208852245666978e-08,6,1
2436,14838,1.0,5.472568163777985e-09,3,1
12557,25024,1.0,2.7362840818889926e-09,2,1
9554,21398,1.0,2.7362840818889926e-09,2,1
2505,14872,1.0,1.3681420409444964e-08,3,1
6163,17744,1.0,1.3681420409444964e-08,3,1
12466,24919,1.0,2.7362840818889926e-09,2,1
6165,17745,1.0,2.7362840818889926e-09,2,1
12467,24922,1.0,2.7362840818889926e-09,2,1
6169,14780,1.0,7.387967021100281e-08,4,1
9641,16279,1.0,2.4626556737000932e-08,3,1
6177,6926,1.0,8.208852245666977e-09,3,1
12474,24928,1.0,2.7362840818889926e-09,2,1
12477,24930,1.0,2.7362840818889926e-09,2,1
12478,24932,1.0,2.7362840818889926e-09,2,1
9639,21486,1.0,2.7362840818889926e-09,2,1
12480,24933,1.0,2.7362840818889926e-09,4,1
12482,16869,1.0,1.094513632755597e-08,3,1
9642,21495,1.0,2.7362840818889926e-09,2,1
12445,24894,1.0,2.7362840818889926e-09,2,1
12446,24896,1.0,2.7362840818889926e-09,2,1
12447,24897,1.0,2.7362840818889926e-09,2,1
12448,24898,1.0,2.7362840818889926e-09,2,1
6150,17727,1.0,2.7362840818889926e-09,2,1
12451,24905,1.0,2.7362840818889926e-09,2,1
9644,21499,1.0,2.7362840818889926e-09,2,1
6158,17735,1.0,2.7362840818889926e-09,2,1
12456,24908,1.0,2.7362840818889926e-09,2,1
12460,24913,1.0,2.7362840818889926e-09,2,1
1502,12461,-1.0,2.189027265511194e-08,5,1
6161,12151,1.0,4.104426122833489e-08,5,1
9637,21483,1.0,2.7362840818889926e-09,2,1
9613,21453,1.0,2.7362840818889926e-09,2,1
9612,17802,1.0,1.094513632755597e-08,3,1
9608,16942,1.0,6.840710204722482e-09,6,1
12501,24957,1.0,2.7362840818889926e-09,2,1
9607,21447,1.0,2.7362840818889926e-09,2,1
9605,21446,1.0,2.7362840818889926e-09,2,1
12504,24961,1.0,2.7362840818889926e-09,2,1
2514,14882,1.0,2.7362840818889926e-09,2,1
12505,24962,1.0,2.7362840818889926e-09,2,1
9601,21441,1.0,2.7362840818889926e-09,2,1
9600,21439,1.0,2.7362840818889926e-09,2,1
506,9598,-1.0,4.487505894297948e-07,6,1
9597,21436,1.0,2.7362840818889926e-09,2,1
9596,21435,1.0,2.7362840818889926e-09,2,1
12509,15225,1.0,2.7362840818889926e-09,4,1
12510,24969,1.0,2.7362840818889926e-09,2,1
12496,24950,1.0,2.7362840818889926e-09,2,1
9618,21458,1.0,2.7362840818889926e-09,2,1
12490,13238,1.0,5.472568163777985e-09,3,1
9632,21479,1.0,2.7362840818889926e-09,2,1
9631,19484,1.0,5.782310606761996e-06,6,1
6187,17767,1.0,2.7362840818889926e-09,2,1
9626,13032,1.0,4.789319787347258e-07,6,1
9625,21469,1.0,2.7362840818889926e-09,2,1
12495,24944,1.0,2.7362840818889926e-09,2,1
6191,17771,1.0,2.7362840818889926e-09,2,1
9621,21462,1.0,2.7362840818889926e-09,2,1
9620,21460,1.0,2.7362840818889926e-09,2,1
12306,24742,1.0,2.7362840818889926e-09,2,1
6007,17580,1.0,5.472568163777985e-09,3,1
12138,24532,1.0,2.7362840818889926e-09,2,1
12139,24533,1.0,2.7362840818889926e-09,2,1
9936,21855,1.0,2.7362840818889926e-09,2,1
12141,24537,1.0,8.208852245666977e-09,3,1
12143,24538,1.0,2.7362840818889926e-09,2,1
9934,21854,1.0,2.7362840818889926e-09,2,1
11609,12145,-1.0,1.1583602613330069e-08,6,1
9932,13116,1.0,7.625445289518744e-07,5,1
9928,18143,1.0,8.208852245666977e-09,3,1
12147,12526,1.0,5.472568163777985e-09,3,1
9926,21845,1.0,2.7362840818889926e-09,2,1
5818,17409,1.0,2.7362840818889926e-09,2,1
12150,24547,1.0,2.7362840818889926e-09,2,1
9924,21841,1.0,2.7362840818889926e-09,2,1
12152,24550,1.0,2.7362840818889926e-09,2,1
12121,24503,1.0,8.208852245666977e-09,3,1
9954,18260,1.0,2.7362840818889926e-09,6,1
9952,21870,1.0,2.7362840818889926e-09,2,1
9951,21869,1.0,5.472568163777985e-09,3,1
12128,24512,1.0,2.7362840818889926e-09,2,1
9943,21861,1.0,2.7362840818889926e-09,2,1
12130,24520,1.0,2.7362840818889926e-09,2,1
9942,21860,1.0,2.7362840818889926e-09,2,1
9940,21856,1.0,2.7362840818889926e-09,2,1
3017,9905,1.0,5.472568163777985e-09,3,1
12132,24522,1.0,2.7362840818889926e-09,2,1
12133,24524,1.0,2.7362840818889926e-09,2,1
5862,17451,1.0,2.7362840818889926e-09,2,1
12171,24579,1.0,2.7362840818889926e-09,2,1
9900,21824,1.0,2.7362840818889926e-09,2,1
9899,21823,1.0,2.7362840818889926e-09,2,1
2956,15139,1.0,2.7362840818889926e-09,2,1
12175,24582,1.0,2.7362840818889926e-09,2,1
12176,24583,1.0,2.7362840818889926e-09,2,1
12177,24586,1.0,2.7362840818889926e-09,2,1
12178,24587,1.0,5.472568163777985e-09,3,1
12180,24588,1.0,2.7362840818889926e-09,2,1
2947,15131,1.0,2.7362840818889926e-09,2,1
12181,24589,1.0,2.7362840818889926e-09,2,1
9893,11242,1.0,1.915398857322295e-08,5,1
9891,21816,1.0,2.7362840818889926e-09,2,1
9901,21825,1.0,2.7362840818889926e-09,2,1
12170,24578,1.0,2.7362840818889926e-09,2,1
12155,24553,1.0,8.208852245666977e-09,3,1
9920,21837,1.0,2.7362840818889926e-09,2,1
5823,17413,1.0,2.7362840818889926e-09,2,1
9919,21836,1.0,2.7362840818889926e-09,2,1
9918,21835,1.0,2.7362840818889926e-09,2,1
12157,24568,1.0,2.7362840818889926e-09,2,1
5826,17418,1.0,2.7362840818889926e-09,2,1
2979,15162,1.0,2.7362840818889926e-09,2,1
12163,24572,1.0,5.472568163777985e-09,3,1
12165,24574,1.0,2.7362840818889926e-09,2,1
9905,21828,1.0,5.472568163777985e-09,3,1
12166,24576,1.0,2.7362840818889926e-09,2,1
12167,24577,1.0,2.7362840818889926e-09,2,1
12168,15383,1.0,6.840710204722482e-09,6,1
5836,17432,1.0,2.7362840818889926e-09,2,1
5750,17346,1.0,8.208852245666977e-09,4,1
5752,10155,1.0,2.7362840818889927e-08,4,1
12066,24448,1.0,2.7362840818889926e-09,2,1
12067,24449,1.0,2.7362840818889926e-09,2,1
12069,24450,1.0,2.7362840818889926e-09,2,1
9991,21915,1.0,2.7362840818889926e-09,2,1
12073,24455,1.0,8.208852245666977e-09,3,1
9989,21911,1.0,2.7362840818889926e-09,2,1
5757,17354,1.0,2.7362840818889926e-09,2,1
12075,24458,1.0,2.7362840818889926e-09,2,1
12077,24462,1.0,2.7362840818889926e-09,2,1
9983,13446,1.0,2.596737496246834e-06,5,1
12078,24465,1.0,2.7362840818889926e-09,2,1
5794,17379,1.0,2.7362840818889926e-09,2,1
8900,9993,-1.0,4.104426122833489e-09,5,1
9281,12051,-1.0,8.208852245666977e-09,5,1
10003,17340,1.0,8.208852245666977e-09,6,1
5744,17337,1.0,2.7362840818889926e-09,2,1
12053,24438,1.0,2.7362840818889926e-09,2,1
12054,24439,1.0,2.7362840818889926e-09,2,1
10001,21930,1.0,2.7362840818889926e-09,2,1
12059,16514,1.0,8.208852245666977e-09,3,1
9998,21924,1.0,2.7362840818889926e-09,2,1
9997,14664,1.0,1.4270362808135243e-06,6,1
9996,21921,1.0,2.7362840818889926e-09,2,1
9982,14080,1.0,5.472568163777985e-09,3,1
12081,24473,1.0,2.7362840818889926e-09,2,1
9980,21903,1.0,2.7362840818889926e-09,2,1
12099,24487,1.0,2.7362840818889926e-09,2,1
12100,24488,1.0,2.7362840818889926e-09,2,1
8184,9965,-1.0,1.094513632755597e-08,5,1
9964,11831,1.0,5.472568163777985e-09,3,1
12105,24492,1.0,8.208852245666977e-09,3,1
12106,24493,1.0,2.7362840818889926e-09,2,1
9962,21881,1.0,8.208852245666977e-09,3,1
9067,12110,-1.0,5.472568163777985e-09,3,1
9961,21880,1.0,2.7362840818889926e-09,2,1
9960,21877,1.0,2.7362840818889926e-09,2,1
5791,17378,1.0,2.7362840818889926e-09,2,1
12116,24499,1.0,2.7362840818889926e-09,2,1
12117,24500,1.0,2.7362840818889926e-09,2,1
12096,24484,1.0,2.7362840818889926e-09,2,1
5418,9967,-1.0,8.208852245666977e-09,4,1
12083,18728,1.0,5.472568163777985e-09,3,1
12085,24477,1.0,3.55716930645569e-08,3,1
3080,3439,1.0,1.516024925908044e-06,4,1
9976,21899,1.0,5.472568163777985e-09,3,1
5774,17362,1.0,5.472568163777985e-09,3,1
12093,24483,1.0,2.7362840818889926e-09,2,1
6129,9974,-1.0,5.7461965719668845e-08,5,1
9973,16798,1.0,2.7362840818889926e-09,4,1
12090,20079,1.0,2.7362840818889926e-09,6,1
12092,24481,1.0,2.7362840818889926e-09,2,1
3074,6395,1.0,1.6417704491333955e-08,5,1
12304,24738,1.0,2.7362840818889926e-09,2,1
12263,24681,1.0,2.7362840818889926e-09,2,1
12264,24683,1.0,8.208852245666977e-09,3,1
9816,21704,1.0,2.7362840818889926e-09,2,1
2796,12852,1.0,1.6417704491333955e-08,3,1
12267,24686,1.0,2.7362840818889926e-09,2,1
9815,21702,1.0,2.7362840818889926e-09,2,1
12269,15192,1.0,2.7362840818889926e-09,4,1
12270,19859,1.0,1.915398857322295e-08,3,1
12271,24688,1.0,2.7362840818889926e-09,2,1
12272,21429,1.0,4.104426122833489e-09,5,1
9812,14539,1.0,4.163123076860716e-07,5,1
2787,4703,1.0,1.094513632755597e-08,5,1
5963,17541,1.0,2.7362840818889926e-09,2,1
9809,21698,1.0,2.7362840818889926e-09,2,1
7730,9828,-1.0,8.208852245666977e-09,4,1
5925,17507,1.0,2.7362840818889926e-09,2,1
5926,17509,1.0,2.7362840818889926e-09,2,1
5927,7123,1.0,6.293453388344683e-08,4,1
12250,24667,1.0,2.7362840818889926e-09,2,1
12251,24668,1.0,2.7362840818889926e-09,2,1
9821,21718,1.0,5.472568163777985e-09,3,1
12252,24670,1.0,2.7362840818889926e-09,2,1
12254,24671,1.0,5.472568163777985e-09,3,1
5942,17521,1.0,2.7362840818889926e-09,2,1
5945,15274,1.0,2.7362840818889926e-09,4,1
12259,24680,1.0,2.7362840818889926e-09,2,1
9810,21699,1.0,2.7362840818889926e-09,2,1
12274,24693,1.0,1.094513632755597e-08,3,1
9782,10525,1.0,1.094513632755597e-08,4,1
2757,15040,1.0,2.7362840818889926e-09,2,1
12291,20124,1.0,1.094513632755597e-08,3,1
9781,21663,1.0,2.7362840818889926e-09,2,1
9777,21660,1.0,2.7362840818889926e-09,2,1
12295,24724,1.0,2.7362840818889926e-09,2,1
9775,21658,1.0,2.7362840818889926e-09,2,1
9774,21656,1.0,2.7362840818889926e-09,2,1
9773,21655,1.0,2.7362840818889926e-09,2,1
12297,24728,1.0,2.7362840818889926e-09,2,1
12300,24730,1.0,2.7362840818889926e-09,2,1
12301,24731,1.0,2.7362840818889926e-09,2,1
9771,21651,1.0,2.7362840818889926e-09,2,1
2747,15035,1.0,2.7362840818889926e-09,2,1
9770,21650,1.0,2.7362840818889926e-09,2,1
3399,6001,-1.0,5.472568163777985e-09,4,1
2746,15034,1.0,2.7362840818889926e-09,2,1
12302,24732,1.0,2.7362840818889926e-09,2,1
12290,24719,1.0,2.7362840818889926e-09,2,1
9807,21696,1.0,1.6417704491333955e-08,4,1
80,12276,-1.0,0.00018386152936794648,95,0
9806,21695,1.0,2.7362840818889926e-09,2,1
5970,17546,1.0,2.7362840818889926e-09,2,1
9805,21692,1.0,5.472568163777985e-09,3,1
12279,16980,1.0,4.104426122833489e-09,5,1
12279,12280,-1.0,4.104426122833489e-09,5,1
9803,21689,1.0,2.7362840818889926e-09,2,1
9800,21686,1.0,2.7362840818889926e-09,2,1
12283,24707,1.0,2.7362840818889926e-09,2,1
9798,16492,1.0,5.472568163777985e-09,3,1
12285,24709,1.0,2.7362840818889926e-09,2,1
9797,21684,1.0,2.7362840818889926e-09,2,1
2615,5991,-1.0,5.472568163777985e-09,3,1
9791,21674,1.0,2.7362840818889926e-09,2,1
12287,24715,1.0,2.7362840818889926e-09,2,1
9789,17010,1.0,2.7362840818889926e-09,4,1
9832,21733,1.0,2.7362840818889926e-09,2,1
9871,21794,1.0,2.7362840818889926e-09,2,1
5879,17472,1.0,2.7362840818889926e-09,2,1
2899,13652,1.0,1.094513632755597e-08,4,1
12204,24609,1.0,2.7362840818889926e-09,2,1
5882,6725,1.0,1.3681420409444964e-08,4,1
9867,21791,1.0,2.7362840818889926e-09,2,1
7614,12206,-1.0,1.3681420409444964e-08,6,1
12207,24612,1.0,2.7362840818889926e-09,2,1
9865,21790,1.0,2.7362840818889926e-09,2,1
12209,24613,1.0,2.4626556737000932e-08,3,1
9864,21788,1.0,2.7362840818889926e-09,2,1
5888,17479,1.0,2.7362840818889926e-09,2,1
12210,24617,1.0,2.7362840818889926e-09,2,1
9861,21786,1.0,2.7362840818889926e-09,2,1
12211,24619,1.0,2.7362840818889926e-09,2,1
9860,21785,1.0,8.208852245666977e-09,3,1
12213,16444,1.0,5.472568163777985e-09,3,1
5878,17469,1.0,2.7362840818889926e-09,2,1
12201,24605,1.0,2.7362840818889926e-09,2,1
12190,24598,1.0,2.7362840818889926e-09,4,1
12191,24599,1.0,2.7362840818889926e-09,2,1
9884,12633,1.0,5.472568163777985e-09,3,1
5871,17460,1.0,2.7362840818889926e-09,2,1
12194,24601,1.0,2.7362840818889926e-09,2,1
9877,11434,1.0,5.472568163777985e-09,3,1
9279,9874,-1.0,5.472568163777985e-09,3,1
12198,24603,1.0,3.55716930645569e-08,3,1
12200,24604,1.0,2.7362840818889926e-09,2,1
5717,9872,-1.0,1.915398857322295e-08,4,1
9858,21781,1.0,2.7362840818889926e-09,2,1
9856,21778,1.0,2.7362840818889926e-09,2,1
6652,12214,-1.0,8.208852245666977e-09,6,1
5891,17484,1.0,2.7362840818889926e-09,2,1
9848,21758,1.0,2.7362840818889926e-09,2,1
12236,24639,1.0,2.7362840818889926e-09,2,1
9843,21745,1.0,2.7362840818889926e-09,2,1
5918,12650,1.0,5.472568163777985e-09,3,1
9840,21741,1.0,2.7362840818889926e-09,2,1
9838,21740,1.0,2.7362840818889926e-09,2,1
9836,21738,1.0,2.7362840818889926e-09,2,1
12242,24648,1.0,2.7362840818889926e-09,2,1
9834,14093,1.0,5.472568163777985e-09,3,1
12243,24650,1.0,2.7362840818889926e-09,2,1
2858,15092,1.0,2.7362840818889926e-09,2,1
12232,24637,1.0,2.7362840818889926e-09,2,1
12224,24634,1.0,5.472568163777985e-09,3,1
12216,24626,1.0,1.094513632755597e-08,3,1
1960,5893,-1.0,5.472568163777985e-09,3,1
5894,17488,1.0,2.7362840818889926e-09,2,1
12221,24633,1.0,2.7362840818889926e-09,2,1
5899,17490,1.0,2.7362840818889926e-09,2,1
9853,21776,1.0,2.7362840818889926e-09,2,1
12226,17011,1.0,2.7362840818889926e-09,4,1
5908,17498,1.0,2.7362840818889926e-09,2,1
4577,12230,-1.0,0.0001007390347588252,23,0
2861,15094,1.0,2.7362840818889926e-09,2,1
12569,25046,1.0,2.7362840818889926e-09,2,1
9248,17240,1.0,4.104426122833489e-09,5,1
12892,25459,1.0,2.7362840818889926e-09,2,1
12895,25461,1.0,2.7362840818889926e-09,2,1
12896,25463,1.0,2.7362840818889926e-09,2,1
9240,15008,1.0,5.472568163777985e-09,3,1
9239,16004,1.0,8.208852245666977e-09,3,1
6718,18244,1.0,5.198939755589086e-08,3,1
12902,25469,1.0,2.7362840818889926e-09,2,1
9237,20993,1.0,2.7362840818889926e-09,2,1
9235,20992,1.0,2.7362840818889926e-09,2,1
12903,24775,1.0,5.472568163777985e-09,3,1
12905,19765,1.0,2.7362840818889926e-09,4,1
12906,25472,1.0,2.7362840818889926e-09,2,1
12908,25475,1.0,2.7362840818889926e-09,2,1
9139,9229,-1.0,5.472568163777985e-09,3,1
6710,18229,1.0,5.472568163777985e-09,3,1
9250,21005,1.0,2.7362840818889926e-09,2,1
12909,25477,1.0,2.7362840818889926e-09,2,1
6699,18223,1.0,2.7362840818889926e-09,2,1
3687,12876,-1.0,5.472568163777985e-09,4,1
9258,21008,1.0,5.198939755589086e-08,3,1
3772,12881,-1.0,1.3681420409444964e-08,4,1
9255,21006,1.0,1.094513632755597e-08,3,1
6705,13191,1.0,5.472568163777985e-09,3,1
1960,14594,1.0,5.472568163777985e-09,3,1
12889,25458,1.0,2.7362840818889926e-09,2,1
6709,18227,1.0,2.7362840818889926e-09,2,1
9228,20989,1.0,2.7362840818889926e-09,2,1
6728,18257,1.0,2.7362840818889926e-09,2,1
12939,25520,1.0,2.7362840818889926e-09,2,1
12924,25500,1.0,2.7362840818889926e-09,2,1
9200,20950,1.0,2.7362840818889926e-09,2,1
12925,25503,1.0,2.7362840818889926e-09,2,1
7183,9196,-1.0,6.384662857740982e-09,6,1
12931,25507,1.0,2.7362840818889926e-09,2,1
12933,25509,1.0,2.7362840818889926e-09,2,1
12934,25513,1.0,3.283540898266791e-08,3,1
12936,25516,1.0,2.7362840818889926e-09,2,1
1884,14567,1.0,2.7362840818889926e-09,2,1
9190,20945,1.0,2.7362840818889926e-09,2,1
9189,20944,1.0,2.7362840818889926e-09,2,1
6758,18295,1.0,2.7362840818889926e-09,2,1
12911,25480,1.0,2.7362840818889926e-09,2,1
6742,18278,1.0,2.7362840818889926e-09,2,1
9227,20988,1.0,2.7362840818889926e-09,2,1
12914,25485,1.0,2.7362840818889926e-09,2,1
1917,14577,1.0,2.7362840818889926e-09,2,1
6732,18265,1.0,2.7362840818889926e-09,2,1
12916,25486,1.0,2.7362840818889926e-09,2,1
12918,25489,1.0,2.7362840818889926e-09,2,1
9210,20970,1.0,2.7362840818889926e-09,2,1
9209,20969,1.0,2.7362840818889926e-09,2,1
12922,25498,1.0,2.7362840818889926e-09,2,1
9208,20967,1.0,2.7362840818889926e-09,2,1
9207,20963,1.0,2.7362840818889926e-09,2,1
6741,18277,1.0,2.7362840818889926e-09,2,1
9261,21011,1.0,2.7362840818889926e-09,2,1
12873,20575,1.0,5.472568163777985e-09,5,1
6643,18175,1.0,2.7362840818889926e-09,2,1
11211,12828,-1.0,1.094513632755597e-08,5,1
9308,21063,1.0,1.094513632755597e-08,3,1
9307,21062,1.0,2.7362840818889926e-09,2,1
6651,18187,1.0,2.7362840818889926e-09,2,1
9052,9302,-1.0,1.778584653227845e-08,5,1
2030,14621,1.0,2.7362840818889926e-09,2,1
12834,16117,1.0,2.7362840818889926e-09,4,1
6653,16005,1.0,2.7362840818889926e-09,4,1
12836,25394,1.0,2.7362840818889926e-09,2,1
6655,18188,1.0,2.7362840818889926e-09,2,1
6639,18173,1.0,2.7362840818889926e-09,2,1
12824,25378,1.0,2.7362840818889926e-09,2,1
9323,11558,1.0,1.3681420409444964e-08,3,1
12810,25357,1.0,2.7362840818889926e-09,2,1
9320,21080,1.0,2.7362840818889926e-09,2,1
12813,25358,1.0,1.6417704491333955e-08,5,1
9319,21079,1.0,2.7362840818889926e-09,2,1
9317,21075,1.0,5.472568163777985e-09,3,1
8173,12816,-1.0,5.472568163777985e-09,4,1
6632,18165,1.0,2.7362840818889926e-09,2,1
12818,25370,1.0,2.7362840818889926e-09,2,1
12821,25377,1.0,2.7362840818889926e-09,2,1
6634,18166,1.0,3.283540898266791e-08,3,1
3056,12839,-1.0,1.6417704491333955e-08,5,1
9298,11393,1.0,5.472568163777985e-09,3,1
9297,21051,1.0,2.7362840818889926e-09,2,1
6676,18208,1.0,2.7362840818889926e-09,2,1
9279,21021,1.0,5.472568163777985e-09,3,1
12855,25419,1.0,2.7362840818889926e-09,2,1
12856,25420,1.0,2.7362840818889926e-09,2,1
12857,25421,1.0,2.7362840818889926e-09,2,1
12861,25424,1.0,2.7362840818889926e-09,2,1
12862,25427,1.0,2.7362840818889926e-09,2,1
7764,9275,-1.0,4.104426122833489e-09,6,1
12867,25432,1.0,2.7362840818889926e-09,2,1
9265,21014,1.0,2.7362840818889926e-09,2,1
6694,18217,1.0,2.7362840818889926e-09,2,1
1980,5750,1.0,8.208852245666977e-09,4,1
12870,25439,1.0,2.7362840818889926e-09,2,1
6696,18219,1.0,2.7362840818889926e-09,2,1
6697,8262,1.0,5.472568163777985e-09,3,1
9281,20790,1.0,1.0945136327555971e-07,5,1
6665,18194,1.0,2.7362840818889926e-09,2,1
12841,25397,1.0,2.7362840818889926e-09,2,1
12843,25398,1.0,2.7362840818889926e-09,2,1
12848,25404,1.0,2.7362840818889926e-09,2,1
12849,25405,1.0,2.7362840818889926e-09,2,1
10022,12854,-1.0,5.472568163777985e-09,3,1
9289,21042,1.0,2.7362840818889926e-09,2,1
2017,14615,1.0,2.7362840818889926e-09,2,1
12851,17809,1.0,1.6417704491333955e-08,4,1
3973,9287,-1.0,5.472568163777985e-09,4,1
3511,12852,-1.0,2.7362840818889927e-08,6,1
9284,21031,1.0,2.7362840818889926e-09,2,1
6673,18202,1.0,2.7362840818889926e-09,2,1
4621,12940,-1.0,5.472568163777985e-09,3,1
12809,25354,1.0,2.7362840818889926e-09,2,1
13018,25626,1.0,2.7362840818889926e-09,2,1
1754,10311,1.0,5.472568163777985e-09,4,1
9112,20874,1.0,2.7362840818889926e-09,2,1
9110,20873,1.0,1.094513632755597e-08,3,1
9106,20869,1.0,2.7362840818889926e-09,2,1
6851,18380,1.0,2.7362840818889926e-09,2,1
9105,20868,1.0,1.3681420409444964e-08,3,1
9104,20865,1.0,2.7362840818889926e-09,2,1
9103,20863,1.0,2.7362840818889926e-09,2,1
9099,20859,1.0,2.7362840818889926e-09,2,1
13029,25634,1.0,5.472568163777985e-09,3,1
6846,18368,1.0,2.7362840818889926e-09,2,1
13031,25635,1.0,2.7362840818889926e-09,2,1
13017,25623,1.0,2.7362840818889926e-09,2,1
6829,7000,1.0,2.7362840818889926e-09,4,1
13000,25605,1.0,2.7362840818889926e-09,2,1
13001,21028,1.0,2.7362840818889926e-09,4,1
12586,13002,-1.0,4.104426122833489e-09,6,1
13003,25607,1.0,5.472568163777985e-09,3,1
6836,17118,1.0,2.7362840818889926e-09,6,1
13006,25608,1.0,2.7362840818889926e-09,2,1
1770,12865,1.0,1.2810468368685613e-06,6,1
6840,18365,1.0,2.7362840818889926e-09,2,1
13010,25615,1.0,2.7362840818889926e-09,2,1
13013,25618,1.0,5.472568163777985e-09,3,1
13014,25619,1.0,2.7362840818889926e-09,2,1
13015,25620,1.0,2.7362840818889926e-09,2,1
6845,11656,1.0,8.208852245666977e-09,3,1
13016,25622,1.0,2.7362840818889926e-09,2,1
6856,8268,1.0,5.472568163777985e-09,3,1
9187,20942,1.0,2.7362840818889926e-09,2,1
9084,20835,1.0,2.7362840818889926e-09,2,1
13048,25658,1.0,2.7362840818889926e-09,2,1
13049,20725,1.0,5.472568163777985e-09,3,1
9081,10214,1.0,5.472568163777985e-09,3,1
9076,20820,1.0,2.7362840818889926e-09,2,1
13052,25666,1.0,2.7362840818889926e-09,2,1
13053,25667,1.0,2.7362840818889926e-09,2,1
6880,18415,1.0,5.472568163777985e-09,3,1
6881,18416,1.0,2.7362840818889926e-09,2,1
6882,18418,1.0,1.094513632755597e-08,3,1
13056,25674,1.0,2.7362840818889926e-09,2,1
1690,11559,1.0,8.208852245666977e-09,4,1
6884,18420,1.0,2.7362840818889926e-09,2,1
9071,11087,1.0,5.4725681637779854e-08,6,1
6885,18421,1.0,2.7362840818889926e-09,2,1
9070,20812,1.0,2.7362840818889926e-09,2,1
13059,25677,1.0,2.7362840818889926e-09,2,1
9083,20834,1.0,2.7362840818889926e-09,2,1
13033,25638,1.0,2.7362840818889926e-09,2,1
2144,6872,-1.0,0.0003700199168273895,67,0
6858,10466,1.0,1.094513632755597e-08,4,1
9096,20856,1.0,2.7362840818889926e-09,2,1
13034,25641,1.0,2.4626556737000932e-08,4,1
13035,25642,1.0,2.7362840818889926e-09,2,1
1732,14519,1.0,2.7362840818889926e-09,2,1
3553,9091,-1.0,8.208852245666977e-09,4,1
7092,13036,-1.0,8.208852245666977e-09,5,1
10540,13039,-1.0,5.472568163777985e-09,3,1
13045,25653,1.0,2.7362840818889926e-09,2,1
6871,18402,1.0,1.094513632755597e-08,3,1
13046,25654,1.0,2.7362840818889926e-09,2,1
6778,18312,1.0,2.7362840818889926e-09,2,1
6779,18314,1.0,2.7362840818889926e-09,2,1
12963,25544,1.0,2.7362840818889926e-09,2,1
9168,20926,1.0,2.7362840818889926e-09,2,1
9167,20925,1.0,2.5312661959260633e-07,4,1
12964,25547,1.0,2.7362840818889926e-09,2,1
12965,25548,1.0,5.472568163777985e-09,3,1
6782,18316,1.0,2.7362840818889926e-09,4,1
9164,20922,1.0,2.7362840818889926e-09,2,1
921,12967,-1.0,0.00024052355428979015,150,0
12970,25552,1.0,2.7362840818889926e-09,2,1
12974,25556,1.0,2.7362840818889926e-09,2,1
12975,25557,1.0,2.7362840818889926e-09,2,1
9119,20882,1.0,1.915398857322295e-08,3,1
6761,18298,1.0,2.7362840818889926e-09,2,1
6762,17362,1.0,5.472568163777985e-09,3,1
9186,20940,1.0,2.7362840818889926e-09,2,1
9185,20939,1.0,2.7362840818889926e-09,2,1
9184,20938,1.0,2.7362840818889926e-09,2,1
9179,20935,1.0,2.7362840818889926e-09,2,1
12946,25529,1.0,2.7362840818889926e-09,2,1
6768,18303,1.0,2.7362840818889926e-09,2,1
12947,25530,1.0,2.7362840818889926e-09,2,1
12950,25531,1.0,2.7362840818889926e-09,2,1
12952,25534,1.0,2.7362840818889926e-09,2,1
12955,25536,1.0,2.7362840818889926e-09,2,1
12956,25537,1.0,2.7362840818889926e-09,2,1
9171,13029,1.0,5.472568163777985e-09,3,1
12957,25538,1.0,8.208852245666977e-09,3,1
12976,25559,1.0,2.7362840818889926e-09,2,1
6791,9387,1.0,8.208852245666977e-09,3,1
6792,18324,1.0,2.7362840818889926e-09,2,1
3232,9136,-1.0,5.472568163777985e-09,3,1
9135,20896,1.0,2.7362840818889926e-09,2,1
9134,20895,1.0,2.7362840818889926e-09,2,1
9129,20891,1.0,5.472568163777985e-09,3,1
12986,25578,1.0,2.7362840818889926e-09,2,1
6814,18345,1.0,2.7362840818889926e-09,2,1
12995,25598,1.0,2.7362840818889926e-09,2,1
9122,20885,1.0,2.7362840818889926e-09,2,1
12997,25602,1.0,2.7362840818889926e-09,2,1
9138,20899,1.0,2.7362840818889926e-09,2,1
9139,20901,1.0,5.472568163777985e-09,3,1
9157,20915,1.0,2.7362840818889926e-09,2,1
9155,20913,1.0,2.7362840818889926e-09,2,1
12978,25561,1.0,4.104426122833489e-09,5,1
9153,20912,1.0,2.7362840818889926e-09,2,1
9151,20909,1.0,2.7362840818889926e-09,2,1
9150,20908,1.0,2.7362840818889926e-09,2,1
6798,18329,1.0,2.7362840818889926e-09,2,1
1032,6801,-1.0,9.514027470662258e-08,6,1
6807,18340,1.0,2.7362840818889926e-09,2,1
1821,14548,1.0,2.7362840818889926e-09,2,1
9144,20905,1.0,2.7362840818889926e-09,2,1
6804,6805,1.0,1.094513632755597e-08,3,1
1816,14546,1.0,2.7362840818889926e-09,2,1
12982,25569,1.0,5.472568163777985e-09,3,1
6805,8007,1.0,1.6417704491333955e-08,4,1
5750,9142,-1.0,8.208852245666977e-09,4,1
12808,25353,1.0,8.208852245666977e-09,3,1
9468,11485,1.0,5.654873631452444e-06,6,1
2435,9465,-1.0,1.915398857322295e-08,6,1
12655,25153,1.0,2.7362840818889926e-09,2,1
12657,25155,1.0,2.7362840818889926e-09,2,1
9464,21296,1.0,2.7362840818889926e-09,2,1
9463,21295,1.0,2.7362840818889926e-09,2,1
9461,21294,1.0,2.7362840818889926e-09,2,1
2303,14762,1.0,2.7362840818889926e-09,2,1
12658,25157,1.0,2.7362840818889926e-09,2,1
2300,14761,1.0,2.7362840818889926e-09,2,1
12661,25158,1.0,2.7362840818889926e-09,2,1
9459,21290,1.0,2.7362840818889926e-09,2,1
6412,17941,1.0,1.094513632755597e-08,4,1
12663,25164,1.0,2.7362840818889926e-09,2,1
9456,21288,1.0,5.472568163777985e-09,3,1
12650,25143,1.0,5.472568163777985e-09,3,1
6381,17918,1.0,2.7362840818889926e-09,2,1
12634,25126,1.0,2.7362840818889926e-09,2,1
9478,21312,1.0,2.7362840818889926e-09,2,1
12635,25128,1.0,2.7362840818889926e-09,2,1
9477,12155,1.0,1.094513632755597e-08,4,1
12641,23853,1.0,8.208852245666977e-09,3,1
6389,17920,1.0,2.7362840818889926e-09,2,1
12643,25135,1.0,2.7362840818889926e-09,2,1
12644,25137,1.0,2.7362840818889926e-09,2,1
9474,13235,1.0,5.472568163777985e-09,3,1
12647,25140,1.0,2.7362840818889926e-09,2,1
6392,17923,1.0,2.7362840818889926e-09,2,1
12649,25141,1.0,2.7362840818889926e-09,2,1
6418,17950,1.0,5.472568163777985e-09,3,1
6461,17997,1.0,2.7362840818889926e-09,2,1
4599,9436,-1.0,8.208852245666977e-09,3,1
12676,14441,1.0,2.7362840818889926e-09,4,1
6445,17987,1.0,2.7362840818889926e-09,2,1
9434,21258,1.0,2.7362840818889926e-09,2,1
2259,10833,1.0,1.094513632755597e-08,4,1
12680,25194,1.0,2.7362840818889926e-09,2,1
12681,14070,1.0,8.208852245666977e-09,4,1
12682,25195,1.0,2.7362840818889926e-09,2,1
9429,21245,1.0,2.7362840818889926e-09,2,1
6451,17994,1.0,2.7362840818889926e-09,2,1
12686,25199,1.0,5.472568163777985e-09,3,1
12687,25200,1.0,5.472568163777985e-09,3,1
12674,25188,1.0,2.7362840818889926e-09,2,1
9453,21283,1.0,2.7362840818889926e-09,2,1
12665,25168,1.0,2.7362840818889926e-09,2,1
12666,25169,1.0,2.7362840818889926e-09,2,1
12667,20516,1.0,1.9627326746015603e-06,4,1
12668,25170,1.0,2.7362840818889926e-09,2,1
6424,17955,1.0,2.7362840818889926e-09,2,1
9450,21275,1.0,2.7362840818889926e-09,2,1
9446,21272,1.0,2.7362840818889926e-09,2,1
9444,21271,1.0,2.7362840818889926e-09,2,1
9443,21270,1.0,2.7362840818889926e-09,2,1
6430,17969,1.0,2.7362840818889926e-09,2,1
6432,17971,1.0,5.472568163777985e-09,3,1
9442,21269,1.0,8.208852245666977e-09,3,1
9441,17664,1.0,5.472568163777985e-09,3,1
9439,21267,1.0,5.472568163777985e-09,3,1
9438,21266,1.0,2.7362840818889926e-09,2,1
12633,25122,1.0,5.472568163777985e-09,3,1
12632,25121,1.0,2.7362840818889926e-09,2,1
12631,25118,1.0,2.7362840818889926e-09,2,1
9514,10409,1.0,8.208852245666977e-09,4,1
6319,16310,1.0,8.208852245666977e-09,3,1
6329,17873,1.0,2.7362840818889926e-09,2,1
6331,17874,1.0,2.7362840818889926e-09,2,1
6332,17875,1.0,2.7362840818889926e-09,2,1
6342,17881,1.0,2.7362840818889926e-09,2,1
6344,17884,1.0,2.7362840818889926e-09,2,1
6345,17885,1.0,2.7362840818889926e-09,4,1
12594,21956,1.0,1.6417704491333955e-08,4,1
12596,25082,1.0,2.7362840818889926e-09,2,1
9515,21346,1.0,2.7362840818889926e-09,2,1
12587,25070,1.0,2.7362840818889926e-09,2,1
9530,21360,1.0,2.7362840818889926e-09,2,1
12572,25050,1.0,2.7362840818889926e-09,2,1
9527,21358,1.0,2.7362840818889926e-09,2,1
12573,25052,1.0,2.7362840818889926e-09,2,1
12574,15316,1.0,2.4626556737000932e-08,3,1
9524,21355,1.0,2.7362840818889926e-09,2,1
12576,25059,1.0,2.7362840818889926e-09,2,1
12580,25065,1.0,2.7362840818889926e-09,2,1
12582,25066,1.0,2.7362840818889926e-09,2,1
9518,21349,1.0,2.7362840818889926e-09,2,1
6315,9517,-1.0,8.208852245666977e-09,4,1
9516,21347,1.0,2.7362840818889926e-09,4,1
8424,12598,-1.0,5.472568163777985e-09,4,1
12599,25084,1.0,2.7362840818889926e-09,2,1
6353,17890,1.0,2.7362840818889926e-09,2,1
2355,3552,1.0,1.094513632755597e-08,6,1
2354,14786,1.0,2.7362840818889926e-09,2,1
12617,25105,1.0,2.7362840818889926e-09,2,1
9490,21320,1.0,2.7362840818889926e-09,2,1
9488,21316,1.0,2.7362840818889926e-09,2,1
12620,25108,1.0,2.7362840818889926e-09,2,1
9487,21315,1.0,2.7362840818889926e-09,2,1
9486,14938,1.0,8.208852245666977e-09,3,1
7556,12623,-1.0,1.6417704491333955e-08,5,1
12624,25114,1.0,2.7362840818889926e-09,2,1
12625,25115,1.0,2.7362840818889926e-09,2,1
9483,11973,1.0,5.472568163777985e-09,3,1
12329,12627,-1.0,5.472568163777985e-09,3,1
10129,12628,-1.0,5.472568163777985e-09,3,1
12629,25117,1.0,2.7362840818889926e-09,2,1
12615,25103,1.0,2.7362840818889926e-09,2,1
12614,25101,1.0,2.7362840818889926e-09,2,1
6355,17892,1.0,2.7362840818889926e-09,2,1
12601,19941,1.0,1.3681420409444964e-08,4,1
12602,25086,1.0,2.7362840818889926e-09,2,1
9500,21328,1.0,2.7362840818889926e-09,2,1
12606,25091,1.0,2.7362840818889926e-09,2,1
9499,21327,1.0,2.7362840818889926e-09,2,1
12608,25094,1.0,2.7362840818889926e-09,2,1
12613,25100,1.0,2.7362840818889926e-09,2,1
12609,25096,1.0,2.7362840818889926e-09,2,1
6358,17895,1.0,2.7362840818889926e-09,2,1
12610,25097,1.0,2.7362840818889926e-09,2,1
9497,21325,1.0,2.7362840818889926e-09,2,1
9495,21322,1.0,2.7362840818889926e-09,2,1
12766,23752,1.0,1.094513632755597e-08,4,1
12767,21869,1.0,5.472568163777985e-09,3,1
9361,21151,1.0,2.7362840818889926e-09,2,1
12768,25296,1.0,2.7362840818889926e-09,2,1
6577,18107,1.0,2.7362840818889926e-09,2,1
12769,25299,1.0,2.7362840818889926e-09,2,1
9357,21146,1.0,2.7362840818889926e-09,2,1
6583,12813,1.0,1.6417704491333955e-08,5,1
6586,18113,1.0,2.7362840818889926e-09,2,1
12772,25305,1.0,2.7362840818889926e-09,2,1
2113,14663,1.0,2.7362840818889926e-09,2,1
6590,18116,1.0,2.7362840818889926e-09,2,1
9353,21139,1.0,2.7362840818889926e-09,2,1
9363,21153,1.0,2.7362840818889926e-09,2,1
9350,21136,1.0,2.7362840818889926e-09,2,1
12762,25294,1.0,2.7362840818889926e-09,2,1
7718,9372,-1.0,2.7362840818889926e-09,5,1
12750,16302,1.0,2.7362840818889926e-09,4,1
6559,18089,1.0,4.104426122833489e-09,5,1
12753,25285,1.0,2.7362840818889926e-09,2,1
6560,18090,1.0,2.7362840818889926e-09,2,1
12754,25286,1.0,2.7362840818889926e-09,2,1
9366,21156,1.0,2.7362840818889926e-09,2,1
12756,25289,1.0,2.7362840818889926e-09,2,1
6565,18094,1.0,2.7362840818889926e-09,2,1
2134,14677,1.0,2.7362840818889926e-09,2,1
6567,13062,1.0,2.4626556737000932e-08,4,1
12761,25293,1.0,2.7362840818889926e-09,2,1
12775,25308,1.0,2.7362840818889926e-09,2,1
9423,21238,1.0,2.7362840818889926e-09,2,1
6612,15186,1.0,2.7362840818889926e-09,4,1
2080,14650,1.0,2.7362840818889926e-09,2,1
2079,14649,1.0,2.7362840818889926e-09,2,1
12797,25336,1.0,2.7362840818889926e-09,2,1
9335,19984,1.0,1.2046370857038654e-06,5,1
9333,21106,1.0,2.7362840818889926e-09,2,1
6618,18145,1.0,2.7362840818889926e-09,2,1
6623,18148,1.0,2.7362840818889926e-09,2,1
2220,9332,-1.0,5.472568163777985e-09,3,1
12799,25339,1.0,2.7362840818889926e-09,2,1
12801,25340,1.0,8.208852245666977e-09,3,1
9739,12802,-1.0,3.009912490077892e-08,3,1
9331,21101,1.0,2.7362840818889926e-09,2,1
12803,25344,1.0,2.7362840818889926e-09,2,1
9327,21097,1.0,2.7362840818889926e-09,2,1
12805,25349,1.0,2.7362840818889926e-09,2,1
12806,25350,1.0,2.7362840818889926e-09,2,1
12794,25331,1.0,2.7362840818889927e-08,4,1
12777,25314,1.0,2.7362840818889926e-09,2,1
9338,21114,1.0,2.7362840818889926e-09,2,1
9347,21124,1.0,2.7362840818889926e-09,2,1
12781,25320,1.0,2.7362840818889926e-09,2,1
12782,25321,1.0,2.7362840818889926e-09,2,1
12785,25324,1.0,2.7362840818889926e-09,2,1
4683,12786,-1.0,8.208852245666977e-09,4,1
9340,21115,1.0,2.7362840818889926e-09,2,1
12789,25326,1.0,2.7362840818889926e-09,2,1
12790,25327,1.0,2.7362840818889926e-09,2,1
2088,13223,1.0,5.472568163777985e-09,3,1
9439,12791,-1.0,5.472568163777985e-09,3,1
12792,25329,1.0,2.7362840818889926e-09,2,1
6555,18085,1.0,2.7362840818889926e-09,2,1
12748,25277,1.0,5.472568163777985e-09,3,1
12698,25212,1.0,2.7362840818889926e-09,2,1
6485,18021,1.0,2.7362840818889926e-09,2,1
2220,14721,1.0,5.472568163777985e-09,3,1
12699,25216,1.0,2.7362840818889926e-09,2,1
9413,21218,1.0,2.7362840818889926e-09,2,1
12702,25224,1.0,2.7362840818889926e-09,2,1
12703,25225,1.0,8.208852245666977e-09,3,1
9408,21211,1.0,2.7362840818889926e-09,2,1
9407,21210,1.0,2.7362840818889926e-09,2,1
9404,21208,1.0,2.7362840818889926e-09,2,1
12706,25233,1.0,2.7362840818889926e-09,2,1
9400,21197,1.0,2.7362840818889926e-09,2,1
6484,18019,1.0,2.189027265511194e-08,3,1
12689,25202,1.0,2.7362840818889926e-09,2,1
2244,14729,1.0,2.7362840818889926e-09,2,1
12691,25203,1.0,2.7362840818889926e-09,2,1
9421,11015,1.0,2.4626556737000932e-08,4,1
9419,21236,1.0,2.7362840818889926e-09,2,1
12693,25206,1.0,2.7362840818889926e-09,2,1
648,2234,-1.0,0.00010073903475882516,42,0
6478,9196,1.0,7.752804898685478e-09,6,1
12696,25209,1.0,5.472568163777985e-09,3,1
12715,25243,1.0,2.7362840818889926e-09,2,1
12716,25246,1.0,2.7362840818889926e-09,2,1
6536,18072,1.0,2.7362840818889926e-09,2,1
12740,25273,1.0,2.7362840818889926e-09,2,1
11527,12741,-1.0,5.472568163777985e-09,3,1
9375,21167,1.0,2.7362840818889926e-09,2,1
12742,25274,1.0,2.7362840818889926e-09,2,1
8697,12744,-1.0,1.6417704491333955e-08,4,1
6093,6544,-1.0,5.472568163777985e-09,3,1
9374,21165,1.0,2.7362840818889926e-09,2,1
6547,18080,1.0,2.7362840818889926e-09,2,1
1486,6549,-1.0,3.5605464902125794e-06,5,1
12747,25276,1.0,2.7362840818889926e-09,2,1
6550,18083,1.0,2.7362840818889926e-09,2,1
7534,12731,-1.0,2.189027265511194e-08,5,1
12730,25267,1.0,5.472568163777985e-09,3,1
12723,25253,1.0,3.009912490077892e-08,3,1
12720,25249,1.0,2.7362840818889926e-09,2,1
6514,18053,1.0,2.7362840818889926e-09,2,1
9396,21192,1.0,1.6417704491333955e-08,3,1
6521,18057,1.0,2.7362840818889926e-09,2,1
9394,17438,1.0,3.64837877585199e-09,5,1
2187,14705,1.0,2.7362840818889926e-09,2,1
9390,21187,1.0,2.7362840818889926e-09,2,1
12724,25254,1.0,2.7362840818889926e-09,2,1
6523,18062,1.0,2.7362840818889926e-09,2,1
9387,12073,1.0,1.094513632755597e-08,4,1
12725,25262,1.0,2.7362840818889926e-09,2,1
12728,25265,1.0,2.7362840818889926e-09,2,1
10006,21936,1.0,2.7362840818889926e-09,2,1
12048,24433,1.0,5.472568163777985e-09,3,1
11380,23589,1.0,2.7362840818889926e-09,2,1
10664,22756,1.0,2.7362840818889926e-09,2,1
10663,22755,1.0,2.7362840818889926e-09,2,1
4916,16586,1.0,2.7362840818889926e-09,2,1
11385,23595,1.0,2.7362840818889926e-09,2,1
4917,16587,1.0,2.7362840818889926e-09,2,1
11386,23597,1.0,2.7362840818889926e-09,2,1
11387,23598,1.0,2.7362840818889926e-09,2,1
10657,22741,1.0,2.7362840818889926e-09,2,1
10655,22740,1.0,2.7362840818889926e-09,2,1
11389,23602,1.0,2.7362840818889926e-09,2,1
10654,20685,1.0,2.7362840818889926e-09,4,1
10652,22737,1.0,8.208852245666977e-09,3,1
10651,22735,1.0,2.7362840818889926e-09,2,1
10648,22733,1.0,2.7362840818889926e-09,2,1
10683,22782,1.0,2.7362840818889926e-09,2,1
11367,23568,1.0,2.7362840818889926e-09,2,1
11368,23571,1.0,2.7362840818889926e-09,2,1
10678,22777,1.0,2.7362840818889926e-09,2,1
10675,22771,1.0,1.094513632755597e-08,4,1
4899,16566,1.0,2.7362840818889926e-09,2,1
10673,22768,1.0,2.7362840818889926e-09,2,1
1643,11370,-1.0,8.208852245666977e-09,5,1
10670,18478,1.0,2.7362840818889926e-09,4,1
4066,6642,1.0,1.6417704491333955e-08,4,1
11371,23576,1.0,2.7362840818889926e-09,2,1
10669,22760,1.0,2.7362840818889926e-09,2,1
2899,11374,-1.0,8.208852245666977e-09,3,1
10650,22734,1.0,2.7362840818889926e-09,2,1
4050,15854,1.0,2.7362840818889926e-09,2,1
11406,23623,1.0,2.7362840818889926e-09,2,1
11408,23632,1.0,2.7362840818889926e-09,2,1
10630,22711,1.0,2.7362840818889926e-09,2,1
11410,23637,1.0,2.7362840818889926e-09,2,1
10629,22709,1.0,2.7362840818889926e-09,2,1
10628,22708,1.0,2.7362840818889926e-09,2,1
4019,15836,1.0,2.7362840818889926e-09,2,1
11415,12378,1.0,5.472568163777985e-09,3,1
10625,22702,1.0,5.472568163777985e-09,3,1
10623,22700,1.0,2.7362840818889926e-09,2,1
11416,23647,1.0,2.7362840818889926e-09,2,1
11417,23648,1.0,2.7362840818889926e-09,2,1
10622,22699,1.0,2.7362840818889926e-09,2,1
10621,22697,1.0,5.472568163777985e-09,3,1
11418,14380,1.0,3.64837877585199e-09,5,1
11419,23652,1.0,2.7362840818889926e-09,2,1
4953,16607,1.0,2.7362840818889926e-09,2,1
10647,22731,1.0,2.7362840818889926e-09,2,1
11393,23606,1.0,5.472568163777985e-09,3,1
10646,22729,1.0,2.7362840818889927e-08,3,1
11396,20891,1.0,5.472568163777985e-09,3,1
10643,22724,1.0,2.7362840818889926e-09,2,1
11398,23611,1.0,2.7362840818889926e-09,2,1
10642,22723,1.0,2.7362840818889926e-09,2,1
10641,19043,1.0,2.7362840818889926e-09,4,1
4040,15850,1.0,2.7362840818889926e-09,2,1
10639,22720,1.0,2.7362840818889926e-09,2,1
11402,23620,1.0,1.915398857322295e-08,3,1
8698,11404,-1.0,8.208852245666977e-09,4,1
10634,12851,1.0,1.094513632755597e-08,3,1
3740,10689,-1.0,5.472568163777985e-09,3,1
11364,19625,1.0,1.6417704491333955e-08,4,1
11304,23503,1.0,5.472568163777985e-09,3,1
7597,10740,-1.0,5.472568163777985e-09,6,1
4146,15932,1.0,2.7362840818889926e-09,2,1
4144,7174,1.0,5.472568163777985e-09,3,1
4143,15930,1.0,2.7362840818889926e-09,2,1
11306,23505,1.0,2.7362840818889926e-09,2,1
11307,23506,1.0,2.7362840818889926e-09,2,1
4829,16501,1.0,5.472568163777985e-09,3,1
11308,23507,1.0,2.7362840818889926e-09,2,1
11309,23508,1.0,2.7362840818889926e-09,2,1
4138,15926,1.0,2.7362840818889926e-09,2,1
10736,11215,1.0,1.6417704491333955e-08,6,1
10732,22850,1.0,2.7362840818889926e-09,2,1
11315,23515,1.0,2.7362840818889926e-09,2,1
10741,22861,1.0,2.7362840818889926e-09,2,1
10691,22787,1.0,2.7362840818889926e-09,2,1
11289,23490,1.0,2.7362840818889926e-09,2,1
4291,4810,-1.0,5.2725720342943915e-06,4,1
4811,16489,1.0,2.7362840818889926e-09,2,1
11291,23493,1.0,2.7362840818889926e-09,2,1
4165,15948,1.0,2.7362840818889926e-09,2,1
11292,17699,1.0,5.472568163777985e-09,3,1
4814,16492,1.0,5.472568163777985e-09,3,1
11294,23495,1.0,2.7362840818889926e-09,2,1
4815,16493,1.0,2.7362840818889926e-09,2,1
4816,16495,1.0,2.7362840818889926e-09,2,1
11297,23498,1.0,2.7362840818889926e-09,2,1
11298,23499,1.0,1.094513632755597e-08,3,1
10744,13913,1.0,1.094513632755597e-08,4,1
11301,13792,1.0,5.472568163777985e-09,4,1
4852,16523,1.0,2.7362840818889926e-09,2,1
11325,23522,1.0,5.472568163777985e-09,3,1
11327,23525,1.0,5.472568163777985e-09,3,1
10700,22805,1.0,2.7362840818889926e-09,2,1
11349,23549,1.0,2.7362840818889926e-09,2,1
11350,23550,1.0,8.208852245666977e-09,3,1
11351,23551,1.0,2.7362840818889926e-09,2,1
921,4881,-1.0,0.0014931097937277075,150,0
11352,23553,1.0,2.7362840818889926e-09,2,1
8205,10698,-1.0,8.208852245666977e-09,4,1
10697,22799,1.0,2.7362840818889926e-09,2,1
10695,22795,1.0,2.7362840818889926e-09,2,1
11358,23561,1.0,5.472568163777985e-09,3,1
4888,16550,1.0,2.7362840818889926e-09,2,1
11360,23562,1.0,2.7362840818889926e-09,2,1
11361,23563,1.0,2.7362840818889926e-09,2,1
4088,8533,1.0,5.472568163777985e-09,3,1
4087,15887,1.0,2.7362840818889926e-09,2,1
4889,8559,1.0,5.472568163777985e-09,3,1
11363,23564,1.0,2.7362840818889926e-09,2,1
10701,22809,1.0,5.472568163777985e-09,3,1
7245,11330,-1.0,8.208852245666977e-09,3,1
11331,23531,1.0,2.7362840818889926e-09,2,1
11334,23533,1.0,2.7362840818889926e-09,2,1
11335,23534,1.0,2.7362840818889926e-09,2,1
8819,11346,-1.0,5.472568163777985e-09,3,1
11340,23540,1.0,2.7362840818889926e-09,2,1
11224,11341,-1.0,7.387967021100281e-08,4,1
10706,22813,1.0,2.7362840818889926e-09,2,1
11343,23543,1.0,2.7362840818889926e-09,2,1
4872,4984,1.0,1.3681420409444964e-08,6,1
4876,16537,1.0,2.7362840818889926e-09,2,1
4105,15903,1.0,1.3681420409444964e-08,3,1
4011,15830,1.0,2.7362840818889926e-09,2,1
11494,23748,1.0,2.7362840818889926e-09,2,1
5065,16685,1.0,2.7362840818889926e-09,2,1
5070,16693,1.0,2.7362840818889926e-09,2,1
11498,23752,1.0,8.208852245666977e-09,3,1
10547,22614,1.0,2.7362840818889926e-09,2,1
5072,16699,1.0,2.7362840818889926e-09,2,1
11500,23753,1.0,2.7362840818889926e-09,2,1
5078,16704,1.0,2.7362840818889926e-09,2,1
10544,22612,1.0,2.7362840818889926e-09,2,1
11502,23754,1.0,2.7362840818889926e-09,2,1
11506,23757,1.0,2.7362840818889926e-09,2,1
10540,22606,1.0,5.472568163777985e-09,3,1
3893,8116,1.0,1.3681420409444964e-08,5,1
10537,13319,1.0,5.472568163777985e-09,3,1
11495,23749,1.0,2.7362840818889926e-09,2,1
10551,22615,1.0,2.7362840818889926e-09,2,1
10563,22631,1.0,3.009912490077892e-08,3,1
11481,23735,1.0,2.7362840818889926e-09,2,1
10561,22629,1.0,5.472568163777985e-09,3,1
11484,23740,1.0,2.7362840818889926e-09,2,1
11486,23741,1.0,2.7362840818889926e-09,2,1
11487,12703,1.0,1.094513632755597e-08,4,1
5053,16678,1.0,2.7362840818889926e-09,2,1
10559,22626,1.0,2.7362840818889926e-09,2,1
10556,10558,-1.0,1.1492393143933769e-07,4,1
10557,11528,1.0,3.283540898266791e-08,6,1
10556,11526,1.0,8.208852245666978e-08,4,1
3924,15759,1.0,2.7362840818889926e-09,2,1
5062,16684,1.0,2.7362840818889926e-09,2,1
11493,23746,1.0,2.7362840818889926e-09,2,1
11510,23760,1.0,2.7362840818889926e-09,2,1
10535,18229,1.0,5.472568163777985e-09,3,1
11527,23780,1.0,5.472568163777985e-09,3,1
8717,11528,-1.0,1.6417704491333956e-07,5,1
11529,23781,1.0,2.7362840818889926e-09,2,1
11530,23782,1.0,2.7362840818889926e-09,2,1
10520,22588,1.0,2.7362840818889926e-09,2,1
10519,22586,1.0,2.7362840818889926e-09,2,1
10517,12687,1.0,5.472568163777985e-09,3,1
5115,16746,1.0,8.208852245666977e-09,3,1
10513,16942,1.0,1.094513632755597e-08,5,1
10511,16942,1.0,6.840710204722482e-09,6,1
10510,22573,1.0,2.7362840818889926e-09,2,1
10509,22572,1.0,2.7362840818889926e-09,2,1
10508,12673,1.0,6.567081796533582e-08,6,1
10506,22566,1.0,2.7362840818889926e-09,2,1
11534,12254,1.0,5.472568163777985e-09,3,1
3841,15716,1.0,2.7362840818889926e-09,2,1
11535,23790,1.0,2.7362840818889926e-09,2,1
11536,23791,1.0,2.7362840818889926e-09,2,1
3864,15730,1.0,2.7362840818889926e-09,2,1
839,5110,-1.0,0.00010003114565254138,50,0
11512,23763,1.0,2.7362840818889926e-09,2,1
5428,10529,-1.0,2.189027265511194e-08,5,1
10528,13388,1.0,8.208852245666977e-09,3,1
3881,15738,1.0,2.7362840818889926e-09,2,1
10527,22596,1.0,2.7362840818889926e-09,2,1
11513,23765,1.0,1.094513632755597e-08,3,1
11514,23766,1.0,2.7362840818889926e-09,2,1
2435,11515,-1.0,1.915398857322295e-08,6,1
11516,23767,1.0,2.7362840818889926e-09,2,1
11517,23768,1.0,5.472568163777985e-09,3,1
11518,23769,1.0,2.7362840818889926e-09,2,1
11520,23770,1.0,2.7362840818889926e-09,2,1
5105,16729,1.0,2.7362840818889926e-09,2,1
11521,16809,1.0,8.208852245666977e-09,3,1
10525,16276,1.0,5.472568163777985e-09,5,1
11524,23775,1.0,2.7362840818889926e-09,2,1
11526,23779,1.0,4.378054531022388e-08,3,1
10565,22632,1.0,5.472568163777985e-09,3,1
11479,23732,1.0,2.7362840818889926e-09,2,1
11431,23675,1.0,2.7362840818889926e-09,2,1
4999,16641,1.0,2.7362840818889926e-09,2,1
3983,15809,1.0,2.7362840818889926e-09,2,1
11434,23678,1.0,5.472568163777985e-09,3,1
11437,23680,1.0,2.7362840818889926e-09,2,1
10600,22674,1.0,2.7362840818889926e-09,2,1
5004,16645,1.0,2.7362840818889926e-09,2,1
11440,18625,1.0,5.472568163777985e-09,3,1
11441,23693,1.0,2.7362840818889926e-09,2,1
10597,22668,1.0,2.7362840818889926e-09,2,1
11442,23695,1.0,2.7362840818889926e-09,2,1
11443,23696,1.0,2.7362840818889926e-09,2,1
10596,17580,1.0,5.472568163777985e-09,3,1
11430,23673,1.0,2.7362840818889926e-09,2,1
4829,10606,-1.0,5.472568163777985e-09,3,1
10617,22692,1.0,2.7362840818889926e-09,2,1
4971,16626,1.0,2.7362840818889926e-09,2,1
4972,16627,1.0,2.7362840818889926e-09,2,1
10614,13533,1.0,8.208852245666977e-09,3,1
11422,23660,1.0,2.7362840818889926e-09,2,1
10613,22688,1.0,2.7362840818889926e-09,2,1
10611,22685,1.0,2.7362840818889926e-09,2,1
10609,22684,1.0,2.7362840818889926e-09,2,1
10608,22682,1.0,2.7362840818889926e-09,2,1
11425,23665,1.0,2.7362840818889926e-09,2,1
11426,23666,1.0,2.7362840818889926e-09,2,1
4991,16638,1.0,2.7362840818889926e-09,2,1
4993,16639,1.0,2.7362840818889926e-09,2,1
10595,22666,1.0,2.7362840818889926e-09,2,1
11444,23699,1.0,2.7362840818889926e-09,2,1
5026,16665,1.0,2.7362840818889926e-09,2,1
11463,23718,1.0,2.7362840818889926e-09,2,1
3942,15776,1.0,2.7362840818889926e-09,2,1
11471,23726,1.0,2.7362840818889926e-09,2,1
11472,23728,1.0,2.7362840818889926e-09,2,1
5037,16670,1.0,2.7362840818889926e-09,2,1
11476,23730,1.0,2.7362840818889926e-09,2,1
10580,22649,1.0,2.7362840818889926e-09,2,1
11445,23700,1.0,2.7362840818889926e-09,2,1
10591,22657,1.0,2.7362840818889926e-09,2,1
10586,22654,1.0,2.7362840818889926e-09,2,1
11447,13336,1.0,5.472568163777985e-09,3,1
10584,22653,1.0,1.094513632755597e-08,5,1
10583,22652,1.0,2.7362840818889926e-09,2,1
11449,23706,1.0,2.7362840818889926e-09,2,1
3960,15788,1.0,2.7362840818889926e-09,2,1
11452,23710,1.0,8.208852245666977e-09,3,1
11457,23715,1.0,2.7362840818889926e-09,2,1
5019,16662,1.0,2.7362840818889926e-09,2,1
3958,15784,1.0,2.7362840818889926e-09,2,1
10579,22648,1.0,2.7362840818889926e-09,2,1
3954,15780,1.0,2.7362840818889926e-09,2,1
10577,22645,1.0,2.7362840818889926e-09,2,1
10574,22642,1.0,2.7362840818889926e-09,2,1
11456,23713,1.0,2.7362840818889926e-09,2,1
10749,22873,1.0,2.7362840818889926e-09,2,1
11287,23486,1.0,2.7362840818889926e-09,2,1
11538,11559,1.0,8.208852245666977e-09,4,1
4600,16311,1.0,2.7362840818889926e-09,2,1
11092,23299,1.0,2.7362840818889926e-09,2,1
8035,19659,1.0,2.7362840818889926e-09,2,1
11095,22348,1.0,5.472568163777985e-09,3,1
11097,23301,1.0,2.7362840818889926e-09,2,1
10921,23099,1.0,2.7362840818889926e-09,2,1
11100,23306,1.0,2.7362840818889926e-09,2,1
10918,23093,1.0,2.7362840818889926e-09,2,1
4394,16138,1.0,1.094513632755597e-08,3,1
4393,16137,1.0,2.7362840818889926e-09,2,1
10917,23092,1.0,2.7362840818889926e-09,2,1
10916,23091,1.0,2.7362840818889926e-09,2,1
11101,23311,1.0,2.7362840818889926e-09,2,1
11102,23312,1.0,2.7362840818889926e-09,2,1
10913,23088,1.0,2.7362840818889926e-09,4,1
11089,23297,1.0,2.7362840818889926e-09,2,1
4621,16328,1.0,5.472568163777985e-09,3,1
4599,16310,1.0,1.094513632755597e-08,4,1
10938,23127,1.0,2.7362840818889926e-09,2,1
11074,23277,1.0,2.7362840818889926e-09,2,1
4584,16292,1.0,2.7362840818889926e-09,2,1
10936,23124,1.0,2.7362840818889926e-09,2,1
10931,23111,1.0,2.7362840818889926e-09,2,1
10930,23110,1.0,1.094513632755597e-08,3,1
4597,16305,1.0,2.7362840818889926e-09,2,1
11083,23290,1.0,2.7362840818889926e-09,2,1
11086,23294,1.0,2.7362840818889926e-09,2,1
10926,23108,1.0,2.7362840818889926e-09,2,1
11088,18276,1.0,2.7362840818889926e-09,4,1
4381,16130,1.0,2.7362840818889926e-09,4,1
10899,23069,1.0,2.7362840818889926e-09,2,1
11132,23347,1.0,2.7362840818889926e-09,2,1
10896,23067,1.0,2.7362840818889926e-09,2,1
10895,23066,1.0,2.7362840818889926e-09,2,1
11137,23358,1.0,2.7362840818889926e-09,2,1
4655,16352,1.0,2.7362840818889926e-09,2,1
11142,23361,1.0,2.7362840818889926e-09,2,1
10889,23054,1.0,2.7362840818889926e-09,2,1
11146,23364,1.0,2.7362840818889926e-09,2,1
11147,23365,1.0,2.7362840818889926e-09,2,1
11149,23369,1.0,2.7362840818889926e-09,2,1
11150,23371,1.0,5.472568163777985e-09,3,1
11126,13566,1.0,5.472568163777985e-09,3,1
10912,23083,1.0,2.7362840818889926e-09,2,1
11125,23339,1.0,2.7362840818889926e-09,2,1
4378,16125,1.0,2.7362840818889926e-09,2,1
10761,11111,-1.0,5.472568163777985e-09,3,1
11112,23318,1.0,2.7362840818889926e-09,2,1
10910,23082,1.0,2.7362840818889926e-09,2,1
4631,16333,1.0,2.7362840818889926e-09,2,1
10906,23078,1.0,2.7362840818889926e-09,2,1
4372,16122,1.0,8.208852245666977e-09,3,1
10905,23077,1.0,2.7362840818889926e-09,2,1
11115,23322,1.0,2.7362840818889926e-09,2,1
10904,23076,1.0,2.7362840818889926e-09,2,1
11117,23324,1.0,2.7362840818889926e-09,2,1
11118,23332,1.0,2.7362840818889926e-09,2,1
10901,19789,1.0,5.472568163777985e-09,3,1
11124,23338,1.0,2.7362840818889926e-09,2,1
4421,16160,1.0,2.7362840818889926e-09,2,1
7627,10992,-1.0,8.208852245666977e-09,4,1
10991,23186,1.0,2.7362840818889926e-09,2,1
4480,16201,1.0,2.7362840818889926e-09,2,1
10990,14777,1.0,2.7362840818889926e-09,4,1
10988,23185,1.0,2.7362840818889926e-09,2,1
11032,23228,1.0,2.7362840818889926e-09,2,1
11033,16349,1.0,1.4604331609258242e-06,5,1
4471,16198,1.0,2.7362840818889926e-09,2,1
10983,23177,1.0,2.7362840818889926e-09,2,1
4527,16245,1.0,2.7362840818889926e-09,2,1
10981,23175,1.0,2.7362840818889926e-09,2,1
10980,23171,1.0,2.7362840818889926e-09,2,1
11004,23207,1.0,2.7362840818889926e-09,2,1
11002,23204,1.0,2.7362840818889926e-09,2,1
944,4499,-1.0,9.66403910671171e-05,28,0
4491,16216,1.0,2.7362840818889926e-09,2,1
10999,23196,1.0,2.7362840818889926e-09,2,1
11013,23211,1.0,2.7362840818889926e-09,2,1
11014,23212,1.0,2.7362840818889926e-09,2,1
11015,23215,1.0,2.189027265511194e-08,4,1
11016,23216,1.0,2.7362840818889926e-09,2,1
4488,16213,1.0,2.7362840818889926e-09,2,1
10997,23192,1.0,2.7362840818889926e-09,2,1
11019,23217,1.0,8.208852245666977e-09,3,1
10995,23188,1.0,2.7362840818889926e-09,2,1
4513,13802,1.0,5.472568163777985e-09,4,1
11025,22092,1.0,6.384662857740982e-09,5,1
11041,18782,1.0,8.208852245666977e-09,3,1
10979,23170,1.0,2.7362840818889926e-09,2,1
10978,23169,1.0,2.7362840818889926e-09,2,1
11062,23258,1.0,2.7362840818889926e-09,2,1
10959,23156,1.0,2.7362840818889926e-09,2,1
411,11064,-1.0,0.00021199934243439788,104,0
11065,23260,1.0,2.7362840818889926e-09,2,1
10954,23141,1.0,2.7362840818889926e-09,2,1
4566,16277,1.0,2.7362840818889926e-09,4,1
10952,23140,1.0,2.7362840818889926e-09,2,1
4567,11517,1.0,5.472568163777985e-09,3,1
4568,16279,1.0,4.378054531022388e-08,4,1
10951,23139,1.0,2.7362840818889926e-09,2,1
4570,16281,1.0,1.094513632755597e-08,3,1
4426,9492,1.0,8.208852245666977e-09,5,1
11059,23257,1.0,2.7362840818889926e-09,2,1
11058,23256,1.0,2.7362840818889926e-09,2,1
4453,16186,1.0,2.7362840818889926e-09,2,1
11045,23242,1.0,1.915398857322295e-08,3,1
4451,16185,1.0,2.7362840818889926e-09,2,1
10963,23162,1.0,2.7362840818889926e-09,2,1
10961,16890,1.0,2.7362840818889926e-09,4,1
4549,16268,1.0,2.7362840818889926e-09,2,1
4551,14176,1.0,4.104426122833489e-09,5,1
11151,23373,1.0,2.7362840818889926e-09,2,1
1105,4172,-1.0,8.825878788332113e-05,38,0
4242,16008,1.0,2.7362840818889926e-09,2,1
10798,22934,1.0,2.7362840818889926e-09,2,1
10797,22933,1.0,2.7362840818889926e-09,2,1
4760,16444,1.0,5.472568163777985e-09,3,1
10791,13111,1.0,1.094513632755597e-08,4,1
11245,23454,1.0,2.7362840818889926e-09,2,1
11246,23455,1.0,2.7362840818889926e-09,2,1
10789,10790,1.0,2.7247344394209716e-06,6,1
4764,16450,1.0,2.7362840818889926e-09,2,1
10786,22922,1.0,2.7362840818889926e-09,2,1
4778,16459,1.0,2.7362840818889926e-09,2,1
11250,23459,1.0,2.7362840818889926e-09,2,1
4783,16464,1.0,2.7362840818889926e-09,2,1
11238,23447,1.0,2.7362840818889926e-09,2,1
10782,22914,1.0,2.7362840818889926e-09,2,1
11237,23446,1.0,2.7362840818889926e-09,2,1
11225,23439,1.0,2.7362840818889926e-09,2,1
4254,16019,1.0,2.7362840818889926e-09,2,1
11226,12322,1.0,5.472568163777985e-09,3,1
8272,11228,-1.0,8.208852245666977e-09,5,1
11229,23440,1.0,2.7362840818889926e-09,2,1
4253,16016,1.0,2.7362840818889926e-09,2,1
10813,22947,1.0,2.7362840818889926e-09,2,1
11231,23444,1.0,2.7362840818889926e-09,2,1
11232,23445,1.0,2.7362840818889926e-09,2,1
4739,16431,1.0,2.7362840818889926e-09,2,1
10809,22946,1.0,2.7362840818889926e-09,2,1
10807,22943,1.0,2.7362840818889926e-09,2,1
10805,22942,1.0,2.7362840818889926e-09,2,1
4800,16477,1.0,2.7362840818889926e-09,2,1
10758,22882,1.0,1.094513632755597e-08,3,1
4184,15965,1.0,2.7362840818889926e-09,2,1
11273,23472,1.0,2.7362840818889926e-09,2,1
11274,20407,1.0,2.7362840818889926e-09,4,1
9873,10757,-1.0,5.472568163777985e-09,4,1
10754,22771,1.0,1.094513632755597e-08,4,1
4804,14344,1.0,2.4626556737000932e-08,5,1
4806,16483,1.0,2.7362840818889926e-09,2,1
11279,23480,1.0,2.7362840818889926e-09,4,1
11280,23482,1.0,2.7362840818889926e-09,2,1
11282,13090,1.0,1.094513632755597e-08,6,1
4176,15954,1.0,2.7362840818889926e-09,2,1
10752,22877,1.0,2.7362840818889926e-09,2,1
11284,23484,1.0,2.7362840818889926e-09,2,1
7156,11285,-1.0,5.472568163777985e-09,3,1
11270,23470,1.0,2.7362840818889926e-09,2,1
11269,23469,1.0,2.7362840818889926e-09,2,1
10781,22912,1.0,2.7362840818889926e-09,2,1
10761,22884,1.0,5.472568163777985e-09,3,1
11256,23461,1.0,2.7362840818889926e-09,2,1
11257,23462,1.0,2.7362840818889926e-09,2,1
11260,22396,1.0,5.472568163777985e-09,3,1
4207,15987,1.0,2.7362840818889926e-09,2,1
10776,22903,1.0,2.7362840818889926e-09,2,1
4202,15981,1.0,4.378054531022388e-08,3,1
4201,9102,1.0,2.7362840818889926e-09,5,1
4200,15980,1.0,2.7362840818889926e-09,2,1
11263,17971,1.0,5.472568163777985e-09,3,1
10769,13078,1.0,5.472568163777985e-09,5,1
10766,22893,1.0,2.7362840818889926e-09,2,1
10764,20549,1.0,3.435817313779892e-08,6,1
4799,8679,1.0,2.4626556737000932e-08,6,1
8441,11224,-1.0,5.4725681637779854e-08,5,1
8207,10815,-1.0,2.7362840818889926e-09,5,1
11176,21879,1.0,8.208852245666977e-09,3,1
11177,23402,1.0,2.7362840818889926e-09,2,1
4315,16068,1.0,2.7362840818889926e-09,2,1
4696,16391,1.0,2.7362840818889926e-09,2,1
10855,23006,1.0,2.7362840818889926e-09,2,1
10854,21560,1.0,5.472568163777985e-09,3,1
10849,23003,1.0,5.472568163777985e-09,3,1
10847,22999,1.0,5.472568163777985e-09,3,1
11183,23410,1.0,2.7362840818889926e-09,2,1
10846,22998,1.0,2.7362840818889926e-09,2,1
11189,23414,1.0,2.7362840818889926e-09,2,1
11190,23415,1.0,2.7362840818889926e-09,2,1
10861,23012,1.0,2.7362840818889926e-09,2,1
4322,16075,1.0,3.8106104982645e-06,5,1
10880,23041,1.0,8.208852245666977e-09,3,1
10875,23036,1.0,2.7362840818889926e-09,2,1
10873,23035,1.0,2.7362840818889926e-09,2,1
10871,23034,1.0,2.7362840818889926e-09,2,1
11161,23385,1.0,2.7362840818889926e-09,2,1
10868,23028,1.0,2.7362840818889926e-09,2,1
11165,23389,1.0,2.7362840818889926e-09,2,1
10865,23021,1.0,2.7362840818889926e-09,2,1
11170,23394,1.0,2.7362840818889926e-09,2,1
11173,23398,1.0,2.7362840818889926e-09,2,1
10863,23018,1.0,2.7362840818889926e-09,2,1
10862,23017,1.0,2.7362840818889926e-09,2,1
10845,22993,1.0,2.7362840818889926e-09,2,1
10826,13154,1.0,5.472568163777985e-09,4,1
4281,16039,1.0,2.7362840818889926e-09,2,1
4723,14542,1.0,2.7362840818889926e-09,4,1
11210,23428,1.0,2.7362840818889926e-09,2,1
4279,16036,1.0,2.7362840818889926e-09,2,1
10824,19746,1.0,5.472568163777985e-09,3,1
4273,16031,1.0,5.472568163777985e-09,3,1
10823,22960,1.0,2.7362840818889926e-09,2,1
7454,11217,-1.0,1.094513632755597e-08,4,1
10821,22958,1.0,2.7362840818889926e-09,2,1
10301,11219,-1.0,3.009912490077892e-08,6,1
10820,22955,1.0,2.7362840818889926e-09,2,1
4262,13944,1.0,5.472568163777985e-09,3,1
4734,16423,1.0,2.7362840818889926e-09,2,1
11222,23435,1.0,2.7362840818889926e-09,2,1
10818,22952,1.0,2.7362840818889926e-09,2,1
4720,16412,1.0,2.7362840818889926e-09,2,1
11200,23422,1.0,2.7362840818889926e-09,2,1
10843,22990,1.0,2.7362840818889926e-09,2,1
11195,23419,1.0,2.7362840818889926e-09,2,1
11196,23420,1.0,2.7362840818889926e-09,2,1
10829,22971,1.0,2.7362840818889926e-09,2,1
10836,22987,1.0,2.7362840818889926e-09,2,1
10834,22980,1.0,2.7362840818889926e-09,2,1
4290,16045,1.0,2.7362840818889926e-09,2,1
10833,22978,1.0,1.094513632755597e-08,4,1
10830,22974,1.0,2.7362840818889926e-09,2,1
11539,23793,1.0,2.7362840818889926e-09,2,1
12047,24429,1.0,1.094513632755597e-08,4,1
11871,24226,1.0,2.7362840818889926e-09,2,1
5562,13169,1.0,8.208852245666977e-09,3,1
5565,17151,1.0,2.7362840818889926e-09,2,1
5567,17154,1.0,2.7362840818889926e-09,2,1
11879,19617,1.0,5.472568163777985e-09,3,1
11881,24232,1.0,2.7362840818889926e-09,2,1
5571,17157,1.0,2.7362840818889926e-09,2,1
11882,24233,1.0,2.7362840818889926e-09,2,1
11885,12224,1.0,5.472568163777985e-09,3,1
11887,24235,1.0,2.7362840818889926e-09,2,1
11889,24236,1.0,2.7362840818889926e-09,2,1
11891,24239,1.0,2.7362840818889926e-09,2,1
11892,24240,1.0,2.7362840818889926e-09,2,1
11893,24242,1.0,2.7362840818889926e-09,2,1
10158,22129,1.0,2.7362840818889926e-09,2,1
10157,22128,1.0,2.7362840818889926e-09,2,1
11872,24227,1.0,4.104426122833489e-09,5,1
3381,15393,1.0,5.472568163777985e-09,3,1
10179,22155,1.0,2.7362840818889926e-09,2,1
11858,24211,1.0,5.472568163777985e-09,3,1
10174,22151,1.0,2.7362840818889926e-09,2,1
10172,22149,1.0,2.7362840818889926e-09,2,1
11865,12173,1.0,7.11433861291138e-08,3,1
5553,17143,1.0,3.009912490077892e-08,3,1
10169,22143,1.0,2.7362840818889926e-09,2,1
11866,24223,1.0,2.7362840818889926e-09,2,1
10163,22137,1.0,2.7362840818889926e-09,2,1
11895,24246,1.0,2.7362840818889926e-09,2,1
10155,22122,1.0,5.472568163777985e-09,5,1
11906,24261,1.0,2.7362840818889926e-09,2,1
10135,11907,-1.0,7.752804898685478e-09,6,1
11908,24262,1.0,2.7362840818889926e-09,2,1
11910,24264,1.0,2.7362840818889926e-09,2,1
3316,15363,1.0,2.7362840818889926e-09,2,1
3315,15362,1.0,2.7362840818889926e-09,2,1
10137,22093,1.0,2.7362840818889926e-09,2,1
11912,24268,1.0,2.7362840818889926e-09,2,1
10135,18564,1.0,4.104426122833489e-09,5,1
3305,15356,1.0,2.7362840818889926e-09,2,1
11913,24269,1.0,2.7362840818889926e-09,2,1
10129,22084,1.0,5.472568163777985e-09,3,1
5589,17173,1.0,2.7362840818889926e-09,4,1
11897,24249,1.0,2.7362840818889926e-09,2,1
3351,7316,1.0,5.472568163777985e-09,3,1
11898,13044,1.0,2.189027265511194e-08,4,1
11899,24250,1.0,2.7362840818889926e-09,2,1
944,3348,-1.0,0.0004906586683716857,30,0
5575,17159,1.0,2.7362840818889926e-09,2,1
5576,17160,1.0,2.7362840818889926e-09,2,1
11900,24251,1.0,2.7362840818889926e-09,2,1
3343,15373,1.0,2.7362840818889926e-09,2,1
5582,13397,1.0,2.7362840818889927e-08,4,1
11901,24254,1.0,2.7362840818889926e-09,2,1
3336,15371,1.0,2.7362840818889926e-09,2,1
10148,22110,1.0,2.7362840818889926e-09,2,1
11854,24208,1.0,2.7362840818889926e-09,2,1
10180,22157,1.0,2.7362840818889926e-09,2,1
10205,22185,1.0,2.7362840818889926e-09,2,1
11810,24146,1.0,2.7362840818889926e-09,2,1
11812,24148,1.0,2.7362840818889926e-09,2,1
11813,24149,1.0,2.7362840818889926e-09,2,1
11814,24151,1.0,2.7362840818889926e-09,2,1
3442,15439,1.0,2.7362840818889926e-09,2,1
10202,22184,1.0,2.7362840818889926e-09,2,1
5499,17096,1.0,2.7362840818889926e-09,2,1
5502,17098,1.0,2.7362840818889926e-09,2,1
11815,24157,1.0,2.7362840818889926e-09,2,1
11816,24158,1.0,2.7362840818889926e-09,2,1
11817,24162,1.0,2.7362840818889926e-09,2,1
11818,24163,1.0,2.7362840818889926e-09,2,1
11820,12178,1.0,5.472568163777985e-09,3,1
11821,24164,1.0,2.7362840818889926e-09,2,1
5493,17090,1.0,2.7362840818889926e-09,2,1
5542,17134,1.0,2.7362840818889926e-09,2,1
10229,22219,1.0,2.7362840818889926e-09,2,1
11799,24129,1.0,2.7362840818889926e-09,2,1
5476,17078,1.0,2.7362840818889926e-09,2,1
5118,10223,-1.0,8.208852245666977e-09,5,1
11803,24136,1.0,2.7362840818889926e-09,2,1
10221,22211,1.0,5.472568163777985e-09,3,1
10220,22205,1.0,2.7362840818889926e-09,2,1
10218,22197,1.0,2.7362840818889926e-09,2,1
11805,24141,1.0,2.7362840818889926e-09,2,1
11806,24142,1.0,2.7362840818889926e-09,2,1
11808,24143,1.0,2.7362840818889926e-09,2,1
10214,22194,1.0,5.472568163777985e-09,3,1
10212,22191,1.0,2.7362840818889926e-09,2,1
3457,15446,1.0,2.7362840818889926e-09,2,1
11823,24165,1.0,2.7362840818889926e-09,2,1
11824,24166,1.0,2.7362840818889926e-09,2,1
11841,24187,1.0,2.7362840818889926e-09,2,1
10584,11842,-1.0,1.094513632755597e-08,5,1
11844,24192,1.0,2.7362840818889926e-09,2,1
5521,17121,1.0,2.7362840818889926e-09,2,1
11845,24193,1.0,2.7362840818889926e-09,2,1
3408,15414,1.0,8.208852245666977e-09,3,1
5527,17123,1.0,2.7362840818889926e-09,2,1
5531,17127,1.0,2.7362840818889926e-09,2,1
11848,24197,1.0,8.208852245666977e-09,3,1
5533,15393,1.0,5.472568163777985e-09,3,1
11850,24200,1.0,2.7362840818889926e-09,2,1
11851,20822,1.0,2.7362840818889926e-09,4,1
5539,17132,1.0,2.7362840818889926e-09,2,1
11827,24169,1.0,2.7362840818889926e-09,2,1
11828,24172,1.0,5.472568163777985e-09,3,1
3428,15428,1.0,2.7362840818889926e-09,2,1
11829,24173,1.0,2.7362840818889926e-09,2,1
11831,24175,1.0,5.472568163777985e-09,3,1
11832,24180,1.0,2.7362840818889926e-09,2,1
10190,22167,1.0,2.7362840818889926e-09,2,1
11835,14838,1.0,5.472568163777985e-09,3,1
5511,17105,1.0,2.7362840818889926e-09,2,1
5513,17107,1.0,2.7362840818889926e-09,2,1
11837,24185,1.0,2.7362840818889926e-09,2,1
10192,22168,1.0,2.7362840818889926e-09,2,1
5516,17111,1.0,3.1803622741411063e-07,4,1
5693,17289,1.0,2.7362840818889926e-09,2,1
12005,24374,1.0,2.7362840818889926e-09,2,1
10044,21983,1.0,2.7362840818889926e-09,2,1
10043,21982,1.0,2.7362840818889926e-09,2,1
12006,24376,1.0,2.7362840818889926e-09,2,1
12007,24379,1.0,2.7362840818889926e-09,2,1
10037,21974,1.0,2.7362840818889926e-09,2,1
10035,21971,1.0,2.7362840818889926e-09,2,1
12013,24385,1.0,2.7362840818889926e-09,2,1
5704,14390,1.0,2.7362840818889926e-09,4,1
5705,17304,1.0,1.3681420409444964e-08,4,1
5679,10561,1.0,5.472568163777985e-09,3,1
3211,13003,1.0,5.472568163777985e-09,3,1
10054,22000,1.0,2.7362840818889926e-09,2,1
3207,6527,1.0,8.208852245666977e-09,4,1
11988,24358,1.0,2.7362840818889926e-09,2,1
11989,24359,1.0,2.7362840818889926e-09,2,1
10051,21994,1.0,2.7362840818889926e-09,2,1
5686,17279,1.0,2.7362840818889926e-09,2,1
10049,21992,1.0,2.7362840818889926e-09,2,1
11995,24368,1.0,2.7362840818889926e-09,2,1
11997,24369,1.0,2.7362840818889926e-09,2,1
11999,24371,1.0,2.7362840818889926e-09,2,1
10031,21969,1.0,2.7362840818889926e-09,2,1
10123,22079,1.0,5.472568163777985e-09,3,1
12032,15449,1.0,2.7362840818889926e-09,4,1
3146,15260,1.0,2.7362840818889926e-09,2,1
3141,7839,1.0,2.7362840818889927e-08,4,1
10015,21950,1.0,2.7362840818889926e-09,2,1
12034,24415,1.0,2.7362840818889926e-09,2,1
10014,21948,1.0,2.7362840818889926e-09,2,1
10013,21946,1.0,2.7362840818889926e-09,2,1
12036,24417,1.0,2.7362840818889926e-09,2,1
3923,5732,-1.0,6.88216905444807e-08,6,1
12038,24422,1.0,2.7362840818889926e-09,2,1
12039,24423,1.0,2.7362840818889926e-09,2,1
6897,12040,-1.0,8.208852245666977e-09,6,1
10009,21942,1.0,2.7362840818889926e-09,2,1
12042,24428,1.0,2.7362840818889926e-09,2,1
12043,13034,1.0,2.4626556737000932e-08,4,1
12044,12047,1.0,1.094513632755597e-08,4,1
3150,10221,1.0,5.472568163777985e-09,3,1
3880,12030,-1.0,1.094513632755597e-08,6,1
10029,21967,1.0,2.7362840818889926e-09,2,1
12017,24395,1.0,8.208852245666977e-09,3,1
10025,21961,1.0,2.7362840818889926e-09,4,1
10023,21960,1.0,2.7362840818889926e-09,2,1
10022,21958,1.0,5.472568163777985e-09,3,1
10021,21957,1.0,2.7362840818889926e-09,2,1
5717,17310,1.0,1.915398857322295e-08,4,1
12021,24403,1.0,2.7362840818889926e-09,2,1
12022,24404,1.0,8.208852245666977e-09,3,1
12024,24408,1.0,2.7362840818889926e-09,2,1
12027,24410,1.0,2.7362840818889926e-09,2,1
11987,24354,1.0,2.7362840818889926e-09,2,1
11940,24294,1.0,2.7362840818889926e-09,2,1
10112,22072,1.0,2.7362840818889926e-09,2,1
10109,22068,1.0,2.7362840818889926e-09,2,1
10108,22067,1.0,2.7362840818889926e-09,2,1
10107,17391,1.0,2.7362840818889926e-09,4,1
11946,23215,1.0,1.3681420409444964e-08,3,1
3269,5734,1.0,5.472568163777985e-09,4,1
11947,24304,1.0,2.7362840818889926e-09,2,1
10105,22064,1.0,2.7362840818889926e-09,2,1
11950,20672,1.0,1.5414400327974655e-08,5,1
7260,11951,-1.0,8.208852245666977e-09,3,1
11952,24306,1.0,2.7362840818889926e-09,2,1
5637,17228,1.0,2.7362840818889926e-09,2,1
11957,24309,1.0,2.7362840818889926e-09,2,1
10113,22073,1.0,2.7362840818889926e-09,2,1
5677,17271,1.0,1.3681420409444964e-08,3,1
11938,24292,1.0,2.7362840818889926e-09,2,1
11921,24273,1.0,2.7362840818889926e-09,2,1
5613,17200,1.0,2.7362840818889926e-09,2,1
11924,24276,1.0,1.3681420409444964e-08,3,1
11928,24279,1.0,1.915398857322295e-08,3,1
6292,10121,-1.0,5.472568163777985e-09,4,1
5621,17203,1.0,2.7362840818889926e-09,2,1
11929,24282,1.0,2.7362840818889926e-09,2,1
10120,22076,1.0,2.7362840818889926e-09,2,1
5623,17207,1.0,2.7362840818889926e-09,2,1
11933,24287,1.0,2.7362840818889926e-09,2,1
4394,10115,-1.0,1.6417704491333955e-08,4,1
3257,15322,1.0,2.7362840818889926e-09,2,1
10079,22026,1.0,2.7362840818889926e-09,2,1
3225,7981,1.0,5.472568163777985e-09,3,1
11982,24336,1.0,2.7362840818889926e-09,2,1
10074,22022,1.0,2.7362840818889926e-09,2,1
104,11983,-1.0,0.00020145617924499518,23,0
3221,15300,1.0,2.7362840818889926e-09,2,1
11984,24341,1.0,2.7362840818889926e-09,2,1
10068,22015,1.0,2.7362840818889926e-09,2,1
5669,17266,1.0,2.7362840818889926e-09,2,1
10063,22008,1.0,5.472568163777985e-09,3,1
10060,22006,1.0,2.7362840818889926e-09,2,1
11985,24348,1.0,2.7362840818889926e-09,2,1
10058,22005,1.0,2.7362840818889926e-09,2,1
11986,24352,1.0,2.7362840818889926e-09,2,1
5676,17270,1.0,5.472568163777985e-09,3,1
5649,17242,1.0,2.7362840818889926e-09,2,1
11966,24313,1.0,2.7362840818889926e-09,2,1
10095,22051,1.0,2.7362840818889926e-09,2,1
11970,24318,1.0,2.7362840818889926e-09,2,1
10083,22033,1.0,2.7362840818889926e-09,2,1
11973,24323,1.0,5.472568163777985e-09,3,1
5655,17246,1.0,2.7362840818889926e-09,2,1
11974,24324,1.0,5.472568163777985e-09,3,1
11974,11975,-1.0,5.472568163777985e-09,3,1
10088,22038,1.0,2.7362840818889926e-09,2,1
10086,22036,1.0,2.7362840818889926e-09,2,1
3232,15307,1.0,5.472568163777985e-09,3,1
11798,24128,1.0,2.7362840818889926e-09,2,1
11541,23794,1.0,2.7362840818889926e-09,2,1
5233,16857,1.0,8.208852245666977e-09,3,1
5234,16858,1.0,2.7362840818889926e-09,2,1
11628,23900,1.0,2.7362840818889926e-09,2,1
5237,8732,1.0,5.472568163777985e-09,3,1
11631,23907,1.0,8.208852245666977e-09,3,1
3718,15631,1.0,2.7362840818889926e-09,2,1
10419,22473,1.0,2.7362840818889926e-09,2,1
4851,10413,-1.0,1.094513632755597e-08,5,1
11637,23927,1.0,2.7362840818889926e-09,2,1
11638,23928,1.0,2.7362840818889926e-09,2,1
8448,11626,-1.0,1.6417704491333955e-08,4,1
11620,23891,1.0,2.7362840818889926e-09,2,1
3745,15654,1.0,2.7362840818889926e-09,2,1
11610,23878,1.0,2.7362840818889926e-09,2,1
5214,16835,1.0,2.7362840818889926e-09,2,1
5217,16837,1.0,2.7362840818889926e-09,2,1
3740,15647,1.0,5.472568163777985e-09,3,1
10433,22490,1.0,2.7362840818889926e-09,2,1
10432,22489,1.0,2.7362840818889926e-09,2,1
11614,23883,1.0,2.7362840818889926e-09,2,1
10430,22488,1.0,2.7362840818889926e-09,2,1
10410,22460,1.0,5.472568163777985e-09,3,1
5270,16884,1.0,2.7362840818889926e-09,2,1
5271,16885,1.0,2.7362840818889926e-09,4,1
10390,16296,1.0,2.7362840818889926e-09,4,1
10388,22434,1.0,2.7362840818889926e-09,2,1
3681,15603,1.0,2.7362840818889926e-09,2,1
11663,23950,1.0,2.7362840818889926e-09,2,1
11665,23953,1.0,2.7362840818889926e-09,2,1
11666,23954,1.0,2.7362840818889926e-09,2,1
11667,23956,1.0,2.7362840818889926e-09,2,1
11668,23957,1.0,1.6417704491333955e-08,3,1
3677,15599,1.0,8.208852245666977e-09,3,1
3675,15598,1.0,2.7362840818889926e-09,2,1
3674,15597,1.0,2.7362840818889926e-09,2,1
10382,22430,1.0,2.7362840818889926e-09,2,1
11673,23960,1.0,2.7362840818889926e-09,2,1
11674,23961,1.0,2.7362840818889926e-09,2,1
11656,23946,1.0,1.094513632755597e-08,4,1
10122,11655,-1.0,5.472568163777985e-09,4,1
3690,15606,1.0,2.7362840818889926e-09,2,1
10407,22456,1.0,2.7362840818889926e-09,2,1
10406,22455,1.0,5.472568163777985e-09,3,1
11644,19837,1.0,5.472568163777985e-09,3,1
3706,15616,1.0,2.7362840818889926e-09,2,1
11646,23938,1.0,2.7362840818889926e-09,2,1
10403,22451,1.0,2.7362840818889926e-09,2,1
11647,23939,1.0,2.7362840818889926e-09,2,1
10402,13893,1.0,5.472568163777985e-09,3,1
3699,15611,1.0,2.7362840818889926e-09,2,1
11652,23941,1.0,2.7362840818889926e-09,2,1
5257,16872,1.0,2.7362840818889926e-09,2,1
5258,16873,1.0,2.7362840818889926e-09,2,1
5259,16874,1.0,2.7362840818889926e-09,2,1
3694,15607,1.0,2.7362840818889926e-09,2,1
5203,16829,1.0,2.7362840818889926e-09,2,1
8116,11558,-1.0,2.189027265511194e-08,6,1
11559,23817,1.0,8.208852245666977e-09,4,1
11561,23821,1.0,5.472568163777985e-09,3,1
11563,23824,1.0,2.7362840818889926e-09,2,1
5161,16791,1.0,2.7362840818889926e-09,2,1
11566,23827,1.0,2.7362840818889926e-09,2,1
10478,22541,1.0,2.7362840818889926e-09,2,1
5165,16792,1.0,2.7362840818889926e-09,2,1
11570,19731,1.0,3.64837877585199e-09,5,1
11571,17143,1.0,5.4725681637779854e-08,4,1
11572,23832,1.0,2.7362840818889926e-09,2,1
10486,22551,1.0,2.7362840818889926e-09,2,1
3830,14051,1.0,2.005296337589075e-06,4,1
10497,22561,1.0,2.7362840818889926e-09,2,1
7680,11543,-1.0,8.208852245666977e-09,6,1
10495,22559,1.0,2.7362840818889926e-09,2,1
5135,10565,1.0,5.472568163777985e-09,3,1
10494,22556,1.0,2.7362840818889926e-09,2,1
10493,15301,1.0,2.7362840818889926e-09,4,1
11548,23800,1.0,2.7362840818889926e-09,2,1
11549,23801,1.0,1.1410073566962545e-06,4,1
10492,22555,1.0,2.7362840818889926e-09,2,1
5140,14968,1.0,4.104426122833489e-09,5,1
11551,23803,1.0,2.7362840818889926e-09,2,1
11552,23805,1.0,2.7362840818889926e-09,2,1
3818,15697,1.0,2.7362840818889926e-09,2,1
11554,23808,1.0,2.7362840818889926e-09,2,1
10490,22553,1.0,2.7362840818889926e-09,2,1
11555,23809,1.0,2.7362840818889926e-09,2,1
10489,22552,1.0,2.7362840818889926e-09,2,1
11574,23835,1.0,2.7362840818889926e-09,2,1
11576,23836,1.0,2.7362840818889926e-09,2,1
10459,22518,1.0,2.7362840818889926e-09,2,1
10456,22516,1.0,2.7362840818889926e-09,2,1
11598,23859,1.0,3.83079771464459e-08,3,1
10453,22512,1.0,2.7362840818889926e-09,2,1
11601,23864,1.0,2.7362840818889926e-09,2,1
3762,15663,1.0,2.7362840818889926e-09,2,1
10451,22510,1.0,5.472568163777985e-09,3,1
10450,10451,1.0,5.472568163777985e-09,3,1
11604,23867,1.0,2.7362840818889926e-09,4,1
10448,22509,1.0,2.7362840818889926e-09,2,1
4547,10446,-1.0,1.094513632755597e-08,4,1
3755,15658,1.0,2.7362840818889926e-09,2,1
5200,16826,1.0,2.7362840818889926e-09,2,1
3776,15672,1.0,2.7362840818889926e-09,2,1
10462,22520,1.0,2.7362840818889926e-09,2,1
11595,23851,1.0,2.7362840818889926e-09,2,1
10474,22530,1.0,2.7362840818889926e-09,2,1
11577,23837,1.0,2.7362840818889926e-09,2,1
10470,22526,1.0,2.7362840818889926e-09,2,1
10468,22524,1.0,2.7362840818889926e-09,2,1
11585,23841,1.0,2.7362840818889926e-09,2,1
9477,11586,-1.0,8.208852245666977e-09,3,1
11588,23843,1.0,2.7362840818889926e-09,2,1
11589,23845,1.0,2.7362840818889926e-09,2,1
3783,15677,1.0,2.7362840818889926e-09,2,1
10465,22521,1.0,2.7362840818889926e-09,2,1
10464,22010,1.0,2.7362840818889926e-09,6,1
3668,15596,1.0,2.7362840818889926e-09,4,1
8062,10380,-1.0,5.472568163777985e-09,3,1
10285,22300,1.0,2.7362840818889926e-09,2,1
10280,22294,1.0,2.7362840818889926e-09,2,1
11752,24085,1.0,2.7362840818889926e-09,2,1
10278,21692,1.0,5.472568163777985e-09,3,1
10277,11282,1.0,1.094513632755597e-08,6,1
10275,22286,1.0,2.7362840818889926e-09,2,1
5419,17023,1.0,2.7362840818889926e-09,2,1
11757,24089,1.0,2.189027265511194e-08,4,1
11761,24091,1.0,2.7362840818889926e-09,2,1
5428,17030,1.0,2.189027265511194e-08,5,1
11762,24092,1.0,8.998159453158026e-07,6,1
5401,17005,1.0,2.7362840818889926e-09,2,1
11745,24075,1.0,2.7362840818889926e-09,2,1
10270,22274,1.0,1.094513632755597e-08,3,1
11728,24045,1.0,2.7362840818889926e-09,2,1
11730,24047,1.0,2.7362840818889926e-09,2,1
10304,22318,1.0,5.472568163777985e-09,3,1
11733,24053,1.0,2.7362840818889926e-09,2,1
10300,10685,1.0,5.472568163777985e-09,4,1
10217,11739,-1.0,5.786478557444938e-07,5,1
3549,10326,1.0,1.094513632755597e-08,3,1
11740,24073,1.0,2.7362840818889926e-09,2,1
5397,16996,1.0,2.7362840818889926e-09,2,1
10293,22313,1.0,2.7362840818889926e-09,2,1
11764,12685,1.0,8.208852245666977e-09,6,1
11784,24114,1.0,2.7362840818889926e-09,2,1
411,11786,-1.0,0.00014000393508550944,103,0
11787,24117,1.0,2.7362840818889926e-09,2,1
10247,22248,1.0,2.7362840818889926e-09,2,1
5457,17058,1.0,2.7362840818889926e-09,2,1
11790,24118,1.0,2.7362840818889926e-09,2,1
10240,22239,1.0,2.7362840818889926e-09,2,1
5420,11791,-1.0,1.3681420409444964e-08,6,1
5464,17065,1.0,2.7362840818889926e-09,2,1
11793,24122,1.0,2.7362840818889926e-09,2,1
10238,22237,1.0,2.7362840818889926e-09,2,1
10237,22236,1.0,2.7362840818889926e-09,2,1
11794,11795,1.0,8.208852245666977e-09,3,1
11019,11795,-1.0,1.094513632755597e-08,4,1
10236,22234,1.0,2.7362840818889926e-09,2,1
10235,22233,1.0,2.7362840818889926e-09,2,1
11796,24127,1.0,2.7362840818889926e-09,2,1
10791,11797,-1.0,8.208852245666977e-09,3,1
11785,24115,1.0,2.7362840818889926e-09,2,1
10248,22250,1.0,2.7362840818889926e-09,2,1
11765,24093,1.0,2.7362840818889926e-09,2,1
5449,17051,1.0,2.7362840818889926e-09,2,1
11767,24094,1.0,2.7362840818889926e-09,2,1
11769,24097,1.0,2.7362840818889926e-09,2,1
10257,22264,1.0,2.7362840818889926e-09,2,1
11772,24100,1.0,8.208852245666977e-09,3,1
11774,24102,1.0,2.7362840818889926e-09,2,1
11775,24105,1.0,2.7362840818889926e-09,2,1
2503,10253,-1.0,1.915398857322295e-08,4,1
5441,17044,1.0,5.472568163777985e-09,3,1
11779,24107,1.0,2.7362840818889926e-09,2,1
10251,22258,1.0,2.7362840818889926e-09,2,1
11782,24112,1.0,2.7362840818889926e-09,2,1
10249,22256,1.0,2.7362840818889926e-09,2,1
10313,22340,1.0,2.7362840818889926e-09,2,1
11689,23985,1.0,2.7362840818889926e-09,2,1
11692,12978,1.0,4.104426122833489e-09,5,1
10359,13824,1.0,5.472568163777985e-09,5,1
5320,16935,1.0,2.7362840818889926e-09,2,1
11694,22318,1.0,5.472568163777985e-09,3,1
5321,16072,1.0,8.208852245666978e-08,4,1
10351,22385,1.0,2.7362840818889926e-09,2,1
10350,22384,1.0,2.7362840818889926e-09,2,1
11700,23996,1.0,2.7362840818889926e-09,2,1
5308,16925,1.0,2.7362840818889926e-09,2,1
10365,22391,1.0,2.7362840818889926e-09,2,1
3665,11325,1.0,5.472568163777985e-09,3,1
3664,15591,1.0,2.7362840818889926e-09,2,1
11675,23963,1.0,2.7362840818889926e-09,2,1
11678,23966,1.0,2.7362840818889926e-09,2,1
5293,16907,1.0,2.7362840818889926e-09,2,1
10625,11682,-1.0,5.472568163777985e-09,3,1
3074,10372,-1.0,1.094513632755597e-08,3,1
10371,22399,1.0,2.7362840818889926e-09,2,1
11683,21305,1.0,1.3681420409444964e-08,3,1
3644,15577,1.0,2.7362840818889926e-09,2,1
11684,23979,1.0,2.7362840818889926e-09,2,1
11685,23980,1.0,2.7362840818889926e-09,2,1
10366,22396,1.0,5.472568163777985e-09,3,1
11701,24010,1.0,2.7362840818889926e-09,2,1
10332,22359,1.0,1.915398857322295e-08,3,1
10329,22357,1.0,2.7362840818889926e-09,2,1
5353,16970,1.0,2.7362840818889926e-09,2,1
5356,16971,1.0,2.7362840818889926e-09,2,1
10328,10590,1.0,5.472568163777985e-09,4,1
10327,22355,1.0,2.7362840818889926e-09,2,1
5358,16973,1.0,2.7362840818889926e-09,2,1
5422,10326,-1.0,1.6417704491333955e-08,5,1
3584,15534,1.0,2.7362840818889926e-09,2,1
5359,16974,1.0,2.7362840818889926e-09,2,1
11720,24038,1.0,5.472568163777985e-09,3,1
11721,24039,1.0,2.7362840818889926e-09,2,1
11722,24040,1.0,1.094513632755597e-08,4,1
10325,22352,1.0,2.7362840818889926e-09,2,1
10321,22348,1.0,5.472568163777985e-09,3,1
3576,10584,1.0,1.094513632755597e-08,5,1
10320,22344,1.0,2.7362840818889926e-09,2,1
5676,10318,-1.0,5.472568163777985e-09,3,1
3590,9821,1.0,5.472568163777985e-09,3,1
3592,5563,1.0,3.036593695726855e-06,5,1
11705,13849,1.0,5.472568163777985e-09,3,1
11706,24021,1.0,2.7362840818889926e-09,2,1
11708,24026,1.0,2.7362840818889926e-09,2,1
11714,24029,1.0,2.7362840818889926e-09,2,1
3603,15542,1.0,2.7362840818889926e-09,2,1
11715,24032,1.0,2.7362840818889926e-09,2,1
10336,17454,1.0,4.104426122833489e-09,5,1
3596,15539,1.0,2.7362840818889926e-09,2,1
9068,20811,1.0,2.7362840818889926e-09,2,1
11005,23208,1.0,2.7362840818889926e-09,2,1
7462,19033,1.0,2.7362840818889926e-09,2,1
8687,20368,1.0,2.7362840818889926e-09,2,1
13459,26227,1.0,2.7362840818889926e-09,2,1
13461,26230,1.0,2.7362840818889926e-09,2,1
13462,26231,1.0,2.7362840818889926e-09,2,1
13463,26232,1.0,2.7362840818889926e-09,2,1
7340,18904,1.0,2.7362840818889926e-09,2,1
7342,18909,1.0,2.7362840818889926e-09,2,1
13464,26234,1.0,2.7362840818889926e-09,2,1
7343,18910,1.0,5.7461965719668845e-08,3,1
7915,19540,1.0,2.7362840818889926e-09,2,1
3611,8267,-1.0,1.6417704491333955e-08,5,1
8688,20369,1.0,2.7362840818889926e-09,2,1
8691,20372,1.0,2.7362840818889926e-09,2,1
6902,8692,-1.0,5.472568163777985e-09,3,1
13447,26207,1.0,2.7362840818889926e-09,2,1
8703,13415,1.0,6.840710204722482e-09,6,1
8700,20387,1.0,2.7362840818889926e-09,2,1
13451,13686,1.0,5.472568163777985e-09,4,1
13454,26213,1.0,5.472568163777985e-09,3,1
5642,13989,-1.0,5.472568163777985e-09,4,1
8696,20379,1.0,2.7362840818889926e-09,2,1
13456,26215,1.0,2.7362840818889926e-09,2,1
8163,19786,1.0,2.7362840818889926e-09,2,1
8166,19789,1.0,5.472568163777985e-09,3,1
13465,26236,1.0,2.7362840818889926e-09,2,1
8682,20364,1.0,2.7362840818889926e-09,2,1
13476,26257,1.0,2.7362840818889926e-09,2,1
13980,26897,1.0,2.7362840818889926e-09,2,1
8167,19792,1.0,5.472568163777985e-09,3,1
13477,26258,1.0,2.7362840818889926e-09,2,1
8673,20348,1.0,2.7362840818889926e-09,2,1
13479,26263,1.0,2.7362840818889926e-09,2,1
8338,13480,-1.0,5.472568163777985e-09,3,1
13977,26896,1.0,2.7362840818889926e-09,2,1
13484,26264,1.0,2.7362840818889926e-09,2,1
7354,18924,1.0,2.7362840818889926e-09,2,1
13475,26256,1.0,2.7362840818889926e-09,2,1
13474,26254,1.0,2.7362840818889926e-09,2,1
7912,16643,1.0,4.560473469814988e-09,5,1
7346,18913,1.0,2.7362840818889926e-09,2,1
13985,26901,1.0,2.7362840818889926e-09,2,1
8675,20352,1.0,2.7362840818889926e-09,2,1
13982,16430,1.0,2.0243810825538562e-07,6,1
8421,13981,-1.0,5.472568163777985e-09,3,1
8680,20362,1.0,2.7362840818889926e-09,2,1
13473,26252,1.0,2.7362840818889926e-09,2,1
8676,20353,1.0,2.7362840818889926e-09,2,1
13486,26267,1.0,2.7362840818889926e-09,2,1
13427,26172,1.0,2.7362840818889926e-09,2,1
14003,26918,1.0,2.7362840818889926e-09,2,1
14002,26917,1.0,2.7362840818889926e-09,2,1
14000,26916,1.0,2.7362840818889926e-09,2,1
13429,26176,1.0,2.7362840818889926e-09,2,1
13430,26178,1.0,2.7362840818889926e-09,2,1
13999,26915,1.0,2.7362840818889926e-09,2,1
8717,10558,1.0,1.422867722582276e-07,4,1
8143,8716,-1.0,1.504956245038946e-08,4,1
6559,8715,-1.0,4.104426122833489e-09,5,1
7922,19554,1.0,2.7362840818889926e-09,2,1
8149,19769,1.0,2.7362840818889926e-09,2,1
7302,18858,1.0,8.208852245666977e-09,3,1
14007,26927,1.0,2.7362840818889926e-09,2,1
13421,26166,1.0,2.7362840818889926e-09,2,1
1129,14295,1.0,2.7362840818889926e-09,2,1
7303,18859,1.0,8.208852245666977e-09,3,1
14004,25618,1.0,5.472568163777985e-09,3,1
13424,26171,1.0,2.7362840818889926e-09,2,1
8714,20406,1.0,2.7362840818889926e-09,2,1
8713,20405,1.0,2.7362840818889926e-09,2,1
13440,26192,1.0,2.7362840818889926e-09,2,1
13441,17454,1.0,4.104426122833489e-09,5,1
13442,26195,1.0,2.7362840818889926e-09,2,1
7327,18884,1.0,2.7362840818889926e-09,2,1
13443,26200,1.0,2.7362840818889926e-09,2,1
13444,24703,1.0,2.7362840818889926e-09,4,1
13445,26201,1.0,5.472568163777985e-09,3,1
10738,13992,-1.0,8.208852245666977e-09,5,1
8160,19782,1.0,2.7362840818889926e-09,2,1
7320,18879,1.0,2.7362840818889926e-09,2,1
7918,19550,1.0,2.7362840818889926e-09,2,1
13433,26184,1.0,2.7362840818889926e-09,2,1
8155,19777,1.0,2.7362840818889926e-09,2,1
8712,20404,1.0,3.283540898266791e-08,3,1
7316,18873,1.0,5.472568163777985e-09,3,1
13438,26189,1.0,2.7362840818889926e-09,2,1
13436,26187,1.0,2.7362840818889926e-09,2,1
13437,26188,1.0,2.7362840818889926e-09,2,1
13996,26909,1.0,2.7362840818889926e-09,2,1
5454,8670,-1.0,1.094513632755597e-08,6,1
13546,26335,1.0,2.7362840818889926e-09,2,1
8613,20287,1.0,2.7362840818889926e-09,2,1
13549,26339,1.0,2.7362840818889926e-09,2,1
13540,26332,1.0,2.7362840818889926e-09,2,1
8184,13531,-1.0,1.094513632755597e-08,5,1
13532,26325,1.0,2.7362840818889926e-09,2,1
6974,7412,-1.0,8.208852245666977e-09,5,1
13533,24503,1.0,1.094513632755597e-08,4,1
13534,19273,1.0,2.7362840818889926e-09,4,1
8624,20294,1.0,2.7362840818889926e-09,2,1
8623,20293,1.0,2.7362840818889926e-09,2,1
947,14250,1.0,2.7362840818889926e-09,2,1
13538,26328,1.0,2.7362840818889926e-09,2,1
13964,25267,1.0,5.472568163777985e-09,3,1
7433,18998,1.0,2.7362840818889926e-09,2,1
7436,19001,1.0,2.7362840818889926e-09,2,1
13959,26864,1.0,2.7362840818889926e-09,2,1
7438,19002,1.0,5.7461965719668845e-08,4,1
13559,26355,1.0,2.7362840818889926e-09,2,1
13561,26359,1.0,2.7362840818889926e-09,2,1
13562,26362,1.0,2.189027265511194e-08,3,1
13564,26365,1.0,2.7362840818889926e-09,2,1
13566,26369,1.0,5.472568163777985e-09,3,1
13567,26371,1.0,2.7362840818889926e-09,2,1
5783,13557,-1.0,5.472568163777985e-09,4,1
8601,20273,1.0,2.7362840818889926e-09,2,1
5785,7440,-1.0,1.6417704491333955e-08,4,1
8602,17007,1.0,2.7362840818889926e-09,4,1
13551,26345,1.0,2.7362840818889926e-09,2,1
7444,14153,1.0,2.7362840818889926e-09,6,1
10115,13958,-1.0,1.6417704491333955e-08,4,1
8186,19823,1.0,8.208852245666977e-09,3,1
13556,26351,1.0,2.7362840818889926e-09,2,1
8599,20266,1.0,2.7362840818889926e-09,2,1
7448,19014,1.0,2.7362840818889926e-09,2,1
7449,13958,1.0,1.094513632755597e-08,3,1
7566,7893,-1.0,5.472568163777985e-09,3,1
13487,26268,1.0,2.7362840818889926e-09,2,1
8658,13242,1.0,2.7362840818889926e-09,5,1
7379,18948,1.0,2.7362840818889926e-09,2,1
5724,7384,-1.0,8.208852245666977e-09,4,1
8171,19794,1.0,2.7362840818889926e-09,2,1
13504,26295,1.0,2.7362840818889926e-09,2,1
13974,26885,1.0,2.7362840818889926e-09,2,1
7393,18954,1.0,7.296757551703978e-09,4,1
8180,19812,1.0,2.7362840818889926e-09,2,1
7374,18944,1.0,2.7362840818889926e-09,2,1
13488,26276,1.0,2.7362840818889926e-09,2,1
13489,26213,1.0,5.472568163777985e-09,3,1
8669,20341,1.0,2.7362840818889926e-09,2,1
13975,26890,1.0,2.7362840818889926e-09,2,1
7366,16745,1.0,5.284048390548352e-06,6,1
7904,19531,1.0,2.7362840818889926e-09,2,1
7367,18941,1.0,2.7362840818889926e-09,2,1
12163,13492,-1.0,5.472568163777985e-09,3,1
13493,26281,1.0,2.7362840818889926e-09,2,1
7372,18943,1.0,2.7362840818889926e-09,2,1
4273,13508,-1.0,5.472568163777985e-09,3,1
13510,26300,1.0,2.7362840818889926e-09,2,1
13522,26316,1.0,2.7362840818889926e-09,2,1
13971,26882,1.0,2.7362840818889926e-09,2,1
8634,20309,1.0,2.7362840818889926e-09,2,1
13524,26322,1.0,2.7362840818889926e-09,2,1
13969,26878,1.0,2.7362840818889926e-09,2,1
13526,25817,1.0,8.208852245666977e-09,3,1
13530,26324,1.0,2.7362840818889926e-09,2,1
13519,18294,1.0,4.104426122833489e-09,5,1
13518,13519,1.0,4.104426122833489e-09,5,1
7407,18971,1.0,2.7362840818889926e-09,2,1
7398,18956,1.0,2.7362840818889926e-09,2,1
13512,26304,1.0,2.7362840818889926e-09,2,1
13513,26305,1.0,2.7362840818889926e-09,2,1
969,14256,1.0,2.7362840818889926e-09,2,1
7406,18969,1.0,2.7362840818889926e-09,2,1
8639,20311,1.0,2.7362840818889926e-09,2,1
7897,19520,1.0,2.7362840818889926e-09,2,1
8732,20421,1.0,5.472568163777985e-09,3,1
8832,20537,1.0,2.7362840818889926e-09,2,1
8831,20536,1.0,2.7362840818889926e-09,2,1
13315,26014,1.0,2.7362840818889926e-09,2,1
7183,9194,1.0,2.177133902943069e-07,6,1
8830,20533,1.0,2.7362840818889926e-09,2,1
8826,20531,1.0,2.7362840818889926e-09,2,1
13317,26022,1.0,2.7362840818889926e-09,2,1
8105,19730,1.0,2.7362840818889926e-09,2,1
8825,20530,1.0,2.7362840818889926e-09,2,1
8824,20529,1.0,2.7362840818889926e-09,2,1
7954,19590,1.0,2.7362840818889926e-09,2,1
13304,25994,1.0,2.7362840818889926e-09,2,1
13305,25996,1.0,2.7362840818889926e-09,2,1
13307,26000,1.0,2.7362840818889926e-09,2,1
13309,26004,1.0,2.7362840818889926e-09,2,1
13310,26007,1.0,2.7362840818889926e-09,2,1
13311,26008,1.0,5.7461965719668845e-08,3,1
13312,26009,1.0,2.7362840818889926e-09,2,1
13313,26010,1.0,2.7362840818889926e-09,2,1
7174,18717,1.0,5.472568163777985e-09,3,1
7175,18718,1.0,2.7362840818889926e-09,2,1
13319,26024,1.0,5.472568163777985e-09,3,1
8823,20528,1.0,2.7362840818889926e-09,2,1
13320,19621,1.0,5.472568163777985e-09,5,1
13332,26041,1.0,2.7362840818889926e-09,2,1
13333,26042,1.0,2.7362840818889926e-09,2,1
13334,26043,1.0,2.7362840818889926e-09,2,1
14036,26957,1.0,2.7362840818889926e-09,2,1
8114,19738,1.0,2.7362840818889926e-09,2,1
13336,26045,1.0,5.472568163777985e-09,3,1
7199,18739,1.0,2.7362840818889926e-09,2,1
13338,21309,1.0,2.7362840818889926e-09,4,1
14034,26956,1.0,2.7362840818889926e-09,2,1
8810,20508,1.0,2.7362840818889926e-09,2,1
7330,8818,-1.0,1.3772629878841266e-08,6,1
13331,17443,1.0,1.3681420409444964e-08,3,1
1289,14351,1.0,2.7362840818889926e-09,2,1
14040,26963,1.0,2.7362840818889926e-09,2,1
13325,26033,1.0,2.7362840818889926e-09,2,1
7192,18728,1.0,5.472568163777985e-09,3,1
14039,26959,1.0,2.7362840818889926e-09,2,1
8819,20523,1.0,5.472568163777985e-09,3,1
1295,14352,1.0,2.7362840818889926e-09,2,1
8790,8821,-1.0,3.55716930645569e-08,3,1
13328,26035,1.0,2.7362840818889926e-09,2,1
8838,20542,1.0,2.7362840818889926e-09,2,1
8867,20574,1.0,2.7362840818889926e-09,2,1
13277,25962,1.0,2.7362840818889926e-09,2,1
13278,25965,1.0,2.7362840818889926e-09,2,1
1070,13279,-1.0,1.6417704491333955e-08,5,1
7125,18677,1.0,2.7362840818889926e-09,2,1
13282,25970,1.0,2.7362840818889926e-09,2,1
7129,18679,1.0,2.7362840818889926e-09,2,1
8858,20564,1.0,2.7362840818889926e-09,2,1
13284,25973,1.0,2.7362840818889926e-09,2,1
8857,20562,1.0,2.7362840818889926e-09,4,1
7134,18686,1.0,2.7362840818889926e-09,2,1
2595,13276,-1.0,8.208852245666977e-09,4,1
8094,19719,1.0,5.472568163777985e-09,3,1
13265,25952,1.0,2.7362840818889926e-09,2,1
13267,25956,1.0,2.7362840818889926e-09,2,1
13270,25958,1.0,2.7362840818889926e-09,2,1
7962,19603,1.0,2.7362840818889926e-09,2,1
11928,13271,-1.0,3.283540898266791e-08,4,1
7124,18675,1.0,2.7362840818889926e-09,2,1
7135,18687,1.0,2.7362840818889926e-09,2,1
7155,18699,1.0,2.7362840818889926e-09,2,1
7156,18700,1.0,5.472568163777985e-09,3,1
13296,17431,1.0,2.7362840818889926e-09,4,1
14043,18502,1.0,2.7362840818889926e-09,4,1
13297,25986,1.0,2.7362840818889926e-09,2,1
13299,25989,1.0,1.3681420409444964e-08,3,1
8841,14369,1.0,2.7362840818889926e-09,4,1
14042,26964,1.0,2.7362840818889926e-09,2,1
13301,25992,1.0,2.7362840818889926e-09,2,1
13295,25984,1.0,2.7362840818889926e-09,2,1
13294,25981,1.0,2.7362840818889926e-09,2,1
13293,25980,1.0,2.7362840818889926e-09,2,1
7141,18691,1.0,2.7362840818889926e-09,2,1
13285,25975,1.0,2.7362840818889926e-09,2,1
8099,14344,1.0,2.4626556737000932e-08,5,1
13290,25978,1.0,2.7362840818889926e-09,2,1
7144,18692,1.0,2.7362840818889926e-09,2,1
7147,9456,1.0,5.472568163777985e-09,3,1
8850,20551,1.0,2.189027265511194e-08,3,1
2565,7205,-1.0,3.83079771464459e-08,5,1
14033,26955,1.0,2.7362840818889926e-09,2,1
7270,18812,1.0,2.7362840818889926e-09,2,1
4329,7273,-1.0,2.919603850253811e-06,4,1
14020,26939,1.0,2.7362840818889926e-09,2,1
13384,26119,1.0,2.7362840818889926e-09,2,1
13387,26121,1.0,5.472568163777985e-09,3,1
13388,24976,1.0,1.094513632755597e-08,4,1
13387,13390,-1.0,5.472568163777985e-09,3,1
14016,26936,1.0,2.7362840818889926e-09,2,1
5446,7276,-1.0,8.208852245666977e-09,4,1
7268,8901,1.0,2.7362840818889926e-09,5,1
7266,18811,1.0,8.208852245666977e-09,3,1
7260,12957,1.0,1.094513632755597e-08,4,1
8757,20449,1.0,2.7362840818889926e-09,2,1
8756,20448,1.0,2.7362840818889926e-09,2,1
7935,19567,1.0,8.208852245666977e-09,3,1
10123,13381,-1.0,5.472568163777985e-09,3,1
8754,9748,1.0,5.472568163777985e-09,3,1
8137,19760,1.0,2.7362840818889926e-09,2,1
13392,26122,1.0,2.7362840818889926e-09,2,1
13393,26123,1.0,2.7362840818889926e-09,2,1
13394,26124,1.0,2.7362840818889926e-09,2,1
7289,18839,1.0,2.7362840818889926e-09,2,1
7292,18842,1.0,2.7362840818889926e-09,2,1
1143,14302,1.0,2.7362840818889926e-09,2,1
13407,26146,1.0,1.6417704491333955e-08,3,1
13408,26148,1.0,2.7362840818889926e-09,2,1
13409,26149,1.0,2.7362840818889926e-09,2,1
13411,26156,1.0,2.7362840818889926e-09,2,1
13413,26158,1.0,2.7362840818889926e-09,2,1
1137,14298,1.0,2.7362840818889926e-09,2,1
13406,26143,1.0,2.7362840818889926e-09,2,1
13405,26140,1.0,2.7362840818889926e-09,2,1
13399,26132,1.0,2.7362840818889926e-09,2,1
13396,26125,1.0,2.7362840818889926e-09,2,1
8143,10557,1.0,3.1467266941723414e-08,5,1
1164,14308,1.0,2.7362840818889926e-09,2,1
13397,26127,1.0,1.6417704491333955e-08,3,1
14015,26934,1.0,2.7362840818889926e-09,2,1
14013,26933,1.0,2.7362840818889926e-09,2,1
11217,13401,-1.0,8.208852245666977e-09,3,1
7303,8745,-1.0,1.094513632755597e-08,4,1
13403,26136,1.0,2.7362840818889926e-09,2,1
13404,26137,1.0,2.7362840818889926e-09,2,1
8744,20433,1.0,2.7362840818889926e-09,2,1
8759,12442,1.0,8.208852245666977e-09,4,1
13377,26102,1.0,2.7362840818889926e-09,2,1
1859,8791,-1.0,1.3681420409444964e-08,5,1
8801,20498,1.0,2.7362840818889926e-09,2,1
7943,19581,1.0,2.7362840818889926e-09,2,1
13358,16028,1.0,4.7611343024868466e-08,5,1
8121,19746,1.0,5.472568163777985e-09,3,1
7229,18765,1.0,2.7362840818889926e-09,2,1
7230,18766,1.0,2.7362840818889926e-09,2,1
8795,20488,1.0,2.7362840818889926e-09,2,1
8122,19747,1.0,2.7362840818889926e-09,2,1
7237,18773,1.0,2.7362840818889926e-09,2,1
7221,18755,1.0,2.7362840818889926e-09,2,1
8803,20501,1.0,2.7362840818889926e-09,2,1
13354,26065,1.0,2.7362840818889926e-09,2,1
13340,26047,1.0,2.7362840818889926e-09,2,1
13341,26048,1.0,2.7362840818889926e-09,2,1
8118,19740,1.0,5.472568163777985e-09,3,1
13346,14835,1.0,2.7362840818889926e-09,4,1
7211,18749,1.0,2.7362840818889926e-09,2,1
8808,20506,1.0,2.7362840818889926e-09,2,1
8806,20504,1.0,3.009912490077892e-08,3,1
8804,13553,1.0,2.7362840818889926e-09,5,1
13349,26058,1.0,2.7362840818889926e-09,2,1
7217,12427,1.0,2.7362840818889926e-09,5,1
1236,14334,1.0,2.7362840818889926e-09,2,1
13362,26076,1.0,2.7362840818889926e-09,2,1
8762,20452,1.0,2.7362840818889926e-09,2,1
7067,8790,-1.0,6.567081796533582e-08,5,1
8778,20463,1.0,2.7362840818889926e-09,2,1
8777,12766,1.0,8.208852245666977e-09,3,1
13371,26095,1.0,2.7362840818889926e-09,2,1
12696,14030,-1.0,5.472568163777985e-09,3,1
14029,26949,1.0,2.7362840818889926e-09,2,1
13373,26099,1.0,2.7362840818889926e-09,2,1
14028,26947,1.0,1.6417704491333955e-08,3,1
14027,26946,1.0,2.7362840818889926e-09,2,1
13374,22225,1.0,2.7362840818889926e-09,6,1
8769,20458,1.0,2.7362840818889926e-09,2,1
8781,20469,1.0,2.7362840818889926e-09,2,1
8786,20476,1.0,2.7362840818889926e-09,2,1
13363,26077,1.0,2.7362840818889926e-09,2,1
8789,20482,1.0,2.7362840818889926e-09,2,1
7942,19577,1.0,2.7362840818889926e-09,2,1
8788,20478,1.0,2.7362840818889926e-09,2,1
7245,18782,1.0,1.094513632755597e-08,4,1
8129,11487,1.0,8.208852245666977e-09,3,1
7247,18785,1.0,2.7362840818889926e-09,2,1
8783,20472,1.0,2.7362840818889926e-09,2,1
8782,20471,1.0,2.7362840818889926e-09,2,1
13568,26372,1.0,2.7362840818889926e-09,2,1
13955,26858,1.0,2.7362840818889926e-09,2,1
13569,26373,1.0,2.7362840818889926e-09,2,1
13764,24661,1.0,2.7362840818889927e-08,3,1
7825,19450,1.0,2.7362840818889926e-09,2,1
7824,19449,1.0,2.7362840818889926e-09,2,1
7823,19447,1.0,2.7362840818889926e-09,2,1
8348,20012,1.0,2.7362840818889926e-09,2,1
13767,26620,1.0,2.7362840818889926e-09,2,1
13768,26621,1.0,2.7362840818889926e-09,2,1
7821,19445,1.0,2.7362840818889926e-09,2,1
13770,26623,1.0,2.7362840818889926e-09,2,1
13763,26615,1.0,2.7362840818889926e-09,2,1
13754,26601,1.0,5.472568163777985e-09,3,1
7679,19282,1.0,2.7362840818889926e-09,2,1
7682,19286,1.0,2.7362840818889926e-09,2,1
13892,26775,1.0,2.7362840818889926e-09,2,1
13891,26774,1.0,2.7362840818889926e-09,2,1
7686,19292,1.0,2.7362840818889926e-09,2,1
13888,26773,1.0,2.7362840818889926e-09,2,1
13757,26611,1.0,5.472568163777985e-09,3,1
13758,26612,1.0,2.7362840818889926e-09,2,1
13887,26770,1.0,2.7362840818889926e-09,2,1
8345,20010,1.0,2.7362840818889926e-09,2,1
13772,26628,1.0,2.7362840818889926e-09,2,1
8338,20005,1.0,5.472568163777985e-09,3,1
7707,19317,1.0,2.7362840818889926e-09,2,1
7815,19438,1.0,2.7362840818889926e-09,2,1
7715,19328,1.0,2.7362840818889926e-09,2,1
13783,26641,1.0,2.7362840818889926e-09,2,1
8239,19889,1.0,2.7362840818889926e-09,2,1
8240,19890,1.0,2.7362840818889926e-09,2,1
13884,26767,1.0,2.7362840818889926e-09,2,1
13780,26638,1.0,2.7362840818889926e-09,2,1
13773,26629,1.0,2.7362840818889926e-09,2,1
13886,26769,1.0,2.7362840818889926e-09,2,1
13775,26633,1.0,2.7362840818889926e-09,2,1
13757,13776,-1.0,5.472568163777985e-09,3,1
7819,19441,1.0,2.7362840818889926e-09,2,1
7703,19310,1.0,2.7362840818889926e-09,2,1
7820,19442,1.0,2.7362840818889926e-09,2,1
13779,26637,1.0,2.7362840818889926e-09,2,1
13893,26778,1.0,5.472568163777985e-09,3,1
13727,26569,1.0,2.7362840818889926e-09,2,1
12748,13729,-1.0,5.472568163777985e-09,3,1
13903,26798,1.0,1.6417704491333955e-08,3,1
7653,19241,1.0,2.7362840818889926e-09,2,1
8388,20066,1.0,2.7362840818889926e-09,2,1
13241,13731,-1.0,1.3681420409444964e-08,4,1
7655,19243,1.0,2.7362840818889926e-09,2,1
13733,26576,1.0,2.7362840818889926e-09,2,1
13734,26578,1.0,2.7362840818889926e-09,2,1
8386,20061,1.0,2.7362840818889926e-09,2,1
13736,26579,1.0,2.7362840818889926e-09,2,1
8384,20060,1.0,8.208852245666977e-09,3,1
8394,20073,1.0,2.7362840818889926e-09,2,1
13910,26808,1.0,2.7362840818889926e-09,2,1
8405,20081,1.0,2.7362840818889926e-09,2,1
7644,19232,1.0,2.7362840818889926e-09,2,1
8402,20080,1.0,2.7362840818889926e-09,2,1
642,14188,1.0,2.7362840818889926e-09,2,1
13724,13738,1.0,5.472568163777985e-09,3,1
13908,26803,1.0,8.208852245666977e-09,3,1
13725,26564,1.0,2.7362840818889926e-09,2,1
7649,12594,1.0,1.094513632755597e-08,3,1
13906,26801,1.0,2.7362840818889926e-09,2,1
8399,20076,1.0,2.7362840818889926e-09,2,1
8398,20075,1.0,2.7362840818889926e-09,2,1
7658,19247,1.0,2.7362840818889926e-09,2,1
597,14183,1.0,2.7362840818889926e-09,2,1
13894,24038,1.0,5.472568163777985e-09,3,1
8367,20035,1.0,2.7362840818889926e-09,2,1
13748,26593,1.0,2.7362840818889926e-09,2,1
13749,26594,1.0,8.208852245666977e-09,3,1
7829,11858,1.0,5.472568163777985e-09,3,1
13752,26599,1.0,2.7362840818889926e-09,2,1
13753,26600,1.0,2.7362840818889926e-09,2,1
13897,26785,1.0,2.7362840818889926e-09,2,1
13740,26586,1.0,2.7362840818889926e-09,2,1
8376,14159,1.0,2.7362840818889926e-09,4,1
8378,20049,1.0,2.7362840818889926e-09,2,1
7662,19254,1.0,2.7362840818889926e-09,2,1
7832,19456,1.0,2.7362840818889926e-09,2,1
13900,26796,1.0,2.7362840818889926e-09,2,1
13899,26794,1.0,2.7362840818889926e-09,2,1
13738,26580,1.0,5.472568163777985e-09,3,1
8372,20045,1.0,2.7362840818889926e-09,2,1
13898,26793,1.0,2.4626556737000932e-08,3,1
13785,26642,1.0,2.7362840818889926e-09,2,1
7814,19436,1.0,2.7362840818889926e-09,2,1
13828,26692,1.0,2.7362840818889926e-09,2,1
8263,10406,1.0,5.472568163777985e-09,3,1
13866,26739,1.0,2.7362840818889926e-09,2,1
13829,26694,1.0,2.7362840818889926e-09,2,1
8293,19959,1.0,5.472568163777985e-09,5,1
8292,19957,1.0,2.7362840818889926e-09,2,1
8291,19953,1.0,2.7362840818889926e-09,4,1
13830,20585,1.0,5.472568163777985e-09,3,1
13831,26701,1.0,2.7362840818889926e-09,2,1
13832,26702,1.0,2.7362840818889926e-09,2,1
8290,19950,1.0,5.472568163777985e-09,3,1
13833,26705,1.0,2.7362840818889926e-09,2,1
13834,16602,1.0,4.104426122833489e-09,5,1
4820,8242,-1.0,8.208852245666979e-09,6,1
13822,26680,1.0,2.7362840818889926e-09,2,1
8307,19974,1.0,2.7362840818889926e-09,2,1
8305,19972,1.0,2.7362840818889926e-09,2,1
8258,19915,1.0,2.7362840818889926e-09,2,1
8304,19971,1.0,2.7362840818889926e-09,2,1
458,3917,1.0,8.208852245666977e-09,4,1
8262,19920,1.0,5.472568163777985e-09,3,1
9569,13836,-1.0,5.472568163777985e-09,3,1
13853,26721,1.0,2.7362840818889926e-09,2,1
13854,26722,1.0,2.7362840818889926e-09,2,1
8276,19941,1.0,1.094513632755597e-08,5,1
7779,19391,1.0,2.7362840818889926e-09,2,1
13857,26727,1.0,2.7362840818889926e-09,2,1
13858,24931,1.0,2.7362840818889926e-09,4,1
8270,19934,1.0,2.7362840818889926e-09,4,1
7791,19401,1.0,8.208852245666977e-09,3,1
13860,21637,1.0,5.472568163777985e-09,3,1
8268,19930,1.0,5.472568163777985e-09,3,1
7787,19397,1.0,2.7362840818889926e-09,4,1
8265,19925,1.0,2.7362840818889926e-09,2,1
7796,19406,1.0,2.7362840818889926e-09,2,1
13838,26709,1.0,2.7362840818889926e-09,2,1
13445,13844,-1.0,5.472568163777985e-09,3,1
7775,19386,1.0,2.7362840818889926e-09,2,1
13847,26717,1.0,2.7362840818889926e-09,2,1
13848,26718,1.0,2.7362840818889926e-09,2,1
13849,26719,1.0,5.472568163777985e-09,3,1
8083,13851,-1.0,5.472568163777985e-09,3,1
8312,19978,1.0,2.7362840818889926e-09,2,1
11757,13795,-1.0,1.3681420409444964e-08,3,1
13796,26655,1.0,2.7362840818889926e-09,2,1
7806,19428,1.0,2.7362840818889926e-09,2,1
13798,26657,1.0,5.472568163777985e-09,3,1
7736,19349,1.0,2.7362840818889926e-09,2,1
13876,26757,1.0,2.7362840818889926e-09,2,1
13799,26658,1.0,2.7362840818889926e-09,2,1
13800,26659,1.0,1.094513632755597e-08,4,1
8253,19904,1.0,2.7362840818889926e-09,2,1
12430,13801,-1.0,1.6417704491333955e-08,5,1
13803,26663,1.0,2.7362840818889926e-09,2,1
13804,26664,1.0,2.7362840818889926e-09,2,1
7731,19345,1.0,1.3681420409444964e-08,3,1
13790,26648,1.0,2.7362840818889926e-09,2,1
11272,13786,-1.0,2.7362840818889926e-09,5,1
13880,15244,1.0,2.7362840818889926e-09,4,1
13789,26647,1.0,2.7362840818889926e-09,2,1
8243,19892,1.0,2.7362840818889926e-09,2,1
7728,19340,1.0,2.7362840818889926e-09,2,1
7725,19336,1.0,2.7362840818889926e-09,2,1
8329,19995,1.0,2.7362840818889926e-09,2,1
8328,19994,1.0,2.7362840818889926e-09,2,1
8327,19993,1.0,2.7362840818889926e-09,2,1
13794,26651,1.0,2.7362840818889926e-09,2,1
13873,26750,1.0,2.7362840818889926e-09,2,1
7804,19419,1.0,2.7362840818889926e-09,2,1
7802,19418,1.0,2.7362840818889926e-09,2,1
7749,19358,1.0,2.7362840818889926e-09,2,1
7751,8745,1.0,8.208852245666977e-09,3,1
7753,19362,1.0,1.094513632755597e-08,3,1
7801,19417,1.0,2.7362840818889926e-09,2,1
13869,26747,1.0,2.4626556737000932e-08,3,1
8313,19979,1.0,2.7362840818889926e-09,2,1
6167,13814,-1.0,1.094513632755597e-08,5,1
13871,26749,1.0,2.7362840818889926e-09,2,1
13807,26666,1.0,2.7362840818889926e-09,2,1
13808,26667,1.0,2.7362840818889926e-09,2,1
7744,19354,1.0,2.7362840818889926e-09,2,1
8320,19983,1.0,2.7362840818889926e-09,2,1
488,663,1.0,1.094513632755597e-08,5,1
7748,19357,1.0,2.7362840818889926e-09,2,1
7481,8317,-1.0,1.6417704491333955e-08,6,1
13811,26670,1.0,2.7362840818889926e-09,2,1
8223,19861,1.0,2.7362840818889926e-09,2,1
13570,26375,1.0,2.7362840818889926e-09,2,1
7510,8094,1.0,5.472568163777985e-09,3,1
7512,19082,1.0,5.472568163777985e-09,3,1
8523,20188,1.0,2.7362840818889926e-09,2,1
7513,17044,1.0,5.472568163777985e-09,3,1
8522,20186,1.0,2.7362840818889926e-09,2,1
13623,26432,1.0,2.7362840818889926e-09,2,1
13624,26433,1.0,2.7362840818889926e-09,2,1
7518,19085,1.0,2.7362840818889926e-09,2,1
7519,19086,1.0,2.7362840818889926e-09,2,1
8200,19843,1.0,2.7362840818889926e-09,2,1
13944,26845,1.0,5.472568163777985e-09,3,1
8544,20211,1.0,2.7362840818889926e-09,2,1
8543,20209,1.0,2.7362840818889926e-09,2,1
13617,26419,1.0,2.7362840818889926e-09,2,1
8541,20205,1.0,2.7362840818889926e-09,2,1
7497,19062,1.0,2.7362840818889926e-09,2,1
8195,19837,1.0,5.472568163777985e-09,3,1
8539,20204,1.0,2.7362840818889926e-09,2,1
7871,19499,1.0,2.7362840818889926e-09,2,1
8533,20200,1.0,5.472568163777985e-09,3,1
13945,26846,1.0,2.7362840818889926e-09,2,1
13627,26438,1.0,2.7362840818889926e-09,2,1
13628,26439,1.0,2.7362840818889926e-09,2,1
8201,19844,1.0,2.7362840818889926e-09,2,1
8506,20170,1.0,2.7362840818889926e-09,4,1
13641,26460,1.0,2.7362840818889926e-09,2,1
13642,26462,1.0,2.7362840818889926e-09,2,1
8206,19847,1.0,2.7362840818889926e-09,2,1
13643,19394,1.0,1.0945136327555971e-07,4,1
7539,19108,1.0,2.7362840818889926e-09,2,1
13639,26456,1.0,2.7362840818889926e-09,2,1
13940,26836,1.0,2.7362840818889926e-09,2,1
7521,9317,1.0,5.472568163777985e-09,3,1
13942,26843,1.0,2.7362840818889926e-09,2,1
13630,26446,1.0,2.7362840818889926e-09,2,1
8517,20180,1.0,2.7362840818889926e-09,2,1
13634,26451,1.0,2.7362840818889926e-09,2,1
13636,26453,1.0,2.7362840818889926e-09,2,1
13637,26454,1.0,2.7362840818889926e-09,2,1
5420,8512,-1.0,1.3681420409444964e-08,6,1
8510,20177,1.0,2.7362840818889926e-09,2,1
8509,20175,1.0,8.208852245666977e-09,3,1
13947,26848,1.0,2.7362840818889926e-09,2,1
8545,20212,1.0,2.7362840818889926e-09,2,1
13722,26562,1.0,2.7362840818889926e-09,2,1
9067,20810,1.0,5.472568163777985e-09,3,1
13580,26383,1.0,2.7362840818889926e-09,2,1
13581,26384,1.0,3.009912490077892e-08,3,1
13583,26385,1.0,2.7362840818889926e-09,2,1
8576,20245,1.0,2.7362840818889926e-09,2,1
8575,20244,1.0,2.7362840818889926e-09,2,1
8191,12048,1.0,5.472568163777985e-09,3,1
8193,19832,1.0,2.7362840818889926e-09,2,1
6099,13584,-1.0,5.472568163777985e-09,4,1
8579,20247,1.0,1.094513632755597e-08,3,1
13613,13614,-1.0,5.472568163777985e-09,3,1
13159,13954,-1.0,2.7362840818889927e-08,4,1
13571,26376,1.0,2.7362840818889926e-09,2,1
13573,26377,1.0,2.7362840818889926e-09,2,1
13574,26378,1.0,2.7362840818889926e-09,2,1
880,14237,1.0,2.7362840818889926e-09,2,1
7454,19029,1.0,8.208852245666977e-09,3,1
13953,26852,1.0,2.7362840818889926e-09,2,1
7458,19031,1.0,2.7362840818889926e-09,2,1
13952,26851,1.0,2.7362840818889926e-09,2,1
8569,20236,1.0,2.7362840818889926e-09,4,1
13588,22882,1.0,1.6417704491333955e-08,4,1
7469,8442,1.0,5.472568163777985e-09,3,1
13590,26390,1.0,2.7362840818889926e-09,2,1
13606,26403,1.0,2.7362840818889926e-09,2,1
7873,19501,1.0,2.7362840818889926e-09,2,1
7486,19049,1.0,2.7362840818889926e-09,2,1
7488,19050,1.0,2.7362840818889926e-09,2,1
8559,20221,1.0,5.472568163777985e-09,3,1
8557,20220,1.0,2.7362840818889926e-09,2,1
13609,25207,1.0,8.208852245666977e-09,3,1
8550,20217,1.0,2.7362840818889926e-09,2,1
10702,13948,-1.0,8.208852245666977e-09,4,1
13612,26411,1.0,2.7362840818889926e-09,2,1
8548,20215,1.0,2.7362840818889926e-09,2,1
13613,26412,1.0,5.472568163777985e-09,3,1
1519,13602,-1.0,5.472568163777985e-09,3,1
13591,26391,1.0,2.7362840818889926e-09,2,1
7476,19045,1.0,4.104426122833489e-08,3,1
850,14231,1.0,2.7362840818889926e-09,2,1
8562,20226,1.0,2.7362840818889926e-09,2,1
13598,26396,1.0,2.7362840818889926e-09,2,1
13600,26398,1.0,2.7362840818889926e-09,2,1
8561,20225,1.0,2.7362840818889926e-09,2,1
7542,19112,1.0,2.7362840818889926e-09,2,1
11327,13647,-1.0,5.472568163777985e-09,3,1
8442,20105,1.0,5.472568163777985e-09,3,1
7616,19184,1.0,2.7362840818889926e-09,2,1
13697,26525,1.0,2.7362840818889926e-09,2,1
8220,19857,1.0,2.7362840818889926e-09,4,1
13698,26526,1.0,2.7362840818889926e-09,2,1
13699,26527,1.0,2.4626556737000932e-08,3,1
13700,19625,1.0,1.6417704491333955e-08,4,1
8439,20103,1.0,2.7362840818889926e-09,2,1
7622,19192,1.0,2.7362840818889926e-09,2,1
8435,20101,1.0,2.7362840818889926e-09,2,1
7611,19176,1.0,8.208852245666977e-09,3,1
13648,26469,1.0,2.7362840818889926e-09,2,1
8447,20112,1.0,2.7362840818889926e-09,2,1
7848,19471,1.0,8.208852245666977e-09,3,1
8218,19856,1.0,2.7362840818889926e-09,2,1
8455,20120,1.0,2.7362840818889926e-09,2,1
7599,19163,1.0,8.208852245666977e-09,3,1
8453,20118,1.0,2.7362840818889926e-09,2,1
8452,20117,1.0,2.7362840818889926e-09,2,1
7602,19164,1.0,2.7362840818889926e-09,2,1
13691,26513,1.0,2.7362840818889926e-09,2,1
13925,26823,1.0,4.104426122833489e-08,3,1
13692,19718,1.0,1.3681420409444964e-08,3,1
13693,26517,1.0,2.7362840818889926e-09,2,1
13694,26518,1.0,2.7362840818889926e-09,2,1
8431,20098,1.0,2.7362840818889926e-09,2,1
13701,26533,1.0,2.7362840818889926e-09,2,1
680,14195,1.0,2.7362840818889926e-09,2,1
13714,26549,1.0,2.7362840818889926e-09,2,1
13715,26550,1.0,2.7362840818889926e-09,2,1
7637,19215,1.0,2.7362840818889926e-09,2,1
10410,13918,-1.0,5.472568163777985e-09,3,1
13916,14839,1.0,2.7362840818889926e-09,4,1
13717,26553,1.0,2.7362840818889926e-09,2,1
13718,26556,1.0,2.7362840818889926e-09,2,1
7638,19216,1.0,2.7362840818889926e-09,2,1
13914,26812,1.0,2.7362840818889926e-09,2,1
7639,19218,1.0,2.7362840818889926e-09,2,1
13913,26810,1.0,8.208852245666977e-09,3,1
8410,8657,1.0,1.094513632755597e-08,6,1
8407,20083,1.0,2.7362840818889926e-09,2,1
4139,13713,-1.0,2.4626556737000932e-08,6,1
7839,19464,1.0,1.6417704491333955e-08,3,1
13919,26813,1.0,2.7362840818889926e-09,2,1
13705,26538,1.0,2.7362840818889926e-09,2,1
8423,20095,1.0,2.7362840818889926e-09,2,1
7840,19466,1.0,2.7362840818889926e-09,2,1
7632,19204,1.0,2.7362840818889926e-09,2,1
8422,20094,1.0,2.7362840818889926e-09,2,1
8421,20093,1.0,5.472568163777985e-09,3,1
8221,19860,1.0,2.7362840818889926e-09,2,1
13708,18779,1.0,2.7362840818889926e-09,4,1
13709,26547,1.0,5.472568163777985e-09,3,1
7566,19135,1.0,5.472568163777985e-09,3,1
8484,19090,1.0,2.7362840818889926e-09,4,1
8482,20143,1.0,2.7362840818889926e-09,2,1
7560,19129,1.0,2.7362840818889926e-09,2,1
7561,19130,1.0,2.7362840818889926e-09,2,1
7562,19131,1.0,2.7362840818889926e-09,2,1
4857,13662,-1.0,1.094513632755597e-08,5,1
13933,26832,1.0,2.7362840818889926e-09,2,1
13665,19986,1.0,3.009912490077892e-08,3,1
13666,26490,1.0,2.7362840818889926e-09,2,1
7859,19482,1.0,2.7362840818889926e-09,2,1
7548,19121,1.0,2.7362840818889926e-09,2,1
8491,20155,1.0,2.7362840818889926e-09,2,1
13649,21771,1.0,3.55716930645569e-08,3,1
13937,26835,1.0,2.7362840818889926e-09,2,1
13652,26475,1.0,8.208852245666977e-09,3,1
13654,26477,1.0,2.7362840818889926e-09,2,1
7549,11450,1.0,5.253665437226866e-07,5,1
8952,13658,-1.0,8.208852245666977e-09,4,1
13655,26480,1.0,2.7362840818889926e-09,2,1
13656,26481,1.0,2.7362840818889926e-09,2,1
13657,24216,1.0,8.208852245666977e-09,3,1
7552,19122,1.0,2.7362840818889926e-09,2,1
13935,26834,1.0,2.7362840818889926e-09,2,1
7855,19477,1.0,2.7362840818889926e-09,2,1
7853,19476,1.0,2.7362840818889926e-09,2,1
13677,26500,1.0,2.7362840818889926e-09,2,1
7850,19472,1.0,2.7362840818889926e-09,2,1
13681,26501,1.0,2.7362840818889926e-09,2,1
13929,26826,1.0,2.7362840818889926e-09,2,1
13683,26502,1.0,2.7362840818889926e-09,2,1
13685,26506,1.0,2.7362840818889926e-09,2,1
13674,16772,1.0,2.7362840818889926e-09,4,1
13671,26497,1.0,1.3681420409444964e-08,3,1
13668,26492,1.0,2.7362840818889926e-09,2,1
8475,20137,1.0,2.7362840818889926e-09,2,1
8167,8469,-1.0,5.472568163777985e-09,3,1
7575,19142,1.0,2.7362840818889926e-09,2,1
7576,19143,1.0,2.7362840818889926e-09,2,1
13672,26498,1.0,8.208852245666977e-09,3,1
7580,19144,1.0,2.7362840818889926e-09,2,1
8897,20617,1.0,2.7362840818889926e-09,2,1
13081,25709,1.0,2.7362840818889926e-09,2,1
10847,13177,-1.0,5.472568163777985e-09,3,1
13149,25788,1.0,2.7362840818889926e-09,2,1
13214,25882,1.0,2.7362840818889926e-09,2,1
8981,20708,1.0,2.7362840818889926e-09,2,1
13129,18290,1.0,2.7362840818889926e-09,4,1
8083,19701,1.0,5.472568163777985e-09,3,1
13079,25705,1.0,2.7362840818889926e-09,2,1
8010,19636,1.0,2.7362840818889926e-09,2,1
13244,25925,1.0,2.7362840818889926e-09,2,1
13207,25866,1.0,2.7362840818889926e-09,2,1
13185,25834,1.0,2.7362840818889926e-09,2,1
13106,25735,1.0,2.7362840818889926e-09,2,1
6926,8186,1.0,1.094513632755597e-08,4,1
14080,27004,1.0,5.472568163777985e-09,3,1
14106,27024,1.0,2.7362840818889926e-09,2,1
6947,17950,1.0,5.472568163777985e-09,3,1
13104,25733,1.0,2.7362840818889926e-09,2,1
1617,14475,1.0,2.7362840818889926e-09,2,1
7011,18573,1.0,2.7362840818889926e-09,2,1
13241,23063,1.0,2.4626556737000932e-08,5,1
8946,20667,1.0,2.7362840818889926e-09,4,1
8062,19678,1.0,5.472568163777985e-09,3,1
8948,20670,1.0,2.7362840818889926e-09,2,1
13105,25734,1.0,2.7362840818889926e-09,2,1
9027,20772,1.0,2.7362840818889926e-09,4,1
9023,20770,1.0,2.7362840818889926e-09,2,1
13107,25740,1.0,2.7362840818889926e-09,2,1
13075,25696,1.0,2.7362840818889926e-09,2,1
7981,19613,1.0,5.472568163777985e-09,3,1
13074,25695,1.0,2.7362840818889926e-09,2,1
7078,18633,1.0,2.7362840818889926e-09,2,1
7971,11924,1.0,2.189027265511194e-08,4,1
8963,20687,1.0,2.7362840818889926e-09,2,1
13252,25932,1.0,1.6417704491333955e-08,3,1
7970,19607,1.0,2.7362840818889926e-09,2,1
8915,12430,1.0,1.094513632755597e-08,4,1
8887,20601,1.0,2.7362840818889926e-09,2,1
7101,14697,1.0,4.105848280012065e-06,4,1
7984,19617,1.0,5.472568163777985e-09,3,1
8027,19649,1.0,2.7362840818889926e-09,2,1
13247,25927,1.0,2.7362840818889926e-09,2,1
6946,18494,1.0,2.7362840818889926e-09,2,1
13245,25926,1.0,2.7362840818889926e-09,2,1
1647,14491,1.0,2.7362840818889926e-09,2,1
13205,21652,1.0,1.6417704491333956e-07,4,1
8970,20693,1.0,2.7362840818889926e-09,2,1
5948,13175,-1.0,4.322822040017946e-06,5,1
13077,25703,1.0,2.7362840818889926e-09,2,1
7512,8964,-1.0,5.472568163777985e-09,3,1
6907,18453,1.0,2.7362840818889926e-09,2,1
13076,22401,1.0,2.7362840818889926e-09,4,1
6945,18493,1.0,2.7362840818889926e-09,2,1
8890,20606,1.0,2.7362840818889926e-09,2,1
14055,26980,1.0,1.094513632755597e-08,3,1
8889,20603,1.0,2.7362840818889926e-09,2,1
8925,20641,1.0,2.7362840818889926e-09,2,1
13163,25811,1.0,2.7362840818889926e-09,2,1
13249,18405,1.0,1.5520778775596533e-06,5,1
13208,25870,1.0,2.7362840818889926e-09,2,1
14065,26989,1.0,2.7362840818889926e-09,2,1
14111,27029,1.0,2.7362840818889926e-09,2,1
13098,25724,1.0,2.7362840818889926e-09,2,1
13235,25911,1.0,5.472568163777985e-09,3,1
7038,18584,1.0,2.7362840818889926e-09,4,1
9031,10063,1.0,5.472568163777985e-09,3,1
8985,20712,1.0,2.7362840818889926e-09,2,1
13192,15286,1.0,7.387967021100281e-08,3,1
14101,27020,1.0,2.7362840818889926e-09,2,1
13159,25806,1.0,1.6417704491333955e-08,3,1
8045,19669,1.0,1.3681420409444964e-08,3,1
4570,8007,-1.0,1.6417704491333955e-08,4,1
8919,20634,1.0,2.7362840818889926e-09,2,1
8015,12965,1.0,5.472568163777985e-09,3,1
9030,20775,1.0,2.7362840818889926e-09,2,1
13191,25846,1.0,5.472568163777985e-09,3,1
13097,25723,1.0,2.7362840818889926e-09,2,1
1385,6982,-1.0,9.533511814242321e-05,36,0
13212,25878,1.0,2.7362840818889926e-09,2,1
13233,25910,1.0,2.7362840818889926e-09,2,1
13096,25722,1.0,2.7362840818889926e-09,2,1
13234,23524,1.0,2.7362840818889926e-09,4,1
9037,20784,1.0,8.208852245666977e-09,3,1
13092,25719,1.0,2.7362840818889926e-09,2,1
13181,25830,1.0,2.7362840818889926e-09,2,1
13210,25877,1.0,2.7362840818889926e-09,2,1
14063,14176,1.0,4.104426122833489e-09,5,1
13232,25909,1.0,2.7362840818889926e-09,2,1
13158,25805,1.0,2.7362840818889926e-09,2,1
6917,18464,1.0,2.7362840818889926e-09,2,1
14089,27008,1.0,2.7362840818889926e-09,2,1
14060,15706,1.0,1.302602935948832e-06,6,1
13193,25849,1.0,2.7362840818889926e-09,2,1
14093,27013,1.0,5.472568163777985e-09,3,1
8969,20691,1.0,2.7362840818889926e-09,2,1
8917,9248,1.0,4.104426122833489e-09,5,1
14107,27025,1.0,2.7362840818889926e-09,2,1
11828,13146,-1.0,5.472568163777985e-09,3,1
9047,20790,1.0,5.7461965719668845e-08,3,1
13101,25731,1.0,2.7362840818889926e-09,2,1
13190,25843,1.0,2.7362840818889926e-09,2,1
13086,25714,1.0,2.7362840818889926e-09,2,1
8947,20668,1.0,1.094513632755597e-08,3,1
13102,25199,1.0,5.472568163777985e-09,3,1
13145,25783,1.0,2.7362840818889926e-09,2,1
13084,25713,1.0,2.7362840818889926e-09,2,1
13088,25715,1.0,2.7362840818889926e-09,2,1
13127,25759,1.0,2.7362840818889926e-09,2,1
8020,19644,1.0,2.7362840818889926e-09,2,1
13157,25804,1.0,2.7362840818889926e-09,2,1
7689,7996,-1.0,1.3681420409444964e-08,4,1
13209,25872,1.0,2.7362840818889926e-09,2,1
7054,18609,1.0,2.7362840818889926e-09,2,1
9007,20743,1.0,2.7362840818889926e-09,2,1
14071,26994,1.0,1.6417704491333955e-08,3,1
13153,25795,1.0,8.208852245666977e-09,3,1
13089,25716,1.0,2.7362840818889926e-09,2,1
14066,21092,1.0,2.7362840818889926e-09,4,1
13179,25826,1.0,2.7362840818889926e-09,2,1
9005,20740,1.0,2.7362840818889926e-09,4,1
13147,25784,1.0,2.7362840818889926e-09,2,1
10584,14078,-1.0,1.094513632755597e-08,5,1
13231,23946,1.0,8.208852245666977e-09,3,1
13238,25917,1.0,5.472568163777985e-09,3,1
13178,25825,1.0,2.7362840818889926e-09,2,1
13095,25721,1.0,2.7362840818889926e-09,2,1
3470,6974,-1.0,1.6417704491333955e-08,6,1
11150,14077,-1.0,5.472568163777985e-09,3,1
11857,13170,-1.0,5.472568163777985e-09,5,1
8986,12934,1.0,6.019824980155784e-08,4,1
6896,18434,1.0,2.7362840818889926e-09,2,1
7073,18626,1.0,2.7362840818889926e-09,2,1
9058,20801,1.0,2.7362840818889926e-09,2,1
13115,25745,1.0,2.7362840818889926e-09,2,1
8952,20676,1.0,8.208852245666977e-09,4,1
6978,18537,1.0,2.7362840818889926e-09,2,1
8911,20629,1.0,2.7362840818889926e-09,2,1
8955,20681,1.0,2.7362840818889926e-09,2,1
8030,19651,1.0,2.7362840818889926e-09,2,1
13201,25858,1.0,2.7362840818889926e-09,2,1
13114,25744,1.0,2.7362840818889926e-09,2,1
8882,20588,1.0,2.7362840818889926e-09,2,1
8011,19639,1.0,2.7362840818889926e-09,2,1
13065,25686,1.0,2.7362840818889926e-09,2,1
6942,18490,1.0,2.7362840818889926e-09,2,1
14075,27001,1.0,2.7362840818889926e-09,2,1
7045,18594,1.0,2.7362840818889926e-09,2,1
8909,20626,1.0,2.7362840818889926e-09,2,1
14086,27007,1.0,2.7362840818889926e-09,2,1
13197,25854,1.0,2.7362840818889926e-09,2,1
13152,25793,1.0,2.7362840818889926e-09,2,1
13199,25856,1.0,2.7362840818889926e-09,2,1
8908,20625,1.0,2.7362840818889926e-09,2,1
1574,14452,1.0,2.7362840818889926e-09,2,1
9976,13168,-1.0,5.472568163777985e-09,3,1
8991,20718,1.0,2.7362840818889926e-09,2,1
8954,11402,1.0,3.283540898266791e-08,4,1
6968,18531,1.0,2.7362840818889926e-09,2,1
12982,13063,-1.0,5.472568163777985e-09,3,1
8937,20659,1.0,2.7362840818889926e-09,2,1
13198,25855,1.0,2.7362840818889926e-09,2,1
8076,10744,1.0,8.208852245666977e-09,3,1
8951,20675,1.0,2.7362840818889926e-09,2,1
7041,18590,1.0,2.7362840818889926e-09,2,1
13217,25888,1.0,2.7362840818889926e-09,2,1
8879,20585,1.0,5.472568163777985e-09,3,1
8032,19654,1.0,2.7362840818889926e-09,2,1
8952,14114,-1.0,8.208852245666977e-09,4,1
13144,25780,1.0,2.7362840818889926e-09,2,1
13062,24651,1.0,5.472568163777985e-09,5,1
6960,18511,1.0,8.208852245666977e-09,3,1
6716,6940,-1.0,2.731567082223563e-06,4,1
9064,20807,1.0,2.7362840818889926e-09,2,1
13156,25800,1.0,2.7362840818889926e-09,2,1
6902,18449,1.0,5.472568163777985e-09,3,1
8081,19698,1.0,2.7362840818889926e-09,2,1
9017,20759,1.0,2.7362840818889926e-09,2,1
13133,25765,1.0,2.7362840818889926e-09,2,1
13215,25883,1.0,5.472568163777985e-09,3,1
7072,18625,1.0,5.472568163777985e-09,3,1
13069,25689,1.0,2.7362840818889926e-09,2,1
8996,20725,1.0,5.472568163777985e-09,3,1
6889,18422,1.0,2.7362840818889926e-09,2,1
8900,11872,1.0,5.472568163777985e-09,6,1
7535,7980,-1.0,4.560473469814987e-09,6,1
13187,25835,1.0,2.7362840818889926e-09,2,1
1519,14430,1.0,5.472568163777985e-09,3,1
5833,6888,-1.0,5.472568163777985e-09,4,1
8998,20727,1.0,2.7362840818889926e-09,2,1
6904,18450,1.0,2.7362840818889926e-09,2,1
8084,19703,1.0,2.7362840818889926e-09,2,1
9011,20749,1.0,2.7362840818889926e-09,2,1
8090,11358,1.0,5.472568163777985e-09,3,1
9052,17688,1.0,1.778584653227845e-08,5,1
13223,25900,1.0,5.472568163777985e-09,3,1
7065,18617,1.0,2.7362840818889926e-09,2,1
13070,25690,1.0,2.7362840818889926e-09,2,1
13204,25861,1.0,2.7362840818889926e-09,2,1
8931,20654,1.0,2.189027265511194e-08,3,1
7987,19620,1.0,2.7362840818889926e-09,2,1
13216,25885,1.0,2.7362840818889926e-09,2,1
6969,18532,1.0,2.7362840818889926e-09,2,1
6398,14084,-1.0,1.094513632755597e-08,4,1
7968,19606,1.0,2.7362840818889926e-09,2,1
7067,18620,1.0,3.55716930645569e-08,4,1
13066,25688,1.0,2.7362840818889926e-09,2,1
9054,20797,1.0,2.7362840818889926e-09,2,1
13111,25742,1.0,8.208852245666977e-09,3,1
6958,18509,1.0,2.7362840818889926e-09,2,1
13061,25680,1.0,2.7362840818889926e-09,2,1
13134,25769,1.0,2.7362840818889926e-09,2,1
13220,25892,1.0,2.7362840818889926e-09,2,1
13169,25817,1.0,1.094513632755597e-08,4,1
6996,12780,1.0,8.208852245666977e-09,4,1
7105,18659,1.0,4.104426122833489e-08,3,1
8972,20696,1.0,2.7362840818889926e-09,2,1
7010,18571,1.0,2.7362840818889926e-09,2,1
6952,7760,1.0,5.472568163777985e-09,5,1
6890,18425,1.0,2.7362840818889926e-09,2,1
13155,25799,1.0,2.7362840818889926e-09,2,1
13188,25837,1.0,2.7362840818889926e-09,2,1
8994,20722,1.0,2.7362840818889926e-09,2,1
6900,18446,1.0,2.7362840818889926e-09,2,1
8877,15725,1.0,2.7362840818889926e-09,4,1
6957,10701,1.0,5.472568163777985e-09,3,1
372,11068,-0.9824671258609894,0.00025091662071560766,92,0
372,11068,-0.9824671258609894,0.00025091662071560766,92,0
306,13072,-0.9731182795698924,0.00017218039269896682,23,0
306,13072,-0.9731182795698924,0.00017218039269896682,23,0
1396,9043,-0.9707750952986024,0.00029479519533492183,40,0
1396,9043,-0.9707750952986024,0.00029479519533492183,40,0
2195,9935,-0.9429347826086956,0.00010519126220864529,29,0
2195,9935,-0.9429347826086956,0.00010519126220864529,29,0
4755,12164,-0.9375,0.0003123976444810424,27,0
4755,12164,-0.9375,0.0003123976444810424,27,0
683,14198,0.9328859060402684,5.472568163777985e-09,3,1
5406,12023,-0.922077922077922,0.0001239147518888451,28,0
5406,12023,-0.922077922077922,0.0001239147518888451,28,0
2472,7592,-0.9033816425120772,0.00022364454949260436,23,0
2472,7592,-0.9033816425120772,0.00022364454949260436,23,0
1000,14258,0.8974358974358975,1.094513632755597e-08,4,1
904,14242,0.896,5.472568163777985e-09,3,1
1018,11800,-0.8956521739130435,4.104426122833489e-09,6,1
1018,11800,-0.8956521739130435,4.104426122833489e-09,6,1
1366,14377,0.8924731182795699,8.208852245666977e-09,3,1
1427,1711,0.8876404494382022,4.104426122833489e-09,6,1
1427,1711,0.8876404494382022,4.104426122833489e-09,6,1
3012,13507,-0.8809523809523809,1.6417704491333955e-08,6,1
3012,13507,-0.8809523809523809,1.6417704491333955e-08,6,1
1634,13588,0.8765432098765432,1.6417704491333955e-08,4,1
1476,14416,0.875,5.472568163777985e-09,3,1
1866,14562,0.8666666666666667,5.472568163777985e-09,6,1
1586,9460,-0.8571428571428572,4.104426122833489e-09,6,1
1586,9460,-0.8571428571428572,4.104426122833489e-09,6,1
2130,6837,-0.8507462686567164,2.7362840818889926e-09,5,1
2130,6837,-0.8507462686567164,2.7362840818889926e-09,5,1
2130,14673,0.8507462686567164,5.472568163777985e-09,4,1
2226,14724,0.8461538461538461,5.472568163777985e-09,3,1
2382,10930,0.8387096774193549,1.6417704491333955e-08,5,1
2165,14688,0.8382352941176471,5.472568163777985e-09,3,1
110,14120,0.8313856427378965,5.472568163777985e-09,3,1
2527,14893,0.8305084745762712,5.472568163777985e-09,3,1
3898,13732,-0.8214285714285714,4.104426122833489e-09,6,1
3898,13732,-0.8214285714285714,4.104426122833489e-09,6,1
98,648,0.8179155652606981,0.0005861042419791116,48,0
98,648,0.8179155652606981,0.0005861042419791116,48,0
267,2544,-0.8178913738019169,2.7362840818889926e-09,6,1
267,2544,-0.8178913738019169,2.7362840818889926e-09,6,1
1319,2993,-0.8173076923076923,5.472568163777985e-09,6,1
1319,2993,-0.8173076923076923,5.472568163777985e-09,6,1
2569,14906,0.8166666666666667,5.472568163777985e-09,3,1
2173,14696,0.8142857142857143,5.472568163777985e-09,3,1
2945,15129,0.8113207547169812,5.472568163777985e-09,3,1
567,14175,0.8112244897959183,8.208852245666977e-09,4,1
487,2722,-0.8070175438596491,0.00010306956920958107,36,0
2755,15039,0.8035714285714286,1.094513632755597e-08,4,1
3374,15389,0.7916666666666666,1.6417704491333955e-08,3,1
1903,3408,0.7901234567901234,1.094513632755597e-08,4,1
2785,15054,0.7894736842105263,5.472568163777985e-09,3,1
3081,15227,0.7884615384615384,5.472568163777985e-09,3,1
3124,13800,0.7884615384615384,1.6417704491333955e-08,5,1
2066,7935,0.7866666666666666,1.094513632755597e-08,4,1
2833,9037,0.7857142857142857,1.094513632755597e-08,4,1
3554,15509,0.782608695652174,5.472568163777985e-09,3,1
2208,14715,0.7777777777777778,5.472568163777985e-09,3,1
1659,14495,0.7777777777777778,5.472568163777985e-09,3,1
4691,7450,-0.7755102040816326,5.472568163777985e-09,6,1
4691,7450,-0.7755102040816326,5.472568163777985e-09,6,1
1711,14511,0.7752808988764045,8.208852245666977e-09,5,1
14,22,0.7751089973750114,0.0006151587685931445,30,0
14,22,0.7751089973750114,0.0006151587685931445,30,0
2627,14938,0.7741935483870968,1.094513632755597e-08,4,1
556,2083,0.7714285714285715,0.00020349471102477923,27,0
3995,5577,0.7708333333333334,4.104426122833489e-09,6,1
3995,5577,0.7708333333333334,4.104426122833489e-09,6,1
3563,11722,0.7659574468085106,1.094513632755597e-08,6,1
4147,15933,0.7619047619047619,5.472568163777985e-09,3,1
5255,5725,-0.7608695652173914,5.472568163777985e-09,6,1
3767,15666,0.7608695652173914,5.472568163777985e-09,3,1
5255,5725,-0.7608695652173914,5.472568163777985e-09,6,1
687,14201,0.7582417582417582,1.094513632755597e-08,4,1
1262,3233,-0.7573031875866192,0.0001679106931581363,35,0
1262,3233,-0.7573031875866192,0.0001679106931581363,35,0
4280,16037,0.7560975609756098,3.009912490077892e-08,3,1
3821,15699,0.7555555555555555,5.472568163777985e-09,3,1
2372,14799,0.7536231884057971,5.472568163777985e-09,3,1
4008,15828,0.75,1.094513632755597e-08,3,1
405,1032,-0.75,0.00011867048309622309,29,0
1156,14305,0.75,8.208852245666977e-09,3,1
3264,15324,0.75,5.472568163777985e-09,3,1
4365,16115,0.75,5.472568163777985e-09,3,1
3945,6668,-0.7457627118644068,4.104426122833489e-09,6,1
3945,6668,-0.7457627118644068,4.104426122833489e-09,6,1
3115,5979,-0.7454545454545455,2.7362840818889926e-09,5,1
3115,15240,0.7454545454545455,5.472568163777985e-09,4,1
3115,5979,-0.7454545454545455,2.7362840818889926e-09,5,1
4124,15917,0.7441860465116279,5.472568163777985e-09,3,1
4044,12374,0.7441860465116279,1.094513632755597e-08,4,1
4510,11432,-0.7435897435897436,2.7362840818889926e-09,5,1
4510,16231,0.7435897435897436,5.472568163777985e-09,4,1
4603,16312,0.7435897435897436,5.472568163777985e-09,3,1
4510,11432,-0.7435897435897436,2.7362840818889926e-09,5,1
2229,12141,0.7432432432432432,1.094513632755597e-08,4,1
2388,13672,0.7428571428571429,1.094513632755597e-08,4,1
2779,4654,0.7377049180327869,5.472568163777985e-09,6,1
3322,15367,0.7358490566037735,5.472568163777985e-09,3,1
3971,15794,0.7333333333333333,5.472568163777985e-09,3,1
3897,15749,0.7333333333333333,5.472568163777985e-09,3,1
3073,15221,0.7321428571428571,1.915398857322295e-08,4,1
3393,15403,0.7307692307692307,5.472568163777985e-09,3,1
4864,16529,0.7297297297297297,5.472568163777985e-09,3,1
4914,16582,0.7297297297297297,5.472568163777985e-09,3,1
4841,16510,0.7297297297297297,5.472568163777985e-09,3,1
3725,15637,0.7291666666666666,5.472568163777985e-09,3,1
6224,13423,-0.7272727272727273,4.104426122833489e-09,6,1
6224,13423,-0.7272727272727273,4.104426122833489e-09,6,1
4068,15875,0.7272727272727273,5.472568163777985e-09,3,1
2341,14779,0.726027397260274,5.472568163777985e-09,3,1
4538,16258,0.725,1.094513632755597e-08,3,1
2265,14747,0.7236842105263158,1.094513632755597e-08,4,1
3839,15711,0.723404255319149,5.472568163777985e-09,3,1
5144,16779,0.7222222222222222,5.472568163777985e-09,3,1
2518,13928,-0.7205882352941176,5.472568163777985e-09,6,1
2518,14885,0.7205882352941176,1.094513632755597e-08,5,1
2518,13928,-0.7205882352941176,5.472568163777985e-09,6,1
2074,14646,0.7195121951219512,5.472568163777985e-09,3,1
921,4776,-0.717948717948718,0.0012997114726164972,148,0
5296,16911,0.7142857142857143,5.472568163777985e-09,3,1
5239,16860,0.7142857142857143,1.6417704491333955e-08,4,1
5303,16921,0.7142857142857143,5.472568163777985e-09,3,1
4450,16183,0.7142857142857143,5.472568163777985e-09,3,1
5418,17018,0.7142857142857143,8.208852245666977e-09,4,1
5301,16920,0.7142857142857143,5.198939755589086e-08,3,1
4363,16114,0.7142857142857143,5.472568163777985e-09,3,1
3733,15644,0.7142857142857143,5.472568163777985e-09,3,1
434,2733,-0.7129770992366412,0.0002204840707748192,28,0
434,2733,-0.7129770992366412,0.0002204840707748192,28,0
6672,10429,-0.7115384615384616,4.104426122833489e-09,6,1
6672,10429,-0.7115384615384616,4.104426122833489e-09,6,1
4081,15883,0.7111111111111111,5.472568163777985e-09,3,1
4070,7090,-0.7111111111111111,2.7362840818889926e-09,5,1
4070,15876,0.7111111111111111,5.472568163777985e-09,4,1
4070,7090,-0.7111111111111111,2.7362840818889926e-09,5,1
4960,8876,0.7105263157894737,1.094513632755597e-08,5,1
4839,16509,0.7105263157894737,8.208852245666977e-09,3,1
3263,15323,0.7090909090909091,1.4775934042200561e-07,5,1
3263,13870,-0.7090909090909091,3.83079771464459e-08,5,1
3263,13870,-0.7090909090909091,3.83079771464459e-08,5,1
342,397,-0.7084747115883597,0.00019207579527697456,22,0
342,397,-0.7084747115883597,0.00019207579527697456,22,0
3861,15728,0.7083333333333334,2.7362840818889926e-09,4,1
5446,17047,0.7058823529411765,8.208852245666977e-09,4,1
5462,15253,0.7058823529411765,2.7362840818889926e-09,5,1
5530,17125,0.7058823529411765,5.472568163777985e-09,3,1
2940,15127,0.7049180327868853,5.472568163777985e-09,4,1
2940,8100,-0.7049180327868853,2.7362840818889926e-09,5,1
2940,8100,-0.7049180327868853,2.7362840818889926e-09,5,1
2135,7971,0.7037037037037037,2.4626556737000932e-08,5,1
5069,16691,0.7027027027027027,5.472568163777985e-09,3,1
5184,16809,0.7027027027027027,1.094513632755597e-08,4,1
1169,1635,-0.7022900763358779,2.7362840818889926e-09,6,1
1169,1635,-0.7022900763358779,2.7362840818889926e-09,6,1
2969,8162,-0.7,2.7362840818889926e-09,5,1
2969,15151,0.7,5.472568163777985e-09,4,1
4736,16429,0.7,5.472568163777985e-09,3,1
2969,8162,-0.7,2.7362840818889926e-09,5,1
69,4320,-0.6986147186147187,0.0005184227928145936,46,0
69,4320,-0.6986147186147187,0.0005184227928145936,46,0
3460,15448,0.6981132075471698,5.472568163777985e-09,3,1
3046,4389,0.6976744186046512,2.7362840818889926e-09,5,1
4389,16133,0.6976744186046512,5.472568163777985e-09,4,1
3046,4389,0.6976744186046512,2.7362840818889926e-09,5,1
5789,17374,0.696969696969697,5.472568163777985e-09,3,1
4470,6539,-0.6956521739130435,4.104426122833489e-09,6,1
4470,6539,-0.6956521739130435,4.104426122833489e-09,6,1
2507,14875,0.6944444444444444,5.472568163777985e-09,3,1
1544,14436,0.6944444444444444,5.472568163777985e-09,3,1
5422,17027,0.6944444444444444,1.094513632755597e-08,4,1
2917,15120,0.6935483870967742,5.472568163777985e-09,3,1
4976,16631,0.6923076923076923,3.009912490077892e-08,3,1
4845,9052,0.6923076923076923,2.7362840818889927e-08,5,1
1320,4619,-0.6904761904761905,0.00010073903475882512,46,0
2407,14821,0.6891891891891891,5.472568163777985e-09,3,1
3141,5969,-0.6875,3.283540898266791e-08,4,1
6116,17695,0.6875,5.472568163777985e-09,3,1
5580,8343,0.6857142857142857,1.2550700749569047e-06,6,1
5471,17069,0.6857142857142857,5.472568163777985e-09,3,1
5484,17082,0.6857142857142857,5.472568163777985e-09,3,1
3310,15359,0.6842105263157895,3.283540898266791e-08,4,1
5119,9433,-0.6842105263157895,2.7362840818889926e-09,5,1
5119,9433,-0.6842105263157895,2.7362840818889926e-09,5,1
5119,16754,0.6842105263157895,5.472568163777985e-09,4,1
443,2873,0.6825396825396826,4.104426122833489e-09,5,1
2873,7791,0.6825396825396826,1.094513632755597e-08,5,1
443,2873,0.6825396825396826,4.104426122833489e-09,5,1
4137,15925,0.6808510638297872,5.472568163777985e-09,3,1
3611,15549,0.6792452830188679,1.6417704491333955e-08,5,1
6436,17974,0.6774193548387096,5.472568163777985e-09,3,1
6255,17812,0.6774193548387096,5.472568163777985e-09,3,1
2518,6227,-0.6774193548387096,1.6417704491333955e-08,6,1
1246,13417,-0.676923076923077,2.7362840818889926e-09,6,1
1246,13417,-0.676923076923077,2.7362840818889926e-09,6,1
5766,10437,0.6764705882352942,5.472568163777985e-09,5,1
1181,14314,0.6764705882352942,1.094513632755597e-08,5,1
5875,17464,0.6764705882352942,1.3681420409444964e-08,4,1
5348,16967,0.6756756756756757,5.472568163777985e-09,3,1
4832,16502,0.675,8.208852245666977e-09,3,1
4935,13908,0.675,1.094513632755597e-08,4,1
4843,16514,0.675,1.094513632755597e-08,4,1
4024,7691,-0.6734693877551021,2.7362840818889926e-09,5,1
4024,7691,-0.6734693877551021,2.7362840818889926e-09,5,1
3911,15756,0.673469387755102,5.472568163777985e-09,3,1
4024,15839,0.673469387755102,5.472568163777985e-09,4,1
3656,15581,0.6730769230769231,5.472568163777985e-09,3,1
3458,7735,0.6727272727272727,2.7362840818889926e-09,4,1
2930,15123,0.671875,5.472568163777985e-09,3,1
6071,12536,-0.6666666666666667,2.7362840818889926e-09,5,1
6071,12536,-0.6666666666666667,2.7362840818889926e-09,5,1
6050,17626,0.6666666666666666,5.472568163777985e-09,3,1
3807,15692,0.6666666666666666,8.208852245666977e-09,3,1
6757,18292,0.6666666666666666,5.472568163777985e-09,3,1
706,4368,-0.6666666666666666,0.00014810906797748573,22,0
6698,18220,0.6666666666666666,5.472568163777985e-09,3,1
6721,18249,0.6666666666666666,5.472568163777985e-09,3,1
4335,16091,0.6666666666666666,5.472568163777985e-09,3,1
6071,17656,0.6666666666666666,5.472568163777985e-09,4,1
5993,17566,0.6666666666666666,5.472568163777985e-09,3,1
6065,17652,0.6666666666666666,5.472568163777985e-09,3,1
5075,16034,0.6666666666666666,4.012967138201194e-06,6,1
5968,17544,0.6666666666666666,5.472568163777985e-09,3,1
1802,2174,0.6640705128205128,0.00014234145558287707,41,0
1802,2174,0.6640705128205128,0.00014234145558287707,41,0
80,5302,-0.6635603104113399,0.00016640883695477583,100,0
80,5302,-0.6635603104113399,0.00016640883695477583,100,0
2910,15117,0.6615384615384615,5.472568163777985e-09,3,1
3994,15816,0.66,5.472568163777985e-09,4,1
3994,9233,-0.6599999999999999,2.7362840818889926e-09,5,1
3994,9233,-0.6599999999999999,2.7362840818889926e-09,5,1
4310,16063,0.6595744680851063,5.472568163777985e-09,3,1
5758,17355,0.6571428571428571,1.3681420409444964e-08,3,1
6252,17809,0.65625,1.6417704491333955e-08,4,1
6343,17882,0.65625,5.472568163777985e-09,3,1
545,6452,-0.65625,0.0001024606377062584,34,0
7176,17351,0.6551724137931034,2.7362840818889926e-09,4,1
3357,15377,0.6551724137931034,8.208852245666977e-09,3,1
6938,18483,0.6551724137931034,5.472568163777985e-09,3,1
6956,18508,0.6551724137931034,5.472568163777985e-09,3,1
7048,18603,0.6551724137931034,5.472568163777985e-09,3,1
6891,18427,0.6551724137931034,5.472568163777985e-09,3,1
1320,1882,-0.6530612244897959,0.00010073903475882512,46,0
2941,8947,0.6515151515151515,1.6417704491333955e-08,5,1
5130,16767,0.65,8.208852245666977e-09,3,1
5594,9005,0.6486486486486487,2.7362840818889926e-09,4,1
1856,5549,0.6486486486486487,2.7362840818889926e-09,5,1
5581,11081,0.6486486486486487,3.283540898266791e-08,5,1
1856,5549,0.6486486486486487,2.7362840818889926e-09,5,1
5549,17138,0.6486486486486487,5.472568163777985e-09,4,1
6145,17726,0.6470588235294118,4.104426122833489e-09,5,1
5955,6782,0.6470588235294118,2.7362840818889926e-09,4,1
3912,5964,-0.6470588235294117,2.7362840818889926e-09,6,1
3912,5964,-0.6470588235294117,2.7362840818889926e-09,6,1
3010,15184,0.6461538461538462,2.7362840818889926e-09,5,1
6581,18109,0.6451612903225806,5.472568163777985e-09,3,1
6849,18375,0.6451612903225806,5.472568163777985e-09,3,1
6874,18404,0.6451612903225806,5.472568163777985e-09,3,1
7472,19041,0.6428571428571429,5.472568163777985e-09,3,1
7451,19023,0.6428571428571429,5.472568163777985e-09,3,1
7357,18929,0.6428571428571429,5.472568163777985e-09,3,1
7589,19154,0.6428571428571429,5.472568163777985e-09,4,1
7364,18935,0.6428571428571429,5.472568163777985e-09,3,1
7589,8794,-0.6428571428571428,2.7362840818889926e-09,5,1
4949,6729,-0.6428571428571428,4.104426122833489e-09,6,1
7589,8794,-0.6428571428571428,2.7362840818889926e-09,5,1
4949,6729,-0.6428571428571428,4.104426122833489e-09,6,1
1999,8877,0.6421052631578947,2.7362840818889926e-09,4,1
5399,17000,0.6410256410256411,5.472568163777985e-09,3,1
3062,15213,0.640625,8.208852245666977e-09,4,1
5856,17445,0.6388888888888888,5.472568163777985e-09,3,1
5747,8301,0.6388888888888888,1.094513632755597e-08,6,1
5785,17372,0.6388888888888888,1.6417704491333955e-08,4,1
5724,17318,0.6388888888888888,8.208852245666977e-09,4,1
6286,17837,0.6363636363636364,8.208852245666977e-09,3,1
177,6248,-0.6363636363636364,8.254786948349698e-05,30,0
6468,18005,0.6363636363636364,5.472568163777985e-09,3,1
5057,16683,0.6341463414634146,5.472568163777985e-09,3,1
5011,16652,0.6341463414634146,2.189027265511194e-08,5,1
1616,5017,-0.6341463414634146,0.00021806095765111112,39,0
6991,8924,-0.6333333333333333,2.7362840818889926e-09,5,1
7059,18614,0.6333333333333333,5.472568163777985e-09,3,1
6991,18553,0.6333333333333333,5.472568163777985e-09,4,1
7210,13925,0.6333333333333333,7.66159542928918e-08,5,1
6991,8924,-0.6333333333333333,2.7362840818889926e-09,5,1
7169,18712,0.6333333333333333,5.472568163777985e-09,3,1
7501,10780,-0.6326530612244898,4.104426122833489e-09,6,1
7501,10780,-0.6326530612244898,4.104426122833489e-09,6,1
7780,19392,0.6296296296296297,5.472568163777985e-09,3,1
7717,19329,0.6296296296296297,5.472568163777985e-09,3,1
7992,19624,0.6296296296296297,5.472568163777985e-09,3,1
2435,14837,0.6296296296296297,1.915398857322295e-08,6,1
6030,17611,0.6285714285714286,5.472568163777985e-09,3,1
8259,10500,0.6285714285714286,4.104426122833489e-09,6,1
8259,10500,0.6285714285714286,4.104426122833489e-09,6,1
4818,16498,0.627906976744186,5.472568163777985e-09,3,1
8956,12255,-0.625,4.104426122833489e-09,6,1
3218,15293,0.625,5.472568163777985e-09,3,1
5268,5805,-0.625,1.6417704491333955e-08,6,1
5268,11668,0.625,2.7362840818889927e-08,5,1
5805,6642,-0.625,3.283540898266791e-08,6,1
5268,5805,-0.625,1.6417704491333955e-08,6,1
8956,12255,-0.625,4.104426122833489e-09,6,1
4749,11742,0.6222222222222222,7.387967021100281e-08,6,1
5829,17422,0.6216216216216216,5.472568163777985e-09,3,1
5801,17389,0.6216216216216216,5.472568163777985e-09,3,1
5872,13934,0.6216216216216216,2.7362840818889926e-09,6,1
2280,14756,0.6206896551724138,3.283540898266791e-08,4,1
7547,19119,0.6206896551724138,5.472568163777985e-09,3,1
7296,18844,0.6206896551724138,8.208852245666977e-09,3,1
7275,18816,0.6206896551724138,5.472568163777985e-09,3,1
7338,18902,0.6206896551724138,5.472568163777985e-09,3,1
7324,13756,0.6206896551724138,2.7362840818889926e-09,6,1
4188,15970,0.62,5.472568163777985e-09,3,1
5050,16676,0.6190476190476191,1.094513632755597e-08,4,1
5118,16753,0.6190476190476191,8.208852245666977e-09,5,1
5118,7830,-0.6190476190476191,4.104426122833489e-09,6,1
5094,16716,0.6190476190476191,5.472568163777985e-09,5,1
5118,7830,-0.6190476190476191,4.104426122833489e-09,6,1
3791,15680,0.6181818181818182,5.472568163777985e-09,4,1
3890,15359,0.6181818181818182,4.104426122833489e-08,6,1
3791,9205,-0.6181818181818182,2.7362840818889926e-09,5,1
3791,9205,-0.6181818181818182,2.7362840818889926e-09,5,1
6315,16130,0.6176470588235294,5.472568163777985e-09,5,1
2311,14764,0.6162790697674418,8.208852245666977e-09,4,1
8524,20192,0.6153846153846154,5.472568163777985e-09,3,1
8556,20219,0.6153846153846154,5.472568163777985e-09,3,1
8154,19775,0.6153846153846154,1.094513632755597e-08,3,1
8184,19814,0.6153846153846154,1.094513632755597e-08,5,1
8406,20082,0.6153846153846154,5.472568163777985e-09,3,1
8628,18811,0.6153846153846154,1.094513632755597e-08,4,1
8227,19867,0.6153846153846154,5.472568163777985e-09,3,1
8677,12623,0.6153846153846154,1.6417704491333955e-08,4,1
5578,17165,0.6153846153846154,5.472568163777985e-09,3,1
2946,15130,0.6142857142857143,2.7362840818889926e-09,5,1
4902,12169,-0.6136363636363636,2.7362840818889926e-09,5,1
4955,16609,0.6136363636363636,5.472568163777985e-09,3,1
4902,12169,-0.6136363636363636,2.7362840818889926e-09,5,1
4902,16571,0.6136363636363636,5.472568163777985e-09,4,1
6899,15234,0.6129032258064516,2.7362840818889926e-09,5,1
7225,14722,0.6129032258064516,2.7362840818889926e-09,5,1
7108,18661,0.6129032258064516,2.4626556737000932e-08,5,1
7076,18628,0.6129032258064516,5.472568163777985e-09,3,1
7198,18735,0.6129032258064516,5.472568163777985e-09,3,1
4029,6161,0.6111111111111112,3.283540898266791e-08,4,1
957,1065,0.6106994665085952,0.0004005635838961316,84,0
957,1065,0.6106994665085952,0.0004005635838961316,84,0
3640,15573,0.6101694915254238,5.472568163777985e-09,3,1
5243,16862,0.6097560975609756,5.472568163777985e-09,3,1
3291,15342,0.609375,5.472568163777985e-09,3,1
4704,16401,0.6086956521739131,5.472568163777985e-09,4,1
4704,11580,-0.6086956521739131,2.7362840818889926e-09,5,1
4704,11580,-0.6086956521739131,2.7362840818889926e-09,5,1
777,7860,-0.6071428571428571,0.00010073903475882512,27,0
7986,19619,0.6071428571428571,5.472568163777985e-09,3,1
7958,19599,0.6071428571428571,5.472568163777985e-09,3,1
7792,19403,0.6071428571428571,5.472568163777985e-09,3,1
7913,19539,0.6071428571428571,5.472568163777985e-09,3,1
3845,15718,0.6071428571428571,5.472568163777985e-09,3,1
6634,8028,-0.6071428571428571,6.019824980155784e-08,4,1
7977,11192,0.6071428571428571,9.355392647952551e-07,5,1
7879,8276,0.6071428571428571,8.208852245666977e-09,4,1
3495,13407,0.6065573770491803,2.7362840818889927e-08,6,1
6582,6585,-0.6060606060606061,3.283540898266792e-09,6,1
2516,14883,0.6049382716049383,3.55716930645569e-08,4,1
1443,14403,0.6046511627906976,1.094513632755597e-08,5,1
4077,15882,0.6037735849056604,8.208852245666977e-09,4,1
3398,15406,0.6031746031746031,5.472568163777985e-09,3,1
3056,15209,0.6029411764705882,1.6417704491333955e-08,5,1
246,1281,0.6009591411726748,0.00042779202150456606,23,0
246,1281,0.6009591411726748,0.00042779202150456606,23,0
5546,6906,-0.6,4.104426122833489e-09,6,1
7087,8997,0.6,2.7362840818889926e-09,5,1
4834,16504,0.6,8.208852245666977e-09,3,1
5546,6906,-0.6,4.104426122833489e-09,6,1
8997,20726,0.6,5.472568163777985e-09,4,1
2763,15043,0.6,2.4626556737000932e-08,4,1
8965,20689,0.6,5.472568163777985e-09,3,1
7304,16813,0.6,5.472568163777985e-09,5,1
8822,20525,0.6,5.472568163777985e-09,3,1
8983,12090,0.6,2.7362840818889926e-09,6,1
6423,16038,0.6,5.472568163777985e-09,5,1
8881,20587,0.6,5.472568163777985e-09,3,1
8982,20711,0.6,5.472568163777985e-09,3,1
7087,8997,0.6,2.7362840818889926e-09,5,1
7339,18903,0.6,5.472568163777985e-09,3,1
9073,20814,0.6,1.6417704491333955e-08,4,1
2719,15013,0.5974025974025974,1.094513632755597e-08,6,1
1748,2932,-0.5972222222222222,2.7362840818889926e-09,5,1
4204,15984,0.5961538461538461,1.094513632755597e-08,4,1
4306,16061,0.5961538461538461,5.472568163777985e-09,3,1
5294,16908,0.5952380952380952,5.472568163777985e-09,3,1
6069,17655,0.5945945945945946,5.472568163777985e-09,3,1
6175,10000,0.5945945945945946,1.6417704491333955e-08,5,1
5954,17533,0.5945945945945946,5.472568163777985e-09,3,1
3358,15379,0.59375,5.472568163777985e-09,3,1
6921,10738,0.59375,5.472568163777985e-09,6,1
7193,14551,0.59375,6.567081796533582e-08,5,1
3701,15614,0.5932203389830508,8.208852245666977e-09,4,1
2043,4080,-0.5925925925925926,2.7362840818889926e-09,5,1
8278,19943,0.5925925925925926,1.6417704491333955e-08,3,1
8181,8384,0.5925925925925926,1.094513632755597e-08,4,1
8619,20291,0.5925925925925926,5.472568163777985e-09,3,1
8353,20019,0.5925925925925926,5.472568163777985e-09,3,1
8298,19963,0.5925925925925926,5.472568163777985e-09,3,1
8546,20213,0.5925925925925926,5.472568163777985e-09,3,1
2000,12269,0.5922330097087378,2.7362840818889926e-09,4,1
3044,15200,0.5915492957746479,5.472568163777985e-09,3,1
5095,16717,0.5909090909090909,5.472568163777985e-09,3,1
3879,8461,0.5897435897435898,4.104426122833489e-09,6,1
3879,8461,0.5897435897435898,4.104426122833489e-09,6,1
69,8973,-0.5896103896103896,0.000593901423277778,45,0
69,8973,-0.5896103896103896,0.000593901423277778,45,0
3934,15771,0.5892857142857143,8.208852245666977e-09,3,1
1495,14425,0.5891472868217055,1.3681420409444964e-08,6,1
2934,12216,0.589041095890411,1.6417704491333955e-08,5,1
8033,11631,0.5862068965517241,1.094513632755597e-08,4,1
8107,19732,0.5862068965517241,5.472568163777985e-09,3,1
8133,19757,0.5862068965517241,5.472568163777985e-09,3,1
7841,11218,0.5862068965517241,0.00039317424394517774,26,0
7714,19327,0.5862068965517241,5.472568163777985e-09,3,1
7687,19300,0.5862068965517241,5.472568163777985e-09,3,1
6305,17853,0.5833333333333334,5.472568163777985e-09,3,1
9359,21150,0.5833333333333334,5.472568163777985e-09,3,1
9599,21437,0.5833333333333334,2.189027265511194e-08,3,1
9358,21148,0.5833333333333334,5.472568163777985e-09,3,1
9522,21353,0.5833333333333334,5.472568163777985e-09,3,1
9437,21264,0.5833333333333334,5.472568163777985e-09,3,1
9593,21434,0.5833333333333334,1.094513632755597e-08,4,1
5364,16981,0.5813953488372093,5.472568163777985e-09,3,1
7277,18821,0.5806451612903226,5.472568163777985e-09,3,1
7627,19199,0.5806451612903226,8.208852245666977e-09,4,1
4522,16240,0.58,8.208852245666977e-09,3,1
6106,17690,0.5789473684210527,5.472568163777985e-09,3,1
8280,13125,-0.5789473684210527,4.104426122833489e-09,6,1
2820,15074,0.5789473684210527,5.472568163777985e-09,3,1
8280,13125,-0.5789473684210527,4.104426122833489e-09,6,1
1582,5504,-0.5786670648549102,0.00016024697306055705,29,0
1582,5504,-0.5786670648549102,0.00016024697306055705,29,0
2626,9789,0.5783132530120482,2.7362840818889927e-08,6,1
8999,20728,0.5769230769230769,7.11433861291138e-08,4,1
9035,20783,0.5769230769230769,5.472568163777985e-09,3,1
8923,20640,0.5769230769230769,5.472568163777985e-09,3,1
8740,20429,0.5769230769230769,5.472568163777985e-09,3,1
8868,9268,0.5769230769230769,2.7362840818889926e-09,5,1
8868,9268,0.5769230769230769,2.7362840818889926e-09,5,1
8730,20418,0.5769230769230769,5.472568163777985e-09,3,1
8773,20460,0.5769230769230769,5.472568163777985e-09,3,1
9290,21043,0.5769230769230769,5.472568163777985e-09,3,1
9268,21016,0.5769230769230769,5.472568163777985e-09,4,1
8978,20702,0.5769230769230769,2.7362840818889926e-09,4,1
944,9072,-0.5769230769230769,0.00014440735596157216,30,0
9048,20791,0.5769230769230769,5.472568163777985e-09,3,1
3863,15729,0.576271186440678,1.094513632755597e-08,4,1
921,1263,-0.5761589403973509,0.0008667477422175398,157,0
5845,17438,0.575,3.64837877585199e-09,6,1
5239,5849,-0.575,3.283540898266791e-08,5,1
4270,16030,0.5740740740740741,1.3681420409444964e-08,5,1
3737,15645,0.5737704918032787,5.472568163777985e-09,3,1
453,8322,-0.5715047077633683,0.00013641920491209888,28,0
453,8322,-0.5715047077633683,0.00013641920491209888,28,0
8485,20144,0.5714285714285714,5.472568163777985e-09,3,1
8589,20256,0.5714285714285714,5.472568163777985e-09,3,1
6713,18239,0.5714285714285714,5.472568163777985e-09,3,1
4691,6871,0.5714285714285714,1.6417704491333955e-08,6,1
2332,14774,0.5698924731182796,1.5789168466901327e-06,6,1
3084,15228,0.5694444444444444,5.472568163777985e-09,3,1
3123,15244,0.5694444444444444,5.472568163777985e-09,5,1
6519,18055,0.5675675675675675,5.472568163777985e-09,4,1
5643,6519,0.5675675675675675,2.7362840818889926e-09,5,1
6483,18018,0.5675675675675675,5.472568163777985e-09,3,1
5643,6519,0.5675675675675675,2.7362840818889926e-09,5,1
6463,17998,0.5675675675675675,5.472568163777985e-09,3,1
183,2671,-0.5669002607561929,0.001205914358883837,55,0
183,2671,-0.5669002607561929,0.001205914358883837,55,0
7692,19304,0.5666666666666667,3.009912490077892e-08,4,1
7895,19519,0.5666666666666667,3.009912490077892e-08,4,1
7743,19353,0.5666666666666667,5.472568163777985e-09,3,1
7930,19561,0.5666666666666667,5.472568163777985e-09,3,1
7739,19350,0.5666666666666667,5.472568163777985e-09,3,1
1384,11489,-0.5655172413793104,4.104426122833489e-09,6,1
1384,11489,-0.5655172413793104,4.104426122833489e-09,6,1
10356,20868,0.5652173913043478,2.189027265511194e-08,4,1
3301,15353,0.5652173913043478,1.094513632755597e-08,5,1
9826,21730,0.5652173913043478,5.472568163777985e-09,3,1
9875,21798,0.5652173913043478,5.472568163777985e-09,3,1
9895,20175,0.5652173913043478,1.094513632755597e-08,4,1
9887,21811,0.5652173913043478,5.472568163777985e-09,3,1
10204,18513,0.5652173913043478,2.7362840818889926e-09,5,1
10375,12808,0.5652173913043478,1.094513632755597e-08,4,1
10008,21941,0.5652173913043478,1.915398857322295e-08,4,1
10377,22421,0.5652173913043478,5.472568163777985e-09,3,1
10110,22069,0.5652173913043478,5.472568163777985e-09,3,1
9755,21636,0.5652173913043478,5.472568163777985e-09,3,1
9833,21734,0.5652173913043478,6.840710204722482e-09,6,1
1773,10484,-0.5652173913043478,9.24109125815781e-05,51,0
10483,22549,0.5652173913043478,5.472568163777985e-09,3,1
10195,22172,0.5652173913043478,1.094513632755597e-08,3,1
1000,4293,-0.5636363636363636,1.6417704491333955e-08,5,1
4324,16076,0.5636363636363636,5.472568163777985e-09,5,1
4980,16634,0.5625,5.472568163777985e-09,3,1
7563,12346,0.5625,5.7461965719668845e-08,5,1
2697,14998,0.5609756097560976,1.094513632755597e-08,5,1
9581,21424,0.56,5.472568163777985e-09,3,1
9510,13719,-0.56,2.7362840818889926e-09,5,1
6532,9666,0.56,4.104426122833489e-09,5,1
9609,21449,0.56,1.3681420409444964e-08,3,1
9451,21278,0.56,5.472568163777985e-09,5,1
6532,9666,0.56,4.104426122833489e-09,5,1
9510,13719,-0.56,2.7362840818889926e-09,5,1
9510,21337,0.56,5.472568163777985e-09,4,1
5705,9536,-0.56,1.094513632755597e-08,6,1
9525,21356,0.56,5.472568163777985e-09,3,1
9666,11452,0.56,1.094513632755597e-08,5,1
3945,15778,0.559322033898305,8.208852245666977e-09,5,1
7057,18613,0.5588235294117647,8.208852245666977e-09,4,1
4500,6865,0.5576923076923077,2.7362840818889926e-09,4,1
697,3930,-0.5566160520607375,0.0010942953633208843,31,0
697,3930,-0.5566160520607375,0.0010942953633208843,31,0
9263,21012,0.5555555555555556,5.472568163777985e-09,3,1
5362,16978,0.5555555555555556,8.208852245666977e-09,4,1
3917,5362,0.5555555555555556,5.472568163777985e-09,6,1
3917,5362,0.5555555555555556,5.472568163777985e-09,6,1
9094,20854,0.5555555555555556,4.378054531022388e-08,5,1
8766,20454,0.5555555555555556,5.472568163777985e-09,3,1
6441,17978,0.5526315789473685,5.472568163777985e-09,3,1
8697,20381,0.5517241379310345,1.6417704491333955e-08,4,1
8310,19977,0.5517241379310345,1.094513632755597e-08,4,1
8564,20230,0.5517241379310345,5.472568163777985e-09,3,1
8698,20382,0.5517241379310345,8.208852245666977e-09,4,1
4857,16527,0.5510204081632653,1.094513632755597e-08,5,1
1869,9199,0.5508474576271186,2.7362840818889926e-09,6,1
5951,17531,0.55,5.472568163777985e-09,3,1
1586,14460,0.5488721804511278,8.208852245666977e-09,5,1
8106,19731,0.5483870967741935,3.64837877585199e-09,6,1
1053,5806,-0.5469247170739708,0.00010072808962249759,25,0
1053,5806,-0.5469247170739708,0.00010072808962249759,25,0
11403,22255,0.5454545454545454,5.472568163777985e-09,6,1
11079,17571,0.5454545454545454,1.094513632755597e-08,5,1
10417,11403,0.5454545454545454,1.915398857322295e-08,6,1
7594,11448,-0.5454545454545454,2.7362840818889927e-08,5,1
11055,23253,0.5454545454545454,5.472568163777985e-09,3,1
10554,11525,-0.5454545454545454,1.094513632755597e-08,6,1
10693,22793,0.5454545454545454,8.208852245666977e-09,3,1
11366,23567,0.5454545454545454,5.472568163777985e-09,3,1
11178,23409,0.5454545454545454,5.472568163777985e-09,3,1
11473,23729,0.5454545454545454,5.472568163777985e-09,3,1
11488,23742,0.5454545454545454,1.6417704491333955e-08,4,1
11081,23289,0.5454545454545454,1.6417704491333955e-08,4,1
10554,11525,-0.5454545454545454,1.094513632755597e-08,6,1
6882,11179,-0.5454545454545454,1.6417704491333955e-08,4,1
11167,16857,0.5454545454545454,1.094513632755597e-08,4,1
11316,23516,0.5454545454545454,7.11433861291138e-08,4,1
10612,22686,0.5454545454545454,5.472568163777985e-09,3,1
10417,11403,0.5454545454545454,1.915398857322295e-08,6,1
10867,23026,0.5454545454545454,5.472568163777985e-09,3,1
11501,13699,0.5454545454545454,4.378054531022388e-08,5,1
5657,17249,0.5454545454545454,5.472568163777985e-09,3,1
10964,23163,0.5454545454545454,5.472568163777985e-09,3,1
10707,13827,0.5454545454545454,2.7362840818889926e-09,4,1
10703,22811,0.5454545454545454,8.208852245666977e-09,3,1
5492,17087,0.5454545454545454,1.094513632755597e-08,5,1
10589,11218,0.5454545454545454,0.0003882963955779566,26,0
7274,18815,0.5454545454545454,5.472568163777985e-09,3,1
5255,14055,0.5434782608695652,1.6417704491333955e-08,6,1
5324,16940,0.5434782608695652,2.7362840818889926e-09,5,1
10070,22016,0.5416666666666666,1.3681420409444964e-08,4,1
9661,10084,-0.5416666666666666,1.094513632755597e-08,4,1
10004,21932,0.5416666666666666,5.472568163777985e-09,3,1
9744,21623,0.5416666666666666,5.7461965719668845e-08,4,1
10518,11474,0.5416666666666666,1.094513632755597e-08,6,1
10131,22088,0.5416666666666666,5.472568163777985e-09,3,1
481,9761,-0.5416666666666666,0.0007863987740268779,74,0
7895,10503,-0.5416666666666666,7.387967021100281e-08,6,1
10269,22272,0.5416666666666666,5.472568163777985e-09,3,1
10466,22522,0.5416666666666666,1.094513632755597e-08,4,1
5049,16675,0.5416666666666666,1.6968549812646354e-06,5,1
9986,21909,0.5416666666666666,8.208852245666977e-09,3,1
527,529,0.5407166123778502,0.00010691289702271003,26,0
6866,18398,0.5405405405405406,5.472568163777985e-09,3,1
5705,6725,-0.5405405405405406,1.094513632755597e-08,6,1
6396,17168,0.5384615384615384,5.472568163777985e-09,6,1
9660,21522,0.5384615384615384,5.472568163777985e-09,3,1
9623,21463,0.5384615384615384,5.472568163777985e-09,3,1
6247,9754,0.5384615384615384,1.094513632755597e-08,4,1
6318,17865,0.5384615384615384,9.799122438221732e-08,6,1
6518,18054,0.5384615384615384,2.7362840818889926e-09,4,1
365,3648,-0.5373134328358209,0.0005954251369091004,22,0
1962,13345,-0.5373134328358209,4.104426122833489e-09,6,1
1962,13345,-0.5373134328358209,4.104426122833489e-09,6,1
5996,17572,0.5365853658536586,1.3681420409444964e-08,4,1
8747,20438,0.5357142857142857,8.208852245666977e-09,3,1
8916,13311,0.5357142857142857,1.0945136327555971e-07,5,1
8748,20439,0.5357142857142857,1.6417704491333955e-08,3,1
9006,20741,0.5357142857142857,5.472568163777985e-09,3,1
8968,12017,0.5357142857142857,1.094513632755597e-08,4,1
8654,20328,0.5333333333333333,5.198939755589086e-08,5,1
1867,6372,0.5327868852459017,2.4626556737000932e-08,6,1
4519,13726,-0.532258064516129,4.104426122833489e-09,6,1
4519,13726,-0.532258064516129,4.104426122833489e-09,6,1
5285,16899,0.5319148936170213,8.208852245666977e-09,4,1
7730,19343,0.53125,8.208852245666977e-09,4,1
7785,18918,0.53125,2.7362840818889926e-09,5,1
8116,19739,0.53125,1.3681420409444964e-08,5,1
5183,16807,0.5306122448979592,1.3681420409444964e-08,4,1
5157,16788,0.5306122448979592,8.208852245666977e-09,4,1
5029,16667,0.5306122448979592,3.009912490077892e-08,4,1
5123,11423,0.5306122448979592,2.189027265511194e-08,5,1
7345,18911,0.5294117647058824,5.472568163777985e-09,3,1
7641,19223,0.5294117647058824,5.472568163777985e-09,3,1
7594,19157,0.5294117647058824,1.6417704491333955e-08,4,1
1883,12921,-0.5294117647058824,4.104426122833489e-09,6,1
1883,12921,-0.5294117647058824,4.104426122833489e-09,6,1
4813,16491,0.5294117647058824,5.472568163777985e-09,3,1
1865,5211,0.5283018867924528,5.472568163777985e-09,6,1
1865,5211,0.5283018867924528,5.472568163777985e-09,6,1
1811,14545,0.528,5.472568163777985e-09,4,1
1811,8446,-0.528,2.7362840818889926e-09,5,1
1811,8446,-0.528,2.7362840818889926e-09,5,1
7196,18733,0.5277777777777778,2.7362840818889926e-09,5,1
2158,14685,0.5277777777777778,8.208852245666977e-09,4,1
7111,13749,0.5277777777777778,1.094513632755597e-08,4,1
7264,18806,0.5277777777777778,5.472568163777985e-09,3,1
4583,16291,0.5272727272727272,8.208852245666977e-09,4,1
6723,8168,-0.5263157894736843,2.7362840818889926e-09,5,1
6656,10967,-0.5263157894736843,1.3681420409444964e-08,6,1
6656,10967,-0.5263157894736843,1.3681420409444964e-08,6,1
6723,8168,-0.5263157894736843,2.7362840818889926e-09,5,1
4339,16097,0.5263157894736842,3.55716930645569e-08,5,1
6575,18105,0.5263157894736842,2.7362840818889926e-09,5,1
6723,18253,0.5263157894736842,5.472568163777985e-09,4,1
6569,18099,0.5263157894736842,5.472568163777985e-09,3,1
6656,18189,0.5263157894736842,1.6417704491333955e-08,4,1
3003,15178,0.525,8.208852245666977e-09,4,1
97,10286,-0.5245799515876406,0.00011363526658368927,39,0
97,10286,-0.5245799515876406,0.00011363526658368927,39,0
12313,13679,-0.5238095238095238,2.7362840818889926e-09,6,1
11633,23922,0.5238095238095238,5.472568163777985e-09,3,1
12313,13679,-0.5238095238095238,2.7362840818889926e-09,6,1
11836,24184,0.5238095238095238,5.472568163777985e-09,3,1
12266,20247,0.5238095238095238,1.6417704491333955e-08,5,1
10503,12326,-0.5238095238095238,9.576994286611474e-08,6,1
7269,12713,0.5238095238095238,2.7362840818889926e-09,5,1
6398,12266,0.5238095238095238,8.208852245666977e-09,6,1
11926,16150,0.5238095238095238,4.104426122833489e-09,5,1
11603,23867,0.5238095238095238,2.7362840818889926e-09,4,1
12035,24416,0.5238095238095238,5.472568163777985e-09,3,1
12070,24451,0.5238095238095238,5.472568163777985e-09,3,1
11587,23842,0.5238095238095238,3.009912490077892e-08,3,1
12162,24571,0.5238095238095238,5.472568163777985e-09,3,1
12151,13271,0.5238095238095238,4.104426122833489e-08,5,1
12575,25058,0.5238095238095238,5.472568163777985e-09,3,1
12648,25010,0.5238095238095238,1.6417704491333955e-08,4,1
6398,12266,0.5238095238095238,8.208852245666977e-09,6,1
487,12705,-0.5238095238095238,0.00020145617924499518,34,0
12713,25239,0.5238095238095238,5.472568163777985e-09,4,1
11729,24046,0.5238095238095238,5.472568163777985e-09,3,1
11707,24024,0.5238095238095238,5.472568163777985e-09,3,1
11690,23986,0.5238095238095238,5.472568163777985e-09,3,1
7351,11760,-0.5238095238095238,5.472568163777985e-09,6,1
12443,19471,0.5238095238095238,1.094513632755597e-08,4,1
7269,12713,0.5238095238095238,2.7362840818889926e-09,5,1
12493,24943,0.5238095238095238,5.472568163777985e-09,3,1
12498,24954,0.5238095238095238,8.208852245666977e-09,3,1
12541,25010,0.5238095238095238,1.6417704491333955e-08,4,1
12198,12547,-0.5238095238095238,6.567081796533582e-08,5,1
12561,25033,0.5238095238095238,5.472568163777985e-09,3,1
10696,11135,0.5217391304347826,2.7362840818889926e-09,5,1
10702,22810,0.5217391304347826,8.208852245666977e-09,4,1
10645,12105,0.5217391304347826,1.094513632755597e-08,4,1
11365,23566,0.5217391304347826,5.472568163777985e-09,3,1
10857,23007,0.5217391304347826,5.472568163777985e-09,3,1
11135,23349,0.5217391304347826,5.472568163777985e-09,4,1
10934,14636,0.5217391304347826,4.145733654389149e-06,6,1
7062,10987,-0.5217391304347826,2.7362840818889926e-09,6,1
11012,11722,0.5217391304347826,5.472568163777985e-09,5,1
11337,23538,0.5217391304347826,8.208852245666977e-09,3,1
10745,22864,0.5217391304347826,5.472568163777985e-09,3,1
10750,22874,0.5217391304347826,1.094513632755597e-08,3,1
10755,22879,0.5217391304347826,8.208852245666977e-09,3,1
10779,22909,0.5217391304347826,3.009912490077892e-08,3,1
10696,11135,0.5217391304347826,2.7362840818889926e-09,5,1
11244,23453,0.5217391304347826,5.472568163777985e-09,3,1
11477,23731,0.5217391304347826,8.208852245666977e-09,4,1
11505,23756,0.5217391304347826,5.472568163777985e-09,3,1
10514,22577,0.52,5.472568163777985e-09,3,1
9958,21875,0.52,5.472568163777985e-09,3,1
10542,22609,0.52,5.472568163777985e-09,3,1
10000,21926,0.52,1.094513632755597e-08,4,1
10427,22481,0.52,5.472568163777985e-09,3,1
10064,22010,0.52,2.7362840818889926e-09,6,1
9751,11298,0.52,1.6417704491333955e-08,5,1
10308,22320,0.52,2.7362840818889926e-09,4,1
9804,21691,0.52,5.472568163777985e-09,3,1
10019,21956,0.52,1.6417704491333955e-08,4,1
9981,21908,0.52,5.472568163777985e-09,3,1
9414,21219,0.5185185185185185,5.472568163777985e-09,3,1
9393,21188,0.5185185185185185,5.472568163777985e-09,3,1
9589,21433,0.5185185185185185,1.094513632755597e-08,4,1
9627,21470,0.5185185185185185,3.283540898266791e-08,4,1
9636,16718,0.5185185185185185,2.7362840818889926e-09,5,1
41,100,0.5177753544165759,0.00011286172852950059,25,0
41,100,0.5177753544165759,0.00011286172852950059,25,0
9125,20888,0.5172413793103449,1.094513632755597e-08,3,1
9012,20750,0.5172413793103449,5.472568163777985e-09,3,1
9213,20973,0.5172413793103449,5.472568163777985e-09,3,1
9259,21009,0.5172413793103449,5.472568163777985e-09,3,1
9181,19008,0.5172413793103449,2.7362840818889926e-09,4,1
9291,21046,0.5172413793103449,5.472568163777985e-09,3,1
999,5652,0.5172413793103449,2.7362840818889926e-09,5,1
9127,20890,0.5172413793103449,3.55716930645569e-08,4,1
2682,14982,0.5164835164835165,8.208852245666977e-09,4,1
8306,19973,0.5161290322580645,5.472568163777985e-09,3,1
8266,19927,0.5161290322580645,5.472568163777985e-09,3,1
8080,19695,0.5151515151515151,5.472568163777985e-09,3,1
7674,19277,0.5151515151515151,8.208852245666977e-09,3,1
7929,19557,0.5151515151515151,5.472568163777985e-09,3,1
6345,7969,-0.5151515151515151,2.7362840818889926e-09,4,1
7794,19404,0.5151515151515151,5.472568163777985e-09,3,1
617,1537,-0.5143194628647215,9.792272986539852e-05,30,0
617,1537,-0.5143194628647215,9.792272986539852e-05,30,0
7574,8690,0.5142857142857142,2.7362840818889926e-09,5,1
6894,18430,0.5135135135135135,5.472568163777985e-09,3,1
6951,12402,0.5135135135135135,1.094513632755597e-08,4,1
7064,18616,0.5135135135135135,8.208852245666977e-09,4,1
921,6797,-0.5128205128205128,0.00039822797265737106,149,0
6464,18000,0.5121951219512195,8.208852245666977e-09,4,1
2896,11373,0.5119047619047619,2.7362840818889926e-09,5,1
5099,16724,0.5098039215686274,5.472568163777985e-09,3,1
2343,14780,0.5096153846153846,5.253665437226866e-07,6,1
5132,8530,-0.5094339622641509,5.472568163777985e-09,6,1
5132,8530,-0.5094339622641509,5.472568163777985e-09,6,1
4851,16522,0.5094339622641509,1.094513632755597e-08,5,1
340,4726,-0.509090909090909,8.269365086390985e-05,24,0
4366,16116,0.5084745762711864,8.208852245666977e-09,4,1
2640,14952,0.5053763440860215,1.3681420409444964e-08,5,1
12726,20115,0.5,5.472568163777985e-09,5,1
306,12229,-0.5,0.00013300208856088945,23,0
7975,13082,0.5,2.7362840818889926e-09,5,1
4403,9959,0.5,2.7362840818889926e-09,5,1
8089,10226,0.5,2.7362840818889926e-09,5,1
3234,8448,-0.5,1.3681420409444964e-08,6,1
5487,6230,-0.5,4.104426122833489e-09,6,1
3813,15694,0.5,8.208852245666977e-09,4,1
8694,20375,0.5,5.472568163777985e-09,3,1
8694,20374,0.5,5.472568163777985e-09,3,1
8681,18871,0.5,1.7134893746192348e-07,6,1
7795,13688,0.5,6.840710204722482e-09,5,1
12247,24662,0.5,2.7362840818889927e-08,4,1
13882,26765,0.5,5.472568163777985e-09,3,1
12247,24661,0.5,4.9253113474001865e-08,5,1
9421,13688,-0.5,2.189027265511194e-08,5,1
10770,20554,0.5,2.7362840818889926e-09,5,1
10756,22881,0.5,5.472568163777985e-09,3,1
10756,22880,0.5,5.472568163777985e-09,3,1
12844,19245,0.5,5.472568163777985e-09,5,1
13965,24598,0.5,2.7362840818889926e-09,4,1
12190,13965,-0.5,2.7362840818889926e-09,4,1
12776,25309,0.5,7.11433861291138e-08,5,1
12776,25310,0.5,7.11433861291138e-08,5,1
12442,24890,0.5,8.208852245666977e-09,4,1
13509,26299,0.5,5.472568163777985e-09,3,1
11843,13012,0.5,2.7362840818889926e-09,5,1
11218,12779,-0.5,0.00030215143345851015,24,0
10437,22496,0.5,8.208852245666977e-09,4,1
12780,25317,0.5,8.208852245666977e-09,4,1
12780,25318,0.5,8.208852245666977e-09,4,1
13751,26596,0.5,5.472568163777985e-09,3,1
13751,26597,0.5,5.472568163777985e-09,3,1
12524,24982,0.5,5.472568163777985e-09,3,1
2129,10825,-0.5,0.00010073903475882516,25,0
12524,24983,0.5,5.472568163777985e-09,3,1
5487,6230,-0.5,4.104426122833489e-09,6,1
11780,24109,0.5,5.472568163777985e-09,3,1
11780,24110,0.5,5.472568163777985e-09,3,1
12442,24889,0.5,8.208852245666977e-09,4,1
9651,21498,0.5,2.7362840818889926e-09,5,1
13882,26764,0.5,5.472568163777985e-09,3,1
6009,7459,0.5,1.094513632755597e-08,6,1
13994,26908,0.5,1.3681420409444964e-08,5,1
10437,22495,0.5,5.472568163777985e-09,5,1
7795,13688,0.5,6.840710204722482e-09,5,1
13997,26913,0.5,5.472568163777985e-09,3,1
7438,11397,-0.5,5.472568163777985e-09,6,1
5382,9255,0.5,1.6417704491333955e-08,5,1
13997,26914,0.5,5.472568163777985e-09,3,1
13509,26298,0.5,5.472568163777985e-09,3,1
11876,24229,0.5,1.6417704491333955e-08,5,1
8536,11218,0.5,0.00010073903475882516,24,0
3234,8448,-0.5,1.3681420409444964e-08,6,1
12264,13622,-0.5,1.094513632755597e-08,4,1
12959,25543,0.5,1.915398857322295e-08,4,1
12959,25542,0.5,1.915398857322295e-08,4,1
13951,26850,0.5,5.472568163777985e-09,4,1
5776,13951,0.5,2.7362840818889926e-09,5,1
12938,25519,0.5,5.472568163777985e-09,4,1
7880,12938,0.5,2.7362840818889926e-09,5,1
3770,15670,0.5,8.208852245666977e-09,4,1
13622,26431,0.5,8.208852245666977e-09,3,1
5067,16686,0.5,8.208852245666977e-09,4,1
7534,19105,0.5,2.189027265511194e-08,5,1
13877,20493,0.5,1.6417704491333955e-08,5,1
9750,11894,-0.5,1.094513632755597e-08,5,1
11894,24243,0.5,8.208852245666977e-09,3,1
5577,17164,0.5,8.208852245666977e-09,5,1
12992,25597,0.5,2.4626556737000932e-08,4,1
11843,13012,0.5,2.7362840818889926e-09,5,1
13012,25616,0.5,5.472568163777985e-09,4,1
9113,20876,0.5,5.472568163777985e-09,3,1
11942,24297,0.5,5.472568163777985e-09,3,1
11942,24296,0.5,5.472568163777985e-09,3,1
9113,20875,0.5,5.472568163777985e-09,3,1
7975,13082,0.5,2.7362840818889926e-09,5,1
13082,25710,0.5,5.472568163777985e-09,4,1
13030,23390,0.5,1.3316582531859763e-08,4,1
11853,24207,0.5,5.472568163777985e-09,3,1
5776,13951,0.5,2.7362840818889926e-09,5,1
3666,15592,0.5,8.208852245666977e-09,4,1
1873,3107,-0.5,2.7362840818889926e-09,6,1
9999,20854,0.5,4.104426122833489e-08,4,1
4539,9999,-0.5,3.283540898266791e-08,5,1
7880,12938,0.5,2.7362840818889926e-09,5,1
8310,11864,-0.5,1.6417704491333955e-08,5,1
12863,24197,0.5,1.094513632755597e-08,4,1
12863,25429,0.5,8.208852245666977e-09,3,1
4403,9959,0.5,2.7362840818889926e-09,5,1
9959,21876,0.5,5.472568163777985e-09,4,1
365,12094,-0.5,0.00014200043530257115,22,0
4160,15947,0.5,8.208852245666977e-09,4,1
11853,24206,0.5,5.472568163777985e-09,3,1
13863,26733,0.5,5.472568163777985e-09,3,1
6009,7459,0.5,1.094513632755597e-08,6,1
13863,26732,0.5,5.472568163777985e-09,3,1
11864,24221,0.5,1.094513632755597e-08,3,1
306,9659,-0.4981720430107527,0.00011406067673234313,23,0
306,9659,-0.4981720430107527,0.00011406067673234313,23,0
3071,15220,0.4939759036144578,1.094513632755597e-08,4,1
5340,16956,0.4901960784313725,8.208852245666977e-09,4,1
5099,16939,0.4901960784313725,5.472568163777985e-09,3,1
5756,17351,0.4893617021276595,1.094513632755597e-08,6,1
6299,17848,0.4883720930232558,8.208852245666977e-09,4,1
2896,11205,0.4880952380952381,2.7362840818889926e-09,5,1
6254,14423,0.4878048780487805,9.668203756007774e-09,6,1
2035,14624,0.4878048780487805,8.208852245666977e-09,4,1
1399,5443,-0.4871794871794872,4.104426122833489e-09,6,1
1399,5443,-0.4871794871794872,4.104426122833489e-09,6,1
3533,15494,0.4868421052631579,1.094513632755597e-08,5,1
7121,11096,-0.4864864864864865,2.7362840818889926e-09,5,1
6894,18817,0.4864864864864865,5.472568163777985e-09,3,1
6951,18890,0.4864864864864865,8.208852245666977e-09,3,1
7121,19078,0.4864864864864865,5.472568163777985e-09,4,1
7121,11096,-0.4864864864864865,2.7362840818889926e-09,5,1
2194,5140,0.4862385321100917,4.104426122833489e-09,5,1
3667,6817,0.4861111111111111,2.4626556737000932e-08,6,1
7586,16107,0.4857142857142857,2.7362840818889926e-09,5,1
6257,7574,-0.4857142857142857,5.472568163777985e-09,6,1
7969,17885,0.4848484848484848,2.7362840818889926e-09,4,1
2759,8136,-0.4848484848484848,2.7362840818889926e-09,6,1
7794,19929,0.4848484848484848,5.472568163777985e-09,3,1
7674,9442,0.4848484848484848,1.094513632755597e-08,4,1
8080,20315,0.4848484848484848,5.472568163777985e-09,3,1
7929,20129,0.4848484848484848,5.472568163777985e-09,3,1
7727,19834,0.4848484848484848,1.915398857322295e-08,5,1
8473,20815,0.4838709677419355,3.55716930645569e-08,4,1
8314,20618,0.4838709677419355,8.208852245666977e-09,4,1
8266,20559,0.4838709677419355,5.472568163777985e-09,3,1
8241,20527,0.4838709677419355,2.189027265511194e-08,4,1
8306,20612,0.4838709677419355,5.472568163777985e-09,3,1
9012,21126,0.4827586206896552,5.472568163777985e-09,3,1
9125,10833,0.4827586206896552,1.6417704491333955e-08,5,1
9259,21445,0.4827586206896552,5.472568163777985e-09,3,1
9213,21393,0.4827586206896552,5.472568163777985e-09,3,1
9127,21293,0.4827586206896552,3.55716930645569e-08,4,1
9291,21489,0.4827586206896552,5.472568163777985e-09,3,1
999,8252,0.4827586206896552,2.7362840818889926e-09,5,1
9627,22480,0.4814814814814814,3.283540898266791e-08,4,1
9589,22444,0.4814814814814814,1.094513632755597e-08,4,1
5174,16801,0.4814814814814814,8.208852245666977e-09,4,1
9393,22159,0.4814814814814814,5.472568163777985e-09,3,1
9414,22196,0.4814814814814814,5.472568163777985e-09,3,1
636,7239,-0.4810504867557165,0.0003861546702484847,32,0
636,7239,-0.4810504867557165,0.0003861546702484847,32,0
2159,9912,0.48,2.7362840818889926e-09,5,1
10064,10464,0.48,2.7362840818889926e-09,6,1
10026,19638,0.48,2.5264941088237002e-06,5,1
5047,10850,-0.48,5.472568163777985e-09,6,1
2159,9912,0.48,2.7362840818889926e-09,5,1
10481,23702,0.48,5.472568163777985e-09,4,1
5600,17186,0.48,2.189027265511194e-08,4,1
5047,10850,-0.48,5.472568163777985e-09,6,1
9912,22905,0.48,5.472568163777985e-09,4,1
10018,23048,0.48,1.3681420409444964e-08,4,1
9958,22953,0.48,5.472568163777985e-09,3,1
10019,23049,0.48,1.094513632755597e-08,3,1
10000,23022,0.48,1.094513632755597e-08,4,1
10481,11955,-0.48,2.7362840818889926e-09,5,1
10481,11955,-0.48,2.7362840818889926e-09,5,1
5640,17233,0.48,8.208852245666977e-09,4,1
10514,23725,0.48,5.472568163777985e-09,3,1
10215,19136,0.48,2.7362840818889926e-09,5,1
6817,10018,0.48,1.094513632755597e-08,6,1
10427,23622,0.48,5.472568163777985e-09,3,1
9804,22778,0.48,5.472568163777985e-09,3,1
9736,22675,0.48,1.094513632755597e-08,5,1
6817,10018,0.48,1.094513632755597e-08,6,1
10542,23755,0.48,5.472568163777985e-09,3,1
9981,22996,0.48,5.472568163777985e-09,3,1
11066,13372,0.4782608695652174,1.0423939359577115e-08,6,1
4420,11337,-0.4782608695652174,1.094513632755597e-08,5,1
10779,11742,0.4782608695652174,5.4725681637779854e-08,6,1
11155,24660,0.4782608695652174,1.3681420409444964e-08,4,1
2755,10750,-0.4782608695652174,1.6417704491333955e-08,5,1
11505,25241,0.4782608695652174,5.472568163777985e-09,3,1
10745,24056,0.4782608695652174,5.472568163777985e-09,3,1
10755,18858,0.4782608695652174,1.094513632755597e-08,4,1
10645,23892,0.4782608695652174,8.208852245666977e-09,3,1
11365,24960,0.4782608695652174,5.472568163777985e-09,3,1
10857,24222,0.4782608695652174,5.472568163777985e-09,3,1
10702,23978,0.4782608695652174,8.208852245666977e-09,4,1
11244,24791,0.4782608695652174,5.472568163777985e-09,3,1
3563,11012,-0.4782608695652174,5.472568163777985e-09,5,1
2111,3364,-0.4774774774774775,6.840710204722482e-09,6,1
2111,3364,-0.4774774774774775,6.840710204722482e-09,6,1
483,13587,-0.47724399494311,0.00011508878578289702,42,0
483,13587,-0.47724399494311,0.00011508878578289702,42,0
4241,16007,0.4769230769230769,8.208852245666977e-09,4,1
3096,10107,0.4767441860465116,8.208852245666977e-09,6,1
11350,12498,-0.4761904761904761,1.094513632755597e-08,4,1
12162,26280,0.4761904761904761,5.472568163777985e-09,3,1
12326,26514,0.4761904761904761,3.009912490077892e-08,4,1
149,11763,-0.4761904761904761,8.447557636180248e-05,31,0
12151,26262,0.4761904761904761,1.915398857322295e-08,4,1
11603,11604,0.4761904761904761,2.7362840818889926e-09,4,1
11926,17177,0.4761904761904761,4.104426122833489e-09,5,1
12405,17462,0.4761904761904761,3.1436853914103286e-07,6,1
12541,26822,0.4761904761904761,1.094513632755597e-08,3,1
12493,26743,0.4761904761904761,5.472568163777985e-09,3,1
11836,25801,0.4761904761904761,5.472568163777985e-09,3,1
11633,25457,0.4761904761904761,5.472568163777985e-09,3,1
12575,26857,0.4761904761904761,5.472568163777985e-09,3,1
11707,25604,0.4761904761904761,5.472568163777985e-09,3,1
11690,25558,0.4761904761904761,5.472568163777985e-09,3,1
11742,12723,0.4761904761904761,5.4725681637779854e-08,6,1
11622,12313,0.4761904761904761,2.7362840818889926e-09,6,1
9258,11783,-0.4761904761904761,9.850622694800373e-08,5,1
12035,26097,0.4761904761904761,5.472568163777985e-09,3,1
12330,26519,0.4761904761904761,1.3681420409444964e-08,4,1
12547,26829,0.4761904761904761,3.55716930645569e-08,4,1
12561,26837,0.4761904761904761,5.472568163777985e-09,3,1
5014,11941,-0.4761904761904761,1.9043431640621373e-08,6,1
12648,26948,0.4761904761904761,1.094513632755597e-08,3,1
12443,26681,0.4761904761904761,8.208852245666977e-09,3,1
12070,26139,0.4761904761904761,5.472568163777985e-09,3,1
1223,11615,-0.4761904761904761,0.00015110034328599207,36,0
3948,15130,0.4761904761904761,2.7362840818889926e-09,5,1
11729,25640,0.4761904761904761,5.472568163777985e-09,3,1
11622,12313,0.4761904761904761,2.7362840818889926e-09,6,1
7234,18771,0.475,8.208852245666977e-09,4,1
332,2189,0.4747281458720492,0.00014112277151374637,24,0
332,2189,0.4747281458720492,0.00014112277151374637,24,0
6569,18834,0.4736842105263157,5.472568163777985e-09,3,1
4961,16613,0.4736842105263157,8.208852245666977e-09,4,1
2918,15121,0.4725274725274725,8.208852245666977e-09,4,1
7111,19575,0.4722222222222222,8.208852245666977e-09,3,1
7264,19756,0.4722222222222222,5.472568163777985e-09,3,1
7478,14530,0.4705882352941176,2.7362840818889926e-09,5,1
7294,12235,-0.4705882352941176,2.7362840818889926e-09,5,1
7641,20330,0.4705882352941176,5.472568163777985e-09,3,1
7594,20265,0.4705882352941176,3.283540898266791e-08,5,1
7432,20055,0.4705882352941176,2.7362840818889926e-09,5,1
4813,17088,0.4705882352941176,5.472568163777985e-09,3,1
7294,12235,-0.4705882352941176,2.7362840818889926e-09,5,1
7345,19916,0.4705882352941176,5.472568163777985e-09,3,1
7294,19793,0.4705882352941176,5.472568163777985e-09,4,1
648,1686,-0.4705014749262537,0.0016822876772720238,54,0
648,1686,-0.4705014749262537,0.0016822876772720238,54,0
5143,17447,0.4693877551020408,2.189027265511194e-08,5,1
5123,17419,0.4693877551020408,1.3681420409444964e-08,3,1
5183,17496,0.4693877551020408,1.3681420409444964e-08,4,1
7730,20477,0.46875,8.208852245666977e-09,4,1
8116,21086,0.46875,1.3681420409444964e-08,5,1
2986,4652,-0.4683544303797469,5.472568163777985e-09,6,1
2986,4652,-0.4683544303797469,5.472568163777985e-09,6,1
6167,17746,0.4680851063829787,1.094513632755597e-08,5,1
765,3372,0.4668831168831169,0.00024328603783829375,24,0
765,3372,0.4668831168831169,0.00024328603783829375,24,0
8693,21552,0.4666666666666667,5.472568163777985e-09,4,1
6835,8693,0.4666666666666667,2.7362840818889926e-09,5,1
3193,14061,0.4666666666666667,2.7362840818889926e-09,6,1
8654,14324,0.4666666666666667,2.189027265511194e-08,6,1
6835,8693,0.4666666666666667,2.7362840818889926e-09,5,1
2683,14983,0.4653465346534653,8.208852245666977e-09,4,1
8747,19176,0.4642857142857143,1.094513632755597e-08,4,1
8968,22009,0.4642857142857143,8.208852245666977e-09,3,1
9006,22077,0.4642857142857143,5.472568163777985e-09,3,1
8748,12813,0.4642857142857143,2.7362840818889927e-08,6,1
7040,18589,0.4634146341463415,8.208852245666977e-09,4,1
9480,11625,-0.4615384615384615,2.7362840818889926e-09,5,1
9480,23442,0.4615384615384615,5.472568163777985e-09,4,1
4638,6372,-0.4615384615384615,1.094513632755597e-08,6,1
4638,17050,0.4615384615384615,1.3681420409444964e-08,4,1
9623,23615,0.4615384615384615,5.472568163777985e-09,3,1
4636,6260,-0.4615384615384615,2.7362840818889926e-09,6,1
7323,18881,0.4615384615384615,2.189027265511194e-08,4,1
6247,18852,0.4615384615384615,8.208852245666977e-09,3,1
2513,11319,-0.4615384615384615,4.104426122833489e-09,6,1
9480,11625,-0.4615384615384615,2.7362840818889926e-09,5,1
9660,23692,0.4615384615384615,5.472568163777985e-09,3,1
6542,19261,0.4615384615384615,8.208852245666977e-09,4,1
4638,6372,-0.4615384615384615,1.094513632755597e-08,6,1
2513,11319,-0.4615384615384615,4.104426122833489e-09,6,1
1050,12156,-0.4614865776338864,0.00010072808962249759,22,0
1050,12156,-0.4614865776338864,0.00010072808962249759,22,0
6725,9536,0.4594594594594595,1.094513632755597e-08,6,1
6744,19546,0.4594594594594595,5.472568163777985e-09,4,1
6866,19722,0.4594594594594595,5.472568163777985e-09,3,1
3421,6744,0.4594594594594594,2.7362840818889926e-09,5,1
3421,6744,0.4594594594594594,2.7362840818889926e-09,5,1
4009,16427,0.4590163934426229,1.7178568587700117e-06,6,1
944,10692,-0.4586776859504132,0.00012579082704465788,32,0
944,10692,-0.4586776859504132,0.00012579082704465788,32,0
9744,23857,0.4583333333333333,5.7461965719668845e-08,4,1
10084,24375,0.4583333333333333,8.208852245666977e-09,3,1
10131,24463,0.4583333333333333,5.472568163777985e-09,3,1
10466,11513,0.4583333333333333,1.6417704491333955e-08,5,1
9986,24216,0.4583333333333333,1.094513632755597e-08,4,1
634,9917,-0.4583333333333333,0.00010073903475882516,22,0
10004,24247,0.4583333333333333,5.472568163777985e-09,3,1
10518,11876,0.4583333333333333,5.472568163777985e-09,6,1
6117,13643,0.4583333333333333,9.029737470233676e-08,5,1
5039,17596,0.4583333333333333,1.094513632755597e-08,4,1
10070,19941,0.4583333333333333,1.6417704491333955e-08,6,1
10503,25174,0.4583333333333333,3.009912490077892e-08,4,1
10168,15571,0.4583333333333333,2.7362840818889926e-09,5,1
10269,24712,0.4583333333333333,5.472568163777985e-09,3,1
7228,20055,0.4571428571428571,2.7362840818889926e-09,5,1
4055,13954,0.4571428571428571,3.283540898266791e-08,6,1
9,9430,-0.4564681588062882,8.568654683175873e-05,27,0
9,9430,-0.4564681588062882,8.568654683175873e-05,27,0
921,5486,-0.4558440895872659,0.00017100110060587744,151,0
921,5486,-0.4558440895872659,0.00017100110060587744,151,0
8190,11242,0.4545454545454546,9.576994286611475e-09,6,1
11194,13124,-0.4545454545454546,2.7362840818889926e-09,5,1
11194,13124,-0.4545454545454546,2.7362840818889926e-09,5,1
8190,11242,0.4545454545454546,9.576994286611475e-09,6,1
11473,26998,0.4545454545454545,5.472568163777985e-09,3,1
34,6867,-0.4545454545454545,0.0009074328195021671,72,0
5657,18399,0.4545454545454545,5.472568163777985e-09,3,1
11474,21551,0.4545454545454545,3.283540898266791e-08,6,1
11081,26296,0.4545454545454545,1.6417704491333955e-08,4,1
11055,26237,0.4545454545454545,5.472568163777985e-09,3,1
11448,26941,0.4545454545454545,1.6417704491333955e-08,3,1
10612,25368,0.4545454545454545,5.472568163777985e-09,3,1
11167,26443,0.4545454545454545,8.208852245666977e-09,3,1
7274,20402,0.4545454545454545,5.472568163777985e-09,3,1
11178,26467,0.4545454545454545,5.472568163777985e-09,3,1
11179,12337,0.4545454545454545,1.6417704491333955e-08,4,1
1030,14357,0.4545454545454545,8.208852245666977e-09,4,1
10964,26071,0.4545454545454545,5.472568163777985e-09,3,1
4372,10703,-0.4545454545454545,1.094513632755597e-08,4,1
11366,26756,0.4545454545454545,5.472568163777985e-09,3,1
11488,27017,0.4545454545454545,1.6417704491333955e-08,4,1
10693,16746,0.4545454545454545,1.094513632755597e-08,4,1
10867,25865,0.4545454545454545,5.472568163777985e-09,3,1
11501,27032,0.4545454545454545,2.4626556737000932e-08,4,1
10900,13878,0.4545454545454545,2.8316784379699996e-06,6,1
11194,26486,0.4545454545454545,5.472568163777985e-09,4,1
5694,18471,0.4523809523809524,2.7362840818889926e-09,5,1
3228,4117,-0.452054794520548,4.104426122833489e-09,6,1
3228,4117,-0.452054794520548,4.104426122833489e-09,6,1
8006,14933,0.4516129032258064,3.6185927185621e-06,6,1
3445,9396,0.4512195121951219,2.7362840818889927e-08,6,1
5951,18847,0.45,5.472568163777985e-09,3,1
6062,19018,0.45,5.472568163777985e-09,4,1
6062,9485,-0.4499999999999999,2.7362840818889926e-09,5,1
6062,9485,-0.4499999999999999,2.7362840818889926e-09,5,1
2235,13189,-0.4499999999999999,4.104426122833489e-09,6,1
2235,13189,-0.4499999999999999,4.104426122833489e-09,6,1
7393,8321,-0.4482758620689655,1.094513632755597e-08,5,1
8698,22592,0.4482758620689655,8.208852245666977e-09,4,1
8470,22181,0.4482758620689655,8.208852245666977e-09,4,1
8564,22343,0.4482758620689655,5.472568163777985e-09,3,1
8310,21912,0.4482758620689655,1.094513632755597e-08,4,1
8697,22591,0.4482758620689655,3.283540898266791e-08,5,1
2895,15109,0.4479166666666667,8.208852245666977e-09,4,1
4406,16148,0.4477611940298507,8.208852245666977e-09,4,1
6441,19600,0.4473684210526316,5.472568163777985e-09,3,1
3007,13367,-0.4473684210526315,4.104426122833489e-09,6,1
3007,13367,-0.4473684210526315,4.104426122833489e-09,6,1
5114,17953,0.4468085106382978,2.7362840818889926e-09,5,1
5295,16909,0.4464285714285714,2.189027265511194e-08,4,1
3621,7058,0.4461538461538462,2.7362840818889926e-09,6,1
887,11981,-0.4460245636716224,0.00010026358234338888,31,0
887,11981,-0.4460245636716224,0.00010026358234338888,31,0
8766,22719,0.4444444444444444,5.472568163777985e-09,3,1
9263,23603,0.4444444444444444,5.472568163777985e-09,3,1
8943,16702,0.4444444444444444,2.7362840818889926e-09,5,1
7727,8785,-0.4444444444444444,5.472568163777985e-09,6,1
136,2645,0.4440789473684211,0.00023918587770532175,23,0
2121,14670,0.4427480916030534,1.094513632755597e-08,5,1
5854,17443,0.4423076923076923,2.189027265511194e-08,5,1
6931,18474,0.4418604651162791,8.208852245666977e-09,4,1
3876,15732,0.4415584415584415,1.094513632755597e-08,5,1
1936,7132,-0.441358024691358,0.0001371595553540099,29,0
1936,7132,-0.441358024691358,0.0001371595553540099,29,0
5044,16673,0.4406779661016949,1.094513632755597e-08,5,1
148,284,-0.4400929494445703,0.00020602893984192163,27,0
148,284,-0.4400929494445703,0.00020602893984192163,27,0
9581,24949,0.44,5.472568163777985e-09,3,1
9525,24817,0.44,5.472568163777985e-09,3,1
9693,25207,0.44,1.094513632755597e-08,5,1
9451,24702,0.44,1.094513632755597e-08,4,1
9481,14515,0.44,2.7362840818889926e-09,5,1
9536,24845,0.44,1.3681420409444964e-08,4,1
4270,9609,-0.44,2.189027265511194e-08,6,1
9505,12015,-0.4399999999999999,1.3681420409444963e-09,6,1
9693,9985,-0.4399999999999999,4.104426122833489e-09,5,1
9693,9985,-0.4399999999999999,4.104426122833489e-09,5,1
9505,12015,-0.4399999999999999,1.3681420409444963e-09,6,1
181,1525,-0.4393939393939394,9.982498110264595e-05,52,0
181,1525,-0.4393939393939394,9.982498110264595e-05,52,0
301,6724,-0.4393197433853395,0.00021901862313259172,141,0
301,6724,-0.4393197433853395,0.00021901862313259172,141,0
2639,14951,0.4392523364485981,1.094513632755597e-08,5,1
5707,5731,-0.4390243902439024,2.7362840818889926e-09,6,1
5909,19231,0.4390243902439024,2.4626556737000932e-08,4,1
4645,16343,0.4375,5.198939755589086e-08,4,1
2895,15170,0.4375,8.208852245666977e-09,4,1
4980,18082,0.4375,5.472568163777985e-09,3,1
297,7460,-0.4375,0.0005637314354342701,23,0
7563,21338,0.4375,2.4626556737000932e-08,4,1
5631,17219,0.4363636363636363,8.208852245666977e-09,4,1
4293,17193,0.4363636363636363,1.094513632755597e-08,3,1
5998,8192,-0.4358974358974359,8.208852245666977e-09,6,1
5998,19384,0.4358974358974359,1.094513632755597e-08,4,1
5998,8192,-0.4358974358974359,8.208852245666977e-09,6,1
5061,6540,-0.4347826086956522,2.7362840818889926e-09,5,1
5061,6540,-0.4347826086956522,2.7362840818889926e-09,5,1
9875,25639,0.4347826086956521,5.472568163777985e-09,3,1
9966,10665,0.4347826086956521,2.7362840818889926e-09,6,1
123,9847,-0.4347826086956521,0.000151100343285992,24,0
10110,26101,0.4347826086956521,5.472568163777985e-09,3,1
6825,18357,0.4347826086956521,8.208852245666977e-09,6,1
6412,10195,-0.4347826086956521,1.6417704491333955e-08,5,1
10377,26712,0.4347826086956521,5.472568163777985e-09,3,1
9830,20731,0.4347826086956521,2.1890272655111938e-08,6,1
10483,26951,0.4347826086956521,5.472568163777985e-09,3,1
9895,25675,0.4347826086956521,8.208852245666977e-09,3,1
10375,26703,0.4347826086956521,8.208852245666977e-09,3,1
9826,25540,0.4347826086956521,5.472568163777985e-09,3,1
10356,24089,0.4347826086956521,2.4626556737000932e-08,4,1
9783,25450,0.4347826086956521,4.104426122833489e-08,5,1
1131,10272,-0.4347826086956521,0.0001007134961073942,25,0
5061,18218,0.4347826086956521,5.472568163777985e-09,4,1
9755,25386,0.4347826086956521,5.472568163777985e-09,3,1
6641,18174,0.4347826086956521,8.208852245666977e-09,4,1
9887,25656,0.4347826086956521,5.472568163777985e-09,3,1
7743,21707,0.4333333333333333,5.472568163777985e-09,3,1
7895,22100,0.4333333333333333,3.009912490077892e-08,4,1
8054,22415,0.4333333333333333,5.472568163777985e-09,4,1
7692,21617,0.4333333333333333,3.009912490077892e-08,4,1
7739,21700,0.4333333333333333,5.472568163777985e-09,3,1
8054,14072,-0.4333333333333333,2.7362840818889926e-09,5,1
8054,14072,-0.4333333333333333,2.7362840818889926e-09,5,1
7930,22177,0.4333333333333333,5.472568163777985e-09,3,1
6348,8123,0.4324324324324324,3.283540898266791e-08,6,1
6463,20208,0.4324324324324324,5.472568163777985e-09,3,1
6483,20259,0.4324324324324324,5.472568163777985e-09,3,1
8625,20295,0.4324324324324324,8.208852245666977e-09,4,1
1152,1155,-0.4318610129564194,8.641322102519675e-05,23,0
1152,1155,-0.4318610129564194,8.641322102519675e-05,23,0
4725,16416,0.4307692307692308,8.208852245666977e-09,4,1
3084,16011,0.4305555555555556,5.472568163777985e-09,3,1
25,323,0.4292365706787093,0.00010564266523377188,26,0
25,323,0.4292365706787093,0.00010564266523377188,26,0
8351,23097,0.4285714285714285,1.3681420409444964e-08,4,1
8589,23479,0.4285714285714285,5.472568163777985e-09,3,1
8485,23319,0.4285714285714285,5.472568163777985e-09,3,1
7640,19220,0.4285714285714285,8.208852245666977e-09,4,1
4173,12737,0.4285714285714285,2.7362840818889926e-09,6,1
6421,8931,0.4285714285714285,3.83079771464459e-08,5,1
6221,8850,0.4285714285714285,3.83079771464459e-08,6,1
6713,20719,0.4285714285714285,5.472568163777985e-09,3,1
3116,15242,0.4270833333333333,1.094513632755597e-08,5,1
1065,3735,-0.4262939506442454,0.00022594955435644286,79,0
1065,3735,-0.4262939506442454,0.00022594955435644286,79,0
3737,16764,0.4262295081967213,5.472568163777985e-09,3,1
5780,17369,0.4259259259259259,8.208852245666977e-09,4,1
6556,18086,0.425531914893617,8.208852245666977e-09,4,1
5849,19625,0.425,3.283540898266791e-08,5,1
7961,19602,0.425,3.009912490077892e-08,5,1
7180,21363,0.4242424242424242,3.83079771464459e-08,5,1
4700,16396,0.4242424242424242,3.55716930645569e-08,4,1
320,921,0.4241316270566727,0.0008207457681343329,159,0
213,477,0.4238975817923186,0.0003279358542007449,28,0
8923,24260,0.4230769230769231,5.472568163777985e-09,3,1
9290,25062,0.4230769230769231,5.472568163777985e-09,3,1
8773,23899,0.4230769230769231,5.472568163777985e-09,3,1
8740,23840,0.4230769230769231,5.472568163777985e-09,3,1
8999,24399,0.4230769230769231,7.11433861291138e-08,4,1
1399,14540,0.4230769230769231,8.208852245666977e-09,5,1
9048,24549,0.4230769230769231,5.472568163777985e-09,3,1
8730,23820,0.4230769230769231,5.472568163777985e-09,3,1
9035,24518,0.4230769230769231,5.472568163777985e-09,3,1
6106,20173,0.4210526315789473,5.472568163777985e-09,3,1
2820,15898,0.4210526315789473,5.472568163777985e-09,3,1
4562,16276,0.4202898550724637,5.472568163777985e-09,5,1
4470,16197,0.4202898550724637,8.208852245666977e-09,5,1
4522,10652,0.42,1.094513632755597e-08,4,1
6309,17855,0.42,2.7362840818889927e-08,5,1
7277,21584,0.4193548387096774,5.472568163777985e-09,3,1
7627,22458,0.4193548387096774,8.208852245666977e-09,4,1
7390,21925,0.4193548387096774,8.208852245666977e-09,4,1
16,818,-0.4190593644082016,0.00022739579265448906,56,0
16,818,-0.4190593644082016,0.00022739579265448906,56,0
691,1561,0.4189795346229324,0.00012461554241273995,24,0
691,1561,0.4189795346229324,0.00012461554241273995,24,0
11,320,0.41875,0.00043294162763768765,80,0
5364,19100,0.4186046511627907,5.472568163777985e-09,3,1
5338,8804,0.4186046511627907,2.7362840818889926e-09,5,1
5338,13553,-0.4186046511627906,1.3681420409444963e-09,6,1
5338,13553,-0.4186046511627906,1.3681420409444963e-09,6,1
4745,16439,0.417910447761194,1.094513632755597e-08,5,1
4012,15832,0.4177215189873418,1.3681420409444964e-08,6,1
3905,15752,0.4177215189873418,8.208852245666977e-09,4,1
9593,26768,0.4166666666666667,8.208852245666977e-09,3,1
9599,22342,0.4166666666666667,3.83079771464459e-08,4,1
9049,9343,-0.4166666666666667,2.7362840818889926e-09,4,1
9522,26571,0.4166666666666667,5.472568163777985e-09,3,1
6305,20566,0.4166666666666667,5.472568163777985e-09,3,1
6494,20986,0.4166666666666667,1.3681420409444964e-08,3,1
9437,26424,0.4166666666666667,5.472568163777985e-09,3,1
9359,26181,0.4166666666666667,5.472568163777985e-09,3,1
9492,26530,0.4166666666666667,8.208852245666977e-09,5,1
8752,20443,0.4166666666666667,8.208852245666977e-09,4,1
9358,26180,0.4166666666666667,5.472568163777985e-09,3,1
405,9141,-0.4166666666666667,9.376178172261924e-05,29,0
7168,9492,0.4166666666666666,4.104426122833489e-09,6,1
7168,9492,0.4166666666666666,4.104426122833489e-09,6,1
4190,8930,0.4150943396226415,2.7362840818889926e-09,5,1
6104,17688,0.4150943396226415,1.504956245038946e-08,5,1
3243,15313,0.4148936170212766,1.094513632755597e-08,5,1
8088,19711,0.4146341463414634,1.094513632755597e-08,4,1
7687,22669,0.4137931034482758,5.472568163777985e-09,3,1
2048,5625,0.4137931034482758,0.0011957507385527138,22,0
7941,15810,0.4137931034482758,2.7362840818889926e-09,4,1
8133,23747,0.4137931034482758,5.472568163777985e-09,3,1
8033,23494,0.4137931034482758,8.208852245666977e-09,3,1
8107,23701,0.4137931034482758,5.472568163777985e-09,3,1
7714,22726,0.4137931034482758,5.472568163777985e-09,3,1
977,14307,0.4133333333333333,2.189027265511194e-08,5,1
1531,14434,0.412087912087912,3.009912490077892e-08,6,1
9614,21454,0.4117647058823529,8.208852245666977e-09,4,1
4660,16357,0.4117647058823529,8.208852245666977e-09,4,1
3934,15599,0.4107142857142857,1.094513632755597e-08,4,1
8622,20292,0.4102564102564102,2.189027265511194e-08,5,1
5684,7108,0.4102564102564102,5.472568163777985e-09,6,1
483,862,-0.4100142669286502,0.00013820595820023267,49,0
483,862,-0.4100142669286502,0.00013820595820023267,49,0
293,5261,-0.4098360655737705,0.00011994160939696351,54,0
5286,16900,0.4098360655737705,3.283540898266791e-08,6,1
5020,18900,0.4090909090909091,5.472568163777985e-09,4,1
5095,19024,0.4090909090909091,5.472568163777985e-09,3,1
7663,19257,0.4090909090909091,8.208852245666977e-09,4,1
5020,12817,-0.409090909090909,2.7362840818889926e-09,5,1
5020,12817,-0.409090909090909,2.7362840818889926e-09,5,1
3423,15425,0.4086021505376344,8.208852245666977e-09,4,1
3044,16313,0.4084507042253521,5.472568163777985e-09,3,1
2000,15192,0.4077669902912621,2.7362840818889926e-09,4,1
8619,24970,0.4074074074074074,5.472568163777985e-09,3,1
8298,24189,0.4074074074074074,5.472568163777985e-09,3,1
4080,10259,0.4074074074074074,2.7362840818889926e-09,5,1
6105,17689,0.4074074074074074,1.3681420409444964e-08,5,1
8546,24768,0.4074074074074074,5.472568163777985e-09,3,1
8282,15264,0.4074074074074074,6.840710204722482e-09,6,1
8353,24312,0.4074074074074074,5.472568163777985e-09,3,1
6186,17763,0.4074074074074074,8.208852245666977e-09,4,1
8278,12813,0.4074074074074074,2.7362840818889927e-08,6,1
8181,23887,0.4074074074074074,8.208852245666977e-09,3,1
3358,16656,0.40625,5.472568163777985e-09,3,1
6921,9606,0.40625,2.7362840818889926e-09,5,1
4703,16400,0.4057971014492754,1.094513632755597e-08,5,1
8886,20599,0.4054054054054054,1.6417704491333955e-08,4,1
6069,20767,0.4054054054054054,5.472568163777985e-09,3,1
4442,16176,0.4054054054054054,7.387967021100281e-08,5,1
9286,21037,0.4054054054054054,8.208852245666977e-09,4,1
6175,21000,0.4054054054054054,1.094513632755597e-08,3,1
5954,20444,0.4054054054054054,5.472568163777985e-09,3,1
7887,19514,0.4047619047619047,8.208852245666977e-09,4,1
5294,19467,0.4047619047619047,5.472568163777985e-09,3,1
3834,15709,0.4047619047619047,2.4626556737000932e-08,5,1
4306,18026,0.4038461538461538,5.472568163777985e-09,3,1
2932,3571,0.4027777777777778,2.7362840818889926e-09,5,1
863,933,0.401079064543303,0.0006915289118608596,31,0
863,933,0.401079064543303,0.0006915289118608596,31,0
8982,26046,0.4,5.472568163777985e-09,3,1
8822,25609,0.4,5.472568163777985e-09,3,1
8983,20079,0.4,2.7362840818889926e-09,6,1
4038,9300,0.4,2.7362840818889926e-09,5,1
7434,23158,0.4,1.3681420409444964e-08,4,1
5647,17239,0.4,8.208852245666977e-09,4,1
7318,14048,-0.4,2.7362840818889926e-09,5,1
4834,13153,0.4,1.094513632755597e-08,4,1
4038,9300,0.4,2.7362840818889926e-09,5,1
8965,26005,0.4,5.472568163777985e-09,3,1
177,6123,-0.4,0.0007329733114306868,31,0
8881,25768,0.4,5.472568163777985e-09,3,1
7339,22865,0.4,5.472568163777985e-09,3,1
9073,26314,0.4,1.094513632755597e-08,3,1
5651,5967,-0.4,4.104426122833489e-09,6,1
7318,22797,0.4,5.472568163777985e-09,4,1
7614,23560,0.4,1.3681420409444964e-08,6,1
5176,16803,0.4,3.160850231018654e-06,6,1
5651,5967,-0.4,4.104426122833489e-09,6,1
7318,14048,-0.4,2.7362840818889926e-09,5,1
9300,26891,0.4,5.472568163777985e-09,4,1
1524,1928,0.3982312012742057,9.255198152049231e-05,26,0
1524,1928,0.3982312012742057,9.255198152049231e-05,26,0
2900,15113,0.3981481481481481,1.3681420409444964e-08,5,1
3710,15622,0.3977272727272727,1.094513632755597e-08,6,1
545,4675,-0.3970585247933045,9.352919155435298e-05,37,0
545,4675,-0.3970585247933045,9.352919155435298e-05,37,0
4687,16922,0.3968253968253968,2.2097870671742548e-06,6,1
3398,16954,0.3968253968253968,5.472568163777985e-09,3,1
1065,3337,-0.3956043956043956,0.0007367038135680579,79,0
7973,19608,0.3953488372093023,8.208852245666977e-09,4,1
5870,20302,0.3947368421052631,8.208852245666977e-09,5,1
6585,11169,0.3939393939393939,3.283540898266791e-09,6,1
9738,21616,0.3939393939393939,8.208852245666977e-09,4,1
7879,10070,0.3928571428571428,1.094513632755597e-08,5,1
6129,7828,-0.3928571428571428,2.626832718613433e-07,6,1
8028,18222,0.3928571428571428,8.208852245666978e-08,4,1
7998,17613,0.3928571428571428,5.528796102952245e-06,5,1
7913,24529,0.3928571428571428,5.472568163777985e-09,3,1
7986,24750,0.3928571428571428,5.472568163777985e-09,3,1
7958,24665,0.3928571428571428,5.472568163777985e-09,3,1
3845,17670,0.3928571428571428,5.472568163777985e-09,3,1
8026,18040,0.3928571428571428,2.7362840818889926e-09,5,1
7792,24098,0.3928571428571428,5.472568163777985e-09,3,1
4442,16307,0.3918918918918919,7.387967021100281e-08,5,1
1773,2071,-0.3917525773195876,0.00010073903475882513,49,0
3359,15380,0.3917525773195876,3.83079771464459e-08,6,1
4891,16557,0.391304347826087,1.094513632755597e-08,4,1
3291,16963,0.390625,5.472568163777985e-09,3,1
5243,19874,0.3902439024390244,5.472568163777985e-09,3,1
8672,20347,0.3902439024390244,8.208852245666977e-09,4,1
3293,15347,0.39,2.7362840818889927e-08,5,1
3606,17401,0.3898305084745763,2.7362840818889926e-09,5,1
3640,17486,0.3898305084745763,5.472568163777985e-09,3,1
545,4148,-0.3894919454770756,8.920547883304149e-05,36,0
545,4148,-0.3894919454770756,8.920547883304149e-05,36,0
4029,18050,0.3888888888888889,1.915398857322295e-08,3,1
6129,12051,0.3888888888888889,4.9253113474001865e-08,6,1
1646,2780,-0.3879310344827586,0.0002282659036731123,22,0
1887,14864,0.3875968992248062,1.6417704491333955e-08,4,1
6930,7700,-0.3870967741935484,2.7362840818889926e-09,5,1
6930,22753,0.3870967741935484,5.472568163777985e-09,4,1
7198,23512,0.3870967741935484,5.472568163777985e-09,3,1
7076,23221,0.3870967741935484,5.472568163777985e-09,3,1
6930,7700,-0.3870967741935484,2.7362840818889926e-09,5,1
1053,6640,-0.3870391631585661,0.00010072808962249759,27,0
1053,6640,-0.3870391631585661,0.00010072808962249759,27,0
4555,16272,0.3866666666666666,1.094513632755597e-08,6,1
7786,19396,0.3863636363636363,8.208852245666977e-09,4,1
4955,19692,0.3863636363636363,5.472568163777985e-09,3,1
3683,5537,-0.3859649122807017,2.7362840818889926e-09,5,1
3683,5537,-0.3859649122807017,2.7362840818889926e-09,5,1
3683,17586,0.3859649122807017,5.472568163777985e-09,4,1
8556,26535,0.3846153846153846,5.472568163777985e-09,3,1
2343,15286,0.3846153846153846,1.422867722582276e-07,5,1
8524,26461,0.3846153846153846,5.472568163777985e-09,3,1
8565,21344,0.3846153846153846,2.7362840818889926e-09,4,1
8528,26479,0.3846153846153846,1.6417704491333955e-08,5,1
8406,26126,0.3846153846153846,5.472568163777985e-09,3,1
8184,25410,0.3846153846153846,1.094513632755597e-08,5,1
8154,22771,0.3846153846153846,1.6417704491333955e-08,5,1
8677,26950,0.3846153846153846,1.094513632755597e-08,3,1
8628,26784,0.3846153846153846,8.208852245666977e-09,3,1
8871,9420,0.3846153846153846,3.64837877585199e-09,5,1
5578,20798,0.3846153846153846,5.472568163777985e-09,3,1
5545,20713,0.3846153846153846,5.472568163777985e-09,4,1
6672,18201,0.3846153846153846,8.208852245666977e-09,5,1
8227,25545,0.3846153846153846,5.472568163777985e-09,3,1
8878,20583,0.3846153846153846,8.208852245666977e-09,4,1
8219,25524,0.3846153846153846,3.009912490077892e-08,4,1
7164,8528,0.3846153846153846,8.208852245666977e-09,6,1
5545,12930,-0.3846153846153846,2.7362840818889926e-09,5,1
7164,8528,0.3846153846153846,8.208852245666977e-09,6,1
5545,12930,-0.3846153846153846,2.7362840818889926e-09,5,1
4588,9584,-0.3829787234042553,2.7362840818889926e-09,5,1
4588,19185,0.3829787234042553,5.472568163777985e-09,4,1
4588,9584,-0.3829787234042553,2.7362840818889926e-09,5,1
87,3199,-0.3825659269627426,0.00019416334238656744,25,0
87,3199,-0.3825659269627426,0.00019416334238656744,25,0
9945,21864,0.3823529411764705,8.208852245666977e-09,4,1
4381,6315,-0.3823529411764705,5.472568163777985e-09,5,1
10159,22130,0.3823529411764705,8.208852245666977e-09,4,1
6243,8953,-0.3823529411764705,4.104426122833489e-09,5,1
5024,6298,-0.3823529411764705,2.7362840818889926e-09,6,1
6243,8953,-0.3823529411764705,4.104426122833489e-09,5,1
5094,10294,-0.3823529411764705,1.094513632755597e-08,6,1
6243,7599,0.3823529411764705,1.094513632755597e-08,5,1
10091,22047,0.3823529411764705,1.094513632755597e-08,4,1
6224,17790,0.3818181818181818,8.208852245666977e-09,5,1
3012,15913,0.3809523809523809,3.283540898266791e-08,5,1
8251,19903,0.3809523809523809,8.208852245666977e-09,4,1
5438,17042,0.3809523809523809,8.208852245666977e-09,4,1
8649,20323,0.3809523809523809,8.208852245666977e-09,4,1
5094,20088,0.3809523809523809,1.094513632755597e-08,4,1
5489,17084,0.3809523809523809,1.915398857322295e-08,6,1
4188,18451,0.38,5.472568163777985e-09,3,1
81,504,-0.3798848658905585,0.00018100470305509436,40,0
81,504,-0.3798848658905585,0.00018100470305509436,40,0
7296,23853,0.3793103448275862,1.094513632755597e-08,4,1
7537,24725,0.3793103448275862,8.208852245666977e-09,4,1
7416,23662,0.3793103448275862,5.472568163777985e-09,5,1
7338,24057,0.3793103448275862,5.472568163777985e-09,3,1
7275,23764,0.3793103448275862,5.472568163777985e-09,3,1
7547,24764,0.3793103448275862,5.472568163777985e-09,3,1
5801,21132,0.3783783783783784,5.472568163777985e-09,3,1
5829,21262,0.3783783783783784,5.472568163777985e-09,3,1
4749,8806,0.3777777777777777,5.4725681637779854e-08,4,1
7932,19563,0.3777777777777777,8.208852245666977e-09,4,1
6104,18313,0.3773584905660377,1.6417704491333955e-08,4,1
4891,16737,0.3768115942028985,1.094513632755597e-08,4,1
6642,22859,0.375,1.6417704491333955e-08,4,1
11159,23383,0.375,8.208852245666977e-09,4,1
4645,17077,0.375,5.198939755589086e-08,4,1
8956,12480,0.375,5.472568163777985e-09,6,1
4361,18934,0.375,1.094513632755597e-08,4,1
10984,23178,0.375,8.208852245666977e-09,4,1
3652,17786,0.375,8.208852245666977e-09,4,1
11087,23296,0.375,2.189027265511194e-08,5,1
3218,17222,0.375,5.472568163777985e-09,3,1
4226,15997,0.3734939759036144,1.094513632755597e-08,5,1
7243,18780,0.3725490196078431,8.208852245666977e-09,4,1
8153,19774,0.3720930232558139,1.6417704491333955e-08,5,1
8587,20254,0.3720930232558139,8.208852245666977e-09,4,1
4818,19924,0.3720930232558139,5.472568163777985e-09,3,1
6137,16363,0.3714285714285714,3.64837877585199e-09,6,1
10400,21063,0.3714285714285714,1.6417704491333955e-08,5,1
6076,22127,0.3714285714285714,5.472568163777985e-09,4,1
6030,21940,0.3714285714285714,5.472568163777985e-09,3,1
6076,14113,-0.3714285714285714,2.7362840818889926e-09,5,1
5974,21681,0.3714285714285714,5.472568163777985e-09,4,1
6076,14113,-0.3714285714285714,2.7362840818889926e-09,5,1
5974,10267,-0.3714285714285714,2.7362840818889926e-09,5,1
4981,16635,0.3714285714285714,1.094513632755597e-08,5,1
5974,10267,-0.3714285714285714,2.7362840818889926e-09,5,1
2435,16159,0.3703703703703703,1.915398857322295e-08,6,1
7717,25428,0.3703703703703703,5.472568163777985e-09,3,1
7780,25672,0.3703703703703703,5.472568163777985e-09,3,1
7992,26521,0.3703703703703703,5.472568163777985e-09,3,1
4725,17197,0.3692307692307692,8.208852245666977e-09,4,1
1343,1568,-0.368421052631579,4.104426122833489e-09,6,1
1343,1568,-0.368421052631579,4.104426122833489e-09,6,1
9572,21417,0.3684210526315789,2.189027265511194e-08,5,1
2034,2105,0.3680981595092024,0.00010008029741527813,24,0
4660,16883,0.3676470588235294,8.208852245666977e-09,4,1
7634,19207,0.3673469387755102,8.208852245666977e-09,6,1
7092,14108,-0.3666666666666667,4.104426122833489e-09,6,1
7092,14108,-0.3666666666666667,4.104426122833489e-09,6,1
7169,24798,0.3666666666666666,5.472568163777985e-09,3,1
7059,24414,0.3666666666666666,5.472568163777985e-09,3,1
123,6973,-0.3666666666666666,0.00018394584604222302,23,0
7210,24942,0.3666666666666666,4.104426122833489e-08,4,1
7092,24557,0.3666666666666666,8.208852245666977e-09,5,1
5011,19053,0.3658536585365853,9.576994286611475e-09,6,1
9273,10270,0.3658536585365853,1.6417704491333955e-08,5,1
5057,20657,0.3658536585365853,5.472568163777985e-09,3,1
9273,21017,0.3658536585365853,1.094513632755597e-08,4,1
3882,8602,0.3655913978494624,5.472568163777985e-09,5,1
3882,15740,0.3655913978494624,8.208852245666977e-09,4,1
5854,18710,0.3653846153846153,1.3681420409444964e-08,4,1
5802,11299,-0.3636363636363636,0.0016593948549048427,26,0
6468,23456,0.3636363636363636,5.472568163777985e-09,3,1
4718,19589,0.3636363636363636,2.7362840818889926e-09,5,1
6286,6960,0.3636363636363636,1.094513632755597e-08,4,1
10883,23044,0.3636363636363636,1.915398857322295e-08,6,1
8397,20074,0.3636363636363636,8.208852245666977e-09,4,1
10852,23004,0.3636363636363636,1.3681420409444964e-08,4,1
1814,4477,-0.362981979261049,0.0002534524819873386,23,0
1814,4477,-0.362981979261049,0.0002534524819873386,23,0
104,1259,0.3626305693347521,0.00031938319264252006,41,0
104,1259,0.3626305693347521,0.00031938319264252006,41,0
2643,6373,-0.3620689655172414,1.6417704491333955e-08,5,1
6373,17914,0.3620689655172414,1.094513632755597e-08,4,1
884,4313,-0.3617298504684494,0.00011124722538091308,26,0
884,4313,-0.3617298504684494,0.00011124722538091308,26,0
8086,19710,0.3617021276595745,8.208852245666977e-09,4,1
6556,19274,0.3617021276595745,8.208852245666977e-09,4,1
7029,18733,0.3617021276595745,5.472568163777985e-09,6,1
5235,5785,-0.3611111111111111,3.283540898266791e-08,6,1
10434,22492,0.3611111111111111,8.208852245666977e-09,4,1
5724,21806,0.3611111111111111,8.208852245666977e-09,4,1
5856,22329,0.3611111111111111,5.472568163777985e-09,3,1
8,4203,-0.3608621227977412,0.00018870699040356132,39,0
8,4203,-0.3608621227977412,0.00018870699040356132,39,0
6000,17576,0.360655737704918,1.915398857322295e-08,6,1
4555,16576,0.36,1.094513632755597e-08,6,1
3293,15550,0.36,2.7362840818889927e-08,5,1
4805,16482,0.36,1.094513632755597e-08,5,1
4805,16481,0.36,1.094513632755597e-08,5,1
6309,18932,0.36,2.7362840818889927e-08,5,1
5399,21438,0.358974358974359,5.472568163777985e-09,3,1
1235,2051,0.3586956521739131,5.472568163777985e-09,5,1
1235,2051,0.3586956521739131,5.472568163777985e-09,5,1
2051,8192,0.358695652173913,1.6417704491333955e-08,6,1
1543,5324,0.358695652173913,1.3681420409444963e-09,6,1
1543,5324,0.358695652173913,1.3681420409444963e-09,6,1
1962,14924,0.3582089552238806,8.208852245666977e-09,5,1
1999,15725,0.3578947368421052,2.7362840818889926e-09,4,1
2988,4135,0.3578947368421052,1.915398857322295e-08,6,1
7357,25730,0.3571428571428571,5.472568163777985e-09,3,1
297,7347,-0.3571428571428571,0.0008850180384895551,23,0
7451,26160,0.3571428571428571,5.472568163777985e-09,3,1
7472,26246,0.3571428571428571,5.472568163777985e-09,3,1
7493,26306,0.3571428571428571,5.472568163777985e-09,4,1
4410,11926,0.3571428571428571,2.7362840818889926e-09,6,1
4410,16150,0.3571428571428571,4.104426122833489e-09,5,1
7364,25748,0.3571428571428571,5.472568163777985e-09,3,1
8649,21034,0.3571428571428571,8.208852245666977e-09,4,1
7493,13100,-0.3571428571428571,2.7362840818889926e-09,5,1
7493,13100,-0.3571428571428571,2.7362840818889926e-09,5,1
16,1553,-0.3568648178087303,8.168158435414991e-05,56,0
16,1553,-0.3568648178087303,8.168158435414991e-05,56,0
6347,17887,0.3559322033898305,8.208852245666977e-09,4,1
2864,15144,0.3553719008264462,1.094513632755597e-08,6,1
2803,7132,-0.3551336146272855,0.00015761117849205799,23,0
2803,7132,-0.3551336146272855,0.00015761117849205799,23,0
12562,25038,0.3548387096774194,8.208852245666977e-09,4,1
6874,25149,0.3548387096774194,5.472568163777985e-09,3,1
6802,24781,0.3548387096774194,5.472568163777985e-09,4,1
4223,6802,0.3548387096774194,2.7362840818889926e-09,5,1
6849,24972,0.3548387096774194,5.472568163777985e-09,3,1
944,12256,-0.3548387096774194,0.0002433763093370941,29,0
6581,23866,0.3548387096774194,5.472568163777985e-09,3,1
6126,17705,0.3548387096774194,1.3681420409444964e-08,6,1
4223,6802,0.3548387096774194,2.7362840818889926e-09,5,1
58,1228,-0.3541489059391872,0.00012589643060771256,28,0
58,1228,-0.3541489059391872,0.00012589643060771256,28,0
5470,15438,0.3538461538461538,4.104426122833489e-09,6,1
21,3008,-0.3534700694357062,0.0001272072197067428,70,0
21,3008,-0.3534700694357062,0.0001272072197067428,70,0
7233,19214,0.3529411764705882,2.189027265511194e-08,4,1
3813,17112,0.3529411764705882,8.208852245666977e-09,4,1
6145,19285,0.3529411764705882,4.104426122833489e-09,5,1
1883,14919,0.3529411764705882,8.208852245666977e-09,5,1
10799,22935,0.3529411764705882,8.208852245666977e-09,4,1
5955,18316,0.3529411764705882,2.7362840818889926e-09,4,1
4428,13441,0.3529411764705882,6.840710204722482e-09,6,1
3912,8771,-0.3529411764705882,2.7362840818889926e-09,6,1
3912,8771,-0.3529411764705882,2.7362840818889926e-09,6,1
5780,18606,0.3518518518518518,8.208852245666977e-09,4,1
241,919,-0.3517279114924965,0.00022408692753675814,27,0
241,919,-0.3517279114924965,0.00022408692753675814,27,0
4797,5875,0.3514705882352941,1.094513632755597e-08,6,1
4797,5875,0.3514705882352941,1.094513632755597e-08,6,1
10368,22397,0.3513513513513513,8.208852245666977e-09,4,1
5594,20740,0.3513513513513513,2.7362840818889926e-09,4,1
5581,5582,0.3513513513513513,3.283540898266791e-08,4,1
10368,22398,0.3513513513513513,8.208852245666977e-09,4,1
1369,6048,-0.3512000861048326,0.00037588569821173545,28,0
1369,6048,-0.3512000861048326,0.00037588569821173545,28,0
45,830,-0.3509211983602887,9.746340064734936e-05,160,0
45,830,-0.3509211983602887,9.746340064734936e-05,160,0
3241,9814,-0.35,8.208852245666977e-09,6,1
9568,21414,0.35,1.915398857322295e-08,6,1
3241,9814,-0.35,8.208852245666977e-09,6,1
5130,10880,0.35,1.094513632755597e-08,4,1
3241,17802,0.35,1.6417704491333955e-08,5,1
2035,15118,0.3495934959349593,8.208852245666977e-09,4,1
5489,17578,0.3492063492063492,1.915398857322295e-08,6,1
13,369,-0.348993288590604,0.00010138930214378361,79,0
241,256,0.3488494673752537,0.00030998884173847864,28,0
241,256,0.3488494673752537,0.00030998884173847864,28,0
4680,20700,0.3488372093023256,5.472568163777985e-09,4,1
4680,6998,-0.3488372093023255,2.7362840818889926e-09,5,1
4680,6998,-0.3488372093023255,2.7362840818889926e-09,5,1
4700,12085,0.3484848484848485,6.567081796533582e-08,5,1
3667,16843,0.3472222222222222,1.3681420409444964e-08,4,1
7925,19556,0.3469387755102041,3.83079771464459e-08,5,1
2683,15673,0.3465346534653465,8.208852245666977e-09,4,1
411,3722,-0.3462586159360353,0.0003595140023953259,108,0
411,3722,-0.3462586159360353,0.0003595140023953259,108,0
7298,18851,0.3461538461538461,1.094513632755597e-08,5,1
17,5965,0.3456389452332657,0.00015110034328599207,37,0
5631,18730,0.3454545454545454,8.208852245666977e-09,4,1
6224,18433,0.3454545454545454,8.208852245666977e-09,5,1
6938,25510,0.3448275862068966,5.472568163777985e-09,3,1
6891,25242,0.3448275862068966,5.472568163777985e-09,3,1
7048,26056,0.3448275862068966,5.472568163777985e-09,3,1
6956,25621,0.3448275862068966,5.472568163777985e-09,3,1
7197,26656,0.3448275862068966,7.66159542928918e-08,3,1
5756,7176,-0.3448275862068966,1.094513632755597e-08,6,1
7170,20229,0.3448275862068966,5.472568163777985e-09,5,1
3357,18143,0.3448275862068966,1.094513632755597e-08,4,1
11680,23968,0.34375,8.208852245666977e-09,4,1
11680,23967,0.34375,8.208852245666977e-09,4,1
6257,23925,0.34375,8.208852245666977e-09,5,1
6343,24271,0.34375,5.472568163777985e-09,3,1
1105,6415,-0.34375,0.00010073903475882516,37,0
6252,23888,0.34375,1.094513632755597e-08,3,1
6340,18698,0.34375,4.560473469814987e-09,6,1
217,273,-0.3433651804670913,0.00016277202837580897,29,0
217,273,-0.3433651804670913,0.00016277202837580897,29,0
1895,14666,0.3431952662721893,4.104426122833489e-09,6,1
10400,23578,0.3428571428571428,1.094513632755597e-08,4,1
10674,22770,0.3428571428571428,8.208852245666977e-09,4,1
10674,22769,0.3428571428571428,8.208852245666977e-09,4,1
5758,23063,0.3428571428571428,2.189027265511194e-08,4,1
11211,23429,0.3428571428571428,1.094513632755597e-08,5,1
11211,23430,0.3428571428571428,1.094513632755597e-08,5,1
1534,2239,-0.3421785240830756,0.00012589643060771256,32,0
1534,2239,-0.3421785240830756,0.00012589643060771256,32,0
6,125,0.3416634772662607,0.00017066966348303983,27,0
6,125,0.3416634772662607,0.00017066966348303983,27,0
8397,20739,0.3409090909090909,8.208852245666977e-09,4,1
9059,20803,0.3409090909090909,1.3681420409444964e-08,5,1
7786,20550,0.3409090909090909,8.208852245666977e-09,4,1
2918,16029,0.3406593406593406,8.208852245666977e-09,4,1
2513,15966,0.3406593406593406,8.208852245666977e-09,5,1
4310,20280,0.3404255319148936,5.472568163777985e-09,3,1
3860,15727,0.34,8.208852245666977e-09,4,1
7461,19032,0.3396226415094339,1.094513632755597e-08,5,1
179,2002,-0.3393198906356801,0.00021739979192883304,30,0
179,2002,-0.3393198906356801,0.00021739979192883304,30,0
6347,18215,0.3389830508474576,8.208852245666977e-09,4,1
6748,18285,0.3389830508474576,1.094513632755597e-08,5,1
4519,17897,0.3387096774193548,8.208852245666977e-09,5,1
2957,17768,0.3384615384615385,8.208852245666977e-09,4,1
2910,17631,0.3384615384615385,5.472568163777985e-09,3,1
365,2543,-0.3378378378378378,0.00010073903475882513,22,0
345,3650,-0.3364485981308411,0.0001528122591615098,30,0
103,404,-0.3361774744027304,0.00030485788591213576,22,0
340,1258,-0.3349158143377433,0.0001294353999461689,32,0
340,1258,-0.3349158143377433,0.0001294353999461689,32,0
2799,9751,0.3348148148148148,8.208852245666977e-09,6,1
2799,9751,0.3348148148148148,8.208852245666977e-09,6,1
1940,4454,0.3333333333333333,2.7362840818889926e-09,5,1
1940,4454,0.3333333333333333,2.7362840818889926e-09,5,1
7640,21492,0.3333333333333333,8.208852245666977e-09,4,1
6757,26307,0.3333333333333333,5.472568163777985e-09,3,1
4335,20437,0.3333333333333333,5.472568163777985e-09,3,1
227,5934,-0.3333333333333333,0.000908170798582363,40,0
7887,21119,0.3333333333333333,8.208852245666977e-09,4,1
6065,24475,0.3333333333333333,5.472568163777985e-09,3,1
6687,25897,0.3333333333333333,1.6417704491333955e-08,4,1
4454,21111,0.3333333333333333,5.472568163777985e-09,4,1
6721,26110,0.3333333333333333,5.472568163777985e-09,3,1
7932,20813,0.3333333333333333,8.208852245666977e-09,4,1
8878,21867,0.3333333333333333,8.208852245666977e-09,4,1
5647,18384,0.3333333333333333,8.208852245666977e-09,4,1
6181,14942,0.3333333333333333,1.6965569255216574e-06,6,1
6698,25954,0.3333333333333333,5.472568163777985e-09,3,1
5546,18235,0.3333333333333333,8.208852245666977e-09,5,1
10434,23639,0.3333333333333333,8.208852245666977e-09,4,1
7243,19720,0.3333333333333333,8.208852245666977e-09,4,1
6117,20194,0.3333333333333333,3.55716930645569e-08,4,1
3807,12801,0.3333333333333333,1.094513632755597e-08,4,1
3598,19021,0.3333333333333333,2.046496099570127e-08,6,1
3423,16070,0.3333333333333333,8.208852245666977e-09,4,1
6050,24322,0.3333333333333333,5.472568163777985e-09,3,1
5968,23908,0.3333333333333333,5.472568163777985e-09,3,1
1,10763,-0.3333333333333333,0.0002318875998489505,26,0
5993,24006,0.3333333333333333,5.472568163777985e-09,3,1
8461,22164,0.3333333333333333,8.208852245666977e-09,5,1
4658,16666,0.3333333333333333,1.6417704491333955e-08,6,1
10852,24214,0.3333333333333333,1.3681420409444964e-08,4,1
858,7300,-0.3330216903515333,0.0002485992536375075,25,0
858,7300,-0.3330216903515333,0.0002485992536375075,25,0
3860,15825,0.33,8.208852245666977e-09,4,1
3860,15824,0.33,8.208852245666977e-09,4,1
1826,14610,0.3297297297297297,2.189027265511194e-08,6,1
4981,17265,0.3285714285714285,1.094513632755597e-08,5,1
3666,17288,0.3285714285714285,8.208852245666977e-09,4,1
921,3735,-0.3282284201396814,0.0003253822819366646,151,0
921,3735,-0.3282284201396814,0.0003253822819366646,151,0
2930,17985,0.328125,5.472568163777985e-09,3,1
2249,3055,0.3278688524590164,2.7362840818889926e-09,5,1
2249,3055,0.3278688524590164,2.7362840818889926e-09,5,1
3055,18112,0.3278688524590163,5.472568163777985e-09,4,1
1867,15298,0.3278688524590163,1.3681420409444964e-08,4,1
3317,14513,0.3275862068965517,1.094513632755597e-08,6,1
3656,19291,0.3269230769230769,5.472568163777985e-09,3,1
6672,19433,0.3269230769230769,8.208852245666977e-09,5,1
8052,19673,0.3269230769230769,1.3681420409444964e-08,5,1
96,6157,-0.326741440377804,0.00010072808962249759,22,0
96,6157,-0.326741440377804,0.00010072808962249759,22,0
3911,19817,0.3265306122448979,5.472568163777985e-09,3,1
7925,20128,0.3265306122448979,3.83079771464459e-08,5,1
7925,14617,0.3265306122448979,1.532319085857836e-07,6,1
7501,20152,0.3265306122448979,8.208852245666977e-09,5,1
365,3258,-0.3263588263588264,9.966783174722665e-05,26,0
365,3258,-0.3263588263588264,9.966783174722665e-05,26,0
343,1146,0.3262677648578812,0.00012781904947200903,26,0
343,1146,0.3262677648578812,0.00012781904947200903,26,0
8679,21076,0.3260869565217391,2.4626556737000932e-08,6,1
8587,21369,0.3255813953488372,8.208852245666977e-09,4,1
7973,21279,0.3255813953488372,8.208852245666977e-09,4,1
4832,21879,0.325,1.094513632755597e-08,4,1
4935,22378,0.325,8.208852245666977e-09,3,1
4797,21649,0.325,2.4626556737000932e-08,5,1
4843,21920,0.325,8.208852245666977e-09,3,1
2370,16888,0.3246753246753247,5.28381649958774e-08,5,1
5348,23366,0.3243243243243243,5.472568163777985e-09,3,1
8886,22970,0.3243243243243243,1.6417704491333955e-08,4,1
10091,24386,0.3235294117647059,1.094513632755597e-08,4,1
6180,17755,0.3235294117647059,4.104426122833489e-08,5,1
9945,24144,0.3235294117647059,8.208852245666977e-09,4,1
5788,24413,0.3235294117647059,1.6417704491333955e-08,3,1
5786,24404,0.3235294117647059,1.094513632755597e-08,5,1
5712,23989,0.3235294117647059,1.3681420409444964e-08,4,1
10159,24521,0.3235294117647059,8.208852245666977e-09,4,1
10799,24139,0.3235294117647059,8.208852245666977e-09,4,1
10799,24138,0.3235294117647059,8.208852245666977e-09,4,1
5766,22495,0.3235294117647059,2.7362840818889926e-09,4,1
10294,24766,0.3235294117647059,1.094513632755597e-08,4,1
5786,13335,-0.3235294117647058,4.104426122833489e-09,5,1
5786,13335,-0.3235294117647058,4.104426122833489e-09,5,1
1246,11171,-0.323076923076923,2.7362840818889926e-09,6,1
1246,11171,-0.323076923076923,2.7362840818889926e-09,6,1
2101,11704,-0.3225806451612903,0.0003524908517130219,45,0
6244,6251,-0.3225806451612903,3.283540898266791e-08,5,1
6227,25288,0.3225806451612903,1.094513632755597e-08,3,1
6255,25436,0.3225806451612903,5.472568163777985e-09,3,1
12562,26842,0.3225806451612903,8.208852245666977e-09,4,1
12562,26841,0.3225806451612903,8.208852245666977e-09,4,1
6436,26405,0.3225806451612903,5.472568163777985e-09,3,1
6203,19251,0.3214285714285714,2.4626556737000932e-08,5,1
5491,14789,0.320754716981132,5.472568163777985e-09,5,1
1262,6763,-0.3202513607587544,0.00012590327131791726,36,0
1262,6763,-0.3202513607587544,0.00012590327131791726,36,0
2735,16082,0.3195876288659793,1.6417704491333955e-08,5,1
6167,20994,0.3191489361702128,1.094513632755597e-08,5,1
8086,21044,0.3191489361702128,8.208852245666977e-09,4,1
8086,21045,0.3191489361702128,8.208852245666977e-09,4,1
4137,20911,0.3191489361702128,5.472568163777985e-09,3,1
2019,15062,0.3188405797101449,3.83079771464459e-08,6,1
4703,17663,0.3188405797101449,1.094513632755597e-08,5,1
30,69,-0.3188253239625358,0.0006473589741100612,79,0
30,69,-0.3188253239625358,0.0006473589741100612,79,0
2682,16323,0.3186813186813186,8.208852245666977e-09,4,1
6012,9059,-0.3181818181818182,2.189027265511194e-08,6,1
5438,18095,0.3174603174603174,8.208852245666977e-09,4,1
7321,21723,0.3170731707317073,8.208852245666977e-09,5,1
8672,22536,0.3170731707317073,8.208852245666977e-09,4,1
8088,12274,0.3170731707317073,1.6417704491333955e-08,5,1
3905,16830,0.3164556962025316,8.208852245666977e-09,4,1
2986,16869,0.3164556962025316,1.6417704491333955e-08,6,1
8280,22938,0.3157894736842105,8.208852245666977e-09,5,1
3310,19166,0.3157894736842105,1.915398857322295e-08,3,1
921,4612,-0.3157894736842105,0.0004885995561633857,153,0
3564,15518,0.3157894736842105,1.094513632755597e-08,6,1
1511,3339,-0.3153153153153153,4.104426122833489e-09,6,1
1511,3339,-0.3153153153153153,4.104426122833489e-09,6,1
6186,19705,0.3148148148148148,8.208852245666977e-09,4,1
545,5740,-0.3144017623571526,0.00024420692627352903,35,0
545,5740,-0.3144017623571526,0.00024420692627352903,35,0
11211,24746,0.3142857142857143,1.094513632755597e-08,5,1
10500,25166,0.3142857142857143,8.208852245666977e-09,5,1
5484,24035,0.3142857142857143,5.472568163777985e-09,3,1
10500,25165,0.3142857142857143,8.208852245666977e-09,5,1
5471,23959,0.3142857142857143,5.472568163777985e-09,3,1
10674,23945,0.3142857142857143,8.208852245666977e-09,4,1
4086,17614,0.3142857142857143,8.208852245666977e-09,6,1
653,5064,-0.3142857142857143,0.00029190469433548353,23,0
4139,15928,0.3137254901960784,2.4626556737000932e-08,6,1
10984,26104,0.3125,8.208852245666977e-09,4,1
11087,26308,0.3125,2.189027265511194e-08,5,1
4439,16173,0.3125,1.915398857322295e-08,6,1
11087,26309,0.3125,2.189027265511194e-08,5,1
5975,6156,-0.3125,4.104426122833489e-09,5,1
11159,26422,0.3125,8.208852245666977e-09,4,1
11159,26423,0.3125,8.208852245666977e-09,4,1
10984,26105,0.3125,8.208852245666977e-09,4,1
5969,8528,0.3125,3.283540898266791e-08,6,1
11680,25523,0.3125,8.208852245666977e-09,4,1
5975,21785,0.3125,1.094513632755597e-08,5,1
6116,26455,0.3125,5.472568163777985e-09,3,1
5975,6156,-0.3125,4.104426122833489e-09,5,1
604,9111,-0.3119668246445498,0.00020746553315114063,37,0
604,9111,-0.3119668246445498,0.00020746553315114063,37,0
861,4473,-0.3118279569892473,0.00013074826797605294,25,0
2316,17046,0.3116883116883117,5.472568163777985e-09,4,1
2316,3319,-0.3116883116883117,2.7362840818889926e-09,5,1
2316,3319,-0.3116883116883117,2.7362840818889926e-09,5,1
2407,17327,0.3108108108108108,5.472568163777985e-09,3,1
8251,21803,0.3095238095238095,8.208852245666977e-09,4,1
8251,21802,0.3095238095238095,8.208852245666977e-09,4,1
1638,3036,-0.3088235294117647,0.00025946018750161486,22,0
1586,15231,0.3082706766917293,8.208852245666977e-09,5,1
4791,12776,0.3076923076923077,8.208852245666977e-09,6,1
4845,23030,0.3076923076923077,1.6417704491333955e-08,3,1
5067,20026,0.3076923076923077,8.208852245666977e-09,4,1
4976,12675,0.3076923076923077,5.4725681637779854e-08,6,1
2006,14782,0.3068181818181818,2.7362840818889926e-09,5,1
2917,18632,0.3064516129032258,5.472568163777985e-09,3,1
630,861,0.3061426776490297,0.0001599472390881263,34,0
630,861,0.3061426776490297,0.0001599472390881263,34,0
6421,9071,0.3061224489795918,5.4725681637779854e-08,5,1
3875,20984,0.3061224489795918,5.472568163777985e-09,4,1
3787,20434,0.3061224489795918,5.472568163777985e-09,4,1
7634,21023,0.3061224489795918,1.6417704491333955e-08,5,1
3787,6138,-0.3061224489795918,2.7362840818889926e-09,5,1
3875,8113,-0.3061224489795918,2.7362840818889926e-09,5,1
3787,6138,-0.3061224489795918,2.7362840818889926e-09,5,1
6495,20987,0.3061224489795918,1.6417704491333955e-08,5,1
7501,20844,0.3061224489795918,8.208852245666977e-09,5,1
3875,8113,-0.3061224489795918,2.7362840818889926e-09,5,1
921,3037,-0.3060087814397225,0.00018596360812841875,155,0
921,3037,-0.3060087814397225,0.00018596360812841875,155,0
4312,16793,0.3058823529411765,8.208852245666977e-09,6,1
473,615,-0.3057396105783203,0.00015318659413574853,23,0
473,615,-0.3057396105783203,0.00015318659413574853,23,0
1544,15813,0.3055555555555556,5.472568163777985e-09,3,1
5266,18417,0.3055555555555556,2.7362840818889926e-09,5,1
10434,25042,0.3055555555555556,8.208852245666977e-09,4,1
5408,25061,0.3055555555555556,1.094513632755597e-08,4,1
5422,25179,0.3055555555555556,1.094513632755597e-08,4,1
5408,6395,-0.3055555555555556,8.208852245666977e-09,6,1
5408,6395,-0.3055555555555556,8.208852245666977e-09,6,1
8752,23862,0.3055555555555556,8.208852245666977e-09,4,1
2507,17765,0.3055555555555556,5.472568163777985e-09,3,1
6347,18965,0.3050847457627119,8.208852245666977e-09,4,1
4125,4564,0.3047619047619048,0.0016753681929291575,24,0
1411,4106,-0.3047619047619048,0.0001399008311293804,22,0
1111,2596,0.3047561637229489,0.000213971681168963,26,0
1111,2596,0.3047561637229489,0.000213971681168963,26,0
4562,17992,0.3043478260869565,1.094513632755597e-08,4,1
5789,26093,0.303030303030303,5.472568163777985e-09,3,1
5183,10852,-0.303030303030303,2.4626556737000932e-08,6,1
9738,25342,0.303030303030303,8.208852245666977e-09,4,1
10883,25899,0.303030303030303,1.915398857322295e-08,6,1
9738,25341,0.303030303030303,8.208852245666977e-09,4,1
4357,11772,0.3023255813953488,1.094513632755597e-08,5,1
6931,21673,0.3023255813953488,8.208852245666977e-09,4,1
3518,4357,0.3023255813953488,4.104426122833489e-09,5,1
8587,22367,0.3023255813953488,8.208852245666977e-09,4,1
3518,4357,0.3023255813953488,4.104426122833489e-09,5,1
2558,3862,-0.3019230769230769,0.00015377609623509623,22,0
2558,3862,-0.3019230769230769,0.00015377609623509623,22,0
3460,19869,0.3018867924528302,5.472568163777985e-09,3,1
5211,19790,0.3018867924528302,1.094513632755597e-08,5,1
40,6860,-0.3018867924528302,0.0007745246113024476,29,0
455,483,0.3018111052713817,0.00013600411720441139,51,0
455,483,0.3018111052713817,0.00013600411720441139,51,0
929,3386,0.3015873015873015,0.00019682153660872086,23,0
359,2823,-0.3015873015873015,0.0002611295651950688,29,0
7241,18778,0.3015873015873015,1.3681420409444964e-08,5,1
5438,18444,0.3015873015873015,8.208852245666977e-09,4,1
297,6338,-0.3013874788494078,0.00014833742079905525,28,0
297,6338,-0.3013874788494078,0.00014833742079905525,28,0
2626,17010,0.3012048192771084,2.7362840818889927e-08,6,1
944,1424,0.3002754820936639,0.0009886359303267946,31,0
7961,23384,0.3,3.009912490077892e-08,5,1
6133,20916,0.3,8.208852245666977e-09,6,1
5600,20860,0.3,2.189027265511194e-08,4,1
5382,20960,0.3,1.094513632755597e-08,4,1
4736,23471,0.3,5.472568163777985e-09,3,1
3770,18068,0.3,8.208852245666977e-09,4,1
890,1682,-0.2995964592554022,0.00040476784658420215,22,0
890,1682,-0.2995964592554022,0.00040476784658420215,22,0
1729,2313,-0.2993630573248407,0.000129226169810392,22,0
127,463,0.2992508395763368,0.00013283165747854275,31,0
127,463,0.2992508395763368,0.00013283165747854275,31,0
34,1802,-0.2988046448087431,0.00021665094625305476,72,0
34,1802,-0.2988046448087431,0.00021665094625305476,72,0
4406,18289,0.2985074626865671,8.208852245666977e-09,4,1
8124,19749,0.2982456140350877,1.094513632755597e-08,6,1
922,1773,0.2982362752404273,0.00016141830823342078,61,0
922,1773,0.2982362752404273,0.00016141830823342078,61,0
1072,5877,-0.2978723404255319,0.0003739071972892287,52,0
1169,5944,-0.2977099236641222,2.7362840818889926e-09,6,1
1169,5944,-0.2977099236641222,2.7362840818889926e-09,6,1
9286,25053,0.2972972972972973,8.208852245666977e-09,4,1
45,1484,-0.2972972972972973,0.00016729731473746835,153,0
5069,24340,0.2972972972972973,5.472568163777985e-09,3,1
9286,25054,0.2972972972972973,8.208852245666977e-09,4,1
5184,25095,0.2972972972972973,8.208852245666977e-09,3,1
8625,24978,0.2972972972972973,8.208852245666977e-09,4,1
10368,24887,0.2972972972972973,8.208852245666977e-09,4,1
4160,18748,0.296875,8.208852245666977e-09,4,1
1502,15873,0.2962962962962963,2.189027265511194e-08,5,1
700,6354,-0.2960397971127585,0.00010744085044416802,31,0
700,6354,-0.2960397971127585,0.00010744085044416802,31,0
7663,22584,0.2954545454545454,8.208852245666977e-09,4,1
8397,22074,0.2954545454545454,8.208852245666977e-09,4,1
7663,22585,0.2954545454545454,8.208852245666977e-09,4,1
7332,18892,0.2950819672131147,1.094513632755597e-08,5,1
1200,15430,0.2945736434108527,2.7362840818889926e-09,5,1
5446,25345,0.2941176470588235,8.208852245666977e-09,4,1
10159,26223,0.2941176470588235,8.208852245666977e-09,4,1
10294,16716,0.2941176470588235,5.472568163777985e-09,5,1
5530,25931,0.2941176470588235,5.472568163777985e-09,3,1
9614,26814,0.2941176470588235,8.208852245666977e-09,4,1
6670,10091,-0.2941176470588235,1.6417704491333955e-08,6,1
4139,16163,0.2941176470588235,2.4626556737000932e-08,6,1
7243,21054,0.2941176470588235,8.208852245666977e-09,4,1
9696,27010,0.2941176470588235,3.283540898266791e-08,6,1
9614,26815,0.2941176470588235,8.208852245666977e-09,4,1
5340,20817,0.2941176470588235,8.208852245666977e-09,4,1
9945,25762,0.2941176470588235,8.208852245666977e-09,4,1
9696,27011,0.2941176470588235,3.283540898266791e-08,6,1
10713,25564,0.2941176470588235,1.6417704491333955e-08,6,1
8672,23690,0.2926829268292683,8.208852245666977e-09,4,1
6967,22891,0.2926829268292683,4.104426122833489e-08,5,1
7040,23106,0.2926829268292683,8.208852245666977e-09,4,1
7017,23050,0.2926829268292683,8.208852245666977e-09,5,1
4241,18577,0.2923076923076923,8.208852245666977e-09,4,1
17,5195,-0.2918864097363083,0.00015986906407283413,38,0
17,5195,-0.2918864097363083,0.00015986906407283413,38,0
827,11113,-0.2907196969696969,0.0005286988923400067,22,0
827,11113,-0.2907196969696969,0.0005286988923400067,22,0
2247,14758,0.2903225806451613,3.009912490077892e-08,6,1
7480,19048,0.2903225806451613,1.3681420409444964e-08,6,1
12,595,-0.2900657295378722,0.0005076620376521078,73,0
12,595,-0.2900657295378722,0.0005076620376521078,73,0
4836,24191,0.2894736842105263,5.472568163777985e-09,4,1
4927,15837,0.2894736842105263,2.7362840818889926e-09,4,1
4836,11670,-0.2894736842105263,2.7362840818889926e-09,5,1
4960,25057,0.2894736842105263,8.208852245666977e-09,3,1
4836,11670,-0.2894736842105263,2.7362840818889926e-09,5,1
4839,9962,0.2894736842105263,1.094513632755597e-08,4,1
179,7902,-0.2894736842105263,0.0006441229925319271,29,0
921,5129,-0.2890981688458328,0.00012205166945365609,151,0
921,5129,-0.2890981688458328,0.00012205166945365609,151,0
7932,22178,0.2888888888888888,8.208852245666977e-09,4,1
485,1876,-0.2888888888888888,0.00011396449392180859,23,0
4081,21943,0.2888888888888888,5.472568163777985e-09,3,1
8988,20716,0.2884615384615384,1.094513632755597e-08,5,1
8988,20717,0.2884615384615384,1.094513632755597e-08,5,1
7852,19474,0.288135593220339,1.094513632755597e-08,5,1
1396,5302,-0.2877664831286178,0.00013885578021973982,43,0
1396,5302,-0.2877664831286178,0.00013885578021973982,43,0
1383,3462,-0.2869565217391304,4.104426122833489e-09,6,1
1383,3462,-0.2869565217391304,4.104426122833489e-09,6,1
5303,26066,0.2857142857142857,5.472568163777985e-09,3,1
4450,23736,0.2857142857142857,5.472568163777985e-09,3,1
5326,10511,0.2857142857142857,4.104426122833489e-09,5,1
4363,22940,0.2857142857142857,5.472568163777985e-09,3,1
6203,20365,0.2857142857142857,2.4626556737000932e-08,5,1
5418,26935,0.2857142857142857,8.208852245666977e-09,4,1
5296,25985,0.2857142857142857,5.472568163777985e-09,3,1
3733,21246,0.2857142857142857,5.472568163777985e-09,3,1
4374,11248,0.2857142857142857,1.0330728757589547e-06,5,1
5352,26410,0.2857142857142857,8.208852245666977e-09,4,1
4410,17177,0.2857142857142857,4.104426122833489e-09,5,1
10400,26771,0.2857142857142857,1.094513632755597e-08,4,1
5239,25535,0.2857142857142857,1.6417704491333955e-08,4,1
3885,12226,0.2857142857142857,2.4626556737000932e-08,6,1
1979,14601,0.2850467289719626,1.094513632755597e-08,6,1
4265,7204,0.2844036697247706,0.00016608968915811278,22,0
340,831,-0.2841330030905464,0.00011038377894754616,33,0
340,831,-0.2841330030905464,0.00011038377894754616,33,0
884,3023,-0.2830188679245283,0.00011751975293832508,24,0
2101,8617,-0.2830188679245283,0.00039851012366406155,46,0
7461,20774,0.2830188679245283,1.094513632755597e-08,5,1
321,1853,-0.2829268292682926,0.0003696874547627487,36,0
21,3977,-0.2826193390452876,0.00010038485949637744,70,0
21,3977,-0.2826193390452876,0.00010038485949637744,70,0
6641,21795,0.2826086956521739,8.208852245666977e-09,4,1
6641,21796,0.2826086956521739,8.208852245666977e-09,4,1
921,976,-0.2824944053622862,0.00023408105559639465,166,0
921,976,-0.2824944053622862,0.00023408105559639465,166,0
7323,23977,0.282051282051282,2.189027265511194e-08,4,1
8871,11754,0.282051282051282,3.64837877585199e-09,6,1
8878,24150,0.282051282051282,8.208852245666977e-09,4,1
800,3700,-0.28125,0.00013317653464869805,22,0
6,531,-0.2808798646362098,0.0006678568165759384,27,0
5454,19819,0.2807017543859649,1.094513632755597e-08,6,1
4961,20327,0.2807017543859649,8.208852245666977e-09,4,1
4339,19822,0.2807017543859649,3.55716930645569e-08,5,1
2074,17405,0.2804878048780488,5.472568163777985e-09,3,1
2639,16100,0.2803738317757009,1.094513632755597e-08,5,1
5640,21432,0.28,8.208852245666977e-09,4,1
127,10841,-0.2792961258151131,0.00014831168460384186,24,0
127,10841,-0.2792961258151131,0.00014831168460384186,24,0
8153,14571,0.2790697674418604,5.472568163777985e-09,6,1
2489,7136,-0.2790697674418604,0.0007628480722531283,25,0
7973,23399,0.2790697674418604,8.208852245666977e-09,4,1
921,6876,-0.2790697674418604,0.0006534927148421965,150,0
6299,22896,0.2790697674418604,8.208852245666977e-09,4,1
1065,2989,-0.2785610443105067,0.00034577310705084856,82,0
1065,2989,-0.2785610443105067,0.00034577310705084856,82,0
956,3702,0.2781112444977991,0.00026952483880754484,24,0
956,3702,0.2781112444977991,0.00026952483880754484,24,0
1895,14973,0.2781065088757396,4.104426122833489e-09,6,1
5144,26557,0.2777777777777778,5.472568163777985e-09,3,1
6186,21038,0.2777777777777778,8.208852245666977e-09,4,1
4990,7216,-0.2777777777777778,2.7362840818889926e-09,5,1
8752,25369,0.2777777777777778,8.208852245666977e-09,4,1
4990,25307,0.2777777777777778,5.472568163777985e-09,4,1
4755,8362,-0.2777777777777778,8.877036485014389e-05,30,0
5174,21020,0.2777777777777778,8.208852245666977e-09,4,1
1773,9667,-0.2777777777777778,0.00012150890581872301,51,0
4990,7216,-0.2777777777777778,2.7362840818889926e-09,5,1
321,2184,-0.2777471602216711,0.0004809077186137778,42,0
321,2184,-0.2777471602216711,0.0004809077186137778,42,0
3071,17329,0.2771084337349397,1.094513632755597e-08,4,1
4226,17325,0.2771084337349397,1.094513632755597e-08,5,1
5470,14598,0.2769230769230769,4.104426122833489e-09,6,1
5852,22322,0.2765957446808511,1.094513632755597e-08,5,1
3839,22150,0.2765957446808511,5.472568163777985e-09,3,1
6373,20054,0.2758620689655172,1.094513632755597e-08,4,1
320,504,0.2756075922142166,0.00014295205254569632,30,0
320,504,0.2756075922142166,0.00014295205254569632,30,0
2647,4969,0.2755905511811024,0.00033635603467992777,23,0
4703,18647,0.2753623188405797,1.094513632755597e-08,5,1
4562,10525,0.2753623188405797,1.094513632755597e-08,6,1
4470,18461,0.2753623188405797,8.208852245666977e-09,5,1
7234,25060,0.275,8.208852245666977e-09,4,1
4582,24870,0.275,8.208852245666977e-09,4,1
4616,6989,-0.275,2.7362840818889926e-09,5,1
4616,6989,-0.275,2.7362840818889926e-09,5,1
4538,12047,0.275,1.6417704491333955e-08,5,1
7961,24679,0.275,3.009912490077892e-08,5,1
4616,25197,0.275,5.472568163777985e-09,4,1
485,3808,-0.2746305682085498,0.0002066180834539271,29,0
485,3808,-0.2746305682085498,0.0002066180834539271,29,0
7233,21484,0.2745098039215686,2.189027265511194e-08,4,1
1150,4768,-0.2745098039215686,0.00015374765870299255,33,0
7480,19551,0.2741935483870967,1.3681420409444964e-08,6,1
1610,6854,-0.2739942528735632,0.000489352198803811,22,0
1610,6854,-0.2739942528735632,0.000489352198803811,22,0
2934,18332,0.273972602739726,1.094513632755597e-08,4,1
2341,18301,0.273972602739726,5.472568163777985e-09,3,1
4068,22917,0.2727272727272727,5.472568163777985e-09,3,1
3323,15368,0.2727272727272727,2.7362840818889927e-08,6,1
7786,22894,0.2727272727272727,8.208852245666977e-09,4,1
2596,11867,-0.2726304579339723,0.0005815643270480731,25,0
2596,11867,-0.2726304579339723,0.0005815643270480731,25,0
4482,12506,0.2714285714285714,3.275394846176794e-06,5,1
7852,20016,0.2711864406779661,1.094513632755597e-08,5,1
7852,20017,0.2711864406779661,1.094513632755597e-08,5,1
4366,19960,0.2711864406779661,8.208852245666977e-09,4,1
134,2723,0.2711595631672666,0.00011181727417713033,40,0
134,2723,0.2711595631672666,0.00011181727417713033,40,0
3725,22195,0.2708333333333333,5.472568163777985e-09,3,1
117,4992,-0.2708333333333333,0.00045511245862688953,31,0
5577,22165,0.2708333333333333,8.208852245666977e-09,5,1
8886,22591,0.2702702702702703,3.283540898266791e-08,5,1
4841,25841,0.2702702702702703,5.472568163777985e-09,3,1
4914,26473,0.2702702702702703,5.472568163777985e-09,3,1
8625,26772,0.2702702702702703,8.208852245666977e-09,4,1
4864,26040,0.2702702702702703,5.472568163777985e-09,3,1
7241,19718,0.2698412698412698,2.189027265511194e-08,6,1
3391,11218,0.2695035460992908,0.00037407690998706285,33,0
2129,4089,-0.2692307692307692,0.00021589044015056234,28,0
8052,21407,0.2692307692307692,1.3681420409444964e-08,5,1
3393,21179,0.2692307692307692,5.472568163777985e-09,3,1
182,4717,-0.2689097453737257,0.00027532457465937057,107,0
182,4717,-0.2689097453737257,0.00027532457465937057,107,0
3882,17007,0.2688172043010752,5.472568163777985e-09,5,1
283,509,-0.2688092317764307,0.00017600600099934566,44,0
283,509,-0.2688092317764307,0.00017600600099934566,44,0
4745,19170,0.2686567164179104,1.094513632755597e-08,5,1
8088,25069,0.2682926829268293,1.094513632755597e-08,4,1
4418,24726,0.2682926829268293,8.208852245666977e-09,4,1
9273,25015,0.2682926829268293,1.094513632755597e-08,4,1
2536,16690,0.268041237113402,1.094513632755597e-08,5,1
3073,9119,0.2678571428571428,3.283540898266791e-08,5,1
733,7696,-0.2678571428571428,0.001173760758838927,28,0
5326,9608,0.2678571428571428,4.104426122833489e-09,5,1
3096,17391,0.2674418604651162,8.208852245666977e-09,6,1
3880,20304,0.2666666666666666,1.094513632755597e-08,6,1
3971,23206,0.2666666666666666,5.472568163777985e-09,3,1
5647,20313,0.2666666666666666,8.208852245666977e-09,4,1
3897,22627,0.2666666666666666,5.472568163777985e-09,3,1
5546,20048,0.2666666666666666,8.208852245666977e-09,5,1
2029,7385,-0.2666666666666666,0.0002862513571376434,23,0
3905,17793,0.2658227848101265,8.208852245666977e-09,4,1
688,5858,-0.2658227848101265,0.000226757939812075,24,0
6495,22419,0.2653061224489796,1.6417704491333955e-08,5,1
6421,22174,0.2653061224489796,2.189027265511194e-08,4,1
3643,19542,0.2653061224489796,5.472568163777985e-09,6,1
3053,17516,0.2650602409638554,2.189027265511194e-08,6,1
1582,7696,-0.2648973954222572,0.0003856466310558705,31,0
1582,7696,-0.2648973954222572,0.0003856466310558705,31,0
3322,21487,0.2641509433962264,5.472568163777985e-09,3,1
1058,2540,-0.2640585774058577,8.127384805187177e-05,22,0
1058,2540,-0.2640585774058577,8.127384805187177e-05,22,0
8280,25757,0.2631578947368421,8.208852245666977e-09,5,1
7246,8183,-0.2631578947368421,2.3427803710649558e-08,6,1
3564,16108,0.2631578947368421,1.094513632755597e-08,6,1
8124,21096,0.2631578947368421,1.094513632755597e-08,6,1
4748,25797,0.2631578947368421,2.7362840818889926e-09,5,1
1072,6867,-0.2630291239240656,0.0004239938534145901,50,0
1072,6867,-0.2630291239240656,0.0004239938534145901,50,0
324,1536,-0.2625635234330886,0.00033318021799052405,24,0
324,1536,-0.2625635234330886,0.00033318021799052405,24,0
2660,14125,0.2625,1.2313278368500466e-08,6,1
917,4064,-0.2622950819672131,0.0003763373444510649,24,0
4353,19922,0.2622950819672131,1.094513632755597e-08,5,1
7332,19886,0.2622950819672131,1.094513632755597e-08,5,1
2779,20285,0.2622950819672131,7.66159542928918e-08,4,1
7332,19885,0.2622950819672131,1.094513632755597e-08,5,1
792,3187,0.2619836714897745,9.911544960095776e-05,31,0
792,3187,0.2619836714897745,9.911544960095776e-05,31,0
944,8950,-0.2619254748441351,8.809312848536055e-05,32,0
944,8950,-0.2619254748441351,8.809312848536055e-05,32,0
4268,24541,0.2619047619047619,1.094513632755597e-08,5,1
7887,24444,0.2619047619047619,8.208852245666977e-09,4,1
8649,25049,0.2619047619047619,8.208852245666977e-09,4,1
4628,18824,0.2608695652173913,2.7362840818889927e-08,6,1
3885,16072,0.2605042016806723,7.66159542928918e-08,6,1
129,193,0.25897712677288,8.158455825797995e-05,25,0
129,193,0.25897712677288,8.158455825797995e-05,25,0
9172,20928,0.2586206896551724,1.094513632755597e-08,6,1
9172,20929,0.2586206896551724,1.094513632755597e-08,6,1
45,147,-0.2581744388894257,0.00019180724581970276,178,0
45,147,-0.2581744388894257,0.00019180724581970276,178,0
3423,17234,0.2580645161290322,8.208852245666977e-09,4,1
697,4443,-0.2571704025066281,0.00019984015759216229,32,0
697,4443,-0.2571704025066281,0.00019984015759216229,32,0
2388,19114,0.2571428571428571,8.208852245666977e-09,3,1
1183,1902,0.2569832402234637,9.371278533515783e-05,51,0
2229,18482,0.2567567567567567,8.208852245666977e-09,3,1
4603,26883,0.2564102564102564,5.472568163777985e-09,3,1
8461,26288,0.2564102564102564,8.208852245666977e-09,5,1
81,2345,-0.2560386473429952,0.0001260435207927767,36,0
459,1076,0.2558546550736191,0.0004966061896263244,26,0
459,1076,0.2558546550736191,0.0004966061896263244,26,0
4124,24614,0.2558139534883721,5.472568163777985e-09,3,1
7481,24560,0.2558139534883721,1.6417704491333955e-08,6,1
2311,17514,0.2558139534883721,8.208852245666977e-09,4,1
4044,23818,0.2558139534883721,8.208852245666977e-09,3,1
6931,23924,0.2558139534883721,8.208852245666977e-09,4,1
5756,8045,0.2553191489361702,2.189027265511194e-08,6,1
5756,23052,0.2553191489361702,1.3681420409444964e-08,5,1
5285,23038,0.2553191489361702,8.208852245666977e-09,4,1
1332,2024,-0.2553191489361702,0.00010484099851574961,22,0
2646,4554,-0.2548208310985109,0.00024900475781597717,36,0
2646,4554,-0.2548208310985109,0.00024900475781597717,36,0
4583,21385,0.2545454545454545,8.208852245666977e-09,4,1
3564,16219,0.2543859649122807,1.094513632755597e-08,6,1
6748,20793,0.2542372881355932,1.094513632755597e-08,5,1
7241,20333,0.2539682539682539,1.3681420409444964e-08,5,1
4406,19553,0.2537313432835821,8.208852245666977e-09,4,1
34,681,-0.2536183022733406,0.0002012510658966628,83,0
34,681,-0.2536183022733406,0.0002012510658966628,83,0
321,7113,-0.2533333333333333,0.0011868928671090885,38,0
602,1610,-0.2533333333333333,0.00013713993930575567,24,0
602,1610,-0.2533333333333333,0.00013713993930575567,24,0
546,3338,-0.2514034068912117,9.57719165765055e-05,24,0
546,3338,-0.2514034068912117,9.57719165765055e-05,24,0
3746,7079,-0.25,0.00010011365003186692,24,0
1156,16004,0.25,1.094513632755597e-08,4,1
921,7148,-0.25,0.0013227171440301881,151,0
4008,9589,0.25,1.6417704491333955e-08,5,1
7234,26859,0.25,8.208852245666977e-09,4,1
3264,21951,0.25,5.472568163777985e-09,3,1
7298,21634,0.25,1.094513632755597e-08,5,1
8956,24933,0.25,5.472568163777985e-09,6,1
6364,24342,0.25,8.208852245666977e-09,6,1
2101,8645,-0.25,0.001307336413979907,47,0
4365,25764,0.25,5.472568163777985e-09,3,1
283,6551,-0.25,0.0011803872870885417,40,0
3123,13880,0.25,5.472568163777985e-09,5,1
7333,20748,0.25,5.472568163777985e-09,6,1
827,5012,-0.2490625,0.00015107571672925507,23,0
827,5012,-0.2490625,0.00015107571672925507,23,0
183,2205,-0.2480171664493698,0.00011687150261500184,58,0
183,2205,-0.2480171664493698,0.00011687150261500184,58,0
1979,14767,0.2476635514018691,1.094513632755597e-08,6,1
3228,19260,0.2465753424657534,8.208852245666977e-09,5,1
2372,19457,0.2463768115942029,5.472568163777985e-09,3,1
21,2712,-0.2462806863582827,9.204286124344666e-05,71,0
21,2712,-0.2462806863582827,9.204286124344666e-05,71,0
994,3299,-0.2462686567164179,0.00021690446797756512,28,0
1664,7952,-0.2460606060606061,0.00016396417662577393,27,0
1664,7952,-0.2460606060606061,0.00016396417662577393,27,0
6000,20534,0.2459016393442623,1.915398857322295e-08,6,1
4353,20552,0.2459016393442623,1.094513632755597e-08,5,1
5286,20636,0.2459016393442623,3.283540898266791e-08,6,1
4961,21488,0.2456140350877192,8.208852245666977e-09,4,1
4851,21964,0.2452830188679245,1.094513632755597e-08,5,1
4851,21965,0.2452830188679245,1.094513632755597e-08,5,1
179,2109,-0.2451682620648537,0.00029282840151689533,40,0
179,2109,-0.2451682620648537,0.00029282840151689533,40,0
799,5059,-0.2447853414296367,0.0001714960535590397,35,0
799,5059,-0.2447853414296367,0.0001714960535590397,35,0
405,3130,-0.2446808510638297,0.000485606987674157,33,0
3821,24320,0.2444444444444444,5.472568163777985e-09,3,1
717,6352,-0.2439024390243902,8.80279588577473e-05,28,0
6967,25685,0.2439024390243902,4.104426122833489e-08,5,1
6464,26523,0.2439024390243902,8.208852245666977e-09,4,1
7017,18471,0.2439024390243902,5.472568163777985e-09,6,1
4206,11743,-0.2439024390243902,2.7362840818889926e-09,5,1
6464,26524,0.2439024390243902,8.208852245666977e-09,4,1
7040,25991,0.2439024390243902,8.208852245666977e-09,4,1
4206,11743,-0.2439024390243902,2.7362840818889926e-09,5,1
7217,7321,-0.2439024390243902,5.472568163777985e-09,6,1
4206,25511,0.2439024390243902,5.472568163777985e-09,4,1
3885,16309,0.2436974789915966,2.7362840818889927e-08,5,1
1616,4785,-0.2433793897524467,0.00021408219419100886,47,0
1616,4785,-0.2433793897524467,0.00021408219419100886,47,0
1271,1515,-0.2429739715222715,0.0001621861999450866,22,0
1271,1515,-0.2429739715222715,0.0001621861999450866,22,0
4055,19332,0.2428571428571428,1.6417704491333955e-08,5,1
21,2260,-0.2419354838709677,0.00010824024322039079,72,0
372,1524,-0.2417150828689869,0.00016455970552211002,99,0
372,1524,-0.2417150828689869,0.00016455970552211002,99,0
1076,3997,0.2415730337078651,0.0009400545873076056,27,0
2472,4020,0.2415458937198067,8.322659020733994e-05,26,0
45,2762,-0.2412477219635379,8.859256325423833e-05,150,0
45,2762,-0.2412477219635379,8.859256325423833e-05,150,0
1421,15295,0.2409638554216867,1.3681420409444964e-08,6,1
4244,18224,0.2409638554216867,1.915398857322295e-08,6,1
5174,22479,0.2407407407407407,8.208852245666977e-09,4,1
2158,16723,0.2407407407407407,8.208852245666977e-09,4,1
2729,19211,0.24,1.3681420409444964e-08,5,1
5640,23574,0.24,8.208852245666977e-09,4,1
3116,17449,0.2395833333333333,1.094513632755597e-08,5,1
1065,7960,-0.2394366197183098,0.000555565204271833,80,0
8037,19661,0.2394366197183098,3.009912490077892e-08,6,1
2101,11201,-0.2391304347826087,0.00028781960854888666,46,0
3767,25116,0.2391304347826087,5.472568163777985e-09,3,1
7640,26866,0.238095238095238,8.208852245666977e-09,4,1
3834,18271,0.238095238095238,2.4626556737000932e-08,5,1
4147,26582,0.238095238095238,5.472568163777985e-09,3,1
1833,14695,0.2375,2.4626556737000932e-08,6,1
6748,21185,0.2372881355932203,1.094513632755597e-08,5,1
740,2144,0.2371019238641015,9.403531121937452e-05,70,0
740,2144,0.2371019238641015,9.403531121937452e-05,70,0
4076,21916,0.2363636363636363,3.55716930645569e-08,6,1
499,4285,-0.2361111111111111,0.00018853440151380739,33,0
6180,20298,0.2352941176470588,4.104426122833489e-08,5,1
2101,4854,-0.2352941176470588,0.0018346998154477386,49,0
6139,12003,0.2352941176470588,1.6056458945725616e-06,6,1
3056,9472,0.2352941176470588,8.208852245666977e-09,6,1
1105,2528,-0.2341177212794145,0.0001601137666991349,50,0
1105,2528,-0.2341177212794145,0.0001601137666991349,50,0
1337,9540,-0.2340667015889646,0.00011253748192180614,49,0
1337,9540,-0.2340667015889646,0.00011253748192180614,49,0
7029,24301,0.2340425531914893,8.208852245666977e-09,5,1
3575,14070,-0.2340425531914893,5.472568163777985e-09,6,1
3575,24244,0.2340425531914893,8.208852245666977e-09,4,1
5852,24783,0.2340425531914893,1.094513632755597e-08,5,1
3563,24067,0.2340425531914893,1.094513632755597e-08,4,1
3575,14070,-0.2340425531914893,5.472568163777985e-09,6,1
4607,19230,0.2337662337662337,1.6417704491333955e-08,6,1
2078,19076,0.2337662337662337,5.472568163777985e-09,4,1
1290,2078,0.2337662337662337,2.7362840818889926e-09,5,1
1290,2078,0.2337662337662337,2.7362840818889926e-09,5,1
1979,14850,0.2336448598130841,1.094513632755597e-08,6,1
22,6196,-0.2334644386520201,0.00011752453746127179,24,0
22,6196,-0.2334644386520201,0.00011752453746127179,24,0
3709,17907,0.2333333333333333,8.208852245666977e-09,6,1
155,8071,-0.2331624614428688,0.00010072808962249758,33,0
155,8071,-0.2331624614428688,0.00010072808962249758,33,0
2397,16623,0.2327586206896551,1.094513632755597e-08,6,1
6299,25700,0.2325581395348837,8.208852245666977e-09,4,1
8091,26871,0.2325581395348837,8.208852245666977e-09,6,1
3946,25797,0.2325581395348837,2.7362840818889926e-09,5,1
559,2209,0.2319107803368087,0.00013236059518926616,49,0
559,2209,0.2319107803368087,0.00013236059518926616,49,0
4891,20124,0.2318840579710145,1.6417704491333955e-08,5,1
2158,16938,0.2314814814814814,8.208852245666977e-09,4,1
956,4983,-0.2307692307692307,0.001132937436936149,22,0
5205,22659,0.2307692307692307,8.208852245666977e-09,6,1
3323,15844,0.2307692307692307,2.7362840818889927e-08,6,1
4241,20650,0.2307692307692307,8.208852245666977e-09,4,1
8988,23153,0.2307692307692307,1.094513632755597e-08,5,1
3328,18076,0.2307692307692307,1.094513632755597e-08,6,1
3328,18075,0.2307692307692307,1.094513632755597e-08,6,1
3392,5280,-0.2307692307692307,8.590543175789358e-05,24,0
3392,5280,-0.2307692307692307,8.590543175789358e-05,24,0
56,5366,-0.2306999510523739,0.00012590327131791726,33,0
56,5366,-0.2306999510523739,0.00012590327131791726,33,0
2235,17324,0.23,8.208852245666977e-09,5,1
2280,18222,0.2298850574712643,9.850622694800373e-08,5,1
112,4228,-0.2296296296296296,0.001931058924072925,42,0
5593,21231,0.2295081967213114,1.094513632755597e-08,6,1
10,826,-0.2294529451463379,0.0004606735904202966,46,0
10,826,-0.2294529451463379,0.0004606735904202966,46,0
501,933,-0.2294511005851212,0.00027854476369682137,25,0
501,933,-0.2294511005851212,0.00027854476369682137,25,0
712,14228,0.229126213592233,3.283540898266791e-08,6,1
3071,18536,0.2289156626506024,1.6417704491333955e-08,5,1
15,43,0.2287331789657371,0.00012382433419348067,54,0
15,43,0.2287331789657371,0.00012382433419348067,54,0
499,2617,-0.2286362006250319,0.00018735632527945066,39,0
499,2617,-0.2286362006250319,0.00018735632527945066,39,0
45,3101,-0.2285755772251904,0.00011671332544186598,150,0
45,3101,-0.2285755772251904,0.00011671332544186598,150,0
21,5445,-0.2278481012658227,0.0001539278355604351,68,0
3780,13242,-0.2272727272727273,1.3681420409444963e-09,6,1
3780,13242,-0.2272727272727273,1.3681420409444963e-09,6,1
3710,18240,0.2272727272727272,1.094513632755597e-08,6,1
5492,25661,0.2272727272727272,1.094513632755597e-08,5,1
5492,25662,0.2272727272727272,1.094513632755597e-08,5,1
9219,20982,0.2272727272727272,3.55716930645569e-08,6,1
3780,8658,0.2272727272727272,2.7362840818889926e-09,5,1
3844,26301,0.2272727272727272,4.104426122833489e-08,6,1
3048,15202,0.227027027027027,1.3681420409444964e-08,6,1
2536,17627,0.2268041237113402,1.094513632755597e-08,5,1
762,8787,-0.2258883248730964,8.573638677139892e-05,65,0
762,8787,-0.2258883248730964,8.573638677139892e-05,65,0
6126,21306,0.2258064516129032,1.3681420409444964e-08,6,1
2627,21502,0.2258064516129032,8.208852245666977e-09,3,1
4970,5659,-0.225,0.003005939949750954,25,0
1076,1492,-0.2248062015503876,0.0002527009526761868,25,0
4857,24307,0.2244897959183673,1.094513632755597e-08,5,1
6221,23783,0.2244897959183673,2.189027265511194e-08,5,1
4728,23276,0.2244897959183673,1.7930887958828658e-07,6,1
8508,24663,0.2244897959183673,2.7362840818889927e-08,5,1
4857,24308,0.2244897959183673,1.094513632755597e-08,5,1
1226,2776,-0.2241379310344827,0.0001021620815006934,25,0
9172,22345,0.2241379310344827,1.094513632755597e-08,6,1
483,4094,-0.2240417879438254,9.6365164303809e-05,45,0
483,4094,-0.2240417879438254,9.6365164303809e-05,45,0
2374,20673,0.2238805970149253,5.472568163777985e-09,4,1
2374,8861,-0.2238805970149253,2.7362840818889926e-09,5,1
2374,8861,-0.2238805970149253,2.7362840818889926e-09,5,1
3007,19524,0.2236842105263158,8.208852245666977e-09,5,1
3007,19525,0.2236842105263158,8.208852245666977e-09,5,1
3481,19503,0.2236842105263158,4.700667216789135e-07,6,1
4428,18721,0.2235294117647059,1.094513632755597e-08,5,1
4825,17858,0.2234042553191489,2.7362840818889927e-08,6,1
3243,17807,0.2234042553191489,1.094513632755597e-08,5,1
123,1312,-0.2231346194337154,0.00016781451544589041,30,0
123,1312,-0.2231346194337154,0.00016781451544589041,30,0
2144,3545,-0.2228114442116067,0.00012322834416015726,73,0
2144,3545,-0.2228114442116067,0.00012322834416015726,73,0
755,1728,-0.2223289966489256,0.0002708535790948263,36,0
755,1728,-0.2223289966489256,0.0002708535790948263,36,0
1766,3714,-0.2222222222222222,2.1149087881180624e-06,6,1
6105,23379,0.2222222222222222,1.3681420409444964e-08,5,1
2208,20250,0.2222222222222222,5.472568163777985e-09,3,1
5780,23154,0.2222222222222222,8.208852245666977e-09,4,1
1659,18221,0.2222222222222222,5.472568163777985e-09,3,1
516,832,-0.2213597472895535,9.942967320466343e-05,27,0
516,832,-0.2213597472895535,9.942967320466343e-05,27,0
3340,4970,-0.221311475409836,0.00014162841634335688,24,0
296,5503,-0.2212784212784212,0.0001408671922823582,38,0
296,5503,-0.2212784212784212,0.0001408671922823582,38,0
3876,19676,0.2207792207792207,1.094513632755597e-08,5,1
4660,20568,0.2205882352941176,8.208852245666977e-09,4,1
4366,21885,0.2203389830508474,8.208852245666977e-09,4,1
2235,17585,0.22,8.208852245666977e-09,5,1
6309,24126,0.22,2.7362840818889927e-08,5,1
182,2612,-0.2197802197802197,0.0001359274616143303,106,0
21,2100,0.2196921610467824,0.00031714743370332357,80,0
21,2100,0.2196921610467824,0.00031714743370332357,80,0
2176,4831,-0.2195121951219512,0.00031911697123391197,22,0
3445,12412,0.2195121951219512,2.7362840818889927e-08,6,1
280,444,0.2187781388247269,0.00012730612911987608,22,0
280,444,0.2187781388247269,0.00012730612911987608,22,0
5896,21481,0.21875,4.378054531022388e-08,6,1
4746,21413,0.21875,1.3681420409444964e-08,6,1
1742,18651,0.2183908045977011,5.472568163777985e-09,4,1
1742,9093,-0.2183908045977011,2.7362840818889926e-09,5,1
1742,9093,-0.2183908045977011,2.7362840818889926e-09,5,1
994,7063,-0.2183377308707124,8.276727348937431e-05,27,0
994,7063,-0.2183377308707124,8.276727348937431e-05,27,0
11218,15466,0.2181818181818181,0.00020884014316176086,28,0
4583,23502,0.2181818181818181,8.208852245666977e-09,4,1
5631,23487,0.2181818181818181,8.208852245666977e-09,4,1
3554,25441,0.217391304347826,5.472568163777985e-09,3,1
2129,3604,-0.217391304347826,0.0018271264877928988,27,0
5255,25655,0.217391304347826,1.094513632755597e-08,5,1
4226,18919,0.216867469879518,1.094513632755597e-08,5,1
2101,2656,-0.2166666666666666,0.00015110034328599207,44,0
1833,14806,0.2166666666666666,2.4626556737000932e-08,6,1
3048,15306,0.2162162162162162,1.3681420409444964e-08,6,1
717,1667,-0.2161163703532671,0.00011910914580467239,31,0
717,1667,-0.2161163703532671,0.00011910914580467239,31,0
706,1404,-0.2160540135033758,0.00015674571128545387,25,0
706,1404,-0.2160540135033758,0.00015674571128545387,25,0
5340,24591,0.2156862745098039,8.208852245666977e-09,4,1
3203,3553,-0.2156862745098039,5.472568163777985e-09,6,1
1834,17756,0.2156862745098039,1.915398857322295e-08,4,1
3203,3553,-0.2156862745098039,5.472568163777985e-09,6,1
371,4497,-0.2156862745098039,0.00020897370017348052,35,0
3203,24629,0.2156862745098039,8.208852245666977e-09,4,1
1467,4862,0.2154696132596685,0.0001905159842966527,38,0
1588,13516,-0.2150537634408602,2.7362840818889926e-09,5,1
1588,13516,-0.2150537634408602,2.7362840818889926e-09,5,1
1588,18296,0.2150537634408602,5.472568163777985e-09,4,1
73,6516,-0.215036047591667,0.00024527873726348456,31,0
73,6516,-0.215036047591667,0.00024527873726348456,31,0
5295,23073,0.2142857142857142,2.189027265511194e-08,4,1
2833,23249,0.2142857142857142,8.208852245666977e-09,3,1
632,1539,0.2141660002848097,0.0001543755374358803,25,0
632,1539,0.2141660002848097,0.0001543755374358803,25,0
390,2879,-0.2135093167701863,0.00019229986533317414,27,0
390,2879,-0.2135093167701863,0.00019229986533317414,27,0
5052,5155,0.2134831460674157,0.00016176473276480538,26,0
2066,19989,0.2133333333333333,8.208852245666977e-09,3,1
6,6905,-0.2133333333333333,0.0003204405890126556,24,0
499,727,0.21321010624424,9.616396695454731e-05,55,0
499,727,0.21321010624424,9.616396695454731e-05,55,0
6000,21793,0.2131147540983606,1.915398857322295e-08,6,1
247,346,-0.2130058597326497,0.00016760076869267533,25,0
247,346,-0.2130058597326497,0.00016760076869267533,25,0
5285,25887,0.2127659574468085,8.208852245666977e-09,4,1
4809,24365,0.2127659574468085,1.094513632755597e-08,5,1
6556,25261,0.2127659574468085,8.208852245666977e-09,4,1
6167,26740,0.2127659574468085,1.094513632755597e-08,5,1
9219,21403,0.2121212121212121,3.55716930645569e-08,6,1
7731,8052,-0.2115384615384615,2.189027265511194e-08,6,1
7298,23872,0.2115384615384615,1.094513632755597e-08,5,1
3081,24280,0.2115384615384615,5.472568163777985e-09,3,1
4204,9110,0.2115384615384615,1.6417704491333955e-08,5,1
3124,24875,0.2115384615384615,1.094513632755597e-08,3,1
1111,2327,0.2113207547169811,0.0013652246664288125,31,0
8037,20965,0.2112676056338028,3.009912490077892e-08,6,1
8037,20964,0.2112676056338028,3.009912490077892e-08,6,1
309,581,-0.2111546802777717,0.0003884667638552573,24,0
309,581,-0.2111546802777717,0.0003884667638552573,24,0
2854,3125,-0.2110485573539761,8.829924366963578e-05,31,0
2854,3125,-0.2110485573539761,8.829924366963578e-05,31,0
2785,23643,0.2105263157894736,5.472568163777985e-09,3,1
3533,20354,0.2105263157894736,1.094513632755597e-08,5,1
3885,17011,0.2100840336134453,2.4626556737000932e-08,6,1
1903,19708,0.2098765432098765,8.208852245666977e-09,3,1
51,329,-0.2093292015962178,0.0003210720791854528,57,0
51,329,-0.2093292015962178,0.0003210720791854528,57,0
1065,7507,-0.2093212803793716,0.00025173813553378726,79,0
1065,7507,-0.2093212803793716,0.00025173813553378726,79,0
2278,3672,0.2088888888888889,0.0001559563038760274,23,0
73,2584,-0.2084854287594997,0.00034791615627047235,34,0
73,2584,-0.2084854287594997,0.00034791615627047235,34,0
3374,20265,0.2083333333333333,2.7362840818889927e-08,4,1
6117,26463,0.2083333333333333,3.55716930645569e-08,4,1
8219,8359,0.207977207977208,2.7362840818889927e-08,6,1
8219,8359,0.207977207977208,2.7362840818889927e-08,6,1
3876,20283,0.2077922077922078,1.094513632755597e-08,5,1
944,2192,-0.2076571957129356,0.00011322059459836179,37,0
944,2192,-0.2076571957129356,0.00011322059459836179,37,0
6104,9302,0.2075471698113207,1.504956245038946e-08,5,1
5132,24722,0.2075471698113207,1.094513632755597e-08,5,1
2104,16368,0.2074074074074074,1.3681420409444964e-08,6,1
3445,19305,0.2073170731707317,1.6417704491333955e-08,5,1
2109,5251,-0.2072072072072072,0.00030234694638080006,25,0
1314,3645,-0.2066115702479339,0.00015178323677431595,26,0
53,9182,-0.2063407238019487,0.00012922499742210468,31,0
53,9182,-0.2063407238019487,0.00012922499742210468,31,0
29,30,0.2061823564180379,0.00017215453145017322,60,0
29,30,0.2061823564180379,0.00017215453145017322,60,0
939,15610,0.2058823529411764,1.094513632755597e-08,6,1
123,8134,-0.2055091303002166,0.00011396099408912791,29,0
123,8134,-0.2055091303002166,0.00011396099408912791,29,0
3228,21098,0.2054794520547945,8.208852245666977e-09,5,1
149,2783,-0.2054794520547945,0.0008286422562620271,45,0
811,2105,-0.2054794520547945,0.000737441892750514,36,0
83,1113,-0.2046908315565032,0.0008535049153238555,27,0
2640,13299,0.2043010752688172,2.189027265511194e-08,6,1
5127,26441,0.2040816326530612,2.7362840818889927e-08,5,1
8508,26413,0.2040816326530612,2.7362840818889927e-08,5,1
4691,26096,0.2040816326530612,1.094513632755597e-08,5,1
3312,26730,0.2040816326530612,1.094513632755597e-08,4,1
755,8412,-0.2039431842272631,9.25872004695187e-05,37,0
755,8412,-0.2039431842272631,9.25872004695187e-05,37,0
4564,6611,-0.2037037037037037,0.0019851830565173045,23,0
921,5740,-0.2037037037037037,0.003859788442397688,150,0
300,8426,-0.2033898305084746,0.0001494890463822934,43,0
3701,23045,0.2033898305084746,8.208852245666977e-09,4,1
3701,23046,0.2033898305084746,8.208852245666977e-09,4,1
5044,22979,0.2033898305084746,1.094513632755597e-08,5,1
4160,22432,0.203125,8.208852245666977e-09,4,1
3062,21721,0.203125,8.208852245666977e-09,4,1
4442,21029,0.2027027027027027,7.387967021100281e-08,5,1
379,1051,-0.2024855228056477,0.00015254727522333842,25,0
379,1051,-0.2024855228056477,0.00015254727522333842,25,0
4825,18541,0.202127659574468,2.7362840818889927e-08,6,1
182,490,-0.2012731845833495,0.0015732800740548398,113,0
182,490,-0.2012731845833495,0.0015732800740548398,113,0
2013,5186,0.2009345794392523,9.672098008735975e-05,23,0
34,2673,-0.200913143514524,0.0008710371273328638,78,0
34,2673,-0.200913143514524,0.0008710371273328638,78,0
140,141,-0.2001986290960082,9.031640599226932e-05,127,0
140,141,-0.2001986290960082,9.031640599226932e-05,127,0
3770,21534,0.2,8.208852245666977e-09,4,1
2605,23268,0.2,1.3681420409444964e-08,4,1
867,4525,-0.2,0.00027860759564650835,25,0
4725,22285,0.2,8.208852245666977e-09,4,1
3209,26440,0.2,5.472568163777985e-09,4,1
3048,15498,0.2,1.3681420409444964e-08,6,1
5382,26631,0.2,1.094513632755597e-08,4,1
2197,11218,-0.2,0.0004531532705175542,26,0
3048,15497,0.2,1.3681420409444964e-08,6,1
3209,7762,-0.1999999999999999,2.7362840818889926e-09,5,1
3209,7762,-0.1999999999999999,2.7362840818889926e-09,5,1
2121,16786,0.1984732824427481,1.094513632755597e-08,5,1
21,228,-0.1984160715671329,0.0001174341764649255,81,0
21,228,-0.1984160715671329,0.0001174341764649255,81,0
4577,5764,-0.1982758620689655,0.00033297152136157386,34,0
1511,17678,0.1981981981981982,8.208852245666977e-09,5,1
863,6096,-0.1979166666666666,0.00035800004266230856,23,0
297,2412,-0.1976744186046511,0.00021024403906829336,32,0
592,1126,0.1972010178117048,0.0019379579140357288,26,0
8037,21383,0.1971830985915492,3.009912490077892e-08,6,1
2941,22360,0.1969696969696969,1.094513632755597e-08,4,1
4455,22602,0.1969696969696969,1.094513632755597e-08,6,1
4455,22603,0.1969696969696969,1.094513632755597e-08,6,1
3495,23278,0.1967213114754098,1.6417704491333955e-08,5,1
182,3822,-0.1967213114754098,0.0005128513635401282,105,0
2755,24396,0.1964285714285714,1.094513632755597e-08,4,1
3323,16447,0.1958041958041958,2.7362840818889927e-08,6,1
1343,16776,0.1954887218045112,8.208852245666977e-09,5,1
59,2109,-0.1954783775681787,0.00034292866342539166,49,0
59,2109,-0.1954783775681787,0.00034292866342539166,49,0
3416,11218,0.1949152542372881,0.00032739154798490063,28,0
101,2068,-0.1949152542372881,0.00015110034328599207,51,0
90,141,0.1942016699146554,0.0002565634182398722,90,0
90,141,0.1942016699146554,0.0002565634182398722,90,0
1082,2657,-0.194128319313871,9.139413276970238e-05,24,0
1082,2657,-0.194128319313871,9.139413276970238e-05,24,0
356,395,0.1940989228192448,0.0001721036085504342,26,0
356,395,0.1940989228192448,0.0001721036085504342,26,0
1072,2295,-0.1936092441929017,0.000548928220458705,61,0
1072,2295,-0.1936092441929017,0.000548928220458705,61,0
4970,6437,-0.1935483870967742,0.0005233664011139183,23,0
4519,23090,0.1935483870967742,8.208852245666977e-09,5,1
7480,23267,0.1935483870967742,1.3681420409444964e-08,6,1
347,3099,-0.1930491551459293,0.00010665544535550394,27,0
347,3099,-0.1930491551459293,0.00010665544535550394,27,0
4339,23905,0.1929824561403508,3.55716930645569e-08,5,1
318,6182,-0.1929824561403508,0.0013740714995546916,30,0
5677,5854,-0.1923076923076923,2.189027265511194e-08,5,1
8988,26063,0.1923076923076923,1.094513632755597e-08,5,1
8052,26699,0.1923076923076923,1.3681420409444964e-08,5,1
7298,25384,0.1923076923076923,1.094513632755597e-08,5,1
5067,25997,0.1923076923076923,8.208852245666977e-09,4,1
4204,25481,0.1923076923076923,1.094513632755597e-08,4,1
706,4452,-0.1923076923076923,0.00021741713935325094,24,0
2101,5903,-0.1923076923076923,0.00029385999804091895,45,0
300,546,-0.1922151392975191,0.0001713736067332216,52,0
300,546,-0.1922151392975191,0.0001713736067332216,52,0
2090,2738,0.1921824104234527,0.0009126127042870254,27,0
516,2765,-0.1920609266333627,0.0003186420065293528,28,0
516,2765,-0.1920609266333627,0.0003186420065293528,28,0
1328,7204,-0.1914893617021276,0.0001566914900052379,37,0
1385,3037,-0.1913145539906103,0.00014029415900998485,44,0
1385,3037,-0.1913145539906103,0.00014029415900998485,44,0
1077,4328,-0.1911764705882352,0.00014954137539938998,22,0
716,5052,-0.1910112359550561,9.180406302524703e-05,25,0
8,176,-0.1909944054699779,0.0001965236913486958,45,0
8,176,-0.1909944054699779,0.0001965236913486958,45,0
733,1151,0.1904761904761904,0.00017147276920243627,30,0
2903,3593,-0.1904761904761904,0.0006566325895500671,38,0
3260,23001,0.1904761904761904,1.094513632755597e-08,5,1
3260,23002,0.1904761904761904,1.094513632755597e-08,5,1
376,2545,-0.190251572327044,0.00021781891759235992,25,0
376,2545,-0.190251572327044,0.00021781891759235992,25,0
921,1385,-0.1901408450704225,0.005827194406626516,179,0
2185,3465,0.1901254147451013,8.431323839477353e-05,26,0
2185,3465,0.1901254147451013,8.431323839477353e-05,26,0
686,3212,-0.1895734597156398,0.00021427257931029708,25,0
1303,7389,0.1894273127753304,0.00010073903475882516,26,0
1369,3561,-0.1893491124260355,0.0003872314402405252,29,0
2983,5869,0.1891891891891892,0.0002630458275204292,38,0
453,7587,-0.1891891891891892,0.000414749772932599,32,0
2060,2101,0.1889250814332247,0.008436371253066965,71,0
921,3535,-0.1887755102040816,0.003967345844037704,157,0
7461,26194,0.1886792452830188,1.094513632755597e-08,5,1
7461,26193,0.1886792452830188,1.094513632755597e-08,5,1
2945,26649,0.1886792452830188,5.472568163777985e-09,3,1
4755,5129,-0.1886792452830188,0.0002163354300652589,29,0
1150,1620,0.1886461276140486,0.00014155541424035816,29,0
1150,1620,0.1886461276140486,0.00014155541424035816,29,0
196,364,-0.1885189599133261,0.00013894809941092154,41,0
196,364,-0.1885189599133261,0.00013894809941092154,41,0
2464,2472,-0.1884057971014492,0.00026534071117451823,26,0
29,126,0.1881367020969062,0.00012646562623784994,47,0
29,126,0.1881367020969062,0.00012646562623784994,47,0
2683,18805,0.1881188118811881,8.208852245666977e-09,4,1
321,1210,-0.1876586546089163,0.0002528513079638366,39,0
321,1210,-0.1876586546089163,0.0002528513079638366,39,0
3116,19133,0.1875,1.094513632755597e-08,5,1
4645,11783,0.1875,1.3955048817633863e-07,6,1
2639,18133,0.1869158878504672,1.094513632755597e-08,5,1
2918,19533,0.1868131868131868,8.208852245666977e-09,4,1
3945,24182,0.1864406779661017,8.208852245666977e-09,5,1
5044,24190,0.1864406779661017,1.094513632755597e-08,5,1
390,1285,-0.1863440785592838,0.000145851558493424,32,0
390,1285,-0.1863440785592838,0.000145851558493424,32,0
115,1584,0.1863190372158982,0.0001761975408850779,32,0
115,1584,0.1863190372158982,0.0001761975408850779,32,0
483,7631,-0.1857142857142857,0.0004094837906535597,43,0
2173,22501,0.1857142857142857,5.472568163777985e-09,3,1
774,1631,-0.1852004110996916,8.893349600378914e-05,23,0
774,1631,-0.1852004110996916,8.893349600378914e-05,23,0
2799,25409,0.1851851851851851,1.094513632755597e-08,4,1
1449,3757,-0.1848739495798319,0.00042289464217416345,24,0
1543,16940,0.1847826086956521,2.7362840818889926e-09,5,1
112,217,-0.1843989589927551,0.00015790999762677098,52,0
112,217,-0.1843989589927551,0.00015790999762677098,52,0
604,2129,-0.1834924728185113,0.0006840205808274866,55,0
604,2129,-0.1834924728185113,0.0006840205808274866,55,0
2524,12798,-0.1833333333333333,5.472568163777985e-09,5,1
2524,12798,-0.1833333333333333,5.472568163777985e-09,5,1
2569,25051,0.1833333333333333,5.472568163777985e-09,3,1
2524,20814,0.1833333333333333,1.6417704491333955e-08,5,1
2121,17215,0.183206106870229,1.094513632755597e-08,5,1
1904,5090,0.1828571428571428,0.002036490325705887,25,0
223,1734,-0.1824271079590228,0.0006506446516602224,57,0
223,1734,-0.1824271079590228,0.0006506446516602224,57,0
267,949,-0.1821086261980831,2.7362840818889926e-09,6,1
267,949,-0.1821086261980831,2.7362840818889926e-09,6,1
4076,25845,0.1818181818181818,3.55716930645569e-08,6,1
2584,9675,-0.1818181818181818,0.0008762954487299685,23,0
9219,23528,0.1818181818181818,3.55716930645569e-08,6,1
9219,23529,0.1818181818181818,3.55716930645569e-08,6,1
5045,25810,0.1818181818181818,4.378054531022388e-08,6,1
16,259,-0.1817130358508389,0.0002516228797070593,62,0
16,259,-0.1817130358508389,0.0002516228797070593,62,0
309,5089,-0.1809352983000452,0.0003388313304078135,26,0
309,5089,-0.1809352983000452,0.0003388313304078135,26,0
3243,19318,0.1808510638297872,1.094513632755597e-08,5,1
3243,19319,0.1808510638297872,1.094513632755597e-08,5,1
3123,22383,0.1805555555555555,8.208852245666977e-09,4,1
478,1283,0.1803498208414909,0.00013865444902723574,23,0
478,1283,0.1803498208414909,0.00013865444902723574,23,0
6000,24042,0.180327868852459,1.915398857322295e-08,6,1
2486,24657,0.180327868852459,8.208852245666977e-09,4,1
401,2828,-0.180327868852459,0.0010756009751168667,22,0
7332,24017,0.180327868852459,1.094513632755597e-08,5,1
423,1105,0.1802575107296137,0.00012985108821415522,48,0
175,1179,-0.1799708736542675,0.00022024982069788248,52,0
175,1179,-0.1799708736542675,0.00022024982069788248,52,0
1818,5052,-0.1797752808988764,0.000541503507237656,33,0
293,780,-0.1793188439895895,8.609498055341996e-05,69,0
293,780,-0.1793188439895895,8.609498055341996e-05,69,0
27,4847,-0.1791044776119403,9.594873664397409e-05,36,0
2253,18586,0.1791044776119403,2.7362840818889926e-09,5,1
1962,17180,0.1791044776119403,8.208852245666977e-09,5,1
56,318,-0.1790863522865976,0.001194248095871554,50,0
56,318,-0.1790863522865976,0.001194248095871554,50,0
4099,5186,-0.1780821917808219,0.00041304778107085463,25,0
420,5995,-0.1774193548387097,0.00015389259213115832,26,0
1286,2363,-0.1768707482993197,0.00028334705167659755,23,0
2782,4097,-0.1767955801104972,0.001097186664317314,31,0
712,14316,0.1766990291262136,3.283540898266791e-08,6,1
6180,22448,0.1764705882352941,8.208852245666977e-09,6,1
1941,5146,-0.1764705882352941,0.0010726640430262502,22,0
1883,17131,0.1764705882352941,8.208852245666977e-09,5,1
5400,12992,0.1756756756756756,2.189027265511194e-08,6,1
5400,12992,0.1756756756756756,2.189027265511194e-08,6,1
2121,17455,0.1755725190839694,1.094513632755597e-08,5,1
368,3087,-0.1755424063116371,8.649397702482204e-05,24,0
368,3087,-0.1755424063116371,8.649397702482204e-05,24,0
8124,27002,0.175438596491228,1.094513632755597e-08,6,1
3359,19371,0.1752577319587628,3.83079771464459e-08,6,1
3359,19372,0.1752577319587628,3.83079771464459e-08,6,1
1065,5227,-0.1749160245010867,0.00013752289034610392,80,0
1065,5227,-0.1749160245010867,0.00013752289034610392,80,0
17,3734,-0.1747842935424298,0.0001354023256589758,44,0
17,3734,-0.1747842935424298,0.0001354023256589758,44,0
58,842,-0.174609448522492,0.0001947355144442539,34,0
58,842,-0.174609448522492,0.0001947355144442539,34,0
7241,25081,0.1746031746031746,1.3681420409444964e-08,5,1
163,2660,0.1739990113692535,0.00010070619934984248,24,0
662,3159,-0.1733333333333333,0.00022362133676976693,51,0
258,1648,-0.1731807469398552,8.733885877169703e-05,42,0
258,1648,-0.1731807469398552,8.733885877169703e-05,42,0
1343,17439,0.1729323308270676,8.208852245666977e-09,5,1
2581,25566,0.1724137931034483,5.472568163777985e-09,4,1
2581,7474,-0.1724137931034483,2.7362840818889926e-09,5,1
2397,18401,0.1724137931034483,1.094513632755597e-08,6,1
2581,7474,-0.1724137931034483,2.7362840818889926e-09,5,1
735,4893,-0.1719745222929936,8.473809839155761e-05,23,0
1065,6568,-0.171875,0.001493130250128147,81,0
306,3751,-0.1717386893893284,0.0001273374662380303,27,0
306,3751,-0.1717386893893284,0.0001273374662380303,27,0
3666,22730,0.1714285714285714,8.208852245666977e-09,4,1
887,2312,-0.171341082852239,0.00022316707387719578,40,0
887,2312,-0.171341082852239,0.00022316707387719578,40,0
1097,18167,0.1709401709401709,5.472568163777985e-09,4,1
1097,7190,-0.1709401709401709,2.7362840818889926e-09,5,1
1097,7190,-0.1709401709401709,2.7362840818889926e-09,5,1
4577,5310,-0.1707317073170731,0.0005287472715401877,33,0
1534,2206,-0.1707317073170731,0.000321990670444569,30,0
1443,17530,0.1705426356589147,1.094513632755597e-08,5,1
45,1381,-0.1704397510400425,0.00013515716004070777,157,0
45,1381,-0.1704397510400425,0.00013515716004070777,157,0
921,5310,-0.1698608790077493,0.0010641353342247227,157,0
921,5310,-0.1698608790077493,0.0010641353342247227,157,0
6748,26265,0.1694915254237288,1.094513632755597e-08,5,1
2527,25786,0.1694915254237288,5.472568163777985e-09,3,1
5044,25809,0.1694915254237288,1.094513632755597e-08,5,1
7852,25979,0.1694915254237288,1.094513632755597e-08,5,1
921,2783,-0.1694863904763036,0.0005878085802480235,161,0
921,2783,-0.1694863904763036,0.0005878085802480235,161,0
483,1594,-0.1689106616097766,0.00020933252695352287,44,0
483,1594,-0.1689106616097766,0.00020933252695352287,44,0
1030,5352,-0.1688311688311689,5.472568163777985e-09,6,1
1030,5352,-0.1688311688311689,5.472568163777985e-09,6,1
372,867,-0.1688050912769134,0.0003712141304705353,107,0
372,867,-0.1688050912769134,0.0003712141304705353,107,0
1105,6469,-0.1686746987951807,0.000732165352328345,41,0
110,14271,0.1686143572621035,5.472568163777985e-09,3,1
763,2838,-0.1683184892519922,0.00010202166241624373,24,0
763,2838,-0.1683184892519922,0.00010202166241624373,24,0
921,6535,-0.1674292948928831,0.0006017794545325859,156,0
921,6535,-0.1674292948928831,0.0006017794545325859,156,0
13,3417,0.1672082717872968,0.0023905250626788353,71,0
712,14350,0.1669902912621359,3.283540898266791e-08,6,1
712,14349,0.1669902912621359,3.283540898266791e-08,6,1
710,3419,-0.1669888316151202,0.0014174193344898124,36,0
710,3419,-0.1669888316151202,0.0014174193344898124,36,0
558,9330,-0.1669314796425024,0.00020595419398378528,27,0
558,9330,-0.1669314796425024,0.00020595419398378528,27,0
1361,18028,0.1666666666666666,2.189027265511194e-08,6,1
3667,22738,0.1666666666666666,1.3681420409444964e-08,4,1
4658,21838,0.1666666666666666,1.6417704491333955e-08,6,1
2221,12057,0.1666666666666666,2.7362840818889926e-09,6,1
3880,26795,0.1666666666666666,1.094513632755597e-08,6,1
4433,5154,0.1666666666666666,0.00018460461916215568,32,0
1131,6122,-0.1666666666666666,0.0003405102227029391,28,0
676,2363,-0.1666666666666666,0.00010481590040614247,25,0
921,1105,-0.1665884182836008,0.0018613869580891853,180,0
921,1105,-0.1665884182836008,0.0018613869580891853,180,0
284,5608,-0.1661951909476662,0.00012355353881835364,23,0
284,5608,-0.1661951909476662,0.00012355353881835364,23,0
1445,2498,-0.1658031088082901,0.0001231750645010179,24,0
1531,16104,0.1648351648351648,3.009912490077892e-08,6,1
405,5036,-0.1648351648351648,0.0004665911605446451,30,0
687,6080,0.1648351648351648,1.6417704491333955e-08,5,1
2682,21091,0.1648351648351648,8.208852245666977e-09,4,1
1041,1138,0.1647727272727272,0.0002022715701466543,22,0
1694,3392,0.1646210556163162,0.0002986235811316412,31,0
1694,3392,0.1646210556163162,0.0002986235811316412,31,0
225,461,0.1646105418257317,0.00066271295554374,35,0
225,461,0.1646105418257317,0.00066271295554374,35,0
4012,22358,0.1645569620253164,1.3681420409444964e-08,6,1
4755,7976,-0.1645299145299145,0.0002326149800635592,30,0
4755,7976,-0.1645299145299145,0.0002326149800635592,30,0
2783,4831,0.1643835616438356,0.00020599686138733094,27,0
4745,24906,0.1641791044776119,1.094513632755597e-08,5,1
2403,25416,0.1639344262295081,5.472568163777985e-09,4,1
2405,25515,0.1639344262295081,5.472568163777985e-09,4,1
1223,3404,-0.1639344262295081,0.001035369470719768,38,0
2405,13342,-0.1639344262295081,2.7362840818889926e-09,5,1
2403,3915,-0.1639344262295081,2.7362840818889926e-09,5,1
2403,3915,-0.1639344262295081,2.7362840818889926e-09,5,1
2405,13342,-0.1639344262295081,2.7362840818889926e-09,5,1
1618,14476,0.1636363636363636,8.605054618929821e-05,23,0
921,4970,-0.163024469310281,0.0032903690844868568,164,0
921,4970,-0.163024469310281,0.0032903690844868568,164,0
561,4228,-0.1629629629629629,0.0006784627856277948,28,0
80,1605,-0.1627906976744186,0.00017371745862778364,96,0
2035,18237,0.1626016260162601,8.208852245666977e-09,4,1
3867,22363,0.1625,8.208852245666977e-09,6,1
487,1092,0.1624922838492756,0.00020505476726656962,56,0
487,1092,0.1624922838492756,0.00020505476726656962,56,0
2165,24616,0.1617647058823529,5.472568163777985e-09,3,1
964,10909,0.1613876319758672,0.00010509647888478056,25,0
733,7770,-0.1612903225806451,0.0009046465764843021,26,0
2640,20492,0.1612903225806451,1.3681420409444964e-08,5,1
2247,16149,0.1612903225806451,3.009912490077892e-08,6,1
4712,11218,0.1610169491525423,0.00036343262863226155,31,0
1223,4905,-0.1605017789228315,0.00010152760247644921,41,0
1223,4905,-0.1605017789228315,0.00010152760247644921,41,0
296,6496,-0.1602316602316602,0.00020822879922306864,42,0
296,6496,-0.1602316602316602,0.00020822879922306864,42,0
725,6598,-0.16,0.0004758957945087929,25,0
886,5106,0.1598579040852575,0.0001305403385866882,33,0
749,4099,-0.1596563873451745,0.00016090524770936455,26,0
749,4099,-0.1596563873451745,0.00016090524770936455,26,0
230,754,0.1595971528768426,0.00013861510655083448,23,0
230,754,0.1595971528768426,0.00013861510655083448,23,0
4825,20577,0.1595744680851064,2.7362840818889927e-08,6,1
2972,4970,0.1593406593406593,0.0006121351854400851,29,0
182,1301,-0.1592747646480924,0.0002669398232657489,114,0
182,1301,-0.1592747646480924,0.0002669398232657489,114,0
75,111,-0.1589620216065897,9.371330147814467e-05,60,0
75,111,-0.1589620216065897,9.371330147814467e-05,60,0
1065,5425,-0.158944213923467,8.728431492480074e-05,77,0
1065,5425,-0.158944213923467,8.728431492480074e-05,77,0
101,603,-0.1588989996043633,0.0010759609305325216,54,0
101,603,-0.1588989996043633,0.0010759609305325216,54,0
3392,6295,-0.1588738059326294,0.00013833108978741763,28,0
3392,6295,-0.1588738059326294,0.00013833108978741763,28,0
475,1949,0.1587677725118483,0.00019172429165969455,23,0
2323,12833,-0.1587301587301587,2.7362840818889926e-09,5,1
1646,2237,0.1587301587301587,0.000565422452235691,33,0
2323,12833,-0.1587301587301587,2.7362840818889926e-09,5,1
2323,25568,0.1587301587301587,5.472568163777985e-09,4,1
2697,21858,0.1585365853658536,1.094513632755597e-08,5,1
5608,6295,0.1584158415841584,0.00036155556508038255,22,0
3145,19859,0.1584158415841584,3.283540898266791e-08,6,1
4033,4633,0.158144870534251,0.00012701384985955015,38,0
4033,4633,0.158144870534251,0.00012701384985955015,38,0
2486,2957,0.1581336696090794,5.472568163777985e-09,6,1
2486,2957,0.1581336696090794,5.472568163777985e-09,6,1
17,1325,-0.1579015305181633,0.0002054734491866836,50,0
17,1325,-0.1579015305181633,0.0002054734491866836,50,0
1859,20879,0.1578947368421052,1.3681420409444964e-08,5,1
3533,23708,0.1578947368421052,1.094513632755597e-08,5,1
1682,1870,0.1574110671936759,8.40929525655255e-05,27,0
1682,1870,0.1574110671936759,8.40929525655255e-05,27,0
2900,12426,0.1574074074074074,2.189027265511194e-08,6,1
4981,23758,0.1571428571428571,1.094513632755597e-08,5,1
4055,23920,0.1571428571428571,1.6417704491333955e-08,5,1
2864,18809,0.1570247933884297,1.094513632755597e-08,6,1
3048,16327,0.1567567567567567,1.3681420409444964e-08,6,1
3062,25527,0.15625,8.208852245666977e-09,4,1
2307,19887,0.15625,5.124541681740066e-07,5,1
4746,26706,0.15625,1.3681420409444964e-08,6,1
1743,1993,-0.1556291390728476,0.00027722967123803844,39,0
2632,5155,0.1555555555555555,0.0003165097194068984,30,0
649,4228,-0.1555555555555555,0.0010098481049142381,32,0
1773,2157,-0.155155776123518,0.0001710120258703798,53,0
1773,2157,-0.155155776123518,0.0001710120258703798,53,0
58,6174,-0.1551481287468715,0.0003712671384890395,29,0
58,6174,-0.1551481287468715,0.0003712671384890395,29,0
921,4433,-0.155108190450775,0.0004235509159997086,156,0
921,4433,-0.155108190450775,0.0004235509159997086,156,0
384,6593,-0.1546921697549312,0.00021097261136535897,36,0
384,6593,-0.1546921697549312,0.00021097261136535897,36,0
3359,20511,0.1546391752577319,3.83079771464459e-08,6,1
59,1440,-0.1544401544401544,0.0008212131558163093,37,0
1181,18048,0.1544117647058823,1.094513632755597e-08,5,1
1320,4433,-0.1541979362101313,8.228303183073066e-05,55,0
1320,4433,-0.1541979362101313,8.228303183073066e-05,55,0
67,600,-0.1539488199591482,0.0007582633902990087,44,0
67,600,-0.1539488199591482,0.0007582633902990087,44,0
4589,26755,0.1538461538461538,7.66159542928918e-08,6,1
2226,25454,0.1538461538461538,5.472568163777985e-09,3,1
1534,9779,0.1534246575342465,9.223518039062168e-05,29,0
121,1743,0.1532430506058446,0.0001545165530990138,44,0
75,101,0.1532152661564956,0.00023387057395151293,86,0
75,101,0.1532152661564956,0.00023387057395151293,86,0
2983,5154,0.1531531531531531,0.0001222971511336242,34,0
4428,10336,0.1529411764705882,6.840710204722482e-09,6,1
1618,6621,-0.1528554778554778,0.0003863409933155956,27,0
1618,6621,-0.1528554778554778,0.0003863409933155956,27,0
79,809,-0.1527692099567099,9.241357549106372e-05,52,0
79,809,-0.1527692099567099,9.241357549106372e-05,52,0
96,1009,-0.1526936845361736,0.00021686872481787632,23,0
96,1009,-0.1526936845361736,0.00021686872481787632,23,0
1065,5323,-0.1525423728813559,0.0010189357509333722,84,0
371,600,-0.1523046092184369,0.0001800001531184213,40,0
884,2288,-0.1521739130434782,0.000670550701237569,27,0
933,2033,0.152061855670103,0.00037118816109610103,25,0
4012,23473,0.1518987341772152,1.3681420409444964e-08,6,1
2986,22867,0.1518987341772152,1.094513632755597e-08,5,1
4455,27026,0.1515151515151515,1.094513632755597e-08,6,1
2566,4477,-0.1515151515151515,0.0023060098343541937,34,0
2941,26591,0.1515151515151515,1.094513632755597e-08,4,1
203,1891,-0.1513157894736842,0.0001179498988467791,39,0
1492,3660,-0.1508620689655172,8.431479161715114e-05,24,0
58,3586,-0.1495327102803738,0.0005102054303129542,32,0
2280,2512,0.1494252873563218,1.1492393143933769e-07,6,1
135,561,-0.1493576816243381,0.0001136094260492593,39,0
135,561,-0.1493576816243381,0.0001136094260492593,39,0
4745,26697,0.1492537313432835,1.094513632755597e-08,5,1
2320,2623,0.1490683229813664,0.0003943328279267909,28,0
2018,18828,0.1487603305785124,1.915398857322295e-08,6,1
1956,20747,0.1485148514851485,8.208852245666977e-09,6,1
3145,20499,0.1485148514851485,1.915398857322295e-08,5,1
2135,22772,0.1481481481481481,1.3681420409444964e-08,4,1
2135,22773,0.1481481481481481,1.3681420409444964e-08,4,1
774,849,-0.1479099678456591,0.0004599965368950063,27,0
1383,19726,0.1478260869565217,8.208852245666977e-09,5,1
499,11201,-0.1475273813474942,0.0001155234342813142,33,0
499,11201,-0.1475273813474942,0.0001155234342813142,33,0
697,8216,0.1475054229934924,0.00010073903475882516,28,0
1495,18481,0.1472868217054263,1.3681420409444964e-08,6,1
1282,11851,0.1470588235294117,2.189027265511194e-08,6,1
1385,4572,-0.1470588235294117,0.0006885528753154006,45,0
3813,25831,0.1470588235294117,8.208852245666977e-09,4,1
2219,10508,0.1469816272965879,0.0003020857626405448,28,0
473,630,-0.1467082467082467,0.00017178820415558925,26,0
473,630,-0.1467082467082467,0.00017178820415558925,26,0
4805,23990,0.1466666666666666,1.094513632755597e-08,5,1
2729,4105,0.1466666666666666,2.189027265511194e-08,6,1
2397,19727,0.146551724137931,1.094513632755597e-08,6,1
2697,22936,0.1463414634146341,1.094513632755597e-08,5,1
717,14285,0.1460506706408345,9.5970522418413e-05,26,0
3116,21345,0.1458333333333333,1.094513632755597e-08,5,1
1111,1183,0.1457995151259618,0.00026664445878923817,23,0
1111,1183,0.1457995151259618,0.00026664445878923817,23,0
315,3825,0.1457220286488579,0.0003163827641161543,23,0
315,3825,0.1457220286488579,0.0003163827641161543,23,0
1904,10376,0.1457142857142857,0.00016065738205406834,25,0
80,3906,-0.1456735298075629,0.0003154591395728633,99,0
80,3906,-0.1456735298075629,0.0003154591395728633,99,0
1434,2887,0.1455938697318007,0.0006482660224479467,27,0
294,3196,0.1453453453453453,0.00030051780306308303,23,0
258,5950,0.1452095808383233,0.0001278859217853274,41,0
3301,26584,0.144927536231884,1.094513632755597e-08,5,1
3301,26583,0.144927536231884,1.094513632755597e-08,5,1
3301,26585,0.144927536231884,1.094513632755597e-08,5,1
306,3820,-0.1448290443397366,0.00013655795477859696,25,0
306,3820,-0.1448290443397366,0.00013655795477859696,25,0
12,33,0.1447837338488762,0.00012044205584653344,66,0
12,33,0.1447837338488762,0.00012044205584653344,66,0
3533,25138,0.1447368421052631,1.094513632755597e-08,5,1
2265,21278,0.1447368421052631,5.472568163777985e-09,5,1
1643,8531,-0.144578313253012,4.104426122833489e-09,6,1
1643,8531,-0.144578313253012,4.104426122833489e-09,6,1
1643,23488,0.144578313253012,8.208852245666977e-09,5,1
633,5518,-0.144578313253012,0.00032609039610400356,32,0
97,4983,-0.1442307692307692,0.001267617379580654,43,0
2098,4644,-0.1438923395445134,0.00017655031497529214,40,0
2098,4644,-0.1438923395445134,0.00017655031497529214,40,0
1076,2214,-0.1438032005447735,0.00017448456731717791,23,0
1076,2214,-0.1438032005447735,0.00017448456731717791,23,0
8,269,-0.1435268729187208,0.0001756731992524481,44,0
8,269,-0.1435268729187208,0.0001756731992524481,44,0
411,5327,-0.1435125448028673,0.00015298068686630262,107,0
411,5327,-0.1435125448028673,0.00015298068686630262,107,0
223,2871,-0.143504446695936,0.00014400464320149208,61,0
223,2871,-0.143504446695936,0.00014400464320149208,61,0
755,2816,-0.1431131344440139,0.0004000777973550522,46,0
755,2816,-0.1431131344440139,0.0004000777973550522,46,0
345,2589,-0.1429421768707482,8.25333498243331e-05,27,0
345,2589,-0.1429421768707482,8.25333498243331e-05,27,0
4055,25452,0.1428571428571428,1.6417704491333955e-08,5,1
3635,23547,0.1428571428571428,1.3681420409444964e-08,6,1
896,17412,0.1428571428571428,1.094513632755597e-08,6,1
4981,25245,0.1428571428571428,1.094513632755597e-08,5,1
4077,6542,-0.1422351233671988,5.472568163777985e-09,6,1
4077,6542,-0.1422351233671988,5.472568163777985e-09,6,1
31,259,0.1415105810770859,8.348904749290006e-05,32,0
31,259,0.1415105810770859,8.348904749290006e-05,32,0
54,129,-0.1414335182780466,9.815913668017284e-05,30,0
54,129,-0.1414335182780466,9.815913668017284e-05,30,0
1771,11218,0.141025641025641,0.00016245878094466767,25,0
921,2671,-0.141025641025641,0.0033594198238057495,150,0
792,3746,0.1404494382022472,0.00010708481076710294,30,0
10,67,-0.1396910678307589,0.0015207118910325348,64,0
807,1581,0.1395881006864988,0.0006586405095939759,28,0
3096,23223,0.1395348837209302,1.094513632755597e-08,5,1
1443,18846,0.1395348837209302,1.094513632755597e-08,5,1
453,6576,-0.139380720212129,0.00028845425096021994,30,0
453,6576,-0.139380720212129,0.00028845425096021994,30,0
1867,19681,0.1393442622950819,1.3681420409444964e-08,4,1
4012,24827,0.1392405063291139,1.3681420409444964e-08,6,1
1577,2803,-0.1392405063291139,0.00010031202574048613,22,0
321,935,-0.1391485913737222,9.070899322450516e-05,46,0
321,935,-0.1391485913737222,9.070899322450516e-05,46,0
1383,20344,0.1391304347826087,8.208852245666977e-09,5,1
1987,3120,-0.1388616787704779,0.0006046573045457748,24,0
1987,3120,-0.1388616787704779,0.0006046573045457748,24,0
179,4895,-0.1384615384615384,0.00028337526535168967,36,0
2946,3948,-0.1380952380952381,1.3681420409444963e-09,6,1
2946,3948,-0.1380952380952381,1.3681420409444963e-09,6,1
921,2048,-0.1379310344827586,0.0028991610331045056,159,0
183,868,-0.1379127024132064,0.00017863481021708887,72,0
183,868,-0.1379127024132064,0.00017863481021708887,72,0
567,16596,0.1377551020408163,8.208852245666977e-09,4,1
592,4187,0.1374045801526717,0.00025352877145305643,32,0
1834,21440,0.1372549019607843,1.915398857322295e-08,4,1
2387,4398,0.136986301369863,0.00013826379783087088,22,0
2934,26510,0.136986301369863,1.094513632755597e-08,4,1
2299,2929,-0.1367521367521367,0.0003524908517130219,22,0
1320,4265,-0.1364818751398523,0.0003852775824842295,57,0
1320,4265,-0.1364818751398523,0.0003852775824842295,57,0
79,2577,-0.1363636363636363,0.00034397429445370104,41,0
1660,8959,-0.1362298770988402,0.00018723065034598627,23,0
1660,8959,-0.1362298770988402,0.00018723065034598627,23,0
484,2144,0.1362109868441322,8.449808539196913e-05,72,0
484,2144,0.1362109868441322,8.449808539196913e-05,72,0
171,1196,-0.1360973525663306,0.00010023969767522419,30,0
171,1196,-0.1360973525663306,0.00010023969767522419,30,0
485,2067,-0.136039886039886,0.00012590327131791726,24,0
485,2067,-0.136039886039886,0.00012590327131791726,24,0
1320,3599,-0.136,0.0008651985835152785,53,0
2565,24927,0.1358024691358024,3.83079771464459e-08,5,1
473,2114,0.1356813506419805,0.00017395366841780778,27,0
473,2114,0.1356813506419805,0.00017395366841780778,27,0
4098,6096,-0.1354166666666666,0.00020907675396647003,30,0
2887,15106,0.1352201257861635,0.00024210594278151974,22,0
67,85,0.1352137900156704,0.0007318568300477015,39,0
5056,11218,0.1351351351351351,0.00043291518077375596,27,0
774,6735,-0.1349206349206349,0.00018086732239198128,24,0
886,5762,-0.1348314606741573,0.00022223732178470199,34,0
177,4755,-0.1346153846153846,0.0003795942940617137,50,0
1931,4614,0.1342925659472422,0.00013041690512349997,23,0
3400,7385,0.1342756183745583,0.0002654976700189866,22,0
2697,24140,0.1341463414634146,1.094513632755597e-08,5,1
1773,3734,-0.1340073824426255,0.0001108830734223845,57,0
1773,3734,-0.1340073824426255,0.0001108830734223845,57,0
171,14130,0.1334723670490094,8.088580023114732e-05,23,0
49,985,0.1334641805691854,0.0003524908517130219,24,0
93,948,0.1333801027161539,0.00010044212430607884,51,0
93,948,0.1333801027161539,0.00010044212430607884,51,0
313,4224,-0.1333333333333333,0.00038640748716180966,33,0
4805,25570,0.1333333333333333,1.094513632755597e-08,5,1
80,5815,-0.1332567311574174,9.482608174362844e-05,98,0
80,5815,-0.1332567311574174,9.482608174362844e-05,98,0
617,740,0.1326259946949602,0.0002124818773013687,31,0
372,1619,-0.1325562352487838,0.0003070135152135654,99,0
372,1619,-0.1325562352487838,0.0003070135152135654,99,0
4244,24299,0.1325301204819277,1.915398857322295e-08,6,1
4226,24090,0.1325301204819277,1.094513632755597e-08,5,1
4244,24300,0.1325301204819277,1.915398857322295e-08,6,1
178,1743,-0.1324934248725606,0.0006218217504136982,84,0
178,1743,-0.1324934248725606,0.0006218217504136982,84,0
1749,3109,-0.1322751322751322,0.0002029853387217873,28,0
1489,4246,-0.1318681318681318,0.0010370775270563796,27,0
215,2128,-0.1318582310473538,0.00010916804375005891,26,0
215,2128,-0.1318582310473538,0.00010916804375005891,26,0
2265,9451,0.131578947368421,1.094513632755597e-08,6,1
203,3870,-0.1315522132066759,0.0001121821647385765,41,0
203,3870,-0.1315522132066759,0.0001121821647385765,41,0
5,15,-0.1314545454545454,9.122415090777576e-05,51,0
1385,2472,-0.1312512757705654,0.0007565120271390703,52,0
1385,2472,-0.1312512757705654,0.0007565120271390703,52,0
2327,6256,0.1311881188118812,0.00010073903475882517,24,0
1407,1601,-0.1310510318349064,0.00026972348288786406,66,0
1407,1601,-0.1310510318349064,0.00026972348288786406,66,0
46,3459,0.1310009413241293,0.00010361614176348046,25,0
727,8581,0.1309794988610478,0.00010073903475882516,29,0
708,1208,0.130925822643614,0.00036218769524253843,32,0
708,1208,0.130925822643614,0.00036218769524253843,32,0
212,617,-0.1308576480990274,8.388094976642203e-05,31,0
2295,6497,-0.1308411214953271,8.609111494990247e-05,26,0
1150,6580,0.1307901907356948,0.00011818165966263062,29,0
1851,12611,0.1307847082494969,0.00015110034328599207,30,0
1407,2742,-0.1304334995721073,0.0006403680994567294,63,0
1407,2742,-0.1304334995721073,0.0006403680994567294,63,0
90,173,0.1301344965467102,9.42810069153432e-05,57,0
3293,16499,0.13,8.208852245666978e-08,6,1
3876,26710,0.1298701298701298,1.094513632755597e-08,5,1
4607,26900,0.1298701298701298,1.6417704491333955e-08,6,1
691,2653,-0.1297071129707113,0.00011893723476874953,24,0
5215,5323,0.1296296296296296,0.0001992133631084518,26,0
739,2803,0.1295091222440126,9.840386888691477e-05,28,0
739,2803,0.1295091222440126,9.840386888691477e-05,28,0
3139,23894,0.1294117647058823,4.104426122833489e-08,6,1
93,5914,-0.1294117647058823,9.674889318863139e-05,51,0
934,3122,-0.1293103448275862,0.0001680443781198214,35,0
58,6962,-0.1292508675239845,0.00034963892440420947,28,0
58,6962,-0.1292508675239845,0.00034963892440420947,28,0
2640,22786,0.1290322580645161,1.3681420409444964e-08,5,1
1743,4296,-0.1289978678038379,0.00016973092689069052,34,0
1743,4296,-0.1289978678038379,0.00016973092689069052,34,0
5155,14212,0.1282051282051282,0.0006225943773103424,24,0
2311,23777,0.127906976744186,8.208852245666977e-09,4,1
1773,4108,-0.1277145266708834,0.00013023716939140618,53,0
1773,4108,-0.1277145266708834,0.00013023716939140618,53,0
4825,22937,0.1276595744680851,2.7362840818889927e-08,6,1
1534,5483,-0.1276595744680851,0.00079191033144574,40,0
1233,6295,-0.1274509803921568,0.00015845608042404296,25,0
2060,2681,-0.1272727272727272,0.00043190091012972406,37,0
10,1375,-0.1271952000539319,0.00026605515568651274,41,0
10,1375,-0.1271952000539319,0.00026605515568651274,41,0
1072,5068,-0.1271186440677966,0.0007096118143558516,54,0
2489,4097,-0.1270718232044199,0.001323786635739352,36,0
4698,16394,0.1266968325791855,0.00011831556210525754,23,0
4012,26590,0.1265822784810126,1.3681420409444964e-08,6,1
297,5166,-0.1264367816091954,0.00011690121243120067,26,0
3465,3887,0.1263537906137184,0.00032704095612758635,28,0
525,2780,0.1263318112633181,0.00018405798346781175,36,0
101,2742,-0.1262135922330097,0.00023390531397868554,62,0
2217,3658,0.1261261261261261,0.00013126315706748367,30,0
972,1713,0.1258907363420427,0.0016040906127957862,28,0
2704,12971,0.1253405994550408,0.00010073903475882516,23,0
4755,5588,0.125,0.0007577839247036402,26,0
1476,24411,0.125,5.472568163777985e-09,3,1
54,5439,-0.1249828508711757,0.00017413226971741222,25,0
54,5439,-0.1249828508711757,0.00017413226971741222,25,0
146,1082,-0.1242487681221339,0.0001112354082765985,29,0
146,1082,-0.1242487681221339,0.0001112354082765985,29,0
371,14155,0.124052377670572,0.00010194282031045863,30,0
754,4094,-0.1240310077519379,0.00024187900620094462,23,0
1495,19845,0.1240310077519379,1.3681420409444964e-08,6,1
2864,21110,0.1239669421487603,1.094513632755597e-08,6,1
309,3645,-0.1239669421487603,0.00047075433401157967,23,0
452,1284,-0.1238095238095238,5.472568163777985e-09,6,1
452,1284,-0.1238095238095238,5.472568163777985e-09,6,1
1316,3641,-0.1237113402061855,2.7362840818889926e-09,5,1
1316,3641,-0.1237113402061855,2.7362840818889926e-09,5,1
1316,23166,0.1237113402061855,5.472568163777985e-09,4,1
1634,26038,0.1234567901234567,1.094513632755597e-08,3,1
6348,9094,0.1231231231231231,2.0522130614167445e-08,6,1
6348,9094,0.1231231231231231,2.0522130614167445e-08,6,1
2169,3338,0.1228571428571428,9.546554939787871e-05,26,0
181,648,0.1228200371057513,0.006435596217776413,85,0
101,4175,-0.1228070175438596,0.0005042281613773464,51,0
1777,1984,0.1227106227106227,0.0001336064655781875,29,0
2034,3489,0.1226993865030674,0.00014657073439397258,59,0
1534,5460,-0.1224489795918367,0.0007655992149532897,38,0
4823,5483,-0.1223404255319148,0.0001910131446387225,28,0
3445,25346,0.1219512195121951,1.6417704491333955e-08,5,1
3746,4433,-0.1217948717948717,0.00018120317344721257,29,0
57,239,-0.1214963678535352,8.811071517630638e-05,25,0
57,239,-0.1214963678535352,8.811071517630638e-05,25,0
2513,23804,0.1208791208791208,8.208852245666977e-09,5,1
335,890,-0.1207195997615159,0.0003839004669926106,25,0
335,890,-0.1207195997615159,0.0003839004669926106,25,0
345,6174,-0.1204819277108433,0.0011218960472126635,28,0
507,6174,-0.1204819277108433,0.0003059592503218298,24,0
4244,25959,0.1204819277108433,1.915398857322295e-08,6,1
2626,26854,0.1204819277108433,3.009912490077892e-08,5,1
1664,3137,-0.1203007518796992,0.00014373416034056287,26,0
294,12441,0.1201201201201201,0.00012604779177772713,22,0
2098,14656,0.1200828157349896,0.0005026492042711896,29,0
2098,2115,0.1200828157349896,0.00026975165462508866,32,0
3293,23381,0.12,4.9253113474001865e-08,6,1
1593,19229,0.12,1.915398857322295e-08,5,1
357,2742,-0.1197411003236245,0.00021055227645802802,35,0
692,3972,-0.1196581196581196,0.00022233527889211995,25,0
390,2150,0.1195717692690725,0.00015848019030531926,30,0
390,2150,0.1195717692690725,0.00015848019030531926,30,0
1113,2434,0.1194029850746268,0.00042409579926105495,29,0
4333,5390,0.119047619047619,0.00013900651665539767,25,0
4333,5096,-0.1188118811881188,0.00019190745099764928,30,0
405,2534,0.1184017146356399,0.0006219204325271186,30,0
405,2534,0.1184017146356399,0.0006219204325271186,30,0
2647,6450,-0.1181818181818181,0.0003463808653017198,22,0
117,2289,-0.1178723538505221,0.00012809214388832658,31,0
117,2289,-0.1178723538505221,0.00012809214388832658,31,0
1208,2310,-0.1178488548077893,0.00018847867678429138,22,0
1208,2310,-0.1178488548077893,0.00018847867678429138,22,0
3139,25418,0.1176470588235294,4.104426122833489e-08,6,1
300,356,-0.117559943245606,0.0004270826851098859,48,0
300,356,-0.117559943245606,0.0004270826851098859,48,0
1165,1167,-0.1173184357541899,0.00017046289860354712,27,0
2016,3386,-0.1172862225493804,0.00020538983556944574,25,0
2016,3386,-0.1172862225493804,0.00020538983556944574,25,0
3333,4687,-0.1172793815280861,9.849108760798265e-05,29,0
3333,4687,-0.1172793815280861,9.849108760798265e-05,29,0
4779,5155,0.1172413793103448,0.0007251465598437621,27,0
2704,8529,0.1171662125340599,0.0007743720220368345,24,0
1511,22214,0.1171171171171171,8.208852245666977e-09,5,1
5460,5483,-0.1170212765957446,9.471045333099823e-05,26,0
2925,3200,0.1169230769230769,0.00010414999957446398,24,0
494,4333,0.116751269035533,0.00036633788414434313,37,0
3096,26165,0.1162790697674418,1.094513632755597e-08,5,1
1887,13903,0.1162790697674418,2.7362840818889927e-08,5,1
697,11747,0.1160520607375271,0.00015110034328599207,29,0
1616,3809,-0.1160267481511004,0.00017595956581560062,42,0
1616,3809,-0.1160267481511004,0.00017595956581560062,42,0
1262,6497,0.1158455392809587,8.840000700548618e-05,39,0
1773,5494,-0.1157894736842105,0.0036061652107162463,55,0
977,16736,0.1155555555555555,2.189027265511194e-08,5,1
280,3270,-0.1155449212719975,0.00040609754917298195,24,0
280,3270,-0.1155449212719975,0.00040609754917298195,24,0
2109,8642,-0.1153846153846153,0.00112061318919739,28,0
2895,24217,0.1145833333333333,8.208852245666977e-09,4,1
2601,4697,0.1145510835913312,0.00040280290712671485,26,0
371,1198,0.1144038594073053,0.0004809689182993074,41,0
54,4795,-0.1142857142857142,0.0008792441475565628,27,0
976,7222,0.1141975308641975,0.00013138470791785694,23,0
46,286,0.114057106997176,0.0001078381897983866,24,0
934,13993,0.1140529531568228,0.00020242594214106032,31,0
283,2675,-0.1140246349519958,8.178659264230886e-05,42,0
283,2675,-0.1140246349519958,8.178659264230886e-05,42,0
1358,7490,-0.1138095238095238,0.00014447222169856956,33,0
1358,7490,-0.1138095238095238,0.00014447222169856956,33,0
97,215,0.1137600818214194,0.0002917258582908586,49,0
97,215,0.1137600818214194,0.0002917258582908586,49,0
3710,26081,0.1136363636363636,1.094513632755597e-08,6,1
148,2103,-0.1132075471698113,0.0012551943318370054,25,0
17,551,-0.1130434782608695,0.00019064839307795711,44,0
163,283,-0.1127357678549854,0.0003770873093251222,55,0
163,283,-0.1127357678549854,0.0003770873093251222,55,0
1183,2195,0.1127186057809084,0.0001775377460432918,38,0
1183,2195,0.1127186057809084,0.0001775377460432918,38,0
1431,3255,-0.1123595505617978,6.840710204722482e-09,5,1
1431,3255,-0.1123595505617978,6.840710204722482e-09,5,1
1711,26052,0.1123595505617977,8.208852245666977e-09,5,1
1431,21649,0.1123595505617977,2.189027265511194e-08,5,1
1389,3660,-0.1120689655172413,0.00012297298636601602,24,0
2646,7162,0.1116389548693586,0.0005936742725752623,32,0
368,2434,-0.111463257412978,0.0001743772727385202,29,0
368,2434,-0.111463257412978,0.0001743772727385202,29,0
791,1848,0.1114285714285714,0.00019013623614555405,22,0
366,2423,0.1114058355437665,0.0003921073340503552,32,0
1756,5831,0.1113744075829383,0.0001785592145331513,25,0
5157,7390,-0.1112574061882817,5.472568163777985e-09,6,1
5157,7390,-0.1112574061882817,5.472568163777985e-09,6,1
921,3467,-0.1112519346600029,0.0010011902883675038,156,0
921,3467,-0.1112519346600029,0.0010011902883675038,156,0
155,3835,0.111166946919474,0.0005031752798185669,36,0
155,3835,0.111166946919474,0.0005031752798185669,36,0
80,151,-0.1111613296511169,0.00015771740813646392,101,0
80,151,-0.1111613296511169,0.00015771740813646392,101,0
1646,2129,0.1111111111111111,0.0005936174422919319,41,0
2338,4228,-0.1111111111111111,0.00014121357914532448,22,0
4418,7537,0.1110176619007569,5.472568163777985e-09,6,1
4418,7537,0.1110176619007569,5.472568163777985e-09,6,1
175,3599,-0.1107835531419705,0.0003085588087211387,54,0
175,3599,-0.1107835531419705,0.0003085588087211387,54,0
2458,5106,0.1104815864022662,0.0001312502296412574,23,0
895,3843,0.1103515625,0.0001361258140229709,24,0
1282,20822,0.1102941176470588,2.189027265511194e-08,6,1
2048,5323,-0.1101694915254237,0.0001958683661111676,25,0
319,4400,-0.1100938052566907,8.716081158386993e-05,42,0
319,4400,-0.1100938052566907,8.716081158386993e-05,42,0
4265,8363,0.110091743119266,0.00019276326510929515,23,0
345,3707,-0.1100690276110444,0.000501551012078261,29,0
345,3707,-0.1100690276110444,0.000501551012078261,29,0
921,1760,-0.11,0.0002827712706767999,155,0
1231,23649,0.11,1.094513632755597e-08,6,1
1539,2828,0.1099365750528541,0.0003883107673874475,31,0
3328,26985,0.1098901098901098,1.094513632755597e-08,6,1
163,8590,0.1097380128521997,0.00025177233908481094,23,0
987,3270,-0.1095356718709266,0.00022803626921086092,26,0
987,3270,-0.1095356718709266,0.00022803626921086092,26,0
727,14287,0.1093394077448747,0.00013617195218033673,36,0
1314,3160,-0.1092896174863388,9.460129483979553e-05,31,0
4030,7631,-0.1090909090909091,0.00027034842804477135,22,0
4030,7631,-0.1090909090909091,0.00027034842804477135,22,0
530,3548,-0.1088082901554404,9.999250077971055e-05,22,0
155,5895,-0.1087912406501865,0.0002589612414388556,40,0
155,5895,-0.1087912406501865,0.0002589612414388556,40,0
280,6516,-0.108695652173913,0.0009891818015178592,22,0
104,174,-0.1083743842364532,0.00015110034328599207,25,0
485,4893,-0.10828025477707,0.0010027888971078397,32,0
2646,3299,-0.108182366079342,0.0005614937217466448,36,0
2646,3299,-0.108182366079342,0.0005614937217466448,36,0
104,2309,0.108022239872915,0.00012350553431689443,25,0
498,4581,0.1078801925476912,0.0006501470613125489,23,0
498,4581,0.1078801925476912,0.0006501470613125489,23,0
34,153,0.1075496117342536,0.00036734935873970303,73,0
34,153,0.1075496117342536,0.00036734935873970303,73,0
73,7160,-0.1075268817204301,0.00036326787630147324,29,0
1366,24979,0.1075268817204301,1.094513632755597e-08,4,1
811,2352,-0.1074133423294256,0.00010072808962249759,31,0
811,2352,-0.1074133423294256,0.00010072808962249759,31,0
972,3722,0.1068883610451306,0.0006447374818644752,22,0
3392,10914,0.1068376068376068,0.00011231887838336964,22,0
3467,4755,0.1068317042073948,0.00022692054258510703,34,0
3467,4755,0.1068317042073948,0.00022692054258510703,34,0
792,4577,0.1067415730337078,0.0002426965002641821,33,0
87,735,0.1067402806533241,8.410065433355199e-05,30,0
87,735,0.1067402806533241,8.410065433355199e-05,30,0
38,447,0.1066810991893557,0.00020112414964170512,45,0
38,447,0.1066810991893557,0.00020112414964170512,45,0
746,4883,0.1065088757396449,0.00035878211764409996,29,0
3562,11218,0.1063829787234042,0.0019614852490549947,28,0
697,11427,0.106290672451193,0.00010073903475882516,28,0
405,3111,-0.106060606060606,0.0002002914485981397,38,0
1714,1761,-0.1060171919770773,0.00015476753589870488,23,0
1761,6183,0.1060171919770773,0.0003298092570002199,24,0
1223,1411,-0.1057968830451217,0.0001912070495913646,47,0
1223,1411,-0.1057968830451217,0.0001912070495913646,47,0
2343,7549,0.1057692307692307,5.335753959683535e-07,5,1
1429,13704,0.1057471264367816,0.00010073903475882516,27,0
51,1863,-0.1055747166688345,0.00030726713397865034,85,0
51,1863,-0.1055747166688345,0.00030726713397865034,85,0
1065,4970,-0.1053159649003469,0.0009057881826356263,92,0
1065,4970,-0.1053159649003469,0.0009057881826356263,92,0
809,1478,0.1052083333333333,0.00016815201491343865,25,0
809,1478,0.1052083333333333,0.00016815201491343865,25,0
56,3363,-0.1048387096774193,0.00014702115740385986,36,0
22,85,-0.1045956861352742,0.00020823755744829903,26,0
22,85,-0.1045956861352742,0.00020823755744829903,26,0
4098,5106,0.1044776119402985,9.22384455296897e-05,26,0
1541,3906,0.1043689320388349,0.00015500050194603487,26,0
1021,1371,-0.1043478260869564,8.208852245666977e-09,6,1
1021,1371,-0.1043478260869564,8.208852245666977e-09,6,1
36,341,-0.104325699745547,0.0003564380234106361,46,0
927,2430,0.1043233082706766,9.11721298592701e-05,35,0
5912,7834,0.1042654028436018,8.12652719488572e-05,23,0
904,21774,0.104,5.472568163777985e-09,3,1
34,1065,-0.1037344398340249,0.004045571338937892,139,0
203,3254,-0.1031196971674716,0.0003791187947898416,43,0
203,3254,-0.1031196971674716,0.0003791187947898416,43,0
2735,27021,0.1030927835051546,1.6417704491333955e-08,5,1
2735,27022,0.1030927835051546,1.6417704491333955e-08,5,1
1282,21212,0.1029411764705882,2.4626556737000932e-08,5,1
1904,4698,0.1028571428571428,0.000414926355140143,40,0
3544,4256,0.102803738317757,0.0001795666235910139,25,0
319,3184,-0.1027834430577717,0.00022990379933649898,44,0
319,3184,-0.1027834430577717,0.00022990379933649898,44,0
340,4823,-0.1027397260273972,0.001157195760504215,36,0
1000,23396,0.1025641025641025,1.094513632755597e-08,4,1
2830,15402,0.1021505376344086,0.00022506797738416632,24,0
1072,2223,-0.1020408163265306,0.0002610408879745097,53,0
2,341,-0.1020290299167987,0.00039285056124735695,70,0
2,341,-0.1020290299167987,0.00039285056124735695,70,0
921,5711,-0.1016949152542373,0.0031606680703666055,158,0
853,2798,-0.1016272817319937,0.00010072808962249759,32,0
853,2798,-0.1016272817319937,0.00010072808962249759,32,0
112,649,-0.1016159688172706,0.00014238180254681806,52,0
112,649,-0.1016159688172706,0.00014238180254681806,52,0
385,1724,-0.1015873015873015,0.0002087697847589987,22,0
1013,11218,0.1011904761904761,0.0003790949791136652,27,0
2312,5809,-0.101010101010101,0.0007049093316083819,22,0
676,4755,-0.1009615384615384,0.00028440529328048627,35,0
68,5126,-0.1008403361344537,0.00010490277943302578,43,0
746,1781,-0.1003861003861003,0.0008197400929107481,34,0
181,2287,0.1001855287569573,0.0001736595936488597,49,0
763,852,-0.1000738163028577,0.00041755242702333435,23,0
763,852,-0.1000738163028577,0.00041755242702333435,23,0
2238,2291,-0.1,0.00016117983342168047,22,0
2219,3440,-0.1,0.0009677946231444155,36,0
63,1414,-0.099895848832019,0.00012388315730041435,48,0
63,1414,-0.099895848832019,0.00012388315730041435,48,0
697,4564,0.0997830802603036,0.002296073701516298,42,0
811,826,-0.0996784565916398,0.00029323407248579386,41,0
300,1555,-0.0996694635138571,0.00022778184303241247,44,0
300,1555,-0.0996694635138571,0.00022778184303241247,44,0
348,2152,-0.0994764397905759,0.00015488775617195322,38,0
830,921,0.0993975903614457,0.0006595578378880138,162,0
2129,16467,0.0992647058823529,0.001270154692004314,26,0
921,2795,-0.0991735537190082,0.0011770928544568079,162,0
5215,6854,0.0987654320987654,0.0001779990834171969,24,0
127,3548,-0.0984455958549222,0.00014101610913558134,26,0
4970,5660,0.0983606557377049,0.0014374392232241683,26,0
4970,5997,0.0983606557377049,0.0005192358184438351,25,0
839,4893,0.0982514571190674,0.001144637586748532,61,0
97,3798,-0.0981863163890075,0.00018903833775332573,48,0
97,3798,-0.0981863163890075,0.00018903833775332573,48,0
525,4776,0.0981735159817351,0.0010028333392164965,35,0
101,2034,-0.0981595092024539,0.0009040684137219837,62,0
733,4672,0.0981240981240981,0.00010026783500045147,26,0
1090,2243,0.0980814434478864,0.00035986800934575004,24,0
1090,2243,0.0980814434478864,0.00035986800934575004,24,0
4139,26558,0.0980392156862745,2.4626556737000932e-08,6,1
1198,2696,0.0977917981072555,9.041745807395195e-05,23,0
2884,9044,0.0977272727272727,0.00010073903475882513,23,0
886,4222,0.0976909413854351,0.0002223017309885107,32,0
2489,5171,0.0976430976430976,0.00011833473955665311,24,0
2504,3092,0.0975609756097561,0.0006326800100723359,27,0
5310,8023,0.0975609756097561,0.00013469879084183128,26,0
727,4878,-0.0973451327433628,0.000422569268258653,35,0
359,3306,-0.0972742089585792,0.0004379960826444912,31,0
359,3306,-0.0972742089585792,0.0004379960826444912,31,0
647,1729,-0.0972644376899696,8.029448211357488e-05,22,0
284,2189,-0.0971223021582733,0.00013060316536830208,26,0
1011,2674,-0.0970873786407767,0.00011763515863559343,27,0
516,4754,-0.0969981621400857,0.00010108114167990218,29,0
516,4754,-0.0969981621400857,0.00010108114167990218,29,0
915,2014,-0.0969899665551839,0.00014391291031980226,22,0
1059,1352,-0.0969696969696969,0.0002993268115637287,34,0
262,1664,-0.0969696969696969,0.00029529070012248465,29,0
46,547,0.0969563853153435,0.00022151653787329337,30,0
13,8356,0.0968980797636632,0.0007244848872876454,72,0
46,3392,0.0967994979604643,0.0002469942212149303,36,0
101,3166,-0.0967741935483871,0.0041410085896089605,55,0
522,7360,0.0967320261437908,0.00012754714953543898,24,0
604,1818,-0.0965630114566284,0.0013610904104812218,57,0
929,3125,-0.096551724137931,0.00019678529049608088,25,0
1131,6182,-0.0964912280701754,0.0015067865141411203,29,0
1385,2528,-0.0963158083360212,0.000198564267549543,49,0
1385,2528,-0.0963158083360212,0.000198564267549543,49,0
604,1919,-0.0961992176990417,0.00018766419458297084,44,0
604,1919,-0.0961992176990417,0.00018766419458297084,44,0
649,704,0.0961680770932121,8.045201151049757e-05,36,0
649,704,0.0961680770932121,8.045201151049757e-05,36,0
2,15,-0.0960884717160117,0.00011484130726143825,77,0
2,15,-0.0960884717160117,0.00011484130726143825,77,0
148,203,0.0960007955571194,0.00024334473230359476,50,0
148,203,0.0960007955571194,0.00024334473230359476,50,0
1002,2997,-0.0957446808510638,0.0004248267911695684,23,0
2142,2144,0.0956521739130434,0.00020749625591036058,70,0
2129,10572,0.0955882352941176,0.0008156109236096419,27,0
1181,22454,0.0955882352941176,1.094513632755597e-08,5,1
80,785,-0.0955717125859797,0.00010866196436955723,100,0
80,785,-0.0955717125859797,0.00010866196436955723,100,0
1320,2713,-0.0954773869346733,0.00038100547557381277,58,0
2713,5869,0.0954773869346733,0.00047265725471216366,39,0
1854,2584,0.0954356846473029,0.0004846990345115685,27,0
572,6023,0.0953389830508474,0.00016509848475529845,22,0
1633,6735,-0.0952380952380952,0.00013521098781347007,23,0
2704,6735,-0.0952380952380952,0.0005443115465758499,30,0
1361,23523,0.0952380952380952,2.189027265511194e-08,6,1
861,2114,-0.0951884190519742,8.977399403823157e-05,35,0
861,2114,-0.0951884190519742,8.977399403823157e-05,35,0
2434,4228,0.0949720670391061,0.0008867449023088798,23,0
36,261,0.094911089899954,0.00019361802996512717,41,0
36,261,0.094911089899954,0.00019361802996512717,41,0
743,1126,-0.0948728271340455,0.0007286966959152606,22,0
743,1126,-0.0948728271340455,0.0007286966959152606,22,0
411,3545,-0.0948462814134455,0.00016707286508610818,111,0
411,3545,-0.0948462814134455,0.00016707286508610818,111,0
1694,4380,0.0947867298578199,0.0005454269309031659,24,0
368,594,-0.0946623508504696,0.0001597539336423064,26,0
368,594,-0.0946623508504696,0.0001597539336423064,26,0
525,2928,0.0943683409436834,0.0012755028858449575,43,0
178,2072,0.0943610087843581,0.00016803503012752623,63,0
232,5410,0.0943040362127499,0.0001831163299359297,63,0
2019,21624,0.0942028985507246,3.83079771464459e-08,6,1
886,3392,-0.094017094017094,0.00048226925374335436,46,0
1077,2870,-0.0938005390835579,9.708280051204919e-05,23,0
1077,2870,-0.0938005390835579,9.708280051204919e-05,23,0
2032,2457,-0.0936863543788187,0.0001007390347588252,34,0
4862,6515,0.0935251798561151,0.00012160091923159049,23,0
4862,12113,0.0935251798561151,0.00010073903475882516,23,0
2238,3544,-0.0934579439252336,0.0002973206321305712,26,0
2639,25495,0.0934579439252336,1.094513632755597e-08,5,1
1593,21503,0.0933333333333333,1.915398857322295e-08,5,1
532,853,-0.0931937172774869,0.0003400159232618245,42,0
896,20838,0.093167701863354,1.094513632755597e-08,6,1
93,1223,-0.0930232342119661,0.00045884515030319875,77,0
93,1223,-0.0930232342119661,0.00045884515030319875,77,0
845,2045,-0.0927318295739348,0.00023389221382409304,34,0
845,2045,-0.0927318295739348,0.00023389221382409304,34,0
2,44,-0.0926485397784491,8.79479407775211e-05,88,0
963,972,-0.0926365795724465,0.0003706742336368133,28,0
1355,2852,-0.0925925925925925,0.00029263494932167244,22,0
1845,3559,0.0923694779116465,0.00010329137968653705,24,0
733,10784,0.0923520923520923,0.00010026965918983936,25,0
1011,3254,-0.0921985815602836,0.00017899879148601175,25,0
283,2083,-0.0921868196916995,0.00018141504803155617,52,0
283,2083,-0.0921868196916995,0.00018141504803155617,52,0
5215,8492,-0.0921177587844254,0.00037590069494959025,23,0
5215,8492,-0.0921177587844254,0.00037590069494959025,23,0
2060,2844,-0.0920245398773006,0.0006001642364397782,38,0
3746,5765,0.0919540229885057,0.00019086708541778374,22,0
2472,9028,0.0917874396135265,0.0006544124373086533,22,0
182,1990,-0.0917827659552951,0.0003111098611232183,112,0
182,1990,-0.0917827659552951,0.0003111098611232183,112,0
517,772,0.0917038649972781,0.00021567093444630723,24,0
517,772,0.0917038649972781,0.00021567093444630723,24,0
309,4387,0.0916230366492146,0.0013254378134797413,30,0
522,1411,0.0915032679738562,0.0002600130501575144,32,0
821,19061,0.0913705583756345,5.153115404451215e-06,6,1
5802,9604,0.0912698412698412,0.0003356718255562138,24,0
56,287,0.0911518425284945,0.00027223127828953324,43,0
56,287,0.0911518425284945,0.00027223127828953324,43,0
3672,4030,-0.0909090909090909,0.0001566971408681035,24,0
1259,2819,-0.0909090909090909,0.00034072268028583673,31,0
1646,8834,0.0907029478458049,0.0011521101601442447,27,0
51,7227,-0.090699276610403,0.00037300907213656467,58,0
51,7227,-0.090699276610403,0.00037300907213656467,58,0
1757,2458,-0.0906515580736544,0.00010787344863349521,24,0
1582,7591,0.0902394106813996,0.00010073903475882516,26,0
223,14137,0.0902285263987391,0.00011641025580033327,51,0
2336,2617,0.0901639344262295,0.0002323366329281809,30,0
921,2193,-0.09009009009009,0.0009668081949298857,152,0
1001,1773,0.0900473933649289,0.0005560232054600135,56,0
921,1010,-0.09,0.0025632460175955348,160,0
2189,4854,0.0899280575539568,0.0006269815297452984,23,0
4862,7173,0.0899280575539568,0.00010073903475882516,23,0
411,1470,-0.0897644960954313,0.0007601241863688411,108,0
411,1470,-0.0897644960954313,0.0007601241863688411,108,0
54,1045,-0.0894941634241245,0.0002643073844470926,26,0
348,5186,-0.0893672537508153,0.00024626226640846616,45,0
348,5186,-0.0893672537508153,0.00024626226640846616,45,0
14,849,0.0893280632411067,0.000779259330104219,24,0
2144,5409,-0.0892857142857142,0.00040834407917035223,73,0
6675,7516,0.0892018779342723,0.00010397609698702272,27,0
706,1078,-0.0891719745222929,0.0002950221981462044,25,0
4155,5052,0.0890052356020942,9.87211497405752e-05,25,0
34,50,-0.0889962542806015,0.0003548393913902334,83,0
34,50,-0.0889962542806015,0.0003548393913902334,83,0
2024,2278,-0.0888888888888888,0.00022322605483358595,26,0
149,2004,-0.0888888888888888,0.00055777956533001,43,0
604,2430,-0.0887573964497041,0.0003251557174861412,39,0
1325,2884,-0.0886363636363636,0.00039254413560526783,37,0
224,862,-0.0883534136546184,0.00024113390344906346,33,0
340,853,-0.0882709683149848,0.00031947067353183727,50,0
340,853,-0.0882709683149848,0.00031947067353183727,50,0
183,1254,-0.0882485875706214,9.145508326618928e-05,57,0
183,1254,-0.0882485875706214,9.145508326618928e-05,57,0
1389,1595,-0.088235294117647,0.00010625740326353137,23,0
2129,17032,0.088235294117647,0.00024144602822902538,26,0
514,7696,0.0881226053639846,0.0004813987619732572,22,0
297,2109,-0.0881057268722467,0.0009960587824825579,37,0
49,321,-0.0880607035265385,0.0004011676443224307,48,0
49,321,-0.0880607035265385,0.0004011676443224307,48,0
1565,2029,-0.0879803186504217,0.00018236102356707784,28,0
1565,2029,-0.0879803186504217,0.00018236102356707784,28,0
972,1758,0.0878859857482185,0.0013498073516466451,31,0
2704,8360,-0.0877242648359814,0.0004071628853004721,32,0
2704,8360,-0.0877242648359814,0.0004071628853004721,32,0
2060,2176,-0.0876494023904382,0.0010292631594593861,41,0
80,342,-0.0876105195945285,0.0005342589040335464,104,0
80,342,-0.0876105195945285,0.0005342589040335464,104,0
559,4229,0.087431693989071,0.00019476546508801198,26,0
830,3593,0.0873493975903614,0.0006810633822510433,26,0
1328,4183,0.0872340425531914,0.00013390463146334584,33,0
203,7300,0.0871165644171779,0.0004752253086508934,40,0
1633,3390,-0.0866666666666666,0.00023967204952684637,23,0
177,1407,-0.0866261398176291,0.0014256258097440863,74,0
56,1219,-0.0865800865800865,0.00016032341301904114,36,0
594,2144,0.0865509187021854,0.00019617132304817285,72,0
594,2144,0.0865509187021854,0.00019617132304817285,72,0
46,451,0.0862880451835582,0.00022815605972469047,27,0
1053,11593,0.0861079219288174,0.00010073903475882516,24,0
93,384,-0.0860871959703969,8.143209675132597e-05,72,0
93,384,-0.0860871959703969,8.143209675132597e-05,72,0
411,916,-0.085972850678733,0.0003857443829241322,111,0
34,2174,-0.0859666821530497,0.00038465280840669226,101,0
34,2174,-0.0859666821530497,0.00038465280840669226,101,0
2109,3037,-0.0859375,0.00011936055643383374,27,0
1452,2623,-0.0859139655380166,0.0006500283868139192,25,0
1452,2623,-0.0859139655380166,0.0006500283868139192,25,0
1072,5055,0.0856031128404669,9.889825891038319e-05,46,0
51,2566,-0.0855808909853986,0.0006634529167324803,76,0
51,2566,-0.0855808909853986,0.0006634529167324803,76,0
730,2144,0.0854406646026038,0.0002465657644390629,69,0
730,2144,0.0854406646026038,0.0002465657644390629,69,0
455,478,0.0853932584269663,0.0001266142295134224,25,0
68,11401,0.0853743876836948,0.0003443492494665323,40,0
3212,5858,0.0853080568720379,0.0001476281564409662,25,0
1443,23856,0.0852713178294573,1.094513632755597e-08,5,1
230,2504,-0.0851894009056251,0.00027855414633202725,26,0
230,2504,-0.0851894009056251,0.00027855414633202725,26,0
181,427,0.0849721706864564,0.0007271636830815522,59,0
891,1541,-0.0849514563106796,9.540798042340975e-05,25,0
717,14689,0.0849478390461997,0.00010073903475882513,26,0
210,2060,-0.0846905537459283,0.00022953205796226713,51,0
921,4669,-0.0844767644420723,0.0005405809756962919,157,0
921,4669,-0.0844767644420723,0.0005405809756962919,157,0
648,5570,0.0843657817109144,0.00035042429752228324,45,0
104,9470,0.0841938046068308,0.00017625773913487947,24,0
233,7651,0.0840950639853747,0.00020145617924499515,34,0
203,3586,-0.0839286738145748,0.0003782005714992509,44,0
203,3586,-0.0839286738145748,0.0003782005714992509,44,0
3323,23651,0.0839160839160839,2.7362840818889927e-08,6,1
1036,1121,0.0838784815145207,0.00010764597273845743,30,0
1036,1121,0.0838784815145207,0.00010764597273845743,30,0
1369,3163,0.0838445807770961,0.0002518065426358345,28,0
2540,4340,-0.0837004405286343,0.000364202631427385,26,0
1407,12174,0.0835866261398176,0.0001492400693618888,52,0
112,135,0.0835173940877007,9.680542014217941e-05,53,0
112,135,0.0835173940877007,9.680542014217941e-05,53,0
11,2418,-0.0833333333333333,0.00014278741181536264,77,0
431,5156,-0.0833333333333333,9.531343497476061e-05,23,0
1561,1854,-0.0829875518672199,0.0002544357970680158,26,0
921,4097,-0.0828729281767955,0.004001911572657993,160,0
275,3455,-0.0827586206896551,8.672200500852928e-05,25,0
2018,25292,0.0826446280991735,1.915398857322295e-08,6,1
364,2925,-0.0826002166847237,0.000286047984047185,43,0
364,2925,-0.0826002166847237,0.000286047984047185,43,0
686,933,-0.0824742268041237,0.001348122173629904,28,0
886,4710,-0.0823529411764705,0.0005133941701703627,38,0
397,5186,-0.0821917808219178,0.0005459397218046375,23,0
2446,4633,0.0821256038647343,0.00035835348230147285,41,0
1320,1941,-0.082051282051282,0.00036195335283274884,58,0
1562,5169,-0.081967213114754,0.00010806462788373884,25,0
187,362,-0.0819100771023847,0.000148686189001888,22,0
187,362,-0.0819100771023847,0.000148686189001888,22,0
4577,9203,0.0818965517241379,8.984152177852427e-05,28,0
355,3660,-0.0818965517241379,0.00015673534315383306,28,0
1618,11093,0.0818181818181818,0.0001290717148578088,24,0
4755,19688,0.0817307692307692,0.0005717291698893129,26,0
2363,3103,0.0816326530612244,0.00010108491265901074,22,0
2,43,0.0815620229957812,0.00013889620479073345,87,0
2,43,0.0815620229957812,0.00013889620479073345,87,0
921,1320,-0.0814378715122797,0.008122843241076408,189,0
921,1320,-0.0814378715122797,0.008122843241076408,189,0
5406,15884,0.0811688311688311,0.0001059702523195509,25,0
575,8360,-0.0808736717827626,0.0002830650404835295,22,0
575,8360,-0.0808736717827626,0.0002830650404835295,22,0
1092,2646,-0.0807600950118764,0.0011070285085666653,51,0
101,1601,-0.0807017543859649,0.0010050511079447843,65,0
386,972,0.0805078916717871,0.0005587638752579387,22,0
386,972,0.0805078916717871,0.0005587638752579387,22,0
34,1517,-0.0804597701149425,0.0008052993504362581,71,0
648,2181,0.0802359882005899,0.0007952984711073174,45,0
853,2508,-0.0802094240837696,9.232906563316918e-05,36,0
853,2508,-0.0802094240837696,9.232906563316918e-05,36,0
600,7265,0.0801603206412825,0.0005191746604361156,23,0
2925,3572,0.08,0.00011568468243693335,25,0
1781,6598,-0.08,0.00034091610955995033,26,0
1310,3532,-0.08,0.000276273636622745,22,0
2024,6598,-0.08,0.0001261429956720717,26,0
516,2034,-0.0797546012269938,0.0007337065013527519,34,0
2019,23858,0.0797101449275362,3.83079771464459e-08,6,1
1618,5650,0.0795454545454545,0.00017209014724224757,25,0
384,14287,0.0794979079497908,9.761193234289714e-05,37,0
933,3283,-0.079495990836197,0.0006433407124782562,26,0
933,3283,-0.079495990836197,0.0006433407124782562,26,0
1854,3159,-0.0793914246196403,0.000382450467236689,23,0
1854,3159,-0.0793914246196403,0.000382450467236689,23,0
1361,26683,0.0793650793650793,2.189027265511194e-08,6,1
994,2552,0.079155672823219,0.000322384625375238,27,0
3187,5278,0.079136690647482,9.156779466060812e-05,24,0
304,1601,-0.0790202342917997,9.17895611046864e-05,35,0
304,1601,-0.0790202342917997,9.17895611046864e-05,35,0
45,314,-0.0788194958726863,0.00019665784009241134,161,0
45,314,-0.0788194958726863,0.00019665784009241134,161,0
97,6416,-0.0787029430771421,0.0001359037879020686,40,0
97,6416,-0.0787029430771421,0.0001359037879020686,40,0
56,95,-0.078670553777816,0.00010145848587243612,44,0
56,95,-0.078670553777816,0.00010145848587243612,44,0
45,1362,-0.0786501505501081,8.233925736365271e-05,161,0
45,1362,-0.0786501505501081,8.233925736365271e-05,161,0
1262,9528,0.0785619174434087,0.00015790877584976874,35,0
4030,4155,-0.0785340314136125,0.0003669519711904948,31,0
943,1851,-0.0784708249496981,0.0001388252819897041,36,0
1293,2174,-0.0784615384615384,0.00036920859331048217,48,0
259,348,0.0784447821681864,0.0001217301031133804,47,0
259,348,0.0784447821681864,0.0001217301031133804,47,0
477,2828,0.0782779579790187,0.00012205829054039287,30,0
477,2828,0.0782779579790187,0.00012205829054039287,30,0
171,7020,0.0782064650677789,0.00010073903475882516,22,0
215,374,0.0781046768777131,0.00010117438686090779,26,0
215,374,0.0781046768777131,0.00010117438686090779,26,0
49,1281,-0.0779934517085743,0.0005289168042885403,33,0
49,1281,-0.0779934517085743,0.0005289168042885403,33,0
149,4232,-0.0779831214613823,0.00011681736167537531,38,0
149,4232,-0.0779831214613823,0.00011681736167537531,38,0
5869,12814,0.0779661016949152,0.00010073903475882516,27,0
886,5213,-0.0779449000415706,0.0001322419119022812,37,0
886,5213,-0.0779449000415706,0.0001322419119022812,37,0
799,5442,0.0776605944391179,0.0003675562819345559,29,0
40,596,-0.0775246891541376,9.134737629140355e-05,38,0
40,596,-0.0775246891541376,9.134737629140355e-05,38,0
136,372,0.0772411813817574,0.00019066400093439414,107,0
136,372,0.0772411813817574,0.00019066400093439414,107,0
1758,2336,0.077159179618196,0.00017097619043194773,35,0
1758,2336,0.077159179618196,0.00017097619043194773,35,0
1646,4768,0.0770975056689342,0.00014014839749114272,29,0
653,746,0.076995509198899,0.00042159317456027135,38,0
653,746,0.076995509198899,0.00042159317456027135,38,0
177,2926,-0.0769230769230769,8.382323058645832e-05,32,0
1234,1414,-0.0769230769230769,0.00012162902571100949,32,0
247,2558,-0.0769230769230769,0.0004758782574685809,30,0
687,21226,0.0769230769230769,1.094513632755597e-08,4,1
1259,3444,-0.0768590455049944,9.594031233877643e-05,26,0
1259,3444,-0.0768590455049944,9.594031233877643e-05,26,0
141,1863,-0.0767634854771784,0.00010876099886837196,83,0
648,660,0.0766961651917404,0.002246087619394632,47,0
1010,2786,0.0766666666666666,0.0004707132891805027,25,0
79,1414,-0.0766233766233766,0.00014211428638961476,55,0
79,1414,-0.0766233766233766,0.00014211428638961476,55,0
1886,11218,0.0764705882352941,0.0003524908517130219,28,0
1395,24737,0.0763888888888889,1.094513632755597e-08,6,1
862,5608,0.0763052208835341,0.00047015721926906706,26,0
1337,2147,0.0763052208835341,0.00015084282216351207,49,0
2722,5154,-0.0761904761904762,8.364728827056772e-05,25,0
3433,5329,0.0760869565217391,0.00023643887749730906,33,0
436,617,-0.0760389036251105,0.00016036335978354636,40,0
994,5068,-0.0760252224855775,0.0003312553550821862,29,0
994,5068,-0.0760252224855775,0.0003312553550821862,29,0
914,2184,-0.0760233918128654,0.0002860331880848542,22,0
344,2803,-0.0759493670886076,0.00013216665271048757,27,0
511,3212,-0.0758293838862559,8.70913817033541e-05,22,0
405,3212,-0.0758293838862559,0.000327734693002421,39,0
5245,6490,0.0758293838862559,0.0005048760487824524,23,0
3465,8360,0.075812274368231,9.673805340692775e-05,27,0
3187,4265,0.0755395683453237,9.830204353536116e-05,32,0
401,1065,0.0754716981132075,0.001188877803885153,80,0
964,14863,0.0754147812971342,0.00014370570010432924,27,0
921,2713,-0.0753768844221105,0.0010003767891857676,159,0
1076,2872,-0.0753583882216195,0.00014808069311363987,26,0
1076,2872,-0.0753583882216195,0.00014808069311363987,26,0
4823,5764,0.0753424657534246,0.0015790070447313255,27,0
1068,2347,-0.0753309968847352,0.0002498232847690912,25,0
1068,2347,-0.0753309968847352,0.0002498232847690912,25,0
960,1777,-0.075091575091575,0.00023117579632569372,28,0
382,2109,-0.0748898678414096,0.00014385155148296575,32,0
490,2647,0.0748898678414096,0.000549981110009034,25,0
1226,1408,-0.0748898678414096,0.00016903012143255737,30,0
397,2540,-0.0746808510638298,0.00018527567414299223,22,0
397,2540,-0.0746808510638298,0.00018527567414299223,22,0
3734,5460,0.0746268656716417,0.00022389024103023397,22,0
2098,6934,0.0745341614906832,0.00040637969820004504,33,0
823,2742,-0.0744336569579288,0.00021870780361787283,32,0
1320,2795,-0.0743801652892562,0.00032980077333031905,61,0
108,372,0.0743176704868139,0.0001102316704758095,95,0
108,372,0.0743176704868139,0.0001102316704758095,95,0
3593,5764,0.0743021346469622,0.0005734617974255564,22,0
3593,5764,0.0743021346469622,0.0005734617974255564,22,0
79,1234,-0.0741287878787878,0.0006227339938354699,49,0
79,1234,-0.0741287878787878,0.0006227339938354699,49,0
2594,11218,0.074074074074074,0.0010822545104065009,32,0
961,1936,-0.074074074074074,0.00021042510909268585,36,0
2925,7026,0.0738461538461538,9.090869749626214e-05,22,0
1011,7012,0.0737704918032786,0.00024239465226537604,23,0
4633,16832,0.0737463126843657,0.00012163414359807951,33,0
1396,14671,0.073697585768742,0.00020765082632526928,39,0
1181,26789,0.0735294117647058,1.094513632755597e-08,5,1
604,4398,0.0734597156398104,0.0002517050393745049,45,0
892,1414,-0.0734265734265734,0.00017410839335321734,31,0
3652,8470,0.0732758620689655,5.472568163777985e-09,6,1
3652,8470,0.0732758620689655,5.472568163777985e-09,6,1
4577,9457,0.0732758620689655,0.00030212954318585507,26,0
4577,10502,0.0732758620689655,0.00016334757180065714,26,0
75,2742,-0.0732566946735651,0.0002139590509962809,56,0
75,2742,-0.0732566946735651,0.0002139590509962809,56,0
1320,3746,-0.07308312307261,0.0004757319704008743,62,0
1320,3746,-0.07308312307261,0.0004757319704008743,62,0
601,22062,0.0730337078651685,3.283540898266791e-08,6,1
1263,2463,0.0728476821192053,8.943089584233035e-05,36,0
1584,15706,0.0726495726495726,0.00010189143904217657,24,0
318,2623,-0.0725388601036269,0.0005503987167813183,38,0
592,6645,0.0725190839694656,0.0010566680876189904,26,0
2098,6690,0.072463768115942,0.00020145617924499523,31,0
117,146,-0.0724609324764749,8.491081511705511e-05,33,0
117,146,-0.0724609324764749,8.491081511705511e-05,33,0
1328,8488,0.0723404255319148,0.0002000574587341562,32,0
1226,1328,-0.0723404255319148,0.0003001368513050599,50,0
1421,23521,0.072289156626506,1.3681420409444964e-08,6,1
895,2292,0.072265625,0.00019360436786628688,28,0
3465,13587,0.0722021660649819,0.00016518476977492706,23,0
1072,4970,-0.0719525419404222,0.0004885987947359183,63,0
1072,4970,-0.0719525419404222,0.0004885987947359183,63,0
455,1011,0.0719101123595505,0.0001594844465214166,32,0
1065,3535,-0.0714285714285714,0.0013263859347059648,85,0
927,4235,-0.0714285714285714,0.0001263679884159704,40,0
6,42,-0.071405302905088,0.0009343253618852937,35,0
6,42,-0.071405302905088,0.0009343253618852937,35,0
2887,11253,-0.0713699753896636,0.00015433137720498384,27,0
2887,11253,-0.0713699753896636,0.00015433137720498384,27,0
636,9545,0.0713153724247226,0.00010073903475882516,28,0
549,2646,-0.0712589073634204,0.0007352127960833765,42,0
972,2584,0.0712589073634204,0.0009277675270659906,27,0
555,1072,-0.07113594679374,0.00020873822138258222,60,0
555,1072,-0.07113594679374,0.00020873822138258222,60,0
258,14294,0.0711077844311377,0.00015828696565820265,32,0
2016,3125,0.0710443821151625,0.0003108214337246902,27,0
2016,3125,0.0710443821151625,0.0003108214337246902,27,0
389,1171,0.0710090128653302,0.0001905209013576713,23,0
389,1171,0.0710090128653302,0.0001905209013576713,23,0
915,964,-0.0708898944193061,0.00028618021200792817,32,0
247,3111,-0.0707070707070707,8.69514663668462e-05,28,0
733,4227,0.0707070707070707,0.00010073903475882516,23,0
1941,8023,-0.0706691682301438,0.00010410767012922214,28,0
1941,8023,-0.0706691682301438,0.00010410767012922214,28,0
1273,1773,0.0705882352941176,0.0007640131627635363,54,0
30,1342,0.0705268935236004,0.00010070729386347524,43,0
1746,3040,-0.0704225352112676,8.849398090522782e-05,25,0
2270,3058,0.0703812316715542,0.00015453071617855263,22,0
1113,8733,0.0703624733475479,0.0002349159561404101,29,0
481,1303,-0.0703405761632155,0.000762675891100563,94,0
481,1303,-0.0703405761632155,0.000762675891100563,94,0
604,1105,-0.0702479338842975,0.002495202241558307,67,0
1498,1863,0.0702063397973297,0.00039245960609270375,72,0
1498,1863,0.0702063397973297,0.00039245960609270375,72,0
345,3014,0.0701530612244897,8.982732204677586e-05,24,0
140,1686,-0.0701521638625902,0.0014454426645872246,95,0
140,1686,-0.0701521638625902,0.0014454426645872246,95,0
972,1139,0.0700712589073634,0.000551842488103642,22,0
487,14805,0.0697986577181208,0.0002543854250094143,36,0
706,9435,0.0697674418604651,0.00015110034328599207,22,0
773,1627,-0.0696202531645569,0.0005215610011436414,34,0
793,3133,-0.0695652173913043,8.576549066858194e-05,30,0
604,716,-0.0694444444444444,0.0008504747425047372,49,0
858,10502,0.0693717277486911,0.0002851899704219438,24,0
755,1758,-0.0692640692640692,0.0003696737870756827,48,0
673,5722,0.0692307692307692,0.00020145617924499518,28,0
827,2190,-0.0689655172413793,0.00025745975475944865,25,0
4577,6573,0.0689655172413793,0.00015110034328599212,23,0
371,5485,0.0689179875947622,0.0014599092287528165,31,0
46,4380,0.0687166614370881,0.0002916393879303121,29,0
1283,1653,-0.0687022900763358,0.00020873537709647225,26,0
1947,2816,0.0684523809523809,0.0014794538581558454,30,0
40,177,-0.0683297222986894,0.00011444264221011458,53,0
40,177,-0.0683297222986894,0.00011444264221011458,53,0
688,2178,-0.0682730923694779,0.000176313258212344,24,0
2219,12673,0.0682414698162729,8.024984502347377e-05,28,0
5406,18051,0.0681818181818181,0.00020189412493369345,25,0
1105,2531,0.0681818181818181,0.000498284431901022,44,0
799,1719,0.0680728667305848,8.535406643270104e-05,40,0
1868,2458,-0.0679886685552408,0.0002520157654921464,36,0
3433,17022,0.0679347826086956,8.492401040072184e-05,24,0
688,1640,0.0679245283018867,0.00012032091124438418,23,0
4774,5215,-0.0679012345679012,0.0004960860713863535,23,0
17,648,-0.0678466076696165,0.0034134391643315058,74,0
875,2034,-0.0674846625766871,8.485917057887848e-05,28,0
4333,5406,0.0674603174603174,0.0004792106829285371,43,0
895,5622,0.0673828125,0.0002720646776022781,25,0
976,1072,0.0673728202911082,0.00048461082594322956,65,0
976,1072,0.0673728202911082,0.00048461082594322956,65,0
378,2144,-0.0673352435530086,0.00020375661784515018,73,0
300,1740,-0.0672768878718535,9.808297219012251e-05,49,0
300,1740,-0.0672768878718535,9.808297219012251e-05,49,0
364,9399,0.0671722643553629,0.0001474988792453421,29,0
740,4098,-0.0671641791044776,0.00016741784179285686,28,0
4098,10578,0.0671641791044776,0.00015661073238386046,25,0
716,5155,-0.0671296296296296,0.00015749455841635937,35,0
716,5155,-0.0671296296296296,0.00015749455841635937,35,0
683,26698,0.0671140939597315,5.472568163777985e-09,3,1
545,3187,-0.067057134961176,0.00017397211174035045,49,0
545,3187,-0.067057134961176,0.00017397211174035045,49,0
372,4918,-0.0670528073471091,0.00017494764740779472,105,0
372,4918,-0.0670528073471091,0.00017494764740779472,105,0
1936,3907,0.0670194003527336,0.00011586686086125663,30,0
3206,14805,0.0670103092783505,0.00018522060558007168,23,0
861,1682,-0.0669237749546279,0.00021978460467226101,31,0
861,1682,-0.0669237749546279,0.00021978460467226101,31,0
927,12398,0.0667293233082706,0.0010566680876189904,30,0
2116,3333,0.066677134034647,9.958047305257914e-05,50,0
2116,3333,0.066677134034647,9.958047305257914e-05,50,0
5154,8920,0.0666666666666666,0.00010073903475882516,23,0
1070,19207,0.0666666666666666,8.208852245666977e-09,6,1
1773,3440,-0.0666666666666666,0.0005021755607333201,58,0
258,811,0.0666167664670658,0.00014883037487661773,58,0
258,811,0.0666167664670658,0.00014883037487661773,58,0
839,1239,0.0666111573688592,0.0001148249301047976,60,0
223,3447,0.0665878644602048,0.00010065880090256295,55,0
917,919,-0.066420664206642,0.00046856447775749983,27,0
181,6683,0.0664192949907235,0.0001302390653395141,47,0
649,2650,-0.0663658213567469,0.00011885062931541387,27,0
649,2650,-0.0663658213567469,0.00011885062931541387,27,0
976,2463,-0.066358024691358,0.00010571949107472683,45,0
976,2463,-0.066358024691358,0.00010571949107472683,45,0
59,12554,0.0662460567823343,0.00010073903475882516,34,0
655,2504,-0.0662020905923344,0.0005373757877127473,25,0
700,807,0.0661160271456772,0.0002161720701552007,38,0
700,807,0.0661160271456772,0.0002161720701552007,38,0
1531,22860,0.0659340659340659,3.009912490077892e-08,6,1
152,1947,-0.0654761904761904,0.0013712526303200302,29,0
957,1072,0.0654761904761904,0.000383931079057759,55,0
957,6183,0.0654761904761904,0.0007851416140916759,22,0
525,7849,0.0654490106544901,0.00015447909138939305,34,0
858,2647,0.0654450261780104,0.0007850734922520073,32,0
1747,1789,-0.0653950953678474,0.00022932985862720806,24,0
487,3133,-0.0652173913043478,0.00011188080762320152,48,0
709,7388,0.0651769087523277,9.43289299159268e-05,23,0
224,455,-0.0651685393258427,0.00017560477918030716,35,0
1660,1846,-0.0650001026209387,0.001037227238463538,25,0
1660,1846,-0.0650001026209387,0.001037227238463538,25,0
5406,5928,0.0649350649350649,9.002620333268109e-05,28,0
3372,4145,0.0649350649350649,0.00014278240706626605,22,0
79,1407,-0.0649240121580547,0.000785172492149026,83,0
79,1407,-0.0649240121580547,0.000785172492149026,83,0
691,5156,-0.0648148148148148,0.00022631439744720194,29,0
372,2100,0.0648090169067,0.0010880169239289945,104,0
4577,12370,0.0646551724137931,8.400755067244494e-05,26,0
792,5154,0.0646067415730337,9.681603068075893e-05,33,0
792,5869,0.0646067415730337,0.00024308082544670424,37,0
3489,5995,0.0645724258289703,0.0004825474078114643,51,0
5869,13122,0.0644067796610169,9.951039549644081e-05,28,0
5869,16506,0.0644067796610169,8.482293188129406e-05,27,0
862,1868,0.0642570281124498,0.00021180185275086844,32,0
259,2178,-0.0642570281124498,0.0006356222149086603,26,0
101,2060,-0.064215572473775,0.00218265624774626,76,0
101,2060,-0.064215572473775,0.00218265624774626,76,0
1399,25415,0.0641025641025641,8.208852245666977e-09,5,1
371,2504,0.0640937284631288,0.002411596990819873,43,0
13,528,-0.064039408866995,0.0003524908517130219,72,0
751,1113,-0.0639658848614072,0.00014604791635109907,26,0
1452,2101,0.063953488372093,0.00213325492939538,50,0
884,5159,0.0638766519823788,0.0003212698112197918,25,0
716,1818,-0.0638297872340425,0.00046964261171305325,42,0
371,4349,-0.0637254901960784,0.00017815736573733681,43,0
21,8746,0.0636474908200734,0.002957795738011496,67,0
1936,6578,0.0634920634920634,0.00017479805108909226,33,0
4333,13587,0.0634920634920634,0.0002589602972698508,27,0
283,2727,0.0634760095816496,0.00012579496007300917,44,0
283,2727,0.0634760095816496,0.00012579496007300917,44,0
755,762,-0.0634517766497461,0.00035423025489836465,86,0
2185,3887,0.063383108542068,0.00011398688266410931,22,0
2185,3887,0.063383108542068,0.00011398688266410931,22,0
1385,3419,0.0633802816901408,0.0011703031942780317,54,0
1039,3270,-0.0632911392405063,0.00020759596736736948,22,0
709,1627,-0.0632911392405063,0.00015063491258475196,29,0
2803,8872,0.0632911392405063,9.081067084166896e-05,23,0
1638,2803,-0.0632911392405063,0.000182841630279632,33,0
3746,11915,0.0632183908045977,0.00023885241999235219,22,0
525,6124,0.063165905631659,0.00021942117841918193,34,0
25,895,-0.0630729631074453,0.0008882611352090744,36,0
25,895,-0.0630729631074453,0.0008882611352090744,36,0
1616,4823,-0.0630160645420777,0.00039151793103450196,49,0
1616,4823,-0.0630160645420777,0.00039151793103450196,49,0
849,1672,-0.0628340876973805,0.00015791832480006028,24,0
849,1672,-0.0628340876973805,0.00015791832480006028,24,0
2632,4155,-0.06282722513089,0.0001967437990189979,29,0
2278,4155,-0.06282722513089,0.0003820778405441887,30,0
1396,1764,-0.062806316935923,0.00017066289077911112,42,0
1396,1764,-0.062806316935923,0.00017066289077911112,42,0
101,634,-0.0625960189700086,0.0001646625671803414,66,0
101,634,-0.0625960189700086,0.0001646625671803414,66,0
3419,7623,-0.0625,0.0009015860289769899,30,0
3419,7623,-0.0625,0.0009015860289769899,30,0
3419,19984,0.0625,0.0014492244931742452,23,0
895,9303,0.0625,9.326902741490732e-05,25,0
865,1610,-0.0625,0.00014241038460157329,22,0
2463,4886,0.0625,0.00011530746688461058,34,0
461,10042,0.0624338624338624,0.0010839401557099489,28,0
453,4564,0.0623556581986143,0.005920560191181281,41,0
309,3548,-0.0621761658031088,0.0004919870526439465,28,0
1616,5460,0.0621761658031088,0.000208595092500571,47,0
896,26350,0.062111801242236,1.094513632755597e-08,6,1
1020,2101,-0.0620300751879699,0.0010905313562736794,58,0
2174,2699,-0.0619780219780219,0.00011041874413202584,44,0
2174,2699,-0.0619780219780219,0.00011041874413202584,44,0
452,22273,0.0619047619047619,1.094513632755597e-08,5,1
452,7753,0.0619047619047619,1.6417704491333955e-08,6,1
145,1297,-0.0617852875917392,0.0002823302710010397,24,0
145,1297,-0.0617852875917392,0.0002823302710010397,24,0
895,7047,0.0615234375,0.00018041512375165545,23,0
227,2742,-0.0614886731391585,0.0002570574005862734,50,0
2434,6107,0.0614525139664804,0.0014248093040813029,22,0
3465,7633,0.0613718411552346,0.00011547499237783381,22,0
3535,5436,0.0612244897959183,0.0003979508973410175,23,0
4862,8437,0.0611510791366906,0.00040919212507164326,26,0
1870,2114,-0.0610737294201861,8.248217057646147e-05,31,0
1870,2114,-0.0610737294201861,8.248217057646147e-05,31,0
1589,5323,0.0610687022900763,0.0009569490183398444,22,0
716,4155,-0.0610577855342253,0.00020305122145883463,34,0
716,4155,-0.0610577855342253,0.00020305122145883463,34,0
10,470,-0.0609726295210166,9.57723890772913e-05,40,0
10,470,-0.0609726295210166,9.57723890772913e-05,40,0
343,405,-0.0608695652173913,0.00040547663084179877,39,0
405,16418,0.0608695652173913,0.00020441535258365092,28,0
1467,4319,0.0607734806629834,0.0002914619253121857,23,0
777,4097,-0.0607734806629834,0.0001512586681510173,40,0
182,352,-0.0607287449392712,0.00011200777294329228,105,0
785,1541,-0.0606796116504854,0.00010531373099782011,27,0
895,3909,0.060546875,0.00010073903475882516,22,0
147,921,0.0604810996563573,0.002903855167698541,180,0
1777,3892,0.0604395604395604,0.00019172794831093882,26,0
4246,4970,0.0604395604395604,0.0006197530927657106,34,0
1385,4246,-0.0604395604395604,0.0007083921709342296,49,0
2219,4056,0.0603674540682414,0.00022785054510806042,29,0
890,3716,-0.0603015075376884,0.00010998832932384133,28,0
217,858,-0.0602094240837696,0.000588940548396099,40,0
549,1368,-0.0601092896174863,0.00033254791842738204,25,0
2566,4140,-0.06,0.00019141165907947296,43,0
1262,5150,0.0599201065246338,0.0003578116224290321,41,0
662,6795,0.0599144079885877,0.0001045031438103911,51,0
1306,1584,-0.0598290598290598,0.0005285470179205356,31,0
147,758,0.0597938144329896,0.0010484657973436947,60,0
21,1497,-0.0597826086956521,9.00966814478468e-05,70,0
2702,8325,0.0597014925373134,0.00015097942057791161,23,0
5802,14312,0.0595238095238095,8.393825049598468e-05,23,0
4333,5253,0.0595238095238095,0.00019178304915438776,27,0
2327,4182,0.0594059405940594,0.0003669180012030894,26,0
777,2193,-0.0593093093093093,0.00012655277636985772,32,0
777,2193,-0.0593093093093093,0.00012655277636985772,32,0
595,12289,0.0592734225621414,0.00014606403016184554,36,0
1407,13266,0.0592705167173252,0.000247181464794478,49,0
1337,6803,0.0592369477911646,8.082923234853732e-05,49,0
140,190,0.0591770688858067,0.00011753763638157338,93,0
300,2169,-0.0591195379753732,0.0002029838183578793,54,0
300,2169,-0.0591195379753732,0.0002029838183578793,54,0
3392,5213,-0.0589198036006546,0.00011965190619034497,27,0
3392,5213,-0.0589198036006546,0.00011965190619034497,27,0
2129,18905,0.0588235294117647,0.00017705023440976197,25,0
939,25868,0.0588235294117647,1.094513632755597e-08,6,1
2794,16158,0.0588235294117647,0.0002518065426358345,32,0
887,10066,0.0588235294117647,9.78557206300945e-05,31,0
1385,9665,0.0586854460093896,0.00010073903475882516,36,0
183,718,-0.0586743992293472,0.00042773484262776567,56,0
183,718,-0.0586743992293472,0.00042773484262776567,56,0
1167,10681,0.0586592178770949,8.178630278054561e-05,24,0
962,2458,0.0584795321637426,0.00013362512334054373,24,0
1028,2174,-0.0584615384615384,0.00021765594099342587,42,0
1416,1621,-0.0582962962962963,0.0001154610388996474,23,0
1416,1621,-0.0582962962962963,0.0001154610388996474,23,0
2101,15989,0.0582706766917293,0.0025312129504397483,44,0
1003,2295,0.0581818181818181,0.00010592787324294213,26,0
383,2144,0.0581584449779292,0.00014524842906544515,70,0
383,2144,0.0581584449779292,0.00014524842906544515,70,0
467,7024,0.0581081081081081,0.00011708095875735883,27,0
101,357,0.058017952179222,0.00028088237530318115,65,0
101,357,0.058017952179222,0.00028088237530318115,65,0
2472,2528,0.0579710144927536,0.00028705394393394365,33,0
300,8212,0.0579710144927536,0.0001356054493691132,46,0
20,2878,-0.0578947368421052,0.0002385784840153834,22,0
2219,9730,0.0577427821522309,0.00019802705900888958,30,0
678,3333,-0.0576823694889205,0.00014507283232391966,61,0
678,3333,-0.0576823694889205,0.00014507283232391966,61,0
895,3061,0.0576171875,0.0001737327736679992,26,0
1743,4618,0.0575692963752665,0.00016031398293170834,30,0
3746,8726,0.057471264367816,0.00015110034328599207,22,0
887,5884,0.057315233785822,0.00010853941569322706,33,0
3419,4970,0.0572916666666666,0.0007856279802128585,39,0
2704,17938,0.0572207084468664,0.00020145617924499518,23,0
2704,17939,0.0572207084468664,0.00014422250564966892,23,0
1958,3102,0.0571428571428571,9.609019535801782e-05,22,0
248,1958,-0.0571428571428571,0.00011186945191324838,27,0
2195,16394,0.0570652173913043,0.00028900921319024856,27,0
1902,2195,0.0570304818092428,0.00010985916300953673,61,0
376,6528,0.0570175438596491,0.0003240445204657938,28,0
305,3387,-0.0570175438596491,0.00010809012210267307,29,0
396,3387,-0.0570175438596491,0.00010699496751333681,29,0
448,4915,-0.0568714037200588,0.0001362521604180761,26,0
448,4915,-0.0568714037200588,0.0001362521604180761,26,0
1858,2884,-0.0568181818181818,0.00013280380836103723,25,0
293,921,0.0567028493352969,0.0009953249815200132,195,0
293,921,0.0567028493352969,0.0009953249815200132,195,0
25,2646,0.0566205974141774,0.0036290236684828493,43,0
927,1818,0.0565847925870322,0.0008175016317946212,53,0
927,1818,0.0565847925870322,0.0008175016317946212,53,0
449,1352,-0.0565656565656565,0.0001596005748906711,32,0
168,9715,0.0564373897707231,0.00010953894797057845,22,0
921,1941,-0.0564102564102564,0.00116420890605727,159,0
2101,2742,0.056390977443609,0.004369595900396048,57,0
2217,11859,0.0563063063063063,0.00034077652792993067,22,0
516,4463,0.0562248995983935,0.00010972456277623094,23,0
40,313,-0.0562062937062937,9.781189763036824e-05,50,0
40,313,-0.0562062937062937,9.781189763036824e-05,50,0
324,2368,-0.0561797752808988,0.0003386721980534694,23,0
359,2778,0.0561456752655538,0.00017625500285079756,28,0
595,921,0.0560803225105676,0.003894911363507512,178,0
595,921,0.0560803225105676,0.003894911363507512,178,0
148,1982,-0.0560732671245861,0.00025703138494132357,25,0
148,1982,-0.0560732671245861,0.00025703138494132357,25,0
1902,9935,0.0560471976401179,9.486175359746332e-05,42,0
1262,4256,0.0559254327563249,0.0006362441854206041,42,0
200,1743,0.0559139784946236,0.00018564028551134316,33,0
972,1180,0.0558194774346793,0.0005040780745420385,23,0
301,1501,-0.0557988284016765,0.00040559395323460604,146,0
301,1501,-0.0557988284016765,0.00040559395323460604,146,0
37,7612,0.0557868442964196,0.0007026499109819596,28,0
868,1649,0.0557620817843866,0.0003369642428909993,27,0
4868,5156,-0.0555555555555555,0.00017674829739139478,22,0
2497,2852,-0.0555555555555555,0.00019447129255055576,27,0
101,976,-0.0555555555555555,0.0008300185680165133,67,0
738,2174,-0.0553846153846153,0.0005912735737561243,48,0
2060,3902,0.0553745928338762,0.00038595471701152745,36,0
10,96,-0.0553237751318263,0.00024249781491403926,50,0
10,96,-0.0553237751318263,0.00024249781491403926,50,0
733,1331,-0.0549828178694158,0.00047037721505997624,30,0
177,2972,-0.0549450549450549,0.0001426770413739239,37,0
2089,5592,0.0547945205479452,0.00014715225649335106,23,0
2083,15106,0.0546448087431694,0.0002703134862455272,23,0
1396,15128,0.0546378653113087,0.0001978450470119377,37,0
1131,8333,0.0546318289786223,0.00010071276643163903,26,0
2458,2948,-0.0546198921184368,8.983209720933162e-05,29,0
2458,2948,-0.0546198921184368,8.983209720933162e-05,29,0
1352,1836,0.0545454545454545,0.0001318060594085132,30,0
216,1352,-0.0545454545454545,0.00041750413228028245,32,0
853,10219,0.0544502617801047,0.00010073903475882516,30,0
563,1743,0.0544354838709677,0.00037933683500434196,41,0
1781,2024,0.0544319395383225,0.00014453643195259111,26,0
1781,2024,0.0544319395383225,0.00014453643195259111,26,0
1646,11874,0.0544217687074829,0.00048103868690304745,23,0
5869,13585,0.0542372881355932,0.00015110034328599207,28,0
640,3825,0.0542168674698795,0.00010455707139487159,28,0
1121,2128,-0.0541871921182266,0.00013785557096436277,32,0
7,181,-0.0541743970315398,0.0009665214493073038,66,0
2151,4918,-0.0541666666666666,0.00012013209200795955,28,0
2983,5482,0.054054054054054,0.0009283154662524943,29,0
296,7620,0.054054054054054,0.00016778707504749635,41,0
54,614,-0.054054054054054,0.00011544392079779394,29,0
1826,26302,0.054054054054054,2.189027265511194e-08,6,1
1818,10708,0.0540098199672667,0.0004245344226176892,29,0
4862,20705,0.0539568345323741,0.00010073903475882516,23,0
1077,1530,0.0539083557951482,0.0009210532454322247,23,0
471,1534,0.0538116591928251,0.0006267401650506672,39,0
524,706,0.0538116591928251,0.00011437250290729909,24,0
357,1407,0.0536672629695885,0.0002937227814317554,66,0
1615,2101,0.0536585365853658,0.002460166945206537,49,0
2586,5155,0.0535444947209653,0.00016794693266930654,30,0
2586,5155,0.0535444947209653,0.00016794693266930654,30,0
727,14947,0.0535307517084282,0.0008052674075797372,30,0
30,14147,0.053238199780461,9.2078709277434e-05,39,0
1226,1986,-0.0531914893617021,0.00018586298297421723,34,0
101,1730,-0.0531400966183574,0.0006500792491349214,55,0
2472,3735,0.0531400966183574,0.0007992448044916772,24,0
529,1777,-0.0531135531135531,0.00016992068101307547,30,0
1320,4633,-0.0530973451327433,0.0044187935980823856,75,0
1337,2680,-0.0530672307550814,0.0001460754398215414,51,0
1337,2680,-0.0530672307550814,0.0001460754398215414,51,0
928,991,-0.0530085959885386,8.558351845060764e-05,38,0
196,3572,0.053,8.330932849974261e-05,23,0
813,1327,-0.0529717710021482,0.0001500796102053242,30,0
813,1327,-0.0529717710021482,0.0001500796102053242,30,0
168,1134,0.0529100529100529,9.828376047115016e-05,35,0
867,3463,0.0528846153846153,0.0001866227110805617,27,0
702,4340,-0.052863436123348,0.00016563680097364614,22,0
294,1868,0.0528528528528528,0.0002672519874533749,36,0
759,1314,-0.0527702702702702,0.00020309972870079276,69,0
759,1314,-0.0527702702702702,0.00020309972870079276,69,0
986,1138,0.0526315789473684,0.00036916423123748294,29,0
249,3387,-0.0526315789473684,0.00023987166507093502,36,0
2219,5662,0.0524934383202099,0.00015589099871851186,31,0
155,2702,-0.0524579022204734,0.0005355297868739647,47,0
155,2702,-0.0524579022204734,0.0005355297868739647,47,0
233,793,-0.0524344569288389,0.00016870823248278877,45,0
5154,10386,0.0523809523809523,8.478867449969602e-05,24,0
5154,10870,0.0523809523809523,0.00015110034328599207,24,0
1818,9948,0.0523731587561374,0.0006986419270353284,30,0
112,3489,-0.0523560209424083,0.002182013360120454,74,0
944,7991,0.0523415977961432,0.0015565642359767085,34,0
2925,12683,0.0523076923076923,0.0004531532705175542,23,0
2646,3926,0.0522565320665083,0.0002449248400525105,32,0
1131,17700,0.0522565320665083,0.00015110034328599207,23,0
862,1633,0.0522088353413654,0.00046831828594837995,28,0
1521,6096,0.0522088353413654,0.00016599067597896164,22,0
237,1071,0.0521739130434782,0.0007046752396088722,25,0
568,921,0.0521739130434782,0.0012556260583950103,192,0
897,5299,0.0521582733812949,0.00016125402460649888,26,0
97,3212,-0.0521327014218009,0.00027675538533794965,49,0
366,1694,-0.0521327014218009,0.0025578992058651524,36,0
376,1561,-0.0521324863883847,0.0002530987187153185,32,0
376,1561,-0.0521324863883847,0.0002530987187153185,32,0
1396,5583,0.0520965692503176,0.00023019346708462465,38,0
3419,9018,0.0520833333333333,0.00026288347111332586,24,0
64,140,-0.052011095700416,0.0002021092463418802,98,0
1949,4140,-0.052,8.721740449906487e-05,26,0
175,2517,0.051978277734678,0.00024979916276674847,52,0
306,5406,-0.0519480519480519,0.00039453915099810785,41,0
334,2101,-0.0518796992481202,0.000968277124061175,51,0
334,2101,-0.0518796992481202,0.000968277124061175,51,0
40,1939,-0.0518292682926829,0.0007767480828240668,40,0
97,2498,-0.0518134715025906,0.00036191259123957156,46,0
628,2742,-0.0517799352750809,0.00021755061838363407,35,0
575,1789,-0.0517711171662125,0.000370888717940882,27,0
4577,10423,0.0517241379310344,0.000151078453013337,24,0
4577,9946,0.0517241379310344,0.0003021514334585102,25,0
927,4398,0.0516917293233082,0.0001266849367825159,41,0
637,1729,-0.0516717325227963,0.000897557253719194,27,0
2195,18596,0.0516304347826086,0.00030215143345851015,26,0
595,4106,0.0516252390057361,0.0003417417280365662,41,0
3985,4333,-0.0515873015873015,0.0007844808503294434,27,0
4098,4333,-0.0515873015873015,0.00026402284244935365,41,0
1743,2055,-0.0515463917525773,0.0005457890510214788,37,0
695,3206,-0.0515463917525773,0.00018204208716910707,27,0
793,3206,-0.0515463917525773,0.00012047653483999605,33,0
1380,2458,-0.0515410196405392,0.00010855787893093735,33,0
1380,2458,-0.0515410196405392,0.00010855787893093735,33,0
1438,2013,-0.0514018691588785,0.00013682877437496533,24,0
111,1700,-0.0513110351090758,0.0001948428427394181,34,0
111,1700,-0.0513110351090758,0.0001948428427394181,34,0
1565,4873,-0.0512320844857933,0.0002539209297137704,24,0
1565,4873,-0.0512320844857933,0.0002539209297137704,24,0
223,1762,0.0512214342001576,0.00038262831559603513,53,0
56,211,-0.0512018100896941,0.0001379609324972296,39,0
56,211,-0.0512018100896941,0.0001379609324972296,39,0
365,6017,0.0511463844797178,0.0001294048257607946,27,0
1416,2458,0.0510701920050362,0.0001314903798702654,28,0
1416,2458,0.0510701920050362,0.0001314903798702654,28,0
567,26595,0.0510204081632653,8.208852245666977e-09,4,1
1541,9602,0.0509708737864077,0.00028864032995239153,23,0
758,1677,0.0509499136442141,0.00026563481854159794,28,0
80,307,-0.0508817484493705,0.0002121398223998864,101,0
80,307,-0.0508817484493705,0.0002121398223998864,101,0
45,2478,-0.050858059059835,0.00020171086919349473,157,0
45,2478,-0.050858059059835,0.00020171086919349473,157,0
4612,5869,-0.0508474576271186,0.0003543590703887265,33,0
1724,1747,0.0507936507936507,0.0005967775430893937,22,0
1958,12795,0.0507936507936507,0.0002828311702878481,22,0
762,1134,0.0507614213197969,0.0002390735086305803,72,0
648,6056,0.0507374631268436,0.0004028247973993699,42,0
498,7086,0.0507042253521126,0.0019491283427717318,27,0
1065,2965,-0.0506912442396313,0.0005967104748139328,82,0
2237,3707,0.050632911392405,0.00030534714317158383,23,0
177,983,0.0506017660021471,8.367195703588803e-05,38,0
177,983,0.0506017660021471,8.367195703588803e-05,38,0
259,301,0.050531914893617,0.0008362995417507266,151,0
700,3825,0.0504291845493562,0.00019585891403893577,36,0
3187,9203,0.0503597122302158,9.28489904085521e-05,26,0
1582,2713,-0.050251256281407,0.0004890588090609656,38,0
2713,6490,0.050251256281407,0.0006767302555753445,22,0
1310,10206,0.0502283105022831,0.00032879233764047467,22,0
525,7817,0.0502283105022831,0.00011843795462099433,35,0
2062,7250,0.0502283105022831,8.347029078059142e-05,22,0
43,1407,0.0502030269472129,0.00022096833564830132,79,0
4633,10314,0.0501474926253687,0.00020145617924499518,34,0
727,6184,0.0501138952164009,0.00011513947793067642,30,0
411,3711,-0.0501098901098901,0.0001246083615030697,110,0
411,3711,-0.0501098901098901,0.0001246083615030697,110,0
297,7353,-0.0500226400705416,0.0001258895898975078,26,0
297,7353,-0.0500226400705416,0.0001258895898975078,26,0
843,1863,0.05,0.00051499908458171,50,0
348,8462,0.05,0.0005625997336950559,38,0
697,13517,0.0498915401301518,0.0002391690576130307,28,0
1646,3650,0.0498866213151927,0.0002649166494286752,27,0
2646,8347,0.0498812351543943,0.00015110034328599207,31,0
1082,1185,-0.0497512437810945,0.0001208731751867429,28,0
1536,2189,0.0497430626927029,0.00023739194300070822,26,0
1536,2189,0.0497430626927029,0.00023739194300070822,26,0
7,308,-0.049583498611662,0.00011946364493498842,78,0
1072,15392,0.0492866407263294,0.00010073903475882517,46,0
511,991,0.0492419656429503,9.716870135513281e-05,38,0
511,991,0.0492419656429503,9.716870135513281e-05,38,0
717,3185,0.0491803278688524,0.0002989551419592071,31,0
297,16207,0.0490693739424703,0.0004655525834714459,22,0
371,14488,0.0489317711922811,0.0004496979968646189,30,0
3433,14116,0.0489130434782608,8.49226422586809e-05,25,0
2457,2970,0.0488798370672097,0.00010000601621915894,40,0
2457,6239,0.0488798370672097,0.0001007390347588252,34,0
2105,3489,-0.0488656195462478,0.0006295467188160739,51,0
704,3920,-0.0487826524272993,0.00011001976483342852,23,0
704,3920,-0.0487826524272993,0.00011001976483342852,23,0
584,793,0.0487384190814114,0.0004231685835226562,25,0
584,793,0.0487384190814114,0.0004231685835226562,25,0
991,3159,0.0487106017191977,0.0001673706822799013,38,0
152,351,-0.0486111111111111,0.00010841392341839083,23,0
571,5424,0.0485436893203883,0.00012360438599687753,26,0
662,6458,0.0485021398002853,0.00015097281119009261,47,0
1352,11078,0.0484848484848484,0.00010498419367436369,27,0
385,1936,-0.0483452640315385,0.00010119277289846287,32,0
385,1936,-0.0483452640315385,0.00010119277289846287,32,0
862,1815,0.0481927710843373,0.00042105162481818117,23,0
1902,1904,0.0481809242871189,0.0007032903207381853,57,0
853,5559,0.0481675392670157,0.0006926351340411887,38,0
122,2646,0.0481651376146789,0.00046465061238596176,37,0
921,1991,0.0481352992194275,0.0004741523386956496,148,0
4644,4755,-0.048076923076923,0.00017509028421186653,36,0
4755,7659,0.048076923076923,0.00017681109851754576,29,0
1166,7231,0.048025613660619,0.00019047820158946878,34,0
498,2472,0.0478873239436619,0.0011318406566720467,32,0
2129,12793,0.0477941176470588,0.00010073903475882516,25,0
2129,7071,0.0477941176470588,0.0009058632630138424,26,0
648,697,0.047787610619469,0.005542257874271444,66,0
1863,3206,0.0477178423236514,0.0001444111969229329,56,0
29,69,-0.0476570488335194,0.00013168033545597792,65,0
29,69,-0.0476570488335194,0.00013168033545597792,65,0
5154,13766,0.0476190476190476,0.00024722534183098475,24,0
5154,12298,0.0476190476190476,0.00010073903475882516,23,0
361,1958,-0.0476190476190476,0.00020145617924499518,23,0
5154,8460,0.0476190476190476,8.822798364953903e-05,25,0
4333,22664,0.0476190476190476,0.00020145617924499518,22,0
5154,11811,0.0476190476190476,0.00010073903475882516,23,0
411,1436,0.0475213675213675,0.0002581156598900826,111,0
1105,5723,0.0475206611570247,0.0007897918160093952,39,0
1105,2129,0.0475206611570247,0.00046751532343722535,58,0
2463,18560,0.0475,0.0004305332534584399,26,0
994,3891,0.0474934036939313,0.00014337378994123859,26,0
1818,2586,0.0474631751227495,0.0002744309248409153,37,0
4577,7034,0.0474137931034482,0.0001007390347588252,24,0
37,4483,-0.0472685805307171,0.00011363611898510444,36,0
37,4483,-0.0472685805307171,0.00011363611898510444,36,0
2219,8375,0.0472440944881889,0.00013064167043475903,29,0
4633,13379,0.0471976401179941,0.00010013069414721156,34,0
1259,16473,0.0471698113207547,0.0002518065426358345,22,0
1407,1488,0.047112462006079,0.0003324160961993512,54,0
81,921,0.047079337401918,0.0016499794188460204,169,0
80,575,-0.0469392793868883,0.00040055721723380967,103,0
80,575,-0.0469392793868883,0.00040055721723380967,103,0
1799,2270,-0.0469208211143695,8.897200053469397e-05,23,0
514,863,-0.046692607003891,0.00019477379996776022,29,0
839,1138,0.0466278101582015,0.0004842367302329204,65,0
1534,6520,0.0465753424657534,0.00020046766291521785,29,0
80,1011,-0.0464585663514166,0.00037232285303193265,108,0
80,1011,-0.0464585663514166,0.00037232285303193265,108,0
755,2568,0.0463483146067415,0.00013534331397767617,39,0
2704,12887,0.0463215258855585,0.00012331438157461196,24,0
2983,4577,0.0461711711711711,0.00026225356833885227,34,0
2983,4577,0.0461711711711711,0.00026225356833885227,34,0
79,313,-0.0461538461538461,0.00019877035019990613,60,0
21,372,0.0461337008114204,0.000675786500844483,150,0
21,372,0.0461337008114204,0.000675786500844483,150,0
1541,1764,0.0461165048543689,0.00017259354047961098,26,0
56,2060,-0.0460570056489068,0.0025916766982208815,58,0
56,2060,-0.0460570056489068,0.0025916766982208815,58,0
36,3309,0.046031746031746,9.323771238139037e-05,35,0
1713,3189,0.0460251046025104,0.0007044581610717091,22,0
21,181,-0.0460111317254174,0.0038811489184111415,108,0
1429,18160,0.0459770114942528,0.00015110034328599207,27,0
3400,5375,0.0459363957597173,0.00015179239112703464,24,0
2596,3400,-0.0459363957597173,0.00039447995165163286,34,0
243,921,0.0458715596330275,0.0003108274609556195,155,0
240,11218,0.0458715596330275,0.0001328674290939614,27,0
284,1936,-0.0458553791887125,0.0002766385010696905,35,0
311,1077,-0.045822102425876,9.338812878858308e-05,34,0
727,9254,0.0455580865603644,0.00015110034328599207,30,0
420,2105,-0.0455107343777592,0.00013151004484042675,26,0
420,2105,-0.0455107343777592,0.00013151004484042675,26,0
811,5242,0.0455089820359281,0.00024750806918209936,33,0
1401,5406,-0.0454545454545454,0.00010644921851571865,28,0
177,676,-0.0454545454545454,0.0001315067740017033,39,0
1618,17982,0.0454545454545454,0.00020145617924499518,22,0
1105,2387,0.0454545454545454,0.00019085764262325567,44,0
1712,2458,-0.0453257790368272,0.00014490935459082603,26,0
719,12545,0.0452079566003616,0.000151100343285992,25,0
2101,9489,0.0451127819548872,0.0008718091360339123,44,0
2101,4387,0.0451127819548872,0.004092679447075641,53,0
617,14693,0.0450928381962864,0.00011598940814606213,28,0
366,12616,0.0450928381962864,8.354796325465165e-05,26,0
481,14194,0.0450885668276972,0.00011706505699725462,73,0
22,640,-0.0450830037708084,0.00017417884019710572,36,0
22,640,-0.0450830037708084,0.00017417884019710572,36,0
46,2301,0.0450266708503294,0.00012549015102618995,26,0
897,16965,0.0449640287769784,9.588224242702782e-05,25,0
897,1277,0.0449640287769784,0.00010290591735289686,34,0
755,4862,0.0449438202247191,0.0004576478808861216,53,0
525,5090,0.0449010654490106,0.0022600628114285517,37,0
181,6912,0.0448979591836734,0.00025034636506266226,51,0
63,2937,0.0448742746615087,0.0001475208876609974,34,0
439,1773,0.0448430493273542,0.0004929769160245841,53,0
371,8695,0.0447966919365954,0.00010073903475882516,29,0
587,2101,0.044776119402985,0.0005417584591430035,48,0
306,1113,-0.044776119402985,0.0003569540056469387,35,0
733,12185,0.0447330447330447,0.00010073903475882516,23,0
244,620,-0.0446899224806201,0.00033435491659850486,30,0
244,620,-0.0446899224806201,0.00033435491659850486,30,0
771,2174,-0.0446153846153846,0.0001918310242278721,48,0
868,15563,0.0446096654275092,0.00012037510015471338,24,0
933,1250,-0.0445026178010471,0.0005332015879605639,36,0
1407,3387,-0.0444728843385058,0.0011193874214971851,62,0
1407,3387,-0.0444728843385058,0.0011193874214971851,62,0
1958,4525,0.0444444444444444,0.0002000666769542,23,0
2278,2585,0.0444444444444444,0.0008131438885396955,25,0
921,1244,-0.0444444444444444,0.001660816482767892,162,0
991,12868,0.0444126074498567,0.00012691926908596062,33,0
487,2384,0.0442953020134228,9.723530025468446e-05,40,0
4633,19750,0.0442477876106194,0.0004535416699701463,34,0
4633,20424,0.0442477876106194,0.00038515709752324,34,0
226,669,0.0442081701175153,0.00014707727665713233,55,0
1582,16985,0.0441988950276243,0.00030215143345851015,26,0
1818,2101,0.044189852700491,0.005988623077992025,66,0
1198,2219,0.0441640378548895,0.000721663253007889,39,0
2903,3088,-0.0441377697210689,8.091533948847105e-05,40,0
2903,3088,-0.0441377697210689,8.091533948847105e-05,40,0
168,1498,0.0440917107583774,9.562459905541087e-05,52,0
5869,12084,0.0440677966101694,0.00010073903475882516,27,0
5869,6534,0.0440677966101694,0.00014369119355054198,27,0
5869,21582,0.0440677966101694,0.00015110034328599207,27,0
681,2933,0.0440528634361233,0.00042369288593308653,24,0
595,2109,-0.0440528634361233,0.0003299884470381577,50,0
1549,1698,0.0439882697947214,0.00038761133440268534,23,0
853,3816,0.043979057591623,0.000125910112028122,33,0
595,17430,0.0439770554493307,0.00030215143345851015,35,0
656,886,0.0439632008015666,0.0005587008652166743,40,0
656,886,0.0439632008015666,0.0005587008652166743,40,0
40,3387,-0.043859649122807,0.0002919376574857978,41,0
411,1036,-0.043859649122807,0.00048152847905910277,111,0
143,3387,-0.043859649122807,0.00022889212191448395,29,0
1868,2881,0.0438247011952191,0.00011954894199275688,24,0
223,2558,-0.0437428017215251,0.00027635142828951153,64,0
223,2558,-0.0437428017215251,0.00027635142828951153,64,0
11,867,-0.0437208624708624,0.00011201125460595428,86,0
11,867,-0.0437208624708624,0.00011201125460595428,86,0
2892,11218,0.0436974789915966,0.00019759321202143264,31,0
2892,11218,0.0436974789915966,0.00019759321202143264,31,0
104,4520,0.0436854646544876,0.00010073903475882516,24,0
5802,12316,0.0436507936507936,0.000151100343285992,24,0
101,3489,-0.0436300174520069,0.0010185628840138007,89,0
2479,2794,-0.0435729847494553,0.00015110034328599204,32,0
1749,2652,0.0434949305614722,0.0001068951609155614,30,0
1749,2652,0.0434949305614722,0.0001068951609155614,30,0
376,405,-0.0434782608695652,0.0016973624242592128,46,0
2195,13324,0.0434782608695652,0.00010073903475882516,26,0
183,1271,0.0434322033898305,0.000904678772412093,62,0
140,181,-0.0434137291280148,0.00407714399253878,126,0
1541,4333,-0.0433811064879025,0.0002558958171952112,39,0
1541,4333,-0.0433811064879025,0.0002558958171952112,39,0
1467,2566,-0.0433673469387755,0.00016689178070598734,45,0
147,3593,0.0432989690721649,0.0010492560783905425,44,0
341,1071,0.0432569974554707,0.0006116219666462552,30,0
478,1396,-0.0432020330368487,0.00028169045442680936,44,0
11,372,0.0431818181818181,0.0011078309632761444,153,0
2884,8389,0.0431818181818181,8.645409887853219e-05,26,0
2884,13366,0.0431818181818181,9.288544605734158e-05,28,0
481,3852,0.0431561996779388,0.0003203344619826689,75,0
762,1067,0.0431472081218274,0.0001383668443853826,67,0
553,2795,0.0431372549019607,0.0001039991252218322,24,0
4577,8040,0.043103448275862,0.00015110034328599212,23,0
1150,1646,-0.0430839002267573,0.0006790598007013709,40,0
5006,6616,0.043046357615894,0.0007123945566786576,53,0
2830,18790,0.043010752688172,0.00017045065306418094,22,0
1773,5985,0.043010752688172,0.0003021514334585101,51,0
2903,8891,0.0429799426934097,0.00010073903475882516,31,0
21,7600,0.0428396572827417,0.0006256056194170623,68,0
662,5858,0.042796005706134,0.00020527082825076085,54,0
1370,2457,-0.0427698574338085,0.00030215143345851026,35,0
3392,13682,0.0427350427350427,0.00022800192629328605,26,0
305,1939,-0.0426829268292682,8.37006114065149e-05,28,0
886,2948,0.0426287744227353,0.0002935572121883651,39,0
498,525,-0.0426179604261796,0.0007990179753332125,46,0
379,1233,0.0425531914893617,0.00016414665640182208,30,0
164,2646,-0.0425230736867938,0.0005569639967989892,39,0
164,2646,-0.0425230736867938,0.0005569639967989892,39,0
67,301,-0.0424773893263807,0.0008106521569424437,167,0
67,301,-0.0424773893263807,0.0008106521569424437,167,0
617,1401,0.0424403183023872,8.339300698085993e-05,29,0
386,706,0.0423812516835772,0.0004428539152715432,26,0
386,706,0.0423812516835772,0.0004428539152715432,26,0
1936,4686,0.0423280423280423,0.0002811827858027714,30,0
682,755,0.042286668691163,0.00013290946736913405,56,0
682,755,0.042286668691163,0.00013290946736913405,56,0
2,13,-0.0422661144294982,0.0017575497920041354,122,0
2,13,-0.0422661144294982,0.0017575497920041354,122,0
1134,2076,-0.0422619047619047,0.00013006250304142228,24,0
1134,2076,-0.0422619047619047,0.00013006250304142228,24,0
5406,22477,0.0422077922077922,0.00012972905595242981,27,0
73,5406,-0.0422077922077922,0.00123402456931464,45,0
319,1854,-0.0422030388311954,0.001592510396087333,50,0
319,1854,-0.0422030388311954,0.001592510396087333,50,0
93,793,-0.042201906905826,0.0002714051050940709,58,0
93,793,-0.042201906905826,0.0002714051050940709,58,0
80,7690,0.0421881308033912,0.00010073903475882516,94,0
1337,9121,0.0421686746987951,0.0004356707591229383,52,0
226,1704,0.0421497602807059,0.00012593370987541735,66,0
226,1704,0.0421497602807059,0.00012593370987541735,66,0
79,4926,0.042077922077922,0.00011667275052569136,42,0
703,2219,-0.0419947506561679,0.00017781716160482526,27,0
1237,1396,-0.0419313850063532,0.0003033618751717481,45,0
22,700,-0.0418045408380565,0.00030491378892643614,44,0
22,700,-0.0418045408380565,0.00030491378892643614,44,0
649,892,0.0417422867513611,0.00025237504871989796,33,0
568,1105,0.0417391304347826,0.00032883017142976134,82,0
301,2888,0.0416809019473864,0.0008353181401885281,150,0
1854,4282,0.0414937759336099,0.000229501475510644,22,0
1121,2558,-0.0414765319426336,0.00017439836290151833,35,0
1121,2558,-0.0414765319426336,0.00017439836290151833,35,0
1223,11994,0.0414673046251993,9.959802740212894e-05,35,0
53,1467,-0.0414364640883977,0.0007111884143763975,42,0
1449,3385,0.0414329800080504,0.00021071116571928615,22,0
1449,3385,0.0414329800080504,0.00021071116571928615,22,0
1303,2094,-0.0414172220339621,0.00021306139352451626,34,0
1303,2094,-0.0414172220339621,0.00021306139352451626,34,0
166,6546,0.0413290113452188,0.000133534277272627,22,0
372,4913,0.0413274890419536,0.00014789382572633715,97,0
944,9260,0.0413223140495867,0.0003242493153205787,33,0
2528,3757,-0.0413111809609339,0.00018485152888250372,26,0
2528,3757,-0.0413111809609339,0.00018485152888250372,26,0
1902,13037,0.0412979351032448,0.0002517928612154251,43,0
283,2062,-0.0412757590251121,0.00020906384326593156,55,0
283,2062,-0.0412757590251121,0.00020906384326593156,55,0
1011,2803,-0.0411392405063291,0.00019440487161070916,34,0
366,8659,0.0411140583554376,9.724671862579178e-05,28,0
525,9513,0.0410958904109589,0.0010220867502691265,34,0
525,7903,0.0410958904109589,0.00010073903475882516,34,0
451,826,-0.040907466952483,0.00020873535497641438,22,0
451,826,-0.040907466952483,0.00020873535497641438,22,0
1521,4633,0.0409069907950385,0.00012803730405305772,44,0
1521,4633,0.0409069907950385,0.00012803730405305772,44,0
2704,3191,0.0408719346049046,0.00036442552987147247,28,0
964,7620,0.0407239819004524,0.00019194422836193393,30,0
406,648,-0.0407079646017699,0.0004531532705175542,47,0
108,2528,0.0406976744186046,8.878058394361014e-05,23,0
1396,1509,0.0406607369758576,0.0003567076494797671,42,0
59,4895,-0.0406373857477958,0.00039122763329501795,45,0
59,4895,-0.0406373857477958,0.00039122763329501795,45,0
494,1857,0.0406091370558375,0.00018001169767655888,23,0
1936,17483,0.0405643738977072,0.00020423955759011413,26,0
181,490,0.0404452690166975,0.003910247602477826,57,0
247,507,0.0404103156830166,0.00010361241028369131,32,0
247,507,0.0404103156830166,0.00010361241028369131,32,0
532,1010,0.0404040404040404,0.0004706281707943703,29,0
1352,3907,0.0404040404040404,0.00017816101149864153,30,0
419,2646,-0.0403800475059382,0.00012588958989750784,33,0
2830,20764,0.0403225806451612,0.00010073903475882517,22,0
226,6841,0.0402909904868494,0.0001233926606856411,48,0
604,6130,0.0402843601895734,9.201716870190677e-05,38,0
1851,14718,0.0402414486921529,9.74956325886944e-05,30,0
1072,4678,0.040207522697795,0.0003560701454185913,54,0
1065,4512,-0.0401887297550528,0.00020141239869968494,82,0
1065,4512,-0.0401887297550528,0.00020141239869968494,82,0
34,873,-0.0401814238742625,8.251725429588826e-05,80,0
34,873,-0.0401814238742625,8.251725429588826e-05,80,0
97,991,-0.0401672441796846,0.00025577875120529265,65,0
97,991,-0.0401672441796846,0.00025577875120529265,65,0
1845,2238,0.0401606425702811,0.00036443831692275456,23,0
976,2109,0.0401234567901234,0.000580367767866114,38,0
127,991,-0.0401146131805157,0.00024105383689438243,46,0
140,839,-0.0401104719714616,0.0002159099120295875,129,0
140,839,-0.0401104719714616,0.0002159099120295875,129,0
51,762,-0.0400648899877773,0.0019967959122624665,102,0
51,762,-0.0400648899877773,0.0019967959122624665,102,0
558,1769,0.0400476663356504,9.027501185586599e-05,33,0
558,1769,0.0400476663356504,9.027501185586599e-05,33,0
923,4037,0.04,0.000254835416447926,26,0
4140,4578,0.04,0.00033989229702664135,22,0
1134,2568,0.04,0.0001112849030021976,25,0
378,411,-0.04,0.00031668925200444313,111,0
459,1303,0.0399113082039911,0.0006159853441699377,35,0
1385,1714,0.0399061032863849,0.0018587690754558364,44,0
1223,1758,0.0398724082934609,0.00041955186162036766,49,0
558,9902,0.0397219463753723,0.00012590144712852936,26,0
558,11372,0.0397219463753723,0.00010073903475882516,24,0
5802,16053,0.0396825396825396,0.00011748691752935145,23,0
5802,17666,0.0396825396825396,8.393825049598488e-05,23,0
5802,15405,0.0396825396825396,8.393825049603296e-05,23,0
10,9578,0.0395894428152492,0.0003371416562945847,39,0
994,9675,0.0395778364116095,0.0007651173877377944,30,0
525,1385,0.0395738203957382,0.00316909405097166,66,0
4862,19876,0.039568345323741,0.00044719834757853263,24,0
4862,23861,0.039568345323741,0.00016046607308019213,24,0
79,4862,-0.039568345323741,0.0012680854496097576,57,0
101,1048,-0.0395256916996047,8.094010458703672e-05,60,0
927,3773,0.0394736842105263,0.0002598483713689432,36,0
1773,7084,0.039426523297491,9.804974037892349e-05,49,0
2098,15029,0.0393374741200828,0.00010568580087179533,32,0
140,572,0.039297272306981,0.00041832333237134866,96,0
481,2587,0.0392914653784219,0.0004013607089968301,74,0
321,14132,0.0392670157068062,0.0005139538115606038,34,0
1105,9972,0.0392561983471074,0.0002884679313008207,38,0
964,8413,0.0392156862745098,0.0009185538917143167,29,0
483,8357,0.0391908975979772,0.0002448135992711392,41,0
2060,7526,0.0390879478827361,0.0014222678400331603,40,0
1320,2090,-0.0390879478827361,0.0014833865494824358,58,0
886,1698,0.039076376554174,0.00047515823226139555,41,0
34,812,-0.0390625,0.0001192518275093576,74,0
827,4057,0.0390625,0.00022779693507972364,27,0
294,3919,0.039039039039039,9.293978373871135e-05,22,0
886,5406,-0.0389610389610389,0.0006580277335858913,51,0
655,5406,-0.0389610389610389,0.0002521461620385168,32,0
5406,6604,0.0389610389610389,0.00010073903475882516,26,0
5406,12979,0.0389610389610389,0.00011310341157312414,26,0
656,1402,0.0387978142076502,0.00039705677987118614,22,0
656,1402,0.0387978142076502,0.00039705677987118614,22,0
67,4347,0.0387284531005148,0.00010742550740462993,35,0
934,13431,0.0386965376782077,0.00020145617924499518,30,0
45,68,-0.0386618186555215,0.00011208038944460024,180,0
45,68,-0.0386618186555215,0.00011208038944460024,180,0
97,933,-0.0386597938144329,0.002607682227395878,52,0
921,933,-0.0386597938144329,0.012698598940574643,162,0
927,13272,0.0385338345864661,0.0005034762710675746,31,0
1584,19003,0.0384615384615384,0.00010073903475882516,22,0
974,2174,-0.0384615384615384,0.00034040369472156237,43,0
1131,3978,-0.0384343255672916,0.00012552120136557828,29,0
1131,3978,-0.0384343255672916,0.00012552120136557828,29,0
630,749,-0.0384322009035967,0.0001513901494151791,28,0
630,749,-0.0384322009035967,0.0001513901494151791,28,0
1352,3019,0.0383838383838383,0.00010922419034155515,31,0
4633,9785,0.0383480825958702,0.0006199391729586818,38,0
4633,8228,0.0383480825958702,0.0001816139843456511,33,0
2596,4873,0.0383386581469648,0.00016712318364491788,31,0
1063,5253,0.0382978723404255,0.00017202596817383426,22,0
67,96,0.038280725319006,0.0006968449345976189,48,0
2566,2921,0.0382653061224489,0.000216800403782354,36,0
2443,2566,-0.0382653061224489,0.0008012558060573731,42,0
2179,2702,-0.0382568290622359,0.00014258349705744737,29,0
2179,2702,-0.0382568290622359,0.00014258349705744737,29,0
1851,3004,0.0382293762575452,8.572111342359117e-05,33,0
1851,1877,0.0382293762575452,0.00029017287369864354,33,0
564,633,0.038195466588166,0.00019549734711568132,42,0
564,633,0.038195466588166,0.00019549734711568132,42,0
434,4569,0.0381679389312977,0.0002518065426358345,28,0
124,341,-0.0381679389312977,0.00018571172151994568,33,0
682,2816,-0.0381407269338303,0.0005696853537320471,38,0
682,2816,-0.0381407269338303,0.0005696853537320471,38,0
300,8217,0.03813882532418,9.967228843501246e-05,41,0
60,1724,-0.0380952380952381,0.00022164833058844902,25,0
112,704,0.0380850798948866,9.665778177035061e-05,46,0
112,704,0.0380850798948866,9.665778177035061e-05,46,0
600,921,0.0380761523046092,0.0018903534810130519,158,0
9,9369,0.0380695443645083,0.00042822281807851787,27,0
121,529,0.0380479014068131,8.108709711250711e-05,31,0
121,529,0.0380479014068131,8.108709711250711e-05,31,0
3433,9574,0.0380434782608695,0.00024768409465051824,29,0
617,2402,0.0380194518125552,0.00010926434222317538,28,0
13,36,0.0379994021242174,0.0011732561908613748,98,0
13,36,0.0379994021242174,0.0011732561908613748,98,0
359,15484,0.0379362670713201,0.00012589643060771256,27,0
223,1334,0.0378250591016548,0.00022249159436153523,60,0
1082,8945,0.0378250591016548,0.00012132802401493742,24,0
10,1724,-0.0377647442163571,0.0005996587034957608,47,0
10,1724,-0.0377647442163571,0.0005996587034957608,47,0
1259,8061,0.0377358490566037,0.00015108775637921536,23,0
857,2443,0.0377358490566037,8.825953788039843e-05,22,0
927,11546,0.037593984962406,8.100588475184023e-05,31,0
1385,19940,0.0375586854460093,0.00022634383130680944,36,0
1385,7360,0.0375586854460093,0.0002533750598834961,40,0
1385,5216,0.0375586854460093,0.0014963147339448909,39,0
367,2443,0.0375494071146245,8.556860162172057e-05,31,0
1645,2326,0.0375426621160409,0.0001552433417836576,25,0
806,1281,-0.0375235343053548,0.0002781316851532833,30,0
806,1281,-0.0375235343053548,0.0002781316851532833,30,0
1134,6598,0.0375,0.000566603075315656,31,0
319,6021,0.0374771480804387,9.91245757186214e-05,39,0
793,1092,0.0374531835205992,0.00018593198405737854,38,0
921,1072,0.0372940156114484,0.004330164685615391,189,0
5869,10160,0.0372881355932203,0.00020145617924499518,29,0
5869,17241,0.0372881355932203,0.00015110034328599207,27,0
455,575,-0.0372643699507846,0.00015462814499932784,27,0
455,575,-0.0372643699507846,0.00015462814499932784,27,0
1105,11312,0.0371900826446281,0.00015489469750840144,40,0
1105,4768,0.0371900826446281,0.0009876029946119505,46,0
617,686,0.0371352785145888,0.0007165510810896288,35,0
2327,7096,0.0371287128712871,0.00015953003810087094,29,0
7057,11477,-0.0370843989769821,5.472568163777985e-09,6,1
7057,11477,-0.0370843989769821,5.472568163777985e-09,6,1
2794,4528,0.037037037037037,0.00042318210399428245,35,0
223,1202,-0.0369842954027909,0.00011200851788814066,58,0
223,1202,-0.0369842954027909,0.00011200851788814066,58,0
405,11157,0.0369565217391304,0.00010073903475882517,27,0
453,3797,0.0369515011547344,0.001287533490775972,32,0
121,178,-0.0368376310569566,0.0001376547386882764,76,0
1429,12990,0.0367816091954023,0.00016039015449733675,28,0
887,1570,-0.0367684516496359,8.750731901625387e-05,38,0
887,1570,-0.0367684516496359,8.750731901625387e-05,38,0
2129,3636,0.0367647058823529,0.0006610721981369344,32,0
2129,4755,0.0367647058823529,0.000571833667884982,46,0
2219,13819,0.0367454068241469,0.00025650373221898016,28,0
1226,6135,0.0366666666666666,0.0002300041330554312,27,0
53,3489,-0.0366492146596858,0.0004123890946582764,68,0
37,1250,-0.0366492146596858,0.00011924660293649799,41,0
499,839,-0.0366361365528726,0.000340163277620252,76,0
84,715,-0.0364963503649635,0.00012269327754652382,34,0
467,8451,0.0364864864864864,0.00011418344992304153,28,0
1541,8203,0.0364077669902912,0.00010983272639434001,25,0
2884,19917,0.0363636363636363,0.00034568873389700694,24,0
1618,8152,0.0363636363636363,0.00020145617924499518,24,0
1664,9890,0.0363636363636363,0.00014570247689696077,22,0
595,3176,0.0363288718929254,0.00021805447848574584,38,0
226,6675,-0.0362582133352249,8.446179915854955e-05,66,0
226,6675,-0.0362582133352249,8.446179915854955e-05,66,0
887,12439,0.0361990950226244,8.79350676501891e-05,31,0
1328,13839,0.0361702127659574,9.708349443227948e-05,31,0
148,2101,0.0361596009975062,0.004640801486868998,57,0
1337,15536,0.036144578313253,0.00033525602650636484,47,0
830,3975,0.036144578313253,0.0003419236115875962,33,0
93,1863,0.0361094933022714,0.00025257898249852914,81,0
34,1071,-0.0361010830324909,0.0023949093603352683,81,0
733,10042,0.036075036075036,0.001001188210952134,28,0
3187,4245,0.0359712230215827,0.00010581068950629913,24,0
545,5636,0.0359355638166047,0.0009645764128310412,34,0
2060,2184,0.0358306188925081,0.0021763330142092474,41,0
682,839,-0.0358034970857618,0.0011274604382202418,72,0
348,10841,0.0357142857142857,0.0004921638088522637,40,0
218,5406,-0.0357142857142857,9.33795282015485e-05,31,0
2566,3560,0.0357142857142857,0.0003294756525994962,34,0
2646,4059,0.0356294536817102,0.00046611124484755484,32,0
1534,12788,0.0356164383561643,0.00010073903475882516,28,0
782,7834,0.0356083086053412,0.0007679782470635457,27,0
313,1407,0.035576923076923,0.0009301680926617998,71,0
225,1334,0.0355459503962128,0.00020179452789712677,25,0
225,1334,0.0355459503962128,0.00020179452789712677,25,0
224,4221,0.0355392156862745,0.0005889048223839809,27,0
762,1223,0.0355329949238578,0.000771444044201365,87,0
886,17532,0.0355239786856127,0.00015638320366471317,30,0
171,8761,0.0354535974973931,0.00010073903475882516,22,0
178,14219,0.0354207990932275,0.0005891073815374724,60,0
228,308,0.0353987648943151,0.00014644618448508032,75,0
228,308,0.0353987648943151,0.00014644618448508032,75,0
124,2174,-0.0353846153846153,0.0001434113133781688,53,0
1006,2174,-0.0353846153846153,0.0026300937138592656,44,0
53,1700,-0.0353013419602204,0.00021196472998846516,39,0
53,1700,-0.0353013419602204,0.00021196472998846516,39,0
1694,4333,0.0352629203340103,0.0005585504272713477,33,0
1694,4333,0.0352629203340103,0.0005585504272713477,33,0
45,232,-0.0352085150481079,9.397610855237653e-05,198,0
45,232,-0.0352085150481079,9.397610855237653e-05,198,0
2098,6535,0.0351966873706004,0.00021617703996092982,38,0
682,8428,0.0351351351351351,0.0001853685525311243,26,0
1638,1724,-0.0349206349206349,0.00040689264600220177,29,0
101,210,-0.034893697708042,0.0002011838887057828,67,0
101,210,-0.034893697708042,0.0002011838887057828,67,0
181,2258,0.0348794063079777,8.793737208077821e-05,49,0
368,2803,-0.0348101265822784,0.00023204675751288165,35,0
551,717,0.0347826086956521,0.00013486829029522426,34,0
697,15940,0.0347071583514099,0.00012439601306053844,28,0
223,6190,0.0346729708431836,0.00010073903475882513,51,0
453,3120,0.0346420323325635,0.0016917542399730915,34,0
733,2060,0.0346320346320346,0.0029719185204577525,51,0
774,2887,-0.0345911949685534,0.00027353863121377166,31,0
656,739,-0.0344889851932105,9.787161600216446e-05,22,0
656,739,-0.0344889851932105,9.787161600216446e-05,22,0
2983,3746,-0.0344827586206896,0.00014207365118300993,31,0
2983,3746,-0.0344827586206896,0.00014207365118300993,31,0
140,7118,0.0344429033749422,0.00015190660930294793,85,0
119,2101,0.0343949044585987,0.001225029112042825,56,0
1818,4398,0.0343698854337152,0.00014348110426160135,38,0
604,6406,0.0343601895734597,8.476002276491976e-05,36,0
1352,2617,0.0343434343434343,0.0011117283546464823,35,0
309,411,-0.0341880341880341,0.0009347175934002555,119,0
181,6867,0.0341372912801484,0.0009647746335239555,51,0
702,2219,-0.0341207349081364,0.00043158404585603115,33,0
51,10007,0.0341026524285222,0.0003543185737628532,51,0
2884,3216,0.034090909090909,0.00010199721614778353,29,0
1618,18634,0.034090909090909,0.00020145617924499518,22,0
46,5160,0.0340445560087856,0.00020145617924499518,22,0
2144,3711,-0.0339843673859228,8.955626973109149e-05,72,0
2144,3711,-0.0339843673859228,8.955626973109149e-05,72,0
306,2540,-0.0339784946236559,0.00013618139030879036,30,0
306,2540,-0.0339784946236559,0.00013618139030879036,30,0
67,371,0.0339747010661074,0.0007089130415881891,58,0
67,371,0.0339747010661074,0.0007089130415881891,58,0
727,3133,0.0339704862830543,0.00010210304030004025,43,0
727,3133,0.0339704862830543,0.00010210304030004025,43,0
976,1385,0.0339506172839506,0.0015283813649895873,55,0
1065,2129,-0.0339272638515987,0.0009747643381340209,96,0
1065,2129,-0.0339272638515987,0.0009747643381340209,96,0
11,1103,0.0339015151515151,0.00014620692564981468,83,0
5869,6869,0.0338983050847457,8.512675928005156e-05,32,0
531,1303,0.0338409475465313,0.00030936076941986913,34,0
930,2101,-0.0338345864661654,0.00020771803147975944,47,0
226,1166,-0.0337800753574822,0.0005472760719006958,73,0
226,1166,-0.0337800753574822,0.0005472760719006958,73,0
1529,4321,0.0337662337662337,0.0002836681097323639,23,0
319,558,-0.0337400536282585,0.0005509008260752569,57,0
319,558,-0.0337400536282585,0.0005509008260752569,57,0
1072,5510,0.033722438391699,0.00025282281534595014,51,0
762,1467,-0.0336049022632302,0.00030206537699757483,71,0
762,1467,-0.0336049022632302,0.00030206537699757483,71,0
556,4340,-0.0335850639815397,0.0002213045450352709,24,0
556,4340,-0.0335850639815397,0.0002213045450352709,24,0
1749,1939,-0.0335365853658536,0.0004156883536075627,30,0
311,3825,0.0335051546391752,0.00013435795661304994,27,0
933,1073,0.0335051546391752,0.002248646471279781,26,0
1223,1703,0.0334928229665071,0.0005066079211494817,40,0
1729,10491,0.033434650455927,8.7926321451821e-05,22,0
1407,10566,0.033434650455927,0.00010175670514447056,50,0
658,1352,0.0333864965443912,0.00014726406142991243,33,0
658,1352,0.0333864965443912,0.00014726406142991243,33,0
2458,6096,-0.0333451369216241,0.0002047981576158654,27,0
2458,6096,-0.0333451369216241,0.0002047981576158654,27,0
1226,9025,0.0333333333333333,0.00018434284417138396,26,0
1131,18001,0.0332541567695962,0.00015110034328599207,23,0
1065,5658,0.0331950207468879,0.001886772000288181,80,0
534,1863,-0.0331950207468879,0.00019678328952985486,48,0
1863,9188,0.0331950207468879,0.00014101689461526717,42,0
481,3198,0.0331723027375201,0.0004289702447902852,75,0
384,2566,-0.0331632653061224,0.00021362359224105706,56,0
543,2566,-0.0331632653061224,8.115487412016872e-05,41,0
123,3489,-0.0331588132635253,0.00047302186075898043,64,0
203,3413,0.0331288343558282,0.0005246496561333035,42,0
203,2101,0.0331288343558282,0.007084170754919308,75,0
2098,4678,0.0331262939958592,0.00015175347803931969,37,0
2098,4970,0.0331262939958592,0.00031209992594544194,46,0
2098,18960,0.0331262939958592,0.00012779822658273173,31,0
283,3411,0.0331244404655326,0.0003018449696413386,44,0
4633,5186,-0.0330949205964359,0.0004711633052526129,44,0
4633,5186,-0.0330949205964359,0.0004711633052526129,44,0
592,1065,0.0330788804071246,0.002403736312274856,90,0
1105,11688,0.0330578512396694,0.00022307421828689415,39,0
944,11632,0.0330578512396694,0.00010070619934984248,30,0
1303,1309,0.0330396475770925,0.00015110034328599207,28,0
1303,5009,0.0330396475770925,0.00022510901369975075,30,0
1396,2040,0.0330368487928843,0.0001490688289448498,40,0
147,3975,0.0329896907216494,0.00034728851055397563,51,0
578,1743,0.0329670329670329,0.0005640164177465045,34,0
21,308,0.0329341244682973,0.00039334059469185983,120,0
21,308,0.0329341244682973,0.00039334059469185983,120,0
845,1671,0.0328947368421052,0.00039714633826134804,33,0
483,7300,0.0328697850821744,0.0001306792049153429,41,0
336,411,-0.0328205128205128,0.00028323430433015823,107,0
1616,10723,0.0328151986183074,0.00013414658995878,39,0
1114,2144,0.0327772273250676,9.145567521954763e-05,71,0
1114,2144,0.0327772273250676,9.145567521954763e-05,71,0
517,5436,0.0327272727272727,0.0007432400916185035,23,0
2794,5300,0.0326797385620915,0.00015110034328599204,33,0
2794,7934,0.0326797385620915,0.00015110034328599207,33,0
1112,2295,-0.0326566637246248,0.0002265520087020401,28,0
1112,2295,-0.0326566637246248,0.0002265520087020401,28,0
357,2060,-0.0325732899022801,0.0004306375156095256,49,0
2060,12738,0.0325732899022801,0.00047390731245064313,34,0
405,662,0.0325435712956645,0.00049805431706504,68,0
405,662,0.0325435712956645,0.00049805431706504,68,0
1082,1352,-0.0325381474317644,0.00014875741971999526,43,0
1082,1352,-0.0325381474317644,0.00014875741971999526,43,0
763,1234,0.032473241590214,0.0003140570965780173,28,0
763,1234,0.032473241590214,0.0003140570965780173,28,0
177,4644,0.0323715693173821,0.00010773049866246706,40,0
921,2742,-0.0323624595469255,0.0024007859155619525,161,0
2174,3642,0.0323076923076923,0.0003190275903245051,44,0
225,991,-0.032254905516666,0.00011208244453366945,44,0
225,991,-0.032254905516666,0.00011208244453366945,44,0
101,921,-0.0322170130248344,0.00414073488897626,191,0
101,921,-0.0322170130248344,0.00414073488897626,191,0
296,3092,0.0321750321750321,0.0002595201094729134,44,0
568,15495,0.0321739130434782,8.465412800025482e-05,50,0
384,3373,0.0320781032078103,0.00030666029913158587,33,0
1584,8246,0.032051282051282,0.000760777052433328,24,0
1262,17064,0.0319573901464713,0.0002126080867821133,33,0
304,516,0.0319488817891373,0.0001420076664814476,34,0
124,3041,0.0319327731092436,0.0001034965322359645,30,0
203,224,0.0319018404907975,0.0012395546684166238,53,0
1223,4272,0.0318979266347687,0.00036219838221506737,43,0
294,808,0.0318318318318318,0.00023570754155063752,23,0
681,2174,-0.0318197221280921,0.0001231034122707096,52,0
681,2174,-0.0318197221280921,0.0001231034122707096,52,0
1618,12241,0.0318181818181818,0.0013496743008863698,22,0
1618,21537,0.0318181818181818,0.0002471261529032244,22,0
313,2131,0.0317997403440441,9.90789522080627e-05,37,0
313,2131,0.0317997403440441,9.90789522080627e-05,37,0
503,1601,0.0317848410757946,0.00012797971169038747,31,0
1396,2709,0.0317662007623888,0.0006201114227745433,42,0
1958,3082,0.0317460317460317,0.0005142578708012451,24,0
733,12127,0.0317460317460317,0.0003613313735276928,27,0
93,762,-0.031725888324873,0.0005249818987834589,98,0
762,9715,0.031725888324873,0.0001990903208027739,59,0
1539,1592,0.0317124735729386,0.00023058109853807887,25,0
140,1733,0.03166897827092,0.00011361099047531985,90,0
140,233,0.03166897827092,0.00035120181891542965,112,0
796,2803,-0.0316455696202531,0.00021189701435194217,23,0
249,16893,0.0316455696202531,0.00021486634949914677,24,0
908,1082,0.0315996847911741,8.851946838210846e-05,31,0
908,1082,0.0315996847911741,8.851946838210846e-05,31,0
726,2219,-0.0314960629921259,0.00016265970392769725,30,0
178,2055,0.031453669594786,0.00015032562545321882,69,0
287,853,-0.031413612565445,0.0005500319260170185,43,0
111,3489,-0.031413612565445,0.00032802488006653506,63,0
43,59,0.0313768918420081,0.00027372671661161284,64,0
38,595,-0.0313575525812619,0.0003957592503270971,64,0
38,595,-0.0313575525812619,0.0003957592503270971,64,0
746,1414,-0.0313340505648197,0.00014535227991234386,40,0
746,1414,-0.0313340505648197,0.00014535227991234386,40,0
147,232,-0.0313089400226329,0.00011031247407912716,90,0
79,746,-0.0312979328363943,0.0010397327868895666,57,0
79,746,-0.0312979328363943,0.0010397327868895666,57,0
934,1115,0.0312761489761442,9.193855069265691e-05,39,0
934,1115,0.0312761489761442,9.193855069265691e-05,39,0
867,10296,0.03125,0.00010073903475882513,22,0
261,1533,0.0311804008908685,0.0001824131558488618,23,0
673,1863,-0.0311203319502074,0.00015101363090283215,62,0
1863,12336,0.0311203319502074,0.00030215143345851004,41,0
1818,18582,0.0310965630114566,0.00012020459154243736,27,0
80,368,-0.0310892260074738,0.00036767141784617213,109,0
80,368,-0.0310892260074738,0.00036767141784617213,109,0
1616,7149,0.0310880829015544,0.00015100019086859175,40,0
320,4918,0.0310786106032906,0.00013276504403195473,32,0
754,2646,0.031076801266825,0.0003293240213670265,40,0
754,2646,0.031076801266825,0.0003293240213670265,40,0
2098,20484,0.031055900621118,0.00010063879293582402,30,0
177,2098,-0.031055900621118,0.0004514598710461138,54,0
2601,11104,0.0309597523219814,0.0001511208463655145,23,0
2601,12405,0.0309597523219814,0.0005746360179977221,22,0
933,1877,0.0309278350515463,0.001192897974900597,23,0
755,16234,0.0308988764044943,0.00010729995090763333,35,0
2646,7239,0.0308788598574821,0.0015605430868237938,33,0
976,12996,0.0308641975308641,0.0004065136039219764,25,0
649,1976,0.0308529945553539,8.238520695420561e-05,36,0
884,7901,0.0308370044052863,0.0005034762710675746,24,0
1134,1223,0.0308133971291865,0.0001272456487835573,51,0
1134,1223,0.0308133971291865,0.0001272456487835573,51,0
321,2174,-0.0307692307692307,0.0016216831770149722,66,0
1068,1918,-0.0307678211471504,0.0002894309960186246,24,0
1068,1918,-0.0307678211471504,0.0002894309960186246,24,0
171,3347,0.0307612095933263,0.00017499577175385296,25,0
119,727,-0.030751708428246,0.0002726100863129122,42,0
1167,10260,0.0307262569832402,0.00010073903475882512,24,0
45,1167,-0.0307262569832402,0.0003966113542479484,165,0
1134,2566,-0.0306122448979591,0.00044966826869154814,46,0
1226,2566,-0.0306122448979591,0.0010642732639585073,50,0
3946,4748,0.0305997552019584,1.3681420409444963e-09,6,1
3946,4748,0.0305997552019584,1.3681420409444963e-09,6,1
434,9675,0.0305343511450381,0.0008814510184682774,34,0
1407,11681,0.0303951367781155,0.00030215143345851015,51,0
1407,18182,0.0303951367781155,0.0002999034191982149,49,0
697,3562,0.0303687635574837,0.0013044450522932281,32,0
80,961,-0.030352213335661,0.0003486364619830922,104,0
80,961,-0.030352213335661,0.0003486364619830922,104,0
1664,4542,0.0303030303030303,0.00012501697529931308,24,0
1011,1664,-0.0303030303030303,0.00020717253359390166,34,0
1352,1382,0.0303030303030303,0.00010568109290660722,30,0
886,5485,0.0301953818827708,0.0012693643409905657,32,0
319,6541,0.0301645338208409,0.00010073903475882516,37,0
1534,19917,0.0301369863013698,0.0004573172485795063,29,0
309,2144,-0.0300859598853868,0.0005262630506647158,81,0
182,772,-0.0300802945493272,0.0003104767090951498,113,0
182,772,-0.0300802945493272,0.0003104767090951498,113,0
1673,2101,-0.0300751879699248,0.0006082743119745899,49,0
2101,3803,0.0300751879699248,0.0007889500234067006,48,0
1262,2238,-0.0299956292373527,0.00041615220332971476,43,0
1262,2238,-0.0299956292373527,0.00041615220332971476,43,0
1789,3092,0.0299727520435967,0.00031175111247045144,27,0
1150,8127,0.0299727520435967,0.00015264101607135658,29,0
3433,21166,0.029891304347826,0.0002474750458041428,24,0
1743,9970,0.0298507462686567,0.00022718178704796575,31,0
960,1743,-0.0298507462686567,0.00022217644111591458,37,0
673,1020,-0.0298507462686567,0.00012833079689191803,42,0
843,1020,-0.0298507462686567,0.0003088681284897105,30,0
434,1063,-0.0297872340425531,0.0005331580239912482,38,0
1750,1947,-0.0297619047619047,0.0017146628803167254,24,0
682,4272,0.0297297297297297,0.00032573329129340284,34,0
467,12838,0.0297297297297297,0.00010073903475882513,26,0
382,3489,-0.0296684118673647,0.0003080146475301738,58,0
179,3489,-0.0296684118673647,0.0006320389359748901,66,0
297,3489,-0.0296684118673647,0.002033384394211151,63,0
572,3862,0.0296610169491525,0.00047514099501671267,22,0
7064,8314,-0.0296425457715779,5.472568163777985e-09,6,1
7064,8314,-0.0296425457715779,5.472568163777985e-09,6,1
461,3114,0.0296296296296296,0.0003814979797848131,34,0
296,10082,0.0296010296010296,0.00010073903475882517,35,0
296,10435,0.0296010296010296,0.00010073903475882517,35,0
746,5674,0.029585798816568,0.00024583219005866583,33,0
1618,6226,0.0295454545454545,0.00016622944798859156,23,0
318,10428,0.0295358649789029,0.00010073903475882516,24,0
46,1051,0.029530806055564,0.00023427229061834734,28,0
46,1051,0.029530806055564,0.00023427229061834734,28,0
4633,14115,0.0294985250737463,0.0006303088150285623,35,0
1065,1646,-0.0294784580498866,0.003075960551144344,91,0
1582,8391,0.0294659300184162,0.0002518065426358345,28,0
1818,7938,0.0294599018003273,0.0003702162894921953,29,0
1818,4235,0.0294599018003273,0.0005327412294759521,37,0
124,321,0.0294117647058823,0.0005166681431823313,49,0
883,4675,0.0294117647058823,0.0001219536068570046,24,0
1616,5743,0.0293609671848013,0.0004028247973993699,42,0
243,314,-0.0293453724604966,0.00010695419992448809,28,0
319,2879,0.0292504570383912,0.0003845985508043258,40,0
233,8553,0.0292504570383912,0.00010073903475882513,34,0
1396,17458,0.0292249047013977,8.747907717509786e-05,37,0
81,13418,0.0292066259808195,0.000799501352719343,28,0
762,2585,0.0291878172588832,0.0008176910982367556,66,0
1863,7953,0.0290456431535269,0.00010073903475882512,40,0
130,649,-0.029038112522686,0.0001686142302387351,41,0
17,922,0.0290060851926977,0.00024933657042406254,48,0
525,9362,0.0289193302891933,0.00026029758978779856,37,0
178,10627,0.0289033720600736,0.00010073903475882516,60,0
1407,3489,0.0288753799392097,0.0003944767137860113,90,0
560,2219,-0.0288713910761154,0.0003171020543266783,32,0
182,2409,0.0288447601101608,0.0007199215194438575,111,0
858,2475,0.0287958115183246,0.00035558845152707804,27,0
321,4701,0.0287958115183246,0.00010072808962249759,36,0
1076,1303,-0.0286343612334801,0.0006890620700758905,39,0
681,6811,0.0286343612334801,0.00020725968962101278,23,0
152,1223,0.0286259541984732,0.000862767752113411,46,0
298,640,-0.0286144578313253,0.00019975404233353017,28,0
1904,16035,0.0285714285714285,0.00015110034328599207,23,0
1131,10618,0.0285035629453681,0.00025192901435053575,23,0
157,2219,0.0284974093264248,0.00020145617924499518,29,0
604,3208,0.0284360189573459,0.00010951194815556322,36,0
886,8357,0.0284191829484902,0.0007877143025054894,34,0
886,19297,0.0284191829484902,0.00018622502776704562,32,0
730,933,-0.0283505154639175,0.0013502336068165158,23,0
933,936,0.0283505154639175,0.0003868096961408216,23,0
287,318,0.0282738095238095,0.00010821593780454934,37,0
853,8225,0.0282722513089005,0.00028092511372751434,31,0
182,250,0.0282649659370923,0.00012896323198098616,108,0
405,5858,0.0282608695652173,0.00036611080865191984,36,0
294,2339,0.0282282282282282,0.00011344193180339248,25,0
203,8334,0.0282208588957055,0.0003384644773102103,37,0
2794,5483,-0.028206554489408,0.0003612630838908679,44,0
2794,5483,-0.028206554489408,0.0003612630838908679,44,0
673,1223,0.0282051282051282,0.0002462972066462892,58,0
673,1758,0.0282051282051282,0.0003301099264424867,41,0
487,2149,0.0281879194630872,8.703738751249379e-05,39,0
5006,12819,0.0281456953642384,0.00015110034328599204,50,0
2116,5137,-0.0281001504405759,8.195636712716564e-05,35,0
2116,5137,-0.0281001504405759,8.195636712716564e-05,35,0
1385,1761,0.0280950267027187,0.0002575048800393047,47,0
1385,1761,0.0280950267027187,0.0002575048800393047,47,0
755,1467,0.0280898876404494,0.0004966519031819399,49,0
249,561,-0.0280811232449297,0.0005180589300000926,38,0
487,2566,-0.0280612244897959,0.00026904174484827,60,0
59,3489,-0.0279232111692844,0.0006582193263452951,75,0
384,2384,0.0278940027894002,0.0001268345135238011,36,0
11,308,0.027793879893741,0.0004347083228849306,123,0
11,308,0.027793879893741,0.0004347083228849306,123,0
1260,16825,0.027746947835738,0.0005919185709975669,49,0
1113,8645,0.0277185501066098,0.0006135257877422165,23,0
2174,3041,0.0276923076923076,0.0003436611274877677,47,0
1099,2174,-0.0276923076923076,0.0003695268959064415,41,0
1616,6981,0.0276338514680483,0.00035249085171302195,41,0
1616,8344,0.0276338514680483,0.00022230147206144787,39,0
1320,1467,-0.0276243093922651,0.0016986677398154694,61,0
34,142,0.0276159306986151,0.000557301694527335,80,0
34,142,0.0276159306986151,0.000557301694527335,80,0
944,1714,0.0275482093663911,0.0008075763285621453,36,0
140,883,0.0275080906148867,0.0002824050801712769,98,0
51,140,-0.0275080906148867,0.0007405549862663852,129,0
1894,2463,-0.0275,0.0006269115745725003,30,0
839,1608,0.0274771024146544,0.00023811615600274595,60,0
807,1823,0.0274599542334096,0.00010635497154075265,23,0
12,522,-0.0274509803921568,0.0003427702420509165,58,0
45,2457,-0.0274064889772189,0.000713991079922608,175,0
45,2457,-0.0274064889772189,0.000713991079922608,175,0
1534,14056,0.0273972602739726,0.00010073903475882516,28,0
301,371,0.0273317389818927,0.0023149502048089195,163,0
1618,9560,0.0272727272727272,0.0005240932038737526,24,0
545,5764,0.0272614622057001,0.0009463326443496669,43,0
2704,22634,0.0272479564032697,0.0011778736912615212,24,0
1498,6144,0.0272108843537414,0.00012465192936428904,41,0
1385,1646,-0.0272108843537414,0.0014007009774280553,52,0
178,1993,0.0272031737035987,0.0001547774495451586,71,0
175,1076,0.0271528316524437,0.0021428317430189046,60,0
964,1466,0.0271493212669683,0.0007853968434752697,29,0
94,964,-0.0271493212669683,0.0003350885643423589,29,0
755,1223,-0.0271132376395534,0.00014171469935250386,65,0
1337,9892,0.0271084337349397,0.0003006511852699505,47,0
1337,16530,0.0271084337349397,0.00010073903475882516,45,0
213,4564,0.027027027027027,0.0012220599766060455,29,0
682,5372,0.027027027027027,0.000236952204002857,33,0
455,2446,0.0269662921348314,0.0003093436514588234,26,0
2830,6490,0.0268817204301075,0.00014813694576160704,28,0
1773,8817,0.0268817204301075,0.0002609626750020558,50,0
628,10840,0.0268741159830268,9.308243900517062e-05,28,0
137,4097,0.0268595041322314,0.00027890927643714106,22,0
315,845,0.0268506632434745,0.0005457601643771841,41,0
315,845,0.0268506632434745,0.0005457601643771841,41,0
487,4560,0.0268456375838926,0.00025463930840779027,41,0
233,1863,0.0268154475183384,0.00023399894494396186,68,0
233,1863,0.0268154475183384,0.00023399894494396186,68,0
2339,4098,-0.0268103924820342,0.0002075414138016601,28,0
2339,4098,-0.0268103924820342,0.0002075414138016601,28,0
154,3464,0.026771653543307,0.00012854725785391974,23,0
595,1385,0.0267686424474187,0.001624623922030306,67,0
51,181,-0.0267161410018552,0.004915789664798248,93,0
1541,24303,0.0266990291262135,0.00010971339819596547,22,0
1072,2463,-0.0266536964980544,0.00011812689342084056,68,0
1072,2463,-0.0266536964980544,0.00011812689342084056,68,0
762,2149,0.0266497461928934,0.0001011257755899287,61,0
886,1501,0.0266429840142095,0.0007049898728900793,38,0
886,4228,0.0266429840142095,0.0012306574383033522,39,0
54,1314,-0.0266124216183935,0.0001442176073051503,39,0
54,1314,-0.0266124216183935,0.0001442176073051503,39,0
68,15413,0.026592022393282,0.00019141912629141666,40,0
806,4564,0.0265700483091787,0.0009422793737074144,30,0
280,648,-0.0265486725663716,0.001353865167055597,53,0
5006,7282,0.0264900662251655,0.00010073903475882516,50,0
390,19713,0.0263975155279503,0.00010073903475882516,24,0
927,10619,0.0263157894736842,0.00018702531625464997,36,0
1352,2677,0.0262626262626262,0.0004967889361947263,29,0
517,2219,-0.0262467191601049,0.00040280201546234853,37,0
1977,2219,-0.0262467191601049,0.0002534206437941722,30,0
75,3489,-0.0262315495326989,0.0003908581079400523,83,0
75,3489,-0.0262315495326989,0.0003908581079400523,83,0
258,12164,0.0261976047904191,0.000778633073971186,34,0
727,2528,0.0261958997722095,0.0006663522869497613,42,0
53,1407,-0.0261927250518421,0.00017178562187988102,72,0
53,1407,-0.0261927250518421,0.00017178562187988102,72,0
19,308,-0.0261800872669575,0.00024537728475299995,65,0
304,3489,-0.0261780104712041,0.0008444968054129784,59,0
309,3923,0.0261780104712041,0.00026952098602286983,22,0
719,3489,-0.0261780104712041,0.0005229070631861965,66,0
3489,4881,0.0261780104712041,0.0010669564414567518,48,0
633,3327,0.0261627906976744,0.00016143191238662786,33,0
2794,9978,0.0261437908496732,0.00010073903475882516,32,0
2794,6090,0.0261437908496732,0.0002518065426358345,36,0
117,2646,-0.0261282660332541,0.0006568674875202314,50,0
2646,12041,0.0261282660332541,0.00015110034328599207,30,0
147,992,0.0261168384879725,0.000296158291227667,55,0
6,659,0.0260892953200645,0.0003176219940326779,29,0
600,5711,0.0260521042084168,0.00025373950316896516,26,0
51,921,-0.02601908065915,0.007449056610550148,193,0
1533,2925,0.0260020242914979,0.00010529460918287321,31,0
1533,2925,0.0260020242914979,0.00010529460918287321,31,0
434,1950,0.0259541984732824,0.00022298490677147905,31,0
1072,4848,0.0259403372243839,0.00010073903475882517,46,0
2312,5267,0.0259166302924487,0.0001439609078276855,22,0
2312,5267,0.0259166302924487,0.0001439609078276855,22,0
525,4985,0.0258751902587519,0.0003570557905107344,37,0
13,1830,0.0258493353028065,0.0002828022861010247,74,0
1125,1407,-0.0258358662613981,0.0011071072267039887,57,0
1385,5436,0.0258215962441314,0.0007696827527207996,45,0
1385,7978,0.0258215962441314,0.0007643959769706282,40,0
1385,5660,0.0258215962441314,0.0011643360932260263,41,0
839,3585,0.0258118234804329,0.00025640258399200073,60,0
1281,2267,-0.0257979771443583,8.348615465041566e-05,24,0
1281,2267,-0.0257979771443583,8.348615465041566e-05,24,0
487,839,-0.0257972942011411,0.00036206930930774713,80,0
487,839,-0.0257972942011411,0.00036206930930774713,80,0
359,7979,0.0257966616084977,0.0020839261681329974,26,0
296,8204,0.0257400257400257,0.00020145617924499523,37,0
224,2328,0.025735294117647,0.0006849320956245355,30,0
14,1773,-0.0257228668168359,0.0005245243494938698,59,0
14,1773,-0.0257228668168359,0.0005245243494938698,59,0
378,5156,-0.0256484229036157,0.00042029512216069286,26,0
378,5156,-0.0256484229036157,0.00042029512216069286,26,0
1584,20924,0.0256410256410256,0.0011524339971699942,23,0
1584,9191,0.0256410256410256,0.00015110034328599207,23,0
673,6202,0.0256410256410256,0.0002028708769706963,29,0
319,7694,0.0255941499085923,0.00010073903475882516,37,0
961,1113,-0.0255863539445629,0.0002587168333566469,29,0
79,364,-0.0255367168043224,0.00015553833512890609,61,0
79,364,-0.0255367168043224,0.00015553833512890609,61,0
1223,19780,0.0255183413078149,0.00021627554998877413,37,0
738,1559,-0.0254777070063694,0.0006576057562562587,27,0
140,165,0.02542764678687,0.00014802320329345637,95,0
1121,22601,0.0254237288135593,0.00030215143345851015,22,0
308,3984,0.0253867512891709,0.00010909108710930469,60,0
54,4434,0.0253807106598984,0.00015151734937816205,22,0
636,11326,0.0253565768621236,0.0003524908517130219,29,0
717,8199,0.0253353204172876,0.00040194986110478635,28,0
1534,3185,-0.0252897787144362,0.0002668347355687445,33,0
1534,3185,-0.0252897787144362,0.0002668347355687445,33,0
473,556,0.0252252252252252,0.0003744910594449918,22,0
247,897,-0.0251798561151079,0.00032106793382409045,38,0
897,1313,0.0251798561151079,0.0004273083924891717,30,0
481,7326,0.0251207729468599,0.00010097791452173649,73,0
1065,3419,-0.0251123789764868,0.001729265626100217,93,0
1065,3419,-0.0251123789764868,0.001729265626100217,93,0
46,2968,0.0251019767806714,0.00010981824241971618,28,0
348,15650,0.025,0.001112061666700278,38,0
140,1092,0.0249653259361997,0.0009068748214710575,105,0
520,6497,0.0249433106575963,0.00031907723246566816,22,0
45,134,-0.0249210287977969,0.0001194870664352771,164,0
45,134,-0.0249210287977969,0.0001194870664352771,164,0
4155,5155,0.0249026714995301,9.028819101369504e-05,35,0
4155,5155,0.0249026714995301,9.028819101369504e-05,35,0
1863,2292,0.0248962655601659,0.0007947903026899604,45,0
1863,5478,0.0248962655601659,0.00022611317623230897,43,0
1863,4058,0.0248962655601659,0.0003757037279159557,43,0
886,21512,0.0248667850799289,0.00020995195838459073,30,0
595,6535,0.0248565965583174,0.00023469751548889592,44,0
1291,5006,-0.0248344370860927,0.0005418003803636042,54,0
1065,1105,-0.024793388429752,0.0015943324448344468,108,0
1105,7834,0.024793388429752,0.0006754401880819868,44,0
1105,8127,0.024793388429752,0.0002119728215490917,42,0
8,13467,0.0247428050527412,0.00010073903475882516,35,0
455,1233,0.0247191011235955,0.0002810390285464817,31,0
178,3437,0.0246528761688863,0.00010073903475882516,60,0
1166,13963,0.0245464247598719,0.00010073903475882516,30,0
228,3463,0.0245398773006134,0.00013553436400740127,25,0
733,10521,0.0245310245310245,0.00015110034328599207,24,0
355,1595,-0.0245098039215686,0.00011889358436542008,27,0
1498,9534,0.0244897959183673,8.513618197592973e-05,39,0
296,13819,0.0244530244530244,0.00024440560599767354,36,0
130,3489,-0.0244328097731239,0.0005008205085714992,63,0
1106,3489,-0.0244328097731239,0.00012495826436659027,48,0
135,3489,-0.0244328097731239,0.0007014758681219195,65,0
69,2048,0.0244155844155844,0.000991046211056322,56,0
280,4494,0.024390243902439,0.0003067140218694372,23,0
750,1842,-0.024390243902439,0.0001027807376383431,63,0
991,14623,0.0243553008595988,9.595657458830596e-05,34,0
604,876,-0.0243513535223712,0.00024926904216589853,44,0
604,876,-0.0243513535223712,0.00024926904216589853,44,0
183,191,-0.0243013365735115,0.00037427033869451125,64,0
359,20269,0.0242792109256449,0.0001542060161843937,25,0
585,1352,-0.0242424242424242,0.0005388931869466685,35,0
884,11356,0.0242290748898678,0.00048175792584491037,23,0
681,3797,0.0242290748898678,0.00019653381698525645,24,0
839,3206,-0.0242280917105161,0.00015883107956569524,67,0
839,3206,-0.0242280917105161,0.00015883107956569524,67,0
499,3311,-0.0242138805238462,0.00010953654234339477,34,0
499,3311,-0.0242138805238462,0.00010953654234339477,34,0
53,1376,-0.0242130750605326,0.0001988883015369885,40,0
1616,13610,0.0241796200345423,0.00019570891550439162,37,0
839,4233,0.0241465445462114,0.00014708547225284702,56,0
1851,11904,0.0241448692152917,0.00011755383234286422,29,0
1851,7162,0.0241448692152917,0.00028920679419318655,32,0
232,4168,0.0241418332704639,9.408685291587597e-05,66,0
964,9069,0.0241327300150829,0.00014136721745604836,27,0
1337,8070,0.0240963855421686,0.0004181891568820964,50,0
223,1615,0.0240942551269484,0.001042244956665749,57,0
223,1615,0.0240942551269484,0.001042244956665749,57,0
853,2786,0.0240837696335078,0.00033820347467512036,38,0
867,7543,0.0240384615384615,0.00025176549837460616,24,0
80,808,0.0240209931368591,0.00024151646863703052,97,0
2794,4367,0.0239651416122004,0.00010073903475882516,32,0
2794,6352,0.0239651416122004,0.00016298093785372907,34,0
1185,1633,0.0239356214320104,9.127049208631474e-05,23,0
1185,1633,0.0239356214320104,9.127049208631474e-05,23,0
727,883,0.0239179954441913,0.00010965439175430108,44,0
839,934,0.023853170558818,0.00045723980068343515,76,0
839,934,0.023853170558818,0.00045723980068343515,76,0
717,5460,0.0238450074515648,0.0002850083559978654,36,0
348,1530,0.0238095238095238,0.0002598729847484921,38,0
308,6045,0.0238000793335977,8.380515543269107e-05,64,0
233,3705,0.0237659963436928,0.0002812949724961658,39,0
319,4533,0.0237659963436928,0.00015097474784663334,46,0
233,351,0.0237659963436928,0.0003862575621703759,41,0
229,2646,-0.0237529691211401,0.0002266012618155141,35,0
564,3409,0.0237341772151898,0.00011136893701721493,22,0
367,1758,0.0237154150197628,8.857877292762366e-05,33,0
75,800,-0.0237068965517241,0.00039404598410602257,56,0
475,2101,0.0236966824644549,0.0007064260915196492,53,0
300,15986,0.0236460717009916,0.00010073903475882512,39,0
649,21645,0.0235934664246823,0.0002518065426358345,23,0
868,4005,0.023543990086741,8.387472862384084e-05,31,0
1584,11606,0.0235042735042735,0.00015103330432598576,24,0
1385,4755,0.0234741784037558,0.0010074632893030807,57,0
1105,1385,-0.0234741784037558,0.000987323580444994,69,0
746,1622,-0.0234478495098472,0.00024548217551864887,33,0
746,1622,-0.0234478495098472,0.00024548217551864887,33,0
106,308,-0.0234034113447044,0.00012647867399601348,63,0
897,3663,0.0233812949640287,0.00015833162986653843,28,0
203,3850,0.0233128834355828,0.00020674227986280165,39,0
572,1115,0.0233050847457627,8.362959981113903e-05,26,0
1773,10201,0.0232974910394265,0.0002518065426358345,50,0
633,9324,0.0232558139534883,0.00010073903475882516,27,0
411,448,0.0232478632478632,0.0005382660647027788,115,0
258,1645,0.0232035928143712,0.0005696728830533744,46,0
258,826,0.0232035928143712,0.0001863872274653234,43,0
481,9462,0.0231884057971014,0.0003558466095020658,75,0
372,4724,0.0231684408265497,0.00013307913273849487,93,0
372,1687,0.0231684408265497,0.0004704544511046442,98,0
140,727,0.0231160425335182,0.00034310208441484113,108,0
69,126,0.0230988916933772,0.0003673838739895021,66,0
69,126,0.0230988916933772,0.0003673838739895021,66,0
1337,15420,0.0230923694779116,0.00013497784572496008,46,0
1337,8064,0.0230923694779116,0.00012844900185045776,47,0
1337,2126,0.0230923694779116,0.0004525102039578145,49,0
914,2174,-0.023076923076923,0.0002856756034122031,46,0
1210,2174,-0.023076923076923,0.0005299191339085762,43,0
97,1851,-0.0230429995607992,0.00017496740125768297,62,0
97,1851,-0.0230429995607992,0.00017496740125768297,62,0
13,341,0.0229654101878892,9.137275188186534e-05,82,0
13,341,0.0229654101878892,9.137275188186534e-05,82,0
507,1233,0.0229357798165137,0.00011956420351421525,32,0
1936,22477,0.0229276895943562,0.00011485930747513149,28,0
14,17,0.0229249011857707,0.0005498979074599412,46,0
2144,2851,0.0229226361031518,0.00013177078691423906,67,0
1470,2144,-0.0229226361031518,0.0004833985350027511,70,0
499,6414,0.0229007633587786,9.302847510772857e-05,32,0
525,9683,0.0228310502283105,0.00020145617924499518,34,0
1255,1863,-0.0228215767634854,0.00026390969959411153,48,0
1065,9704,0.0228215767634854,0.00012437713799112743,78,0
1863,12642,0.0228215767634854,0.00013272232645835893,41,0
487,2585,0.0228187919463087,0.0004391370138965176,44,0
809,1407,-0.0227963525835866,0.0010793034207968704,63,0
483,5390,0.02275600505689,9.243378049577767e-05,40,0
1105,5912,0.0227272727272727,0.001182193672046459,49,0
1618,11384,0.0227272727272727,0.00020145617924499518,24,0
293,992,-0.0226928895612708,0.0005025491270258222,70,0
710,6453,0.022680412371134,0.0006329530622724192,22,0
345,1646,-0.0226757369614512,0.0013755546397045974,39,0
178,8854,0.0226693114196656,0.0006811324907237637,66,0
964,2062,0.0226244343891402,0.00033059889259697553,42,0
314,2970,0.0225733634311512,0.00013052069570462056,26,0
678,11884,0.0225498699045967,0.00010073903475882516,38,0
366,2034,0.0225464190981432,0.0003084071055065181,39,0
366,13687,0.0225464190981432,0.00010073903475882516,25,0
342,1936,0.0225140712945591,0.0003485883105479632,36,0
604,1646,0.0225118483412322,0.0005542130282058541,50,0
1369,9963,0.0224948875255623,0.00017674609188179867,26,0
1369,13596,0.0224948875255623,0.0004930744525765437,27,0
455,1836,0.0224719101123595,0.0001224348445569975,22,0
934,20218,0.0224032586558044,0.00012219001699116826,33,0
2457,4514,0.0224032586558044,0.00015213471340113174,34,0
759,3160,-0.0223896027174715,0.00012063634189838932,58,0
759,3160,-0.0223896027174715,0.00012063634189838932,58,0
717,1773,0.022354694485842,0.0010535510185978032,71,0
69,4970,0.0223376623376623,0.0022376237280282703,61,0
545,10925,0.0223048327137546,0.0011110116944213436,34,0
478,1352,-0.0222222222222222,0.00019772248127924026,33,0
126,2060,0.0221923335574983,0.0012378123825002557,54,0
203,1396,-0.0221248665040029,0.0009233178635816976,69,0
203,1396,-0.0221248665040029,0.0009233178635816976,69,0
617,13137,0.02210433244916,0.00010070437516045453,27,0
1337,10282,0.0220883534136546,0.0001510156428560027,49,0
203,7401,0.0220858895705521,0.00020872339039387116,37,0
1072,2098,0.0220492866407263,0.0005136568526349103,71,0
1072,14049,0.0220492866407263,0.00010073903475882517,46,0
1303,20924,0.0220264317180616,0.0012820586472029444,27,0
853,12662,0.0219895287958115,0.00032970156895550555,30,0
46,582,0.0219642296830875,0.00015192473085236125,24,0
306,397,0.0219629375428963,0.00016575182775631405,28,0
306,397,0.0219629375428963,0.00016575182775631405,28,0
51,233,-0.0219378427787934,0.00076624945464624,79,0
16,31,-0.02192543470206,0.0002547021456463981,64,0
16,31,-0.02192543470206,0.0002547021456463981,64,0
311,1649,0.0219072164948453,0.00026933233905352804,22,0
17,2649,0.0219066937119675,0.00015110034328599207,37,0
17,10822,0.0219066937119675,0.0002830483400467528,39,0
655,4098,-0.0218550106609808,8.896260961586886e-05,30,0
655,4098,-0.0218550106609808,8.896260961586886e-05,30,0
648,2004,0.0218289085545722,0.0010518434031820234,54,0
448,2144,0.0218066250125502,0.0002425434866488904,77,0
448,2144,0.0218066250125502,0.0002425434866488904,77,0
2570,2794,-0.0217864923747276,0.00020145617924499518,34,0
2794,9788,0.0217864923747276,9.743494135867748e-05,33,0
2794,4594,0.0217864923747276,0.00034215046527791645,38,0
1065,4755,0.0217842323651452,0.0017026274752826773,96,0
367,1287,0.0217391304347826,0.0002993253261382967,23,0
678,830,0.0216825672159583,0.00012512435608089592,53,0
774,1633,-0.0216656168153034,0.00012801628516164677,29,0
774,1633,-0.0216656168153034,0.00012801628516164677,29,0
839,976,0.0216486261448792,0.000965298904383956,69,0
1124,1902,-0.0216322517207472,0.0007001624248555451,45,0
592,4485,0.0216284987277353,0.00025943706055025644,23,0
774,870,-0.0215827338129496,0.00010209085261284673,22,0
774,870,-0.0215827338129496,0.00010209085261284673,22,0
897,9057,0.0215827338129496,0.00012554328286556389,27,0
45,13165,0.0215425094556816,8.652951572557963e-05,145,0
2174,2600,0.0215384615384615,0.00010218497398407951,42,0
2174,4326,0.0215384615384615,0.00019516538458614558,41,0
1773,13366,0.021505376344086,0.0003414920901059704,54,0
483,19297,0.0214917825537294,0.00012033279026752377,39,0
1202,2144,-0.0214899713467048,0.00023774547318845457,72,0
1435,2144,-0.0214899713467048,0.0001702166335547646,70,0
283,2103,0.0214861235452103,0.0011652999491740016,44,0
357,3030,0.0214669051878354,0.0001245802831956546,28,0
434,6308,0.0213740458015267,0.0001944488266019752,29,0
434,10245,0.0213740458015267,0.00013699812512578917,25,0
73,1226,0.0213631739572736,0.0013896681029872036,44,0
300,1601,0.0213577421815408,0.00024346164573955261,56,0
1320,6901,0.0213414634146341,0.0005681121883143132,51,0
1320,1534,0.0213414634146341,0.008431682308258694,70,0
1320,19294,0.0213414634146341,0.0013318653666263666,48,0
175,8369,0.02133436772692,0.00010073903475882516,48,0
463,1113,-0.021321961620469,0.00036045880848664707,32,0
886,21810,0.0213143872113676,0.00018574062116916387,30,0
1328,7619,0.0212765957446808,0.00010073903475882516,30,0
366,3434,0.0212201591511936,0.00032268327924343717,29,0
1936,2399,0.0211640211640211,8.402864820399226e-05,29,0
512,1743,-0.0211100460997763,0.0001307845617559694,39,0
512,1743,-0.0211100460997763,0.0001307845617559694,39,0
72,1328,0.0211019929660023,0.0006585775687055279,39,0
1337,7737,0.0210843373493975,0.001904743293947006,49,0
755,2749,0.021067415730337,8.59382074816326e-05,36,0
168,755,-0.021067415730337,0.00013516652128603565,49,0
765,868,-0.0210656753407682,0.0007234174577889309,29,0
595,4831,0.0210325047801147,0.00036825687671368485,44,0
1262,1573,-0.0210273046491421,0.00014618992896100254,46,0
1262,1573,-0.0210273046491421,0.00014618992896100254,46,0
79,3489,-0.0209424083769633,0.00176383584963819,79,0
3489,7208,0.0209424083769633,0.0001479844555374254,47,0
1417,3489,-0.0209424083769633,0.00023206271387819967,54,0
1022,3489,-0.0209424083769633,0.0005117215643839927,59,0
887,3489,-0.0209424083769633,0.0012583995282324325,70,0
63,3489,-0.0209424083769633,0.0004863698796480133,72,0
384,17440,0.0209205020920502,0.00020145617924499518,30,0
308,331,-0.0207796988952926,0.00010359274004782346,68,0
308,331,-0.0207796988952926,0.00010359274004782346,68,0
1863,5073,0.0207468879668049,0.000520081703328191,42,0
232,1260,0.0207468879668049,0.00010974611546844821,101,0
182,4909,0.020727641687201,9.943117247931221e-05,105,0
1616,5405,0.0207253886010362,0.00023220805023650576,40,0
1616,11523,0.0207253886010362,0.00033721949243808736,39,0
1616,4211,0.0207253886010362,0.00023556412754780273,39,0
371,16175,0.0206753962784286,0.00015110034328599207,29,0
1053,6621,0.0206659012629161,0.0015912591679657963,28,0
481,584,0.0206119162640901,0.0011303521200810138,81,0
636,9883,0.0206022187004754,8.371705472988741e-05,32,0
119,140,-0.0205732778548312,0.000724296230518499,96,0
411,12023,0.0205128205128205,0.00029811963674693714,106,0
1498,7182,0.0204081632653061,9.713221846994789e-05,38,0
80,14269,0.0203875656035526,0.00013583363342510309,94,0
811,9010,0.0203592814371257,0.00012909517128930457,31,0
34,341,-0.0203562340966921,0.0004648520938900445,81,0
359,927,-0.0203443928485858,0.00035450868378136667,51,0
359,927,-0.0203443928485858,0.00035450868378136667,51,0
762,2532,0.0203045685279187,0.0009844921495574675,63,0
762,3771,0.0203045685279187,8.556562088783203e-05,60,0
96,2954,0.0202854996243426,0.0007030011891071614,22,0
2048,3419,0.0202586206896551,0.0003357473373511778,34,0
2048,3419,0.0202586206896551,0.0003357473373511778,34,0
1352,2286,0.0202020202020202,0.00010073903475882516,26,0
94,1352,-0.0202020202020202,0.000235394501069432,31,0
80,1702,0.0201857085183689,0.0002234146745983458,97,0
214,411,-0.0201709401709401,0.00010196426692671005,106,0
140,4233,0.0201109570041608,0.0001578831362163942,89,0
648,10185,0.0200589970501474,0.00010073903475882516,43,0
559,921,0.0200364298724954,0.0008205560583744424,159,0
839,9042,0.0199833472106577,0.00015108392558150073,54,0
149,1125,0.0199764982373678,0.00017025799970693658,39,0
148,2328,0.0199501246882793,0.0021932391121389973,27,0
678,867,0.0199479618386817,0.0001653206480461807,56,0
151,1352,0.0199203187250996,0.00015174596627417705,33,0
839,1429,0.0198742427287605,0.00029406326571265534,73,0
839,1429,0.0198742427287605,0.00029406326571265534,73,0
5006,14421,0.0198675496688741,0.0003884481497472991,50,0
5006,22349,0.0198675496688741,0.00022216896693728173,49,0
5006,11592,0.0198675496688741,0.00010073903475882516,49,0
4186,5006,-0.0198675496688741,0.0004076143366183261,56,0
424,2803,0.019841443651176,0.0001103694651213675,24,0
424,2803,0.019841443651176,0.0001103694651213675,24,0
1320,5154,0.0198170731707317,0.0006275105165967887,65,0
171,1396,0.0198123044838373,0.0009094827195286415,55,0
93,15710,0.0198019801980198,0.00015110034328599207,46,0
340,4590,0.0197926484448633,0.0004531532705175542,30,0
525,10516,0.0197869101978691,0.00010073903475882516,34,0
38,1407,-0.0197271992886491,0.0001226822764350735,78,0
38,1407,-0.0197271992886491,0.0001226822764350735,78,0
1773,5017,0.0197132616487455,0.0002973681149780728,51,0
1320,2312,-0.0197119428090832,0.0009904158352370684,57,0
1320,2312,-0.0197119428090832,0.0009904158352370684,57,0
1065,6357,0.0197095435684647,0.00010073903475882512,75,0
45,99,-0.0197044334975369,0.0005119408071672395,153,0
223,14848,0.0197005516154452,0.0002534838463536351,51,0
921,1065,-0.0196753552882072,0.010623358735555378,218,0
921,1065,-0.0196753552882072,0.010623358735555378,218,0
755,3803,0.0196629213483146,0.00048027554812432144,39,0
309,886,0.0196335078534031,0.0009282583471342564,46,0
203,18543,0.0196319018404908,0.00015110034328599204,36,0
203,4228,0.0196319018404908,0.0013133797963863004,45,0
232,293,0.0196152395322519,0.00011143138104405422,105,0
964,5503,0.0196078431372549,0.00025217540764576495,27,0
230,964,-0.0196078431372549,0.0006833481192432046,32,0
1092,5112,0.0195694716242661,0.00010073903475882516,26,0
1092,20041,0.0195694716242661,8.747321146601562e-05,26,0
83,682,0.0195360195360195,0.000960391477802518,34,0
921,15029,0.0195143104943625,0.00014635430150783466,150,0
461,762,-0.0194511589181639,0.0011511324298610532,75,0
461,762,-0.0194511589181639,0.0011511324298610532,75,0
365,10324,0.019400352733686,0.00018623463579132483,26,0
13,4309,0.0193500738552437,0.00019201673605230685,74,0
73,1854,0.0193285859613428,0.0013186938338349617,37,0
296,2279,0.0193050193050193,0.00035533120718171673,42,0
296,4686,0.0193050193050193,0.0002542349932970939,39,0
178,9379,0.0192689147067157,0.00023505994163027533,62,0
36,177,0.0192460317460317,0.00029944530824769795,58,0
832,3489,-0.019197207678883,0.0003583774405863745,52,0
633,3489,-0.019197207678883,0.00015801698954662013,68,0
1044,3489,-0.019197207678883,0.00031946697872812954,56,0
43,2060,0.0191952750092284,0.000814048609538979,62,0
1223,4715,0.0191387559808612,0.00010073903475882516,36,0
182,14209,0.0191332077112625,0.00012555908449224913,106,0
595,1118,0.0191204588910133,0.0010899878188838257,49,0
678,17668,0.0190806591500433,0.00041185250486612166,40,0
1337,18601,0.0190763052208835,0.0003663187057467316,45,0
300,5417,0.01906941266209,0.0004948577249921862,43,0
6,481,-0.0190016103059581,0.006606836521841177,87,0
1616,8000,0.0189982728842832,0.00010073903475882517,37,0
1616,1751,0.0189982728842832,0.0002277874224992419,40,0
1616,6983,0.0189982728842832,0.0001511003432859921,38,0
177,249,-0.0189873417721519,0.0004631855451188225,48,0
483,18495,0.0189633375474083,0.00019514231807375278,38,0
438,759,-0.0189189189189189,0.00012774531604403173,61,0
223,4274,0.0189125295508274,0.00020145617924499518,53,0
1842,4286,0.0187617260787992,9.274826184551066e-05,60,0
210,3753,0.0187096774193548,0.0005473877532658901,27,0
1902,18764,0.0186823992133726,0.00012808772211518878,39,0
1065,2737,0.0186721991701244,0.00023028684160513442,81,0
10,7086,0.0186426476749057,0.001967599837353492,46,0
227,9793,0.0185922974767596,8.818562163240351e-05,36,0
617,5054,0.0185676392572944,0.00021925124862647675,30,0
453,2101,0.0184757505773672,0.006832024964491262,66,0
2174,7571,0.0184615384615384,0.0001043202387625585,40,0
2174,2184,0.0184615384615384,0.0006714760219797128,46,0
697,17679,0.0184381778741865,0.0003520207849913428,28,0
697,14306,0.0184381778741865,0.0009735267694675324,34,0
697,8843,0.0184381778741865,0.00010073903475882516,28,0
1320,1582,-0.0184162062615101,0.0015084265940537387,68,0
224,16217,0.0183823529411764,9.849975052962477e-05,22,0
1320,7148,0.0182926829268292,0.00038465753448543974,50,0
347,16418,0.0182795698924731,8.771349412549729e-05,23,0
568,595,0.0182608695652173,0.0002733657411782818,80,0
1407,6686,0.0182370820668693,0.00017513702190834101,51,0
678,7409,0.018213356461405,0.00016347012935567852,40,0
921,6020,0.018213356461405,0.0025737812799342045,151,0
5006,7399,0.0182119205298013,0.0002806535805407273,51,0
5006,15402,0.0182119205298013,0.00041506841068954546,51,0
5006,16814,0.0182119205298013,0.0002001396698582737,50,0
5006,12935,0.0182119205298013,0.00029408647338467455,52,0
5006,10859,0.0182119205298013,0.00022418349772947732,50,0
46,5198,0.0181989331659868,0.00012605030297492176,26,0
649,18259,0.0181488203266787,0.00046960150788918426,23,0
384,1457,0.0181311018131101,0.00011172971542018284,38,0
411,1435,0.0181196581196581,0.00023260816384459596,108,0
964,1019,0.0180995475113122,0.00010073903475882516,25,0
964,3165,0.0180995475113122,0.00029258306897048033,33,0
111,1407,0.0180859080633006,0.00015251271384537164,67,0
197,296,-0.018018018018018,0.0010088440092394194,39,0
1818,21572,0.0180032733224222,0.00014354815116610542,27,0
1818,9131,0.0180032733224222,9.633268531047216e-05,28,0
1818,10712,0.0180032733224222,0.0007476800583141898,28,0
66,897,-0.0179856115107913,0.0004343041036263417,33,0
655,897,-0.0179856115107913,0.00025533604054483403,32,0
461,1365,-0.0179815209665955,9.106327112675601e-05,30,0
461,1365,-0.0179815209665955,9.106327112675601e-05,30,0
38,760,0.0179732313575525,9.14820959756758e-05,43,0
16,9646,0.0179704016913319,0.00010073903475882516,49,0
80,1002,0.0179652805813484,0.0005194574949541896,103,0
1773,25440,0.017921146953405,0.00010073903475882513,49,0
357,11867,0.0178890876565295,0.0016225894351864557,27,0
717,6819,0.0178837555886736,0.0003478291569145724,31,0
52,308,-0.0178500595001983,9.946459901636928e-05,63,0
372,2151,0.0178459611772072,0.00017994377571450848,97,0
759,3957,0.0178378378378378,0.00024093711597501316,54,0
604,16194,0.0177725118483412,0.0008202583700435332,39,0
762,2003,0.0177664974619289,0.0001418828753640671,63,0
886,10716,0.0177619893428063,0.00030375694505410244,35,0
187,1414,0.0177514792899408,0.0008999369044920227,30,0
67,1198,0.017743861574434,0.00010181160678876624,45,0
67,1198,0.017743861574434,0.00010181160678876624,45,0
112,10289,0.017725258493353,0.00010073903475882516,33,0
100,1936,0.0176870748299319,0.000498596003664092,34,0
69,9714,0.0176623376623376,0.0006262467348296376,46,0
365,7382,0.0176366843033509,0.0002518065426358345,24,0
79,396,-0.0176366843033509,0.0004646602995682758,50,0
339,1065,-0.0176348547717842,0.0007645049934679817,88,0
1065,2699,0.0176348547717842,0.0007366971345599511,82,0
368,4228,0.0176282051282051,0.0005768292878074722,28,0
58,2144,0.0175740210124164,0.0002791312647876401,85,0
58,2144,0.0175740210124164,0.0002791312647876401,85,0
45,1141,0.0175135668475579,9.883909975958085e-05,148,0
1676,1842,-0.0175109443402126,0.00011773669163891728,63,0
175,15051,0.0174553917765709,0.0002740075352627639,47,0
709,3489,-0.0174520069808027,0.0002527994030861877,62,0
366,3489,-0.0174520069808027,0.00206013185053262,66,0
675,3489,-0.0174520069808027,0.0005312237969233828,56,0
1108,3489,-0.0174520069808027,0.0003672644619207587,53,0
301,1198,0.0174239836009566,0.0002675276543351044,150,0
1345,4633,0.0173028661999735,9.808885675912054e-05,40,0
1345,4633,0.0173028661999735,9.808885675912054e-05,40,0
759,1073,0.0172972972972972,0.0011079146060247163,57,0
759,8282,0.0172972972972972,8.38371902180442e-05,52,0
1616,5919,0.0172711571675302,0.00016437618918961798,40,0
1616,4026,0.0172711571675302,0.0005285967270813567,40,0
1616,11339,0.0172711571675302,0.00042305522410950676,40,0
182,696,0.0172488766487896,0.00015777617609144195,110,0
67,7093,0.0172375195880904,0.00017259032091745076,38,0
514,1851,0.0172298156756631,8.005351720631211e-05,42,0
514,1851,0.0172298156756631,8.005351720631211e-05,42,0
141,2566,0.0172294968986905,0.00026483962383399054,74,0
1493,2144,-0.0171919770773638,0.0001634000667528711,68,0
203,16606,0.0171779141104294,0.0010562193370295607,36,0
13,34,0.0171344165435745,0.0016012582639534523,133,0
727,14116,0.0170842824601366,0.00017642216075154378,31,0
481,3822,0.0170692431561996,0.0007632716204969241,74,0
1337,12589,0.0170682730923694,0.00032876638166026847,47,0
225,411,-0.0170485773017418,0.0003865477824316252,115,0
225,411,-0.0170485773017418,0.0003865477824316252,115,0
384,762,-0.0170248992913224,0.00016296134439666344,82,0
384,762,-0.0170248992913224,0.00016296134439666344,82,0
166,2472,0.0170178282009724,0.0012673217987888427,34,0
1352,2948,0.0169918361699183,0.0001395812780287535,35,0
1352,2948,0.0169918361699183,0.0001395812780287535,35,0
232,8117,0.0169747265182949,0.00018375266492636765,62,0
1436,2144,0.0169422465234878,0.00017496654365498825,73,0
1436,2144,0.0169422465234878,0.00017496654365498825,73,0
140,2566,0.0168747110494683,0.0007153693447316529,109,0
140,1020,0.0168747110494683,0.00025985501830581777,98,0
2704,5156,-0.0168533656272075,0.00039070556196826476,37,0
2704,5156,-0.0168533656272075,0.00039070556196826476,37,0
436,1233,0.0168302945301542,8.231854997914103e-05,31,0
1320,5404,0.0167682926829268,0.0003979542599048229,51,0
1325,1773,-0.0167658994638466,0.00019177312940870468,63,0
1325,1773,-0.0167658994638466,0.00019177312940870468,63,0
759,782,0.0167567567567567,0.00034378733069419503,66,0
853,1665,0.0167539267015706,0.00037548312465944094,37,0
384,11830,0.0167364016736401,0.00010391917795540645,32,0
296,2540,0.0167310167310167,0.00037022593376513494,45,0
296,13625,0.0167310167310167,0.00010073903475882517,35,0
123,1407,-0.0167173252279635,0.0003501960453009271,68,0
59,2034,0.0166741775574583,0.0001514414515489342,48,0
839,12559,0.0166527893422148,0.0001160132216138499,53,0
887,4336,0.0165912518853695,9.789877606490361e-05,35,0
81,867,0.016564952048823,0.0003361571680310981,44,0
5006,8302,0.0165562913907284,0.00016405815310240873,50,0
5006,25352,0.0165562913907284,0.00010073903475882516,49,0
5006,17805,0.0165562913907284,0.001357806688923247,49,0
5006,5131,0.0165562913907284,0.00010431798468029966,51,0
568,2528,0.0165217391304347,0.00012427482651780912,62,0
568,11454,0.0165217391304347,0.00016219087305686372,52,0
1396,8854,0.0165184243964421,0.001266885984997971,43,0
258,7837,0.0164670658682634,0.0002052818956720462,35,0
319,8297,0.016453382084095,0.0001156935749406901,39,0
717,5273,0.0163934426229508,0.00038006908225880656,32,0
1498,5868,0.0163265306122449,0.0003481428020506543,38,0
759,2848,0.0162162162162162,0.00012792657998929427,53,0
223,5180,0.016154452324665,0.00014982272973127134,52,0
178,14687,0.0161518843865117,0.00010073903475882516,60,0
1337,20046,0.0160642570281124,0.00014649607235225155,47,0
1337,12160,0.0160642570281124,0.0001510149712226371,47,0
300,8681,0.0160183066361556,9.513842722748045e-05,41,0
372,4097,0.0159674389480275,0.00040820624735444665,102,0
51,168,-0.0159550328341234,0.00037016899277110673,65,0
51,168,-0.0159550328341234,0.00037016899277110673,65,0
203,5456,0.0159509202453987,0.00026806356966641297,41,0
203,12735,0.0159509202453987,0.00020145617924499518,36,0
135,11857,0.0159474671669793,0.00010073356219066137,25,0
80,4477,0.0159467097295115,0.0013168901280872006,98,0
227,2060,0.0159362549800796,0.00046802163727588327,64,0
224,1396,0.0159313725490196,0.0005594658208040448,54,0
366,11252,0.0159151193633952,0.0002518065426358345,25,0
762,4862,-0.0159040280465982,0.00048524536040194595,75,0
762,4862,-0.0159040280465982,0.00048524536040194595,75,0
7,1619,0.0158940397350993,0.00039627833857721435,33,0
564,2034,0.0158227848101265,9.229058477220006e-05,33,0
405,991,-0.0157593123209169,0.0005390956004473115,55,0
2144,7018,0.0157593123209169,0.00010073903475882516,65,0
1902,5807,0.015732546705998,0.00015110034328599207,40,0
321,7788,0.0157068062827225,0.0001509986903323499,37,0
372,9686,0.0156543519098309,8.063780626679316e-05,94,0
372,7813,0.0156543519098309,0.00025377105820353777,92,0
232,1842,-0.0156347717323327,9.180588153483319e-05,111,0
921,7006,0.01561144839549,9.920356138056788e-05,148,0
1072,11741,0.0155642023346303,0.00011318369683624298,48,0
1072,13318,0.0155642023346303,0.00010699817767409631,47,0
1072,12363,0.0155642023346303,9.741371097236849e-05,47,0
1065,2174,0.0155601659751037,0.0064080122284167545,108,0
1065,1802,0.0155601659751037,0.0013246429848017241,79,0
628,1407,0.0155586987270155,0.00011759551839986351,66,0
175,12459,0.0155159038013964,0.00010069251792943304,49,0
50,9585,0.0155131264916467,0.0002455034934304218,26,0
43,63,0.0155038759689922,8.326746889946381e-05,61,0
140,3040,0.0154877484974572,0.00023096878240052012,98,0
265,481,-0.0154589371980676,0.000430080062791718,81,0
516,675,-0.0154512787994081,9.6298788636787e-05,31,0
516,675,-0.0154512787994081,9.6298788636787e-05,31,0
195,296,-0.0154440154440154,8.350656755766665e-05,39,0
20,296,-0.0154440154440154,0.0004381128960171409,44,0
130,11768,0.0154291224686595,0.00010073903475882516,23,0
604,4074,0.0154028436018957,0.0002761959940251683,40,0
604,3650,0.0154028436018957,0.00045073958861340327,41,0
2174,2673,0.0153846153846153,0.0008458766858976759,47,0
2174,5666,0.0153846153846153,0.0002669182972129923,38,0
80,11057,0.0153411384739604,0.00010627084450496453,95,0
75,300,0.0153389411182582,0.0013278327143705056,77,0
300,2830,-0.015304741517187,0.0002777976381731633,57,0
300,2830,-0.015304741517187,0.0002777976381731633,57,0
178,527,0.0153017852082742,0.0002323543599866479,71,0
360,2004,-0.0152918327711336,0.0001122354412109979,38,0
360,2004,-0.0152918327711336,0.0001122354412109979,38,0
33,227,-0.0152722443559096,0.0001883433608343893,60,0
434,6504,0.015267175572519,0.00015110034328599207,27,0
592,2673,0.015267175572519,0.0007681890520835228,29,0
300,1579,0.015255530129672,0.000848280259663252,54,0
1320,2566,0.0152439024390243,0.002672454193049577,72,0
1320,16455,0.0152439024390243,0.0004219417044999097,47,0
1320,7086,0.0152439024390243,0.0024627318135024556,57,0
455,1868,-0.0152289717534356,0.00013089832863862652,34,0
455,1868,-0.0152289717534356,0.00013089832863862652,34,0
494,4440,0.015228426395939,0.00015314228202841892,24,0
54,523,0.015228426395939,0.0002421180534105387,31,0
16,235,0.0152219873150105,0.00016910841399042493,57,0
13,124,0.0152141802067946,0.0008103443773500032,85,0
921,1407,-0.0151975683890577,0.008124380947255108,192,0
1407,1562,0.0151975683890577,0.0002601028294106033,60,0
697,2673,0.0151843817787418,0.002005643491183989,38,0
921,7585,0.0151777970511708,8.705927149604238e-05,151,0
359,6168,0.015174506828528,0.000742916795635954,27,0
483,12757,0.0151706700379266,0.00010073903475882516,37,0
141,682,0.0151619572708476,0.00017970868784775135,70,0
371,976,0.0151619572708476,0.0010608067000107205,48,0
51,9412,0.0151567344126765,0.00011939519671007754,52,0
1072,1262,0.015149709596025,0.001795055456855028,74,0
1072,1262,0.015149709596025,0.001795055456855028,74,0
514,759,-0.0151351351351351,0.00027171241547129784,63,0
1337,20709,0.0150602409638554,0.00025748239789554975,45,0
411,484,0.015042735042735,0.00014331508935730455,110,0
411,2695,0.015042735042735,0.00010073903475882516,103,0
13,89,-0.015015015015015,0.0001858276566070365,74,0
51,384,-0.0150145259244632,0.00045645049038902876,76,0
51,384,-0.0150145259244632,0.00045645049038902876,76,0
717,13364,0.014903129657228,0.00010073903475882513,26,0
545,1320,0.0148698884758364,0.0007995723394678989,74,0
1063,2458,-0.0148333433789403,0.00018069091327347004,33,0
1063,2458,-0.0148333433789403,0.00018069091327347004,33,0
481,15022,0.0148148148148148,0.00016590398040660346,72,0
727,1020,0.0148063781321184,0.00017811125800251855,44,0
662,16052,0.0147408464098906,0.00010073903475882516,45,0
203,3887,0.014723926380368,0.0006800955976657336,46,0
203,20032,0.014723926380368,0.0004527045199281244,36,0
203,7737,0.014723926380368,0.0013498706399905891,40,0
232,568,0.0147114296491889,0.00012074014462195018,102,0
224,9002,0.0147058823529411,0.00038867099192500993,24,0
411,1640,0.0147008547008547,0.00037891693739794565,111,0
56,9422,0.0146842878120411,9.587989783382303e-05,31,0
308,777,0.0146767155890519,0.00026100996683854383,82,0
568,2116,-0.0146508563899868,8.177487727503382e-05,72,0
568,2116,-0.0146508563899868,8.177487727503382e-05,72,0
1262,15416,0.014647137150466,0.0003039368172543187,33,0
319,7878,0.0146252285191956,0.00010069251792943304,39,0
171,7752,0.0145985401459854,0.00015110034328599207,22,0
33,15188,0.0145934676858929,0.0005034762710675746,28,0
224,347,0.0145635673624288,0.0002925319030777341,39,0
224,347,0.0145635673624288,0.0002925319030777341,39,0
226,6842,0.0145495243424734,0.00015314937899685034,57,0
69,8492,0.0145454545454545,0.0009101694952142705,50,0
1065,1970,0.0145228215767634,0.002202466371930921,79,0
183,3499,0.0144774011299435,0.00042615748450999525,60,0
178,14832,0.0144516860300368,0.00014580537374940292,62,0
21,1907,0.0144430844553243,0.00023207661859379558,70,0
59,2002,0.0144209103199639,0.0006237752903391122,39,0
33,43,-0.0143964562569213,0.00010401869335742983,58,0
799,925,0.0143815915627996,0.00046432474385116665,40,0
341,522,-0.0143790849673202,0.00024275827596544124,33,0
411,2039,0.0143589743589743,0.000520311242460854,113,0
67,8477,0.0143272890082829,0.0004028247973993699,34,0
2144,14989,0.0143266475644699,8.216698677098057e-05,65,0
1386,2144,-0.0143266475644699,9.816564119197058e-05,71,0
2144,5911,0.0143266475644699,9.87486265999415e-05,68,0
1358,12935,0.0142857142857142,8.72204818725204e-05,31,0
348,4633,0.0142857142857142,0.0006508475946586254,63,0
1072,11503,0.0142671854734111,0.00034431997834589393,48,0
73,9424,0.0142421159715157,0.00012695957319981777,26,0
604,2788,0.0142180094786729,0.00032423193993740283,44,0
296,3100,0.0141570141570141,0.00022404589096687406,36,0
284,4098,0.0141500290754022,0.00017328156487817894,32,0
284,4098,0.0141500290754022,0.00017328156487817894,32,0
38,12935,0.0141491395793499,0.00020987884919362537,36,0
51,11136,0.0141233207027213,0.0004556563191263393,52,0
179,2034,0.0140977443609022,8.329051097478112e-05,39,0
372,2427,0.0140889167188478,0.000622752285290426,92,0
364,746,0.0140845070422535,0.00036340414573465807,46,0
318,5586,0.0140646976090014,0.0012538614034527948,27,0
8,14253,0.0140643312931371,0.002186507248819961,36,0
101,227,-0.0140525334371551,0.00042405016104666524,80,0
101,227,-0.0140525334371551,0.00042405016104666524,80,0
376,19906,0.0140350877192982,0.00014053301270178307,24,0
299,301,0.0140332753076176,0.00011544960053384238,145,0
299,301,0.0140332753076176,0.00011544960053384238,145,0
79,1601,0.014025974025974,0.0002781749469420793,55,0
411,8768,0.014017094017094,0.00010073903475882516,103,0
411,15236,0.014017094017094,9.621762264784033e-05,103,0
45,1842,-0.0139827463699099,0.0003623189280645572,199,0
45,1842,-0.0139827463699099,0.0003623189280645572,199,0
1396,4854,0.013977128335451,0.000632823384528003,43,0
751,1396,-0.013977128335451,0.00021823843023569822,44,0
594,1396,-0.013977128335451,0.00041473254051982845,44,0
1396,3506,0.013977128335451,0.0001276569271132303,40,0
75,1407,0.013960557008553,0.000159072966878409,87,0
75,1407,0.013960557008553,0.000159072966878409,87,0
494,3455,0.0139593908629441,0.00018563298844834425,30,0
762,4459,0.0139593908629441,0.00039309700525841466,59,0
494,2481,0.0139593908629441,0.0001530511962685538,26,0
453,13673,0.0138568129330254,0.00010073903475882516,27,0
453,9498,0.0138568129330254,0.000136450638925814,28,0
453,5740,0.0138568129330254,0.004303131966424791,30,0
101,1407,0.0137905929173301,0.00045413696017583847,93,0
101,1407,0.0137905929173301,0.00045413696017583847,93,0
141,1138,0.0137835975189524,9.411001807906446e-05,63,0
155,3800,0.0137807070101857,0.00017110805249265646,33,0
1053,6545,0.0137772675086107,0.0010181448734517423,28,0
1010,5559,0.0137681159420289,0.000526193045728427,25,0
1010,5559,0.0137681159420289,0.000526193045728427,25,0
147,3993,0.0137457044673539,0.00036758296125581386,43,0
13,4187,0.0137370753323485,0.0003929800956849424,82,0
56,8140,0.0137053352912383,9.689702095484583e-05,33,0
525,15989,0.0136986301369863,0.002061915957095879,35,0
411,1114,0.0136752136752136,0.00016215807591333636,109,0
727,6414,0.0136674259681093,0.00020376558023880168,31,0
11,6797,0.0136363636363636,0.0002896181247326055,70,0
868,7409,0.01363073110285,0.0001292770489067729,26,0
545,8117,0.01363073110285,0.00018453774620782724,37,0
178,13626,0.0136015868517993,0.00012010352991291011,64,0
40,467,-0.0135135135135135,0.00045740391225822913,50,0
104,19453,0.0135027799841143,0.00012589916689179445,23,0
203,3997,0.0134969325153374,0.0009887942519740483,46,0
9,15038,0.0134892086330935,0.0003671305417202018,26,0
7228,7432,0.0134453781512604,1.3681420409444963e-09,6,1
7228,7432,0.0134453781512604,1.3681420409444963e-09,6,1
921,6121,0.0134431916738941,0.0003524908517130219,149,0
53,12935,0.0134345794392523,8.736966092272018e-05,30,0
839,1328,0.0134178964338228,0.0005389140445133299,76,0
839,1328,0.0134178964338228,0.0005389140445133299,76,0
93,140,-0.0134073046694405,0.000509986064922374,125,0
762,13007,0.0133248730964467,0.002601699448591987,58,0
1262,8574,0.0133155792276964,0.00033431411692893376,36,0
293,2783,0.0132856412876852,9.29464946287525e-05,66,0
366,22750,0.013262599469496,0.00018279839753424914,25,0
366,23993,0.013262599469496,0.0003800356046769744,26,0
11,1619,0.0132575757575757,0.0001162584883305807,78,0
75,357,-0.013245537243558,0.00012444723099131104,59,0
75,357,-0.013245537243558,0.00012444723099131104,59,0
73,7696,0.0132248219735503,0.0012020550747409394,29,0
73,14473,0.0132248219735503,0.0014928365349667044,26,0
140,499,0.0131761442441054,0.00025976458176947396,109,0
1842,9494,0.0131332082551594,0.00010073903475882516,58,0
7,113,0.0131148019668991,0.0001400140462381545,27,0
7,113,0.0131148019668991,0.0001400140462381545,27,0
80,448,-0.0130973147022689,0.0005796461053741843,106,0
80,448,-0.0130973147022689,0.0005796461053741843,106,0
36,10050,0.013095238095238,9.822368385276617e-05,37,0
371,7773,0.0130944176430048,0.00015901865534479387,29,0
124,738,-0.0130855261812754,8.196667663478014e-05,31,0
124,738,-0.0130855261812754,8.196667663478014e-05,31,0
1337,19562,0.0130522088353413,0.00010073903475882516,45,0
1337,6454,0.0130522088353413,0.00010073903475882516,45,0
604,2586,0.0130331753554502,0.0003187829493907627,44,0
46,655,0.0130216504549733,0.00035510633922529005,27,0
697,12578,0.0130151843817787,0.0006363918039186793,30,0
348,1438,0.013014852243148,0.0002557713790252731,46,0
348,1438,0.013014852243148,0.0002557713790252731,46,0
38,79,0.0130019120458891,0.00020749400718140628,67,0
411,2142,0.0129914529914529,0.0002898913128079449,108,0
101,1072,-0.0129701686121919,0.001626421782812444,90,0
1072,1244,0.0129701686121919,0.00017842501637921514,61,0
1072,19101,0.0129701686121919,8.1364005689635e-05,46,0
210,1407,0.0129032258064516,0.00017306959703658042,68,0
30,14948,0.0128979143798024,0.00012578906479913422,41,0
1398,1797,0.0128877712501896,0.0001556952889567765,27,0
1398,1797,0.0128877712501896,0.0001556952889567765,27,0
700,2768,0.0128755364806866,0.0002890980522556573,35,0
53,75,-0.0128649183572488,0.0001409300120132047,65,0
511,662,-0.0128388017118402,0.00014589771934335824,51,0
233,899,0.0127970749542961,0.0004143210717068066,41,0
178,7039,0.0127514876735619,0.00015110034328599207,62,0
178,563,0.0127514876735619,0.00011720052450627183,73,0
178,12564,0.0127514876735619,0.00010073903475882516,60,0
592,4970,0.0127226463104325,0.0015437567044653147,36,0
80,4045,0.0127169963665724,0.00010073903475882516,95,0
104,19984,0.0127084988085782,0.001406442482461135,24,0
1396,5231,0.0127064803049555,0.0003537859677824851,38,0
961,1396,-0.0127064803049555,0.00039488675293302707,47,0
1396,22477,0.0127064803049555,0.00013372211692487337,39,0
1396,19494,0.0127064803049555,0.000226869434404755,38,0
453,13766,0.0127020785219399,0.00024407347125301256,28,0
487,762,-0.0126903553299492,0.00029170847327718335,86,0
762,13689,0.0126903553299492,0.00010073903475882516,56,0
247,411,-0.0126495726495726,0.0005457698906391119,116,0
301,5016,0.0126409292791253,0.00012443848893165465,142,0
301,3136,0.0126409292791253,0.00012482392941802391,142,0
301,2362,0.0126409292791253,0.00019591181034556322,141,0
1053,8169,0.0126291618828932,0.00015110034328599207,23,0
223,2661,0.0126083530338849,0.00016093356303984805,54,0
223,9473,0.0126083530338849,0.00016467467174442434,52,0
921,2463,0.0125758889852558,0.0009366563668781953,169,0
921,2129,0.0125758889852558,0.004703579834972762,168,0
727,13402,0.0125284738041002,0.00010073903475882516,29,0
372,5664,0.0125234815278647,0.0004180339466261096,92,0
308,1167,-0.0125127698284133,0.00019221624743689136,79,0
308,1167,-0.0125127698284133,0.00019221624743689136,79,0
1842,7516,0.0125078173858661,0.0001682713855890406,62,0
148,1814,0.0124688279301745,0.0004492718039929984,33,0
1065,2048,0.0124481327800829,0.0007803752518811472,87,0
232,7713,0.0124481327800829,0.00019070205269826755,67,0
141,1881,0.0124052377670572,0.00016319039058848112,54,0
141,1328,0.0124052377670572,0.0001576460357360034,74,0
41,1645,0.0124045801526717,0.00025273404120687863,31,0
868,2795,0.0123915737298636,0.0010954990877569592,39,0
868,4504,0.0123915737298636,8.790384309545569e-05,27,0
868,14115,0.0123915737298636,0.00032223873998280276,26,0
545,21744,0.0123915737298636,0.00021912541408967043,32,0
549,963,-0.0123669077036952,0.00011183953727546138,28,0
549,963,-0.0123669077036952,0.00011183953727546138,28,0
182,4709,0.0123206261777069,0.00036395170279808096,116,0
11,13695,0.012310606060606,0.00010073903475882516,68,0
411,1073,0.0123076923076923,0.0006866608020944252,110,0
301,1499,0.0122992825418517,0.00012030395525511578,145,0
224,8360,0.0122549019607843,0.0007462329721322892,30,0
140,1429,0.0122515025427646,0.00027184373659398196,106,0
140,3206,0.0122515025427646,0.00019723396897946082,100,0
223,1493,0.012214342001576,0.00010291817861045578,54,0
73,10323,0.0122075279755849,0.00021544642205882802,25,0
73,4090,0.0122075279755849,0.00019593088016302038,25,0
300,12409,0.0122044241037376,0.000151100343285992,39,0
5,1407,0.0121731289449954,0.00012457428416685272,76,0
807,1077,-0.0121139600436694,0.00026623412879382653,29,0
807,1077,-0.0121139600436694,0.00026623412879382653,29,0
80,5608,0.0121114251110213,0.0008843634446753934,104,0
1337,12273,0.0120481927710843,0.0003439245216894435,49,0
811,12112,0.0119760479041916,0.0001074946354226773,31,0
411,463,0.0119658119658119,0.0002874041989626562,116,0
411,3159,0.0119658119658119,0.0005259998262904033,109,0
301,3752,0.011957635804578,0.00010070638176878127,140,0
227,1449,0.0119521912350597,0.0006925503840644852,47,0
481,556,0.0119162640901771,0.0007951921198355006,80,0
104,2907,0.011914217633042,0.00014653235165160578,30,0
217,3836,0.0119047619047619,0.00011337495905433916,27,0
217,1601,0.0119047619047619,0.0005123994381455556,40,0
372,504,0.0118973074514715,0.0003582271240305385,103,0
117,10045,0.0118938700823421,0.00019634259154407282,27,0
215,862,0.01187648456057,0.0002891143705001409,28,0
75,1892,0.0118753092528451,0.00042494526203717644,55,0
604,10118,0.0118483412322274,0.0005100002298053378,34,0
201,11218,0.0118279569892473,0.0007590214812429183,34,0
33,2838,0.0118137595552467,0.00018805914429052104,35,0
376,1039,-0.0118130692585121,0.00012821978037765735,32,0
376,1039,-0.0118130692585121,0.00012821978037765735,32,0
140,934,0.0117891816920943,0.0004348318175223325,109,0
1698,4633,0.0117715812322591,0.00046858059794606025,44,0
1698,4633,0.0117715812322591,0.00046858059794606025,44,0
29,5718,0.0117647058823529,0.00010073356219066137,27,0
101,1213,0.011756061719324,0.001168790398948823,49,0
293,1105,0.0117526826775677,0.00041316037880496925,85,0
45,678,-0.0117304792357239,0.00014252434427054357,179,0
45,678,-0.0117304792357239,0.00014252434427054357,179,0
371,7612,0.0117160578911095,0.00044812380847973713,33,0
371,12131,0.0117160578911095,0.0001282825854161371,29,0
93,18281,0.011648223645894,0.00018331799792787917,48,0
461,9675,0.0116402116402116,0.0006792858270274182,32,0
283,5636,0.0116383169203222,0.000983003319764396,39,0
411,6872,0.0116239316239316,0.0005408589333515485,105,0
301,2521,0.0116159890673044,0.00010071495545890454,142,0
301,3466,0.0116159890673044,0.00022163918493512904,143,0
203,455,-0.0116081891500654,0.000383817790398583,50,0
203,455,-0.0116081891500654,0.000383817790398583,50,0
372,5881,0.0115842204132748,0.00011563710542190873,92,0
6,11320,0.0115653577192038,0.00015376864501304922,22,0
453,7572,0.0115473441108545,0.0018479485578546393,29,0
453,13578,0.0115473441108545,0.0004192962211867974,27,0
80,397,0.0115058538554703,0.0008412085095324118,102,0
181,4179,0.0115027829313543,0.000322526292773839,47,0
617,7162,0.0114942528735632,0.00022025602927521444,29,0
1053,1618,0.0114810562571756,0.0002811469951552391,41,0
1071,2089,-0.011473220908956,0.0009510253200925122,32,0
1071,2089,-0.011473220908956,0.0009510253200925122,32,0
300,9733,0.011441647597254,9.442608259823856e-05,42,0
69,14948,0.0114285714285714,0.00011629382023233464,46,0
223,2774,0.0114263199369582,0.00010073903475882513,52,0
347,662,-0.0114122681883024,0.00037865994635181093,63,0
1065,13902,0.0114107883817427,0.0002611849065331716,77,0
1065,6535,0.0114107883817427,0.00041614689116695576,84,0
727,15859,0.0113895216400911,0.00018350525132873678,30,0
727,17022,0.0113895216400911,0.00013494883456377797,30,0
759,16745,0.0113513513513513,0.0001673823829845945,52,0
346,759,-0.0113513513513513,0.0002971019878463231,58,0
140,12760,0.0113268608414239,0.000103434884445066,87,0
36,672,0.0113095238095238,9.775108257542048e-05,44,0
921,7659,0.0112749349522983,0.0004386665426018846,151,0
301,12380,0.0112743423300307,0.00010626122262609953,141,0
42,481,-0.0112721417069243,0.00045699416790688036,88,0
839,2566,-0.0112661217692739,0.0004638420553869513,76,0
839,2566,-0.0112661217692739,0.0004638420553869513,76,0
7,12486,0.0112582781456953,0.00011822281286847454,24,0
648,16851,0.0112094395280235,0.00029889899863286967,42,0
73,3627,0.0111902339776195,0.0006139812401348559,32,0
42,9156,0.0111731843575419,0.00035249085171302195,23,0
2,12,-0.0111478117258464,0.00020376625461441207,95,0
405,411,0.011140839836492,0.0017015175583950102,126,0
405,411,0.011140839836492,0.0017015175583950102,126,0
181,1846,0.0111317254174397,0.0038626507976418593,55,0
13,13434,0.0110782865583456,0.0003087043446226078,70,0
112,7355,0.0110782865583456,9.434188107476996e-05,37,0
473,3716,-0.0110733849427316,0.00020179288411166467,29,0
473,3716,-0.0110733849427316,0.00020179288411166467,29,0
203,862,-0.011047872471481,0.00046880787215114006,48,0
203,862,-0.011047872471481,0.00046880787215114006,48,0
1337,14992,0.0110441767068273,0.0019340054157222608,45,0
1337,3625,0.0110441767068273,0.001178095270851142,51,0
133,141,-0.0110268780151619,0.00014137621573283386,66,0
463,2144,-0.0109759663177591,0.00015075889964649074,78,0
463,2144,-0.0109759663177591,0.00015075889964649074,78,0
558,13604,0.0109235352532274,0.00010073903475882516,24,0
81,119,0.0108979947689625,0.0007633934284273578,39,0
182,5458,0.0108711407450355,0.0003091935106172196,106,0
182,6587,0.0108711407450355,9.898022635717345e-05,104,0
140,1328,0.0108645399907535,0.0005513585302754262,109,0
921,16863,0.0108412836079791,0.000780349650089893,149,0
64,839,-0.0108243130724396,0.00022713106490912082,65,0
762,2566,0.0107868020304568,0.0005922469004927091,82,0
155,8755,0.0107849011384062,0.00011227976434035946,33,0
178,4296,0.0107679229243411,0.00015867904550661413,66,0
181,8139,0.010760667903525,0.0004855254278039465,51,0
347,6172,0.010752688172043,0.00027682792870076445,26,0
17,14783,0.0107505070993914,0.00010981847664598799,38,0
192,481,0.010744200549298,0.00010762533521757343,77,0
192,481,0.010744200549298,0.00010762533521757343,77,0
149,245,-0.0107047305355881,0.00013315938895204455,44,0
149,245,-0.0107047305355881,0.00013315938895204455,44,0
40,396,0.0106603494225644,0.00022423212400114954,40,0
101,1252,0.0106539309331374,0.000996743368836306,53,0
140,520,0.0106333795654184,0.0007850009149435555,94,0
481,1324,0.0106280193236714,0.0006568774036164459,77,0
42,1303,0.0106145251396648,0.0008496357342806076,42,0
301,1503,0.0105910488554834,0.00047162655337052405,142,0
347,376,-0.0105263157894736,0.00020589019129932504,41,0
178,4351,0.0104845565315953,0.0001890474919943243,65,0
175,8055,0.0104732350659425,8.268701828492941e-05,51,0
568,10152,0.0104347826086956,8.794029851677475e-05,53,0
921,944,0.01040763226366,0.005705113793254619,171,0
293,678,-0.01040763226366,0.00017050676860821823,86,0
69,5673,0.0103896103896103,0.00030215143345851015,48,0
1065,1297,0.0103734439834024,0.0006884761921564232,85,0
1065,4761,0.0103734439834024,0.005633629218854029,81,0
340,2089,0.0103675777568331,0.000742150839860412,39,0
13,7605,0.0103397341211226,0.00026767353942350224,72,0
141,934,0.0103376981392143,0.00012071128150959587,74,0
141,159,0.0103376981392143,0.00023030292038240881,55,0
371,11320,0.0103376981392143,0.0001596827934591402,32,0
103,595,0.0103286384976525,0.0014328941359724437,48,0
135,8935,0.0103189493433395,0.0002609636496071586,26,0
135,11375,0.0103189493433395,0.0009040702215178613,25,0
308,418,0.0103133677112257,0.0001442083206282547,69,0
1007,1863,0.0103066979631339,0.00021467364264843726,52,0
1007,1863,0.0103066979631339,0.00021467364264843726,52,0
45,4467,0.010277914816642,0.00010073903475882512,145,0
140,2767,0.010171058714748,0.0001134471375574617,90,0
673,762,-0.0101522842639593,0.00016987882758738517,79,0
682,762,-0.0101522842639593,0.00043722856938461987,78,0
355,1076,0.0100560275265673,0.000351092156076211,29,0
355,1076,0.0100560275265673,0.000351092156076211,29,0
648,9175,0.0100294985250737,0.0003050850980434983,44,0
372,13872,0.0100187852222917,9.445681999740272e-05,89,0
372,15959,0.0100187852222917,0.00019883091571123342,89,0
839,6616,0.0099916736053288,0.0009423783780867381,54,0
90,839,-0.0099916736053288,0.0011734056306039148,92,0
283,481,-0.0099838969404186,0.0017608532089299239,105,0
481,1398,0.0099838969404186,0.0014437081146829779,87,0
43,16594,0.0099667774086378,0.000214633924833177,34,0
38,3154,0.0099426386233269,9.318596218825822e-05,33,0
101,7491,0.0099191770756796,0.002406970477103138,51,0
301,2416,0.0099077553809361,9.762883767708854e-05,143,0
301,4705,0.0099077553809361,0.0002718132964234816,141,0
525,13777,0.0098934550989345,0.00010073903475882516,34,0
80,5837,0.0098909971740008,0.00010606546768807557,96,0
223,247,0.0098502758077226,0.0004690810985449782,64,0
21,2472,0.0097919216646266,0.0011454110319489299,81,0
336,759,-0.0097297297297297,0.00011894704862191187,54,0
372,16081,0.0097056981840951,0.00034438569253730284,89,0
58,18382,0.0096618357487922,8.390670731906018e-05,24,0
181,405,0.009647495361781,0.010652201525092725,70,0
67,11202,0.0096261473024401,0.00013731762597116124,35,0
313,12926,0.0096153846153846,9.442704601058531e-05,28,0
7,16321,0.0096026490066225,0.00020145617924499518,23,0
112,4617,0.0096011816838995,0.0002284677138991662,33,0
321,3797,0.0095986038394415,0.0003621549711997138,38,0
155,17696,0.0095865787896944,0.00030882026488194024,31,0
411,1139,0.0095726495726495,0.0005564177746888592,108,0
68,568,-0.0095652173913043,0.00013257185526951206,84,0
921,1627,0.0095403295750216,0.002280245375784284,155,0
839,921,-0.0095403295750216,0.00940254657993566,193,0
104,22634,0.0095313741064336,0.0007885969642382716,24,0
16,4892,0.0095137420718816,8.694856251342055e-05,53,0
140,682,0.0094775774387424,0.0008546394122751502,105,0
223,636,0.0094562647754137,0.0010530502107972963,75,0
648,11749,0.0094395280235988,0.00010073903475882516,42,0
232,976,0.0094304036212749,0.0011231294689277973,76,0
372,5121,0.0093926111458985,0.00010728247686340608,95,0
79,135,-0.0093808630393996,0.0002890703888047485,58,0
8,14473,0.0093762208620914,0.0013952415127840218,37,0
69,10154,0.0093506493506493,0.00025035182253813645,45,0
481,3979,0.0093397745571658,0.00010044711810082392,73,0
300,3489,-0.0092930938774206,0.0016577140304731156,80,0
300,3489,-0.0092930938774206,0.0016577140304731156,80,0
63,1407,0.009284332688588,0.00020331106904838072,76,0
288,1337,-0.009245171813534,9.622562912238928e-05,51,0
288,1337,-0.009245171813534,9.622562912238928e-05,51,0
411,2227,0.0092307692307692,0.0008036956051395519,108,0
411,16565,0.0092307692307692,0.00012161263440326416,104,0
411,12063,0.0092307692307692,0.00012674151300040402,104,0
759,1416,0.0091891891891891,0.00030636254292281583,58,0
49,5216,0.0091593065096499,0.0015369850859007223,22,0
300,21676,0.0091533180778032,0.00014190378028146753,40,0
319,12471,0.0091407678244972,0.00010071988077025193,38,0
921,1863,0.0091066782307025,0.005090608880778482,182,0
90,1986,0.0090876045074518,0.00010781223430467424,56,0
168,1223,0.0090799389045003,0.00018415660347632177,50,0
168,1223,0.0090799389045003,0.00018415660347632177,50,0
372,16325,0.0090795241077019,0.00010073903475882516,89,0
223,486,0.0090622537431048,9.5793505525429e-05,54,0
79,111,-0.0090429540316503,0.00015200425842264485,56,0
140,1138,0.0090152565880721,0.00041682338361655435,98,0
2084,2105,0.008985122993077,0.00010667597233486833,24,0
2084,2105,0.008985122993077,0.00010667597233486833,24,0
226,6893,0.0089535534415221,0.0005270896127176518,48,0
1113,4333,-0.0089433783463634,0.0003317653861802822,37,0
1113,4333,-0.0089433783463634,0.0003317653861802822,37,0
7,7265,0.0089403973509933,0.0006984580478474291,31,0
147,7816,0.00893470790378,0.00010073903475882516,37,0
25,921,0.0089166295140436,0.005190255853417852,161,0
1863,2336,0.0089109584382014,0.0001379291275631443,56,0
1863,2336,0.0089109584382014,0.0001379291275631443,56,0
75,2060,0.0089064819396338,0.0011866475871720604,70,0
762,7756,0.0088832487309644,0.0008145871654913994,56,0
762,3429,0.0088832487309644,8.364423216753277e-05,60,0
112,1601,0.0088626292466765,0.0003671032234540358,50,0
3166,4873,-0.0088512981904012,0.0009997724068791997,23,0
3166,4873,-0.0088512981904012,0.0009997724068791997,23,0
69,11336,0.0088311688311688,9.300779357523456e-05,50,0
376,9915,0.0087719298245614,0.000369890335923887,26,0
175,1434,-0.0087537043477226,0.0003611820161114748,56,0
175,1434,-0.0087537043477226,0.0003611820161114748,56,0
67,2647,0.0087306917394224,0.0009554411791470605,44,0
90,8884,0.0087241003271537,0.00010073903475882516,46,0
568,3757,0.008695652173913,0.0005193599222754444,58,0
633,921,-0.0086730268863833,0.00178033180104749,170,0
921,9130,0.0086730268863833,0.0014388287076899887,156,0
921,15320,0.0086730268863833,0.0005532110992489153,147,0
45,669,0.0086334484459792,0.000267986514596132,153,0
411,1248,0.0085470085470085,0.00015897651835568614,108,0
97,411,0.008543357539513,0.0011332516752520297,136,0
301,12977,0.0085411684318414,0.00010073903475882516,138,0
181,4246,0.0085343228200371,0.0013940060704346422,60,0
17,6242,0.0085192697768762,0.0003320908445292535,43,0
17,6469,0.0085192697768762,0.0005162665052166973,40,0
67,2888,0.008506827848668,0.000401875272868822,45,0
43,1418,0.0084902177925433,0.00012352041679437585,48,0
164,182,-0.0084070155094941,0.0010161742651916207,113,0
9,15905,0.0083932853717026,0.00025619352080081176,25,0
921,3489,-0.0083771147125111,0.006764823833349023,188,0
921,3489,-0.0083771147125111,0.006764823833349023,188,0
3779,4037,0.0083389677710164,0.0001163940315850829,29,0
3779,4037,0.0083389677710164,0.0001163940315850829,29,0
572,839,-0.0083263946711074,0.00046148060518579135,63,0
727,839,-0.0083263946711074,0.0004634962729477825,75,0
190,839,-0.0083263946711074,0.00013099844271505598,60,0
839,1498,0.0083263946711074,0.0005675992746469698,83,0
839,1733,0.0083263946711074,0.00013388547792441747,57,0
839,1020,0.0083263946711074,0.0002845775819982292,65,0
839,883,0.0083263946711074,0.00033126052905937324,65,0
140,673,0.0083217753120665,0.00020767072256005844,106,0
55,293,0.0083056478405315,0.0001290340710345145,67,0
111,24195,0.0082893745290128,0.000760689891770629,22,0
80,8855,0.0082761404925312,0.00010073903475882516,94,0
371,921,0.0082701585113714,0.007269568212475795,172,0
649,762,-0.008248730964467,0.0015409230232688038,75,0
147,5764,0.0082474226804123,0.0008945351852114853,48,0
147,10151,0.0082474226804123,0.00010073903475882516,37,0
16,2678,0.008245243128964,0.00014427663235530813,51,0
921,2109,0.0082393755420641,0.0025633704038872177,162,0
921,6950,0.0082393755420641,0.0002518065426358345,150,0
2,2060,0.0082380548205102,0.0020205004730290944,85,0
673,839,-0.0082324558594333,0.00019802410877828926,73,0
673,839,-0.0082324558594333,0.00019802410877828926,73,0
58,1416,0.0082125603864734,0.00018465293058475644,32,0
293,9272,0.0081757792539601,0.00010785071354597695,56,0
181,17599,0.0081632653061224,0.0002518065426358345,47,0
226,1842,-0.008130081300813,0.0002445654339847551,101,0
759,14718,0.0081081081081081,8.120669825614658e-05,51,0
140,1465,0.0080906148867313,0.00011088727149296413,92,0
662,6794,0.0080836899667142,0.0001738179248753165,46,0
21,1686,0.008078335373317,0.0018770563367271945,77,0
126,3806,0.0080699394754539,0.0001808027330928752,30,0
481,1466,0.0080515297906602,0.0008156118873678351,77,0
481,4975,0.0080515297906602,9.918574907156336e-05,76,0
227,2972,0.0079681274900398,0.0002943522707667938,44,0
227,380,0.0079681274900398,0.00018595736404697434,46,0
104,25864,0.0079428117553613,0.00022515788630784046,23,0
12,1407,-0.0079326036157914,0.0002468584152061308,87,0
12,1407,-0.0079326036157914,0.0002468584152061308,87,0
51,141,-0.0079309101328908,0.00035385926262303827,94,0
51,141,-0.0079309101328908,0.00035385926262303827,94,0
2704,3465,-0.0078989563147384,0.00024055328659183827,37,0
2704,3465,-0.0078989563147384,0.00024055328659183827,37,0
80,10381,0.0078724263221639,0.00010073903475882516,94,0
140,1608,0.0078594544613962,0.00014795730451707095,93,0
2,3142,0.0078386339807279,8.201052917208578e-05,59,0
21,4624,0.0078335373317013,0.0017998432528035606,68,0
16,744,0.0078224101479915,0.00046998067461045734,57,0
181,9447,0.0077922077922077,0.00012779318000799678,48,0
155,10632,0.0077890952666267,0.0006041058544631241,32,0
10,3219,0.0077503142019271,0.0003652958709177995,40,0
177,672,0.0077410274454609,8.071531434664767e-05,40,0
481,813,0.0077294685990338,0.0008735138972086029,88,0
28,301,0.0077097505668934,9.958614903869183e-05,142,0
36,313,0.0077075702075702,8.369141591630457e-05,55,0
36,313,0.0077075702075702,8.369141591630457e-05,55,0
8,11099,0.0076832920953249,0.00015110034328599207,36,0
66,80,-0.0076705692369802,0.0007870572287580167,102,0
293,2528,0.0076647930505876,0.00016719741551584672,65,0
293,10152,0.0076647930505876,0.0001141482565360562,56,0
140,487,0.007628294036061,0.00039623638525981266,113,0
140,3082,0.007628294036061,0.0006288049575181599,87,0
1273,2794,-0.0076252723311546,0.0002782812864016176,37,0
1273,2794,-0.0076252723311546,0.0002782812864016176,37,0
141,762,-0.0076142131979695,0.0005702896234169641,100,0
525,10072,0.0076103500761035,0.0005303736397439204,38,0
141,727,0.0075809786354238,0.0002357726493729048,73,0
141,3585,0.0075809786354238,8.066406346876492e-05,58,0
11,4750,0.0075757575757575,0.00010091416484961762,75,0
308,921,0.0075366917889726,0.004302593337244604,202,0
301,348,0.0075162282200204,0.0012564874022368024,168,0
96,301,-0.0075162282200204,0.0009582457412786914,153,0
301,1276,0.0075162282200204,0.00011580605769347686,144,0
301,1451,0.0075162282200204,0.00020167186038761584,141,0
301,1557,0.0075162282200204,0.00012666170369043394,144,0
96,1271,0.0075131480090157,0.0005958413560036418,29,0
175,181,-0.0074211502782931,0.004482115700668893,90,0
30,10072,0.0074094401756311,0.0005035954673415331,43,0
87,140,-0.0073971336107258,0.00028211640870756866,101,0
112,12928,0.0073855243722304,8.07880403285258e-05,34,0
921,18960,0.0073720728534258,0.0003086362416710801,149,0
178,7529,0.0073675262113913,0.00027824911430084374,64,0
80,6572,0.0072668550666128,0.00023089310601274708,97,0
9,5149,0.0071942446043165,0.00010073356219066137,27,0
155,595,0.0071899340922708,0.005940862652049696,62,0
301,1651,0.0071745814827468,9.11757282322776e-05,143,0
301,2520,0.0071745814827468,0.00010071276643163903,141,0
10,301,-0.0071745814827468,0.002280147280898433,169,0
31,2219,0.0071716718960107,0.0004693108086687958,42,0
232,867,0.0071671067521689,0.00029277393402588384,75,0
1065,2098,-0.00714972981796,0.0007364916615994488,100,0
1065,2098,-0.00714972981796,0.0007364916615994488,100,0
26,308,-0.0071400238000793,0.0001721782213854703,65,0
121,15340,0.007127583749109,0.00020452534492590308,23,0
17,11339,0.0070993914807302,0.0007027977524578509,39,0
15,15340,0.007090909090909,0.0001532915611416525,27,0
45,1103,0.0070712053938496,8.794947984326566e-05,160,0
149,2060,0.0070505287896592,0.0009252351862833426,59,0
181,1105,0.0070500927643784,0.0039469655209382936,80,0
324,1827,-0.0070496507661486,0.00040993138258194495,26,0
324,1827,-0.0070496507661486,0.00040993138258194495,26,0
759,1283,0.007027027027027,0.0005569529694610424,62,0
43,364,0.0070136581764488,0.0005612311041960253,57,0
93,22721,0.0069889341875364,0.00018107343207992104,46,0
762,3556,0.006979695431472,0.0003583942429710292,61,0
37,759,-0.0069698674527983,0.00017301279689280156,70,0
37,759,-0.0069698674527983,0.00017301279689280156,70,0
792,921,-0.0069384215091066,0.0010304437808075352,157,0
921,2983,0.0069384215091066,0.0020212009906620683,158,0
921,19876,0.0069384215091066,0.0006051563881169632,148,0
140,3546,0.0069348127600554,0.00010643089586787463,90,0
87,839,0.0069013112491373,0.0003511750318422167,68,0
371,1320,0.0068917987594762,0.0006568444800605192,71,0
51,2101,0.0068894247330347,0.00650771969026317,89,0
38,18960,0.0068833652007648,0.00010885170271764875,35,0
147,15003,0.0068728522336769,9.373434595561128e-05,39,0
21,13172,0.0068543451652386,0.0001355441064781246,65,0
301,11342,0.0068329347454731,0.00024225675738991255,139,0
182,12795,0.0068125815335555,0.00031201452599514837,105,0
8,14810,0.006771715067066,0.00018439621280529858,35,0
16,11188,0.0067653276955602,0.00016551692759632887,51,0
16,1530,0.0067653276955602,0.0006346587152056584,53,0
36,79,0.0067460317460317,0.0009499148060027441,67,0
140,5393,0.0067036523347202,8.675880190870476e-05,91,0
140,475,0.0067036523347202,0.00033648198304858277,93,0
59,75,-0.0066882234063736,0.0003539447576556449,72,0
59,75,-0.0066882234063736,0.0003539447576556449,72,0
934,1226,-0.0066802443991853,0.00024216358210159538,50,0
934,1226,-0.0066802443991853,0.00024216358210159538,50,0
181,1686,0.0066790352504638,0.0005592032926446597,59,0
181,4623,0.0066790352504638,0.0003578103233537229,50,0
181,1263,0.0066790352504638,0.0006472460543984498,57,0
181,7362,0.0066790352504638,0.0021062017308920785,50,0
75,227,-0.0066401062416998,0.00023694895334727304,74,0
51,101,0.006544953496383,0.0026516559991734663,94,0
13,76,-0.0065274151436031,0.00022332542083592312,79,0
182,732,0.0065226844470213,0.0003060117538969645,108,0
335,759,0.0065122265122265,0.00021782157649418053,62,0
335,759,0.0065122265122265,0.00021782157649418053,62,0
545,921,-0.0065047701647875,0.0026935618075202656,175,0
921,2578,0.0065047701647875,0.0003524908517130219,148,0
411,594,0.0064957264957264,0.0004350124229161502,110,0
10,15964,0.0064935064935064,0.00024592294809964196,35,0
149,393,0.0064629847238542,0.00018306909943605724,40,0
11,15684,0.0064393939393939,8.050889944547033e-05,69,0
11,136,0.0064393939393939,0.00010368207052052025,86,0
53,11412,0.0064252336448598,0.00014486177081698322,28,0
97,4915,0.0064075181546347,8.903076694719841e-05,47,0
56,3149,0.0063631913852178,0.0005468193267040499,37,0
762,1863,0.0063451776649746,0.0011987216447980724,91,0
372,18413,0.0062617407639323,9.840103725220682e-05,90,0
372,9585,0.0062617407639323,0.0005011985980215262,96,0
79,503,0.0062337662337662,0.0002061163385605211,48,0
69,5260,0.0062337662337662,0.0006426599031454435,46,0
51,75,0.0062004822597313,0.0023856104918030356,88,0
662,3130,0.0061816452686638,0.0002084922677799257,51,0
383,411,-0.0061538461538461,0.0003248668071829343,108,0
42,7265,0.006145251396648,0.0005202011275260455,28,0
182,1536,0.0060878388172198,0.0007098514828459765,112,0
140,3585,0.0060101710587147,0.00020464154081591127,93,0
155,11299,0.005991611743559,0.0015377707195983164,34,0
372,11323,0.0059486537257357,0.00032231952766162436,91,0
75,231,0.0059376546264225,0.00032072161103895993,61,0
181,6553,0.0059369202226345,0.0014945833738241804,49,0
6,921,0.0059171597633136,0.008935875962198437,162,0
27,1407,0.0058856502242152,0.00017407309577642966,75,0
101,111,0.005878030859662,0.0005193799703677218,66,0
51,1020,0.0058560110230795,0.000142556801126371,65,0
80,1382,0.005853855470327,0.00018541447604763497,98,0
53,79,0.0058411214953271,0.00011310065248906027,61,0
53,4186,0.0058411214953271,0.00010513917573409863,34,0
31,11320,0.0058269834155087,0.0002651860473294945,22,0
93,7086,0.005824111822947,0.001474553696749722,57,0
93,4612,0.005824111822947,0.0003735003370798647,52,0
411,11616,0.0058119658119658,0.00015110034328599207,104,0
301,1189,0.0058079945336522,8.643374159350582e-05,143,0
301,6630,0.0058079945336522,0.00017625016874891954,140,0
481,1583,0.0057971014492753,0.00037173133718329857,74,0
481,2663,0.0057971014492753,0.00020145617924499518,74,0
140,6474,0.0057790106333795,0.00012237644282281162,83,0
140,15172,0.0057790106333795,0.0004046497773672603,84,0
30,11336,0.0057628979143798,9.937255317658751e-05,45,0
22,4559,0.0057251908396946,0.0002518065426358345,23,0
662,11206,0.0057061340941512,8.324017707564332e-05,45,0
662,1444,0.0057061340941512,9.408627630479052e-05,46,0
182,11108,0.0056529931874184,9.973208864543129e-05,105,0
80,1014,0.0056519983851433,0.00020510850224920627,98,0
80,3907,0.0056519983851433,0.00039404305762884875,98,0
921,7956,0.0056374674761491,0.0008315138778267148,148,0
921,7979,0.0056374674761491,0.002142750592780043,148,0
921,4258,0.0056374674761491,8.230473581592576e-05,148,0
921,13950,0.0056374674761491,0.00010073903475882516,147,0
372,921,0.0056355666875391,0.0069919970110868665,232,0
372,2472,0.0056355666875391,0.0007866962014941377,105,0
293,8050,0.0056208482370975,0.0003857915131373211,58,0
226,921,0.0055959709009513,0.0029057365183824914,190,0
181,1065,0.0055658627087198,0.010370013698161217,118,0
30,181,-0.0055658627087198,0.0020412902948670313,82,0
181,5469,0.0055658627087198,0.001174763371598045,50,0
140,8551,0.0055478502080443,0.00025551726210959913,87,0
16,4556,0.0054968287526427,0.00015110034328599207,50,0
301,5322,0.0054663477963785,0.00011565813841331175,140,0
301,19883,0.0054663477963785,0.00011519766211046575,138,0
301,353,0.0054663477963785,0.00026030501849806734,144,0
301,794,0.0054663477963785,0.00019359483680166345,141,0
301,2058,0.0054663477963785,0.0003336945798109641,142,0
301,2133,0.0054663477963785,0.0003201341379207062,140,0
80,15357,0.0054501412999596,0.000123182893721701,97,0
75,4186,0.0054428500742206,0.0004567614475375964,49,0
75,272,0.0054428500742206,0.00020044512948133223,57,0
448,897,-0.005434466443018,0.00019032685224329435,37,0
448,897,-0.005434466443018,0.00019032685224329435,37,0
29,4904,0.0054298642533936,0.0004607777388140188,30,0
1749,5761,0.005397200202395,0.00019710746444570054,27,0
1749,5761,0.005397200202395,0.00019710746444570054,27,0
2,4174,0.0053921813370612,0.00011973370245608283,59,0
182,1415,0.0053630961008841,0.00018930924541478135,109,0
36,364,0.0053571428571428,0.00027626680921004777,56,0
13,15340,0.0053175775480059,0.0003418817431393807,72,0
140,5478,0.0053166897827092,0.00022723895596931987,87,0
232,2903,0.0052810260279139,0.0003198798040248214,84,0
10,8802,0.0052366987850858,0.00031997768827013526,36,0
662,6096,0.0052306229196386,0.00028424863416392376,52,0
921,5494,0.00520381613183,0.004916204047664156,153,0
921,4172,0.00520381613183,0.0003986638535315998,148,0
420,921,-0.00520381613183,0.0018539318811766664,163,0
921,3242,0.00520381613183,0.0008514906391619163,158,0
150,921,-0.00520381613183,0.0010452115764560711,150,0
69,6876,0.0051948051948051,0.0005698860707848996,47,0
43,236,0.0051679586563307,9.712368358567533e-05,51,0
51,737,0.005167068549776,0.00042453971981466803,55,0
21,4020,0.005140758873929,0.00020522649766758594,71,0
97,12258,0.0051260145237078,0.00018183761318534334,38,0
301,4156,0.0051247010591048,0.0010444900317997828,143,0
301,3846,0.0051247010591048,0.0001340904550095458,140,0
301,5005,0.0051247010591048,0.00010021554823027806,140,0
301,1553,0.0051247010591048,0.00035239529514524524,145,0
223,309,0.0051221434200157,0.000928643026455338,67,0
585,2504,0.0051190873943964,0.0002115132262655151,27,0
585,2504,0.0051190873943964,0.0002115132262655151,27,0
2,901,0.0050926157072245,0.000389752457523478,65,0
5329,9036,0.0050672505473881,8.269325772938206e-05,24,0
5329,9036,0.0050672505473881,8.269325772938206e-05,24,0
604,5204,0.0050166380961984,0.00011311136413141578,40,0
604,5204,0.0050166380961984,0.00011311136413141578,40,0
372,5323,0.0050093926111458,0.0005837743027544113,98,0
30,4893,0.0049396267837541,0.0006536512819745388,50,0
11,7555,0.0049242424242424,0.00010073903475882516,68,0
1429,1949,0.0049094097019286,0.00013648764553672596,36,0
1429,1949,0.0049094097019286,0.00013648764553672596,36,0
51,5760,0.0048225973131243,0.00012177688703426237,53,0
9,921,0.0047961630695443,0.002125812502994646,168,0
921,1879,0.0047701647875108,0.0032242313678821862,156,0
921,23993,0.0047701647875108,0.0004232508707718621,148,0
308,6457,0.0047600158667195,0.00020350379603841748,63,0
662,20430,0.004755111745126,0.00014117204637894808,45,0
247,662,-0.004755111745126,0.0003088136468881634,58,0
40,4644,0.0047379330766952,8.735332329828017e-05,39,0
11,5713,0.0047348484848484,0.00011286247498106388,72,0
13,4085,0.0047267355982274,0.00010073903475882516,69,0
367,475,-0.0047206039375831,0.00013524096625476136,29,0
367,475,-0.0047206039375831,0.00013524096625476136,29,0
8,2445,0.0046881104310457,0.00096592996212656,39,0
17,6551,0.0046653144016227,0.001323933289082693,39,0
16,2101,0.0046511627906976,0.005403223498489329,88,0
2,5525,0.0046432672624694,0.00022099571420259285,62,0
182,6374,0.0046383533845484,0.00021681617691161523,110,0
140,7818,0.0046232085067036,0.00010163391941763765,84,0
45,10231,0.0046045058378556,0.00010007489789533595,152,0
13,4881,0.0045790251107828,0.0030430195799219426,72,0
6,9462,0.0045723507261968,0.00022763084953453664,22,0
11,5664,0.0045454545454545,0.0001288260945194367,71,0
232,571,0.0045265937382119,0.00023603002943542288,76,0
33,149,0.0045170257123002,0.00011887964221288057,55,0
59,16814,0.0045065344749887,0.00018174299419501444,35,0
34,6476,0.0044866264020707,0.0001318331384848009,70,0
4,21,0.0044709388971684,8.626412080414822e-05,82,0
181,11508,0.0044526901669758,0.0001481807394357416,47,0
411,15589,0.0044444444444444,0.000270434612123804,105,0
411,740,0.0044444444444444,0.00016232788445913964,108,0
301,2102,0.0044414075845575,0.000421900059126245,143,0
301,581,0.0044414075845575,0.0010492132492878965,142,0
301,1470,0.0044414075845575,0.0020568325107967527,143,0
301,2013,0.0044414075845575,0.0001474438251990071,146,0
160,301,-0.0044414075845575,9.108882297920497e-05,144,0
80,148,0.0044408558740411,0.0021653897195795394,108,0
43,1358,0.0044296788482834,0.00020733912560588885,58,0
43,595,0.0044296788482834,0.0005823173098229561,65,0
51,173,-0.0044270232007055,0.0006575934898278764,61,0
51,173,-0.0044270232007055,0.0006575934898278764,61,0
101,22985,0.0044085231447465,0.00010073903475882516,48,0
21,108,0.004406364749082,0.00011662816395360198,71,0
12,338,0.0044040737682356,9.785347867232212e-05,54,0
140,7437,0.0043920480813684,9.10699196458458e-05,84,0
140,1863,0.0043920480813684,0.00037990553793893075,118,0
372,13809,0.0043832185347526,0.0004368407000107958,90,0
308,10258,0.0043633478778262,0.00017891038246044917,63,0
74,308,-0.0043633478778262,0.0004200386817076057,70,0
45,136,0.0043578358822562,0.0003222385010953384,163,0
11,6502,0.0043560606060606,0.0001859768716953805,69,0
921,1487,0.0043365134431916,0.0014615146279438685,153,0
921,8935,0.0043365134431916,0.0005317996167149656,149,0
17,3440,0.0042596348884381,0.00043195162800445787,45,0
80,383,0.0042389987888574,0.000499550289016307,99,0
80,17805,0.0042389987888574,0.0013667612002212317,94,0
16,10729,0.0042283298097251,0.0009660668843997564,51,0
366,420,0.0041815046577858,0.00040595933353831807,41,0
366,420,0.0041815046577858,0.00040595933353831807,41,0
140,168,0.0041608876560332,0.0003010800748742707,98,0
140,976,0.0041608876560332,0.001683182890854084,102,0
51,2826,0.0041336548398208,0.00026473758076193607,52,0
51,1025,0.0041336548398208,0.00027580779905990904,62,0
51,5810,0.0041336548398208,0.00020145617924499523,51,0
12,75,0.0041288191577208,0.00026061922554997493,80,0
411,1386,0.0041025641025641,0.00013573640441790941,109,0
411,3180,0.0041025641025641,0.0009790900967745172,108,0
301,4892,0.0040997608472839,0.00022606832331052777,142,0
301,22839,0.0040997608472839,8.11526772236297e-05,138,0
301,16825,0.0040997608472839,0.0007872265860551953,139,0
301,9761,0.0040997608472839,0.0007959998324368491,140,0
301,1683,0.0040997608472839,8.259775182160384e-05,138,0
301,3593,0.0040997608472839,0.0013274924309754938,145,0
315,1398,-0.0040816665835369,0.00043058547742763257,30,0
315,1398,-0.0040816665835369,0.00043058547742763257,30,0
372,3419,0.004070131496556,0.0014957671111835683,107,0
44,595,0.0040281973816717,0.00034590458134101245,66,0
10,18439,0.0039798910766652,0.00020145617924499518,35,0
10,15793,0.0039798910766652,0.00017977673976473328,36,0
11,1165,0.0039772727272727,0.0004336429558595818,71,0
308,2100,0.0039666798889329,0.0006906673372508893,74,0
3299,3559,-0.0039445628997867,0.0002828737582708137,23,0
3299,3559,-0.0039445628997867,0.0002828737582708137,23,0
7,21,0.0039439234155,0.00027079138702839955,84,0
7,21,0.0039439234155,0.00027079138702839955,84,0
140,2336,0.0039297272306981,0.00015372597686010876,100,0
51,93,0.0039199903861027,0.0005948432215808765,92,0
51,93,0.0039199903861027,0.0005948432215808765,92,0
21,8139,0.0039167686658506,0.0004869939606196847,69,0
21,1524,0.0039167686658506,9.575424158433414e-05,75,0
182,1679,0.0039136106682127,0.0006252396083757011,110,0
1,504,0.0038368876594985,0.0001181064500134361,38,0
80,1764,0.0038352846184901,0.00032670863514255594,99,0
34,3797,0.0037963761863675,0.0006217206562896524,73,0
343,411,-0.0037606837606837,0.0002359674104953846,115,0
301,2610,0.0037581141100102,0.00010675387874019312,141,0
301,1320,0.0037581141100102,0.008359330761036655,180,0
301,4239,0.0037581141100102,0.0008582398171459267,146,0
1183,1904,0.0037350359138068,0.00015019634932525325,34,0
1183,1904,0.0037350359138068,0.00015019634932525325,34,0
16,301,0.0037226493007076,0.0013898403688918485,183,0
16,301,0.0037226493007076,0.0013898403688918485,183,0
12,2050,0.0037159372419488,0.0006914925823462233,51,0
181,2151,0.0037105751391465,0.0004135985774375648,55,0
181,23897,0.0037105751391465,0.00020145617924499518,47,0
43,1449,0.0036913990402362,0.0008008497304372303,45,0
43,101,0.0036913990402362,0.0006886518765190642,78,0
101,4881,0.0036737692872887,0.0005676248263005497,51,0
8,8254,0.0036463081130355,0.00010073903475882516,35,0
11,1773,0.0035984848484848,0.002025193494999635,113,0
67,1686,0.0035818222520707,0.0033570481503624908,45,0
30,1686,0.0035675082327113,0.000963261226373751,51,0
40,4755,0.0035534498075214,0.001468894637192422,49,0
45,553,0.0035356026969248,9.449645875656531e-05,150,0
58,411,0.0035079895949461,0.00044805078489873376,123,0
58,411,0.0035079895949461,0.00044805078489873376,123,0
6,976,0.0034965034965034,0.0012690551336736714,38,0
182,5392,0.0034787650384113,0.0003183504407522768,104,0
182,9242,0.0034787650384113,0.00029556054789974255,106,0
140,5556,0.0034674063800277,0.00010420020117153341,87,0
80,1837,0.0034315704481227,0.0008010647450889227,102,0
21,13930,0.0034271725826193,8.26167639877051e-05,66,0
21,7033,0.0034271725826193,8.474852863780589e-05,67,0
411,730,0.0034188034188034,0.00046188243348482,107,0
411,10567,0.0034188034188034,0.00010073903475882516,104,0
13,14253,0.0033973412112259,0.0020981703665482435,70,0
67,15900,0.0033579583613163,0.0003353751101837855,33,0
10,6493,0.0033514872224549,0.0003095821648197595,41,0
7,921,0.0033112582781456,0.0016871377520901775,166,0
9,3375,0.0032973621103117,0.0003080467385602497,29,0
30,22651,0.0032930845225027,0.0001197924253750838,40,0
45,6231,0.0032889327413254,9.611209954908172e-05,148,0
225,2144,-0.0032679264444525,0.00023594117939834892,77,0
225,2144,-0.0032679264444525,0.00023594117939834892,77,0
481,6213,0.003220611916264,9.147330362587205e-05,76,0
481,6543,0.003220611916264,0.00010053323907037113,76,0
481,16715,0.003220611916264,0.00014506856375404447,72,0
182,2822,0.003188867951877,0.00044907816510406735,108,0
21,18669,0.0031823745410036,0.00016707575194226657,66,0
36,711,0.0031746031746031,0.0001279917343541454,41,0
372,1105,0.0031308703819661,0.0011765309196905757,122,0
182,13676,0.0030439194086099,0.00026401724796015644,105,0
11,1475,0.003030303030303,0.0007149770168545474,70,0
80,4954,0.0030278562777553,0.00039131548176974117,99,0
10,258,-0.0029692395686214,0.0007409857473679301,63,0
10,258,-0.0029692395686214,0.0007409857473679301,63,0
16,5416,0.0029598308668076,0.00012427403575961837,50,0
182,3852,0.0028989708653428,0.0003326328944841679,106,0
12,6553,0.0028901734104046,0.0010681445714551237,44,0
12,2060,0.0028901734104046,0.0009010365597986597,70,0
11,5332,0.002840909090909,0.00010073903475882516,68,0
13,1071,0.0028064992614475,0.003319057371695374,82,0
13,1551,0.0028064992614475,0.0007190932309537051,73,0
45,2800,0.0027955928301266,0.00019427021537699328,149,0
1385,5215,-0.0027821248478525,0.0006148406069652115,49,0
1385,5215,-0.0027821248478525,0.0006148406069652115,49,0
140,21166,0.0027739251040221,0.0007468134776856827,84,0
140,12223,0.0027739251040221,0.00017829260783433574,85,0
182,4288,0.0027540223220756,0.0006350859064438054,105,0
12,63,0.0027525461051472,0.0001337071030561061,69,0
16,1787,0.0027484143763213,0.00021574866717773806,52,0
359,1818,-0.0027418421503592,0.0004303871740030742,48,0
359,1818,-0.0027418421503592,0.0004303871740030742,48,0
45,5081,0.0027133695115934,0.00010269569172261943,153,0
67,197,0.002686366689053,0.0012077968731980014,37,0
1653,3324,-0.0026820713843614,0.00010014172475819357,23,0
1653,3324,-0.0026820713843614,0.00010014172475819357,23,0
13,5626,0.0026587887740029,0.00028246685344743695,72,0
2,36,0.0026461630635578,0.00044319682758307686,86,0
17,11523,0.0026369168356997,0.00042583107714180114,38,0
80,18514,0.0026241421073879,9.167708018950804e-05,94,0
1534,1616,-0.0026166986064778,0.0020935492100819953,61,0
1534,1616,-0.0026166986064778,0.0020935492100819953,61,0
182,585,0.0026090737788085,0.0013789572868480565,112,0
34,9724,0.0025884383088869,0.00015666484771959823,69,0
36,1414,0.002579365079365,0.000602023324769502,50,0
16,6023,0.002536997885835,0.0003528504482843913,54,0
10,66,0.0025136154168412,0.0010206027721780045,43,0
5,149,0.0024797114517583,0.00015192583001345949,58,0
182,18492,0.0024641252355413,0.00012074068362079678,106,0
182,13941,0.0024641252355413,0.00016224273495771087,105,0
67,4456,0.0024625027982986,0.0011907555228059074,36,0
2,14898,0.0024464526436666,0.0006715273283272397,59,0
80,1638,0.0024222850222042,0.0006902372784915019,107,0
80,10421,0.0024222850222042,0.00010073903475882516,94,0
45,13579,0.0023844762374609,0.0001458043875091041,146,0
36,11641,0.0023809523809523,0.00010073903475882516,33,0
1664,1868,-0.0023542194856935,0.00011656063435978268,36,0
1664,1868,-0.0023542194856935,0.00011656063435978268,36,0
5,2060,0.0023294259092275,0.0004942059815712639,59,0
16,12437,0.0023255813953488,0.0002800832202133148,52,0
140,9574,0.0023116042533518,0.0008336686985979838,89,0
140,6285,0.0023116042533518,0.00022247658591895204,89,0
10,7612,0.0023041474654377,0.0005859151814158883,39,0
45,2209,0.0023022529189278,0.000263097859970558,178,0
11,21,0.0022727272727272,0.0014361736920881216,129,0
11,6883,0.0022727272727272,0.00015110034328599207,69,0
80,585,0.0022204279370205,0.0008800133379391556,103,0
13,10817,0.0022156573116691,0.00010073903475882516,69,0
13,1065,0.0022156573116691,0.00845107277823906,140,0
166,345,0.0022078523467733,0.0001905787983992515,37,0
166,345,0.0022078523467733,0.0001905787983992515,37,0
36,1533,0.0021825396825396,0.00011395346083330881,44,0
182,2647,0.0021742281490071,0.0007879164832730218,114,0
182,1515,0.0021742281490071,0.00074948809476557,111,0
11,10721,0.0020833333333333,0.00042792345434996615,71,0
11,6628,0.0020833333333333,0.00015089671695105956,71,0
34,14947,0.0020707506471095,0.0003459111985307855,69,0
34,2188,0.0020707506471095,0.00020935372831794308,75,0
34,18808,0.0020707506471095,0.0006461770722742895,69,0
342,1002,-0.0020325203252032,0.00010246225404110522,23,0
342,1002,-0.0020325203252032,0.00010246225404110522,23,0
182,6171,0.0020292796057399,0.0012393555478442209,110,0
80,608,0.0020185708518368,0.00016938304863267596,98,0
80,8750,0.0020185708518368,0.00010073903475882516,94,0
80,19750,0.0020185708518368,0.00043767802810722406,95,0
44,364,0.0020140986908358,0.0001343014397462278,58,0
13,14947,0.0019202363367799,0.0004718242552519081,70,0
13,1441,0.0019202363367799,0.002916664599758873,72,0
13,3231,0.0019202363367799,0.0008023784468031837,73,0
13,620,0.0019202363367799,0.0014003946104590526,88,0
13,1743,0.0019202363367799,0.004195470274110815,93,0
45,55,0.0019045215176512,9.748358866523894e-05,160,0
45,55,0.0019045215176512,9.748358866523894e-05,160,0
34,124,0.0018981880931837,0.000125905247108803,84,0
11,4063,0.0018939393939393,0.00012482978331528153,71,0
11,8230,0.0018939393939393,0.000503394182545118,69,0
182,5608,0.0018843310624728,0.0014909115834367262,113,0
1616,2794,0.0018625757729689,0.0006168626629408126,65,0
1616,2794,0.0018625757729689,0.0006168626629408126,65,0
15,17668,0.0018181818181818,0.0004864769802601812,26,0
45,1670,0.0018089130077289,9.720566129015155e-05,146,0
405,2144,-0.0017752585025538,0.0010328546732832015,88,0
405,2144,-0.0017752585025538,0.0010328546732832015,88,0
182,6511,0.0017393825192056,0.0006554258191509714,104,0
34,3231,0.0017256255392579,0.00046983942229928864,72,0
12,8104,0.0016515276630883,0.00018911463055579342,43,0
45,921,0.0016444663706627,0.007102121359382292,288,0
13,16194,0.0016248153618906,0.000794498842791453,74,0
13,1937,0.0016248153618906,0.00041381762346236027,75,0
13,4430,0.0016248153618906,0.0013586829563098958,71,0
13,17817,0.0016248153618906,0.00045569684141243474,69,0
13,12025,0.0016248153618906,0.00010073903475882516,69,0
2,15910,0.0015976833591292,8.745020809727567e-05,58,0
8,5311,0.0015627034770152,0.00048193595000574916,37,0
45,433,0.0015622430521295,0.0006425281157492989,153,0
2,595,0.0015477557541564,0.0020548783413517273,88,0
45,5098,0.0014800197335964,0.00014711549713612677,150,0
13,17598,0.001477104874446,0.0007047135475860187,69,0
13,9123,0.001477104874446,0.00010073903475882516,69,0
182,3593,0.0014494854326714,0.0020419800559415714,110,0
182,1466,0.0014494854326714,0.0008159312103985955,108,0
8,4064,0.0014324781872639,0.0010671839216152244,44,0
1814,1868,0.0014030257706714,0.00011894456092723099,35,0
1814,1868,0.0014030257706714,0.00011894456092723099,35,0
45,1105,0.0013977964150633,0.0021002376785725064,178,0
17,1773,-0.0013929784001105,0.0005665776031038738,81,0
17,1773,-0.0013929784001105,0.0005665776031038738,81,0
36,40,0.001377314325197,0.00033692887986294667,57,0
36,40,0.001377314325197,0.00033692887986294667,57,0
12,4881,0.0013762730525736,0.00014647493529461252,45,0
12,565,0.0013762730525736,8.573590826592675e-05,59,0
12,1418,0.0013762730525736,0.0001373513015901373,56,0
12,593,0.0013762730525736,9.8046362470058e-05,57,0
5,595,0.0013525698827772,0.0003775175833834814,62,0
8,25376,0.0013022528975126,0.0004436755571368285,36,0
2,14320,0.0012981177292925,0.00020178613831382488,58,0
2,8185,0.0012481901243197,0.00015110034328599204,58,0
45,1704,0.001233349777997,0.00022256968286031947,164,0
5,364,0.0012022843402464,0.000379346495941958,54,0
2,236,0.0011982625193469,0.00017697313409902572,74,0
182,301,-0.0011382447102819,0.0025276527445462125,237,0
182,301,-0.0011382447102819,0.0025276527445462125,237,0
45,2837,0.0009044565038644,0.0005319995417448673,147,0
45,595,0.0009044565038644,0.0015304965562159519,176,0
2,2720,0.0008986968895102,8.202055232327153e-05,62,0
45,1260,0.0008222331853313,0.0006530149884769216,189,0
1,11890,0.0007584545373427,0.00010073903475882517,24,0
5,75,0.000751427712654,0.0001222589922138907,69,0
2,227,0.0007489140745918,0.0004923717752566088,89,0
2,59,0.0007489140745918,0.0009091986485342587,87,0
2,20776,0.0007489140745918,9.263496243056835e-05,57,0
1,921,0.0006692245917729,0.0009787630100086312,167,0
2,8612,0.0005991312596734,0.00018089508717036162,60,0
1,6217,0.0005799946462032,0.00015427764309549336,25,0
1,22180,0.0005799946462032,0.00010073903475882517,24,0
367,384,-0.000570559147965,0.00012517081485072687,45,0
367,384,-0.000570559147965,0.00012517081485072687,45,0
2,14975,0.0005492036547006,0.00019326042594911835,57,0
2,24505,0.0005492036547006,0.00014414107714691782,57,0
753,895,0.0005352587463556,0.0005557109150463606,30,0
753,895,0.0005352587463556,0.0005557109150463606,30,0
16,348,0.0005033725963958,0.00034920047768198905,79,0
16,348,0.0005033725963958,0.00034920047768198905,79,0
743,2594,-0.00050163029847,0.0005514974583310694,23,0
743,2594,-0.00050163029847,0.0005514974583310694,23,0
853,2089,0.0004614023763417,0.00032035748947724434,45,0
853,2089,0.0004614023763417,0.00032035748947724434,45,0
63,1376,-0.0001845251755096,9.992510356802151e-05,44,0
63,1376,-0.0001845251755096,9.992510356802151e-05,44,0
8424,12555,0.0,2.7362840818889926e-09,5,1
5201,9544,0.0,1.3681420409444963e-09,6,1
3687,8966,0.0,2.7362840818889926e-09,5,1
3704,12913,0.0,1.3681420409444963e-09,4,1
8205,10409,-0.0,5.472568163777985e-09,6,1
515,8450,-0.0,1.3681420409444963e-09,4,1
10778,13038,-0.0,1.3681420409444963e-09,4,1
8864,9760,-0.0,1.3681420409444963e-09,4,1
3743,8018,-0.0,1.3681420409444963e-09,4,1
1720,2651,0.0,1.3681420409444963e-09,4,1
8449,9381,0.0,5.472568163777985e-09,5,1
3435,11634,-0.0,1.3681420409444963e-09,4,1
3858,7974,0.0,1.3681420409444963e-09,4,1
1270,11532,-0.0,1.3681420409444963e-09,4,1
3498,6013,0.0,1.3681420409444963e-09,4,1
3498,6013,-0.0,1.3681420409444963e-09,4,1
11930,13099,-0.0,1.3681420409444963e-09,4,1
4516,11776,-0.0,1.915398857322295e-08,6,1
1738,5306,0.0,1.3681420409444963e-09,6,1
10924,14046,-0.0,1.3681420409444963e-09,4,1
4408,6136,-0.0,1.3681420409444963e-09,4,1
3713,6426,0.0,1.3681420409444963e-09,4,1
7016,9831,0.0,1.3681420409444963e-09,4,1
2175,6970,-0.0,1.3681420409444963e-09,4,1
8441,13586,0.0,1.504956245038946e-08,5,1
8974,10539,0.0,1.3681420409444963e-09,6,1
3060,3784,-0.0,1.3681420409444963e-09,4,1
12708,14110,-0.0,1.3681420409444963e-09,4,1
5833,9630,-0.0,2.7362840818889926e-09,5,1
1064,8058,-0.0,1.3681420409444963e-09,6,1
6592,12850,0.0,1.3681420409444963e-09,4,1
5983,7624,-0.0,1.3681420409444963e-09,4,1
3743,8018,0.0,1.3681420409444963e-09,4,1
6785,8021,-0.0,1.3681420409444963e-09,4,1
11629,13635,0.0,1.3681420409444963e-09,4,1
13376,14082,-0.0,1.3681420409444963e-09,4,1
3687,8966,-0.0,2.7362840818889926e-09,5,1
8051,12455,0.0,1.3681420409444963e-09,4,1
7131,11623,-0.0,1.3681420409444963e-09,4,1
3492,12403,0.0,1.3681420409444963e-09,4,1
5333,11435,-0.0,1.3681420409444963e-09,4,1
3982,8341,0.0,1.3681420409444963e-09,4,1
1748,3571,0.0,1.3681420409444963e-09,6,1
1423,11460,-0.0,1.3681420409444963e-09,4,1
8607,9750,-0.0,4.104426122833489e-09,5,1
8173,13967,-0.0,2.7362840818889926e-09,5,1
13792,13968,-0.0,2.7362840818889926e-09,5,1
1748,3571,-0.0,1.3681420409444963e-09,6,1
7964,12045,0.0,1.3681420409444963e-09,4,1
3937,13008,0.0,1.3681420409444963e-09,4,1
7669,8409,-0.0,1.3681420409444963e-09,4,1
1354,3511,-0.0,8.208852245666977e-09,6,1
3916,8906,-0.0,1.3681420409444963e-09,4,1
7967,9014,-0.0,1.3681420409444963e-09,4,1
3973,13250,0.0,2.7362840818889926e-09,5,1
3968,5058,0.0,1.3681420409444963e-09,4,1
9013,11338,0.0,1.3681420409444963e-09,6,1
3963,4529,0.0,1.3681420409444963e-09,4,1
6250,7911,0.0,1.3681420409444963e-09,6,1
7967,9014,0.0,1.3681420409444963e-09,4,1
6099,6473,0.0,2.7362840818889926e-09,5,1
3622,13527,0.0,1.3681420409444963e-09,4,1
4539,7999,-0.0,9.576994286611475e-09,5,1
3889,13806,0.0,1.3681420409444963e-09,4,1
11696,12981,0.0,1.3681420409444963e-09,4,1
1446,11691,-0.0,1.3681420409444963e-09,4,1
7404,9001,-0.0,1.3681420409444963e-09,4,1
9672,10680,0.0,1.3681420409444963e-09,4,1
8072,10331,0.0,1.3681420409444963e-09,4,1
4789,9339,-0.0,1.3681420409444963e-09,4,1
7995,11239,0.0,1.3681420409444963e-09,4,1
3937,13008,-0.0,1.3681420409444963e-09,4,1
10948,11711,-0.0,1.3681420409444963e-09,4,1
7914,7972,-0.0,1.3681420409444963e-09,4,1
5102,8725,0.0,1.3681420409444963e-09,4,1
3858,7974,-0.0,1.3681420409444963e-09,4,1
7044,12743,0.0,1.3681420409444963e-09,4,1
3916,8906,0.0,1.3681420409444963e-09,4,1
13004,14006,0.0,1.3681420409444963e-09,4,1
13004,14006,-0.0,1.3681420409444963e-09,4,1
7590,10311,0.0,2.7362840818889926e-09,5,1
6852,13696,-0.0,1.3681420409444963e-09,4,1
4853,8110,-0.0,1.3681420409444963e-09,4,1
4563,12377,0.0,1.3681420409444963e-09,4,1
2075,7495,0.0,1.3681420409444963e-09,4,1
3492,12403,-0.0,1.3681420409444963e-09,4,1
4558,11862,0.0,1.3681420409444963e-09,4,1
4580,13498,-0.0,1.3681420409444963e-09,4,1
4548,9873,0.0,2.7362840818889926e-09,5,1
8072,10331,-0.0,1.3681420409444963e-09,4,1
10686,12328,0.0,1.3681420409444963e-09,4,1
10186,10685,-0.0,2.7362840818889926e-09,5,1
9672,10680,-0.0,1.3681420409444963e-09,4,1
4420,10968,-0.0,4.104426122833489e-09,5,1
10140,12637,0.0,1.3681420409444963e-09,4,1
10139,10208,0.0,1.3681420409444963e-09,4,1
3144,5595,-0.0,1.3681420409444963e-09,4,1
2748,13255,-0.0,1.3681420409444963e-09,4,1
4539,7999,0.0,9.576994286611475e-09,5,1
1720,2651,-0.0,1.3681420409444963e-09,4,1
10976,13843,0.0,1.3681420409444963e-09,4,1
1909,2628,-0.0,1.3681420409444963e-09,4,1
5572,13483,-0.0,1.3681420409444963e-09,4,1
5560,7361,0.0,1.3681420409444963e-09,4,1
7669,8409,0.0,1.3681420409444963e-09,4,1
3397,9202,-0.0,1.3681420409444963e-09,4,1
8370,8552,-0.0,1.3681420409444963e-09,4,1
1064,8058,0.0,1.3681420409444963e-09,6,1
8051,12455,-0.0,1.3681420409444963e-09,4,1
6747,9990,0.0,1.3681420409444963e-09,4,1
9557,12453,-0.0,1.3681420409444963e-09,4,1
10924,14046,0.0,1.3681420409444963e-09,4,1
2595,4683,0.0,5.472568163777985e-09,6,1
5642,7781,-0.0,2.7362840818889926e-09,5,1
5468,10949,-0.0,1.3681420409444963e-09,4,1
5753,13261,-0.0,1.3681420409444963e-09,4,1
4580,13498,0.0,1.3681420409444963e-09,4,1
4987,12423,-0.0,1.3681420409444963e-09,4,1
7838,12421,-0.0,1.3681420409444963e-09,4,1
8647,10944,-0.0,1.3681420409444963e-09,4,1
5572,13483,0.0,1.3681420409444963e-09,4,1
5573,12527,0.0,2.0522130614167445e-08,6,1
2075,7495,-0.0,1.3681420409444963e-09,4,1
7107,13259,-0.0,1.3681420409444963e-09,4,1
10948,11711,0.0,1.3681420409444963e-09,4,1
5783,10977,-0.0,2.7362840818889926e-09,5,1
4563,12377,-0.0,1.3681420409444963e-09,4,1
8974,10539,-0.0,1.3681420409444963e-09,6,1
6785,8021,0.0,1.3681420409444963e-09,4,1
10686,12328,-0.0,1.3681420409444963e-09,4,1
5642,7781,0.0,2.7362840818889926e-09,5,1
5652,8252,0.0,1.3681420409444963e-09,6,1
9796,12315,-0.0,1.3681420409444963e-09,4,1
2043,10259,0.0,1.3681420409444963e-09,6,1
8741,13280,0.0,1.3681420409444963e-09,4,1
871,12864,0.0,1.3681420409444963e-09,4,1
9098,12311,-0.0,1.3681420409444963e-09,4,1
9471,12140,0.0,1.3681420409444963e-09,6,1
4475,10317,0.0,1.3681420409444963e-09,4,1
8441,13586,-0.0,1.504956245038946e-08,5,1
6384,11354,0.0,5.472568163777985e-09,5,1
2748,13255,0.0,1.3681420409444963e-09,4,1
5330,11047,-0.0,1.3681420409444963e-09,4,1
2753,5847,0.0,1.3681420409444963e-09,4,1
2525,12292,-0.0,1.3681420409444963e-09,4,1
906,4446,-0.0,1.3681420409444963e-09,4,1
3215,10662,-0.0,6.840710204722482e-09,5,1
2711,4634,0.0,1.3681420409444963e-09,4,1
5627,9180,-0.0,1.3681420409444963e-09,4,1
10122,12055,0.0,2.7362840818889926e-09,5,1
3963,4529,-0.0,1.3681420409444963e-09,4,1
3973,13250,-0.0,2.7362840818889926e-09,5,1
2668,12597,0.0,1.3681420409444963e-09,4,1
4516,11776,0.0,1.915398857322295e-08,6,1
6771,11317,0.0,1.3681420409444963e-09,4,1
3622,13527,-0.0,1.3681420409444963e-09,4,1
8537,12018,0.0,1.3681420409444963e-09,4,1
5652,8252,-0.0,1.3681420409444963e-09,6,1
4502,7383,0.0,1.3681420409444963e-09,4,1
906,4446,0.0,1.3681420409444963e-09,4,1
5102,8725,-0.0,1.3681420409444963e-09,4,1
10590,13542,-0.0,2.7362840818889926e-09,5,1
11121,12344,-0.0,1.3681420409444963e-09,4,1
6402,10360,0.0,1.3681420409444963e-09,4,1
5627,9180,0.0,1.3681420409444963e-09,4,1
4498,13344,0.0,1.3681420409444963e-09,4,1
8727,9971,0.0,1.3681420409444963e-09,4,1
4490,13356,0.0,1.3681420409444963e-09,4,1
7500,9223,0.0,1.3681420409444963e-09,6,1
4906,9561,0.0,1.3681420409444963e-09,4,1
11116,13554,-0.0,1.3681420409444963e-09,4,1
9992,13555,-0.0,1.3681420409444963e-09,4,1
3094,7778,-0.0,1.3681420409444963e-09,4,1
3713,6426,-0.0,1.3681420409444963e-09,4,1
7378,13347,-0.0,1.3681420409444963e-09,4,1
2043,10259,-0.0,1.3681420409444963e-09,6,1
416,2274,-0.0,1.3681420409444963e-09,4,1
1265,4670,0.0,1.3681420409444963e-09,4,1
10767,12570,0.0,1.3681420409444963e-09,6,1
1264,6482,0.0,1.3681420409444963e-09,4,1
6099,6473,-0.0,2.7362840818889926e-09,5,1
4490,13356,-0.0,1.3681420409444963e-09,4,1
10778,13038,0.0,1.3681420409444963e-09,4,1
4789,9339,0.0,1.3681420409444963e-09,4,1
4498,13344,-0.0,1.3681420409444963e-09,4,1
1483,6707,-0.0,1.3681420409444963e-09,4,1
8607,9750,0.0,4.104426122833489e-09,5,1
2321,5787,0.0,1.3681420409444963e-09,4,1
9249,10401,0.0,1.3681420409444963e-09,4,1
7044,12743,-0.0,1.3681420409444963e-09,4,1
4756,6674,-0.0,3.83079771464459e-08,5,1
4756,6674,0.0,3.83079771464459e-08,5,1
4853,8110,0.0,1.3681420409444963e-09,4,1
5452,13721,0.0,1.3681420409444963e-09,4,1
1225,9859,0.0,1.3681420409444963e-09,4,1
4630,10800,-0.0,1.3681420409444963e-09,4,1
6711,8764,0.0,1.3681420409444963e-09,6,1
1270,11532,0.0,1.3681420409444963e-09,4,1
4835,12202,0.0,3.963115310109793e-06,6,1
6681,9889,0.0,1.3681420409444963e-09,4,1
7693,7835,0.0,1.3681420409444963e-09,4,1
2175,6970,0.0,1.3681420409444963e-09,4,1
5734,8342,-0.0,2.7362840818889926e-09,5,1
3982,8341,-0.0,1.3681420409444963e-09,4,1
12708,14110,0.0,1.3681420409444963e-09,4,1
9089,9270,-0.0,1.3681420409444963e-09,4,1
1264,6482,-0.0,1.3681420409444963e-09,4,1
9556,10264,-0.0,1.3681420409444963e-09,4,1
9264,13920,0.0,1.3681420409444963e-09,4,1
10140,12637,-0.0,1.3681420409444963e-09,4,1
13376,14082,0.0,1.3681420409444963e-09,4,1
2512,3295,0.0,5.7461965719668845e-08,6,1
8865,10714,-0.0,1.3681420409444963e-09,4,1
7380,13228,0.0,1.3681420409444963e-09,4,1
7378,13347,0.0,1.3681420409444963e-09,4,1
5573,12527,-0.0,2.0522130614167445e-08,6,1
7590,10311,-0.0,2.7362840818889926e-09,5,1
7923,12515,-0.0,1.3681420409444963e-09,4,1
8741,13280,-0.0,1.3681420409444963e-09,4,1
9211,13802,0.0,2.7362840818889926e-09,5,1
476,6670,-0.0,5.472568163777985e-09,5,1
4194,10902,-0.0,1.3681420409444963e-09,4,1
7482,11261,0.0,1.3681420409444963e-09,4,1
2525,12292,0.0,1.3681420409444963e-09,4,1
4475,10317,-0.0,1.3681420409444963e-09,4,1
2711,4634,-0.0,1.3681420409444963e-09,4,1
4630,10800,0.0,1.3681420409444963e-09,4,1
5560,7361,-0.0,1.3681420409444963e-09,4,1
10186,10685,0.0,2.7362840818889926e-09,5,1
4502,7383,-0.0,1.3681420409444963e-09,4,1
1354,3511,0.0,8.208852245666977e-09,6,1
5046,10881,-0.0,1.3681420409444963e-09,4,1
5468,10949,0.0,1.3681420409444963e-09,4,1
2668,12597,-0.0,1.3681420409444963e-09,4,1
2373,6304,0.0,1.3681420409444963e-09,4,1
1341,2421,0.0,1.3681420409444963e-09,4,1
11084,12590,-0.0,1.3681420409444963e-09,4,1
10767,12570,-0.0,1.3681420409444963e-09,6,1
7500,9223,-0.0,1.3681420409444963e-09,6,1
7404,9001,0.0,1.3681420409444963e-09,4,1
1341,2421,-0.0,1.3681420409444963e-09,4,1
2595,4683,-0.0,5.472568163777985e-09,6,1
8295,13154,0.0,2.7362840818889926e-09,5,1
1448,2432,-0.0,1.3681420409444963e-09,4,1
8424,12555,-0.0,2.7362840818889926e-09,5,1
6844,10874,-0.0,1.3681420409444963e-09,4,1
1265,4670,-0.0,1.3681420409444963e-09,4,1
8647,10944,0.0,1.3681420409444963e-09,4,1
10139,10208,-0.0,1.3681420409444963e-09,4,1
5709,11060,-0.0,1.3681420409444963e-09,4,1
6292,10065,-0.0,2.7362840818889926e-09,5,1
515,8450,0.0,1.3681420409444963e-09,4,1
9211,13802,-0.0,2.7362840818889926e-09,5,1
3889,13806,-0.0,1.3681420409444963e-09,4,1
7923,12515,0.0,1.3681420409444963e-09,4,1
11930,13099,0.0,1.3681420409444963e-09,4,1
7131,11623,0.0,1.3681420409444963e-09,4,1
476,6670,0.0,5.472568163777985e-09,5,1
6771,11317,-0.0,1.3681420409444963e-09,4,1
13792,13968,0.0,2.7362840818889926e-09,5,1
7556,10555,0.0,5.472568163777985e-09,5,1
4123,7947,0.0,1.3681420409444963e-09,4,1
8864,9760,0.0,1.3681420409444963e-09,4,1
2512,3295,-0.0,5.7461965719668845e-08,6,1
7573,12954,-0.0,2.7362840818889926e-09,5,1
9533,11917,-0.0,1.3681420409444963e-09,6,1
8865,10714,0.0,1.3681420409444963e-09,4,1
3326,4121,-0.0,1.3681420409444963e-09,6,1
3326,4121,0.0,1.3681420409444963e-09,6,1
9013,11338,-0.0,1.3681420409444963e-09,6,1
5201,9544,-0.0,1.3681420409444963e-09,6,1
1909,2628,0.0,1.3681420409444963e-09,4,1
7946,9322,-0.0,1.3681420409444963e-09,4,1
3188,4277,0.0,1.3681420409444963e-09,4,1
10590,13542,0.0,2.7362840818889926e-09,5,1
3469,10588,-0.0,1.3681420409444963e-09,4,1
5833,9630,0.0,2.7362840818889926e-09,5,1
12000,13200,0.0,1.3681420409444963e-09,4,1
6301,11875,0.0,1.3681420409444963e-09,4,1
7482,11261,-0.0,1.3681420409444963e-09,4,1
1225,9859,-0.0,1.3681420409444963e-09,4,1
2753,5847,-0.0,1.3681420409444963e-09,4,1
3215,10662,0.0,6.840710204722482e-09,5,1
2853,13760,-0.0,1.3681420409444963e-09,4,1
6681,9889,-0.0,1.3681420409444963e-09,4,1
6250,7911,-0.0,1.3681420409444963e-09,6,1
7914,7972,0.0,1.3681420409444963e-09,4,1
4194,10902,0.0,1.3681420409444963e-09,4,1
4548,9873,-0.0,2.7362840818889926e-09,5,1
6292,10065,0.0,2.7362840818889926e-09,5,1
11166,11963,-0.0,1.3681420409444963e-09,4,1
837,4110,-0.0,1.3681420409444963e-09,4,1
9249,10401,-0.0,1.3681420409444963e-09,4,1
5983,7624,0.0,1.3681420409444963e-09,4,1
4906,9561,-0.0,1.3681420409444963e-09,4,1
9796,12315,0.0,1.3681420409444963e-09,4,1
3436,8123,-0.0,9.576994286611475e-09,5,1
9039,11076,0.0,1.3681420409444963e-09,4,1
3435,11634,0.0,1.3681420409444963e-09,4,1
3436,8123,0.0,9.576994286611475e-09,5,1
7556,10555,-0.0,5.472568163777985e-09,5,1
5777,9841,-0.0,1.3681420409444963e-09,4,1
7946,9322,0.0,1.3681420409444963e-09,4,1
3968,5058,-0.0,1.3681420409444963e-09,4,1
13915,13917,0.0,1.3681420409444963e-09,4,1
11696,12981,-0.0,1.3681420409444963e-09,4,1
13915,13917,-0.0,1.3681420409444963e-09,4,1
6004,11886,0.0,1.3681420409444963e-09,4,1
9264,13920,-0.0,1.3681420409444963e-09,4,1
7573,12954,0.0,2.7362840818889926e-09,5,1
5063,6326,0.0,1.3681420409444963e-09,4,1
4123,7947,-0.0,1.3681420409444963e-09,4,1
3469,10588,0.0,1.3681420409444963e-09,4,1
3399,8379,0.0,2.7362840818889926e-09,5,1
11205,11373,-0.0,1.3681420409444963e-09,6,1
3397,9202,0.0,1.3681420409444963e-09,4,1
12192,13835,-0.0,1.3681420409444963e-09,4,1
10976,13843,-0.0,1.3681420409444963e-09,4,1
7016,9831,-0.0,1.3681420409444963e-09,4,1
6384,11354,-0.0,5.472568163777985e-09,5,1
8295,13154,-0.0,2.7362840818889926e-09,5,1
6004,11886,-0.0,1.3681420409444963e-09,4,1
1989,8876,-0.0,4.104426122833489e-09,5,1
416,2274,0.0,1.3681420409444963e-09,4,1
413,7867,0.0,1.3681420409444963e-09,4,1
6301,11875,-0.0,1.3681420409444963e-09,4,1
7107,13259,0.0,1.3681420409444963e-09,4,1
4558,11862,-0.0,1.3681420409444963e-09,4,1
9556,10264,0.0,1.3681420409444963e-09,4,1
5046,10881,0.0,1.3681420409444963e-09,4,1
9557,12453,0.0,1.3681420409444963e-09,4,1
8173,13967,0.0,2.7362840818889926e-09,5,1
11247,13707,0.0,1.3681420409444963e-09,4,1
6844,10874,0.0,1.3681420409444963e-09,4,1
11116,13554,0.0,1.3681420409444963e-09,4,1
5709,11060,0.0,1.3681420409444963e-09,4,1
13645,13646,0.0,1.3681420409444963e-09,4,1
13645,13646,-0.0,1.3681420409444963e-09,4,1
4835,12202,-0.0,3.963115310109793e-06,6,1
1446,11691,0.0,1.3681420409444963e-09,4,1
1448,2432,0.0,1.3681420409444963e-09,4,1
12192,13835,0.0,1.3681420409444963e-09,4,1
7693,7835,-0.0,1.3681420409444963e-09,4,1
11121,12344,0.0,1.3681420409444963e-09,4,1
7838,12421,0.0,1.3681420409444963e-09,4,1
871,12864,-0.0,1.3681420409444963e-09,4,1
6852,13696,0.0,1.3681420409444963e-09,4,1
4231,7845,-0.0,1.3681420409444963e-09,4,1
1989,8876,0.0,4.104426122833489e-09,5,1
5734,8342,0.0,2.7362840818889926e-09,5,1
1959,1973,-0.0,1.3681420409444963e-09,4,1
9471,12140,-0.0,1.3681420409444963e-09,6,1
1458,1945,0.0,1.3681420409444963e-09,6,1
11629,13635,-0.0,1.3681420409444963e-09,4,1
7865,9491,-0.0,1.3681420409444963e-09,4,1
8370,8552,0.0,1.3681420409444963e-09,4,1
837,4110,0.0,1.3681420409444963e-09,4,1
4420,10968,0.0,4.104426122833489e-09,5,1
6711,8764,-0.0,1.3681420409444963e-09,6,1
9039,11076,-0.0,1.3681420409444963e-09,4,1
7380,13228,-0.0,1.3681420409444963e-09,4,1
4408,6136,0.0,1.3681420409444963e-09,4,1
11084,12590,0.0,1.3681420409444963e-09,4,1
1423,11460,0.0,1.3681420409444963e-09,4,1
13224,13686,0.0,2.7362840818889926e-09,5,1
6592,12850,-0.0,1.3681420409444963e-09,4,1
2853,13760,0.0,1.3681420409444963e-09,4,1
3155,4922,-0.0,1.3681420409444963e-09,4,1
5333,11435,0.0,1.3681420409444963e-09,4,1
5330,11047,0.0,1.3681420409444963e-09,4,1
9089,9270,0.0,1.3681420409444963e-09,4,1
5783,10977,0.0,2.7362840818889926e-09,5,1
11205,11373,0.0,1.3681420409444963e-09,6,1
2321,5787,-0.0,1.3681420409444963e-09,4,1
3094,7778,0.0,1.3681420409444963e-09,4,1
4384,13195,-0.0,1.3681420409444963e-09,4,1
5452,13721,-0.0,1.3681420409444963e-09,4,1
3188,4277,-0.0,1.3681420409444963e-09,4,1
1483,6707,0.0,1.3681420409444963e-09,4,1
10122,12055,-0.0,2.7362840818889926e-09,5,1
9098,12311,0.0,1.3681420409444963e-09,4,1
3704,12913,-0.0,1.3681420409444963e-09,4,1
7964,12045,-0.0,1.3681420409444963e-09,4,1
3144,5595,0.0,1.3681420409444963e-09,4,1
7995,11239,-0.0,1.3681420409444963e-09,4,1
3155,4922,0.0,1.3681420409444963e-09,4,1
2373,6304,-0.0,1.3681420409444963e-09,4,1
8537,12018,-0.0,1.3681420409444963e-09,4,1
4231,7845,0.0,1.3681420409444963e-09,4,1
9533,11917,0.0,1.3681420409444963e-09,6,1
11247,13707,-0.0,1.3681420409444963e-09,4,1
1738,5306,-0.0,1.3681420409444963e-09,6,1
9992,13555,0.0,1.3681420409444963e-09,4,1
5753,13261,0.0,1.3681420409444963e-09,4,1
6747,9990,-0.0,1.3681420409444963e-09,4,1
13224,13686,-0.0,2.7362840818889926e-09,5,1
8205,10409,0.0,5.472568163777985e-09,6,1
5063,6326,-0.0,1.3681420409444963e-09,4,1
7865,9491,0.0,1.3681420409444963e-09,4,1
11166,11963,0.0,1.3681420409444963e-09,4,1
8449,9381,-0.0,5.472568163777985e-09,5,1
3399,8379,-0.0,2.7362840818889926e-09,5,1
413,7867,-0.0,1.3681420409444963e-09,4,1
8727,9971,-0.0,1.3681420409444963e-09,4,1
5777,9841,0.0,1.3681420409444963e-09,4,1
3060,3784,0.0,1.3681420409444963e-09,4,1
6402,10360,-0.0,1.3681420409444963e-09,4,1
1959,1973,0.0,1.3681420409444963e-09,4,1
12000,13200,-0.0,1.3681420409444963e-09,4,1
1458,1945,-0.0,1.3681420409444963e-09,6,1
4987,12423,0.0,1.3681420409444963e-09,4,1
4384,13195,0.0,1.3681420409444963e-09,4,1
