{
    "KS_statistic": 0.24900194741966894,
    "p_value": 3.3273675692931946e-11
}