{
    "KS_statistic": 0.15219470657537124,
    "p_value": 1.2331068860723028e-08
}