{
    "observed_skl": 0.33962221247885827,
    "p_value": 0.43356643356643354,
    "optimal_k": 8,
    "k_candidates": [
        8,
        9,
        10,
        11,
        12,
        13,
        14,
        15,
        16,
        17,
        18,
        19,
        20,
        21,
        23,
        24
    ],
    "#class1": 246,
    "#class2": 332
}