{
    "color": 2,
    "n_samples": 894,
    "observed_kl": 0.18370767468219046,
    "p_value": 0.7312687312687313,
    "optimal_k_marginal": 8,
    "optimal_k_joint": 8,
    "k_candidates_marginal": [
        8,
        10,
        11,
        13,
        16,
        19,
        23,
        27,
        32,
        38,
        45,
        53,
        63,
        75,
        89,
        106,
        126,
        150,
        178,
        212
    ],
    "k_candidates_joint": [
        8,
        9,
        10,
        11,
        12,
        13,
        14,
        15,
        16,
        17,
        18,
        19,
        21,
        22,
        24,
        25,
        27,
        29
    ]
}