{
    "KS_statistic": 0.03187678123129428,
    "p_value": 0.7969511385920238
}