{
    "KS_statistic": 0.13629047990635973,
    "p_value": 0.0427295407022126
}