{
    "KS_statistic": 0.04472007431539558,
    "p_value": 0.38054488410823706
}