{
    "KS_statistic": 0.05893548117289883,
    "p_value": 0.11586369136845204
}