{
    "KS_statistic": 0.04426470782446137,
    "p_value": 0.3943756169941688
}