{
    "KS_statistic": 0.2070272048342491,
    "p_value": 3.132425059901635e-15
}