{
    "KS_statistic": 0.12874947190536545,
    "p_value": 0.0023010036639788604
}