{
    "KS_statistic": 0.11298076923076923,
    "p_value": 0.1464496926868891
}