{
    "KS_statistic": 0.07220542333203278,
    "p_value": 0.6375673571875246
}