{
    "KS_statistic": 0.10144230769230769,
    "p_value": 0.24103458455550364
}