{
    "KS_statistic": 0.15036090518923137,
    "p_value": 0.018755984200783258
}