{
    "KS_statistic": 0.045755556566411004,
    "p_value": 0.35427003825769005
}