{
    "KS_statistic": 0.18042059803783506,
    "p_value": 3.473386499976999e-06
}