{
    "KS_statistic": 0.04276134122287968,
    "p_value": 0.8425441732696004
}