{
    "KS_statistic": 0.061823266925021755,
    "p_value": 0.08726737396452683
}