{
    "KS_statistic": 0.04664927499977665,
    "p_value": 0.3376255343695595
}