{
    "KS_statistic": 0.04833930427376389,
    "p_value": 0.2971182070920132
}