{
    "KS_statistic": 0.08269230769230769,
    "p_value": 0.47864083810122604
}