{
    "KS_statistic": 0.07181453515809344,
    "p_value": 0.23793854644294052
}