{
    "KS_statistic": 0.043738797084952444,
    "p_value": 0.40782411462235896
}