{
    "KS_statistic": 0.14578870496592017,
    "p_value": 0.00040751404313342016
}