{
    "KS_statistic": 0.17546824390930854,
    "p_value": 7.116166131825091e-06
}