{
    "observed_skl": 0.38106107415363133,
    "p_value": 0.22477522477522477,
    "optimal_k": 8,
    "k_candidates": [
        8,
        9,
        10,
        11,
        12,
        13,
        14,
        15,
        16
    ],
    "#class1": 126,
    "#class2": 159
}