{
    "KS_statistic": 0.1944255111976631,
    "p_value": 5.518414262763164e-07
}