{
    "KS_statistic": 0.07211538461538461,
    "p_value": 0.6509183291887737
}