{
    "KS_statistic": 0.06401604530438887,
    "p_value": 0.3646067250816111
}