{
    "KS_statistic": 0.04377607334506252,
    "p_value": 0.4080831814256713
}