{
    "KS_statistic": 0.039086833411986786,
    "p_value": 0.903863020808839
}