{
    "observed_skl": 0.10081799296895202,
    "p_value": 0.8901098901098901,
    "optimal_k": 15,
    "k_candidates": [
        8,
        9,
        10,
        11,
        12,
        13,
        14,
        15,
        16
    ],
    "#class1": 126,
    "#class2": 159
}