{
    "KS_statistic": 0.05721153846153846,
    "p_value": 0.8805259909715352
}