{
    "KS_statistic": 0.05901619325491838,
    "p_value": 0.11426386391206458
}