{
    "KS_statistic": 0.047274657857479946,
    "p_value": 0.7381299974847723
}