{
    "KS_statistic": 0.1214116576654341,
    "p_value": 1.1873405256247925e-05
}