{
    "observed_skl": 0.1667955327091305,
    "p_value": 0.25574425574425574,
    "optimal_k": 17,
    "k_candidates": [
        8,
        9,
        10,
        11,
        12,
        13,
        14,
        15,
        16,
        17
    ],
    "#class1": 124,
    "#class2": 168
}