{
    "KS_statistic": 0.03169307392724593,
    "p_value": 0.7964541618897866
}