{
    "KS_statistic": 0.16313324545952945,
    "p_value": 7.364436289170793e-10
}