{
    "KS_statistic": 0.049329497636937045,
    "p_value": 0.27504047646267543
}