{
    "KS_statistic": 0.06224892129147448,
    "p_value": 0.4164085781161635
}