{
    "color": 0,
    "n_samples": 1800,
    "observed_kl": 0.17597324184765611,
    "p_value": 0.007992007992007992,
    "optimal_k_marginal": 8,
    "optimal_k_joint": 8,
    "k_candidates_marginal": [
        8,
        10,
        12,
        14,
        17,
        21,
        25,
        30,
        37,
        45,
        54,
        65,
        79,
        96,
        116,
        140,
        169,
        205,
        248,
        300
    ],
    "k_candidates_joint": [
        8,
        9,
        10,
        11,
        12,
        14,
        15,
        16,
        18,
        19,
        21,
        23,
        25,
        27,
        30,
        32,
        35,
        38,
        42
    ]
}