{
    "KS_statistic": 0.10043567520908911,
    "p_value": 0.0005260296011677505
}