{
    "KS_statistic": 0.2370554695971053,
    "p_value": 7.185665708787284e-20
}