{
    "KS_statistic": 0.10856015779092702,
    "p_value": 0.017107933213438033
}