{
    "KS_statistic": 0.08323471400394478,
    "p_value": 0.12005090848571257
}