{
    "KS_statistic": 0.058173076923076925,
    "p_value": 0.868275115419246
}