{
    "KS_statistic": 0.0800104151167981,
    "p_value": 0.15459751725050916
}