{
    "KS_statistic": 0.18461538461538463,
    "p_value": 2.4399171922171647e-06
}