{
    "KS_statistic": 0.14186564639736846,
    "p_value": 1.471347283413348e-07
}