{
    "KS_statistic": 0.09535411397113525,
    "p_value": 0.053546244935074705
}