{
    "KS_statistic": 0.1370714693977534,
    "p_value": 4.380124771653403e-07
}