{
    "KS_statistic": 0.2043728146586908,
    "p_value": 7.495507263784103e-15
}