{
    "KS_statistic": 0.07313591316658802,
    "p_value": 0.2201845015567814
}