{
    "KS_statistic": 0.16519973712622635,
    "p_value": 2.9564172282800056e-05
}