{
    "KS_statistic": 0.08683671478735856,
    "p_value": 0.40609174558778594
}