{
    "KS_statistic": 0.054400660689004246,
    "p_value": 0.5693232359989491
}