{
    "KS_statistic": 0.03284481475970838,
    "p_value": 0.9787822868148186
}