{
    "observed_skl": 0.2540214599694152,
    "p_value": 0.36563436563436563,
    "optimal_k": 10,
    "k_candidates": [
        8,
        9,
        10,
        11,
        12,
        13,
        14,
        15,
        16
    ],
    "#class1": 126,
    "#class2": 159
}