{
    "color": 0,
    "n_samples": 1798,
    "observed_kl": 0.1292766767100134,
    "p_value": 0.7222777222777222,
    "optimal_k_marginal": 8,
    "optimal_k_joint": 8,
    "k_candidates_marginal": [
        8,
        10,
        12,
        14,
        17,
        21,
        25,
        30,
        37,
        44,
        54,
        65,
        79,
        95,
        115,
        140,
        169,
        204,
        247,
        299
    ],
    "k_candidates_joint": [
        8,
        9,
        10,
        11,
        12,
        14,
        15,
        16,
        18,
        19,
        21,
        23,
        25,
        27,
        30,
        32,
        35,
        38,
        42
    ]
}