{
    "KS_statistic": 0.08805598907530238,
    "p_value": 0.3891904745397567
}