{
    "KS_statistic": 0.0421301775147929,
    "p_value": 0.8548544687460069
}