{
    "KS_statistic": 0.04402366863905326,
    "p_value": 0.8167825622145004
}