{
    "KS_statistic": 0.11312960615875699,
    "p_value": 0.010674507909410127
}