{
    "KS_statistic": 0.16857954278740084,
    "p_value": 1.867418046362564e-05
}