{
    "KS_statistic": 0.031896295194167534,
    "p_value": 0.9841699396984505
}