{
    "KS_statistic": 0.10090729783037475,
    "p_value": 0.03253761850224635
}