{
    "KS_statistic": 0.24703798686663175,
    "p_value": 1.4792627834835704e-21
}