{
    "KS_statistic": 0.07836538461538461,
    "p_value": 0.5470993898509824
}