{
    "KS_statistic": 0.14973929475440048,
    "p_value": 2.2585804205282926e-08
}