{
    "KS_statistic": 0.2512414800389484,
    "p_value": 2.1180345396781496e-11
}