{
    "observed_skl": 0.13670551617279944,
    "p_value": 0.48151848151848153,
    "optimal_k": 16,
    "k_candidates": [
        8,
        9,
        10,
        11,
        12,
        13,
        14,
        15,
        16
    ],
    "#class1": 126,
    "#class2": 159
}