{
    "KS_statistic": 0.03993081386698408,
    "p_value": 0.8994104618605948
}