{
    "KS_statistic": 0.09677880297215645,
    "p_value": 0.0009462260110678151
}