{
    "KS_statistic": 0.06459219564161522,
    "p_value": 0.06566266205360927
}