{
    "observed_skl": 0.1320535884000648,
    "p_value": 0.8421578421578422,
    "optimal_k": 13,
    "k_candidates": [
        8,
        9,
        10,
        11,
        12,
        13,
        14,
        15,
        16,
        17
    ],
    "#class1": 124,
    "#class2": 168
}