{
    "KS_statistic": 0.04039373203717514,
    "p_value": 0.508865091156124
}