{
    "KS_statistic": 0.044935421524570196,
    "p_value": 0.38235151621355656
}