{
    "KS_statistic": 0.12405529737595644,
    "p_value": 0.0037264354745940283
}