{
    "KS_statistic": 0.08875392338270058,
    "p_value": 0.003238335919243697
}