{
    "KS_statistic": 0.0851541162699961,
    "p_value": 0.43035356990376145
}