{
    "KS_statistic": 0.15535540408958132,
    "p_value": 0.00012927871991792197
}