{
    "KS_statistic": 0.11143970332816974,
    "p_value": 0.012449541506156939
}