{
    "KS_statistic": 0.1540431135388217,
    "p_value": 0.014911224417563035
}