{
    "KS_statistic": 0.04898523971703221,
    "p_value": 0.27692305712894355
}