{
    "KS_statistic": 0.14229723897397614,
    "p_value": 1.3308400704554896e-07
}