{
    "KS_statistic": 0.0511090136857008,
    "p_value": 0.6473662494226935
}