{
    "KS_statistic": 0.1038125955044384,
    "p_value": 0.0002998820609412884
}