{
    "KS_statistic": 0.0713519313304721,
    "p_value": 0.6523306801503473
}