{
    "observed_skl": 0.28628593307239536,
    "p_value": 0.33966033966033965,
    "optimal_k": 9,
    "k_candidates": [
        8,
        9,
        10,
        11,
        12,
        13,
        14,
        15,
        16,
        17,
        18,
        20,
        22,
        23,
        25,
        27,
        29,
        32,
        34
    ],
    "#class1": 524,
    "#class2": 668
}