{
    "KS_statistic": 0.176264741219424,
    "p_value": 1.9227465141201774e-11
}