{
    "KS_statistic": 0.06490384615384616,
    "p_value": 0.7699387465584717
}