{
    "KS_statistic": 0.06351084812623274,
    "p_value": 0.38164925587029636
}