{
    "KS_statistic": 0.03421822733358629,
    "p_value": 0.7148136827183103
}