{
    "KS_statistic": 0.13125,
    "p_value": 0.05955597791198616
}