{
    "KS_statistic": 0.062069136537221646,
    "p_value": 0.42006035153971466
}