{
    "KS_statistic": 0.03874469089193015,
    "p_value": 0.9093020167598995
}