{
    "KS_statistic": 0.03894230769230769,
    "p_value": 0.9966264921830529
}