{
    "KS_statistic": 0.23678188899707886,
    "p_value": 3.631306239057777e-10
}