{
    "KS_statistic": 0.053352675693101224,
    "p_value": 0.6120197024844571
}