{
    "KS_statistic": 0.06181495809155384,
    "p_value": 0.4250199199333013
}