{
    "KS_statistic": 0.21713155297815573,
    "p_value": 1.0150943592608378e-16
}