{
    "KS_statistic": 0.17001560671088567,
    "p_value": 0.005173399373037692
}