{
    "KS_statistic": 0.03057223726847309,
    "p_value": 0.8301916368412389
}