{
    "KS_statistic": 0.10422356613343738,
    "p_value": 0.2069047817384858
}