{
    "KS_statistic": 0.042796770943727025,
    "p_value": 0.4350572232203157
}