{
    "KS_statistic": 0.04297439196171451,
    "p_value": 0.43777142155506926
}