{
    "KS_statistic": 0.03919439319996686,
    "p_value": 0.5476378850114545
}