{
    "observed_skl": 0.1823350619252183,
    "p_value": 0.23776223776223776,
    "optimal_k": 15,
    "k_candidates": [
        8,
        9,
        10,
        11,
        12,
        13,
        14,
        15,
        16
    ],
    "#class1": 126,
    "#class2": 159
}