{
    "KS_statistic": 0.09814595660749507,
    "p_value": 0.04056279858979907
}