{
    "KS_statistic": 0.07355769230769231,
    "p_value": 0.6266975072460693
}