{
    "KS_statistic": 0.0672189349112426,
    "p_value": 0.31498700582023004
}