{
    "KS_statistic": 0.08812552695531418,
    "p_value": 0.09027089289879775
}