{
    "KS_statistic": 0.11446243394883879,
    "p_value": 4.515188533880446e-05
}