{
    "KS_statistic": 0.13777402243815426,
    "p_value": 0.0008668867267206477
}