{
    "KS_statistic": 0.21100292112950342,
    "p_value": 3.744141022658689e-08
}