{
    "KS_statistic": 0.09823980216729461,
    "p_value": 0.0007502438180977246
}