{
    "KS_statistic": 0.10678404213811939,
    "p_value": 0.18535262337233432
}