{
    "KS_statistic": 0.2076923076923077,
    "p_value": 6.519487521113534e-08
}