{
    "observed_skl": 0.4037977225744749,
    "p_value": 0.04395604395604396,
    "optimal_k": 9,
    "k_candidates": [
        8,
        9,
        10,
        11,
        12,
        13,
        14,
        15,
        16
    ],
    "#class1": 126,
    "#class2": 159
}