{
    "KS_statistic": 0.04042862189425757,
    "p_value": 0.5077350834025575
}