{
    "observed_skl": 0.41551428705041143,
    "p_value": 0.1088911088911089,
    "optimal_k": 8,
    "k_candidates": [
        8,
        9,
        10,
        11,
        12,
        13,
        14,
        15,
        16
    ],
    "#class1": 126,
    "#class2": 159
}