{
    "KS_statistic": 0.04279440227383781,
    "p_value": 0.4364915538872427
}