{
    "KS_statistic": 0.2132360107698493,
    "p_value": 3.881725692593803e-16
}