{
    "observed_skl": 0.27352306024337136,
    "p_value": 0.6873126873126874,
    "optimal_k": 8,
    "k_candidates": [
        8,
        9,
        10,
        11,
        12,
        13,
        14,
        15,
        16
    ],
    "#class1": 126,
    "#class2": 159
}