{
    "KS_statistic": 0.07289995280792827,
    "p_value": 0.22326466134286485
}