{
    "observed_skl": 0.2855037035016772,
    "p_value": 0.14185814185814186,
    "optimal_k": 10,
    "k_candidates": [
        8,
        9,
        10,
        11,
        12,
        13,
        14,
        15,
        16,
        17,
        18,
        19,
        20,
        21,
        23,
        24
    ],
    "#class1": 253,
    "#class2": 331
}