{
    "KS_statistic": 0.07232735076082715,
    "p_value": 0.6354749167789027
}