{
    "observed_skl": 0.45078649979214436,
    "p_value": 0.053946053946053944,
    "optimal_k": 8,
    "k_candidates": [
        8,
        9,
        10,
        11,
        12,
        13,
        14,
        15,
        16
    ],
    "#class1": 126,
    "#class2": 159
}