{
    "KS_statistic": 0.20132856568511592,
    "p_value": 2.008044066213473e-14
}