{
    "KS_statistic": 0.1337370323428625,
    "p_value": 0.0013520325272720454
}