{
    "KS_statistic": 0.028058820612012102,
    "p_value": 0.9965353187977551
}