{
    "KS_statistic": 0.20921559191530317,
    "p_value": 1.5130452715676728e-15
}