{
    "KS_statistic": 0.09687602685067831,
    "p_value": 0.04268321982517294
}