{
    "KS_statistic": 0.06682692307692308,
    "p_value": 0.7389666083903645
}