{
    "KS_statistic": 0.040971670046725216,
    "p_value": 0.4986542322579658
}