{
    "KS_statistic": 0.041112795326717445,
    "p_value": 0.4875296660736851
}