{
    "KS_statistic": 0.16015349950711166,
    "p_value": 5.7626771683608886e-05
}