{
    "KS_statistic": 0.05222879684418146,
    "p_value": 0.6284659158893913
}