{
    "KS_statistic": 0.22133928680206139,
    "p_value": 2.318248463084243e-17
}