{
    "KS_statistic": 0.02355320093033506,
    "p_value": 0.9750345417051945
}