{
    "KS_statistic": 0.06886461178306671,
    "p_value": 0.6942863120451884
}