{
    "KS_statistic": 0.06887615930169122,
    "p_value": 0.2970432101725859
}