{
    "KS_statistic": 0.05033607013844839,
    "p_value": 0.25380803659133844
}