{
    "KS_statistic": 0.1679088339567013,
    "p_value": 3.76048222967292e-10
}