{
    "KS_statistic": 0.07479289940828403,
    "p_value": 0.2049768173414346
}