{
    "KS_statistic": 0.047817366682397354,
    "p_value": 0.7255225774124466
}