{
    "KS_statistic": 0.28242453748782864,
    "p_value": 2.5441855140085504e-14
}