{
    "KS_statistic": 0.03154175340164923,
    "p_value": 0.8071347704710281
}