{
    "observed_skl": 0.3201595391132851,
    "p_value": 0.21178821178821178,
    "optimal_k": 9,
    "k_candidates": [
        8,
        9,
        10,
        11,
        12,
        13,
        14,
        15,
        16
    ],
    "#class1": 126,
    "#class2": 159
}