{
    "KS_statistic": 0.027205054798962864,
    "p_value": 0.9163205750292159
}