{
    "KS_statistic": 0.10015119001170503,
    "p_value": 0.24511293271066925
}