{
    "KS_statistic": 0.07009125626146903,
    "p_value": 0.2780343816941819
}