{
    "observed_skl": 0.21784859869964648,
    "p_value": 0.08191808191808192,
    "optimal_k": 15,
    "k_candidates": [
        8,
        9,
        10,
        11,
        12,
        13,
        14,
        15,
        16
    ],
    "#class1": 126,
    "#class2": 159
}