{
    "KS_statistic": 0.09254437869822485,
    "p_value": 0.06226076739860225
}