{
    "KS_statistic": 0.13229126024190402,
    "p_value": 0.05327791526115525
}