{
    "KS_statistic": 0.2058666017526777,
    "p_value": 8.826482730392629e-08
}