{
    "KS_statistic": 0.07275837659273242,
    "p_value": 0.22512820062857758
}