{
    "KS_statistic": 0.04146828348956009,
    "p_value": 0.8732472188465041
}