{
    "KS_statistic": 0.04181217555450684,
    "p_value": 0.855792886516761
}