{
    "KS_statistic": 0.0827748938178386,
    "p_value": 0.11963526941407766
}